v 1.1230837344555768e-06 0.0021359983365982775 0.02249997667968273
v 1.1230837344555768e-06 0.012136003933846954 0.02249997667968273
v 0.00538572482764721 0.0021359983365982775 0.021846173331141472
v 0.00538572482764721 0.012136003933846954 0.021846173331141472
v 0.00538572482764721 0.0021359983365982775 0.021846173331141472
v 0.00538572482764721 0.012136003933846954 0.021846173331141472
v 0.010457394644618036 0.0021359983365982775 0.019922791048884392
v 0.010457394644618036 0.012136003933846954 0.019922791048884392
v 0.010457394644618036 0.0021359983365982775 0.019922791048884392
v 0.010457394644618036 0.012136003933846954 0.019922791048884392
v 0.014921380206942562 0.0021359983365982775 0.016841469332575798
v 0.014921380206942562 0.012136003933846954 0.016841469332575798
v 0.014921380206942562 0.0021359983365982775 0.016841469332575798
v 0.014921380206942562 0.012136003933846954 0.016841469332575798
v 0.018518259748816494 0.0021359983365982775 0.012781438417732716
v 0.018518259748816494 0.012136003933846954 0.012781438417732716
v 0.018518259748816494 0.0021359983365982775 0.012781438417732716
v 0.018518259748816494 0.012136003933846954 0.012781438417732716
v 0.02103899233043194 0.0021359983365982775 0.00797861535102129
v 0.02103899233043194 0.012136003933846954 0.00797861535102129
v 0.02103899233043194 0.0021359983365982775 0.00797861535102129
v 0.02103899233043194 0.012136003933846954 0.00797861535102129
v 0.022337077185511593 0.0021359983365982775 0.0027120683807879686
v 0.022337077185511593 0.012136003933846954 0.0027120683807879686
v 0.022337077185511593 0.0021359983365982775 0.0027120683807879686
v 0.022337077185511593 0.012136003933846954 0.0027120683807879686
v 0.022337077185511593 0.0021359983365982775 -0.002712073503062129
v 0.022337077185511593 0.012136003933846954 -0.002712073503062129
v 0.022337077185511593 0.0021359983365982775 -0.002712073503062129
v 0.022337077185511593 0.012136003933846954 -0.002712073503062129
v 0.02103899233043194 0.0021359983365982775 -0.007978620938956738
v 0.02103899233043194 0.012136003933846954 -0.007978620938956738
v 0.02103899233043194 0.0021359983365982775 -0.007978620938956738
v 0.02103899233043194 0.012136003933846954 -0.007978620938956738
v 0.018518259748816494 0.0021359983365982775 -0.012781444005668163
v 0.018518259748816494 0.012136003933846954 -0.012781444005668163
v 0.018518259748816494 0.0021359983365982775 -0.012781444005668163
v 0.018518259748816494 0.012136003933846954 -0.012781444005668163
v 0.014921380206942562 0.0021359983365982775 -0.016841473057866096
v 0.014921380206942562 0.012136003933846954 -0.016841473057866096
v 0.014921380206942562 0.0021359983365982775 -0.016841473057866096
v 0.014921380206942562 0.012136003933846954 -0.016841473057866096
v 0.010457394644618036 0.0021359983365982775 -0.019922735169529915
v 0.010457394644618036 0.012136003933846954 -0.019922735169529915
v 0.010457394644618036 0.0021359983365982775 -0.019922735169529915
v 0.010457394644618036 0.012136003933846954 -0.019922735169529915
v 0.00538572482764721 0.0021359983365982775 -0.02184617705643177
v 0.00538572482764721 0.012136003933846954 -0.02184617705643177
v 0.00538572482764721 0.0021359983365982775 -0.02184617705643177
v 0.00538572482764721 0.012136003933846954 -0.02184617705643177
v 1.1230837344555768e-06 0.0021359983365982775 -0.02249998040497303
v 1.1230837344555768e-06 0.012136003933846954 -0.02249998040497303
v -0.02249887771904469 -1.172262398263513e-09 -0.07150000333786011
v -0.02249887771904469 -1.172262398263513e-09 -0.08149999380111694
v -0.021845066919922832 0.005384600255638362 -0.07150000333786011
v -0.021845066919922832 0.005384600255638362 -0.08149999380111694
v -0.021845066919922832 0.005384600255638362 -0.07150000333786011
v -0.021845066919922832 0.005384600255638362 -0.08149999380111694
v -0.019921636208891872 0.010456270538270475 -0.07150000333786011
v -0.019921636208891872 0.010456270538270475 -0.08149999380111694
v -0.019921636208891872 0.010456270538270475 -0.07150000333786011
v -0.019921636208891872 0.010456270538270475 -0.08149999380111694
v -0.016840366646647457 0.014920263551175598 -0.07150000333786011
v -0.016840366646647457 0.014920263551175598 -0.08149999380111694
v -0.016840366646647457 0.014920263551175598 -0.07150000333786011
v -0.016840366646647457 0.014920263551175598 -0.08149999380111694
v -0.01278033293783665 0.018517134711146358 -0.07150000333786011
v -0.01278033293783665 0.018517134711146358 -0.08149999380111694
v -0.01278033293783665 0.018517134711146358 -0.07150000333786011
v -0.01278033293783665 0.018517134711146358 -0.08149999380111694
v -0.007977487519383432 0.021037867292761806 -0.07150000333786011
v -0.007977487519383432 0.021037867292761806 -0.08149999380111694
v -0.007977487519383432 0.021037867292761806 -0.07150000333786011
v -0.007977487519383432 0.021037867292761806 -0.08149999380111694
v -0.002710947766900063 0.022335952147841457 -0.07150000333786011
v -0.002710947766900063 0.022335952147841457 -0.08149999380111694
v -0.002710947766900063 0.022335952147841457 -0.07150000333786011
v -0.002710947766900063 0.022335952147841457 -0.08149999380111694
v 0.0027132015675306325 0.022335952147841457 -0.07150000333786011
v 0.0027132015675306325 0.022335952147841457 -0.08149999380111694
v 0.0027132015675306325 0.022335952147841457 -0.07150000333786011
v 0.0027132015675306325 0.022335952147841457 -0.08149999380111694
v 0.007979733869433405 0.021037867292761806 -0.07150000333786011
v 0.007979733869433405 0.021037867292761806 -0.08149999380111694
v 0.007979733869433405 0.021037867292761806 -0.07150000333786011
v 0.007979733869433405 0.021037867292761806 -0.08149999380111694
v 0.012782579287886623 0.018517134711146358 -0.07150000333786011
v 0.012782579287886623 0.018517134711146358 -0.08149999380111694
v 0.012782579287886623 0.018517134711146358 -0.07150000333786011
v 0.012782579287886623 0.018517134711146358 -0.08149999380111694
v 0.016842616721987728 0.014920263551175598 -0.07150000333786011
v 0.016842616721987728 0.014920263551175598 -0.08149999380111694
v 0.016842616721987728 0.014920263551175598 -0.07150000333786011
v 0.016842616721987728 0.014920263551175598 -0.08149999380111694
v 0.019923886284232143 0.010456270538270475 -0.07150000333786011
v 0.019923886284232143 0.010456270538270475 -0.08149999380111694
v 0.019923886284232143 0.010456270538270475 -0.07150000333786011
v 0.019923886284232143 0.010456270538270475 -0.08149999380111694
v 0.021847313269972805 0.005384600255638362 -0.07150000333786011
v 0.021847313269972805 0.005384600255638362 -0.08149999380111694
v 0.021847313269972805 0.005384600255638362 -0.07150000333786011
v 0.021847313269972805 0.005384600255638362 -0.08149999380111694
v 0.02250112406909466 -1.1720305836959712e-09 -0.07150000333786011
v 0.02250112406909466 -1.1720305836959712e-09 -0.08149999380111694
v 1.1230837344555768e-06 0.00943600293248892 -0.028199972584843636
v 1.1230837344555768e-06 0.0034359979908913383 -0.028199972584843636
v -0.006273968145251276 0.0034359979908913383 -0.027492942288517952
v -0.006273968145251276 0.00943600293248892 -0.027492942288517952
v -0.006273968145251276 0.00943600293248892 -0.027492942288517952
v -0.006273968145251276 0.0034359979908913383 -0.027492942288517952
v -0.012234399095177654 0.0034359979908913383 -0.02540731616318226
v -0.012234399095177654 0.00943600293248892 -0.02540731616318226
v -0.012234399095177654 0.00943600293248892 -0.02540731616318226
v -0.012234399095177654 0.0034359979908913383 -0.02540731616318226
v -0.017581289634108547 0.0034359979908913383 -0.02204764075577259
v -0.017581289634108547 0.00943600293248892 -0.02204764075577259
v -0.017581289634108547 0.00943600293248892 -0.02204764075577259
v -0.017581289634108547 0.0034359979908913383 -0.02204764075577259
v -0.022046523168683056 0.0034359979908913383 -0.017582418397068977
v -0.022046523168683056 0.00943600293248892 -0.017582418397068977
v -0.022046523168683056 0.00943600293248892 -0.017582418397068977
v -0.022046523168683056 0.0034359979908913383 -0.017582418397068977
v -0.025406198576092727 0.0034359979908913383 -0.01223552506417036
v -0.025406198576092727 0.00943600293248892 -0.01223552506417036
v -0.025406198576092727 0.00943600293248892 -0.01223552506417036
v -0.025406198576092727 0.0034359979908913383 -0.01223552506417036
v -0.027491843327879913 0.0034359979908913383 -0.006275119725614786
v -0.027491843327879913 0.00943600293248892 -0.006275119725614786
v -0.027491843327879913 0.00943600293248892 -0.006275119725614786
v -0.027491843327879913 0.0034359979908913383 -0.006275119725614786
v -0.028198877349495895 0.0034359979908913383 -2.5509288015257425e-09
v -0.028198877349495895 0.00943600293248892 -2.5509288015257425e-09
v -0.028198877349495895 0.00943600293248892 -2.5509288015257425e-09
v -0.028198877349495895 0.0034359979908913383 -2.5509288015257425e-09
v -0.027491843327879913 0.0034359979908913383 0.006275115069001913
v -0.027491843327879913 0.00943600293248892 0.006275115069001913
v -0.027491843327879913 0.00943600293248892 0.006275115069001913
v -0.027491843327879913 0.0034359979908913383 0.006275115069001913
v -0.025406198576092727 0.0034359979908913383 0.012235519476234913
v -0.025406198576092727 0.00943600293248892 0.012235519476234913
v -0.025406198576092727 0.00943600293248892 0.012235519476234913
v -0.025406198576092727 0.0034359979908913383 0.012235519476234913
v -0.022046523168683056 0.0034359979908913383 0.01758241467177868
v -0.022046523168683056 0.00943600293248892 0.01758241467177868
v -0.022046523168683056 0.00943600293248892 0.01758241467177868
v -0.022046523168683056 0.0034359979908913383 0.01758241467177868
v -0.017581289634108547 0.0034359979908913383 0.022047637030482292
v -0.017581289634108547 0.00943600293248892 0.022047637030482292
v -0.017581289634108547 0.00943600293248892 0.022047637030482292
v -0.017581289634108547 0.0034359979908913383 0.022047637030482292
v -0.012234399095177654 0.0034359979908913383 0.02540731243789196
v -0.012234399095177654 0.00943600293248892 0.02540731243789196
v -0.012234399095177654 0.00943600293248892 0.02540731243789196
v -0.012234399095177654 0.0034359979908913383 0.02540731243789196
v -0.006273968145251276 0.0034359979908913383 0.027492938563227654
v -0.006273968145251276 0.00943600293248892 0.027492938563227654
v -0.006273968145251276 0.00943600293248892 0.027492938563227654
v -0.006273968145251276 0.0034359979908913383 0.027492938563227654
v 1.1230837344555768e-06 0.0034359979908913383 0.028200028464198112
v 1.1230837344555768e-06 0.00943600293248892 0.028200028464198112
v 0.0030514802783727655 -0.028839116916060455 -0.06999999284744263
v 1.1230838481424146e-06 -0.02900000102818013 -0.07300001382827759
v 0.006069412454962732 -0.0283579882234335 -0.06999999284744263
v 0.006069412454962732 -0.0283579882234335 -0.06999999284744263
v 1.1230838481424146e-06 -0.02900000102818013 -0.07300001382827759
v 0.0062160920351743715 -0.02832621149718762 -0.07300001382827759
v 0.006069412454962732 -0.0283579882234335 -0.06999999284744263
v 0.0062160920351743715 -0.02832621149718762 -0.07300001382827759
v 0.009020527824759485 -0.02756177075207234 -0.06999999284744263
v 0.009020527824759485 -0.02756177075207234 -0.06999999284744263
v 0.0062160920351743715 -0.02832621149718762 -0.07300001382827759
v 0.011871157214045528 -0.026459446176886565 -0.06999999284744263
v 0.011871157214045528 -0.026459446176886565 -0.06999999284744263
v 0.0062160920351743715 -0.02832621149718762 -0.07300001382827759
v 0.012142254039645198 -0.02633615396916867 -0.07300001382827759
v 0.011871157214045528 -0.026459446176886565 -0.06999999284744263
v 0.012142254039645198 -0.02633615396916867 -0.07300001382827759
v 0.012142254039645198 -0.02633615396916867 -0.06999999284744263
v 0.019513232633471492 -0.021454090252518657 -0.06999999284744263
v 0.017504250630736354 -0.02312230132520199 -0.06999999284744263
v 0.017504243180155758 -0.02312230132520199 -0.07300001382827759
v 0.017504243180155758 -0.02312230132520199 -0.07300001382827759
v 0.017504250630736354 -0.02312230132520199 -0.06999999284744263
v 0.017146801576018337 -0.02338858135044575 -0.06999999284744263
v 0.017504243180155758 -0.02312230132520199 -0.07300001382827759
v 0.017146801576018337 -0.02338858135044575 -0.06999999284744263
v 0.012142254039645198 -0.02633615396916867 -0.07300001382827759
v 0.012142254039645198 -0.02633615396916867 -0.07300001382827759
v 0.017146801576018337 -0.02338858135044575 -0.06999999284744263
v 0.014589911326766018 -0.02506325207650662 -0.06999999284744263
v 0.012142254039645198 -0.02633615396916867 -0.07300001382827759
v 0.014589911326766018 -0.02506325207650662 -0.06999999284744263
v 0.012142254039645198 -0.02633615396916867 -0.06999999284744263
v 0.019513232633471492 -0.021454090252518657 -0.06999999284744263
v 0.017504243180155758 -0.02312230132520199 -0.07300001382827759
v 0.021662754938006405 -0.0192814264446497 -0.06999993324279785
v 0.021662754938006405 -0.0192814264446497 -0.06999993324279785
v 0.017504243180155758 -0.02312230132520199 -0.07300001382827759
v 0.022052897140383724 -0.018833993002772335 -0.07300001382827759
v 0.021662754938006405 -0.0192814264446497 -0.06999993324279785
v 0.022052897140383724 -0.018833993002772335 -0.07300001382827759
v 0.022052889689803127 -0.018833989277482036 -0.06999993324279785
v 0.025576842948794372 -0.013670505024492744 -0.07300001382827759
v 0.025576842948794372 -0.013670505024492744 -0.06999999284744263
v 0.02521901391446591 -0.014319856651127342 -0.0700000524520874
v 0.025576842948794372 -0.013670505024492744 -0.07300001382827759
v 0.02521901391446591 -0.014319856651127342 -0.0700000524520874
v 0.022052897140383724 -0.018833993002772335 -0.07300001382827759
v 0.022052897140383724 -0.018833993002772335 -0.07300001382827759
v 0.02521901391446591 -0.014319856651127342 -0.0700000524520874
v 0.023571809753775604 -0.01689446531236172 -0.06999999284744263
v 0.022052897140383724 -0.018833993002772335 -0.07300001382827759
v 0.023571809753775604 -0.01689446531236172 -0.06999999284744263
v 0.022052889689803127 -0.018833989277482036 -0.06999993324279785
v 0.027912324294447906 -0.007871774025261404 -0.07300001382827759
v 0.02765782736241818 -0.008723896928131582 -0.06999993324279785
v 0.025576842948794372 -0.013670505024492744 -0.07300001382827759
v 0.025576842948794372 -0.013670505024492744 -0.07300001382827759
v 0.02765782736241818 -0.008723896928131582 -0.06999993324279785
v 0.02658606134355069 -0.011586242355406286 -0.06999999284744263
v 0.025576842948794372 -0.013670505024492744 -0.07300001382827759
v 0.02658606134355069 -0.011586242355406286 -0.06999999284744263
v 0.025576842948794372 -0.013670505024492744 -0.06999999284744263
v 0.028871273621916778 -0.0027413230855017905 -0.0700000524520874
v 0.028422413393855102 -0.005764597561210395 -0.06999999284744263
v 0.027912324294447906 -0.007871774025261404 -0.07300001382827759
v 0.027912324294447906 -0.007871774025261404 -0.07300001382827759
v 0.028422413393855102 -0.005764597561210395 -0.06999999284744263
v 0.027912324294447906 -0.007871774025261404 -0.06999993324279785
v 0.027912324294447906 -0.007871774025261404 -0.07300001382827759
v 0.027912324294447906 -0.007871774025261404 -0.06999993324279785
v 0.02765782736241818 -0.008723896928131582 -0.06999993324279785
v 0.027912324294447906 -0.007871774025261404 -0.07300001382827759
v 0.028950823470950134 -0.001707253279164434 -0.07300001382827759
v 0.028871273621916778 -0.0027413230855017905 -0.0700000524520874
v 0.028871273621916778 -0.0027413230855017905 -0.0700000524520874
v 0.028950823470950134 -0.001707253279164434 -0.07300001382827759
v 0.029001122340559966 -1.1719970549606275e-09 -0.07300001382827759
v 0.028871273621916778 -0.0027413230855017905 -0.0700000524520874
v 0.029001122340559966 -1.1719970549606275e-09 -0.07300001382827759
v 0.029001122340559966 -1.1719970549606275e-09 -0.06999993324279785
v -0.028998872265219695 -1.1722958159765542e-09 -0.06999993324279785
v -0.028998875990509994 -1.1722958159765542e-09 -0.07300001382827759
v -0.02883791364729405 -0.0030512523371726283 -0.0700000524520874
v -0.02883791364729405 -0.0030512523371726283 -0.0700000524520874
v -0.028998875990509994 -1.1722958159765542e-09 -0.07300001382827759
v -0.02894857712090016 -0.001707253279164434 -0.07300001382827759
v -0.02883791364729405 -0.0030512523371726283 -0.0700000524520874
v -0.02894857712090016 -0.001707253279164434 -0.07300001382827759
v -0.028356602415442474 -0.006069561000913383 -0.06999999284744263
v -0.028356602415442474 -0.006069561000913383 -0.06999999284744263
v -0.02894857712090016 -0.001707253279164434 -0.07300001382827759
v -0.027910077944397933 -0.007871774025261404 -0.07300001382827759
v -0.028356602415442474 -0.006069561000913383 -0.06999999284744263
v -0.027910077944397933 -0.007871774025261404 -0.07300001382827759
v -0.027910074219107635 -0.007871774025261404 -0.06999993324279785
v -0.025061497464776046 -0.014589902944862846 -0.0700000524520874
v -0.0255745965987444 -0.013670505024492744 -0.06999999284744263
v -0.0255745928734541 -0.013670505024492744 -0.07300001382827759
v -0.0255745928734541 -0.013670505024492744 -0.07300001382827759
v -0.0255745965987444 -0.013670505024492744 -0.06999999284744263
v -0.02645785920321942 -0.011871059425175193 -0.06999999284744263
v -0.0255745928734541 -0.013670505024492744 -0.07300001382827759
v -0.02645785920321942 -0.011871059425175193 -0.06999999284744263
v -0.027910077944397933 -0.007871774025261404 -0.07300001382827759
v -0.027910077944397933 -0.007871774025261404 -0.07300001382827759
v -0.02645785920321942 -0.011871059425175193 -0.06999999284744263
v -0.027560314163565643 -0.009020362980663778 -0.06999993324279785
v -0.027910077944397933 -0.007871774025261404 -0.07300001382827759
v -0.027560314163565643 -0.009020362980663778 -0.06999993324279785
v -0.027910074219107635 -0.007871774025261404 -0.06999993324279785
v -0.025061497464776046 -0.014589902944862846 -0.0700000524520874
v -0.0255745928734541 -0.013670505024492744 -0.07300001382827759
v -0.0233867671340704 -0.01714662276208401 -0.06999999284744263
v -0.0233867671340704 -0.01714662276208401 -0.06999999284744263
v -0.0255745928734541 -0.013670505024492744 -0.07300001382827759
v -0.02205065079033375 -0.018833993002772335 -0.07300001382827759
v -0.0233867671340704 -0.01714662276208401 -0.06999999284744263
v -0.02205065079033375 -0.018833993002772335 -0.07300001382827759
v -0.022050643339753154 -0.018833989277482036 -0.06999993324279785
v -0.016892375424504284 -0.023571373894810684 -0.06999999284744263
v -0.017502000555396083 -0.02312230132520199 -0.06999999284744263
v -0.017501996830105785 -0.02312230132520199 -0.07300001382827759
v -0.017501996830105785 -0.02312230132520199 -0.07300001382827759
v -0.017502000555396083 -0.02312230132520199 -0.06999999284744263
v -0.01927938871085644 -0.021662460640072826 -0.06999999284744263
v -0.017501996830105785 -0.02312230132520199 -0.07300001382827759
v -0.01927938871085644 -0.021662460640072826 -0.06999999284744263
v -0.02205065079033375 -0.018833993002772335 -0.07300001382827759
v -0.02205065079033375 -0.018833993002772335 -0.07300001382827759
v -0.01927938871085644 -0.021662460640072826 -0.06999999284744263
v -0.021452253684401516 -0.01951287128031254 -0.06999993324279785
v -0.02205065079033375 -0.018833993002772335 -0.07300001382827759
v -0.021452253684401516 -0.01951287128031254 -0.06999993324279785
v -0.022050643339753154 -0.018833989277482036 -0.06999993324279785
v -0.016892375424504284 -0.023571373894810684 -0.06999999284744263
v -0.017501996830105785 -0.02312230132520199 -0.07300001382827759
v -0.014317823573946956 -0.02521838806569577 -0.06999999284744263
v -0.014317823573946956 -0.02521838806569577 -0.06999999284744263
v -0.017501996830105785 -0.02312230132520199 -0.07300001382827759
v -0.012140007689595226 -0.02633615396916867 -0.07300001382827759
v -0.014317823573946956 -0.02521838806569577 -0.06999999284744263
v -0.012140007689595226 -0.02633615396916867 -0.07300001382827759
v -0.012140007689595226 -0.02633615396916867 -0.06999999284744263
v -0.0062138419598341006 -0.02832621149718762 -0.07300001382827759
v -0.0062138419598341006 -0.028326207771897323 -0.06999999284744263
v -0.008721558377146723 -0.02765710838139058 -0.06999999284744263
v -0.0062138419598341006 -0.02832621149718762 -0.07300001382827759
v -0.008721558377146723 -0.02765710838139058 -0.06999999284744263
v -0.012140007689595226 -0.02633615396916867 -0.07300001382827759
v -0.012140007689595226 -0.02633615396916867 -0.07300001382827759
v -0.008721558377146723 -0.02765710838139058 -0.06999999284744263
v -0.01158401556313038 -0.026585424318909652 -0.06999999284744263
v -0.012140007689595226 -0.02633615396916867 -0.07300001382827759
v -0.01158401556313038 -0.026585424318909652 -0.06999999284744263
v -0.012140007689595226 -0.02633615396916867 -0.06999999284744263
v 0.0030514802783727655 -0.028839116916060455 -0.06999999284744263
v 1.1230838481424146e-06 -0.02900000102818013 -0.06999999284744263
v 1.1230838481424146e-06 -0.02900000102818013 -0.07300001382827759
v 1.1230838481424146e-06 -0.02900000102818013 -0.07300001382827759
v 1.1230838481424146e-06 -0.02900000102818013 -0.06999999284744263
v -0.0027391780167818074 -0.028870232403278358 -0.06999999284744263
v 1.1230838481424146e-06 -0.02900000102818013 -0.07300001382827759
v -0.0027391780167818074 -0.028870232403278358 -0.06999999284744263
v -0.0062138419598341006 -0.02832621149718762 -0.07300001382827759
v -0.0062138419598341006 -0.02832621149718762 -0.07300001382827759
v -0.0027391780167818074 -0.028870232403278358 -0.06999999284744263
v -0.0057624075561761865 -0.028421493247151382 -0.06999999284744263
v -0.0062138419598341006 -0.02832621149718762 -0.07300001382827759
v -0.0057624075561761865 -0.028421493247151382 -0.06999999284744263
v -0.0062138419598341006 -0.028326207771897323 -0.06999999284744263
v 1.1230837344555768e-06 0.012136003933846954 -0.028500022366642952
v 1.1230837344555768e-06 0.00943600293248892 -0.028500022366642952
v -0.006201339885592462 0.00943600293248892 -0.0278168935328722
v -0.006201339885592462 0.012136003933846954 -0.0278168935328722
v -0.006201339885592462 0.012136003933846954 -0.0278168935328722
v -0.006201339885592462 0.00943600293248892 -0.0278168935328722
v -0.012106472626328472 0.00943600293248892 -0.02580028958618641
v -0.012106472626328472 0.012136003933846954 -0.02580028958618641
v -0.012106472626328472 0.012136003933846954 -0.02580028958618641
v -0.012106472626328472 0.00943600293248892 -0.02580028958618641
v -0.017431197687983516 0.00943600293248892 -0.022546948865056038
v -0.017431197687983516 0.012136003933846954 -0.022546948865056038
v -0.017431197687983516 0.012136003933846954 -0.022546948865056038
v -0.017431197687983516 0.00943600293248892 -0.022546948865056038
v -0.021920261904597286 0.00943600293248892 -0.018212737515568733
v -0.021920261904597286 0.012136003933846954 -0.018212737515568733
v -0.021920261904597286 0.012136003933846954 -0.018212737515568733
v -0.021920261904597286 0.00943600293248892 -0.018212737515568733
v -0.02535847388207913 0.00943600293248892 -0.013005438260734081
v -0.02535847388207913 0.012136003933846954 -0.013005438260734081
v -0.02535847388207913 0.012136003933846954 -0.013005438260734081
v -0.02535847388207913 0.00943600293248892 -0.013005438260734081
v -0.0275810081511736 0.00943600293248892 -0.0071746730245649815
v -0.0275810081511736 0.012136003933846954 -0.0071746730245649815
v -0.0275810081511736 0.012136003933846954 -0.0071746730245649815
v -0.0275810081511736 0.00943600293248892 -0.0071746730245649815
v -0.02848132513463498 0.00943600293248892 -0.0009999896865338087
v -0.02848132513463498 0.012136003933846954 -0.0009999896865338087
v 1.1230837344555768e-06 0.012136003933846954 0.028500018641352654
v 1.1230837344555768e-06 0.00943600293248892 0.028500018641352654
v 0.005926607176661493 0.00943600293248892 0.027877209708094597
v 0.005926607176661493 0.012136003933846954 0.027877209708094597
v 0.005926607176661493 0.012136003933846954 0.027877209708094597
v 0.005926607176661493 0.00943600293248892 0.027877209708094597
v 0.011593116447329523 0.00943600293248892 0.02603602223098278
v 0.011593116447329523 0.012136003933846954 0.02603602223098278
v 0.011593116447329523 0.012136003933846954 0.02603602223098278
v 0.011593116447329523 0.00943600293248892 0.02603602223098278
v 0.016753001138567928 0.00943600293248892 0.023056982085108757
v 0.016753001138567928 0.012136003933846954 0.023056982085108757
v 0.016753001138567928 0.012136003933846954 0.023056982085108757
v 0.016753001138567928 0.00943600293248892 0.023056982085108757
v 0.02118075452744961 0.00943600293248892 0.019070206210017204
v 0.02118075452744961 0.012136003933846954 0.019070206210017204
v 0.02118075452744961 0.012136003933846954 0.019070206210017204
v 0.02118075452744961 0.00943600293248892 0.019070206210017204
v 0.02468284778296948 0.00943600293248892 0.01424997765570879
v 0.02468284778296948 0.012136003933846954 0.01424997765570879
v 0.02468284778296948 0.012136003933846954 0.01424997765570879
v 0.02468284778296948 0.00943600293248892 0.01424997765570879
v 0.027106231078505523 0.00943600293248892 0.008807000704109669
v 0.027106231078505523 0.012136003933846954 0.008807000704109669
v 0.027106231078505523 0.012136003933846954 0.008807000704109669
v 0.027106231078505523 0.00943600293248892 0.008807000704109669
v 0.028344994410872466 0.00943600293248892 0.0029790375847369432
v 0.028344994410872466 0.012136003933846954 0.0029790375847369432
v 0.028344994410872466 0.012136003933846954 0.0029790375847369432
v 0.028344994410872466 0.00943600293248892 0.0029790375847369432
v 0.028344994410872466 0.00943600293248892 -0.0029790427070111036
v 0.028344994410872466 0.012136003933846954 -0.0029790427070111036
v 0.028344994410872466 0.012136003933846954 -0.0029790427070111036
v 0.028344994410872466 0.00943600293248892 -0.0029790427070111036
v 0.027106231078505523 0.00943600293248892 -0.008807006292045116
v 0.027106231078505523 0.012136003933846954 -0.008807006292045116
v 0.027106231078505523 0.012136003933846954 -0.008807006292045116
v 0.027106231078505523 0.00943600293248892 -0.008807006292045116
v 0.02468284778296948 0.00943600293248892 -0.014249983243644238
v 0.02468284778296948 0.012136003933846954 -0.014249983243644238
v 0.02468284778296948 0.012136003933846954 -0.014249983243644238
v 0.02468284778296948 0.00943600293248892 -0.014249983243644238
v 0.02118075452744961 0.00943600293248892 -0.019070209935307503
v 0.02118075452744961 0.012136003933846954 -0.019070209935307503
v 0.02118075452744961 0.012136003933846954 -0.019070209935307503
v 0.02118075452744961 0.00943600293248892 -0.019070209935307503
v 0.016753001138567928 0.00943600293248892 -0.023056985810399055
v 0.016753001138567928 0.012136003933846954 -0.023056985810399055
v 0.016753001138567928 0.012136003933846954 -0.023056985810399055
v 0.016753001138567928 0.00943600293248892 -0.023056985810399055
v 0.011593116447329523 0.00943600293248892 -0.02603602595627308
v 0.011593116447329523 0.012136003933846954 -0.02603602595627308
v 0.011593116447329523 0.012136003933846954 -0.02603602595627308
v 0.011593116447329523 0.00943600293248892 -0.02603602595627308
v 0.005926607176661493 0.00943600293248892 -0.027877213433384895
v 0.005926607176661493 0.012136003933846954 -0.027877213433384895
v 0.005926607176661493 0.012136003933846954 -0.027877213433384895
v 0.005926607176661493 0.00943600293248892 -0.027877213433384895
v 1.1230837344555768e-06 0.00943600293248892 -0.028500022366642952
v 1.1230837344555768e-06 0.012136003933846954 -0.028500022366642952
v 0.02870112471282483 -1.171998609272862e-09 -0.07960116863250732
v 0.02870112471282483 -1.171998609272862e-09 -0.07300001382827759
v 0.02807395718991757 -0.005967067088931801 -0.07300001382827759
v 0.02807395718991757 -0.005967067088931801 -0.07960116863250732
v 0.02807395718991757 -0.005967067088931801 -0.07960116863250732
v 0.02807395718991757 -0.005967067088931801 -0.07300001382827759
v 0.026219880208373077 -0.011673339642584326 -0.07300001382827759
v 0.026219880208373077 -0.011673339642584326 -0.07960116863250732
v 0.026219880208373077 -0.011673339642584326 -0.07960116863250732
v 0.026219880208373077 -0.011673339642584326 -0.07300001382827759
v 0.02321991138160229 -0.016869438812136654 -0.07300001382827759
v 0.02321991138160229 -0.016869438812136654 -0.07960116863250732
v 0.02321991138160229 -0.016869438812136654 -0.07960116863250732
v 0.02321991138160229 -0.016869438812136654 -0.07300001382827759
v 0.019205173477530483 -0.02132825739681721 -0.07300001382827759
v 0.019205173477530483 -0.02132825739681721 -0.07960116863250732
v 0.019205173477530483 -0.02132825739681721 -0.07960116863250732
v 0.019205173477530483 -0.02132825739681721 -0.07300001382827759
v 0.014351120218634609 -0.024854930117726333 -0.07300001382827759
v 0.014351120218634609 -0.024854930117726333 -0.07960116863250732
v 0.014351120218634609 -0.024854930117726333 -0.07960116863250732
v 0.014351120218634609 -0.024854930117726333 -0.07300001382827759
v 0.00886991433799267 -0.02729532308876515 -0.07300001382827759
v 0.00886991433799267 -0.02729532308876515 -0.07960116863250732
v 0.00886991433799267 -0.02729532308876515 -0.07960116863250732
v 0.00886991433799267 -0.02729532308876515 -0.07300001382827759
v 0.0030010920017957696 -0.028542779386043556 -0.07300001382827759
v 0.0030010920017957696 -0.028542779386043556 -0.07960116863250732
v 0.0030010920017957696 -0.028542779386043556 -0.07960116863250732
v 0.0030010920017957696 -0.028542779386043556 -0.07300001382827759
v -0.0029988419264554986 -0.028542779386043556 -0.07300001382827759
v -0.0029988419264554986 -0.028542779386043556 -0.07960116863250732
v -0.0029988419264554986 -0.028542779386043556 -0.07960116863250732
v -0.0029988419264554986 -0.028542779386043556 -0.07300001382827759
v -0.008867664262652399 -0.02729532308876515 -0.07300001382827759
v -0.008867664262652399 -0.02729532308876515 -0.07960116863250732
v -0.008867664262652399 -0.02729532308876515 -0.07960116863250732
v -0.008867664262652399 -0.02729532308876515 -0.07300001382827759
v -0.014348877593874935 -0.024854930117726333 -0.07300001382827759
v -0.014348877593874935 -0.024854930117726333 -0.07960116863250732
v -0.014348877593874935 -0.024854930117726333 -0.07960116863250732
v -0.014348877593874935 -0.024854930117726333 -0.07300001382827759
v -0.019202923402190212 -0.02132825739681721 -0.07300001382827759
v -0.019202923402190212 -0.02132825739681721 -0.07960116863250732
v -0.019202923402190212 -0.02132825739681721 -0.07960116863250732
v -0.019202923402190212 -0.02132825739681721 -0.07300001382827759
v -0.023217665031552318 -0.016869438812136654 -0.07300001382827759
v -0.023217665031552318 -0.016869438812136654 -0.07960116863250732
v -0.023217665031552318 -0.016869438812136654 -0.07960116863250732
v -0.023217665031552318 -0.016869438812136654 -0.07300001382827759
v -0.026217630133032806 -0.011673339642584326 -0.07300001382827759
v -0.026217630133032806 -0.011673339642584326 -0.07960116863250732
v -0.026217630133032806 -0.011673339642584326 -0.07960116863250732
v -0.026217630133032806 -0.011673339642584326 -0.07300001382827759
v -0.0280717108398676 -0.005967067088931801 -0.07300001382827759
v -0.0280717108398676 -0.005967067088931801 -0.07960116863250732
v -0.0280717108398676 -0.005967067088931801 -0.07960116863250732
v -0.0280717108398676 -0.005967067088931801 -0.07300001382827759
v -0.028698874637484557 -1.1722942616643197e-09 -0.07300001382827759
v -0.028698874637484557 -1.1722942616643197e-09 -0.07960116863250732
v 1.1230836207687391e-06 0.02899999730288983 -0.07960116863250732
v 1.1230836207687391e-06 0.02899999730288983 -0.08149999380111694
v -0.006312603130936624 0.028304358944296844 -0.08149999380111694
v -0.006312603130936624 0.028304358944296844 -0.07960116863250732
v -0.006312603130936624 0.028304358944296844 -0.07960116863250732
v -0.006312603130936624 0.028304358944296844 -0.08149999380111694
v -0.012323426082730297 0.026250815019011504 -0.08149999380111694
v -0.012323426082730297 0.026250815019011504 -0.07960116863250732
v -0.012323426082730297 0.026250815019011504 -0.07960116863250732
v -0.012323426082730297 0.026250815019011504 -0.08149999380111694
v -0.01774297840893269 0.02293789200484753 -0.08149999380111694
v -0.01774297840893269 0.02293789200484753 -0.07960116863250732
v -0.01774297840893269 0.02293789200484753 -0.07960116863250732
v -0.01774297840893269 0.02293789200484753 -0.08149999380111694
v -0.022311257198452953 0.018524510785937313 -0.08149999380111694
v -0.022311257198452953 0.018524510785937313 -0.07960116863250732
v -0.022311257198452953 0.018524510785937313 -0.07960116863250732
v -0.022311257198452953 0.018524510785937313 -0.08149999380111694
v -0.02580909617245198 0.013222425244748596 -0.08149999380111694
v -0.02580909617245198 0.013222425244748596 -0.07960116863250732
v -0.02580909617245198 0.013222425244748596 -0.07960116863250732
v -0.02580909617245198 0.013222425244748596 -0.08149999380111694
v -0.028068689629435546 0.007285980973392727 -0.08149999380111694
v -0.028068689629435546 0.007285980973392727 -0.07960116863250732
v -0.028068689629435546 0.007285980973392727 -0.07960116863250732
v -0.028068689629435546 0.007285980973392727 -0.08149999380111694
v -0.028981627896428115 0.0010000008624047043 -0.08149999380111694
v -0.028981627896428115 0.0010000008624047043 -0.07960116863250732
v 1.1230838481424146e-06 -0.02900000102818013 -0.07960116863250732
v 1.1230838481424146e-06 -0.02900000102818013 -0.08149999380111694
v 0.006030565127730371 -0.028366280719637878 -0.08149999380111694
v 0.006030565127730371 -0.028366280719637878 -0.07960116863250732
v 0.006030565127730371 -0.028366280719637878 -0.07960116863250732
v 0.006030565127730371 -0.028366280719637878 -0.08149999380111694
v 0.011796487495303157 -0.026492817327380187 -0.08149999380111694
v 0.011796487495303157 -0.026492817327380187 -0.07960116863250732
v 0.011796487495303157 -0.026492817327380187 -0.07960116863250732
v 0.011796487495303157 -0.026492817327380187 -0.08149999380111694
v 0.017046896740794185 -0.02346149273216725 -0.08149999380111694
v 0.017046896740794185 -0.02346149273216725 -0.07960116863250732
v 0.017046896740794185 -0.02346149273216725 -0.07960116863250732
v 0.017046896740794185 -0.02346149273216725 -0.08149999380111694
v 0.0215523224323988 -0.019404789432883266 -0.08149999380111694
v 0.0215523224323988 -0.019404789432883266 -0.07960116863250732
v 0.0215523224323988 -0.019404789432883266 -0.07960116863250732
v 0.0215523224323988 -0.019404789432883266 -0.08149999380111694
v 0.0251158606261015 -0.014500000514090065 -0.08149999380111694
v 0.0251158606261015 -0.014500000514090065 -0.07960116863250732
v 0.0251158606261015 -0.014500000514090065 -0.07960116863250732
v 0.0251158606261015 -0.014500000514090065 -0.08149999380111694
v 0.027581764385104186 -0.008961492218077185 -0.08149999380111694
v 0.027581764385104186 -0.008961492218077185 -0.07960116863250732
v 0.027581764385104186 -0.008961492218077185 -0.07960116863250732
v 0.027581764385104186 -0.008961492218077185 -0.08149999380111694
v 0.028842261061072356 -0.0030313257593661555 -0.08149999380111694
v 0.028842261061072356 -0.0030313257593661555 -0.07960116863250732
v 0.028842261061072356 -0.0030313257593661555 -0.07960116863250732
v 0.028842261061072356 -0.0030313257593661555 -0.08149999380111694
v 0.028842261061072356 0.0030313271563500175 -0.08149999380111694
v 0.028842261061072356 0.0030313271563500175 -0.07960116863250732
v 0.028842261061072356 0.0030313271563500175 -0.07960116863250732
v 0.028842261061072356 0.0030313271563500175 -0.08149999380111694
v 0.027581764385104186 0.008961490355432035 -0.08149999380111694
v 0.027581764385104186 0.008961490355432035 -0.07960116863250732
v 0.027581764385104186 0.008961490355432035 -0.07960116863250732
v 0.027581764385104186 0.008961490355432035 -0.08149999380111694
v 0.0251158606261015 0.014499998651444915 -0.08149999380111694
v 0.0251158606261015 0.014499998651444915 -0.07960116863250732
v 0.0251158606261015 0.014499998651444915 -0.07960116863250732
v 0.0251158606261015 0.014499998651444915 -0.08149999380111694
v 0.0215523224323988 0.019404789432883266 -0.08149999380111694
v 0.0215523224323988 0.019404789432883266 -0.07960116863250732
v 0.0215523224323988 0.019404789432883266 -0.07960116863250732
v 0.0215523224323988 0.019404789432883266 -0.08149999380111694
v 0.017046896740794185 0.023461489006876952 -0.08149999380111694
v 0.017046896740794185 0.023461489006876952 -0.07960116863250732
v 0.017046896740794185 0.023461489006876952 -0.07960116863250732
v 0.017046896740794185 0.023461489006876952 -0.08149999380111694
v 0.011796487495303157 0.026492817327380187 -0.08149999380111694
v 0.011796487495303157 0.026492817327380187 -0.07960116863250732
v 0.011796487495303157 0.026492817327380187 -0.07960116863250732
v 0.011796487495303157 0.026492817327380187 -0.08149999380111694
v 0.006030565127730371 0.028366280719637878 -0.08149999380111694
v 0.006030565127730371 0.028366280719637878 -0.07960116863250732
v 0.006030565127730371 0.028366280719637878 -0.07960116863250732
v 0.006030565127730371 0.028366280719637878 -0.08149999380111694
v 1.1230836207687391e-06 0.02899999730288983 -0.08149999380111694
v 1.1230836207687391e-06 0.02899999730288983 -0.07960116863250732
v -0.006220305338501932 -0.03940000012516976 0.02781265787780285
v -0.006106687709689142 -0.03940000012516976 0.027837811037898064
v -0.006106687709689142 0.0034359979908913383 0.027837811037898064
v -0.0014314969303086402 -0.03940000012516976 0.028463957831263542
v 1.1230839618292523e-06 -0.03940000012516976 0.02850007824599743
v 1.1230837344555768e-06 0.0034359979908913383 0.028500018641352654
v 0.020198037847876552 -0.03940000012516976 0.02010810188949108
v 0.0216726940125227 -0.03940000012516976 0.018509266898036003
v 0.0216726940125227 0.0034359979908913383 0.018509266898036003
v 0.02850118093192578 -0.03940000012516976 -2.5509288015257425e-09
v 0.028501121327281005 -0.03692511841654778 -2.5509288015257425e-09
v 0.028451694175601012 -0.03940000012516976 0.0016778085846453905
v 0.028451694175601012 -0.03940000012516976 0.0016778085846453905
v 0.028501121327281005 -0.03692511841654778 -2.5509288015257425e-09
v 0.028501121327281005 -0.029655346646904952 -2.5509288015257425e-09
v 0.028501121327281005 -0.027900887653231628 -2.5509288015257425e-09
v 0.028501121327281005 -0.02179711870849133 -2.5509288015257425e-09
v 0.028451694175601012 0.0034359979908913383 0.0016778085846453905
v 0.028501121327281005 -0.013634950853884224 -2.5509288015257425e-09
v 0.028501121327281005 -0.013586741872131828 -2.5509288015257425e-09
v 0.028501121327281005 -0.005042207892984153 -2.5509288015257425e-09
v 0.028501121327281005 0.0017003554385155444 -2.5509288015257425e-09
v 0.028501121327281005 0.0034359979908913383 -2.5509288015257425e-09
v -0.028498874977231033 -0.005042207892984153 -2.5509288015257425e-09
v -0.02844944410026074 0.0034359979908913383 0.0016778085846453905
v -0.028498874977231033 0.0017003815155476336 -2.5509288015257425e-09
v -0.028498871251940734 0.0034359979908913383 -2.5509288015257425e-09
v -0.028498874977231033 -0.013586741872131828 -2.5509288015257425e-09
v -0.028498874977231033 -0.01363493595272303 -2.5509288015257425e-09
v -0.028498874977231033 -0.02179711870849133 -2.5509288015257425e-09
v -0.028498874977231033 -0.02790088020265103 -2.5509288015257425e-09
v -0.028498874977231033 -0.029655346646904952 -2.5509288015257425e-09
v -0.02844944410026074 -0.03940000012516976 0.0016778085846453905
v -0.028498874977231033 -0.03692511841654778 -2.5509288015257425e-09
v -0.02844944410026074 -0.03940000012516976 0.0016778085846453905
v -0.028498874977231033 -0.03692511841654778 -2.5509288015257425e-09
v -0.02849893085658551 -0.03940000012516976 -2.5509288015257425e-09
v 0.027431098744273193 -0.03940000012516976 0.007736024912446737
v 0.027830434963107116 -0.03940000012516976 0.00614648824557662
v 0.027431098744273193 0.0034359979908913383 0.007736024912446737
v 0.027431098744273193 0.0034359979908913383 0.007736024912446737
v 0.027830434963107116 -0.03940000012516976 0.00614648824557662
v 0.02830046974122525 -0.03940000012516976 0.0033759449142962694
v 0.027431098744273193 0.0034359979908913383 0.007736024912446737
v 0.02830046974122525 -0.03940000012516976 0.0033759449142962694
v 0.028451694175601012 0.0034359979908913383 0.0016778085846453905
v 0.028451694175601012 0.0034359979908913383 0.0016778085846453905
v 0.02830046974122525 -0.03940000012516976 0.0033759449142962694
v 0.028335986658930785 -0.03940000012516976 0.003063556971028447
v 0.028451694175601012 0.0034359979908913383 0.0016778085846453905
v 0.028335986658930785 -0.03940000012516976 0.003063556971028447
v 0.028451694175601012 -0.03940000012516976 0.0016778085846453905
v 0.025135880336165435 -0.03940000012516976 0.013434824533760548
v 0.026052987203001983 -0.03940000012516976 0.011556384153664112
v 0.025135880336165435 0.0034359979908913383 0.013434824533760548
v 0.025135880336165435 0.0034359979908913383 0.013434824533760548
v 0.026052987203001983 -0.03940000012516976 0.011556384153664112
v 0.02696946822106839 -0.03940000012516976 0.009217319078743458
v 0.025135880336165435 0.0034359979908913383 0.013434824533760548
v 0.02696946822106839 -0.03940000012516976 0.009217319078743458
v 0.027431098744273193 0.0034359979908913383 0.007736024912446737
v 0.027431098744273193 0.0034359979908913383 0.007736024912446737
v 0.02696946822106839 -0.03940000012516976 0.009217319078743458
v 0.027055053040385253 -0.03940000012516976 0.008962986059486866
v 0.027431098744273193 0.0034359979908913383 0.007736024912446737
v 0.027055053040385253 -0.03940000012516976 0.008962986059486866
v 0.027431098744273193 -0.03940000012516976 0.007736024912446737
v 0.0216726940125227 -0.03940000012516976 0.018509266898036003
v 0.0219163503497839 -0.03940000012516976 0.018220124766230583
v 0.0216726940125227 0.0034359979908913383 0.018509266898036003
v 0.0216726940125227 0.0034359979908913383 0.018509266898036003
v 0.0219163503497839 -0.03940000012516976 0.018220124766230583
v 0.023469066247344024 -0.03940000012516976 0.016171155497431755
v 0.0216726940125227 0.0034359979908913383 0.018509266898036003
v 0.023469066247344024 -0.03940000012516976 0.016171155497431755
v 0.025135880336165435 0.0034359979908913383 0.013434824533760548
v 0.025135880336165435 0.0034359979908913383 0.013434824533760548
v 0.023469066247344024 -0.03940000012516976 0.016171155497431755
v 0.0248521026223898 -0.03940000012516976 0.013952729292213917
v 0.025135880336165435 0.0034359979908913383 0.013434824533760548
v 0.0248521026223898 -0.03940000012516976 0.013952729292213917
v 0.025135880336165435 -0.03940000012516976 0.013434824533760548
v 0.020198037847876552 -0.03940000012516976 0.02010810188949108
v 0.0216726940125227 0.0034359979908913383 0.018509266898036003
v 0.017202464863657955 -0.03940000012516976 0.022723613306879997
v 0.017202464863657955 -0.03940000012516976 0.022723613306879997
v 0.0216726940125227 0.0034359979908913383 0.018509266898036003
v 0.017202464863657955 0.0034359979908913383 0.022723613306879997
v 0.017202464863657955 -0.03940000012516976 0.022723613306879997
v 0.017202464863657955 0.0034359979908913383 0.022723613306879997
v 0.014054721221327785 -0.03940000012516976 0.02479409985244274
v 0.014054721221327785 -0.03940000012516976 0.02479409985244274
v 0.017202464863657955 0.0034359979908913383 0.022723613306879997
v 0.011932929977774624 0.0034359979908913383 0.025882063433527946
v 0.014054721221327785 -0.03940000012516976 0.02479409985244274
v 0.011932929977774624 0.0034359979908913383 0.025882063433527946
v 0.011932929977774624 -0.03940000012516976 0.025882063433527946
v 0.009052617475390436 -0.03940000012516976 0.027024446055293083
v 0.010365461930632593 -0.03940000012516976 0.02654862217605114
v 0.011932929977774624 0.0034359979908913383 0.025882063433527946
v 0.011932929977774624 0.0034359979908913383 0.025882063433527946
v 0.010365461930632593 -0.03940000012516976 0.02654862217605114
v 0.011655626818537714 -0.03940000012516976 0.026008127257227898
v 0.011932929977774624 0.0034359979908913383 0.025882063433527946
v 0.011655626818537714 -0.03940000012516976 0.026008127257227898
v 0.011932929977774624 -0.03940000012516976 0.025882063433527946
v 0.0045560356229543695 -0.03940000012516976 0.028133688494563103
v 0.0047054868191480645 -0.03940000012516976 0.028109071776270866
v 0.006108937785029413 0.0034359979908913383 0.027837811037898064
v 0.006108937785029413 0.0034359979908913383 0.027837811037898064
v 0.0047054868191480645 -0.03940000012516976 0.028109071776270866
v 0.006108937785029413 -0.03940000012516976 0.027837811037898064
v 0.006108937785029413 0.0034359979908913383 0.027837811037898064
v 0.006108937785029413 -0.03940000012516976 0.027837811037898064
v 0.011932929977774624 0.0034359979908913383 0.025882063433527946
v 0.011932929977774624 0.0034359979908913383 0.025882063433527946
v 0.006108937785029413 -0.03940000012516976 0.027837811037898064
v 0.006222574040293695 -0.03940000012516976 0.02781265787780285
v 0.011932929977774624 0.0034359979908913383 0.025882063433527946
v 0.006222574040293695 -0.03940000012516976 0.02781265787780285
v 0.009052617475390436 -0.03940000012516976 0.027024446055293083
v 1.1230839618292523e-06 -0.03940000012516976 0.02850007824599743
v 0.001433750498108566 -0.03940000012516976 0.028463957831263542
v 1.1230837344555768e-06 0.0034359979908913383 0.028500018641352654
v 1.1230837344555768e-06 0.0034359979908913383 0.028500018641352654
v 0.001433750498108566 -0.03940000012516976 0.028463957831263542
v 0.002174099907279015 -0.03940000012516976 0.02841704897582531
v 1.1230837344555768e-06 0.0034359979908913383 0.028500018641352654
v 0.002174099907279015 -0.03940000012516976 0.02841704897582531
v 0.006108937785029413 0.0034359979908913383 0.027837811037898064
v 0.006108937785029413 0.0034359979908913383 0.027837811037898064
v 0.002174099907279015 -0.03940000012516976 0.02841704897582531
v 0.0031122323125600823 -0.03940000012516976 0.028329668566584587
v 0.006108937785029413 0.0034359979908913383 0.027837811037898064
v 0.0031122323125600823 -0.03940000012516976 0.028329668566584587
v 0.0045560356229543695 -0.03940000012516976 0.028133688494563103
v -0.006106687709689142 -0.03940000012516976 0.027837811037898064
v -0.004553774371743203 -0.03940000012516976 0.028133688494563103
v -0.006106687709689142 0.0034359979908913383 0.027837811037898064
v -0.006106687709689142 0.0034359979908913383 0.027837811037898064
v -0.004553774371743203 -0.03940000012516976 0.028133688494563103
v -0.0031099747866392144 -0.03940000012516976 0.028329668566584587
v -0.006106687709689142 0.0034359979908913383 0.027837811037898064
v -0.0031099747866392144 -0.03940000012516976 0.028329668566584587
v 1.1230837344555768e-06 0.0034359979908913383 0.028500018641352654
v 1.1230837344555768e-06 0.0034359979908913383 0.028500018641352654
v -0.0031099747866392144 -0.03940000012516976 0.028329668566584587
v -0.0021718386560678486 -0.03940000012516976 0.02841704897582531
v 1.1230837344555768e-06 0.0034359979908913383 0.028500018641352654
v -0.0021718386560678486 -0.03940000012516976 0.02841704897582531
v -0.0014314969303086402 -0.03940000012516976 0.028463957831263542
v -0.011653339490294458 -0.03940000012516976 0.026008127257227898
v -0.010363211855292322 -0.03940000012516976 0.02654862217605114
v -0.011930679902434353 0.0034359979908913383 0.025882063433527946
v -0.011930679902434353 0.0034359979908913383 0.025882063433527946
v -0.010363211855292322 -0.03940000012516976 0.02654862217605114
v -0.006106687709689142 0.0034359979908913383 0.027837811037898064
v -0.006106687709689142 0.0034359979908913383 0.027837811037898064
v -0.010363211855292322 -0.03940000012516976 0.02654862217605114
v -0.009050337597727777 -0.03940000012516976 0.027024446055293083
v -0.006106687709689142 0.0034359979908913383 0.027837811037898064
v -0.009050337597727777 -0.03940000012516976 0.027024446055293083
v -0.006220305338501932 -0.03940000012516976 0.02781265787780285
v -0.01720022223889828 0.0034359979908913383 0.022723613306879997
v -0.014052430167794231 -0.03940000012516976 0.02479409985244274
v -0.011930679902434353 0.0034359979908913383 0.025882063433527946
v -0.011930679902434353 0.0034359979908913383 0.025882063433527946
v -0.014052430167794231 -0.03940000012516976 0.02479409985244274
v -0.011930679902434353 -0.03940000012516976 0.025882063433527946
v -0.011930679902434353 0.0034359979908913383 0.025882063433527946
v -0.011930679902434353 -0.03940000012516976 0.025882063433527946
v -0.011653339490294458 -0.03940000012516976 0.026008127257227898
v -0.02167044766247273 0.0034359979908913383 0.018509266898036003
v -0.0201957393437624 -0.03940000012516976 0.02010810188949108
v -0.01720022223889828 0.0034359979908913383 0.022723613306879997
v -0.01720022223889828 0.0034359979908913383 0.022723613306879997
v -0.0201957393437624 -0.03940000012516976 0.02010810188949108
v -0.01720022223889828 -0.03940000012516976 0.022723613306879997
v -0.01720022223889828 0.0034359979908913383 0.022723613306879997
v -0.01720022223889828 -0.03940000012516976 0.022723613306879997
v -0.014052430167794231 -0.03940000012516976 0.02479409985244274
v -0.023466764017939575 -0.03940000012516976 0.01617121510207653
v -0.02167044766247273 0.0034359979908913383 0.018509266898036003
v -0.02484980039298535 -0.03940000012516976 0.013952848501503468
v -0.02484980039298535 -0.03940000012516976 0.013952848501503468
v -0.02167044766247273 0.0034359979908913383 0.018509266898036003
v -0.025133630260825164 0.0034359979908913383 0.013434824533760548
v -0.023466764017939575 -0.03940000012516976 0.01617121510207653
v -0.02191404812037945 -0.03940000012516976 0.01822018437087536
v -0.02167044766247273 0.0034359979908913383 0.018509266898036003
v -0.02167044766247273 0.0034359979908913383 0.018509266898036003
v -0.02191404812037945 -0.03940000012516976 0.01822018437087536
v -0.02167044766247273 -0.03940000012516976 0.018509266898036003
v -0.02167044766247273 0.0034359979908913383 0.018509266898036003
v -0.02167044766247273 -0.03940000012516976 0.018509266898036003
v -0.0201957393437624 -0.03940000012516976 0.02010810188949108
v -0.027052765712141998 -0.03940000012516976 0.008963105268776417
v -0.026967218145728118 -0.03940000012516976 0.009217319078743458
v -0.02742884866893292 0.0034359979908913383 0.007736024912446737
v -0.02742884866893292 0.0034359979908913383 0.007736024912446737
v -0.026967218145728118 -0.03940000012516976 0.009217319078743458
v -0.026050688698887832 -0.03940000012516976 0.011556503362953663
v -0.02742884866893292 0.0034359979908913383 0.007736024912446737
v -0.026050688698887832 -0.03940000012516976 0.011556503362953663
v -0.025133630260825164 0.0034359979908913383 0.013434824533760548
v -0.025133630260825164 0.0034359979908913383 0.013434824533760548
v -0.026050688698887832 -0.03940000012516976 0.011556503362953663
v -0.025133630260825164 -0.03940000012516976 0.013434824533760548
v -0.025133630260825164 0.0034359979908913383 0.013434824533760548
v -0.025133630260825164 -0.03940000012516976 0.013434824533760548
v -0.02484980039298535 -0.03940000012516976 0.013952848501503468
v -0.02833372168242932 -0.03940000012516976 0.0030637357849627733
v -0.02844944410026074 0.0034359979908913383 0.0016778085846453905
v -0.02844944410026074 -0.03940000012516976 0.0016778085846453905
v -0.02833372168242932 -0.03940000012516976 0.0030637357849627733
v -0.02829821966588498 -0.03940000012516976 0.0033759449142962694
v -0.02844944410026074 0.0034359979908913383 0.0016778085846453905
v -0.02844944410026074 0.0034359979908913383 0.0016778085846453905
v -0.02829821966588498 -0.03940000012516976 0.0033759449142962694
v -0.02782815136015416 -0.03940000012516976 0.006146667059510946
v -0.02844944410026074 0.0034359979908913383 0.0016778085846453905
v -0.02782815136015416 -0.03940000012516976 0.006146667059510946
v -0.02742884866893292 0.0034359979908913383 0.007736024912446737
v -0.02742884866893292 0.0034359979908913383 0.007736024912446737
v -0.02782815136015416 -0.03940000012516976 0.006146667059510946
v -0.02742884866893292 -0.03940000012516976 0.007736024912446737
v -0.02742884866893292 0.0034359979908913383 0.007736024912446737
v -0.02742884866893292 -0.03940000012516976 0.007736024912446737
v -0.027052765712141998 -0.03940000012516976 0.008963105268776417
v -0.01523779891431332 -0.005943716969341041 -0.02782309241592884
v -0.01558354310691357 -0.007112090941518547 -0.02860892005264759
v -0.017092475667595867 -0.00757241388782859 -0.027314187958836555
v -0.01059175841510296 -0.00016903995128814134 -0.02724290080368519
v -0.010522661730647089 0.0016299474518746142 -0.026908161118626595
v -0.008369820192456247 0.0012710790615528824 -0.0275688786059618
v -0.020978624001145366 -0.016863672062754635 -0.031641487032175064
v -0.021521726623177532 -0.018734378740191463 -0.03303742781281471
v -0.022826327010989193 -0.022077700123190883 -0.029279353097081184
v -0.011887481436133388 -0.00728109246119857 -0.034561339765787125
v -0.010239990428090097 -0.006739338394254448 -0.03595644608139992
v -0.01110491342842579 -0.007009306456893684 -0.03712112084031105
v -0.02559530548751355 -0.0336720421910286 -0.019751491025090218
v -0.0258291494101286 -0.03089674189686776 -0.01885324902832508
v -0.02495424263179303 -0.028186311945319183 -0.022267403081059456
v -0.02419701404869557 -0.005211228039115668 -0.016543151810765266
v -0.025101078674197204 -0.006194935645908119 -0.014910879544913769
v -0.0252875853329897 -0.0024751659948378806 -0.014011266641318798
v -0.0026335287839174275 0.00343604269437492 -0.02838987298309803
v -0.0012983774067834022 0.003279729513451458 -0.028475763276219368
v -0.0012762417318299415 0.001340119866654277 -0.028473498299717903
v -0.018675306811928753 -0.010496628470718862 -0.04411960020661354
v -0.01969224773347378 -0.012811002321541313 -0.04276115074753761
v -0.01865225471556187 -0.011918910779058937 -0.04076719656586647
v -0.021542983129620556 -0.01833145506680012 -0.04161650314927101
v -0.02136660180985928 -0.017966566607356075 -0.040574733167886734
v -0.02078785188496113 -0.015345067717134956 -0.04257005825638771
v -0.022403659299016002 -0.027196271345019347 -0.03562301769852638
v -0.022218992933630947 -0.023929925635457046 -0.03788960352540016
v -0.022119404748082164 -0.02589231543242932 -0.03919893875718117
v -0.028498874977231033 -0.02790088020265103 -2.5509288015257425e-09
v -0.0284989532083273 -0.029287192970514304 -0.00010568158904789016
v -0.028498874977231033 -0.029655346646904952 -2.5509288015257425e-09
v -0.028498874977231033 -0.02790088020265103 -2.5509288015257425e-09
v -0.028498874977231033 -0.02179711870849133 -2.5509288015257425e-09
v -0.028466613963246352 -0.020108660683035854 -0.0015910293441265821
v -0.028498874977231033 -0.01363493595272303 -2.5509288015257425e-09
v -0.028498874977231033 -0.013586741872131828 -2.5509288015257425e-09
v -0.028343500569462783 -0.010438931174576284 -0.0032568599563091993
v -0.028498874977231033 -0.005042207892984153 -2.5509288015257425e-09
v -0.028343500569462783 -0.010438931174576284 -0.0032568599563091993
v -0.028498874977231033 -0.005042207892984153 -2.5509288015257425e-09
v -0.02846894599497319 -0.0035543900448828944 -0.0013603593688458204
v -0.02846894599497319 -0.0035543900448828944 -0.0013603593688458204
v -0.028498874977231033 -0.005042207892984153 -2.5509288015257425e-09
v -0.028498874977231033 0.0017003815155476336 -2.5509288015257425e-09
v -0.02849893085658551 -0.03940000012516976 -2.5509288015257425e-09
v -0.028498874977231033 -0.03692511841654778 -2.5509288015257425e-09
v -0.02845264412462712 -0.03932372480630875 -0.0022482897620648146
v -0.02845264412462712 -0.03932372480630875 -0.0022482897620648146
v -0.028498874977231033 -0.03692511841654778 -2.5509288015257425e-09
v -0.028454983606934554 -0.03510481491684914 -0.0024037386756390333
v -0.02845264412462712 -0.03932372480630875 -0.0022482897620648146
v -0.028454983606934554 -0.03510481491684914 -0.0024037386756390333
v -0.028252022340893752 -0.03900133073329926 -0.005180420819669962
v -0.028252022340893752 -0.03900133073329926 -0.005180420819669962
v -0.028454983606934554 -0.03510481491684914 -0.0024037386756390333
v -0.02819145284593106 -0.03253286704421044 -0.006069364491850138
v -0.0258291494101286 -0.03089674189686776 -0.01885324902832508
v -0.02559530548751355 -0.0336720421910286 -0.019751491025090218
v -0.026620166376233108 -0.033414527773857124 -0.01541066449135542
v -0.025526067242026336 -0.03427401185035706 -0.019940020516514778
v -0.025609845295548446 -0.03442955762147904 -0.01958763785660267
v -0.02559530548751355 -0.0336720421910286 -0.019751491025090218
v -0.02559530548751355 -0.0336720421910286 -0.019751491025090218
v -0.025609845295548446 -0.03442955762147904 -0.01958763785660267
v -0.026559187099337585 -0.03613907098770142 -0.01545888464897871
v -0.02559530548751355 -0.0336720421910286 -0.019751491025090218
v -0.026559187099337585 -0.03613907098770142 -0.01545888464897871
v -0.026620166376233108 -0.033414527773857124 -0.01541066449135542
v -0.026620166376233108 -0.033414527773857124 -0.01541066449135542
v -0.026559187099337585 -0.03613907098770142 -0.01545888464897871
v -0.02734580077230931 -0.03749747201800347 -0.011575940065085888
v -0.026620166376233108 -0.033414527773857124 -0.01541066449135542
v -0.02734580077230931 -0.03749747201800347 -0.011575940065085888
v -0.02731383405625821 -0.035793051123619087 -0.011914911679923534
v -0.02731383405625821 -0.035793051123619087 -0.011914911679923534
v -0.02734580077230931 -0.03749747201800347 -0.011575940065085888
v -0.027890959754586227 -0.03840827196836472 -0.00823927205055952
v -0.02731383405625821 -0.035793051123619087 -0.011914911679923534
v -0.027890959754586227 -0.03840827196836472 -0.00823927205055952
v -0.027878558263182647 -0.03809462487697602 -0.008362236432731152
v -0.024798860773444183 -0.030867394059896476 -0.023201288655400276
v -0.02461398951709271 -0.03252049908041955 -0.02377432771027088
v -0.025526067242026336 -0.03427401185035706 -0.019940020516514778
v -0.02297485433518887 -0.026369782164692886 -0.03178012743592262
v -0.02291410602629185 -0.028722280636429794 -0.03197646513581276
v -0.02337422035634518 -0.029863908886909492 -0.029445352032780647
v -0.02291410602629185 -0.028722280636429794 -0.03197646513581276
v -0.02297485433518887 -0.026369782164692886 -0.03178012743592262
v -0.022403659299016002 -0.027196271345019347 -0.03562301769852638
v -0.022403659299016002 -0.027196271345019347 -0.03562301769852638
v -0.02297485433518887 -0.026369782164692886 -0.03178012743592262
v -0.022170418873429302 -0.022269999608397487 -0.03607833757996559
v -0.022403659299016002 -0.027196271345019347 -0.03562301769852638
v -0.022170418873429302 -0.022269999608397487 -0.03607833757996559
v -0.022218992933630947 -0.023929925635457046 -0.03788960352540016
v -0.02136660180985928 -0.017966566607356075 -0.040574733167886734
v -0.021542983129620556 -0.01833145506680012 -0.04161650314927101
v -0.022170418873429302 -0.022269999608397487 -0.03607833757996559
v -0.022170418873429302 -0.022269999608397487 -0.03607833757996559
v -0.021542983129620556 -0.01833145506680012 -0.04161650314927101
v -0.021978827193379406 -0.0212762113660574 -0.04067457094788551
v -0.022170418873429302 -0.022269999608397487 -0.03607833757996559
v -0.021978827193379406 -0.0212762113660574 -0.04067457094788551
v -0.022218992933630947 -0.023929925635457046 -0.03788960352540016
v -0.022218992933630947 -0.023929925635457046 -0.03788960352540016
v -0.021978827193379406 -0.0212762113660574 -0.04067457094788551
v -0.02214324660599232 -0.02428871579468251 -0.039711181074380875
v -0.022218992933630947 -0.023929925635457046 -0.03788960352540016
v -0.02214324660599232 -0.02428871579468251 -0.039711181074380875
v -0.022119404748082164 -0.02589231543242932 -0.03919893875718117
v -0.018675306811928753 -0.010496628470718862 -0.04411960020661354
v -0.01865225471556187 -0.011918910779058937 -0.04076719656586647
v -0.017318448051810268 -0.008483172394335272 -0.04476368799805641
v -0.012478297576308254 -0.005463378038257361 -0.04411900416016579
v -0.013585483655333522 -0.005401746835559607 -0.04518336430191994
v -0.015577955171465877 -0.008123663254082205 -0.04225659742951393
v -0.015577955171465877 -0.008123663254082205 -0.04225659742951393
v -0.013585483655333522 -0.005401746835559607 -0.04518336430191994
v -0.015822755172848705 -0.006796961184591057 -0.04530215635895729
v -0.015577955171465877 -0.008123663254082205 -0.04225659742951393
v -0.015822755172848705 -0.006796961184591057 -0.04530215635895729
v -0.01717946864664555 -0.008578469045460226 -0.04431939497590065
v -0.01717946864664555 -0.008578469045460226 -0.04431939497590065
v -0.015822755172848705 -0.006796961184591057 -0.04530215635895729
v -0.017318448051810268 -0.008483172394335272 -0.04476368799805641
v -0.006167592480778696 -0.002365340711548925 -0.0467185415327549
v -0.008329829201102259 -0.0027523573953658347 -0.04659492149949074
v -0.008719624951481821 -0.0035949957091361293 -0.04545730724930763
v -0.008719624951481821 -0.0035949957091361293 -0.04545730724930763
v -0.008329829201102259 -0.0027523573953658347 -0.04659492149949074
v -0.010529866442084314 -0.0034174185711890468 -0.04638278856873512
v -0.008719624951481821 -0.0035949957091361293 -0.04545730724930763
v -0.010529866442084314 -0.0034174185711890468 -0.04638278856873512
v -0.012478297576308254 -0.005463378038257361 -0.04411900416016579
v -0.012478297576308254 -0.005463378038257361 -0.04411900416016579
v -0.010529866442084314 -0.0034174185711890468 -0.04638278856873512
v -0.01241581700742245 -0.004276332911103965 -0.04610813036561012
v -0.012478297576308254 -0.005463378038257361 -0.04411900416016579
v -0.01241581700742245 -0.004276332911103965 -0.04610813036561012
v -0.013585483655333522 -0.005401746835559607 -0.04518336430191994
v -0.013585483655333522 -0.005401746835559607 -0.04518336430191994
v -0.01241581700742245 -0.004276332911103965 -0.04610813036561012
v -0.01424014009535313 -0.005439700093120337 -0.045735958963632584
v -0.013585483655333522 -0.005401746835559607 -0.04518336430191994
v -0.01424014009535313 -0.005439700093120337 -0.045735958963632584
v -0.015822755172848705 -0.006796961184591057 -0.04530215635895729
v 1.115633153858653e-06 -0.0023696545977145438 -0.046466950327157974
v 1.1454354762463483e-06 -0.0020945568103343253 -0.04680532589554787
v -0.003454534336924554 -0.002143741818144918 -0.04678976908326149
v 1.0187756060986433e-06 -0.004957364406436683 -0.04083806648850441
v 1.2944470881848249e-06 -0.004360088612884284 -0.04293352738022804
v -0.0018857588293030862 -0.005213023629039527 -0.03946036472916603
v -0.0018857588293030862 -0.005213023629039527 -0.03946036472916603
v 1.2944470881848249e-06 -0.004360088612884284 -0.04293352738022804
v -0.0031388234347105035 -0.005002120044082404 -0.04092032089829445
v -0.0018857588293030862 -0.005213023629039527 -0.03946036472916603
v -0.0031388234347105035 -0.005002120044082404 -0.04092032089829445
v -0.003825562074780465 -0.005434175487607718 -0.03843754902482033
v -0.0018857588293030862 -0.005213023629039527 -0.03946036472916603
v 8.697640510035855e-07 -0.005316400434821845 -0.038108114153146744
v 7.803570838404996e-07 -0.005283390637487174 -0.038538817316293716
v -0.0018857588293030862 -0.005213023629039527 -0.03946036472916603
v 7.803570838404996e-07 -0.005283390637487174 -0.038538817316293716
v 1.0187756060986433e-06 -0.004957364406436683 -0.04083806648850441
v 1.0858308314709577e-06 -0.00538570573553443 -0.03648156300187111
v -0.0007307623745873572 -0.005340417381376029 -0.037803832441568375
v -0.0027721244841814045 -0.005463087465614081 -0.03684914484620094
v 1.0858308314709577e-06 -0.00538570573553443 -0.03648156300187111
v -0.0027721244841814045 -0.005463087465614081 -0.03684914484620094
v 1.0634790896801862e-06 -0.00539486249908805 -0.03590459004044533
v 1.0634790896801862e-06 -0.00539486249908805 -0.03590459004044533
v -0.0027721244841814045 -0.005463087465614081 -0.03684914484620094
v -0.004786195233464242 -0.0056435330770909795 -0.035753849893808365
v 1.1677872180371198e-06 -0.005355072673410178 -0.03376663103699684
v 1.0560285090832624e-06 -0.005399031098932029 -0.03531480208039284
v -0.0009832849027588966 -0.005295561160892249 -0.03340733423829079
v 7.356535434155378e-07 -0.0024193574208766226 -0.029314996674656868
v 8.846652121974332e-07 -0.0033951897639781245 -0.030023517087101936
v -0.002015301957726479 -0.003465616377070547 -0.030053677037358284
v -0.002015301957726479 -0.003465616377070547 -0.030053677037358284
v 8.846652121974332e-07 -0.0033951897639781245 -0.030023517087101936
v 6.984006972743374e-07 -0.003864762606099249 -0.030491651967167854
v -0.002015301957726479 -0.003465616377070547 -0.030053677037358284
v 6.984006972743374e-07 -0.003864762606099249 -0.030491651967167854
v 5.41938504738937e-07 -0.004292489495128394 -0.031026961281895638
v -0.002015301957726479 -0.003465616377070547 -0.030053677037358284
v -0.0016327520133927469 -0.0021829095203429465 -0.029175879433751106
v 7.356535434155378e-07 -0.0024193574208766226 -0.029314996674656868
v 7.356535434155378e-07 -0.0024193574208766226 -0.029314996674656868
v -0.0016327520133927469 -0.0021829095203429465 -0.029175879433751106
v -0.0013862123014405372 -0.000539870234206319 -0.0286101121455431
v 7.356535434155378e-07 -0.0024193574208766226 -0.029314996674656868
v -0.0013862123014405372 -0.000539870234206319 -0.0286101121455431
v 7.580052852063093e-07 -0.0011592519003897908 -0.02876371331512928
v 7.580052852063093e-07 -0.0011592519003897908 -0.02876371331512928
v -0.0013862123014405372 -0.000539870234206319 -0.0286101121455431
v -0.0012762417318299415 0.001340119866654277 -0.028473498299717903
v 7.580052852063093e-07 -0.0011592519003897908 -0.02876371331512928
v -0.0012762417318299415 0.001340119866654277 -0.028473498299717903
v 8.697639941601667e-07 0.0001296724512940273 -0.028518440201878548
v -0.0026335287839174275 0.00343604269437492 -0.02838987298309803
v 1.1379848956494245e-06 0.0034359979908913383 -0.028500022366642952
v -0.0012983774067834022 0.003279729513451458 -0.028475763276219368
v -0.0012983774067834022 0.003279729513451458 -0.028475763276219368
v 1.1379848956494245e-06 0.0034359979908913383 -0.028500022366642952
v 1.1230837344555768e-06 0.002806613920256496 -0.028500081971287727
v -0.0012983774067834022 0.003279729513451458 -0.028475763276219368
v 1.1230837344555768e-06 0.002806613920256496 -0.028500081971287727
v -0.0012762417318299415 0.001340119866654277 -0.028473498299717903
v -0.0012762417318299415 0.001340119866654277 -0.028473498299717903
v 1.1230837344555768e-06 0.002806613920256496 -0.028500081971287727
v 8.697639941601667e-07 0.0001296724512940273 -0.028518440201878548
v -0.014201039448380474 0.003436400322243572 -0.025102855637669563
v -0.01628529839217663 0.0018557372968643908 -0.024071039631962776
v -0.016611846163868908 0.0034359905403107413 -0.023640217259526253
v -0.016611846163868908 0.0034359905403107413 -0.023640217259526253
v -0.01628529839217663 0.0018557372968643908 -0.024071039631962776
v -0.017953483387827877 0.0016444574575871234 -0.02288741059601307
v -0.016611846163868908 0.0034359905403107413 -0.023640217259526253
v -0.017953483387827877 0.0016444574575871234 -0.02288741059601307
v -0.018884008750319484 0.0034358713310211906 -0.021877767518162727
v -0.02333888225257397 -0.0005885560531169177 -0.01725572533905506
v -0.022883770987391475 0.003435811726376415 -0.017484070733189583
v -0.02218202315270901 0.00017099337128456685 -0.01878124661743641
v -0.02218202315270901 0.00017099337128456685 -0.01878124661743641
v -0.022883770987391475 0.003435811726376415 -0.017484070733189583
v -0.020973442122340206 0.0034359532874077567 -0.019833149388432503
v -0.02218202315270901 0.00017099337128456685 -0.01878124661743641
v -0.020973442122340206 0.0034359532874077567 -0.019833149388432503
v -0.02090038545429707 0.0007994237821549179 -0.020233692601323128
v -0.02090038545429707 0.0007994237821549179 -0.020233692601323128
v -0.020973442122340206 0.0034359532874077567 -0.019833149388432503
v -0.018884008750319484 0.0034358713310211906 -0.021877767518162727
v -0.02090038545429707 0.0007994237821549179 -0.020233692601323128
v -0.018884008750319484 0.0034358713310211906 -0.021877767518162727
v -0.019491532817482952 0.0012917469721287491 -0.021605314686894417
v -0.019491532817482952 0.0012917469721287491 -0.021605314686894417
v -0.018884008750319484 0.0034358713310211906 -0.021877767518162727
v -0.017953483387827877 0.0016444574575871234 -0.02288741059601307
v -0.024565825238823898 0.003435938386246563 -0.01487064640969038
v -0.022883770987391475 0.003435811726376415 -0.017484070733189583
v -0.024373358115553863 -0.0014730778057128195 -0.015663566067814827
v -0.024373358115553863 -0.0014730778057128195 -0.015663566067814827
v -0.022883770987391475 0.003435811726376415 -0.017484070733189583
v -0.02333888225257397 -0.0005885560531169177 -0.01725572533905506
v -0.024373358115553863 -0.0014730778057128195 -0.015663566067814827
v -0.02333888225257397 -0.0005885560531169177 -0.01725572533905506
v -0.023179234936833385 -0.004332692828029395 -0.018115760758519173
v -0.028337473049759872 0.003436035243794323 -0.0031068946700543165
v -0.02820920757949353 0.0034361693542450675 -0.00415927404537797
v -0.028075153008103378 -0.00025769812054932123 -0.005090358201414347
v -0.028075153008103378 -0.00025769812054932123 -0.005090358201414347
v -0.02820920757949353 0.0034361693542450675 -0.00415927404537797
v -0.027856709435582168 0.0034364599268883475 -0.006176235619932413
v -0.023179234936833385 -0.004332692828029395 -0.018115760758519173
v -0.022045364603400234 -0.0035666723269969234 -0.01962280459702015
v -0.02203762345016003 -0.007059821393340828 -0.02057904191315174
v -0.025101078674197204 -0.006194935645908119 -0.014910879544913769
v -0.02419701404869557 -0.005211228039115668 -0.016543151810765266
v -0.02497806958854199 -0.009764631278812887 -0.01587599702179432
v -0.02497806958854199 -0.009764631278812887 -0.01587599702179432
v -0.02419701404869557 -0.005211228039115668 -0.016543151810765266
v -0.02312412299215794 -0.007867873646318914 -0.01906895823776722
v -0.02497806958854199 -0.009764631278812887 -0.01587599702179432
v -0.02312412299215794 -0.007867873646318914 -0.01906895823776722
v -0.023168740794062618 -0.01118107605725527 -0.020117225125432014
v -0.026422990486025817 -0.011990406550467018 -0.012480261735618114
v -0.027776153758168227 -0.007479382213205101 -0.006943645421415567
v -0.02676262520253659 -0.00479749357327819 -0.010553601197898388
v -0.02676262520253659 -0.00479749357327819 -0.010553601197898388
v -0.027776153758168227 -0.007479382213205101 -0.006943645421415567
v -0.028075153008103378 -0.00025769812054932123 -0.005090358201414347
v -0.02676262520253659 -0.00479749357327819 -0.010553601197898388
v -0.028075153008103378 -0.00025769812054932123 -0.005090358201414347
v -0.027195112779736526 0.002729150233790279 -0.008775833062827587
v -0.027195112779736526 0.002729150233790279 -0.008775833062827587
v -0.028075153008103378 -0.00025769812054932123 -0.005090358201414347
v -0.027856709435582168 0.0034364599268883475 -0.006176235619932413
v -0.027195112779736526 0.002729150233790279 -0.008775833062827587
v -0.027856709435582168 0.0034364599268883475 -0.006176235619932413
v -0.027065856382250793 0.003436310915276409 -0.009166779927909374
v -0.028498874977231033 -0.01363493595272303 -2.5509288015257425e-09
v -0.028466613963246352 -0.020108660683035854 -0.0015910293441265821
v -0.028498874977231033 -0.01363493595272303 -2.5509288015257425e-09
v -0.028343500569462783 -0.010438931174576284 -0.0032568599563091993
v -0.028466613963246352 -0.020108660683035854 -0.0015910293441265821
v -0.028343500569462783 -0.010438931174576284 -0.0032568599563091993
v -0.028150042518973357 -0.017213637009263042 -0.005270006600767374
v -0.028150042518973357 -0.017213637009263042 -0.005270006600767374
v -0.028343500569462783 -0.010438931174576284 -0.0032568599563091993
v -0.027475701645016677 -0.014490702189505104 -0.008924725465476513
v -0.0284989532083273 -0.029287192970514304 -0.00010568158904789016
v -0.028498874977231033 -0.02790088020265103 -2.5509288015257425e-09
v -0.028358442708849914 -0.02648675255477429 -0.003765108762308955
v -0.028358442708849914 -0.02648675255477429 -0.003765108762308955
v -0.028498874977231033 -0.02790088020265103 -2.5509288015257425e-09
v -0.028466613963246352 -0.020108660683035854 -0.0015910293441265821
v -0.028358442708849914 -0.02648675255477429 -0.003765108762308955
v -0.028466613963246352 -0.020108660683035854 -0.0015910293441265821
v -0.027932161465287215 -0.023781405761837966 -0.007446470204740763
v -0.027932161465287215 -0.023781405761837966 -0.007446470204740763
v -0.028466613963246352 -0.020108660683035854 -0.0015910293441265821
v -0.028150042518973357 -0.017213637009263042 -0.005270006600767374
v -0.027932161465287215 -0.023781405761837966 -0.007446470204740763
v -0.028150042518973357 -0.017213637009263042 -0.005270006600767374
v -0.027214678004384048 -0.021190671250224117 -0.011080983094871044
v -0.027214678004384048 -0.021190671250224117 -0.011080983094871044
v -0.028150042518973357 -0.017213637009263042 -0.005270006600767374
v -0.027475701645016677 -0.014490702189505104 -0.008924725465476513
v -0.027214678004384048 -0.021190671250224117 -0.011080983094871044
v -0.027475701645016677 -0.014490702189505104 -0.008924725465476513
v -0.026210078969597823 -0.018733015283942226 -0.014607968740165234
v -0.025526067242026336 -0.03427401185035706 -0.019940020516514778
v -0.02559530548751355 -0.0336720421910286 -0.019751491025090218
v -0.024798860773444183 -0.030867394059896476 -0.023201288655400276
v -0.024798860773444183 -0.030867394059896476 -0.023201288655400276
v -0.02559530548751355 -0.0336720421910286 -0.019751491025090218
v -0.02495424263179303 -0.028186311945319183 -0.022267403081059456
v -0.024798860773444183 -0.030867394059896476 -0.023201288655400276
v -0.02495424263179303 -0.028186311945319183 -0.022267403081059456
v -0.023967718705534942 -0.025245958939194686 -0.025711121037602425
v -0.023967718705534942 -0.025245958939194686 -0.025711121037602425
v -0.02495424263179303 -0.028186311945319183 -0.022267403081059456
v -0.023858448490500457 -0.022665893658995632 -0.024647654965519905
v -0.023967718705534942 -0.025245958939194686 -0.025711121037602425
v -0.023858448490500457 -0.022665893658995632 -0.024647654965519905
v -0.02251984737813473 -0.019807035103440288 -0.028085770085453987
v -0.02251984737813473 -0.019807035103440288 -0.028085770085453987
v -0.023858448490500457 -0.022665893658995632 -0.024647654965519905
v -0.022135438397526744 -0.01744901202619076 -0.026865245774388313
v -0.02251984737813473 -0.019807035103440288 -0.028085770085453987
v -0.022135438397526744 -0.01744901202619076 -0.026865245774388313
v -0.020346963778138164 -0.014913820661604408 -0.03024172969162464
v -0.028498874977231033 -0.03692511841654778 -2.5509288015257425e-09
v -0.028498874977231033 -0.029655346646904952 -2.5509288015257425e-09
v -0.028454983606934554 -0.03510481491684914 -0.0024037386756390333
v -0.028454983606934554 -0.03510481491684914 -0.0024037386756390333
v -0.028498874977231033 -0.029655346646904952 -2.5509288015257425e-09
v -0.0284989532083273 -0.029287192970514304 -0.00010568158904789016
v -0.028454983606934554 -0.03510481491684914 -0.0024037386756390333
v -0.0284989532083273 -0.029287192970514304 -0.00010568158904789016
v -0.02819145284593106 -0.03253286704421044 -0.006069364491850138
v -0.02819145284593106 -0.03253286704421044 -0.006069364491850138
v -0.0284989532083273 -0.029287192970514304 -0.00010568158904789016
v -0.028358442708849914 -0.02648675255477429 -0.003765108762308955
v -0.02819145284593106 -0.03253286704421044 -0.006069364491850138
v -0.028358442708849914 -0.02648675255477429 -0.003765108762308955
v -0.02768181078135968 -0.030006509274244315 -0.009724739007651806
v -0.02768181078135968 -0.030006509274244315 -0.009724739007651806
v -0.028358442708849914 -0.02648675255477429 -0.003765108762308955
v -0.027932161465287215 -0.023781405761837966 -0.007446470204740763
v -0.02768181078135968 -0.030006509274244315 -0.009724739007651806
v -0.027932161465287215 -0.023781405761837966 -0.007446470204740763
v -0.026962703093886382 -0.027509598061442382 -0.013317289762198925
v -0.026962703093886382 -0.027509598061442382 -0.013317289762198925
v -0.027932161465287215 -0.023781405761837966 -0.007446470204740763
v -0.027214678004384048 -0.021190671250224117 -0.011080983094871044
v -0.026962703093886382 -0.027509598061442382 -0.013317289762198925
v -0.027214678004384048 -0.021190671250224117 -0.011080983094871044
v -0.026067251339554794 -0.025020999833941467 -0.01681298203766346
v -0.026067251339554794 -0.025020999833941467 -0.01681298203766346
v -0.027214678004384048 -0.021190671250224117 -0.011080983094871044
v -0.026210078969597823 -0.018733015283942226 -0.014607968740165234
v -0.026067251339554794 -0.025020999833941467 -0.01681298203766346
v -0.026210078969597823 -0.018733015283942226 -0.014607968740165234
v -0.024981351569294936 -0.022519307211041454 -0.02020794339478016
v -0.024981351569294936 -0.022519307211041454 -0.02020794339478016
v -0.026210078969597823 -0.018733015283942226 -0.014607968740165234
v -0.024912139400839813 -0.016424069181084636 -0.01799476332962513
v -0.024981351569294936 -0.022519307211041454 -0.02020794339478016
v -0.024912139400839813 -0.016424069181084636 -0.01799476332962513
v -0.023679142817854888 -0.01999304629862309 -0.023537756875157356
v -0.027890959754586227 -0.03840827196836472 -0.00823927205055952
v -0.028252022340893752 -0.03900133073329926 -0.005180420819669962
v -0.027878558263182647 -0.03809462487697602 -0.008362236432731152
v -0.027878558263182647 -0.03809462487697602 -0.008362236432731152
v -0.028252022340893752 -0.03900133073329926 -0.005180420819669962
v -0.02819145284593106 -0.03253286704421044 -0.006069364491850138
v -0.027878558263182647 -0.03809462487697602 -0.008362236432731152
v -0.02819145284593106 -0.03253286704421044 -0.006069364491850138
v -0.02731383405625821 -0.035793051123619087 -0.011914911679923534
v -0.02731383405625821 -0.035793051123619087 -0.011914911679923534
v -0.02819145284593106 -0.03253286704421044 -0.006069364491850138
v -0.02768181078135968 -0.030006509274244315 -0.009724739007651806
v -0.02731383405625821 -0.035793051123619087 -0.011914911679923534
v -0.02768181078135968 -0.030006509274244315 -0.009724739007651806
v -0.026620166376233108 -0.033414527773857124 -0.01541066449135542
v -0.026620166376233108 -0.033414527773857124 -0.01541066449135542
v -0.02768181078135968 -0.030006509274244315 -0.009724739007651806
v -0.026962703093886382 -0.027509598061442382 -0.013317289762198925
v -0.026620166376233108 -0.033414527773857124 -0.01541066449135542
v -0.026962703093886382 -0.027509598061442382 -0.013317289762198925
v -0.0258291494101286 -0.03089674189686776 -0.01885324902832508
v -0.0258291494101286 -0.03089674189686776 -0.01885324902832508
v -0.026962703093886382 -0.027509598061442382 -0.013317289762198925
v -0.026067251339554794 -0.025020999833941467 -0.01681298203766346
v -0.0258291494101286 -0.03089674189686776 -0.01885324902832508
v -0.026067251339554794 -0.025020999833941467 -0.01681298203766346
v -0.02495424263179303 -0.028186311945319183 -0.022267403081059456
v -0.02495424263179303 -0.028186311945319183 -0.022267403081059456
v -0.026067251339554794 -0.025020999833941467 -0.01681298203766346
v -0.024981351569294936 -0.022519307211041454 -0.02020794339478016
v -0.02495424263179303 -0.028186311945319183 -0.022267403081059456
v -0.024981351569294936 -0.022519307211041454 -0.02020794339478016
v -0.023858448490500457 -0.022665893658995632 -0.024647654965519905
v -0.023858448490500457 -0.022665893658995632 -0.024647654965519905
v -0.024981351569294936 -0.022519307211041454 -0.02020794339478016
v -0.023679142817854888 -0.01999304629862309 -0.023537756875157356
v -0.023858448490500457 -0.022665893658995632 -0.024647654965519905
v -0.023679142817854888 -0.01999304629862309 -0.023537756875157356
v -0.022135438397526744 -0.01744901202619076 -0.026865245774388313
v -0.0026849750429391865 -0.0032478619832545528 -0.04522276297211647
v -0.00436081923544407 -0.0024978343863040213 -0.04637903347611427
v -0.007293300703167917 -0.003996444400399924 -0.04440188780426979
v -0.005738819018006326 -0.005729460623115302 -0.03726274147629738
v -0.006771320477128031 -0.005756223108619452 -0.038637761026620865
v -0.00853213854134083 -0.006229085382074119 -0.0373234786093235
v -0.00853213854134083 -0.006229085382074119 -0.0373234786093235
v -0.006771320477128031 -0.005756223108619452 -0.038637761026620865
v -0.00786777399480343 -0.005736855324357749 -0.0398755706846714
v -0.00853213854134083 -0.006229085382074119 -0.0373234786093235
v -0.00786777399480343 -0.005736855324357749 -0.0398755706846714
v -0.010239990428090097 -0.006739338394254448 -0.03595644608139992
v -0.011887481436133388 -0.00728109246119857 -0.034561339765787125
v -0.01110491342842579 -0.007009306456893684 -0.03712112084031105
v -0.01346872188150883 -0.00785613898187876 -0.033150557428598404
v -0.019681608304381374 -0.012853694148361686 -0.028810860589146614
v -0.016878804191946987 -0.01002179551869631 -0.03115093894302845
v -0.017362518236041073 -0.01085756439715624 -0.03200292959809303
v -0.017362518236041073 -0.01085756439715624 -0.03200292959809303
v -0.016878804191946987 -0.01002179551869631 -0.03115093894302845
v -0.014120100066065792 -0.008445036597549917 -0.03417271748185158
v -0.01346872188150883 -0.00785613898187876 -0.033150557428598404
v -0.014120100066065792 -0.008445036597549917 -0.03417271748185158
v -0.014978868886828426 -0.008470308966934683 -0.03172803297638893
v -0.014978868886828426 -0.008470308966934683 -0.03172803297638893
v -0.014120100066065792 -0.008445036597549917 -0.03417271748185158
v -0.016878804191946987 -0.01002179551869631 -0.03115093894302845
v -0.014978868886828426 -0.008470308966934683 -0.03172803297638893
v -0.016878804191946987 -0.01002179551869631 -0.03115093894302845
v -0.016413947567343715 -0.009131242521107199 -0.030292334035038948
v -0.016413947567343715 -0.009131242521107199 -0.030292334035038948
v -0.016878804191946987 -0.01002179551869631 -0.03115093894302845
v -0.019681608304381374 -0.012853694148361686 -0.028810860589146614
v -0.016413947567343715 -0.009131242521107199 -0.030292334035038948
v -0.019681608304381374 -0.012853694148361686 -0.028810860589146614
v -0.019045973196625713 -0.01061967480927706 -0.027365924790501595
v -0.019045973196625713 -0.01061967480927706 -0.027365924790501595
v -0.019681608304381374 -0.012853694148361686 -0.028810860589146614
v -0.021726043894886974 -0.01497647259384394 -0.02561223693192005
v -0.019045973196625713 -0.01061967480927706 -0.027365924790501595
v -0.021726043894886974 -0.01497647259384394 -0.02561223693192005
v -0.021343065425753597 -0.012341705150902275 -0.024353208020329475
v -0.021343065425753597 -0.012341705150902275 -0.024353208020329475
v -0.021726043894886974 -0.01497647259384394 -0.02561223693192005
v -0.023295899853110317 -0.014284779317677024 -0.021237554028630257
v -0.021343065425753597 -0.012341705150902275 -0.024353208020329475
v -0.023295899853110317 -0.014284779317677024 -0.021237554028630257
v -0.023168740794062618 -0.01118107605725527 -0.020117225125432014
v -0.023168740794062618 -0.01118107605725527 -0.020117225125432014
v -0.023295899853110317 -0.014284779317677024 -0.021237554028630257
v -0.024918043985962875 -0.013173052109777931 -0.016908885911107063
v -0.023168740794062618 -0.01118107605725527 -0.020117225125432014
v -0.024918043985962875 -0.013173052109777931 -0.016908885911107063
v -0.02497806958854199 -0.009764631278812887 -0.01587599702179432
v -0.02497806958854199 -0.009764631278812887 -0.01587599702179432
v -0.024918043985962875 -0.013173052109777931 -0.016908885911107063
v -0.026422990486025817 -0.011990406550467018 -0.012480261735618114
v -0.02497806958854199 -0.009764631278812887 -0.01587599702179432
v -0.026422990486025817 -0.011990406550467018 -0.012480261735618114
v -0.025101078674197204 -0.006194935645908119 -0.014910879544913769
v -0.025101078674197204 -0.006194935645908119 -0.014910879544913769
v -0.026422990486025817 -0.011990406550467018 -0.012480261735618114
v -0.02676262520253659 -0.00479749357327819 -0.010553601197898388
v -0.025101078674197204 -0.006194935645908119 -0.014910879544913769
v -0.02676262520253659 -0.00479749357327819 -0.010553601197898388
v -0.0252875853329897 -0.0024751659948378806 -0.014011266641318798
v -0.0252875853329897 -0.0024751659948378806 -0.014011266641318798
v -0.02676262520253659 -0.00479749357327819 -0.010553601197898388
v -0.027195112779736526 0.002729150233790279 -0.008775833062827587
v -0.0252875853329897 -0.0024751659948378806 -0.014011266641318798
v -0.027195112779736526 0.002729150233790279 -0.008775833062827587
v -0.025968192145228393 0.0034359532874077567 -0.01207375805824995
v -0.025968192145228393 0.0034359532874077567 -0.01207375805824995
v -0.027195112779736526 0.002729150233790279 -0.008775833062827587
v -0.027065856382250793 0.003436310915276409 -0.009166779927909374
v -0.01346872188150883 -0.00785613898187876 -0.033150557428598404
v -0.01110491342842579 -0.007009306456893684 -0.03712112084031105
v -0.014120100066065792 -0.008445036597549917 -0.03417271748185158
v -0.014120100066065792 -0.008445036597549917 -0.03417271748185158
v -0.01110491342842579 -0.007009306456893684 -0.03712112084031105
v -0.014795375987887386 -0.008986727334558966 -0.035164956003427505
v -0.014120100066065792 -0.008445036597549917 -0.03417271748185158
v -0.014795375987887386 -0.008986727334558966 -0.035164956003427505
v -0.017362518236041073 -0.01085756439715624 -0.03200292959809303
v -0.017362518236041073 -0.01085756439715624 -0.03200292959809303
v -0.014795375987887386 -0.008986727334558966 -0.035164956003427505
v -0.017854230478405956 -0.011653435416519644 -0.03284204378724098
v -0.017362518236041073 -0.01085756439715624 -0.03200292959809303
v -0.017854230478405956 -0.011653435416519644 -0.03284204378724098
v -0.019681608304381374 -0.012853694148361686 -0.028810860589146614
v -0.017318448051810268 -0.008483172394335272 -0.04476368799805641
v -0.01865225471556187 -0.011918910779058937 -0.04076719656586647
v -0.01717946864664555 -0.008578469045460226 -0.04431939497590065
v -0.01717946864664555 -0.008578469045460226 -0.04431939497590065
v -0.01865225471556187 -0.011918910779058937 -0.04076719656586647
v -0.017470782622694973 -0.010971744544804098 -0.038897279649972916
v -0.01717946864664555 -0.008578469045460226 -0.04431939497590065
v -0.017470782622694973 -0.010971744544804098 -0.038897279649972916
v -0.015577955171465877 -0.008123663254082205 -0.04225659742951393
v -0.015577955171465877 -0.008123663254082205 -0.04225659742951393
v -0.017470782622694973 -0.010971744544804098 -0.038897279649972916
v -0.014716247096657756 -0.007898815907537939 -0.04125559702515602
v -0.015577955171465877 -0.008123663254082205 -0.04225659742951393
v -0.014716247096657756 -0.007898815907537939 -0.04125559702515602
v -0.012478297576308254 -0.005463378038257361 -0.04411900416016579
v -0.012478297576308254 -0.005463378038257361 -0.04411900416016579
v -0.014716247096657756 -0.007898815907537939 -0.04125559702515602
v -0.011335020884871485 -0.005536095704883338 -0.043083611875772476
v -0.012478297576308254 -0.005463378038257361 -0.04411900416016579
v -0.011335020884871485 -0.005536095704883338 -0.043083611875772476
v -0.008719624951481821 -0.0035949957091361293 -0.04545730724930763
v -0.008719624951481821 -0.0035949957091361293 -0.04545730724930763
v -0.011335020884871485 -0.005536095704883338 -0.043083611875772476
v -0.007293300703167917 -0.003996444400399924 -0.04440188780426979
v -0.008719624951481821 -0.0035949957091361293 -0.04545730724930763
v -0.007293300703167917 -0.003996444400399924 -0.04440188780426979
v -0.006167592480778696 -0.002365340711548925 -0.0467185415327549
v -0.006167592480778696 -0.002365340711548925 -0.0467185415327549
v -0.007293300703167917 -0.003996444400399924 -0.04440188780426979
v -0.00436081923544407 -0.0024978343863040213 -0.04637903347611427
v -0.006167592480778696 -0.002365340711548925 -0.0467185415327549
v -0.00436081923544407 -0.0024978343863040213 -0.04637903347611427
v -0.003454534336924554 -0.002143741818144918 -0.04678976908326149
v -0.003454534336924554 -0.002143741818144918 -0.04678976908326149
v -0.00436081923544407 -0.0024978343863040213 -0.04637903347611427
v -0.0026849750429391865 -0.0032478619832545528 -0.04522276297211647
v -0.003454534336924554 -0.002143741818144918 -0.04678976908326149
v -0.0026849750429391865 -0.0032478619832545528 -0.04522276297211647
v 1.115633153858653e-06 -0.0023696545977145438 -0.046466950327157974
v -0.01927764527499676 -0.01389964018017054 -0.035289470106363297
v -0.01882068626582623 -0.013168302364647392 -0.03448069468140602
v -0.016829399392008785 -0.010486786253750326 -0.037980858236551285
v -0.016829399392008785 -0.010486786253750326 -0.037980858236551285
v -0.01882068626582623 -0.013168302364647392 -0.03448069468140602
v -0.016162710264325145 -0.009997100569307806 -0.03706097975373268
v -0.016829399392008785 -0.010486786253750326 -0.037980858236551285
v -0.016162710264325145 -0.009997100569307806 -0.03706097975373268
v -0.01382403634488583 -0.007680488284677269 -0.04026103392243385
v -0.01382403634488583 -0.007680488284677269 -0.04026103392243385
v -0.016162710264325145 -0.009997100569307806 -0.03706097975373268
v -0.012914130464196209 -0.007465244736522438 -0.03925538435578346
v -0.01382403634488583 -0.007680488284677269 -0.04026103392243385
v -0.012914130464196209 -0.007465244736522438 -0.03925538435578346
v -0.01017170585691929 -0.005613373126834632 -0.0420568622648716
v -0.01017170585691929 -0.005613373126834632 -0.0420568622648716
v -0.012914130464196209 -0.007465244736522438 -0.03925538435578346
v -0.009008562192320825 -0.005684619303792716 -0.041001979261636734
v -0.01017170585691929 -0.005613373126834632 -0.0420568622648716
v -0.009008562192320825 -0.005684619303792716 -0.041001979261636734
v -0.0058683734387159365 -0.004376777913421393 -0.0433352030813694
v -0.0058683734387159365 -0.004376777913421393 -0.0433352030813694
v -0.009008562192320825 -0.005684619303792716 -0.041001979261636734
v -0.004474068060517312 -0.004718007054179908 -0.04219562187790871
v -0.0058683734387159365 -0.004376777913421393 -0.0433352030813694
v -0.004474068060517312 -0.004718007054179908 -0.04219562187790871
v -0.0010461678029969337 -0.0039181201718747624 -0.04398185387253761
v -0.017854230478405956 -0.011653435416519644 -0.03284204378724098
v -0.020346963778138164 -0.014913820661604408 -0.03024172969162464
v -0.019681608304381374 -0.012853694148361686 -0.028810860589146614
v -0.019681608304381374 -0.012853694148361686 -0.028810860589146614
v -0.020346963778138164 -0.014913820661604408 -0.03024172969162464
v -0.022135438397526744 -0.01744901202619076 -0.026865245774388313
v -0.019681608304381374 -0.012853694148361686 -0.028810860589146614
v -0.022135438397526744 -0.01744901202619076 -0.026865245774388313
v -0.021726043894886974 -0.01497647259384394 -0.02561223693192005
v -0.021726043894886974 -0.01497647259384394 -0.02561223693192005
v -0.022135438397526744 -0.01744901202619076 -0.026865245774388313
v -0.023679142817854888 -0.01999304629862309 -0.023537756875157356
v -0.021726043894886974 -0.01497647259384394 -0.02561223693192005
v -0.023679142817854888 -0.01999304629862309 -0.023537756875157356
v -0.023295899853110317 -0.014284779317677024 -0.021237554028630257
v -0.023295899853110317 -0.014284779317677024 -0.021237554028630257
v -0.023679142817854888 -0.01999304629862309 -0.023537756875157356
v -0.024912139400839813 -0.016424069181084636 -0.01799476332962513
v -0.023295899853110317 -0.014284779317677024 -0.021237554028630257
v -0.024912139400839813 -0.016424069181084636 -0.01799476332962513
v -0.024918043985962875 -0.013173052109777931 -0.016908885911107063
v -0.024918043985962875 -0.013173052109777931 -0.016908885911107063
v -0.024912139400839813 -0.016424069181084636 -0.01799476332962513
v -0.026210078969597823 -0.018733015283942226 -0.014607968740165234
v -0.024918043985962875 -0.013173052109777931 -0.016908885911107063
v -0.026210078969597823 -0.018733015283942226 -0.014607968740165234
v -0.026422990486025817 -0.011990406550467018 -0.012480261735618114
v -0.026422990486025817 -0.011990406550467018 -0.012480261735618114
v -0.026210078969597823 -0.018733015283942226 -0.014607968740165234
v -0.027475701645016677 -0.014490702189505104 -0.008924725465476513
v -0.026422990486025817 -0.011990406550467018 -0.012480261735618114
v -0.027475701645016677 -0.014490702189505104 -0.008924725465476513
v -0.027776153758168227 -0.007479382213205101 -0.006943645421415567
v -0.027776153758168227 -0.007479382213205101 -0.006943645421415567
v -0.027475701645016677 -0.014490702189505104 -0.008924725465476513
v -0.028343500569462783 -0.010438931174576284 -0.0032568599563091993
v -0.027776153758168227 -0.007479382213205101 -0.006943645421415567
v -0.028343500569462783 -0.010438931174576284 -0.0032568599563091993
v -0.028075153008103378 -0.00025769812054932123 -0.005090358201414347
v -0.028075153008103378 -0.00025769812054932123 -0.005090358201414347
v -0.028343500569462783 -0.010438931174576284 -0.0032568599563091993
v -0.02846894599497319 -0.0035543900448828944 -0.0013603593688458204
v -0.028075153008103378 -0.00025769812054932123 -0.005090358201414347
v -0.02846894599497319 -0.0035543900448828944 -0.0013603593688458204
v -0.028337473049759872 0.003436035243794323 -0.0031068946700543165
v -0.028337473049759872 0.003436035243794323 -0.0031068946700543165
v -0.02846894599497319 -0.0035543900448828944 -0.0013603593688458204
v -0.028498874977231033 0.0017003815155476336 -2.5509288015257425e-09
v -0.028337473049759872 0.003436035243794323 -0.0031068946700543165
v -0.028498874977231033 0.0017003815155476336 -2.5509288015257425e-09
v -0.028498871251940734 0.0034359979908913383 -2.5509288015257425e-09
v 1.1230837344555768e-06 -0.003462721826508642 -0.04485255852341652
v 1.115633153858653e-06 -0.0023696545977145438 -0.046466950327157974
v -0.0010461678029969337 -0.0039181201718747624 -0.04398185387253761
v -0.0010461678029969337 -0.0039181201718747624 -0.04398185387253761
v 1.115633153858653e-06 -0.0023696545977145438 -0.046466950327157974
v -0.0026849750429391865 -0.0032478619832545528 -0.04522276297211647
v -0.0010461678029969337 -0.0039181201718747624 -0.04398185387253761
v -0.0026849750429391865 -0.0032478619832545528 -0.04522276297211647
v -0.0058683734387159365 -0.004376777913421393 -0.0433352030813694
v -0.0058683734387159365 -0.004376777913421393 -0.0433352030813694
v -0.0026849750429391865 -0.0032478619832545528 -0.04522276297211647
v -0.007293300703167917 -0.003996444400399924 -0.04440188780426979
v -0.0058683734387159365 -0.004376777913421393 -0.0433352030813694
v -0.007293300703167917 -0.003996444400399924 -0.04440188780426979
v -0.01017170585691929 -0.005613373126834632 -0.0420568622648716
v -0.01017170585691929 -0.005613373126834632 -0.0420568622648716
v -0.007293300703167917 -0.003996444400399924 -0.04440188780426979
v -0.011335020884871485 -0.005536095704883338 -0.043083611875772476
v -0.01017170585691929 -0.005613373126834632 -0.0420568622648716
v -0.011335020884871485 -0.005536095704883338 -0.043083611875772476
v -0.01382403634488583 -0.007680488284677269 -0.04026103392243385
v -0.01382403634488583 -0.007680488284677269 -0.04026103392243385
v -0.011335020884871485 -0.005536095704883338 -0.043083611875772476
v -0.014716247096657756 -0.007898815907537939 -0.04125559702515602
v -0.01382403634488583 -0.007680488284677269 -0.04026103392243385
v -0.014716247096657756 -0.007898815907537939 -0.04125559702515602
v -0.016829399392008785 -0.010486786253750326 -0.037980858236551285
v -0.016829399392008785 -0.010486786253750326 -0.037980858236551285
v -0.014716247096657756 -0.007898815907537939 -0.04125559702515602
v -0.017470782622694973 -0.010971744544804098 -0.038897279649972916
v -0.016829399392008785 -0.010486786253750326 -0.037980858236551285
v -0.017470782622694973 -0.010971744544804098 -0.038897279649972916
v -0.01927764527499676 -0.01389964018017054 -0.035289470106363297
v -0.01927764527499676 -0.01389964018017054 -0.035289470106363297
v -0.017470782622694973 -0.010971744544804098 -0.038897279649972916
v -0.01865225471556187 -0.011918910779058937 -0.04076719656586647
v -0.01927764527499676 -0.01389964018017054 -0.035289470106363297
v -0.01865225471556187 -0.011918910779058937 -0.04076719656586647
v -0.02010724507272244 -0.015317087061703209 -0.03692835941910744
v -0.02010724507272244 -0.015317087061703209 -0.03692835941910744
v -0.01865225471556187 -0.011918910779058937 -0.04076719656586647
v -0.01969224773347378 -0.012811002321541313 -0.04276115074753761
v -0.023929825052618987 -0.031108213588595397 -0.026776494458317757
v -0.02396115846931935 -0.03117532469332219 -0.026633860543370247
v -0.023730223998427398 -0.03010812588036061 -0.027812780812382698
v -0.023730223998427398 -0.03010812588036061 -0.027812780812382698
v -0.02396115846931935 -0.03117532469332219 -0.026633860543370247
v -0.023948280140757568 -0.02773267216980458 -0.02674699015915394
v -0.023730223998427398 -0.03010812588036061 -0.027812780812382698
v -0.023948280140757568 -0.02773267216980458 -0.02674699015915394
v -0.022998331114649776 -0.024268405511975295 -0.03048551268875599
v -0.022998331114649776 -0.024268405511975295 -0.03048551268875599
v -0.023948280140757568 -0.02773267216980458 -0.02674699015915394
v -0.022826327010989193 -0.022077700123190883 -0.029279353097081184
v -0.022998331114649776 -0.024268405511975295 -0.03048551268875599
v -0.022826327010989193 -0.022077700123190883 -0.029279353097081184
v -0.02193120308220387 -0.020536115393042568 -0.034489456564188004
v -0.02193120308220387 -0.020536115393042568 -0.034489456564188004
v -0.022826327010989193 -0.022077700123190883 -0.029279353097081184
v -0.021521726623177532 -0.018734378740191463 -0.03303742781281471
v -0.02193120308220387 -0.020536115393042568 -0.034489456564188004
v -0.021521726623177532 -0.018734378740191463 -0.03303742781281471
v -0.02080469019711018 -0.01667152158915997 -0.03866500034928322
v -0.01979031972587109 -0.012680989690124992 -0.043421391397714615
v -0.02078785188496113 -0.015345067717134956 -0.04257005825638771
v -0.02080469019711018 -0.01667152158915997 -0.03866500034928322
v -0.02080469019711018 -0.01667152158915997 -0.03866500034928322
v -0.02078785188496113 -0.015345067717134956 -0.04257005825638771
v -0.02136660180985928 -0.017966566607356075 -0.040574733167886734
v -0.02080469019711018 -0.01667152158915997 -0.03866500034928322
v -0.02136660180985928 -0.017966566607356075 -0.040574733167886734
v -0.02193120308220387 -0.020536115393042568 -0.034489456564188004
v -0.02193120308220387 -0.020536115393042568 -0.034489456564188004
v -0.02136660180985928 -0.017966566607356075 -0.040574733167886734
v -0.022170418873429302 -0.022269999608397487 -0.03607833757996559
v -0.02193120308220387 -0.020536115393042568 -0.034489456564188004
v -0.022170418873429302 -0.022269999608397487 -0.03607833757996559
v -0.022998331114649776 -0.024268405511975295 -0.03048551268875599
v -0.022998331114649776 -0.024268405511975295 -0.03048551268875599
v -0.022170418873429302 -0.022269999608397487 -0.03607833757996559
v -0.02297485433518887 -0.026369782164692886 -0.03178012743592262
v -0.022998331114649776 -0.024268405511975295 -0.03048551268875599
v -0.02297485433518887 -0.026369782164692886 -0.03178012743592262
v -0.023730223998427398 -0.03010812588036061 -0.027812780812382698
v -0.023730223998427398 -0.03010812588036061 -0.027812780812382698
v -0.02297485433518887 -0.026369782164692886 -0.03178012743592262
v -0.02337422035634518 -0.029863908886909492 -0.029445352032780647
v -0.023730223998427398 -0.03010812588036061 -0.027812780812382698
v -0.02337422035634518 -0.029863908886909492 -0.029445352032780647
v -0.023929825052618987 -0.031108213588595397 -0.026776494458317757
v -0.010239990428090097 -0.006739338394254448 -0.03595644608139992
v -0.00786777399480343 -0.005736855324357749 -0.0398755706846714
v -0.01110491342842579 -0.007009306456893684 -0.03712112084031105
v -0.01110491342842579 -0.007009306456893684 -0.03712112084031105
v -0.00786777399480343 -0.005736855324357749 -0.0398755706846714
v -0.012002071365714077 -0.007245549466460945 -0.0382159985601902
v -0.01110491342842579 -0.007009306456893684 -0.03712112084031105
v -0.012002071365714077 -0.007245549466460945 -0.0382159985601902
v -0.014795375987887386 -0.008986727334558966 -0.035164956003427505
v -0.014795375987887386 -0.008986727334558966 -0.035164956003427505
v -0.012002071365714077 -0.007245549466460945 -0.0382159985601902
v -0.015480691567063335 -0.009499718435108663 -0.0361257828772068
v -0.014795375987887386 -0.008986727334558966 -0.035164956003427505
v -0.015480691567063335 -0.009499718435108663 -0.0361257828772068
v -0.017854230478405956 -0.011653435416519644 -0.03284204378724098
v -0.017854230478405956 -0.011653435416519644 -0.03284204378724098
v -0.015480691567063335 -0.009499718435108663 -0.0361257828772068
v -0.018343476578593258 -0.012420994229614738 -0.033667031675577164
v -0.017854230478405956 -0.011653435416519644 -0.03284204378724098
v -0.018343476578593258 -0.012420994229614738 -0.033667031675577164
v -0.020346963778138164 -0.014913820661604408 -0.03024172969162464
v -0.020346963778138164 -0.014913820661604408 -0.03024172969162464
v -0.018343476578593258 -0.012420994229614738 -0.033667031675577164
v -0.020978624001145366 -0.016863672062754635 -0.031641487032175064
v -0.020346963778138164 -0.014913820661604408 -0.03024172969162464
v -0.020978624001145366 -0.016863672062754635 -0.031641487032175064
v -0.02251984737813473 -0.019807035103440288 -0.028085770085453987
v -0.02251984737813473 -0.019807035103440288 -0.028085770085453987
v -0.020978624001145366 -0.016863672062754635 -0.031641487032175064
v -0.022826327010989193 -0.022077700123190883 -0.029279353097081184
v -0.02251984737813473 -0.019807035103440288 -0.028085770085453987
v -0.022826327010989193 -0.022077700123190883 -0.029279353097081184
v -0.023967718705534942 -0.025245958939194686 -0.025711121037602425
v -0.023967718705534942 -0.025245958939194686 -0.025711121037602425
v -0.022826327010989193 -0.022077700123190883 -0.029279353097081184
v -0.023948280140757568 -0.02773267216980458 -0.02674699015915394
v -0.023967718705534942 -0.025245958939194686 -0.025711121037602425
v -0.023948280140757568 -0.02773267216980458 -0.02674699015915394
v -0.024798860773444183 -0.030867394059896476 -0.023201288655400276
v -0.024798860773444183 -0.030867394059896476 -0.023201288655400276
v -0.023948280140757568 -0.02773267216980458 -0.02674699015915394
v -0.02396115846931935 -0.03117532469332219 -0.026633860543370247
v -0.024798860773444183 -0.030867394059896476 -0.023201288655400276
v -0.02396115846931935 -0.03117532469332219 -0.026633860543370247
v -0.02461398951709271 -0.03252049908041955 -0.02377432771027088
v -0.002530986443161965 -0.004438897129148246 -0.03119039721786976
v -0.006916007027029993 -0.0037303839344531306 -0.029887976124882698
v -0.004303468391299249 -0.0029668298084288844 -0.02955430932343006
v -0.002530986443161965 -0.004438897129148246 -0.03119039721786976
v -0.0002698545285966248 -0.004773025866597892 -0.03182930126786232
v -0.0009832849027588966 -0.005295561160892249 -0.03340733423829079
v -0.0009832849027588966 -0.005295561160892249 -0.03340733423829079
v -0.0002698545285966248 -0.004773025866597892 -0.03182930126786232
v 1.1677872180371198e-06 -0.00533518334850669 -0.033620718866586685
v -0.0009832849027588966 -0.005295561160892249 -0.03340733423829079
v 1.1677872180371198e-06 -0.00533518334850669 -0.033620718866586685
v 1.1677872180371198e-06 -0.005355072673410178 -0.03376663103699684
v 1.1230837344555768e-06 -0.003462721826508642 -0.04485255852341652
v -0.0010461678029969337 -0.0039181201718747624 -0.04398185387253761
v 1.2944470881848249e-06 -0.004360088612884284 -0.04293352738022804
v 1.2944470881848249e-06 -0.004360088612884284 -0.04293352738022804
v -0.0010461678029969337 -0.0039181201718747624 -0.04398185387253761
v -0.004474068060517312 -0.004718007054179908 -0.04219562187790871
v 1.2944470881848249e-06 -0.004360088612884284 -0.04293352738022804
v -0.004474068060517312 -0.004718007054179908 -0.04219562187790871
v -0.0031388234347105035 -0.005002120044082404 -0.04092032089829445
v -0.0031388234347105035 -0.005002120044082404 -0.04092032089829445
v -0.004474068060517312 -0.004718007054179908 -0.04219562187790871
v -0.0049683060497045526 -0.005341374780982734 -0.039854053407907486
v -0.0031388234347105035 -0.005002120044082404 -0.04092032089829445
v -0.0049683060497045526 -0.005341374780982734 -0.039854053407907486
v -0.003825562074780465 -0.005434175487607718 -0.03843754902482033
v -0.007993975654244425 -0.005447113420814277 -0.032158080488443375
v -0.007405547425150873 -0.004707147832959891 -0.030949177220463753
v -0.005988420918583872 -0.0054588629864156255 -0.03316367045044899
v -0.005988420918583872 -0.0054588629864156255 -0.03316367045044899
v -0.007405547425150873 -0.004707147832959891 -0.030949177220463753
v -0.005316494032740594 -0.004901458974927665 -0.03177786245942116
v -0.005988420918583872 -0.0054588629864156255 -0.03316367045044899
v -0.005316494032740594 -0.004901458974927665 -0.03177786245942116
v -0.003926543518900872 -0.005468265619128943 -0.03416234627366066
v -0.003926543518900872 -0.005468265619128943 -0.03416234627366066
v -0.005316494032740594 -0.004901458974927665 -0.03177786245942116
v -0.003171337768435479 -0.005106774624437095 -0.0325927771627903
v -0.003171337768435479 -0.005106774624437095 -0.0325927771627903
v 1.0634790896801862e-06 -0.00539486249908805 -0.03590459004044533
v -0.003926543518900872 -0.005468265619128943 -0.03416234627366066
v -0.003926543518900872 -0.005468265619128943 -0.03416234627366066
v 1.0634790896801862e-06 -0.00539486249908805 -0.03590459004044533
v -0.004786195233464242 -0.0056435330770909795 -0.035753849893808365
v -0.003926543518900872 -0.005468265619128943 -0.03416234627366066
v -0.004786195233464242 -0.0056435330770909795 -0.035753849893808365
v -0.005988420918583872 -0.0054588629864156255 -0.03316367045044899
v -0.005988420918583872 -0.0054588629864156255 -0.03316367045044899
v -0.004786195233464242 -0.0056435330770909795 -0.035753849893808365
v -0.006756430491805078 -0.005821240600198508 -0.03460359945893288
v -0.005988420918583872 -0.0054588629864156255 -0.03316367045044899
v -0.006756430491805078 -0.005821240600198508 -0.03460359945893288
v -0.007993975654244425 -0.005447113420814277 -0.032158080488443375
v -0.018675306811928753 -0.010496628470718862 -0.04411960020661354
v -0.01979031972587109 -0.012680989690124992 -0.043421391397714615
v -0.01969224773347378 -0.012811002321541313 -0.04276115074753761
v -0.01969224773347378 -0.012811002321541313 -0.04276115074753761
v -0.01979031972587109 -0.012680989690124992 -0.043421391397714615
v -0.02080469019711018 -0.01667152158915997 -0.03866500034928322
v -0.01969224773347378 -0.012811002321541313 -0.04276115074753761
v -0.02080469019711018 -0.01667152158915997 -0.03866500034928322
v -0.02010724507272244 -0.015317087061703209 -0.03692835941910744
v -0.02010724507272244 -0.015317087061703209 -0.03692835941910744
v -0.02080469019711018 -0.01667152158915997 -0.03866500034928322
v -0.021521726623177532 -0.018734378740191463 -0.03303742781281471
v -0.02010724507272244 -0.015317087061703209 -0.03692835941910744
v -0.021521726623177532 -0.018734378740191463 -0.03303742781281471
v -0.01927764527499676 -0.01389964018017054 -0.035289470106363297
v -0.01927764527499676 -0.01389964018017054 -0.035289470106363297
v -0.021521726623177532 -0.018734378740191463 -0.03303742781281471
v -0.020978624001145366 -0.016863672062754635 -0.031641487032175064
v -0.01927764527499676 -0.01389964018017054 -0.035289470106363297
v -0.020978624001145366 -0.016863672062754635 -0.031641487032175064
v -0.01882068626582623 -0.013168302364647392 -0.03448069468140602
v -0.01882068626582623 -0.013168302364647392 -0.03448069468140602
v -0.020978624001145366 -0.016863672062754635 -0.031641487032175064
v -0.018343476578593258 -0.012420994229614738 -0.033667031675577164
v -0.01882068626582623 -0.013168302364647392 -0.03448069468140602
v -0.018343476578593258 -0.012420994229614738 -0.033667031675577164
v -0.016162710264325145 -0.009997100569307806 -0.03706097975373268
v -0.016162710264325145 -0.009997100569307806 -0.03706097975373268
v -0.018343476578593258 -0.012420994229614738 -0.033667031675577164
v -0.015480691567063335 -0.009499718435108663 -0.0361257828772068
v -0.016162710264325145 -0.009997100569307806 -0.03706097975373268
v -0.015480691567063335 -0.009499718435108663 -0.0361257828772068
v -0.012914130464196209 -0.007465244736522438 -0.03925538435578346
v -0.012914130464196209 -0.007465244736522438 -0.03925538435578346
v -0.015480691567063335 -0.009499718435108663 -0.0361257828772068
v -0.012002071365714077 -0.007245549466460945 -0.0382159985601902
v -0.012914130464196209 -0.007465244736522438 -0.03925538435578346
v -0.012002071365714077 -0.007245549466460945 -0.0382159985601902
v -0.009008562192320825 -0.005684619303792716 -0.041001979261636734
v -0.009008562192320825 -0.005684619303792716 -0.041001979261636734
v -0.012002071365714077 -0.007245549466460945 -0.0382159985601902
v -0.00786777399480343 -0.005736855324357749 -0.0398755706846714
v -0.009008562192320825 -0.005684619303792716 -0.041001979261636734
v -0.00786777399480343 -0.005736855324357749 -0.0398755706846714
v -0.004474068060517312 -0.004718007054179908 -0.04219562187790871
v -0.004474068060517312 -0.004718007054179908 -0.04219562187790871
v -0.00786777399480343 -0.005736855324357749 -0.0398755706846714
v -0.006771320477128031 -0.005756223108619452 -0.038637761026620865
v -0.004474068060517312 -0.004718007054179908 -0.04219562187790871
v -0.006771320477128031 -0.005756223108619452 -0.038637761026620865
v -0.0049683060497045526 -0.005341374780982734 -0.039854053407907486
v -0.0049683060497045526 -0.005341374780982734 -0.039854053407907486
v -0.006771320477128031 -0.005756223108619452 -0.038637761026620865
v -0.005738819018006326 -0.005729460623115302 -0.03726274147629738
v -0.0049683060497045526 -0.005341374780982734 -0.039854053407907486
v -0.005738819018006326 -0.005729460623115302 -0.03726274147629738
v -0.003825562074780465 -0.005434175487607718 -0.03843754902482033
v -0.008369820192456247 0.0012710790615528824 -0.0275688786059618
v -0.00836802087724209 0.0031971100252121696 -0.027384402230381966
v -0.006085796281695368 0.0027016315143555407 -0.027917804196476936
v -0.003980176523327828 -0.00154595565982163 -0.028828265145421028
v -0.004303468391299249 -0.0029668298084288844 -0.02955430932343006
v -0.006534604355692865 -0.0024878990370780234 -0.0290337223559618
v -0.006534604355692865 -0.0024878990370780234 -0.0290337223559618
v -0.004303468391299249 -0.0029668298084288844 -0.02955430932343006
v -0.006916007027029993 -0.0037303839344531306 -0.029887976124882698
v -0.006534604355692865 -0.0024878990370780234 -0.0290337223559618
v -0.006916007027029993 -0.0037303839344531306 -0.029887976124882698
v -0.00900818593800068 -0.003439323278144003 -0.029169978573918343
v -0.00900818593800068 -0.003439323278144003 -0.029169978573918343
v -0.006916007027029993 -0.0037303839344531306 -0.029887976124882698
v -0.009424498304724695 -0.004558996763080359 -0.030084313824772835
v -0.00900818593800068 -0.003439323278144003 -0.029169978573918343
v -0.009424498304724695 -0.004558996763080359 -0.030084313824772835
v -0.01136116497218609 -0.004486688878387214 -0.029163779690861702
v -0.003715934231877328 0.0020796868484467272 -0.028281928971409798
v -0.0037845578044652948 0.000169413848198019 -0.02841121144592762
v -0.0061186570674181 0.0007798175793141129 -0.02807009406387806
v -0.0061186570674181 0.0007798175793141129 -0.02807009406387806
v -0.0037845578044652948 0.000169413848198019 -0.02841121144592762
v -0.0062678921967744845 -0.0009739894885569813 -0.02842480130493641
v -0.0061186570674181 0.0007798175793141129 -0.02807009406387806
v -0.0062678921967744845 -0.0009739894885569813 -0.02842480130493641
v -0.008476922288537027 -0.0005076725501567126 -0.027904393151402473
v -0.008476922288537027 -0.0005076725501567126 -0.027904393151402473
v -0.0062678921967744845 -0.0009739894885569813 -0.02842480130493641
v -0.008690482005476953 -0.0020878401119261984 -0.028435589745640755
v -0.008476922288537027 -0.0005076725501567126 -0.027904393151402473
v -0.008690482005476953 -0.0020878401119261984 -0.028435589745640755
v -0.010756248608231546 -0.0018012758810073142 -0.027725638821721077
v -0.010756248608231546 -0.0018012758810073142 -0.027725638821721077
v -0.008690482005476953 -0.0020878401119261984 -0.028435589745640755
v -0.011014273390173914 -0.003242993028834463 -0.028369249776005745
v -0.010756248608231546 -0.0018012758810073142 -0.027725638821721077
v -0.011014273390173914 -0.003242993028834463 -0.028369249776005745
v -0.012923246249556545 -0.0031628322321921596 -0.027471007779240608
v -0.012923246249556545 -0.0031628322321921596 -0.027471007779240608
v -0.011014273390173914 -0.003242993028834463 -0.028369249776005745
v -0.013205567374825481 -0.004511298146098853 -0.028173329308629036
v -0.012923246249556545 -0.0031628322321921596 -0.027471007779240608
v -0.013205567374825481 -0.004511298146098853 -0.028173329308629036
v -0.0149498675018549 -0.004646280314773322 -0.027103843167424202
v -0.0037845578044652948 0.000169413848198019 -0.02841121144592762
v -0.003980176523327828 -0.00154595565982163 -0.028828265145421028
v -0.0062678921967744845 -0.0009739894885569813 -0.02842480130493641
v -0.0062678921967744845 -0.0009739894885569813 -0.02842480130493641
v -0.003980176523327828 -0.00154595565982163 -0.028828265145421028
v -0.006534604355692865 -0.0024878990370780234 -0.0290337223559618
v -0.0062678921967744845 -0.0009739894885569813 -0.02842480130493641
v -0.006534604355692865 -0.0024878990370780234 -0.0290337223559618
v -0.008690482005476953 -0.0020878401119261984 -0.028435589745640755
v -0.008690482005476953 -0.0020878401119261984 -0.028435589745640755
v -0.006534604355692865 -0.0024878990370780234 -0.0290337223559618
v -0.00900818593800068 -0.003439323278144003 -0.029169978573918343
v -0.008690482005476953 -0.0020878401119261984 -0.028435589745640755
v -0.00900818593800068 -0.003439323278144003 -0.029169978573918343
v -0.011014273390173914 -0.003242993028834463 -0.028369249776005745
v -0.011014273390173914 -0.003242993028834463 -0.028369249776005745
v -0.00900818593800068 -0.003439323278144003 -0.029169978573918343
v -0.01136116497218609 -0.004486688878387214 -0.029163779690861702
v -0.011014273390173914 -0.003242993028834463 -0.028369249776005745
v -0.01136116497218609 -0.004486688878387214 -0.029163779690861702
v -0.013205567374825481 -0.004511298146098853 -0.028173329308629036
v -0.006756430491805078 -0.005821240600198508 -0.03460359945893288
v -0.008670615032315256 -0.005997446831315758 -0.03343934193253517
v -0.007993975654244425 -0.005447113420814277 -0.032158080488443375
v -0.007993975654244425 -0.005447113420814277 -0.032158080488443375
v -0.008670615032315256 -0.005997446831315758 -0.03343934193253517
v -0.01051849313080311 -0.006194976624101402 -0.0322648324072361
v -0.007993975654244425 -0.005447113420814277 -0.032158080488443375
v -0.01051849313080311 -0.006194976624101402 -0.0322648324072361
v -0.011789849027991298 -0.0055425441823899755 -0.03007894940674305
v -0.011789849027991298 -0.0055425441823899755 -0.03007894940674305
v -0.01051849313080311 -0.006194976624101402 -0.0322648324072361
v -0.01229127682745457 -0.006435250397771599 -0.03107464499771595
v -0.011789849027991298 -0.0055425441823899755 -0.03007894940674305
v -0.01229127682745457 -0.006435250397771599 -0.03107464499771595
v -0.01523779891431332 -0.005943716969341041 -0.02782309241592884
v -0.01523779891431332 -0.005943716969341041 -0.02782309241592884
v -0.01229127682745457 -0.006435250397771599 -0.03107464499771595
v -0.01398161239922047 -0.006736261304467918 -0.029859425500035286
v -0.01523779891431332 -0.005943716969341041 -0.02782309241592884
v -0.01398161239922047 -0.006736261304467918 -0.029859425500035286
v -0.01558354310691357 -0.007112090941518547 -0.02860892005264759
v -0.0115628968924284 0.0034360575955361137 -0.026320459321141243
v -0.012565067037940029 0.0018487859051674609 -0.026095988228917122
v -0.014488002285361293 0.0019242081325501208 -0.02514529414474964
v -0.014488002285361293 0.0019242081325501208 -0.02514529414474964
v -0.012565067037940029 0.0018487859051674609 -0.026095988228917122
v -0.014493515715003017 8.676083962200211e-05 -0.025493742898106575
v -0.014488002285361293 0.0019242081325501208 -0.02514529414474964
v -0.014493515715003017 8.676083962200211e-05 -0.025493742898106575
v -0.016310015693306926 -0.0017507199663668875 -0.024860085919499397
v -0.010522661730647089 0.0016299474518746142 -0.026908161118626595
v -0.01059175841510296 -0.00016903995128814134 -0.02724290080368519
v -0.012600289657711986 3.0419549148064113e-05 -0.026436271145939827
v -0.012600289657711986 3.0419549148064113e-05 -0.026436271145939827
v -0.01059175841510296 -0.00016903995128814134 -0.02724290080368519
v -0.012720176950097088 -0.0016463820356875662 -0.026890696957707405
v -0.012600289657711986 3.0419549148064113e-05 -0.026436271145939827
v -0.012720176950097088 -0.0016463820356875662 -0.026890696957707405
v -0.014573471620678905 -0.0016296517569571738 -0.025932373479008675
v -0.014573471620678905 -0.0016296517569571738 -0.025932373479008675
v -0.012720176950097088 -0.0016463820356875662 -0.026890696957707405
v -0.01472667790949345 -0.003209312679246069 -0.026469828560948372
v -0.014573471620678905 -0.0016296517569571738 -0.025932373479008675
v -0.01472667790949345 -0.003209312679246069 -0.026469828560948372
v -0.016588358208537105 -0.004898475017398597 -0.02595132775604725
v -0.023179234936833385 -0.004332692828029395 -0.018115760758519173
v -0.02333888225257397 -0.0005885560531169177 -0.01725572533905506
v -0.022045364603400234 -0.0035666723269969234 -0.01962280459702015
v -0.022045364603400234 -0.0035666723269969234 -0.01962280459702015
v -0.02333888225257397 -0.0005885560531169177 -0.01725572533905506
v -0.02218202315270901 0.00017099337128456685 -0.01878124661743641
v -0.022045364603400234 -0.0035666723269969234 -0.01962280459702015
v -0.02218202315270901 0.00017099337128456685 -0.01878124661743641
v -0.020793097093701366 -0.0029199693817645316 -0.02105814404785633
v -0.020793097093701366 -0.0029199693817645316 -0.02105814404785633
v -0.02218202315270901 0.00017099337128456685 -0.01878124661743641
v -0.02090038545429707 0.0007994237821549179 -0.020233692601323128
v -0.020793097093701366 -0.0029199693817645316 -0.02105814404785633
v -0.02090038545429707 0.0007994237821549179 -0.020233692601323128
v -0.019420450553298 -0.0023982014972716574 -0.02241516299545765
v -0.019420450553298 -0.0023982014972716574 -0.02241516299545765
v -0.02090038545429707 0.0007994237821549179 -0.020233692601323128
v -0.019491532817482952 0.0012917469721287491 -0.021605314686894417
v -0.019420450553298 -0.0023982014972716574 -0.02241516299545765
v -0.019491532817482952 0.0012917469721287491 -0.021605314686894417
v -0.01792615838348866 -0.0020071428734809165 -0.023685218766331673
v -0.01792615838348866 -0.0020071428734809165 -0.023685218766331673
v -0.019491532817482952 0.0012917469721287491 -0.021605314686894417
v -0.017953483387827877 0.0016444574575871234 -0.02288741059601307
v -0.01792615838348866 -0.0020071428734809165 -0.023685218766331673
v -0.017953483387827877 0.0016444574575871234 -0.02288741059601307
v -0.016310015693306926 -0.0017507199663668875 -0.024860085919499397
v -0.016310015693306926 -0.0017507199663668875 -0.024860085919499397
v -0.017953483387827877 0.0016444574575871234 -0.02288741059601307
v -0.01628529839217663 0.0018557372968643908 -0.024071039631962776
v -0.016310015693306926 -0.0017507199663668875 -0.024860085919499397
v -0.01628529839217663 0.0018557372968643908 -0.024071039631962776
v -0.014488002285361293 0.0019242081325501208 -0.02514529414474964
v -0.014488002285361293 0.0019242081325501208 -0.02514529414474964
v -0.01628529839217663 0.0018557372968643908 -0.024071039631962776
v -0.014201039448380474 0.003436400322243572 -0.025102855637669563
v -0.014488002285361293 0.0019242081325501208 -0.02514529414474964
v -0.014201039448380474 0.003436400322243572 -0.025102855637669563
v -0.0115628968924284 0.0034360575955361137 -0.026320459321141243
v 1.0560285090832624e-06 -0.005399031098932029 -0.03531480208039284
v 1.0634790896801862e-06 -0.00539486249908805 -0.03590459004044533
v -0.0009832849027588966 -0.005295561160892249 -0.03340733423829079
v -0.0009832849027588966 -0.005295561160892249 -0.03340733423829079
v 1.0634790896801862e-06 -0.00539486249908805 -0.03590459004044533
v -0.003171337768435479 -0.005106774624437095 -0.0325927771627903
v -0.0009832849027588966 -0.005295561160892249 -0.03340733423829079
v -0.003171337768435479 -0.005106774624437095 -0.0325927771627903
v -0.002530986443161965 -0.004438897129148246 -0.03119039721786976
v -0.002530986443161965 -0.004438897129148246 -0.03119039721786976
v -0.003171337768435479 -0.005106774624437095 -0.0325927771627903
v -0.005316494032740594 -0.004901458974927665 -0.03177786245942116
v -0.002530986443161965 -0.004438897129148246 -0.03119039721786976
v -0.005316494032740594 -0.004901458974927665 -0.03177786245942116
v -0.006916007027029993 -0.0037303839344531306 -0.029887976124882698
v -0.006916007027029993 -0.0037303839344531306 -0.029887976124882698
v -0.005316494032740594 -0.004901458974927665 -0.03177786245942116
v -0.007405547425150873 -0.004707147832959891 -0.030949177220463753
v -0.006916007027029993 -0.0037303839344531306 -0.029887976124882698
v -0.007405547425150873 -0.004707147832959891 -0.030949177220463753
v -0.009424498304724695 -0.004558996763080359 -0.030084313824772835
v -0.009424498304724695 -0.004558996763080359 -0.030084313824772835
v -0.007405547425150873 -0.004707147832959891 -0.030949177220463753
v -0.007993975654244425 -0.005447113420814277 -0.032158080488443375
v -0.009424498304724695 -0.004558996763080359 -0.030084313824772835
v -0.007993975654244425 -0.005447113420814277 -0.032158080488443375
v -0.01136116497218609 -0.004486688878387214 -0.029163779690861702
v -0.01136116497218609 -0.004486688878387214 -0.029163779690861702
v -0.007993975654244425 -0.005447113420814277 -0.032158080488443375
v -0.011789849027991298 -0.0055425441823899755 -0.03007894940674305
v -0.01136116497218609 -0.004486688878387214 -0.029163779690861702
v -0.011789849027991298 -0.0055425441823899755 -0.03007894940674305
v -0.013205567374825481 -0.004511298146098853 -0.028173329308629036
v -0.013205567374825481 -0.004511298146098853 -0.028173329308629036
v -0.011789849027991298 -0.0055425441823899755 -0.03007894940674305
v -0.01523779891431332 -0.005943716969341041 -0.02782309241592884
v -0.013205567374825481 -0.004511298146098853 -0.028173329308629036
v -0.01523779891431332 -0.005943716969341041 -0.02782309241592884
v -0.0149498675018549 -0.004646280314773322 -0.027103843167424202
v -0.0149498675018549 -0.004646280314773322 -0.027103843167424202
v -0.01523779891431332 -0.005943716969341041 -0.02782309241592884
v -0.017092475667595867 -0.00757241388782859 -0.027314187958836555
v -0.02203762345016003 -0.007059821393340828 -0.02057904191315174
v -0.020841876044869426 -0.006353636737912895 -0.022026481106877327
v -0.021034697070717815 -0.00948555860668421 -0.023138346150517464
v -0.021034697070717815 -0.00948555860668421 -0.023138346150517464
v -0.020841876044869426 -0.006353636737912895 -0.022026481106877327
v -0.019535357132554058 -0.005755254533141852 -0.023407163098454475
v -0.021034697070717815 -0.00948555860668421 -0.023138346150517464
v -0.019535357132554058 -0.005755254533141852 -0.023407163098454475
v -0.018505131825804714 -0.008122012950479986 -0.025970282033085823
v -0.018505131825804714 -0.008122012950479986 -0.025970282033085823
v -0.019535357132554058 -0.005755254533141852 -0.023407163098454475
v -0.018117403611540798 -0.005269122775644065 -0.024717094376683235
v -0.018505131825804714 -0.008122012950479986 -0.025970282033085823
v -0.018117403611540798 -0.005269122775644065 -0.024717094376683235
v -0.017092475667595867 -0.00757241388782859 -0.027314187958836555
v -0.017092475667595867 -0.00757241388782859 -0.027314187958836555
v -0.018117403611540798 -0.005269122775644065 -0.024717094376683235
v -0.016588358208537105 -0.004898475017398597 -0.02595132775604725
v -0.017092475667595867 -0.00757241388782859 -0.027314187958836555
v -0.016588358208537105 -0.004898475017398597 -0.02595132775604725
v -0.0149498675018549 -0.004646280314773322 -0.027103843167424202
v -0.0149498675018549 -0.004646280314773322 -0.027103843167424202
v -0.016588358208537105 -0.004898475017398597 -0.02595132775604725
v -0.01472667790949345 -0.003209312679246069 -0.026469828560948372
v -0.0149498675018549 -0.004646280314773322 -0.027103843167424202
v -0.01472667790949345 -0.003209312679246069 -0.026469828560948372
v -0.012923246249556545 -0.0031628322321921596 -0.027471007779240608
v -0.012923246249556545 -0.0031628322321921596 -0.027471007779240608
v -0.01472667790949345 -0.003209312679246069 -0.026469828560948372
v -0.012720176950097088 -0.0016463820356875662 -0.026890696957707405
v -0.012923246249556545 -0.0031628322321921596 -0.027471007779240608
v -0.012720176950097088 -0.0016463820356875662 -0.026890696957707405
v -0.010756248608231546 -0.0018012758810073142 -0.027725638821721077
v -0.010756248608231546 -0.0018012758810073142 -0.027725638821721077
v -0.012720176950097088 -0.0016463820356875662 -0.026890696957707405
v -0.01059175841510296 -0.00016903995128814134 -0.02724290080368519
v -0.010756248608231546 -0.0018012758810073142 -0.027725638821721077
v -0.01059175841510296 -0.00016903995128814134 -0.02724290080368519
v -0.008476922288537027 -0.0005076725501567126 -0.027904393151402473
v -0.008476922288537027 -0.0005076725501567126 -0.027904393151402473
v -0.01059175841510296 -0.00016903995128814134 -0.02724290080368519
v -0.008369820192456247 0.0012710790615528824 -0.0275688786059618
v -0.008476922288537027 -0.0005076725501567126 -0.027904393151402473
v -0.008369820192456247 0.0012710790615528824 -0.0275688786059618
v -0.0061186570674181 0.0007798175793141129 -0.02807009406387806
v -0.0061186570674181 0.0007798175793141129 -0.02807009406387806
v -0.008369820192456247 0.0012710790615528824 -0.0275688786059618
v -0.006085796281695368 0.0027016315143555407 -0.027917804196476936
v -0.0061186570674181 0.0007798175793141129 -0.02807009406387806
v -0.006085796281695368 0.0027016315143555407 -0.027917804196476936
v -0.003715934231877328 0.0020796868484467272 -0.028281928971409798
v -0.02203762345016003 -0.007059821393340828 -0.02057904191315174
v -0.022045364603400234 -0.0035666723269969234 -0.01962280459702015
v -0.020841876044869426 -0.006353636737912895 -0.022026481106877327
v -0.020841876044869426 -0.006353636737912895 -0.022026481106877327
v -0.022045364603400234 -0.0035666723269969234 -0.01962280459702015
v -0.020793097093701366 -0.0029199693817645316 -0.02105814404785633
v -0.020841876044869426 -0.006353636737912895 -0.022026481106877327
v -0.020793097093701366 -0.0029199693817645316 -0.02105814404785633
v -0.019535357132554058 -0.005755254533141852 -0.023407163098454475
v -0.019535357132554058 -0.005755254533141852 -0.023407163098454475
v -0.020793097093701366 -0.0029199693817645316 -0.02105814404785633
v -0.019420450553298 -0.0023982014972716574 -0.02241516299545765
v -0.019535357132554058 -0.005755254533141852 -0.023407163098454475
v -0.019420450553298 -0.0023982014972716574 -0.02241516299545765
v -0.018117403611540798 -0.005269122775644065 -0.024717094376683235
v -0.018117403611540798 -0.005269122775644065 -0.024717094376683235
v -0.019420450553298 -0.0023982014972716574 -0.02241516299545765
v -0.01792615838348866 -0.0020071428734809165 -0.023685218766331673
v -0.018117403611540798 -0.005269122775644065 -0.024717094376683235
v -0.01792615838348866 -0.0020071428734809165 -0.023685218766331673
v -0.016588358208537105 -0.004898475017398597 -0.02595132775604725
v -0.016588358208537105 -0.004898475017398597 -0.02595132775604725
v -0.01792615838348866 -0.0020071428734809165 -0.023685218766331673
v -0.016310015693306926 -0.0017507199663668875 -0.024860085919499397
v -0.016588358208537105 -0.004898475017398597 -0.02595132775604725
v -0.016310015693306926 -0.0017507199663668875 -0.024860085919499397
v -0.014573471620678905 -0.0016296517569571738 -0.025932373479008675
v -0.014573471620678905 -0.0016296517569571738 -0.025932373479008675
v -0.016310015693306926 -0.0017507199663668875 -0.024860085919499397
v -0.014493515715003017 8.676083962200211e-05 -0.025493742898106575
v -0.014573471620678905 -0.0016296517569571738 -0.025932373479008675
v -0.014493515715003017 8.676083962200211e-05 -0.025493742898106575
v -0.012600289657711986 3.0419549148064113e-05 -0.026436271145939827
v -0.012600289657711986 3.0419549148064113e-05 -0.026436271145939827
v -0.014493515715003017 8.676083962200211e-05 -0.025493742898106575
v -0.012565067037940029 0.0018487859051674609 -0.026095988228917122
v -0.012600289657711986 3.0419549148064113e-05 -0.026436271145939827
v -0.012565067037940029 0.0018487859051674609 -0.026095988228917122
v -0.010522661730647089 0.0016299474518746142 -0.026908161118626595
v -0.010522661730647089 0.0016299474518746142 -0.026908161118626595
v -0.012565067037940029 0.0018487859051674609 -0.026095988228917122
v -0.0115628968924284 0.0034360575955361137 -0.026320459321141243
v -0.010522661730647089 0.0016299474518746142 -0.026908161118626595
v -0.0115628968924284 0.0034360575955361137 -0.026320459321141243
v -0.008369820192456247 0.0012710790615528824 -0.0275688786059618
v -0.008369820192456247 0.0012710790615528824 -0.0275688786059618
v -0.0115628968924284 0.0034360575955361137 -0.026320459321141243
v -0.008891893550753595 0.003435327438637615 -0.027226092293858528
v -0.008369820192456247 0.0012710790615528824 -0.0275688786059618
v -0.008891893550753595 0.003435327438637615 -0.027226092293858528
v -0.00836802087724209 0.0031971100252121696 -0.027384402230381966
v -0.00836802087724209 0.0031971100252121696 -0.027384402230381966
v -0.008891893550753595 0.003435327438637615 -0.027226092293858528
v -0.00583445467054844 0.0034359756391495475 -0.02794361300766468
v -0.00836802087724209 0.0031971100252121696 -0.027384402230381966
v -0.00583445467054844 0.0034359756391495475 -0.02794361300766468
v -0.006085796281695368 0.0027016315143555407 -0.027917804196476936
v -0.006085796281695368 0.0027016315143555407 -0.027917804196476936
v -0.00583445467054844 0.0034359756391495475 -0.02794361300766468
v -0.0026335287839174275 0.00343604269437492 -0.02838987298309803
v -0.006085796281695368 0.0027016315143555407 -0.027917804196476936
v -0.0026335287839174275 0.00343604269437492 -0.02838987298309803
v -0.003715934231877328 0.0020796868484467272 -0.028281928971409798
v -0.003715934231877328 0.0020796868484467272 -0.028281928971409798
v -0.0026335287839174275 0.00343604269437492 -0.02838987298309803
v -0.0012762417318299415 0.001340119866654277 -0.028473498299717903
v -0.003715934231877328 0.0020796868484467272 -0.028281928971409798
v -0.0012762417318299415 0.001340119866654277 -0.028473498299717903
v -0.0037845578044652948 0.000169413848198019 -0.02841121144592762
v -0.0037845578044652948 0.000169413848198019 -0.02841121144592762
v -0.0012762417318299415 0.001340119866654277 -0.028473498299717903
v -0.0013862123014405372 -0.000539870234206319 -0.0286101121455431
v -0.0037845578044652948 0.000169413848198019 -0.02841121144592762
v -0.0013862123014405372 -0.000539870234206319 -0.0286101121455431
v -0.003980176523327828 -0.00154595565982163 -0.028828265145421028
v -0.003980176523327828 -0.00154595565982163 -0.028828265145421028
v -0.0013862123014405372 -0.000539870234206319 -0.0286101121455431
v -0.0016327520133927469 -0.0021829095203429465 -0.029175879433751106
v -0.003980176523327828 -0.00154595565982163 -0.028828265145421028
v -0.0016327520133927469 -0.0021829095203429465 -0.029175879433751106
v -0.004303468391299249 -0.0029668298084288844 -0.02955430932343006
v -0.004303468391299249 -0.0029668298084288844 -0.02955430932343006
v -0.0016327520133927469 -0.0021829095203429465 -0.029175879433751106
v -0.002015301957726479 -0.003465616377070547 -0.030053677037358284
v -0.004303468391299249 -0.0029668298084288844 -0.02955430932343006
v -0.002015301957726479 -0.003465616377070547 -0.030053677037358284
v -0.002530986443161965 -0.004438897129148246 -0.03119039721786976
v -0.002530986443161965 -0.004438897129148246 -0.03119039721786976
v -0.002015301957726479 -0.003465616377070547 -0.030053677037358284
v 5.41938504738937e-07 -0.004292489495128394 -0.031026961281895638
v -0.002530986443161965 -0.004438897129148246 -0.03119039721786976
v 5.41938504738937e-07 -0.004292489495128394 -0.031026961281895638
v -0.0002698545285966248 -0.004773025866597892 -0.03182930126786232
v -0.0002698545285966248 -0.004773025866597892 -0.03182930126786232
v 5.41938504738937e-07 -0.004292489495128394 -0.031026961281895638
v 7.952582450343473e-07 -0.004970224108546973 -0.03226989880204201
v -0.0002698545285966248 -0.004773025866597892 -0.03182930126786232
v 7.952582450343473e-07 -0.004970224108546973 -0.03226989880204201
v 1.1677872180371198e-06 -0.00533518334850669 -0.033620718866586685
v -0.025968192145228393 0.0034359532874077567 -0.01207375805824995
v -0.024565825238823898 0.003435938386246563 -0.01487064640969038
v -0.0252875853329897 -0.0024751659948378806 -0.014011266641318798
v -0.0252875853329897 -0.0024751659948378806 -0.014011266641318798
v -0.024565825238823898 0.003435938386246563 -0.01487064640969038
v -0.024373358115553863 -0.0014730778057128195 -0.015663566067814827
v -0.0252875853329897 -0.0024751659948378806 -0.014011266641318798
v -0.024373358115553863 -0.0014730778057128195 -0.015663566067814827
v -0.02419701404869557 -0.005211228039115668 -0.016543151810765266
v -0.02419701404869557 -0.005211228039115668 -0.016543151810765266
v -0.024373358115553863 -0.0014730778057128195 -0.015663566067814827
v -0.023179234936833385 -0.004332692828029395 -0.018115760758519173
v -0.02419701404869557 -0.005211228039115668 -0.016543151810765266
v -0.023179234936833385 -0.004332692828029395 -0.018115760758519173
v -0.02312412299215794 -0.007867873646318914 -0.01906895823776722
v -0.02312412299215794 -0.007867873646318914 -0.01906895823776722
v -0.023179234936833385 -0.004332692828029395 -0.018115760758519173
v -0.02203762345016003 -0.007059821393340828 -0.02057904191315174
v -0.02312412299215794 -0.007867873646318914 -0.01906895823776722
v -0.02203762345016003 -0.007059821393340828 -0.02057904191315174
v -0.023168740794062618 -0.01118107605725527 -0.020117225125432014
v -0.023168740794062618 -0.01118107605725527 -0.020117225125432014
v -0.02203762345016003 -0.007059821393340828 -0.02057904191315174
v -0.021034697070717815 -0.00948555860668421 -0.023138346150517464
v -0.023168740794062618 -0.01118107605725527 -0.020117225125432014
v -0.021034697070717815 -0.00948555860668421 -0.023138346150517464
v -0.021343065425753597 -0.012341705150902275 -0.024353208020329475
v -0.021343065425753597 -0.012341705150902275 -0.024353208020329475
v -0.021034697070717815 -0.00948555860668421 -0.023138346150517464
v -0.018505131825804714 -0.008122012950479986 -0.025970282033085823
v -0.021343065425753597 -0.012341705150902275 -0.024353208020329475
v -0.018505131825804714 -0.008122012950479986 -0.025970282033085823
v -0.019045973196625713 -0.01061967480927706 -0.027365924790501595
v -0.019045973196625713 -0.01061967480927706 -0.027365924790501595
v -0.018505131825804714 -0.008122012950479986 -0.025970282033085823
v -0.017092475667595867 -0.00757241388782859 -0.027314187958836555
v -0.019045973196625713 -0.01061967480927706 -0.027365924790501595
v -0.017092475667595867 -0.00757241388782859 -0.027314187958836555
v -0.016413947567343715 -0.009131242521107199 -0.030292334035038948
v -0.016413947567343715 -0.009131242521107199 -0.030292334035038948
v -0.017092475667595867 -0.00757241388782859 -0.027314187958836555
v -0.01558354310691357 -0.007112090941518547 -0.02860892005264759
v -0.016413947567343715 -0.009131242521107199 -0.030292334035038948
v -0.01558354310691357 -0.007112090941518547 -0.02860892005264759
v -0.014978868886828426 -0.008470308966934683 -0.03172803297638893
v -0.014978868886828426 -0.008470308966934683 -0.03172803297638893
v -0.01558354310691357 -0.007112090941518547 -0.02860892005264759
v -0.01398161239922047 -0.006736261304467918 -0.029859425500035286
v -0.014978868886828426 -0.008470308966934683 -0.03172803297638893
v -0.01398161239922047 -0.006736261304467918 -0.029859425500035286
v -0.01346872188150883 -0.00785613898187876 -0.033150557428598404
v -0.01346872188150883 -0.00785613898187876 -0.033150557428598404
v -0.01398161239922047 -0.006736261304467918 -0.029859425500035286
v -0.01229127682745457 -0.006435250397771599 -0.03107464499771595
v -0.01346872188150883 -0.00785613898187876 -0.033150557428598404
v -0.01229127682745457 -0.006435250397771599 -0.03107464499771595
v -0.011887481436133388 -0.00728109246119857 -0.034561339765787125
v -0.011887481436133388 -0.00728109246119857 -0.034561339765787125
v -0.01229127682745457 -0.006435250397771599 -0.03107464499771595
v -0.01051849313080311 -0.006194976624101402 -0.0322648324072361
v -0.011887481436133388 -0.00728109246119857 -0.034561339765787125
v -0.01051849313080311 -0.006194976624101402 -0.0322648324072361
v -0.010239990428090097 -0.006739338394254448 -0.03595644608139992
v -0.010239990428090097 -0.006739338394254448 -0.03595644608139992
v -0.01051849313080311 -0.006194976624101402 -0.0322648324072361
v -0.008670615032315256 -0.005997446831315758 -0.03343934193253517
v -0.010239990428090097 -0.006739338394254448 -0.03595644608139992
v -0.008670615032315256 -0.005997446831315758 -0.03343934193253517
v -0.00853213854134083 -0.006229085382074119 -0.0373234786093235
v -0.00853213854134083 -0.006229085382074119 -0.0373234786093235
v -0.008670615032315256 -0.005997446831315758 -0.03343934193253517
v -0.006756430491805078 -0.005821240600198508 -0.03460359945893288
v -0.00853213854134083 -0.006229085382074119 -0.0373234786093235
v -0.006756430491805078 -0.005821240600198508 -0.03460359945893288
v -0.005738819018006326 -0.005729460623115302 -0.03726274147629738
v -0.005738819018006326 -0.005729460623115302 -0.03726274147629738
v -0.006756430491805078 -0.005821240600198508 -0.03460359945893288
v -0.004786195233464242 -0.0056435330770909795 -0.035753849893808365
v -0.005738819018006326 -0.005729460623115302 -0.03726274147629738
v -0.004786195233464242 -0.0056435330770909795 -0.035753849893808365
v -0.003825562074780465 -0.005434175487607718 -0.03843754902482033
v -0.003825562074780465 -0.005434175487607718 -0.03843754902482033
v -0.004786195233464242 -0.0056435330770909795 -0.035753849893808365
v -0.0027721244841814045 -0.005463087465614081 -0.03684914484620094
v -0.003825562074780465 -0.005434175487607718 -0.03843754902482033
v -0.0027721244841814045 -0.005463087465614081 -0.03684914484620094
v -0.0018857588293030862 -0.005213023629039527 -0.03946036472916603
v -0.0018857588293030862 -0.005213023629039527 -0.03946036472916603
v -0.0027721244841814045 -0.005463087465614081 -0.03684914484620094
v -0.0007307623745873572 -0.005340417381376029 -0.037803832441568375
v -0.0018857588293030862 -0.005213023629039527 -0.03946036472916603
v -0.0007307623745873572 -0.005340417381376029 -0.037803832441568375
v 8.697640510035855e-07 -0.005316400434821845 -0.038108114153146744
v 8.697640510035855e-07 -0.005316400434821845 -0.038108114153146744
v -0.0007307623745873572 -0.005340417381376029 -0.037803832441568375
v 1.0858308314709577e-06 -0.00538570573553443 -0.03648156300187111
v 0.002619436010718346 0.0034359979908913383 -0.02839118428528309
v 1.1230837344555768e-06 0.0034359979908913383 -0.028199972584843636
v 0.00627621077001095 0.0034359979908913383 -0.027492942288517952
v 0.017583539709448818 0.0034359979908913383 -0.02204764075577259
v 0.022048769518733028 0.0034359979908913383 -0.017582418397068977
v 0.020967824384570125 0.0034359979908913383 -0.01984185166656971
v 0.011566882953047754 0.0034359979908913383 -0.02631974406540394
v 0.008886320516467096 0.0034359979908913383 -0.027228476479649544
v 0.012236645445227626 0.0034359979908913383 -0.02540731616318226
v 0.008377743884921076 0.0034359979908913383 -0.027369322255253792
v 0.005813984200358392 0.0034359979908913383 -0.027947844937443733
v 0.0254084449261427 0.0034359979908913383 -0.01223552506417036
v 0.024557745084166534 0.0034359979908913383 -0.014889302663505077
v 0.02287106774747372 0.0034359979908913383 -0.01750517077744007
v 0.018866745755076412 0.0034359979908913383 -0.021895410493016243
v 0.016604801639914516 0.0034359979908913383 -0.02364725060760975
v 0.014179779216647152 0.0034359979908913383 -0.025115134194493294
v 0.02821162901818753 0.0034359979908913383 -0.004159333650022745
v 0.0278575997799635 0.0034359979908913383 -0.006182911340147257
v 0.027494093403220184 0.0034359979908913383 -0.006275119725614786
v 0.02705980651080609 0.0034359979908913383 -0.009193542413413525
v 0.025951838120818145 0.0034359979908913383 -0.012116852216422558
v -0.017581289634108547 0.0034359979908913383 -0.02204764075577259
v -0.018884008750319484 0.0034358713310211906 -0.021877767518162727
v -0.022046523168683056 0.0034359979908913383 -0.017582418397068977
v -0.022046523168683056 0.0034359979908913383 -0.017582418397068977
v -0.018884008750319484 0.0034358713310211906 -0.021877767518162727
v -0.020973442122340206 0.0034359532874077567 -0.019833149388432503
v -0.008891893550753595 0.003435327438637615 -0.027226092293858528
v -0.012234399095177654 0.0034359979908913383 -0.02540731616318226
v -0.006273968145251276 0.0034359979908913383 -0.027492942288517952
v 0.02833997271955014 0.0034359979908913383 -0.003107431111857295
v 0.028201123699545867 0.0034359979908913383 -2.5509288015257425e-09
v 0.028501121327281005 0.0034359979908913383 -2.5509288015257425e-09
v 1.1379848956494245e-06 0.0034359979908913383 -0.028500022366642952
v 1.1230837344555768e-06 0.0034359979908913383 -0.028199972584843636
v 1.1379848956494245e-06 0.0034359979908913383 -0.028500022366642952
v -0.0026335287839174275 0.00343604269437492 -0.02838987298309803
v 1.1230837344555768e-06 0.0034359979908913383 -0.028199972584843636
v -0.0026335287839174275 0.00343604269437492 -0.02838987298309803
v -0.006273968145251276 0.0034359979908913383 -0.027492942288517952
v -0.006273968145251276 0.0034359979908913383 -0.027492942288517952
v -0.0026335287839174275 0.00343604269437492 -0.02838987298309803
v -0.00583445467054844 0.0034359756391495475 -0.02794361300766468
v -0.006273968145251276 0.0034359979908913383 -0.027492942288517952
v -0.00583445467054844 0.0034359756391495475 -0.02794361300766468
v -0.008891893550753595 0.003435327438637615 -0.027226092293858528
v 0.028451694175601012 0.0034359979908913383 0.0016778085846453905
v 0.027494093403220184 0.0034359979908913383 0.006275115069001913
v 0.027431098744273193 0.0034359979908913383 0.007736024912446737
v 0.0254084449261427 0.0034359979908913383 0.012235519476234913
v 0.025135880336165435 0.0034359979908913383 0.013434824533760548
v 0.022048769518733028 0.0034359979908913383 0.01758241467177868
v 0.0216726940125227 0.0034359979908913383 0.018509266898036003
v 0.017583539709448818 0.0034359979908913383 0.022047637030482292
v 0.017202464863657955 0.0034359979908913383 0.022723613306879997
v 0.011932929977774624 0.0034359979908913383 0.025882063433527946
v 0.012236645445227626 0.0034359979908913383 0.02540731243789196
v 0.006108937785029413 0.0034359979908913383 0.027837811037898064
v 0.00627621077001095 0.0034359979908913383 0.027492938563227654
v 1.1230837344555768e-06 0.0034359979908913383 0.028500018641352654
v 1.1230837344555768e-06 0.0034359979908913383 0.028200028464198112
v -0.006106687709689142 0.0034359979908913383 0.027837811037898064
v -0.006273968145251276 0.0034359979908913383 0.027492938563227654
v -0.011930679902434353 0.0034359979908913383 0.025882063433527946
v -0.012234399095177654 0.0034359979908913383 0.02540731243789196
v -0.01720022223889828 0.0034359979908913383 0.022723613306879997
v -0.017581289634108547 0.0034359979908913383 0.022047637030482292
v -0.02167044766247273 0.0034359979908913383 0.018509266898036003
v -0.022046523168683056 0.0034359979908913383 0.01758241467177868
v -0.025133630260825164 0.0034359979908913383 0.013434824533760548
v -0.025406198576092727 0.0034359979908913383 0.012235519476234913
v -0.02742884866893292 0.0034359979908913383 0.007736024912446737
v -0.027491843327879913 0.0034359979908913383 0.006275115069001913
v -0.02844944410026074 0.0034359979908913383 0.0016778085846453905
v -0.028198877349495895 0.0034359979908913383 -2.5509288015257425e-09
v -0.028498871251940734 0.0034359979908913383 -2.5509288015257425e-09
v -0.008891893550753595 0.003435327438637615 -0.027226092293858528
v -0.0115628968924284 0.0034360575955361137 -0.026320459321141243
v -0.012234399095177654 0.0034359979908913383 -0.02540731616318226
v -0.012234399095177654 0.0034359979908913383 -0.02540731616318226
v -0.0115628968924284 0.0034360575955361137 -0.026320459321141243
v -0.014201039448380474 0.003436400322243572 -0.025102855637669563
v -0.012234399095177654 0.0034359979908913383 -0.02540731616318226
v -0.014201039448380474 0.003436400322243572 -0.025102855637669563
v -0.017581289634108547 0.0034359979908913383 -0.02204764075577259
v -0.017581289634108547 0.0034359979908913383 -0.02204764075577259
v -0.014201039448380474 0.003436400322243572 -0.025102855637669563
v -0.016611846163868908 0.0034359905403107413 -0.023640217259526253
v -0.017581289634108547 0.0034359979908913383 -0.02204764075577259
v -0.016611846163868908 0.0034359905403107413 -0.023640217259526253
v -0.018884008750319484 0.0034358713310211906 -0.021877767518162727
v -0.028498871251940734 0.0034359979908913383 -2.5509288015257425e-09
v -0.028198877349495895 0.0034359979908913383 -2.5509288015257425e-09
v -0.028337473049759872 0.003436035243794323 -0.0031068946700543165
v -0.028337473049759872 0.003436035243794323 -0.0031068946700543165
v -0.028198877349495895 0.0034359979908913383 -2.5509288015257425e-09
v -0.027491843327879913 0.0034359979908913383 -0.006275119725614786
v -0.028337473049759872 0.003436035243794323 -0.0031068946700543165
v -0.027491843327879913 0.0034359979908913383 -0.006275119725614786
v -0.02820920757949353 0.0034361693542450675 -0.00415927404537797
v -0.025406198576092727 0.0034359979908913383 -0.01223552506417036
v -0.027065856382250793 0.003436310915276409 -0.009166779927909374
v -0.027491843327879913 0.0034359979908913383 -0.006275119725614786
v -0.027491843327879913 0.0034359979908913383 -0.006275119725614786
v -0.027065856382250793 0.003436310915276409 -0.009166779927909374
v -0.027856709435582168 0.0034364599268883475 -0.006176235619932413
v -0.027491843327879913 0.0034359979908913383 -0.006275119725614786
v -0.027856709435582168 0.0034364599268883475 -0.006176235619932413
v -0.02820920757949353 0.0034361693542450675 -0.00415927404537797
v -0.020973442122340206 0.0034359532874077567 -0.019833149388432503
v -0.022883770987391475 0.003435811726376415 -0.017484070733189583
v -0.022046523168683056 0.0034359979908913383 -0.017582418397068977
v -0.022046523168683056 0.0034359979908913383 -0.017582418397068977
v -0.022883770987391475 0.003435811726376415 -0.017484070733189583
v -0.024565825238823898 0.003435938386246563 -0.01487064640969038
v -0.022046523168683056 0.0034359979908913383 -0.017582418397068977
v -0.024565825238823898 0.003435938386246563 -0.01487064640969038
v -0.025406198576092727 0.0034359979908913383 -0.01223552506417036
v -0.025406198576092727 0.0034359979908913383 -0.01223552506417036
v -0.024565825238823898 0.003435938386246563 -0.01487064640969038
v -0.025968192145228393 0.0034359532874077567 -0.01207375805824995
v -0.025406198576092727 0.0034359979908913383 -0.01223552506417036
v -0.025968192145228393 0.0034359532874077567 -0.01207375805824995
v -0.027065856382250793 0.003436310915276409 -0.009166779927909374
v 0.015240063890814785 -0.00594372069463134 -0.02782309241592884
v 0.015585808083415035 -0.007112098392099144 -0.028608860448002815
v 0.012293545529246334 -0.006435254123061897 -0.031074585393071175
v 0.004476344212889672 -0.004718014504760505 -0.04219562187790871
v 0.003141103312373162 -0.0050021237693727025 -0.04092032089829445
v 0.004970585927367211 -0.005341378506273032 -0.039854053407907486
v 0.025528227910399444 -0.03427380695939065 -0.01994037814438343
v 0.02559755556285382 -0.0336720496416092 -0.019751491025090218
v 0.02609312348067761 -0.03530699759721757 -0.017537416890263557
v 0.02233528904616833 -0.026936968788504607 -0.036289457231760025
v 0.022121651098132137 -0.02589231543242932 -0.03919893875718117
v 0.022221243008971218 -0.023929947987198837 -0.037889543920755386
v 0.021146951243281368 -0.01659077219665051 -0.0421721376478672
v 0.02024929039180279 -0.01378773991018534 -0.04306769743561745
v 0.01969450525939465 -0.012811028398573402 -0.04276115074753761
v 0.01969450525939465 -0.012811028398573402 -0.04276115074753761
v 0.02024929039180279 -0.01378773991018534 -0.04306769743561745
v 0.01907940767705441 -0.01121520344167948 -0.043889883905649185
v 0.016174091026186947 -0.007150625344365837 -0.045189205557107925
v 0.017181729897856716 -0.008578491397202017 -0.044319335371255875
v 0.017698986455798153 -0.008989878930151464 -0.044601742178201675
v 0.002619436010718346 0.0034359979908913383 -0.02839118428528309
v 0.0013006607769057157 0.0032797444146126517 -0.028475763276219368
v 1.1379848956494245e-06 0.0034359979908913383 -0.028500022366642952
v 0.018866745755076412 0.0034359979908913383 -0.021895410493016243
v 0.01795574836432934 0.0016444537322968249 -0.02288741059601307
v 0.016287563368678096 0.0018557335715740923 -0.024071039631962776
v 0.028501121327281005 -0.013634950853884224 -2.5509288015257425e-09
v 0.028468860313296325 -0.020108664408326152 -0.0015910293441265821
v 0.02815229259431363 -0.01721364073455334 -0.005270006600767374
v 0.028501121327281005 -0.027900887653231628 -2.5509288015257425e-09
v 0.02850120328366757 -0.029287194833159454 -0.00010568158904789016
v 0.028360692784190185 -0.02648675628006459 -0.003765108762308955
v 0.028501121327281005 -0.029655346646904952 -2.5509288015257425e-09
v 0.028501121327281005 -0.03692511841654778 -2.5509288015257425e-09
v 0.028457229956984527 -0.03510481864213944 -0.0024037386756390333
v 0.028457229956984527 -0.03510481864213944 -0.0024037386756390333
v 0.028501121327281005 -0.03692511841654778 -2.5509288015257425e-09
v 0.02850118093192578 -0.03940000012516976 -2.5509288015257425e-09
v 0.028501121327281005 -0.027900887653231628 -2.5509288015257425e-09
v 0.028360692784190185 -0.02648675628006459 -0.003765108762308955
v 0.028501121327281005 -0.02179711870849133 -2.5509288015257425e-09
v 0.028501121327281005 -0.005042207892984153 -2.5509288015257425e-09
v 0.028501121327281005 -0.013586741872131828 -2.5509288015257425e-09
v 0.028471192345023162 -0.003554393770173193 -0.0013603593688458204
v 0.028471192345023162 -0.003554393770173193 -0.0013603593688458204
v 0.028501121327281005 -0.013586741872131828 -2.5509288015257425e-09
v 0.028345746919512756 -0.010438934899866583 -0.0032568599563091993
v 0.028471192345023162 -0.003554393770173193 -0.0013603593688458204
v 0.028345746919512756 -0.010438934899866583 -0.0032568599563091993
v 0.0277784001082182 -0.007479385938495399 -0.006943585816770792
v 0.028501121327281005 0.0017003554385155444 -2.5509288015257425e-09
v 0.028501121327281005 0.0017003554385155444 -2.5509288015257425e-09
v 0.028471192345023162 -0.003554393770173193 -0.0013603593688458204
v 0.02833997271955014 0.0034359979908913383 -0.003107431111857295
v 0.028501121327281005 0.0017003554385155444 -2.5509288015257425e-09
v 0.02833997271955014 0.0034359979908913383 -0.003107431111857295
v 0.028501121327281005 0.0034359979908913383 -2.5509288015257425e-09
v 0.02821162901818753 0.0034359979908913383 -0.004159333650022745
v 0.02807739935815335 -0.00025770557112991815 -0.005090358201414347
v 0.0278575997799635 0.0034359979908913383 -0.006182911340147257
v 0.0278575997799635 0.0034359979908913383 -0.006182911340147257
v 0.02807739935815335 -0.00025770557112991815 -0.005090358201414347
v 0.027197366580367095 0.002729142783209682 -0.008775833062827587
v 0.0278575997799635 0.0034359979908913383 -0.006182911340147257
v 0.027197366580367095 0.002729142783209682 -0.008775833062827587
v 0.02705980651080609 0.0034359979908913383 -0.009193542413413525
v 0.02705980651080609 0.0034359979908913383 -0.009193542413413525
v 0.027197366580367095 0.002729142783209682 -0.008775833062827587
v 0.025951838120818145 0.0034359979908913383 -0.012116852216422558
v 0.027197366580367095 0.002729142783209682 -0.008775833062827587
v 0.02528983913362027 -0.0024751734454184775 -0.014011266641318798
v 0.025951838120818145 0.0034359979908913383 -0.012116852216422558
v 0.025951838120818145 0.0034359979908913383 -0.012116852216422558
v 0.02528983913362027 -0.0024751734454184775 -0.014011266641318798
v 0.02437561564147473 -0.0014730852562934165 -0.01566350646317005
v 0.025951838120818145 0.0034359979908913383 -0.012116852216422558
v 0.02437561564147473 -0.0014730852562934165 -0.01566350646317005
v 0.024557745084166534 0.0034359979908913383 -0.014889302663505077
v 0.024557745084166534 0.0034359979908913383 -0.014889302663505077
v 0.02437561564147473 -0.0014730852562934165 -0.01566350646317005
v 0.02334113977849484 -0.0005885635036975146 -0.017255665734410286
v 0.024557745084166534 0.0034359979908913383 -0.014889302663505077
v 0.02334113977849484 -0.0005885635036975146 -0.017255665734410286
v 0.02287106774747372 0.0034359979908913383 -0.01750517077744007
v 0.01795574836432934 0.0016444537322968249 -0.02288741059601307
v 0.018866745755076412 0.0034359979908913383 -0.021895410493016243
v 0.019493794068694118 0.0012917432468384506 -0.021605314686894417
v 0.019493794068694118 0.0012917432468384506 -0.021605314686894417
v 0.018866745755076412 0.0034359979908913383 -0.021895410493016243
v 0.020967824384570125 0.0034359979908913383 -0.01984185166656971
v 0.019493794068694118 0.0012917432468384506 -0.021605314686894417
v 0.020967824384570125 0.0034359979908913383 -0.01984185166656971
v 0.020902646705508236 0.0007994200568646195 -0.020233692601323128
v 0.020902646705508236 0.0007994200568646195 -0.020233692601323128
v 0.020967824384570125 0.0034359979908913383 -0.01984185166656971
v 0.02287106774747372 0.0034359979908913383 -0.01750517077744007
v 0.020902646705508236 0.0007994200568646195 -0.020233692601323128
v 0.02287106774747372 0.0034359979908913383 -0.01750517077744007
v 0.02218428067862988 0.00017098592070396992 -0.01878124661743641
v 0.016604801639914516 0.0034359979908913383 -0.02364725060760975
v 0.014490267261862758 0.0019242081325501208 -0.02514529414474964
v 0.014179779216647152 0.0034359979908913383 -0.025115134194493294
v 0.014179779216647152 0.0034359979908913383 -0.025115134194493294
v 0.014490267261862758 0.0019242081325501208 -0.02514529414474964
v 0.01256733946502209 0.0018487896304577593 -0.026095988228917122
v 0.014179779216647152 0.0034359979908913383 -0.025115134194493294
v 0.01256733946502209 0.0018487896304577593 -0.026095988228917122
v 0.011566882953047754 0.0034359979908913383 -0.02631974406540394
v 0.008372096344828607 0.0012710827868431809 -0.0275688786059618
v 0.008370300754904749 0.0031971174757927665 -0.027384402230381966
v 0.008886320516467096 0.0034359979908913383 -0.027228476479649544
v 0.006088076159358026 0.0027016389649361376 -0.027917804196476936
v 0.005813984200358392 0.0034359979908913383 -0.027947844937443733
v 0.008377743884921076 0.0034359979908913383 -0.027369322255253792
v 0.003718217834830285 0.0020796980243176226 -0.028281928971409798
v 0.002619436010718346 0.0034359979908913383 -0.02839118428528309
v 0.005813984200358392 0.0034359979908913383 -0.027947844937443733
v 0.0013006607769057157 0.0032797444146126517 -0.028475763276219368
v 0.002619436010718346 0.0034359979908913383 -0.02839118428528309
v 0.001278525101952255 0.0013401310425251725 -0.028473498299717903
v 8.846652121974332e-07 -0.0033951897639781245 -0.030023517087101936
v 7.356535434155378e-07 -0.0024193574208766226 -0.029314996674656868
v 0.0016350353835150604 -0.0021829020697623496 -0.029175879433751106
v 0.0016350353835150604 -0.0021829020697623496 -0.029175879433751106
v 7.356535434155378e-07 -0.0024193574208766226 -0.029314996674656868
v 7.580052852063093e-07 -0.0011592519003897908 -0.02876371331512928
v 0.0016350353835150604 -0.0021829020697623496 -0.029175879433751106
v 7.580052852063093e-07 -0.0011592519003897908 -0.02876371331512928
v 0.0013884956715628507 -0.0005398590583354236 -0.0286101121455431
v 0.0013884956715628507 -0.0005398590583354236 -0.0286101121455431
v 7.580052852063093e-07 -0.0011592519003897908 -0.02876371331512928
v 8.697639941601667e-07 0.0001296724512940273 -0.028518440201878548
v 0.0013884956715628507 -0.0005398590583354236 -0.0286101121455431
v 8.697639941601667e-07 0.0001296724512940273 -0.028518440201878548
v 0.001278525101952255 0.0013401310425251725 -0.028473498299717903
v 0.001278525101952255 0.0013401310425251725 -0.028473498299717903
v 8.697639941601667e-07 0.0001296724512940273 -0.028518440201878548
v 1.1230837344555768e-06 0.002806613920256496 -0.028500081971287727
v 0.001278525101952255 0.0013401310425251725 -0.028473498299717903
v 1.1230837344555768e-06 0.002806613920256496 -0.028500081971287727
v 0.0013006607769057157 0.0032797444146126517 -0.028475763276219368
v 0.0013006607769057157 0.0032797444146126517 -0.028475763276219368
v 1.1230837344555768e-06 0.002806613920256496 -0.028500081971287727
v 1.1379848956494245e-06 0.0034359979908913383 -0.028500022366642952
v 1.0560285090832624e-06 -0.005399031098932029 -0.03531480208039284
v 1.1677872180371198e-06 -0.005355072673410178 -0.03376663103699684
v 0.00098556827288121 -0.005295561160892249 -0.03340733423829079
v 0.00098556827288121 -0.005295561160892249 -0.03340733423829079
v 1.1677872180371198e-06 -0.005355072673410178 -0.03376663103699684
v 1.1677872180371198e-06 -0.00533518334850669 -0.033620718866586685
v 0.00098556827288121 -0.005295561160892249 -0.03340733423829079
v 1.1677872180371198e-06 -0.00533518334850669 -0.033620718866586685
v 0.0002721379569265992 -0.004773022141307593 -0.03182930126786232
v 0.0002721379569265992 -0.004773022141307593 -0.03182930126786232
v 1.1677872180371198e-06 -0.00533518334850669 -0.033620718866586685
v 7.952582450343473e-07 -0.004970224108546973 -0.03226989880204201
v 0.0002721379569265992 -0.004773022141307593 -0.03182930126786232
v 7.952582450343473e-07 -0.004970224108546973 -0.03226989880204201
v 5.41938504738937e-07 -0.004292489495128394 -0.031026961281895638
v 0.003928823396563531 -0.005468265619128943 -0.034162286669015884
v 1.0634790896801862e-06 -0.00539486249908805 -0.03590459004044533
v 0.00098556827288121 -0.005295561160892249 -0.03340733423829079
v 0.00098556827288121 -0.005295561160892249 -0.03340733423829079
v 1.0634790896801862e-06 -0.00539486249908805 -0.03590459004044533
v 1.0560285090832624e-06 -0.005399031098932029 -0.03531480208039284
v 7.803570838404996e-07 -0.005283390637487174 -0.038538817316293716
v 8.697640510035855e-07 -0.005316400434821845 -0.038108114153146744
v 0.0007330457447096708 -0.005340417381376029 -0.0378037728369236
v 0.003141103312373162 -0.0050021237693727025 -0.04092032089829445
v 0.004476344212889672 -0.004718014504760505 -0.04219562187790871
v 1.2944470881848249e-06 -0.004360088612884284 -0.04293352738022804
v 1.2944470881848249e-06 -0.004360088612884284 -0.04293352738022804
v 0.004476344212889672 -0.004718014504760505 -0.04219562187790871
v 0.0010484437225386503 -0.003918127622455359 -0.04398185387253761
v 1.2944470881848249e-06 -0.004360088612884284 -0.04293352738022804
v 0.0010484437225386503 -0.003918127622455359 -0.04398185387253761
v 1.1230837344555768e-06 -0.003462721826508642 -0.04485255852341652
v 1.1230837344555768e-06 -0.003462721826508642 -0.04485255852341652
v 0.0010484437225386503 -0.003918127622455359 -0.04398185387253761
v 0.0011101643322035672 -0.0026767004746943717 -0.04606157913804054
v 1.1230837344555768e-06 -0.003462721826508642 -0.04485255852341652
v 0.0011101643322035672 -0.0026767004746943717 -0.04606157913804054
v 1.115633153858653e-06 -0.0023696545977145438 -0.046466950327157974
v 0.0038141366094350823 -0.0021603379864245657 -0.04678434506058693
v 0.0026872511953115468 -0.0032478694338351497 -0.04522276297211647
v 0.006454406306147577 -0.0024041358847171073 -0.046705905348062515
v 0.006454406306147577 -0.0024041358847171073 -0.046705905348062515
v 0.0026872511953115468 -0.0032478694338351497 -0.04522276297211647
v 0.004277078434824944 -0.0038024906534701594 -0.04432160034775734
v 0.006454406306147577 -0.0024041358847171073 -0.046705905348062515
v 0.004277078434824944 -0.0038024906534701594 -0.04432160034775734
v 0.007385602220892908 -0.0026579883415251975 -0.04651856794953346
v 0.01133728586137295 -0.005536110606044532 -0.043083611875772476
v 0.012749461457133297 -0.0044608241878449926 -0.046049002557992935
v 0.010041920468211176 -0.004545298870652915 -0.044320885092020035
v 0.010041920468211176 -0.004545298870652915 -0.044320885092020035
v 0.012749461457133297 -0.0044608241878449926 -0.046049002557992935
v 0.010835571214556696 -0.003536072792485357 -0.046344343572854996
v 0.010041920468211176 -0.004545298870652915 -0.044320885092020035
v 0.010835571214556696 -0.003536072792485357 -0.046344343572854996
v 0.008721893653273584 -0.003595010610297323 -0.04545730724930763
v 0.008721893653273584 -0.003595010610297323 -0.04545730724930763
v 0.010835571214556696 -0.003536072792485357 -0.046344343572854996
v 0.008645398542284967 -0.0028284501750022177 -0.04657060280442238
v 0.017698986455798153 -0.008989878930151464 -0.044601742178201675
v 0.017181729897856716 -0.008578491397202017 -0.044319335371255875
v 0.01907940767705441 -0.01121520344167948 -0.043889883905649185
v 0.01907940767705441 -0.01121520344167948 -0.043889883905649185
v 0.017181729897856716 -0.008578491397202017 -0.044319335371255875
v 0.01865450851619244 -0.011918933130800727 -0.040767136961221695
v 0.01907940767705441 -0.01121520344167948 -0.043889883905649185
v 0.01865450851619244 -0.011918933130800727 -0.040767136961221695
v 0.01969450525939465 -0.012811028398573402 -0.04276115074753761
v 0.022121651098132137 -0.02589231543242932 -0.03919893875718117
v 0.022092713043093685 -0.022692916914820675 -0.04022097960114479
v 0.022221243008971218 -0.023929947987198837 -0.037889543920755386
v 0.022221243008971218 -0.023929947987198837 -0.037889543920755386
v 0.022092713043093685 -0.022692916914820675 -0.04022097960114479
v 0.02178350649774075 -0.01970257051289082 -0.041177455335855484
v 0.022221243008971218 -0.023929947987198837 -0.037889543920755386
v 0.02178350649774075 -0.01970257051289082 -0.041177455335855484
v 0.02217267267405987 -0.022270021960139278 -0.036078277975320816
v 0.02282544039189816 -0.028477648273110397 -0.0325360931456089
v 0.02297710441052914 -0.026369800791144378 -0.03178012743592262
v 0.023609159514307983 -0.030398709699511535 -0.028290869668126106
v 0.023609159514307983 -0.030398709699511535 -0.028290869668126106
v 0.02297710441052914 -0.026369800791144378 -0.03178012743592262
v 0.02373247407376767 -0.030108140781521804 -0.027812780812382698
v 0.023609159514307983 -0.030398709699511535 -0.028290869668126106
v 0.02373247407376767 -0.030108140781521804 -0.027812780812382698
v 0.023665828630328185 -0.03052578121423722 -0.028018536046147346
v 0.023665828630328185 -0.03052578121423722 -0.028018536046147346
v 0.02373247407376767 -0.030108140781521804 -0.027812780812382698
v 0.024026973173022277 -0.03131059184670449 -0.026346387341618538
v 0.02395053021609784 -0.027732687070965774 -0.02674699015915394
v 0.024801110848784454 -0.03086740523576737 -0.023201288655400276
v 0.024616396054625518 -0.032520771026611335 -0.023773672059178352
v 0.02559755556285382 -0.0336720496416092 -0.019751491025090218
v 0.025528227910399444 -0.03427380695939065 -0.01994037814438343
v 0.024801110848784454 -0.03086740523576737 -0.023201288655400276
v 0.024801110848784454 -0.03086740523576737 -0.023201288655400276
v 0.025528227910399444 -0.03427380695939065 -0.01994037814438343
v 0.025228863582015044 -0.0337117649614811 -0.021194757893681526
v 0.024801110848784454 -0.03086740523576737 -0.023201288655400276
v 0.025228863582015044 -0.0337117649614811 -0.021194757893681526
v 0.024616396054625518 -0.032520771026611335 -0.023773672059178352
v 0.02817696891725064 -0.038874987512826926 -0.005953195039182901
v 0.027775136753916747 -0.03821325302124024 -0.009042921476066113
v 0.027880808338522918 -0.03809462860226632 -0.008362176828086376
v 0.027880808338522918 -0.03809462860226632 -0.008362176828086376
v 0.027775136753916747 -0.03821325302124024 -0.009042921476066113
v 0.027189573273062713 -0.037228111177682884 -0.01241785567253828
v 0.027880808338522918 -0.03809462860226632 -0.008362176828086376
v 0.027189573273062713 -0.037228111177682884 -0.01241785567253828
v 0.02731608413159848 -0.035793054848909385 -0.011914911679923534
v 0.02731608413159848 -0.035793054848909385 -0.011914911679923534
v 0.027189573273062713 -0.037228111177682884 -0.01241785567253828
v 0.02664963714778424 -0.0362948700785637 -0.015053036622703075
v 0.02731608413159848 -0.035793054848909385 -0.011914911679923534
v 0.02664963714778424 -0.0362948700785637 -0.015053036622703075
v 0.02662241272628308 -0.03341453149914742 -0.01541066449135542
v 0.02662241272628308 -0.03341453149914742 -0.01541066449135542
v 0.02664963714778424 -0.0362948700785637 -0.015053036622703075
v 0.026447428390383727 -0.03594007715582848 -0.01597529835999012
v 1.1454354762463483e-06 -0.0020945568103343253 -0.04680532589554787
v 1.115633153858653e-06 -0.0023696545977145438 -0.046466950327157974
v 0.0038141366094350823 -0.0021603379864245657 -0.04678434506058693
v 0.0038141366094350823 -0.0021603379864245657 -0.04678434506058693
v 1.115633153858653e-06 -0.0023696545977145438 -0.046466950327157974
v 0.0011101643322035672 -0.0026767004746943717 -0.04606157913804054
v 0.0038141366094350823 -0.0021603379864245657 -0.04678434506058693
v 0.0011101643322035672 -0.0026767004746943717 -0.04606157913804054
v 0.0026872511953115468 -0.0032478694338351497 -0.04522276297211647
v 0.0026872511953115468 -0.0032478694338351497 -0.04522276297211647
v 0.0011101643322035672 -0.0026767004746943717 -0.04606157913804054
v 0.0010484437225386503 -0.003918127622455359 -0.04398185387253761
v 0.0026872511953115468 -0.0032478694338351497 -0.04522276297211647
v 0.0010484437225386503 -0.003918127622455359 -0.04398185387253761
v 0.004277078434824944 -0.0038024906534701594 -0.04432160034775734
v 0.004277078434824944 -0.0038024906534701594 -0.04432160034775734
v 0.0010484437225386503 -0.003918127622455359 -0.04398185387253761
v 0.004476344212889672 -0.004718014504760505 -0.04219562187790871
v 0.014538442716002468 -0.0056661306880414495 -0.04566336050629616
v 0.013587748631834987 -0.005401769187301398 -0.04518336430191994
v 0.016174091026186947 -0.007150625344365837 -0.045189205557107925
v 0.016174091026186947 -0.007150625344365837 -0.045189205557107925
v 0.013587748631834987 -0.005401769187301398 -0.04518336430191994
v 0.014598270878195766 -0.006743853446096184 -0.04378122463822365
v 0.016174091026186947 -0.007150625344365837 -0.045189205557107925
v 0.014598270878195766 -0.006743853446096184 -0.04378122463822365
v 0.017181729897856716 -0.008578491397202017 -0.044319335371255875
v 0.017181729897856716 -0.008578491397202017 -0.044319335371255875
v 0.014598270878195766 -0.006743853446096184 -0.04378122463822365
v 0.015580212697386745 -0.008123685605823995 -0.04225659742951393
v 0.017181729897856716 -0.008578491397202017 -0.044319335371255875
v 0.015580212697386745 -0.008123685605823995 -0.04225659742951393
v 0.01865450851619244 -0.011918933130800727 -0.040767136961221695
v 0.01865450851619244 -0.011918933130800727 -0.040767136961221695
v 0.015580212697386745 -0.008123685605823995 -0.04225659742951393
v 0.016537522897124294 -0.009535071440041067 -0.04062134400010109
v 0.008721893653273584 -0.003595010610297323 -0.04545730724930763
v 0.005870645865797998 -0.00437678536400199 -0.043335143476724625
v 0.010041920468211176 -0.004545298870652915 -0.044320885092020035
v 0.010041920468211176 -0.004545298870652915 -0.044320885092020035
v 0.005870645865797998 -0.00437678536400199 -0.043335143476724625
v 0.0074535291641950625 -0.004998562391847373 -0.042232695966959
v 0.010041920468211176 -0.004545298870652915 -0.044320885092020035
v 0.0074535291641950625 -0.004998562391847373 -0.042232695966959
v 0.01133728586137295 -0.005536110606044532 -0.043083611875772476
v 0.01133728586137295 -0.005536110606044532 -0.043083611875772476
v 0.0074535291641950625 -0.004998562391847373 -0.042232695966959
v 0.009010834619402887 -0.005684630479663611 -0.041001979261636734
v 0.01133728586137295 -0.005536110606044532 -0.043083611875772476
v 0.009010834619402887 -0.005684630479663611 -0.041001979261636734
v 0.012600189074873928 -0.006581672932952644 -0.04172945395112038
v 0.012600189074873928 -0.006581672932952644 -0.04172945395112038
v 0.009010834619402887 -0.005684630479663611 -0.041001979261636734
v 0.010530455037951471 -0.006436766590923073 -0.03965485468506813
v 0.012600189074873928 -0.006581672932952644 -0.04172945395112038
v 0.010530455037951471 -0.006436766590923073 -0.03965485468506813
v 0.013826301321387294 -0.007680503185838463 -0.04026097431778908
v 0.013826301321387294 -0.007680503185838463 -0.04026097431778908
v 0.010530455037951471 -0.006436766590923073 -0.03965485468506813
v 0.012004336342215541 -0.00724556064233184 -0.0382159985601902
v 0.013826301321387294 -0.007680503185838463 -0.04026097431778908
v 0.012004336342215541 -0.00724556064233184 -0.0382159985601902
v 0.015014750882983211 -0.008822076953947546 -0.03869706764817238
v 0.015014750882983211 -0.008822076953947546 -0.03869706764817238
v 0.012004336342215541 -0.00724556064233184 -0.0382159985601902
v 0.013427874073386196 -0.008098312653601171 -0.03671211376786232
v 0.015014750882983211 -0.008822076953947546 -0.03869706764817238
v 0.013427874073386196 -0.008098312653601171 -0.03671211376786232
v 0.016164971515536312 -0.009997115470469 -0.03706097975373268
v 0.016164971515536312 -0.009997115470469 -0.03706097975373268
v 0.013427874073386196 -0.008098312653601171 -0.03671211376786232
v 0.01479764096438885 -0.008986738510429861 -0.035164956003427505
v 0.016164971515536312 -0.009997115470469 -0.03706097975373268
v 0.01479764096438885 -0.008986738510429861 -0.035164956003427505
v 0.017275905236601833 -0.01119853649288416 -0.03537673130631447
v 0.017275905236601833 -0.01119853649288416 -0.03537673130631447
v 0.01479764096438885 -0.008986738510429861 -0.035164956003427505
v 0.016110813245177272 -0.009906840510666372 -0.03359121456742287
v 0.017275905236601833 -0.01119853649288416 -0.03537673130631447
v 0.016110813245177272 -0.009906840510666372 -0.03359121456742287
v 0.018345734104514125 -0.012421009130775932 -0.03366697207093239
v 0.018345734104514125 -0.012421009130775932 -0.03366697207093239
v 0.016110813245177272 -0.009906840510666372 -0.03359121456742287
v 0.017364783212542537 -0.010857575573027136 -0.03200292959809303
v 0.018345734104514125 -0.012421009130775932 -0.03366697207093239
v 0.017364783212542537 -0.010857575573027136 -0.03200292959809303
v 0.019683865830302242 -0.012853705324232582 -0.02881080098450184
v 0.019683865830302242 -0.012853705324232582 -0.02881080098450184
v 0.017364783212542537 -0.010857575573027136 -0.03200292959809303
v 0.01904823444783688 -0.010619682259857656 -0.027365924790501595
v 0.019683865830302242 -0.012853705324232582 -0.02881080098450184
v 0.01904823444783688 -0.010619682259857656 -0.027365924790501595
v 0.021345322951674465 -0.012341712601482872 -0.0243531484156847
v 0.016537522897124294 -0.009535071440041067 -0.04062134400010109
v 0.01747304014861584 -0.01097176317125559 -0.038897279649972916
v 0.01865450851619244 -0.011918933130800727 -0.040767136961221695
v 0.01865450851619244 -0.011918933130800727 -0.040767136961221695
v 0.01747304014861584 -0.01097176317125559 -0.038897279649972916
v 0.020109502598643306 -0.015317105688154701 -0.03692829981446266
v 0.01865450851619244 -0.011918933130800727 -0.040767136961221695
v 0.020109502598643306 -0.015317105688154701 -0.03692829981446266
v 0.01969450525939465 -0.012811028398573402 -0.04276115074753761
v 0.01969450525939465 -0.012811028398573402 -0.04276115074753761
v 0.020109502598643306 -0.015317105688154701 -0.03692829981446266
v 0.02080694399774075 -0.01667154394090176 -0.03866500034928322
v 0.01969450525939465 -0.012811028398573402 -0.04276115074753761
v 0.02080694399774075 -0.01667154394090176 -0.03866500034928322
v 0.021146951243281368 -0.01659077219665051 -0.0421721376478672
v 0.021146951243281368 -0.01659077219665051 -0.0421721376478672
v 0.02080694399774075 -0.01667154394090176 -0.03866500034928322
v 0.021368859335780147 -0.017966592684388164 -0.040574733167886734
v 0.023298157379031185 -0.014284786768257621 -0.021237554028630257
v 0.02368139289319516 -0.019993057474493984 -0.023537756875157356
v 0.022137692198157314 -0.017449026927351955 -0.026865245774388313
v 0.022137692198157314 -0.017449026927351955 -0.026865245774388313
v 0.02368139289319516 -0.019993057474493984 -0.023537756875157356
v 0.022522097453475002 -0.019807046279311184 -0.028085770085453987
v 0.022137692198157314 -0.017449026927351955 -0.026865245774388313
v 0.022522097453475002 -0.019807046279311184 -0.028085770085453987
v 0.020980885252356533 -0.01686368696391583 -0.031641487032175064
v 0.020980885252356533 -0.01686368696391583 -0.031641487032175064
v 0.022522097453475002 -0.019807046279311184 -0.028085770085453987
v 0.0215239804238081 -0.018734393641352657 -0.03303742781281471
v 0.020980885252356533 -0.01686368696391583 -0.031641487032175064
v 0.0215239804238081 -0.018734393641352657 -0.03303742781281471
v 0.020109502598643306 -0.015317105688154701 -0.03692829981446266
v 0.020109502598643306 -0.015317105688154701 -0.03692829981446266
v 0.0215239804238081 -0.018734393641352657 -0.03303742781281471
v 0.021933456882834438 -0.02053613774478436 -0.034489456564188004
v 0.020109502598643306 -0.015317105688154701 -0.03692829981446266
v 0.021933456882834438 -0.02053613774478436 -0.034489456564188004
v 0.02080694399774075 -0.01667154394090176 -0.03866500034928322
v 0.02080694399774075 -0.01667154394090176 -0.03866500034928322
v 0.021933456882834438 -0.02053613774478436 -0.034489456564188004
v 0.02217267267405987 -0.022270021960139278 -0.036078277975320816
v 0.02080694399774075 -0.01667154394090176 -0.03866500034928322
v 0.02217267267405987 -0.022270021960139278 -0.036078277975320816
v 0.021368859335780147 -0.017966592684388164 -0.040574733167886734
v 0.021368859335780147 -0.017966592684388164 -0.040574733167886734
v 0.02217267267405987 -0.022270021960139278 -0.036078277975320816
v 0.02178350649774075 -0.01970257051289082 -0.041177455335855484
v 0.021368859335780147 -0.017966592684388164 -0.040574733167886734
v 0.02178350649774075 -0.01970257051289082 -0.041177455335855484
v 0.021146951243281368 -0.01659077219665051 -0.0421721376478672
v 0.01747304014861584 -0.01097176317125559 -0.038897279649972916
v 0.018387606367468837 -0.012428344227373603 -0.03711069002747536
v 0.020109502598643306 -0.015317105688154701 -0.03692829981446266
v 0.020109502598643306 -0.015317105688154701 -0.03692829981446266
v 0.018387606367468837 -0.012428344227373603 -0.03711069002747536
v 0.01927990280091763 -0.013899658806622032 -0.03528941050171852
v 0.020109502598643306 -0.015317105688154701 -0.03692829981446266
v 0.01927990280091763 -0.013899658806622032 -0.03528941050171852
v 0.020980885252356533 -0.01686368696391583 -0.031641487032175064
v 0.020980885252356533 -0.01686368696391583 -0.031641487032175064
v 0.01927990280091763 -0.013899658806622032 -0.03528941050171852
v 0.02034922502934933 -0.014913831837475303 -0.03024172969162464
v 0.020980885252356533 -0.01686368696391583 -0.031641487032175064
v 0.02034922502934933 -0.014913831837475303 -0.03024172969162464
v 0.022137692198157314 -0.017449026927351955 -0.026865245774388313
v 0.022137692198157314 -0.017449026927351955 -0.026865245774388313
v 0.02034922502934933 -0.014913831837475303 -0.03024172969162464
v 0.021728297695517543 -0.014976480044424537 -0.02561223693192005
v 0.022137692198157314 -0.017449026927351955 -0.026865245774388313
v 0.021728297695517543 -0.014976480044424537 -0.02561223693192005
v 0.023298157379031185 -0.014284786768257621 -0.021237554028630257
v 0.02282858453691006 -0.022077715024352077 -0.029279353097081184
v 0.023860698565840728 -0.022665904834866527 -0.024647654965519905
v 0.023969968780875213 -0.02524597011506558 -0.025711121037602425
v 0.023969968780875213 -0.02524597011506558 -0.025711121037602425
v 0.023860698565840728 -0.022665904834866527 -0.024647654965519905
v 0.024983605369925506 -0.02251931838691235 -0.020207883790135384
v 0.028501121327281005 -0.027900887653231628 -2.5509288015257425e-09
v 0.028501121327281005 -0.029655346646904952 -2.5509288015257425e-09
v 0.02850120328366757 -0.029287194833159454 -0.00010568158904789016
v 0.02850120328366757 -0.029287194833159454 -0.00010568158904789016
v 0.028501121327281005 -0.029655346646904952 -2.5509288015257425e-09
v 0.028457229956984527 -0.03510481864213944 -0.0024037386756390333
v 0.02850120328366757 -0.029287194833159454 -0.00010568158904789016
v 0.028457229956984527 -0.03510481864213944 -0.0024037386756390333
v 0.028360692784190185 -0.02648675628006459 -0.003765108762308955
v 0.028360692784190185 -0.02648675628006459 -0.003765108762308955
v 0.028457229956984527 -0.03510481864213944 -0.0024037386756390333
v 0.02819370292127133 -0.03253287076950074 -0.006069364491850138
v 0.028360692784190185 -0.02648675628006459 -0.003765108762308955
v 0.02819370292127133 -0.03253287076950074 -0.006069364491850138
v 0.027934407815337188 -0.023781413212418563 -0.007446470204740763
v 0.027934407815337188 -0.023781413212418563 -0.007446470204740763
v 0.02819370292127133 -0.03253287076950074 -0.006069364491850138
v 0.02768406085669995 -0.030006512999534614 -0.009724739007651806
v 0.027934407815337188 -0.023781413212418563 -0.007446470204740763
v 0.02768406085669995 -0.030006512999534614 -0.009724739007651806
v 0.02721692435443402 -0.021190678700804714 -0.011080983094871044
v 0.02721692435443402 -0.021190678700804714 -0.011080983094871044
v 0.02768406085669995 -0.030006512999534614 -0.009724739007651806
v 0.026964953169226653 -0.02750960551202298 -0.013317289762198925
v 0.02721692435443402 -0.021190678700804714 -0.011080983094871044
v 0.026964953169226653 -0.02750960551202298 -0.013317289762198925
v 0.026212332770228393 -0.018733022734522823 -0.014607968740165234
v 0.026212332770228393 -0.018733022734522823 -0.014607968740165234
v 0.026964953169226653 -0.02750960551202298 -0.013317289762198925
v 0.026069505140185363 -0.025021007284522064 -0.01681298203766346
v 0.026212332770228393 -0.018733022734522823 -0.014607968740165234
v 0.026069505140185363 -0.025021007284522064 -0.01681298203766346
v 0.024914389476180084 -0.016424076631665233 -0.017994703724980354
v 0.024914389476180084 -0.016424076631665233 -0.017994703724980354
v 0.026069505140185363 -0.025021007284522064 -0.01681298203766346
v 0.024983605369925506 -0.02251931838691235 -0.020207883790135384
v 0.02850118093192578 -0.03940000012516976 -2.5509288015257425e-09
v 0.028418621048331268 -0.039265595376491554 -0.0029889370780438185
v 0.028457229956984527 -0.03510481864213944 -0.0024037386756390333
v 0.028457229956984527 -0.03510481864213944 -0.0024037386756390333
v 0.028418621048331268 -0.039265595376491554 -0.0029889370780438185
v 0.02817696891725064 -0.038874987512826926 -0.005953195039182901
v 0.028457229956984527 -0.03510481864213944 -0.0024037386756390333
v 0.02817696891725064 -0.038874987512826926 -0.005953195039182901
v 0.02819370292127133 -0.03253287076950074 -0.006069364491850138
v 0.02819370292127133 -0.03253287076950074 -0.006069364491850138
v 0.02817696891725064 -0.038874987512826926 -0.005953195039182901
v 0.027880808338522918 -0.03809462860226632 -0.008362176828086376
v 0.02819370292127133 -0.03253287076950074 -0.006069364491850138
v 0.027880808338522918 -0.03809462860226632 -0.008362176828086376
v 0.02768406085669995 -0.030006512999534614 -0.009724739007651806
v 0.02768406085669995 -0.030006512999534614 -0.009724739007651806
v 0.027880808338522918 -0.03809462860226632 -0.008362176828086376
v 0.02731608413159848 -0.035793054848909385 -0.011914911679923534
v 0.02768406085669995 -0.030006512999534614 -0.009724739007651806
v 0.02731608413159848 -0.035793054848909385 -0.011914911679923534
v 0.026964953169226653 -0.02750960551202298 -0.013317289762198925
v 0.026964953169226653 -0.02750960551202298 -0.013317289762198925
v 0.02731608413159848 -0.035793054848909385 -0.011914911679923534
v 0.02662241272628308 -0.03341453149914742 -0.01541066449135542
v 0.026964953169226653 -0.02750960551202298 -0.013317289762198925
v 0.02662241272628308 -0.03341453149914742 -0.01541066449135542
v 0.026069505140185363 -0.025021007284522064 -0.01681298203766346
v 0.026069505140185363 -0.025021007284522064 -0.01681298203766346
v 0.02662241272628308 -0.03341453149914742 -0.01541066449135542
v 0.02583139948546887 -0.030896749347448356 -0.01885324902832508
v 0.026069505140185363 -0.025021007284522064 -0.01681298203766346
v 0.02583139948546887 -0.030896749347448356 -0.01885324902832508
v 0.024983605369925506 -0.02251931838691235 -0.020207883790135384
v 0.024983605369925506 -0.02251931838691235 -0.020207883790135384
v 0.02583139948546887 -0.030896749347448356 -0.01885324902832508
v 0.0249564927071333 -0.02818631939589978 -0.022267403081059456
v 0.024983605369925506 -0.02251931838691235 -0.020207883790135384
v 0.0249564927071333 -0.02818631939589978 -0.022267403081059456
v 0.023969968780875213 -0.02524597011506558 -0.025711121037602425
v 0.02297710441052914 -0.026369800791144378 -0.03178012743592262
v 0.023000581189990047 -0.024268424138426788 -0.030485453084111214
v 0.02373247407376767 -0.030108140781521804 -0.027812780812382698
v 0.02373247407376767 -0.030108140781521804 -0.027812780812382698
v 0.023000581189990047 -0.024268424138426788 -0.030485453084111214
v 0.02395053021609784 -0.027732687070965774 -0.02674699015915394
v 0.02373247407376767 -0.030108140781521804 -0.027812780812382698
v 0.02395053021609784 -0.027732687070965774 -0.02674699015915394
v 0.024026973173022277 -0.03131059184670449 -0.026346387341618538
v 0.024026973173022277 -0.03131059184670449 -0.026346387341618538
v 0.02395053021609784 -0.027732687070965774 -0.02674699015915394
v 0.024616396054625518 -0.032520771026611335 -0.023773672059178352
v 0.023000581189990047 -0.024268424138426788 -0.030485453084111214
v 0.02282858453691006 -0.022077715024352077 -0.029279353097081184
v 0.02395053021609784 -0.027732687070965774 -0.02674699015915394
v 0.02395053021609784 -0.027732687070965774 -0.02674699015915394
v 0.02282858453691006 -0.022077715024352077 -0.029279353097081184
v 0.023969968780875213 -0.02524597011506558 -0.025711121037602425
v 0.02395053021609784 -0.027732687070965774 -0.02674699015915394
v 0.023969968780875213 -0.02524597011506558 -0.025711121037602425
v 0.024801110848784454 -0.03086740523576737 -0.023201288655400276
v 0.024801110848784454 -0.03086740523576737 -0.023201288655400276
v 0.023969968780875213 -0.02524597011506558 -0.025711121037602425
v 0.0249564927071333 -0.02818631939589978 -0.022267403081059456
v 0.024801110848784454 -0.03086740523576737 -0.023201288655400276
v 0.0249564927071333 -0.02818631939589978 -0.022267403081059456
v 0.02559755556285382 -0.0336720496416092 -0.019751491025090218
v 0.02559755556285382 -0.0336720496416092 -0.019751491025090218
v 0.0249564927071333 -0.02818631939589978 -0.022267403081059456
v 0.02583139948546887 -0.030896749347448356 -0.01885324902832508
v 0.02559755556285382 -0.0336720496416092 -0.019751491025090218
v 0.02583139948546887 -0.030896749347448356 -0.01885324902832508
v 0.02609312348067761 -0.03530699759721757 -0.017537416890263557
v 0.02609312348067761 -0.03530699759721757 -0.017537416890263557
v 0.02583139948546887 -0.030896749347448356 -0.01885324902832508
v 0.02662241272628308 -0.03341453149914742 -0.01541066449135542
v 0.02609312348067761 -0.03530699759721757 -0.017537416890263557
v 0.02662241272628308 -0.03341453149914742 -0.01541066449135542
v 0.026392316445708282 -0.035842828452587135 -0.01622230000793934
v 0.026392316445708282 -0.035842828452587135 -0.01622230000793934
v 0.02662241272628308 -0.03341453149914742 -0.01541066449135542
v 0.026447428390383727 -0.03594007715582848 -0.01597529835999012
v 0.02419926784932614 -0.005211235489696265 -0.016543151810765266
v 0.025103336200118072 -0.006194943096488716 -0.014910819940268993
v 0.024980319663882262 -0.009764638729393484 -0.01587599702179432
v 0.024980319663882262 -0.009764638729393484 -0.01587599702179432
v 0.025103336200118072 -0.006194943096488716 -0.014910819940268993
v 0.02676487527787686 -0.0047975010238587865 -0.010553601197898388
v 0.023181488737463955 -0.004332700278609992 -0.018115701153874397
v 0.02419926784932614 -0.005211235489696265 -0.016543151810765266
v 0.02312637679278851 -0.007867877371609213 -0.019068898633122444
v 0.02312637679278851 -0.007867877371609213 -0.019068898633122444
v 0.02419926784932614 -0.005211235489696265 -0.016543151810765266
v 0.024980319663882262 -0.009764638729393484 -0.01587599702179432
v 0.02312637679278851 -0.007867877371609213 -0.019068898633122444
v 0.024980319663882262 -0.009764638729393484 -0.01587599702179432
v 0.023170998319983486 -0.011181083507835867 -0.020117225125432014
v 0.023170998319983486 -0.011181083507835867 -0.020117225125432014
v 0.024980319663882262 -0.009764638729393484 -0.01587599702179432
v 0.023298157379031185 -0.014284786768257621 -0.021237554028630257
v 0.023170998319983486 -0.011181083507835867 -0.020117225125432014
v 0.023298157379031185 -0.014284786768257621 -0.021237554028630257
v 0.021345322951674465 -0.012341712601482872 -0.0243531484156847
v 0.021345322951674465 -0.012341712601482872 -0.0243531484156847
v 0.023298157379031185 -0.014284786768257621 -0.021237554028630257
v 0.021728297695517543 -0.014976480044424537 -0.02561223693192005
v 0.021345322951674465 -0.012341712601482872 -0.0243531484156847
v 0.021728297695517543 -0.014976480044424537 -0.02561223693192005
v 0.019683865830302242 -0.012853705324232582 -0.02881080098450184
v 0.019683865830302242 -0.012853705324232582 -0.02881080098450184
v 0.021728297695517543 -0.014976480044424537 -0.02561223693192005
v 0.02034922502934933 -0.014913831837475303 -0.03024172969162464
v 0.019683865830302242 -0.012853705324232582 -0.02881080098450184
v 0.02034922502934933 -0.014913831837475303 -0.03024172969162464
v 0.018345734104514125 -0.012421009130775932 -0.03366697207093239
v 0.018345734104514125 -0.012421009130775932 -0.03366697207093239
v 0.02034922502934933 -0.014913831837475303 -0.03024172969162464
v 0.01927990280091763 -0.013899658806622032 -0.03528941050171852
v 0.018345734104514125 -0.012421009130775932 -0.03366697207093239
v 0.01927990280091763 -0.013899658806622032 -0.03528941050171852
v 0.017275905236601833 -0.01119853649288416 -0.03537673130631447
v 0.017275905236601833 -0.01119853649288416 -0.03537673130631447
v 0.01927990280091763 -0.013899658806622032 -0.03528941050171852
v 0.018387606367468837 -0.012428344227373603 -0.03711069002747536
v 0.017275905236601833 -0.01119853649288416 -0.03537673130631447
v 0.018387606367468837 -0.012428344227373603 -0.03711069002747536
v 0.016164971515536312 -0.009997115470469 -0.03706097975373268
v 0.016164971515536312 -0.009997115470469 -0.03706097975373268
v 0.018387606367468837 -0.012428344227373603 -0.03711069002747536
v 0.01747304014861584 -0.01097176317125559 -0.038897279649972916
v 0.016164971515536312 -0.009997115470469 -0.03706097975373268
v 0.01747304014861584 -0.01097176317125559 -0.038897279649972916
v 0.015014750882983211 -0.008822076953947546 -0.03869706764817238
v 0.015014750882983211 -0.008822076953947546 -0.03869706764817238
v 0.01747304014861584 -0.01097176317125559 -0.038897279649972916
v 0.016537522897124294 -0.009535071440041067 -0.04062134400010109
v 0.015014750882983211 -0.008822076953947546 -0.03869706764817238
v 0.016537522897124294 -0.009535071440041067 -0.04062134400010109
v 0.013826301321387294 -0.007680503185838463 -0.04026097431778908
v 0.013826301321387294 -0.007680503185838463 -0.04026097431778908
v 0.016537522897124294 -0.009535071440041067 -0.04062134400010109
v 0.015580212697386745 -0.008123685605823995 -0.04225659742951393
v 0.013826301321387294 -0.007680503185838463 -0.04026097431778908
v 0.015580212697386745 -0.008123685605823995 -0.04225659742951393
v 0.012600189074873928 -0.006581672932952644 -0.04172945395112038
v 0.012600189074873928 -0.006581672932952644 -0.04172945395112038
v 0.015580212697386745 -0.008123685605823995 -0.04225659742951393
v 0.014598270878195766 -0.006743853446096184 -0.04378122463822365
v 0.012600189074873928 -0.006581672932952644 -0.04172945395112038
v 0.014598270878195766 -0.006743853446096184 -0.04378122463822365
v 0.01133728586137295 -0.005536110606044532 -0.043083611875772476
v 0.01133728586137295 -0.005536110606044532 -0.043083611875772476
v 0.014598270878195766 -0.006743853446096184 -0.04378122463822365
v 0.013587748631834987 -0.005401769187301398 -0.04518336430191994
v 0.01133728586137295 -0.005536110606044532 -0.043083611875772476
v 0.013587748631834987 -0.005401769187301398 -0.04518336430191994
v 0.012749461457133297 -0.0044608241878449926 -0.046049002557992935
v 0.012749461457133297 -0.0044608241878449926 -0.046049002557992935
v 0.013587748631834987 -0.005401769187301398 -0.04518336430191994
v 0.014538442716002468 -0.0056661306880414495 -0.04566336050629616
v 0.023181488737463955 -0.004332700278609992 -0.018115701153874397
v 0.02334113977849484 -0.0005885635036975146 -0.017255665734410286
v 0.02419926784932614 -0.005211235489696265 -0.016543151810765266
v 0.02419926784932614 -0.005211235489696265 -0.016543151810765266
v 0.02334113977849484 -0.0005885635036975146 -0.017255665734410286
v 0.02437561564147473 -0.0014730852562934165 -0.01566350646317005
v 0.02419926784932614 -0.005211235489696265 -0.016543151810765266
v 0.02437561564147473 -0.0014730852562934165 -0.01566350646317005
v 0.025103336200118072 -0.006194943096488716 -0.014910819940268993
v 0.025103336200118072 -0.006194943096488716 -0.014910819940268993
v 0.02437561564147473 -0.0014730852562934165 -0.01566350646317005
v 0.02528983913362027 -0.0024751734454184775 -0.014011266641318798
v 0.025103336200118072 -0.006194943096488716 -0.014910819940268993
v 0.02528983913362027 -0.0024751734454184775 -0.014011266641318798
v 0.02676487527787686 -0.0047975010238587865 -0.010553601197898388
v 0.02676487527787686 -0.0047975010238587865 -0.010553601197898388
v 0.02528983913362027 -0.0024751734454184775 -0.014011266641318798
v 0.027197366580367095 0.002729142783209682 -0.008775833062827587
v 0.02676487527787686 -0.0047975010238587865 -0.010553601197898388
v 0.027197366580367095 0.002729142783209682 -0.008775833062827587
v 0.0277784001082182 -0.007479385938495399 -0.006943585816770792
v 0.0277784001082182 -0.007479385938495399 -0.006943585816770792
v 0.027197366580367095 0.002729142783209682 -0.008775833062827587
v 0.02807739935815335 -0.00025770557112991815 -0.005090358201414347
v 0.0277784001082182 -0.007479385938495399 -0.006943585816770792
v 0.02807739935815335 -0.00025770557112991815 -0.005090358201414347
v 0.028471192345023162 -0.003554393770173193 -0.0013603593688458204
v 0.028471192345023162 -0.003554393770173193 -0.0013603593688458204
v 0.02807739935815335 -0.00025770557112991815 -0.005090358201414347
v 0.02821162901818753 0.0034359979908913383 -0.004159333650022745
v 0.028471192345023162 -0.003554393770173193 -0.0013603593688458204
v 0.02821162901818753 0.0034359979908913383 -0.004159333650022745
v 0.02833997271955014 0.0034359979908913383 -0.003107431111857295
v 0.028501121327281005 -0.013586741872131828 -2.5509288015257425e-09
v 0.028501121327281005 -0.013634950853884224 -2.5509288015257425e-09
v 0.028345746919512756 -0.010438934899866583 -0.0032568599563091993
v 0.028345746919512756 -0.010438934899866583 -0.0032568599563091993
v 0.028501121327281005 -0.013634950853884224 -2.5509288015257425e-09
v 0.02815229259431363 -0.01721364073455334 -0.005270006600767374
v 0.028345746919512756 -0.010438934899866583 -0.0032568599563091993
v 0.02815229259431363 -0.01721364073455334 -0.005270006600767374
v 0.0277784001082182 -0.007479385938495399 -0.006943585816770792
v 0.0277784001082182 -0.007479385938495399 -0.006943585816770792
v 0.02815229259431363 -0.01721364073455334 -0.005270006600767374
v 0.027477955445647247 -0.014490705914795402 -0.008924725465476513
v 0.0277784001082182 -0.007479385938495399 -0.006943585816770792
v 0.027477955445647247 -0.014490705914795402 -0.008924725465476513
v 0.02676487527787686 -0.0047975010238587865 -0.010553601197898388
v 0.02676487527787686 -0.0047975010238587865 -0.010553601197898388
v 0.027477955445647247 -0.014490705914795402 -0.008924725465476513
v 0.026425240561366088 -0.011990410275757316 -0.012480261735618114
v 0.02676487527787686 -0.0047975010238587865 -0.010553601197898388
v 0.026425240561366088 -0.011990410275757316 -0.012480261735618114
v 0.024980319663882262 -0.009764638729393484 -0.01587599702179432
v 0.028501121327281005 -0.013634950853884224 -2.5509288015257425e-09
v 0.028501121327281005 -0.02179711870849133 -2.5509288015257425e-09
v 0.028468860313296325 -0.020108664408326152 -0.0015910293441265821
v 0.028468860313296325 -0.020108664408326152 -0.0015910293441265821
v 0.028501121327281005 -0.02179711870849133 -2.5509288015257425e-09
v 0.028360692784190185 -0.02648675628006459 -0.003765108762308955
v 0.028468860313296325 -0.020108664408326152 -0.0015910293441265821
v 0.028360692784190185 -0.02648675628006459 -0.003765108762308955
v 0.02815229259431363 -0.01721364073455334 -0.005270006600767374
v 0.02815229259431363 -0.01721364073455334 -0.005270006600767374
v 0.028360692784190185 -0.02648675628006459 -0.003765108762308955
v 0.027934407815337188 -0.023781413212418563 -0.007446470204740763
v 0.02815229259431363 -0.01721364073455334 -0.005270006600767374
v 0.027934407815337188 -0.023781413212418563 -0.007446470204740763
v 0.027477955445647247 -0.014490705914795402 -0.008924725465476513
v 0.027477955445647247 -0.014490705914795402 -0.008924725465476513
v 0.027934407815337188 -0.023781413212418563 -0.007446470204740763
v 0.02721692435443402 -0.021190678700804714 -0.011080983094871044
v 0.027477955445647247 -0.014490705914795402 -0.008924725465476513
v 0.02721692435443402 -0.021190678700804714 -0.011080983094871044
v 0.026425240561366088 -0.011990410275757316 -0.012480261735618114
v 0.026425240561366088 -0.011990410275757316 -0.012480261735618114
v 0.02721692435443402 -0.021190678700804714 -0.011080983094871044
v 0.026212332770228393 -0.018733022734522823 -0.014607968740165234
v 0.026425240561366088 -0.011990410275757316 -0.012480261735618114
v 0.026212332770228393 -0.018733022734522823 -0.014607968740165234
v 0.024980319663882262 -0.009764638729393484 -0.01587599702179432
v 0.024980319663882262 -0.009764638729393484 -0.01587599702179432
v 0.026212332770228393 -0.018733022734522823 -0.014607968740165234
v 0.024914389476180084 -0.016424076631665233 -0.017994703724980354
v 0.024980319663882262 -0.009764638729393484 -0.01587599702179432
v 0.024914389476180084 -0.016424076631665233 -0.017994703724980354
v 0.023298157379031185 -0.014284786768257621 -0.021237554028630257
v 0.023298157379031185 -0.014284786768257621 -0.021237554028630257
v 0.024914389476180084 -0.016424076631665233 -0.017994703724980354
v 0.024983605369925506 -0.02251931838691235 -0.020207883790135384
v 0.023298157379031185 -0.014284786768257621 -0.021237554028630257
v 0.024983605369925506 -0.02251931838691235 -0.020207883790135384
v 0.02368139289319516 -0.019993057474493984 -0.023537756875157356
v 0.02368139289319516 -0.019993057474493984 -0.023537756875157356
v 0.024983605369925506 -0.02251931838691235 -0.020207883790135384
v 0.023860698565840728 -0.022665904834866527 -0.024647654965519905
v 0.02368139289319516 -0.019993057474493984 -0.023537756875157356
v 0.023860698565840728 -0.022665904834866527 -0.024647654965519905
v 0.022522097453475002 -0.019807046279311184 -0.028085770085453987
v 0.022522097453475002 -0.019807046279311184 -0.028085770085453987
v 0.023860698565840728 -0.022665904834866527 -0.024647654965519905
v 0.02282858453691006 -0.022077715024352077 -0.029279353097081184
v 0.022522097453475002 -0.019807046279311184 -0.028085770085453987
v 0.02282858453691006 -0.022077715024352077 -0.029279353097081184
v 0.0215239804238081 -0.018734393641352657 -0.03303742781281471
v 0.0215239804238081 -0.018734393641352657 -0.03303742781281471
v 0.02282858453691006 -0.022077715024352077 -0.029279353097081184
v 0.023000581189990047 -0.024268424138426788 -0.030485453084111214
v 0.0215239804238081 -0.018734393641352657 -0.03303742781281471
v 0.023000581189990047 -0.024268424138426788 -0.030485453084111214
v 0.021933456882834438 -0.02053613774478436 -0.034489456564188004
v 0.021933456882834438 -0.02053613774478436 -0.034489456564188004
v 0.023000581189990047 -0.024268424138426788 -0.030485453084111214
v 0.02297710441052914 -0.026369800791144378 -0.03178012743592262
v 0.021933456882834438 -0.02053613774478436 -0.034489456564188004
v 0.02297710441052914 -0.026369800791144378 -0.03178012743592262
v 0.02217267267405987 -0.022270021960139278 -0.036078277975320816
v 0.02217267267405987 -0.022270021960139278 -0.036078277975320816
v 0.02297710441052914 -0.026369800791144378 -0.03178012743592262
v 0.02282544039189816 -0.028477648273110397 -0.0325360931456089
v 0.02217267267405987 -0.022270021960139278 -0.036078277975320816
v 0.02282544039189816 -0.028477648273110397 -0.0325360931456089
v 0.022221243008971218 -0.023929947987198837 -0.037889543920755386
v 0.022221243008971218 -0.023929947987198837 -0.037889543920755386
v 0.02282544039189816 -0.028477648273110397 -0.0325360931456089
v 0.022570556029677395 -0.027738472446799285 -0.034279946237802505
v 0.022221243008971218 -0.023929947987198837 -0.037889543920755386
v 0.022570556029677395 -0.027738472446799285 -0.034279946237802505
v 0.02233528904616833 -0.026936968788504607 -0.036289457231760025
v 0.002619436010718346 0.0034359979908913383 -0.02839118428528309
v 0.003718217834830285 0.0020796980243176226 -0.028281928971409798
v 0.001278525101952255 0.0013401310425251725 -0.028473498299717903
v 0.001278525101952255 0.0013401310425251725 -0.028473498299717903
v 0.003718217834830285 0.0020796980243176226 -0.028281928971409798
v 0.0037868376821279534 0.00016942502406891438 -0.02841121144592762
v 0.001278525101952255 0.0013401310425251725 -0.028473498299717903
v 0.0037868376821279534 0.00016942502406891438 -0.02841121144592762
v 0.0013884956715628507 -0.0005398590583354236 -0.0286101121455431
v 0.0013884956715628507 -0.0005398590583354236 -0.0286101121455431
v 0.0037868376821279534 0.00016942502406891438 -0.02841121144592762
v 0.0039824601262807855 -0.001545948209241033 -0.028828265145421028
v 0.0013884956715628507 -0.0005398590583354236 -0.0286101121455431
v 0.0039824601262807855 -0.001545948209241033 -0.028828265145421028
v 0.0016350353835150604 -0.0021829020697623496 -0.029175879433751106
v 0.003928823396563531 -0.005468265619128943 -0.034162286669015884
v 0.00098556827288121 -0.005295561160892249 -0.03340733423829079
v 0.0031736176460981378 -0.005106770899146796 -0.0325927771627903
v 0.0031736176460981378 -0.005106770899146796 -0.0325927771627903
v 0.00098556827288121 -0.005295561160892249 -0.03340733423829079
v 0.0002721379569265992 -0.004773022141307593 -0.03182930126786232
v 0.0031736176460981378 -0.005106770899146796 -0.0325927771627903
v 0.0002721379569265992 -0.004773022141307593 -0.03182930126786232
v 0.002533270046114922 -0.004438889678567649 -0.03119039721786976
v 0.002533270046114922 -0.004438889678567649 -0.03119039721786976
v 0.0002721379569265992 -0.004773022141307593 -0.03182930126786232
v 5.41938504738937e-07 -0.004292489495128394 -0.031026961281895638
v 0.002533270046114922 -0.004438889678567649 -0.03119039721786976
v 5.41938504738937e-07 -0.004292489495128394 -0.031026961281895638
v 0.002017585560679436 -0.00346560892648995 -0.030053677037358284
v 0.002017585560679436 -0.00346560892648995 -0.030053677037358284
v 5.41938504738937e-07 -0.004292489495128394 -0.031026961281895638
v 6.984006972743374e-07 -0.003864762606099249 -0.030491651967167854
v 0.002017585560679436 -0.00346560892648995 -0.030053677037358284
v 6.984006972743374e-07 -0.003864762606099249 -0.030491651967167854
v 8.846652121974332e-07 -0.0033951897639781245 -0.030023517087101936
v 0.005813984200358392 0.0034359979908913383 -0.027947844937443733
v 0.006088076159358026 0.0027016389649361376 -0.027917804196476936
v 0.003718217834830285 0.0020796980243176226 -0.028281928971409798
v 0.003718217834830285 0.0020796980243176226 -0.028281928971409798
v 0.006088076159358026 0.0027016389649361376 -0.027917804196476936
v 0.00612093321979046 0.0007798250298947098 -0.02807009406387806
v 0.003718217834830285 0.0020796980243176226 -0.028281928971409798
v 0.00612093321979046 0.0007798250298947098 -0.02807009406387806
v 0.0037868376821279534 0.00016942502406891438 -0.02841121144592762
v 0.0037868376821279534 0.00016942502406891438 -0.02841121144592762
v 0.00612093321979046 0.0007798250298947098 -0.02807009406387806
v 0.006270168349146845 -0.0009739820379763844 -0.02842480130493641
v 0.0037868376821279534 0.00016942502406891438 -0.02841121144592762
v 0.006270168349146845 -0.0009739820379763844 -0.02842480130493641
v 0.0039824601262807855 -0.001545948209241033 -0.028828265145421028
v 0.0039824601262807855 -0.001545948209241033 -0.028828265145421028
v 0.006270168349146845 -0.0009739820379763844 -0.02842480130493641
v 0.006536884233355524 -0.002487895311787725 -0.0290337223559618
v 0.0039824601262807855 -0.001545948209241033 -0.028828265145421028
v 0.006536884233355524 -0.002487895311787725 -0.0290337223559618
v 0.0016350353835150604 -0.0021829020697623496 -0.029175879433751106
v 1.2944470881848249e-06 -0.004360088612884284 -0.04293352738022804
v 1.0187756060986433e-06 -0.004957364406436683 -0.04083806648850441
v 0.003141103312373162 -0.0050021237693727025 -0.04092032089829445
v 0.003141103312373162 -0.0050021237693727025 -0.04092032089829445
v 1.0187756060986433e-06 -0.004957364406436683 -0.04083806648850441
v 0.0018880421994253997 -0.005213027354329825 -0.03946036472916603
v 0.003141103312373162 -0.0050021237693727025 -0.04092032089829445
v 0.0018880421994253997 -0.005213027354329825 -0.03946036472916603
v 0.004970585927367211 -0.005341378506273032 -0.039854053407907486
v 0.004970585927367211 -0.005341378506273032 -0.039854053407907486
v 0.0018880421994253997 -0.005213027354329825 -0.03946036472916603
v 0.0038278382271528253 -0.005434179212898017 -0.03843748942017555
v 0.004970585927367211 -0.005341378506273032 -0.039854053407907486
v 0.0038278382271528253 -0.005434179212898017 -0.03843748942017555
v 0.006773596629500391 -0.005756230559200049 -0.038637761026620865
v 0.006773596629500391 -0.005756230559200049 -0.038637761026620865
v 0.0038278382271528253 -0.005434179212898017 -0.03843748942017555
v 0.005741095170378686 -0.0057294643484056005 -0.0372626818716526
v 0.006773596629500391 -0.005756230559200049 -0.038637761026620865
v 0.005741095170378686 -0.0057294643484056005 -0.0372626818716526
v 0.00853441469371319 -0.006229092832654716 -0.0373234786093235
v 0.002533270046114922 -0.004438889678567649 -0.03119039721786976
v 0.0053187739104032525 -0.004901455249637366 -0.03177786245942116
v 0.0031736176460981378 -0.005106770899146796 -0.0325927771627903
v 0.0031736176460981378 -0.005106770899146796 -0.0325927771627903
v 0.0053187739104032525 -0.004901455249637366 -0.03177786245942116
v 0.005990697070956232 -0.0054588629864156255 -0.03316367045044899
v 0.0031736176460981378 -0.005106770899146796 -0.0325927771627903
v 0.005990697070956232 -0.0054588629864156255 -0.03316367045044899
v 0.003928823396563531 -0.005468265619128943 -0.034162286669015884
v 0.003928823396563531 -0.005468265619128943 -0.034162286669015884
v 0.005990697070956232 -0.0054588629864156255 -0.03316367045044899
v 0.004788471385836602 -0.005643536802381278 -0.035753849893808365
v 0.003928823396563531 -0.005468265619128943 -0.034162286669015884
v 0.004788471385836602 -0.005643536802381278 -0.035753849893808365
v 1.0634790896801862e-06 -0.00539486249908805 -0.03590459004044533
v 1.0634790896801862e-06 -0.00539486249908805 -0.03590459004044533
v 0.004788471385836602 -0.005643536802381278 -0.035753849893808365
v 0.0027744080871343617 -0.00546309119090438 -0.03684914484620094
v 1.0634790896801862e-06 -0.00539486249908805 -0.03590459004044533
v 0.0027744080871343617 -0.00546309119090438 -0.03684914484620094
v 1.0858308314709577e-06 -0.00538570573553443 -0.03648156300187111
v 1.0858308314709577e-06 -0.00538570573553443 -0.03648156300187111
v 0.0027744080871343617 -0.00546309119090438 -0.03684914484620094
v 0.0007330457447096708 -0.005340417381376029 -0.0378037728369236
v 1.0858308314709577e-06 -0.00538570573553443 -0.03648156300187111
v 0.0007330457447096708 -0.005340417381376029 -0.0378037728369236
v 8.697640510035855e-07 -0.005316400434821845 -0.038108114153146744
v 1.0187756060986433e-06 -0.004957364406436683 -0.04083806648850441
v 7.803570838404996e-07 -0.005283390637487174 -0.038538817316293716
v 0.0018880421994253997 -0.005213027354329825 -0.03946036472916603
v 0.0018880421994253997 -0.005213027354329825 -0.03946036472916603
v 7.803570838404996e-07 -0.005283390637487174 -0.038538817316293716
v 0.0007330457447096708 -0.005340417381376029 -0.0378037728369236
v 0.0018880421994253997 -0.005213027354329825 -0.03946036472916603
v 0.0007330457447096708 -0.005340417381376029 -0.0378037728369236
v 0.0038278382271528253 -0.005434179212898017 -0.03843748942017555
v 0.0038278382271528253 -0.005434179212898017 -0.03843748942017555
v 0.0007330457447096708 -0.005340417381376029 -0.0378037728369236
v 0.0027744080871343617 -0.00546309119090438 -0.03684914484620094
v 0.0038278382271528253 -0.005434179212898017 -0.03843748942017555
v 0.0027744080871343617 -0.00546309119090438 -0.03684914484620094
v 0.005741095170378686 -0.0057294643484056005 -0.0372626818716526
v 0.005741095170378686 -0.0057294643484056005 -0.0372626818716526
v 0.0027744080871343617 -0.00546309119090438 -0.03684914484620094
v 0.004788471385836602 -0.005643536802381278 -0.035753849893808365
v 0.005741095170378686 -0.0057294643484056005 -0.0372626818716526
v 0.004788471385836602 -0.005643536802381278 -0.035753849893808365
v 0.008672891184687616 -0.005997450556606056 -0.033439282327890396
v 0.008672891184687616 -0.005997450556606056 -0.033439282327890396
v 0.004788471385836602 -0.005643536802381278 -0.035753849893808365
v 0.005990697070956232 -0.0054588629864156255 -0.03316367045044899
v 0.008672891184687616 -0.005997450556606056 -0.033439282327890396
v 0.005990697070956232 -0.0054588629864156255 -0.03316367045044899
v 0.007996251806616785 -0.005447113420814277 -0.032158080488443375
v 0.007996251806616785 -0.005447113420814277 -0.032158080488443375
v 0.005990697070956232 -0.0054588629864156255 -0.03316367045044899
v 0.0053187739104032525 -0.004901455249637366 -0.03177786245942116
v 0.007996251806616785 -0.005447113420814277 -0.032158080488443375
v 0.0053187739104032525 -0.004901455249637366 -0.03177786245942116
v 0.007407819852232935 -0.004707144107669593 -0.030949177220463753
v 0.007407819852232935 -0.004707144107669593 -0.030949177220463753
v 0.0053187739104032525 -0.004901455249637366 -0.03177786245942116
v 0.002533270046114922 -0.004438889678567649 -0.03119039721786976
v 0.01260255835950375 3.0419549148064113e-05 -0.026436271145939827
v 0.01256733946502209 0.0018487896304577593 -0.026095988228917122
v 0.014495788142085079 8.676083962200211e-05 -0.025493742898106575
v 0.014495788142085079 8.676083962200211e-05 -0.025493742898106575
v 0.01256733946502209 0.0018487896304577593 -0.026095988228917122
v 0.014490267261862758 0.0019242081325501208 -0.02514529414474964
v 0.014495788142085079 8.676083962200211e-05 -0.025493742898106575
v 0.014490267261862758 0.0019242081325501208 -0.02514529414474964
v 0.016287563368678096 0.0018557335715740923 -0.024071039631962776
v 0.016287563368678096 0.0018557335715740923 -0.024071039631962776
v 0.014490267261862758 0.0019242081325501208 -0.02514529414474964
v 0.016604801639914516 0.0034359979908913383 -0.02364725060760975
v 0.016287563368678096 0.0018557335715740923 -0.024071039631962776
v 0.016604801639914516 0.0034359979908913383 -0.02364725060760975
v 0.018866745755076412 0.0034359979908913383 -0.021895410493016243
v 0.011363437399268152 -0.004486688878387214 -0.029163779690861702
v 0.009010462090373041 -0.0034393195528537044 -0.029169978573918343
v 0.011016545817255976 -0.0032429893035441646 -0.028369249776005745
v 0.011016545817255976 -0.0032429893035441646 -0.028369249776005745
v 0.009010462090373041 -0.0034393195528537044 -0.029169978573918343
v 0.008692761883139612 -0.0020878326613456015 -0.028435589745640755
v 0.011016545817255976 -0.0032429893035441646 -0.028369249776005745
v 0.008692761883139612 -0.0020878326613456015 -0.028435589745640755
v 0.01075851731002331 -0.0018012758810073142 -0.027725638821721077
v 0.01075851731002331 -0.0018012758810073142 -0.027725638821721077
v 0.008692761883139612 -0.0020878326613456015 -0.028435589745640755
v 0.008479198440909387 -0.0005076688248664142 -0.027904393151402473
v 0.01075851731002331 -0.0018012758810073142 -0.027725638821721077
v 0.008479198440909387 -0.0005076688248664142 -0.027904393151402473
v 0.010594030842185022 -0.00016903622599784288 -0.02724290080368519
v 0.010594030842185022 -0.00016903622599784288 -0.02724290080368519
v 0.008479198440909387 -0.0005076688248664142 -0.027904393151402473
v 0.008372096344828607 0.0012710827868431809 -0.0275688786059618
v 0.010594030842185022 -0.00016903622599784288 -0.02724290080368519
v 0.008372096344828607 0.0012710827868431809 -0.0275688786059618
v 0.01052493415772915 0.0016299511771649127 -0.026908161118626595
v 0.01052493415772915 0.0016299511771649127 -0.026908161118626595
v 0.008372096344828607 0.0012710827868431809 -0.0275688786059618
v 0.008886320516467096 0.0034359979908913383 -0.027228476479649544
v 0.01052493415772915 0.0016299511771649127 -0.026908161118626595
v 0.008886320516467096 0.0034359979908913383 -0.027228476479649544
v 0.011566882953047754 0.0034359979908913383 -0.02631974406540394
v 0.012925518676638607 -0.003162828506901861 -0.027471007779240608
v 0.01272244565188885 -0.0016463820356875662 -0.026890696957707405
v 0.014728946611285213 -0.003209312679246069 -0.026469828560948372
v 0.014728946611285213 -0.003209312679246069 -0.026469828560948372
v 0.01272244565188885 -0.0016463820356875662 -0.026890696957707405
v 0.014575740322470668 -0.0016296517569571738 -0.0259323138743639
v 0.014728946611285213 -0.003209312679246069 -0.026469828560948372
v 0.014575740322470668 -0.0016296517569571738 -0.0259323138743639
v 0.01631228439509869 -0.0017507199663668875 -0.024860085919499397
v 0.011363437399268152 -0.004486688878387214 -0.029163779690861702
v 0.006918286904692652 -0.0037303764838725337 -0.029887976124882698
v 0.009010462090373041 -0.0034393195528537044 -0.029169978573918343
v 0.009010462090373041 -0.0034393195528537044 -0.029169978573918343
v 0.006918286904692652 -0.0037303764838725337 -0.029887976124882698
v 0.006536884233355524 -0.002487895311787725 -0.0290337223559618
v 0.009010462090373041 -0.0034393195528537044 -0.029169978573918343
v 0.006536884233355524 -0.002487895311787725 -0.0290337223559618
v 0.008692761883139612 -0.0020878326613456015 -0.028435589745640755
v 0.008692761883139612 -0.0020878326613456015 -0.028435589745640755
v 0.006536884233355524 -0.002487895311787725 -0.0290337223559618
v 0.006270168349146845 -0.0009739820379763844 -0.02842480130493641
v 0.008692761883139612 -0.0020878326613456015 -0.028435589745640755
v 0.006270168349146845 -0.0009739820379763844 -0.02842480130493641
v 0.008479198440909387 -0.0005076688248664142 -0.027904393151402473
v 0.008479198440909387 -0.0005076688248664142 -0.027904393151402473
v 0.006270168349146845 -0.0009739820379763844 -0.02842480130493641
v 0.00612093321979046 0.0007798250298947098 -0.02807009406387806
v 0.008479198440909387 -0.0005076688248664142 -0.027904393151402473
v 0.00612093321979046 0.0007798250298947098 -0.02807009406387806
v 0.008372096344828607 0.0012710827868431809 -0.0275688786059618
v 0.008372096344828607 0.0012710827868431809 -0.0275688786059618
v 0.00612093321979046 0.0007798250298947098 -0.02807009406387806
v 0.006088076159358026 0.0027016389649361376 -0.027917804196476936
v 0.008372096344828607 0.0012710827868431809 -0.0275688786059618
v 0.006088076159358026 0.0027016389649361376 -0.027917804196476936
v 0.008370300754904749 0.0031971174757927665 -0.027384402230381966
v 0.008370300754904749 0.0031971174757927665 -0.027384402230381966
v 0.006088076159358026 0.0027016389649361376 -0.027917804196476936
v 0.008377743884921076 0.0034359979908913383 -0.027369322255253792
v 0.008370300754904749 0.0031971174757927665 -0.027384402230381966
v 0.008377743884921076 0.0034359979908913383 -0.027369322255253792
v 0.008886320516467096 0.0034359979908913383 -0.027228476479649544
v 0.02218428067862988 0.00017098592070396992 -0.01878124661743641
v 0.022047622129321102 -0.0035666797775775203 -0.019622744992375374
v 0.020902646705508236 0.0007994200568646195 -0.020233692601323128
v 0.020902646705508236 0.0007994200568646195 -0.020233692601323128
v 0.022047622129321102 -0.0035666797775775203 -0.019622744992375374
v 0.020795358344912532 -0.00291997310705483 -0.02105814404785633
v 0.020902646705508236 0.0007994200568646195 -0.020233692601323128
v 0.020795358344912532 -0.00291997310705483 -0.02105814404785633
v 0.019493794068694118 0.0012917432468384506 -0.021605314686894417
v 0.019493794068694118 0.0012917432468384506 -0.021605314686894417
v 0.020795358344912532 -0.00291997310705483 -0.02105814404785633
v 0.019422715529799465 -0.002398205222561956 -0.022415103390812874
v 0.019493794068694118 0.0012917432468384506 -0.021605314686894417
v 0.019422715529799465 -0.002398205222561956 -0.022415103390812874
v 0.01795574836432934 0.0016444537322968249 -0.02288741059601307
v 0.01795574836432934 0.0016444537322968249 -0.02288741059601307
v 0.019422715529799465 -0.002398205222561956 -0.022415103390812874
v 0.017928419634699825 -0.002007146598771215 -0.023685159161686897
v 0.01795574836432934 0.0016444537322968249 -0.02288741059601307
v 0.017928419634699825 -0.002007146598771215 -0.023685159161686897
v 0.016287563368678096 0.0018557335715740923 -0.024071039631962776
v 0.016287563368678096 0.0018557335715740923 -0.024071039631962776
v 0.017928419634699825 -0.002007146598771215 -0.023685159161686897
v 0.01631228439509869 -0.0017507199663668875 -0.024860085919499397
v 0.016287563368678096 0.0018557335715740923 -0.024071039631962776
v 0.01631228439509869 -0.0017507199663668875 -0.024860085919499397
v 0.014495788142085079 8.676083962200211e-05 -0.025493742898106575
v 0.014495788142085079 8.676083962200211e-05 -0.025493742898106575
v 0.01631228439509869 -0.0017507199663668875 -0.024860085919499397
v 0.014575740322470668 -0.0016296517569571738 -0.0259323138743639
v 0.014495788142085079 8.676083962200211e-05 -0.025493742898106575
v 0.014575740322470668 -0.0016296517569571738 -0.0259323138743639
v 0.01260255835950375 3.0419549148064113e-05 -0.026436271145939827
v 0.01260255835950375 3.0419549148064113e-05 -0.026436271145939827
v 0.014575740322470668 -0.0016296517569571738 -0.0259323138743639
v 0.01272244565188885 -0.0016463820356875662 -0.026890696957707405
v 8.846652121974332e-07 -0.0033951897639781245 -0.030023517087101936
v 0.0016350353835150604 -0.0021829020697623496 -0.029175879433751106
v 0.002017585560679436 -0.00346560892648995 -0.030053677037358284
v 0.002017585560679436 -0.00346560892648995 -0.030053677037358284
v 0.0016350353835150604 -0.0021829020697623496 -0.029175879433751106
v 0.006536884233355524 -0.002487895311787725 -0.0290337223559618
v 0.002017585560679436 -0.00346560892648995 -0.030053677037358284
v 0.006536884233355524 -0.002487895311787725 -0.0290337223559618
v 0.002533270046114922 -0.004438889678567649 -0.03119039721786976
v 0.002533270046114922 -0.004438889678567649 -0.03119039721786976
v 0.006536884233355524 -0.002487895311787725 -0.0290337223559618
v 0.006918286904692652 -0.0037303764838725337 -0.029887976124882698
v 0.002533270046114922 -0.004438889678567649 -0.03119039721786976
v 0.006918286904692652 -0.0037303764838725337 -0.029887976124882698
v 0.007407819852232935 -0.004707144107669593 -0.030949177220463753
v 0.007407819852232935 -0.004707144107669593 -0.030949177220463753
v 0.006918286904692652 -0.0037303764838725337 -0.029887976124882698
v 0.011363437399268152 -0.004486688878387214 -0.029163779690861702
v 0.007407819852232935 -0.004707144107669593 -0.030949177220463753
v 0.011363437399268152 -0.004486688878387214 -0.029163779690861702
v 0.007996251806616785 -0.005447113420814277 -0.032158080488443375
v 0.007996251806616785 -0.005447113420814277 -0.032158080488443375
v 0.011363437399268152 -0.004486688878387214 -0.029163779690861702
v 0.01179212145507336 -0.0055425441823899755 -0.03007894940674305
v 0.007996251806616785 -0.005447113420814277 -0.032158080488443375
v 0.01179212145507336 -0.0055425441823899755 -0.03007894940674305
v 0.008672891184687616 -0.005997450556606056 -0.033439282327890396
v 0.012857114896178249 -0.007195913698524238 -0.03210991993546486
v 0.013470990583300594 -0.007856146432459356 -0.033150557428598404
v 0.009425936266779901 -0.00641274591907859 -0.03472185507416725
v 0.009425936266779901 -0.00641274591907859 -0.03472185507416725
v 0.013470990583300594 -0.007856146432459356 -0.033150557428598404
v 0.01188975386321545 -0.007281099911779167 -0.034561339765787125
v 0.009425936266779901 -0.00641274591907859 -0.03472185507416725
v 0.01188975386321545 -0.007281099911779167 -0.034561339765787125
v 0.01024225912988186 -0.006739345844835045 -0.03595638647675514
v 0.015585808083415035 -0.007112098392099144 -0.028608860448002815
v 0.015240063890814785 -0.00594372069463134 -0.02782309241592884
v 0.017094736918807033 -0.007572417613118889 -0.027314187958836555
v 0.009425936266779901 -0.00641274591907859 -0.03472185507416725
v 0.012293545529246334 -0.006435254123061897 -0.031074585393071175
v 0.012857114896178249 -0.007195913698524238 -0.03210991993546486
v 0.012857114896178249 -0.007195913698524238 -0.03210991993546486
v 0.012293545529246334 -0.006435254123061897 -0.031074585393071175
v 0.015585808083415035 -0.007112098392099144 -0.028608860448002815
v 0.012857114896178249 -0.007195913698524238 -0.03210991993546486
v 0.015585808083415035 -0.007112098392099144 -0.028608860448002815
v 0.015981016680598262 -0.008168009109795095 -0.02943909354507923
v 0.015981016680598262 -0.008168009109795095 -0.02943909354507923
v 0.015585808083415035 -0.007112098392099144 -0.028608860448002815
v 0.017094736918807033 -0.007572417613118889 -0.027314187958836555
v 0.01659062318503857 -0.004898478742688895 -0.02595132775604725
v 0.018119668588042263 -0.005269126500934363 -0.024717094376683235
v 0.01850739680230618 -0.008122020401060583 -0.025970282033085823
v 0.01850739680230618 -0.008122020401060583 -0.025970282033085823
v 0.018119668588042263 -0.005269126500934363 -0.024717094376683235
v 0.019537618383765224 -0.005755261983722449 -0.023407163098454475
v 0.01850739680230618 -0.008122020401060583 -0.025970282033085823
v 0.019537618383765224 -0.005755261983722449 -0.023407163098454475
v 0.02103695832192898 -0.009485566057264807 -0.023138346150517464
v 0.02103695832192898 -0.009485566057264807 -0.023138346150517464
v 0.019537618383765224 -0.005755261983722449 -0.023407163098454475
v 0.020844137296080593 -0.0063536404632031935 -0.022026481106877327
v 0.02103695832192898 -0.009485566057264807 -0.023138346150517464
v 0.020844137296080593 -0.0063536404632031935 -0.022026481106877327
v 0.022039880976080898 -0.007059825118631126 -0.02057904191315174
v 0.013207836076617244 -0.0045113018713891515 -0.028173329308629036
v 0.014952136203646663 -0.004646280314773322 -0.027103843167424202
v 0.015240063890814785 -0.00594372069463134 -0.02782309241592884
v 0.015240063890814785 -0.00594372069463134 -0.02782309241592884
v 0.014952136203646663 -0.004646280314773322 -0.027103843167424202
v 0.01659062318503857 -0.004898478742688895 -0.02595132775604725
v 0.015240063890814785 -0.00594372069463134 -0.02782309241592884
v 0.01659062318503857 -0.004898478742688895 -0.02595132775604725
v 0.017094736918807033 -0.007572417613118889 -0.027314187958836555
v 0.017094736918807033 -0.007572417613118889 -0.027314187958836555
v 0.01659062318503857 -0.004898478742688895 -0.02595132775604725
v 0.01850739680230618 -0.008122020401060583 -0.025970282033085823
v 0.017094736918807033 -0.007572417613118889 -0.027314187958836555
v 0.01850739680230618 -0.008122020401060583 -0.025970282033085823
v 0.015981016680598262 -0.008168009109795095 -0.02943909354507923
v 0.015981016680598262 -0.008168009109795095 -0.02943909354507923
v 0.01850739680230618 -0.008122020401060583 -0.025970282033085823
v 0.01641621254384518 -0.009131249971687795 -0.030292274430394173
v 0.015981016680598262 -0.008168009109795095 -0.02943909354507923
v 0.01641621254384518 -0.009131249971687795 -0.030292274430394173
v 0.012857114896178249 -0.007195913698524238 -0.03210991993546486
v 0.012857114896178249 -0.007195913698524238 -0.03210991993546486
v 0.01641621254384518 -0.009131249971687795 -0.030292274430394173
v 0.01498113386332989 -0.00847031641751528 -0.03172803297638893
v 0.012857114896178249 -0.007195913698524238 -0.03210991993546486
v 0.01498113386332989 -0.00847031641751528 -0.03172803297638893
v 0.013470990583300594 -0.007856146432459356 -0.033150557428598404
v 0.022047622129321102 -0.0035666797775775203 -0.019622744992375374
v 0.022039880976080898 -0.007059825118631126 -0.02057904191315174
v 0.020795358344912532 -0.00291997310705483 -0.02105814404785633
v 0.020795358344912532 -0.00291997310705483 -0.02105814404785633
v 0.022039880976080898 -0.007059825118631126 -0.02057904191315174
v 0.020844137296080593 -0.0063536404632031935 -0.022026481106877327
v 0.020795358344912532 -0.00291997310705483 -0.02105814404785633
v 0.020844137296080593 -0.0063536404632031935 -0.022026481106877327
v 0.019422715529799465 -0.002398205222561956 -0.022415103390812874
v 0.019422715529799465 -0.002398205222561956 -0.022415103390812874
v 0.020844137296080593 -0.0063536404632031935 -0.022026481106877327
v 0.019537618383765224 -0.005755261983722449 -0.023407163098454475
v 0.019422715529799465 -0.002398205222561956 -0.022415103390812874
v 0.019537618383765224 -0.005755261983722449 -0.023407163098454475
v 0.017928419634699825 -0.002007146598771215 -0.023685159161686897
v 0.017928419634699825 -0.002007146598771215 -0.023685159161686897
v 0.019537618383765224 -0.005755261983722449 -0.023407163098454475
v 0.018119668588042263 -0.005269126500934363 -0.024717094376683235
v 0.017928419634699825 -0.002007146598771215 -0.023685159161686897
v 0.018119668588042263 -0.005269126500934363 -0.024717094376683235
v 0.01631228439509869 -0.0017507199663668875 -0.024860085919499397
v 0.01631228439509869 -0.0017507199663668875 -0.024860085919499397
v 0.018119668588042263 -0.005269126500934363 -0.024717094376683235
v 0.01659062318503857 -0.004898478742688895 -0.02595132775604725
v 0.01631228439509869 -0.0017507199663668875 -0.024860085919499397
v 0.01659062318503857 -0.004898478742688895 -0.02595132775604725
v 0.014728946611285213 -0.003209312679246069 -0.026469828560948372
v 0.014728946611285213 -0.003209312679246069 -0.026469828560948372
v 0.01659062318503857 -0.004898478742688895 -0.02595132775604725
v 0.014952136203646663 -0.004646280314773322 -0.027103843167424202
v 0.014728946611285213 -0.003209312679246069 -0.026469828560948372
v 0.014952136203646663 -0.004646280314773322 -0.027103843167424202
v 0.012925518676638607 -0.003162828506901861 -0.027471007779240608
v 0.012925518676638607 -0.003162828506901861 -0.027471007779240608
v 0.014952136203646663 -0.004646280314773322 -0.027103843167424202
v 0.013207836076617244 -0.0045113018713891515 -0.028173329308629036
v 0.011566882953047754 0.0034359979908913383 -0.02631974406540394
v 0.01256733946502209 0.0018487896304577593 -0.026095988228917122
v 0.01052493415772915 0.0016299511771649127 -0.026908161118626595
v 0.01052493415772915 0.0016299511771649127 -0.026908161118626595
v 0.01256733946502209 0.0018487896304577593 -0.026095988228917122
v 0.01260255835950375 3.0419549148064113e-05 -0.026436271145939827
v 0.01052493415772915 0.0016299511771649127 -0.026908161118626595
v 0.01260255835950375 3.0419549148064113e-05 -0.026436271145939827
v 0.010594030842185022 -0.00016903622599784288 -0.02724290080368519
v 0.010594030842185022 -0.00016903622599784288 -0.02724290080368519
v 0.01260255835950375 3.0419549148064113e-05 -0.026436271145939827
v 0.01272244565188885 -0.0016463820356875662 -0.026890696957707405
v 0.010594030842185022 -0.00016903622599784288 -0.02724290080368519
v 0.01272244565188885 -0.0016463820356875662 -0.026890696957707405
v 0.01075851731002331 -0.0018012758810073142 -0.027725638821721077
v 0.01075851731002331 -0.0018012758810073142 -0.027725638821721077
v 0.01272244565188885 -0.0016463820356875662 -0.026890696957707405
v 0.012925518676638607 -0.003162828506901861 -0.027471007779240608
v 0.01075851731002331 -0.0018012758810073142 -0.027725638821721077
v 0.012925518676638607 -0.003162828506901861 -0.027471007779240608
v 0.011016545817255976 -0.0032429893035441646 -0.028369249776005745
v 0.011016545817255976 -0.0032429893035441646 -0.028369249776005745
v 0.012925518676638607 -0.003162828506901861 -0.027471007779240608
v 0.013207836076617244 -0.0045113018713891515 -0.028173329308629036
v 0.011016545817255976 -0.0032429893035441646 -0.028369249776005745
v 0.013207836076617244 -0.0045113018713891515 -0.028173329308629036
v 0.011363437399268152 -0.004486688878387214 -0.029163779690861702
v 0.011363437399268152 -0.004486688878387214 -0.029163779690861702
v 0.013207836076617244 -0.0045113018713891515 -0.028173329308629036
v 0.015240063890814785 -0.00594372069463134 -0.02782309241592884
v 0.011363437399268152 -0.004486688878387214 -0.029163779690861702
v 0.015240063890814785 -0.00594372069463134 -0.02782309241592884
v 0.01179212145507336 -0.0055425441823899755 -0.03007894940674305
v 0.01179212145507336 -0.0055425441823899755 -0.03007894940674305
v 0.015240063890814785 -0.00594372069463134 -0.02782309241592884
v 0.012293545529246334 -0.006435254123061897 -0.031074585393071175
v 0.01179212145507336 -0.0055425441823899755 -0.03007894940674305
v 0.012293545529246334 -0.006435254123061897 -0.031074585393071175
v 0.008672891184687616 -0.005997450556606056 -0.033439282327890396
v 0.008672891184687616 -0.005997450556606056 -0.033439282327890396
v 0.012293545529246334 -0.006435254123061897 -0.031074585393071175
v 0.009425936266779901 -0.00641274591907859 -0.03472185507416725
v 0.008672891184687616 -0.005997450556606056 -0.033439282327890396
v 0.009425936266779901 -0.00641274591907859 -0.03472185507416725
v 0.005741095170378686 -0.0057294643484056005 -0.0372626818716526
v 0.005741095170378686 -0.0057294643484056005 -0.0372626818716526
v 0.009425936266779901 -0.00641274591907859 -0.03472185507416725
v 0.01024225912988186 -0.006739345844835045 -0.03595638647675514
v 0.005741095170378686 -0.0057294643484056005 -0.0372626818716526
v 0.01024225912988186 -0.006739345844835045 -0.03595638647675514
v 0.00853441469371319 -0.006229092832654716 -0.0373234786093235
v 0.02287106774747372 0.0034359979908913383 -0.01750517077744007
v 0.02334113977849484 -0.0005885635036975146 -0.017255665734410286
v 0.02218428067862988 0.00017098592070396992 -0.01878124661743641
v 0.02218428067862988 0.00017098592070396992 -0.01878124661743641
v 0.02334113977849484 -0.0005885635036975146 -0.017255665734410286
v 0.023181488737463955 -0.004332700278609992 -0.018115701153874397
v 0.02218428067862988 0.00017098592070396992 -0.01878124661743641
v 0.023181488737463955 -0.004332700278609992 -0.018115701153874397
v 0.022047622129321102 -0.0035666797775775203 -0.019622744992375374
v 0.022047622129321102 -0.0035666797775775203 -0.019622744992375374
v 0.023181488737463955 -0.004332700278609992 -0.018115701153874397
v 0.02312637679278851 -0.007867877371609213 -0.019068898633122444
v 0.022047622129321102 -0.0035666797775775203 -0.019622744992375374
v 0.02312637679278851 -0.007867877371609213 -0.019068898633122444
v 0.022039880976080898 -0.007059825118631126 -0.02057904191315174
v 0.022039880976080898 -0.007059825118631126 -0.02057904191315174
v 0.02312637679278851 -0.007867877371609213 -0.019068898633122444
v 0.023170998319983486 -0.011181083507835867 -0.020117225125432014
v 0.022039880976080898 -0.007059825118631126 -0.02057904191315174
v 0.023170998319983486 -0.011181083507835867 -0.020117225125432014
v 0.02103695832192898 -0.009485566057264807 -0.023138346150517464
v 0.02103695832192898 -0.009485566057264807 -0.023138346150517464
v 0.023170998319983486 -0.011181083507835867 -0.020117225125432014
v 0.021345322951674465 -0.012341712601482872 -0.0243531484156847
v 0.02103695832192898 -0.009485566057264807 -0.023138346150517464
v 0.021345322951674465 -0.012341712601482872 -0.0243531484156847
v 0.01850739680230618 -0.008122020401060583 -0.025970282033085823
v 0.01850739680230618 -0.008122020401060583 -0.025970282033085823
v 0.021345322951674465 -0.012341712601482872 -0.0243531484156847
v 0.01904823444783688 -0.010619682259857656 -0.027365924790501595
v 0.01850739680230618 -0.008122020401060583 -0.025970282033085823
v 0.01904823444783688 -0.010619682259857656 -0.027365924790501595
v 0.01641621254384518 -0.009131249971687795 -0.030292274430394173
v 0.01641621254384518 -0.009131249971687795 -0.030292274430394173
v 0.01904823444783688 -0.010619682259857656 -0.027365924790501595
v 0.017364783212542537 -0.010857575573027136 -0.03200292959809303
v 0.01641621254384518 -0.009131249971687795 -0.030292274430394173
v 0.017364783212542537 -0.010857575573027136 -0.03200292959809303
v 0.01498113386332989 -0.00847031641751528 -0.03172803297638893
v 0.01498113386332989 -0.00847031641751528 -0.03172803297638893
v 0.017364783212542537 -0.010857575573027136 -0.03200292959809303
v 0.016110813245177272 -0.009906840510666372 -0.03359121456742287
v 0.01498113386332989 -0.00847031641751528 -0.03172803297638893
v 0.016110813245177272 -0.009906840510666372 -0.03359121456742287
v 0.013470990583300594 -0.007856146432459356 -0.033150557428598404
v 0.013470990583300594 -0.007856146432459356 -0.033150557428598404
v 0.016110813245177272 -0.009906840510666372 -0.03359121456742287
v 0.01479764096438885 -0.008986738510429861 -0.035164956003427505
v 0.013470990583300594 -0.007856146432459356 -0.033150557428598404
v 0.01479764096438885 -0.008986738510429861 -0.035164956003427505
v 0.01188975386321545 -0.007281099911779167 -0.034561339765787125
v 0.01188975386321545 -0.007281099911779167 -0.034561339765787125
v 0.01479764096438885 -0.008986738510429861 -0.035164956003427505
v 0.013427874073386196 -0.008098312653601171 -0.03671211376786232
v 0.01188975386321545 -0.007281099911779167 -0.034561339765787125
v 0.013427874073386196 -0.008098312653601171 -0.03671211376786232
v 0.01024225912988186 -0.006739345844835045 -0.03595638647675514
v 0.01024225912988186 -0.006739345844835045 -0.03595638647675514
v 0.013427874073386196 -0.008098312653601171 -0.03671211376786232
v 0.012004336342215541 -0.00724556064233184 -0.0382159985601902
v 0.01024225912988186 -0.006739345844835045 -0.03595638647675514
v 0.012004336342215541 -0.00724556064233184 -0.0382159985601902
v 0.00853441469371319 -0.006229092832654716 -0.0373234786093235
v 0.00853441469371319 -0.006229092832654716 -0.0373234786093235
v 0.012004336342215541 -0.00724556064233184 -0.0382159985601902
v 0.010530455037951471 -0.006436766590923073 -0.03965485468506813
v 0.00853441469371319 -0.006229092832654716 -0.0373234786093235
v 0.010530455037951471 -0.006436766590923073 -0.03965485468506813
v 0.006773596629500391 -0.005756230559200049 -0.038637761026620865
v 0.006773596629500391 -0.005756230559200049 -0.038637761026620865
v 0.010530455037951471 -0.006436766590923073 -0.03965485468506813
v 0.009010834619402887 -0.005684630479663611 -0.041001979261636734
v 0.006773596629500391 -0.005756230559200049 -0.038637761026620865
v 0.009010834619402887 -0.005684630479663611 -0.041001979261636734
v 0.004970585927367211 -0.005341378506273032 -0.039854053407907486
v 0.004970585927367211 -0.005341378506273032 -0.039854053407907486
v 0.009010834619402887 -0.005684630479663611 -0.041001979261636734
v 0.0074535291641950625 -0.004998562391847373 -0.042232695966959
v 0.004970585927367211 -0.005341378506273032 -0.039854053407907486
v 0.0074535291641950625 -0.004998562391847373 -0.042232695966959
v 0.004476344212889672 -0.004718014504760505 -0.04219562187790871
v 0.004476344212889672 -0.004718014504760505 -0.04219562187790871
v 0.0074535291641950625 -0.004998562391847373 -0.042232695966959
v 0.005870645865797998 -0.00437678536400199 -0.043335143476724625
v 0.004476344212889672 -0.004718014504760505 -0.04219562187790871
v 0.005870645865797998 -0.00437678536400199 -0.043335143476724625
v 0.004277078434824944 -0.0038024906534701594 -0.04432160034775734
v 0.004277078434824944 -0.0038024906534701594 -0.04432160034775734
v 0.005870645865797998 -0.00437678536400199 -0.043335143476724625
v 0.008721893653273584 -0.003595010610297323 -0.04545730724930763
v 0.004277078434824944 -0.0038024906534701594 -0.04432160034775734
v 0.008721893653273584 -0.003595010610297323 -0.04545730724930763
v 0.007385602220892908 -0.0026579883415251975 -0.04651856794953346
v 0.007385602220892908 -0.0026579883415251975 -0.04651856794953346
v 0.008721893653273584 -0.003595010610297323 -0.04545730724930763
v 0.008645398542284967 -0.0028284501750022177 -0.04657060280442238
v 0.007385602220892908 -0.0026579883415251975 -0.04651856794953346
v 0.008645398542284967 -0.0028284501750022177 -0.04657060280442238
v 0.006454406306147577 -0.0024041358847171073 -0.046705905348062515
v 0.005459813401103021 -0.05366756394505502 0.0021885011810809374
v 0.007042525336146356 -0.05348508805036546 0.0001654599473113194
v 0.010766638442873957 -0.05278037115931512 0.003828284563496709
v 0.027431098744273193 -0.03940000012516976 0.007736024912446737
v 0.027055053040385253 -0.03940000012516976 0.008962986059486866
v 0.02690562419593335 -0.04147966206073762 0.008843419142067432
v 0.026052987203001983 -0.03940000012516976 0.011556384153664112
v 0.026033265516161926 -0.04015808179974557 0.01154619175940752
v 0.02696946822106839 -0.03940000012516976 0.009217319078743458
v 0.025135880336165435 -0.03940000012516976 0.013434824533760548
v 0.0248521026223898 -0.03940000012516976 0.013952729292213917
v 0.02479819022119046 -0.040688194334506995 0.013916847296059132
v 0.002174099907279015 -0.03940000012516976 0.02841704897582531
v 0.0030924510210752496 -0.039955969899892814 0.02831476740539074
v 0.0031122323125600823 -0.03940000012516976 0.028329668566584587
v 0.0013806576607748868 -0.04023397713899613 0.028421221300959587
v 1.1230839618292523e-06 -0.03940000012516976 0.02850007824599743
v 1.5254153140631392e-06 -0.040843810886144645 0.02833235077559948
v 1.0113252528753949e-06 -0.051870241761207594 0.014488992281258106
v 0.002589201554656029 -0.05076524615287782 0.017224131152033806
v 1.1379851230231e-06 -0.050622820854187026 0.017618177458643913
v 0.0027161519974470143 -0.0417940877377987 0.02796912007033825
v 1.5254153140631392e-06 -0.040843810886144645 0.02833235077559948
v 1.398755443915434e-06 -0.042074445635080344 0.027922092005610466
v 0.00891394726932049 -0.041139878332614906 0.02690940909087658
v 0.006222574040293695 -0.03940000012516976 0.02781265787780285
v 0.006187697872519495 -0.040178820490837104 0.027788935229182243
v 0.006187697872519495 -0.040178820490837104 0.027788935229182243
v 0.006222574040293695 -0.03940000012516976 0.02781265787780285
v 0.006108937785029413 -0.03940000012516976 0.027837811037898064
v 0.006187697872519495 -0.040178820490837104 0.027788935229182243
v 0.006108937785029413 -0.03940000012516976 0.027837811037898064
v 0.0047037284821271905 -0.0395774431526661 0.02810787968337536
v 0.0047037284821271905 -0.0395774431526661 0.02810787968337536
v 0.006108937785029413 -0.03940000012516976 0.027837811037898064
v 0.0047054868191480645 -0.03940000012516976 0.028109071776270866
v 0.0047037284821271905 -0.0395774431526661 0.02810787968337536
v 0.0047054868191480645 -0.03940000012516976 0.028109071776270866
v 0.0045560356229543695 -0.03940000012516976 0.028133688494563103
v 0.014054721221327785 -0.03940000012516976 0.02479409985244274
v 0.011932929977774624 -0.03940000012516976 0.025882063433527946
v 0.011642916128039362 -0.039889242500066764 0.026001987978816032
v 0.011642916128039362 -0.039889242500066764 0.026001987978816032
v 0.011932929977774624 -0.03940000012516976 0.025882063433527946
v 0.011655626818537714 -0.03940000012516976 0.026008127257227898
v 0.011642916128039362 -0.039889242500066764 0.026001987978816032
v 0.011655626818537714 -0.03940000012516976 0.026008127257227898
v 0.010365461930632593 -0.03940000012516976 0.02654862217605114
v 0.011642916128039362 -0.039889242500066764 0.026001987978816032
v 0.014008237048983577 -0.04048937931656838 0.024761555716395378
v 0.014054721221327785 -0.03940000012516976 0.02479409985244274
v 0.014054721221327785 -0.03940000012516976 0.02479409985244274
v 0.014008237048983577 -0.04048937931656838 0.024761555716395378
v 0.01619118265807629 -0.0409071370959282 0.02333873324096203
v 0.014054721221327785 -0.03940000012516976 0.02479409985244274
v 0.01619118265807629 -0.0409071370959282 0.02333873324096203
v 0.017202464863657955 -0.03940000012516976 0.022723613306879997
v 0.0216726940125227 -0.03940000012516976 0.018509266898036003
v 0.020198037847876552 -0.03940000012516976 0.02010810188949108
v 0.020085265859961513 -0.041270837187767036 0.020021257922053337
v 0.020085265859961513 -0.041270837187767036 0.020021257922053337
v 0.020198037847876552 -0.03940000012516976 0.02010810188949108
v 0.017202464863657955 -0.03940000012516976 0.022723613306879997
v 0.020085265859961513 -0.041270837187767036 0.020021257922053337
v 0.017202464863657955 -0.03940000012516976 0.022723613306879997
v 0.018213426694273952 -0.04116418585181237 0.02175515703856945
v 0.018213426694273952 -0.04116418585181237 0.02175515703856945
v 0.017202464863657955 -0.03940000012516976 0.022723613306879997
v 0.01619118265807629 -0.0409071370959282 0.02333873324096203
v 0.027830434963107116 -0.03940000012516976 0.00614648824557662
v 0.02778026275336743 -0.040589112788438804 0.006112275179475546
v 0.02830046974122525 -0.03940000012516976 0.0033759449142962694
v 0.02830046974122525 -0.03940000012516976 0.0033759449142962694
v 0.02778026275336743 -0.040589112788438804 0.006112275179475546
v 0.028293935582041747 -0.040444806218147285 0.0030355427879840136
v 0.02830046974122525 -0.03940000012516976 0.0033759449142962694
v 0.028293935582041747 -0.040444806218147285 0.0030355427879840136
v 0.028335986658930785 -0.03940000012516976 0.003063556971028447
v 0.028335986658930785 -0.03940000012516976 0.003063556971028447
v 0.028293935582041747 -0.040444806218147285 0.0030355427879840136
v 0.028451694175601012 -0.03940000012516976 0.0016778085846453905
v 0.028420945629477508 -0.04068760201334954 3.550769349658367e-07
v 0.027955552563071258 -0.04232083261013032 0.0027278040070086718
v 0.028294747695326812 -0.04143422469496728 4.146815797412273e-07
v 0.028294747695326812 -0.04143422469496728 4.146815797412273e-07
v 0.027955552563071258 -0.04232083261013032 0.0027278040070086718
v 0.027670977637171752 -0.04314346611499787 0.0024585698265582323
v 0.028294747695326812 -0.04143422469496728 4.146815797412273e-07
v 0.027670977637171752 -0.04314346611499787 0.0024585698265582323
v 0.028039192780852325 -0.042384803295135505 2.954722901904461e-07
v 0.024983441457152374 -0.04684028029441834 -6.215557135647032e-08
v 0.026294877752661712 -0.04549089819192887 -2.5509288015257425e-09
v 0.025963371619582183 -0.045864682644605644 0.0008122299332171679
v 0.025963371619582183 -0.045864682644605644 0.0008122299332171679
v 0.026294877752661712 -0.04549089819192887 -2.5509288015257425e-09
v 0.027351221069693572 -0.04395406693220139 -6.215557135647032e-08
v 0.02121374569833279 -0.04937243089079858 -2.5509288015257425e-09
v 0.023334009572863582 -0.04811547696590425 -6.215557135647032e-08
v 0.022528355941176418 -0.04862368479371072 0.0010442708153277636
v 0.022528355941176418 -0.04862368479371072 0.0010442708153277636
v 0.023334009572863582 -0.04811547696590425 -6.215557135647032e-08
v 0.024983441457152374 -0.04684028029441834 -6.215557135647032e-08
v 0.01195572875440121 -0.05259237810969354 -2.5509288015257425e-09
v 0.013373022899031643 -0.05225012823939325 -2.5509288015257425e-09
v 0.010766638442873957 -0.05278037115931512 0.003828284563496709
v 0.010766638442873957 -0.05278037115931512 0.003828284563496709
v 0.013373022899031643 -0.05225012823939325 -2.5509288015257425e-09
v 0.014186581596732143 -0.052034381777048125 -2.5509288015257425e-09
v 0.017100891098380092 -0.051128517836332335 -6.215557135647032e-08
v 0.018367080017924312 -0.050656419247388854 0.0005500887054949999
v 0.015594070777297023 -0.051624599844217314 -1.217602232372883e-07
v 0.015594070777297023 -0.051624599844217314 -1.217602232372883e-07
v 0.018367080017924312 -0.050656419247388854 0.0005500887054949999
v 0.017047649249434475 -0.05110218003392221 0.0028364036697894335
v 0.015594070777297023 -0.051624599844217314 -1.217602232372883e-07
v 0.017047649249434475 -0.05110218003392221 0.0028364036697894335
v 0.014186581596732143 -0.052034381777048125 -2.5509288015257425e-09
v 0.014186581596732143 -0.052034381777048125 -2.5509288015257425e-09
v 0.017047649249434475 -0.05110218003392221 0.0028364036697894335
v 0.015641560778021816 -0.051461283117532744 0.005036113318055868
v 0.014186581596732143 -0.052034381777048125 -2.5509288015257425e-09
v 0.015641560778021816 -0.051461283117532744 0.005036113318055868
v 0.010766638442873957 -0.05278037115931512 0.003828284563496709
v 0.01195572875440121 -0.05259237810969354 -2.5509288015257425e-09
v 0.010766638442873957 -0.05278037115931512 0.003828284563496709
v 0.007761096581816675 -0.05338137969374658 -2.5509288015257425e-09
v 0.007761096581816675 -0.05338137969374658 -2.5509288015257425e-09
v 0.010766638442873957 -0.05278037115931512 0.003828284563496709
v 0.007042525336146356 -0.05348508805036546 0.0001654599473113194
v 0.007761096581816675 -0.05338137969374658 -2.5509288015257425e-09
v 0.007042525336146356 -0.05348508805036546 0.0001654599473113194
v 0.003887524828314782 -0.053833588957786574 5.705371464159725e-08
v 0.003887524828314782 -0.053833588957786574 5.705371464159725e-08
v 0.007042525336146356 -0.05348508805036546 0.0001654599473113194
v 0.005459813401103021 -0.05366756394505502 0.0021885011810809374
v 0.003887524828314782 -0.053833588957786574 5.705371464159725e-08
v 0.005459813401103021 -0.05366756394505502 0.0021885011810809374
v 1.167787559097633e-06 -0.053999952971935286 -6.215557135647032e-08
v 0.0037015583366155633 -0.052776053547859206 0.011186239309608936
v 6.411773938452826e-05 -0.05356743931770326 0.007610139902681112
v 0.005680663511157037 -0.052989970892667784 0.00955956894904375
v 0.005680663511157037 -0.052989970892667784 0.00955956894904375
v 6.411773938452826e-05 -0.05356743931770326 0.007610139902681112
v 0.0020061191171407704 -0.05374425277113916 0.005946335848420858
v 0.005680663511157037 -0.052989970892667784 0.00955956894904375
v 0.0020061191171407704 -0.05374425277113916 0.005946335848420858
v 0.007507232949137689 -0.053051345050334944 0.007780370768159628
v 0.007507232949137689 -0.053051345050334944 0.007780370768159628
v 0.0020061191171407704 -0.05374425277113916 0.005946335848420858
v 0.0037995558232069024 -0.0537724941968918 0.004133997019380331
v 0.007507232949137689 -0.053051345050334944 0.007780370768159628
v 0.0037995558232069024 -0.0537724941968918 0.004133997019380331
v 0.009190475568175318 -0.05296939983963968 0.005857882555574179
v 0.0219163503497839 -0.03940000012516976 0.018220124766230583
v 0.0216726940125227 -0.03940000012516976 0.018509266898036003
v 0.021809792146086696 -0.041230175644159324 0.018140016123652458
v 0.021809792146086696 -0.041230175644159324 0.018140016123652458
v 0.0216726940125227 -0.03940000012516976 0.018509266898036003
v 0.020085265859961513 -0.041270837187767036 0.020021257922053337
v 0.021809792146086696 -0.041230175644159324 0.018140016123652458
v 0.020085265859961513 -0.041270837187767036 0.020021257922053337
v 0.019731735810637478 -0.04313172027468682 0.019698379561305046
v 0.019731735810637478 -0.04313172027468682 0.019698379561305046
v 0.020085265859961513 -0.041270837187767036 0.020021257922053337
v 0.018213426694273952 -0.04116418585181237 0.02175515703856945
v 0.019731735810637478 -0.04313172027468682 0.019698379561305046
v 0.018213426694273952 -0.04116418585181237 0.02175515703856945
v 0.01786325685679913 -0.043028432875871665 0.021435676142573357
v 0.01786325685679913 -0.043028432875871665 0.021435676142573357
v 0.018213426694273952 -0.04116418585181237 0.02175515703856945
v 0.01619118265807629 -0.0409071370959282 0.02333873324096203
v 0.01786325685679913 -0.043028432875871665 0.021435676142573357
v 0.01619118265807629 -0.0409071370959282 0.02333873324096203
v 0.015857605263590816 -0.042787972837686546 0.023035762831568718
v 0.015857605263590816 -0.042787972837686546 0.023035762831568718
v 0.01619118265807629 -0.0409071370959282 0.02333873324096203
v 0.014008237048983577 -0.04048937931656838 0.024761555716395378
v 0.015857605263590816 -0.042787972837686546 0.023035762831568718
v 0.014008237048983577 -0.04048937931656838 0.024761555716395378
v 0.013708664104342464 -0.04240421950817109 0.024492619559168816
v 0.013708664104342464 -0.04240421950817109 0.024492619559168816
v 0.014008237048983577 -0.04048937931656838 0.024761555716395378
v 0.011642916128039362 -0.039889242500066764 0.026001987978816032
v 0.013708664104342464 -0.04240421950817109 0.024492619559168816
v 0.011642916128039362 -0.039889242500066764 0.026001987978816032
v 0.01140297017991543 -0.04186370968818665 0.02579265646636486
v 0.01140297017991543 -0.04186370968818665 0.02579265646636486
v 0.011642916128039362 -0.039889242500066764 0.026001987978816032
v 0.010365461930632593 -0.03940000012516976 0.02654862217605114
v 0.01140297017991543 -0.04186370968818665 0.02579265646636486
v 0.010365461930632593 -0.03940000012516976 0.02654862217605114
v 0.00891394726932049 -0.041139878332614906 0.02690940909087658
v 0.00891394726932049 -0.041139878332614906 0.02690940909087658
v 0.010365461930632593 -0.03940000012516976 0.02654862217605114
v 0.009052617475390436 -0.03940000012516976 0.027024446055293083
v 0.00891394726932049 -0.041139878332614906 0.02690940909087658
v 0.009052617475390436 -0.03940000012516976 0.027024446055293083
v 0.006222574040293695 -0.03940000012516976 0.02781265787780285
v 0.0005040894029662014 -0.04511805251240731 0.025833724066615105
v 1.0411275752630902e-06 -0.04629530012607575 0.024606166407465935
v 0.0031448956578969964 -0.04599367082118989 0.02486872486770153
v 0.0031448956578969964 -0.04599367082118989 0.02486872486770153
v 1.0411275752630902e-06 -0.04629530012607575 0.024606166407465935
v 0.0006657073972746731 -0.047943305224180235 0.02245086245238781
v 0.0031448956578969964 -0.04599367082118989 0.02486872486770153
v 0.0006657073972746731 -0.047943305224180235 0.02245086245238781
v 0.005656933411955834 -0.04674052074551583 0.023775039240717888
v 0.005656933411955834 -0.04674052074551583 0.023775039240717888
v 0.0006657073972746731 -0.047943305224180235 0.02245086245238781
v 0.003121552988886834 -0.04863396286964418 0.021300969645380974
v 0.005656933411955834 -0.04674052074551583 0.023775039240717888
v 0.003121552988886834 -0.04863396286964418 0.021300969645380974
v 0.008041655644774439 -0.047360055148601546 0.022553978487849236
v 0.008041655644774439 -0.047360055148601546 0.022553978487849236
v 0.003121552988886834 -0.04863396286964418 0.021300969645380974
v 0.005482880398631097 -0.04923009872436525 0.020056484267115593
v 0.008041655644774439 -0.047360055148601546 0.022553978487849236
v 0.005482880398631097 -0.04923009872436525 0.020056484267115593
v 0.010301789268851282 -0.047854997217655196 0.021208344027400017
v 0.010301789268851282 -0.047854997217655196 0.021208344027400017
v 0.005482880398631097 -0.04923009872436525 0.020056484267115593
v 0.007738595828413965 -0.04972063004970552 0.018706439062952995
v 0.010301789268851282 -0.047854997217655196 0.021208344027400017
v 0.007738595828413965 -0.04972063004970552 0.018706439062952995
v 0.012437580153346065 -0.048225596547126784 0.019738374277949333
v 0.012437580153346065 -0.048225596547126784 0.019738374277949333
v 0.007738595828413965 -0.04972063004970552 0.018706439062952995
v 0.009877754375338556 -0.05009459331631662 0.01723986677825451
v 0.0045560356229543695 -0.03940000012516976 0.028133688494563103
v 0.0031122323125600823 -0.03940000012516976 0.028329668566584587
v 0.0047037284821271905 -0.0395774431526661 0.02810787968337536
v 0.0047037284821271905 -0.0395774431526661 0.02810787968337536
v 0.0031122323125600823 -0.03940000012516976 0.028329668566584587
v 0.0030924510210752496 -0.039955969899892814 0.02831476740539074
v 0.0047037284821271905 -0.0395774431526661 0.02810787968337536
v 0.0030924510210752496 -0.039955969899892814 0.02831476740539074
v 0.006187697872519495 -0.040178820490837104 0.027788935229182243
v 0.006187697872519495 -0.040178820490837104 0.027788935229182243
v 0.0030924510210752496 -0.039955969899892814 0.02831476740539074
v 0.006058102473616602 -0.04115642979741097 0.02767467312514782
v 0.006187697872519495 -0.040178820490837104 0.027788935229182243
v 0.006058102473616602 -0.04115642979741097 0.02767467312514782
v 0.00891394726932049 -0.041139878332614906 0.02690940909087658
v 0.0013806576607748868 -0.04023397713899613 0.028421221300959587
v 1.5254153140631392e-06 -0.040843810886144645 0.02833235077559948
v 0.0029604267328977594 -0.040931150317192085 0.0281981211155653
v 0.0029604267328977594 -0.040931150317192085 0.0281981211155653
v 1.5254153140631392e-06 -0.040843810886144645 0.02833235077559948
v 0.0027161519974470143 -0.0417940877377987 0.02796912007033825
v 0.0029604267328977594 -0.040931150317192085 0.0281981211155653
v 0.0027161519974470143 -0.0417940877377987 0.02796912007033825
v 0.00583692453801632 -0.04204246029257775 0.02746879868209362
v 0.020056581124663356 -0.04968228936195375 0.00578403240069747
v 0.021348042413592342 -0.04920855909585954 0.0034697626251727343
v 0.0226797740906477 -0.04832587763667108 0.0047708130441606045
v 0.0226797740906477 -0.04832587763667108 0.0047708130441606045
v 0.021348042413592342 -0.04920855909585954 0.0034697626251727343
v 0.023831760510802276 -0.04771267622709276 0.002317068399861455
v 0.0226797740906477 -0.04832587763667108 0.0047708130441606045
v 0.023831760510802276 -0.04771267622709276 0.002317068399861455
v 0.025005606934428222 -0.04667210578918458 0.0034602258820086718
v 0.0186943244189024 -0.050528075546026244 -1.217602232372883e-07
v 0.02121374569833279 -0.04937243089079858 -2.5509288015257425e-09
v 0.021348042413592342 -0.04920855909585954 0.0034697626251727343
v 0.021348042413592342 -0.04920855909585954 0.0034697626251727343
v 0.02121374569833279 -0.04937243089079858 -2.5509288015257425e-09
v 0.022528355941176418 -0.04862368479371072 0.0010442708153277636
v 0.021348042413592342 -0.04920855909585954 0.0034697626251727343
v 0.022528355941176418 -0.04862368479371072 0.0010442708153277636
v 0.023831760510802276 -0.04771267622709276 0.002317068399861455
v 0.023831760510802276 -0.04771267622709276 0.002317068399861455
v 0.022528355941176418 -0.04862368479371072 0.0010442708153277636
v 0.024983441457152374 -0.04684028029441834 -6.215557135647032e-08
v 0.023831760510802276 -0.04771267622709276 0.002317068399861455
v 0.024983441457152374 -0.04684028029441834 -6.215557135647032e-08
v 0.025005606934428222 -0.04667210578918458 0.0034602258820086718
v 0.025005606934428222 -0.04667210578918458 0.0034602258820086718
v 0.024983441457152374 -0.04684028029441834 -6.215557135647032e-08
v 0.025963371619582183 -0.045864682644605644 0.0008122299332171679
v 0.025005606934428222 -0.04667210578918458 0.0034602258820086718
v 0.025963371619582183 -0.045864682644605644 0.0008122299332171679
v 0.026917820796370513 -0.044604714959859855 0.0017360423225909472
v 0.026917820796370513 -0.044604714959859855 0.0017360423225909472
v 0.025963371619582183 -0.045864682644605644 0.0008122299332171679
v 0.027351221069693572 -0.04395406693220139 -6.215557135647032e-08
v 0.026917820796370513 -0.044604714959859855 0.0017360423225909472
v 0.027351221069693572 -0.04395406693220139 -6.215557135647032e-08
v 0.027563383802771575 -0.043549045920372016 -6.215557135647032e-08
v 0.018655924126505855 -0.05004682019352914 0.007989165373146534
v 0.020056581124663356 -0.04968228936195375 0.00578403240069747
v 0.02140196226537228 -0.048813249915838255 0.007098791655153036
v 0.02140196226537228 -0.048813249915838255 0.007098791655153036
v 0.020056581124663356 -0.04968228936195375 0.00578403240069747
v 0.0226797740906477 -0.04832587763667108 0.0047708130441606045
v 0.02140196226537228 -0.048813249915838255 0.007098791655153036
v 0.0226797740906477 -0.04832587763667108 0.0047708130441606045
v 0.02388518117368222 -0.04731686785817148 0.005945560988038778
v 0.02388518117368222 -0.04731686785817148 0.005945560988038778
v 0.0226797740906477 -0.04832587763667108 0.0047708130441606045
v 0.025005606934428222 -0.04667210578918458 0.0034602258820086718
v 0.02388518117368222 -0.04731686785817148 0.005945560988038778
v 0.025005606934428222 -0.04667210578918458 0.0034602258820086718
v 0.026025755330920226 -0.04547784477472306 0.004449722822755575
v 0.026025755330920226 -0.04547784477472306 0.004449722822755575
v 0.025005606934428222 -0.04667210578918458 0.0034602258820086718
v 0.026917820796370513 -0.044604714959859855 0.0017360423225909472
v 0.026025755330920226 -0.04547784477472306 0.004449722822755575
v 0.026917820796370513 -0.044604714959859855 0.0017360423225909472
v 0.027670977637171752 -0.04314346611499787 0.0024585698265582323
v 0.027670977637171752 -0.04314346611499787 0.0024585698265582323
v 0.026917820796370513 -0.044604714959859855 0.0017360423225909472
v 0.027563383802771575 -0.043549045920372016 -6.215557135647032e-08
v 0.027670977637171752 -0.04314346611499787 0.0024585698265582323
v 0.027563383802771575 -0.043549045920372016 -6.215557135647032e-08
v 0.028039192780852325 -0.042384803295135505 2.954722901904461e-07
v 0.015519393607974056 -0.05044066905975343 0.012064156122505665
v 0.017145207151770595 -0.050301294773817076 0.010084209032356739
v 0.018491981551051143 -0.049433652311563506 0.01140033919364214
v 0.018491981551051143 -0.049433652311563506 0.01140033919364214
v 0.017145207151770595 -0.050301294773817076 0.010084209032356739
v 0.020005261525511745 -0.049181740731000914 0.009307858534157276
v 0.018491981551051143 -0.049433652311563506 0.01140033919364214
v 0.020005261525511745 -0.049181740731000914 0.009307858534157276
v 0.021233012899756435 -0.04819508269429208 0.010504958219826221
v 0.021233012899756435 -0.04819508269429208 0.010504958219826221
v 0.020005261525511745 -0.049181740731000914 0.009307858534157276
v 0.02262322418391705 -0.0478201024234295 0.008289393968880177
v 0.021233012899756435 -0.04819508269429208 0.010504958219826221
v 0.02262322418391705 -0.0478201024234295 0.008289393968880177
v 0.023700399324297912 -0.046682864427566535 0.009335932321846485
v 0.023700399324297912 -0.046682864427566535 0.009335932321846485
v 0.02262322418391705 -0.0478201024234295 0.008289393968880177
v 0.024942046031355865 -0.04615932330489159 0.006971774157136679
v 0.023700399324297912 -0.046682864427566535 0.009335932321846485
v 0.024942046031355865 -0.04615932330489159 0.006971774157136679
v 0.025820931419730193 -0.0448237955570221 0.007820007391273975
v 0.025820931419730193 -0.0448237955570221 0.007820007391273975
v 0.024942046031355865 -0.04615932330489159 0.006971774157136679
v 0.026858044788241393 -0.04409572109580041 0.005251405294984579
v 0.025820931419730193 -0.0448237955570221 0.007820007391273975
v 0.026858044788241393 -0.04409572109580041 0.005251405294984579
v 0.02745760045945645 -0.04248086735606194 0.005820272024720907
v 0.017145207151770595 -0.050301294773817076 0.010084209032356739
v 0.018655924126505855 -0.05004682019352914 0.007989165373146534
v 0.020005261525511745 -0.049181740731000914 0.009307858534157276
v 0.020005261525511745 -0.049181740731000914 0.009307858534157276
v 0.018655924126505855 -0.05004682019352914 0.007989165373146534
v 0.02140196226537228 -0.048813249915838255 0.007098791655153036
v 0.020005261525511745 -0.049181740731000914 0.009307858534157276
v 0.02140196226537228 -0.048813249915838255 0.007098791655153036
v 0.02262322418391705 -0.0478201024234295 0.008289393968880177
v 0.02262322418391705 -0.0478201024234295 0.008289393968880177
v 0.02140196226537228 -0.048813249915838255 0.007098791655153036
v 0.02388518117368222 -0.04731686785817148 0.005945560988038778
v 0.02262322418391705 -0.0478201024234295 0.008289393968880177
v 0.02388518117368222 -0.04731686785817148 0.005945560988038778
v 0.024942046031355865 -0.04615932330489159 0.006971774157136679
v 0.024942046031355865 -0.04615932330489159 0.006971774157136679
v 0.02388518117368222 -0.04731686785817148 0.005945560988038778
v 0.026025755330920226 -0.04547784477472306 0.004449722822755575
v 0.024942046031355865 -0.04615932330489159 0.006971774157136679
v 0.026025755330920226 -0.04547784477472306 0.004449722822755575
v 0.026858044788241393 -0.04409572109580041 0.005251405294984579
v 0.026858044788241393 -0.04409572109580041 0.005251405294984579
v 0.026025755330920226 -0.04547784477472306 0.004449722822755575
v 0.027670977637171752 -0.04314346611499787 0.0024585698265582323
v 0.026858044788241393 -0.04409572109580041 0.005251405294984579
v 0.027670977637171752 -0.04314346611499787 0.0024585698265582323
v 0.02745760045945645 -0.04248086735606194 0.005820272024720907
v 0.02745760045945645 -0.04248086735606194 0.005820272024720907
v 0.027670977637171752 -0.04314346611499787 0.0024585698265582323
v 0.027955552563071258 -0.04232083261013032 0.0027278040070086718
v 0.02745760045945645 -0.04248086735606194 0.005820272024720907
v 0.027955552563071258 -0.04232083261013032 0.0027278040070086718
v 0.028166254982352264 -0.04142433032393456 0.0029231880325824022
v 0.028166254982352264 -0.04142433032393456 0.0029231880325824022
v 0.027955552563071258 -0.04232083261013032 0.0027278040070086718
v 0.028420945629477508 -0.04068760201334954 3.550769349658367e-07
v 0.028166254982352264 -0.04142433032393456 0.0029231880325824022
v 0.028420945629477508 -0.04068760201334954 3.550769349658367e-07
v 0.02850118093192578 -0.03940000012516976 -2.5509288015257425e-09
v 0.013770250603556636 -0.05045671388506891 0.013920781202614307
v 0.015519393607974056 -0.05044066905975343 0.012064156122505665
v 0.016860155388712886 -0.04956701770424844 0.01337426621466875
v 0.016860155388712886 -0.04956701770424844 0.01337426621466875
v 0.015519393607974056 -0.05044066905975343 0.012064156122505665
v 0.018491981551051143 -0.049433652311563506 0.01140033919364214
v 0.016860155388712886 -0.04956701770424844 0.01337426621466875
v 0.018491981551051143 -0.049433652311563506 0.01140033919364214
v 0.019720701500773433 -0.048447959125041976 0.012598392553627491
v 0.019720701500773433 -0.048447959125041976 0.012598392553627491
v 0.018491981551051143 -0.049433652311563506 0.01140033919364214
v 0.021233012899756435 -0.04819508269429208 0.010504958219826221
v 0.019720701500773433 -0.048447959125041976 0.012598392553627491
v 0.021233012899756435 -0.04819508269429208 0.010504958219826221
v 0.02232112549245358 -0.047068782150745406 0.011562404222786427
v 0.02232112549245358 -0.047068782150745406 0.011562404222786427
v 0.021233012899756435 -0.04819508269429208 0.010504958219826221
v 0.023700399324297912 -0.046682864427566535 0.009335932321846485
v 0.02232112549245358 -0.047068782150745406 0.011562404222786427
v 0.023700399324297912 -0.046682864427566535 0.009335932321846485
v 0.024608051404356963 -0.04537610337138177 0.010212895460426807
v 0.024608051404356963 -0.04537610337138177 0.010212895460426807
v 0.023700399324297912 -0.046682864427566535 0.009335932321846485
v 0.025820931419730193 -0.0448237955570221 0.007820007391273975
v 0.024608051404356963 -0.04537610337138177 0.010212895460426807
v 0.025820931419730193 -0.0448237955570221 0.007820007391273975
v 0.026486573740839965 -0.043275021016597755 0.008455035276710987
v 0.026486573740839965 -0.043275021016597755 0.008455035276710987
v 0.025820931419730193 -0.0448237955570221 0.007820007391273975
v 0.02745760045945645 -0.04248086735606194 0.005820272024720907
v 0.026486573740839965 -0.043275021016597755 0.008455035276710987
v 0.02745760045945645 -0.04248086735606194 0.005820272024720907
v 0.02778026275336743 -0.040589112788438804 0.006112275179475546
v 0.02778026275336743 -0.040589112788438804 0.006112275179475546
v 0.02745760045945645 -0.04248086735606194 0.005820272024720907
v 0.028166254982352264 -0.04142433032393456 0.0029231880325824022
v 0.02778026275336743 -0.040589112788438804 0.006112275179475546
v 0.028166254982352264 -0.04142433032393456 0.0029231880325824022
v 0.028293935582041747 -0.040444806218147285 0.0030355427879840136
v 0.028293935582041747 -0.040444806218147285 0.0030355427879840136
v 0.028166254982352264 -0.04142433032393456 0.0029231880325824022
v 0.02850118093192578 -0.03940000012516976 -2.5509288015257425e-09
v 0.028293935582041747 -0.040444806218147285 0.0030355427879840136
v 0.02850118093192578 -0.03940000012516976 -2.5509288015257425e-09
v 0.028451694175601012 -0.03940000012516976 0.0016778085846453905
v 0.027830434963107116 -0.03940000012516976 0.00614648824557662
v 0.027431098744273193 -0.03940000012516976 0.007736024912446737
v 0.02778026275336743 -0.040589112788438804 0.006112275179475546
v 0.02778026275336743 -0.040589112788438804 0.006112275179475546
v 0.027431098744273193 -0.03940000012516976 0.007736024912446737
v 0.02690562419593335 -0.04147966206073762 0.008843419142067432
v 0.02778026275336743 -0.040589112788438804 0.006112275179475546
v 0.02690562419593335 -0.04147966206073762 0.008843419142067432
v 0.026486573740839965 -0.043275021016597755 0.008455035276710987
v 0.026486573740839965 -0.043275021016597755 0.008455035276710987
v 0.02690562419593335 -0.04147966206073762 0.008843419142067432
v 0.02531732432544232 -0.043870963156223304 0.010891553945839405
v 0.026486573740839965 -0.043275021016597755 0.008455035276710987
v 0.02531732432544232 -0.043870963156223304 0.010891553945839405
v 0.024608051404356963 -0.04537610337138177 0.010212895460426807
v 0.024608051404356963 -0.04537610337138177 0.010212895460426807
v 0.02531732432544232 -0.043870963156223304 0.010891553945839405
v 0.023246956989169124 -0.045780196785926826 0.012457606382668018
v 0.024608051404356963 -0.04537610337138177 0.010212895460426807
v 0.023246956989169124 -0.045780196785926826 0.012457606382668018
v 0.02232112549245358 -0.047068782150745406 0.011562404222786427
v 0.02232112549245358 -0.047068782150745406 0.011562404222786427
v 0.023246956989169124 -0.045780196785926826 0.012457606382668018
v 0.02081430517137051 -0.04732714965939523 0.013661381788551807
v 0.02232112549245358 -0.047068782150745406 0.011562404222786427
v 0.02081430517137051 -0.04732714965939523 0.013661381788551807
v 0.019720701500773433 -0.048447959125041976 0.012598392553627491
v 0.019720701500773433 -0.048447959125041976 0.012598392553627491
v 0.02081430517137051 -0.04732714965939523 0.013661381788551807
v 0.018087184056639675 -0.04857963323593141 0.014570650644600391
v 0.019720701500773433 -0.048447959125041976 0.012598392553627491
v 0.018087184056639675 -0.04857963323593141 0.014570650644600391
v 0.016860155388712886 -0.04956701770424844 0.01337426621466875
v 0.016860155388712886 -0.04956701770424844 0.01337426621466875
v 0.018087184056639675 -0.04857963323593141 0.014570650644600391
v 0.015104858204722408 -0.04957691207528116 0.015224752016365528
v 0.016860155388712886 -0.04956701770424844 0.01337426621466875
v 0.015104858204722408 -0.04957691207528116 0.015224752016365528
v 0.013770250603556636 -0.05045671388506891 0.013920781202614307
v 0.013770250603556636 -0.05045671388506891 0.013920781202614307
v 0.015104858204722408 -0.04957691207528116 0.015224752016365528
v 0.01322141103446484 -0.049458649009466185 0.01694708876311779
v 0.013770250603556636 -0.05045671388506891 0.013920781202614307
v 0.01322141103446484 -0.049458649009466185 0.01694708876311779
v 0.01189023815095425 -0.050341889262199416 0.015646575018763542
v 0.027055053040385253 -0.03940000012516976 0.008962986059486866
v 0.02696946822106839 -0.03940000012516976 0.009217319078743458
v 0.02690562419593335 -0.04147966206073762 0.008843419142067432
v 0.02690562419593335 -0.04147966206073762 0.008843419142067432
v 0.02696946822106839 -0.03940000012516976 0.009217319078743458
v 0.025799905881285674 -0.042139135301113136 0.011343476362526417
v 0.02690562419593335 -0.04147966206073762 0.008843419142067432
v 0.025799905881285674 -0.042139135301113136 0.011343476362526417
v 0.02531732432544232 -0.043870963156223304 0.010891553945839405
v 0.02531732432544232 -0.043870963156223304 0.010891553945839405
v 0.025799905881285674 -0.042139135301113136 0.011343476362526417
v 0.023984817788004882 -0.04430365189909936 0.013164815492928028
v 0.02531732432544232 -0.043870963156223304 0.010891553945839405
v 0.023984817788004882 -0.04430365189909936 0.013164815492928028
v 0.023246956989169124 -0.045780196785926826 0.012457606382668018
v 0.023246956989169124 -0.045780196785926826 0.012457606382668018
v 0.023984817788004882 -0.04430365189909936 0.013164815492928028
v 0.021751446649432186 -0.04604987800121308 0.014567849226295948
v 0.023246956989169124 -0.045780196785926826 0.012457606382668018
v 0.021751446649432186 -0.04604987800121308 0.014567849226295948
v 0.02081430517137051 -0.04732714965939523 0.013661381788551807
v 0.02081430517137051 -0.04732714965939523 0.013661381788551807
v 0.021751446649432186 -0.04604987800121308 0.014567849226295948
v 0.019183581694960598 -0.047461614012718215 0.01563638262450695
v 0.02081430517137051 -0.04732714965939523 0.013661381788551807
v 0.019183581694960598 -0.047461614012718215 0.01563638262450695
v 0.018087184056639675 -0.04857963323593141 0.014570650644600391
v 0.018087184056639675 -0.04857963323593141 0.014570650644600391
v 0.019183581694960598 -0.047461614012718215 0.01563638262450695
v 0.016330322250723842 -0.04858795925974847 0.016419587656855583
v 0.018087184056639675 -0.04857963323593141 0.014570650644600391
v 0.016330322250723842 -0.04858795925974847 0.016419587656855583
v 0.015104858204722408 -0.04957691207528116 0.015224752016365528
v 0.015104858204722408 -0.04957691207528116 0.015224752016365528
v 0.016330322250723842 -0.04858795925974847 0.016419587656855583
v 0.01444744132459164 -0.048470266163349165 0.01814245991408825
v 0.015104858204722408 -0.04957691207528116 0.015224752016365528
v 0.01444744132459164 -0.048470266163349165 0.01814245991408825
v 0.01322141103446484 -0.049458649009466185 0.01694708876311779
v 0.01322141103446484 -0.049458649009466185 0.01694708876311779
v 0.01444744132459164 -0.048470266163349165 0.01814245991408825
v 0.012437580153346065 -0.048225596547126784 0.019738374277949333
v 0.01322141103446484 -0.049458649009466185 0.01694708876311779
v 0.012437580153346065 -0.048225596547126784 0.019738374277949333
v 0.01189023815095425 -0.050341889262199416 0.015646575018763542
v 0.01189023815095425 -0.050341889262199416 0.015646575018763542
v 0.012437580153346065 -0.048225596547126784 0.019738374277949333
v 0.009877754375338556 -0.05009459331631662 0.01723986677825451
v 0.026052987203001983 -0.03940000012516976 0.011556384153664112
v 0.025135880336165435 -0.03940000012516976 0.013434824533760548
v 0.026033265516161926 -0.04015808179974557 0.01154619175940752
v 0.026033265516161926 -0.04015808179974557 0.01154619175940752
v 0.025135880336165435 -0.03940000012516976 0.013434824533760548
v 0.02479819022119046 -0.040688194334506995 0.013916847296059132
v 0.026033265516161926 -0.04015808179974557 0.01154619175940752
v 0.02479819022119046 -0.040688194334506995 0.013916847296059132
v 0.024509197100996978 -0.042613610625267036 0.013658520765602589
v 0.024509197100996978 -0.042613610625267036 0.013658520765602589
v 0.02479819022119046 -0.040688194334506995 0.013916847296059132
v 0.023059396073222164 -0.04292900115251542 0.015814481303095818
v 0.024509197100996978 -0.042613610625267036 0.013658520765602589
v 0.023059396073222164 -0.04292900115251542 0.015814481303095818
v 0.02250797860324383 -0.044591996818780906 0.015293714590370655
v 0.02250797860324383 -0.044591996818780906 0.015293714590370655
v 0.023059396073222164 -0.04292900115251542 0.015814481303095818
v 0.020896641537547115 -0.04474585130810738 0.017288146540522575
v 0.02250797860324383 -0.044591996818780906 0.015293714590370655
v 0.020896641537547115 -0.04474585130810738 0.017288146540522575
v 0.020128106698393825 -0.046191725879907615 0.016550300642848015
v 0.020128106698393825 -0.046191725879907615 0.016550300642848015
v 0.020896641537547115 -0.04474585130810738 0.017288146540522575
v 0.01837917231023312 -0.0462079867720604 0.018407104536890984
v 0.020128106698393825 -0.046191725879907615 0.016550300642848015
v 0.01837917231023312 -0.0462079867720604 0.018407104536890984
v 0.017429118975996975 -0.04747234657406808 0.017487702891230583
v 0.017429118975996975 -0.04747234657406808 0.017487702891230583
v 0.01837917231023312 -0.0462079867720604 0.018407104536890984
v 0.016504919156432155 -0.04609892517328263 0.02013861946761608
v 0.017429118975996975 -0.04747234657406808 0.017487702891230583
v 0.016504919156432155 -0.04609892517328263 0.02013861946761608
v 0.015549844130873684 -0.04735825955867769 0.019214211031794548
v 0.015549844130873684 -0.04735825955867769 0.019214211031794548
v 0.016504919156432155 -0.04609892517328263 0.02013861946761608
v 0.014504803344607357 -0.04586399346590043 0.02174430899322033
v 0.015549844130873684 -0.04735825955867769 0.019214211031794548
v 0.014504803344607357 -0.04586399346590043 0.02174430899322033
v 0.01354504190385342 -0.04711864888668062 0.02081519179046154
v 0.01354504190385342 -0.04711864888668062 0.02081519179046154
v 0.014504803344607357 -0.04586399346590043 0.02174430899322033
v 0.012377252802252773 -0.04550163075327874 0.023222504183650017
v 0.01354504190385342 -0.04711864888668062 0.02081519179046154
v 0.012377252802252773 -0.04550163075327874 0.023222504183650017
v 0.011414347216486933 -0.04675314202904702 0.022290227934718132
v 0.011414347216486933 -0.04675314202904702 0.022290227934718132
v 0.012377252802252773 -0.04550163075327874 0.023222504183650017
v 0.010118162259459497 -0.04500773176550866 0.024569151923060417
v 0.011414347216486933 -0.04675314202904702 0.022290227934718132
v 0.010118162259459497 -0.04500773176550866 0.024569151923060417
v 0.009156255051493646 -0.046260241419076926 0.02363794855773449
v 0.009156255051493646 -0.046260241419076926 0.02363794855773449
v 0.010118162259459497 -0.04500773176550866 0.024569151923060417
v 0.007717510685324671 -0.044372271746397025 0.02577429823577404
v 0.009156255051493646 -0.046260241419076926 0.02363794855773449
v 0.007717510685324671 -0.044372271746397025 0.02577429823577404
v 0.006765155121684076 -0.04563432559370995 0.0248525720089674
v 0.006765155121684076 -0.04563432559370995 0.0248525720089674
v 0.007717510685324671 -0.044372271746397025 0.02577429823577404
v 0.00515308789908886 -0.04357304051518441 0.02681565098464489
v 0.006765155121684076 -0.04563432559370995 0.0248525720089674
v 0.00515308789908886 -0.04357304051518441 0.02681565098464489
v 0.00422789715230465 -0.04486225917935372 0.025921104475855827
v 0.00422789715230465 -0.04486225917935372 0.025921104475855827
v 0.00515308789908886 -0.04357304051518441 0.02681565098464489
v 0.002380182966589928 -0.042565315961837775 0.027648506686091423
v 0.00422789715230465 -0.04486225917935372 0.025921104475855827
v 0.002380182966589928 -0.042565315961837775 0.027648506686091423
v 0.001524632680229843 -0.04392418637871743 0.026823578402400017
v 0.001524632680229843 -0.04392418637871743 0.026823578402400017
v 0.002380182966589928 -0.042565315961837775 0.027648506686091423
v 1.0187758334723187e-06 -0.043440710753202445 0.027175484225153923
v 0.001524632680229843 -0.04392418637871743 0.026823578402400017
v 1.0187758334723187e-06 -0.043440710753202445 0.027175484225153923
v 8.101595767584515e-07 -0.044794622808694846 0.026130495592951775
v 0.023469066247344024 -0.03940000012516976 0.016171155497431755
v 0.0219163503497839 -0.03940000012516976 0.018220124766230583
v 0.023384017869830135 -0.04103920981287957 0.016108451411128044
v 0.023384017869830135 -0.04103920981287957 0.016108451411128044
v 0.0219163503497839 -0.03940000012516976 0.018220124766230583
v 0.021809792146086696 -0.041230175644159324 0.018140016123652458
v 0.023384017869830135 -0.04103920981287957 0.016108451411128044
v 0.021809792146086696 -0.041230175644159324 0.018140016123652458
v 0.02146456949412823 -0.04309936240315438 0.017825422808527946
v 0.02146456949412823 -0.04309936240315438 0.017825422808527946
v 0.021809792146086696 -0.041230175644159324 0.018140016123652458
v 0.019731735810637478 -0.04313172027468682 0.019698379561305046
v 0.02146456949412823 -0.04309936240315438 0.017825422808527946
v 0.019731735810637478 -0.04313172027468682 0.019698379561305046
v 0.01915531419217587 -0.04476971179246903 0.019152579829096794
v 0.01915531419217587 -0.04476971179246903 0.019152579829096794
v 0.019731735810637478 -0.04313172027468682 0.019698379561305046
v 0.01786325685679913 -0.043028432875871665 0.021435676142573357
v 0.01915531419217587 -0.04476971179246903 0.019152579829096794
v 0.01786325685679913 -0.043028432875871665 0.021435676142573357
v 0.017285397276282314 -0.04466498270630837 0.020888445898890495
v 0.017285397276282314 -0.04466498270630837 0.020888445898890495
v 0.01786325685679913 -0.043028432875871665 0.021435676142573357
v 0.015857605263590816 -0.042787972837686546 0.023035762831568718
v 0.017285397276282314 -0.04466498270630837 0.020888445898890495
v 0.015857605263590816 -0.042787972837686546 0.023035762831568718
v 0.01528619043529034 -0.04443096742033959 0.022495029494166374
v 0.01528619043529034 -0.04443096742033959 0.022495029494166374
v 0.015857605263590816 -0.042787972837686546 0.023035762831568718
v 0.013708664104342464 -0.04240421950817109 0.024492619559168816
v 0.01528619043529034 -0.04443096742033959 0.022495029494166374
v 0.013708664104342464 -0.04240421950817109 0.024492619559168816
v 0.013154400512576107 -0.04406436532735825 0.02396899275481701
v 0.013154400512576107 -0.04406436532735825 0.02396899275481701
v 0.013708664104342464 -0.04240421950817109 0.024492619559168816
v 0.01140297017991543 -0.04186370968818665 0.02579265646636486
v 0.013154400512576107 -0.04406436532735825 0.02396899275481701
v 0.01140297017991543 -0.04186370968818665 0.02579265646636486
v 0.010882457718253137 -0.04355761408805848 0.0253028254956007
v 0.010882457718253137 -0.04355761408805848 0.0253028254956007
v 0.01140297017991543 -0.04186370968818665 0.02579265646636486
v 0.00891394726932049 -0.041139878332614906 0.02690940909087658
v 0.010882457718253137 -0.04355761408805848 0.0253028254956007
v 0.00891394726932049 -0.041139878332614906 0.02690940909087658
v 0.008454358205199243 -0.04289470613002778 0.02648049406707287
v 0.008454358205199243 -0.04289470613002778 0.02648049406707287
v 0.00891394726932049 -0.041139878332614906 0.02690940909087658
v 0.006058102473616602 -0.04115642979741097 0.02767467312514782
v 0.008454358205199243 -0.04289470613002778 0.02648049406707287
v 0.006058102473616602 -0.04115642979741097 0.02767467312514782
v 0.00583692453801632 -0.04204246029257775 0.02746879868209362
v 0.00583692453801632 -0.04204246029257775 0.02746879868209362
v 0.006058102473616602 -0.04115642979741097 0.02767467312514782
v 0.0030924510210752496 -0.039955969899892814 0.02831476740539074
v 0.00583692453801632 -0.04204246029257775 0.02746879868209362
v 0.0030924510210752496 -0.039955969899892814 0.02831476740539074
v 0.0029604267328977594 -0.040931150317192085 0.0281981211155653
v 0.0029604267328977594 -0.040931150317192085 0.0281981211155653
v 0.0030924510210752496 -0.039955969899892814 0.02831476740539074
v 0.002174099907279015 -0.03940000012516976 0.02841704897582531
v 0.0029604267328977594 -0.040931150317192085 0.0281981211155653
v 0.002174099907279015 -0.03940000012516976 0.02841704897582531
v 0.0013806576607748868 -0.04023397713899613 0.028421221300959587
v 0.0013806576607748868 -0.04023397713899613 0.028421221300959587
v 0.002174099907279015 -0.03940000012516976 0.02841704897582531
v 0.001433750498108566 -0.03940000012516976 0.028463957831263542
v 0.0013806576607748868 -0.04023397713899613 0.028421221300959587
v 0.001433750498108566 -0.03940000012516976 0.028463957831263542
v 1.1230839618292523e-06 -0.03940000012516976 0.02850007824599743
v 0.0248521026223898 -0.03940000012516976 0.013952729292213917
v 0.023469066247344024 -0.03940000012516976 0.016171155497431755
v 0.02479819022119046 -0.040688194334506995 0.013916847296059132
v 0.02479819022119046 -0.040688194334506995 0.013916847296059132
v 0.023469066247344024 -0.03940000012516976 0.016171155497431755
v 0.023384017869830135 -0.04103920981287957 0.016108451411128044
v 0.02479819022119046 -0.040688194334506995 0.013916847296059132
v 0.023384017869830135 -0.04103920981287957 0.016108451411128044
v 0.023059396073222164 -0.04292900115251542 0.015814481303095818
v 0.023059396073222164 -0.04292900115251542 0.015814481303095818
v 0.023384017869830135 -0.04103920981287957 0.016108451411128044
v 0.02146456949412823 -0.04309936240315438 0.017825422808527946
v 0.023059396073222164 -0.04292900115251542 0.015814481303095818
v 0.02146456949412823 -0.04309936240315438 0.017825422808527946
v 0.020896641537547115 -0.04474585130810738 0.017288146540522575
v 0.020896641537547115 -0.04474585130810738 0.017288146540522575
v 0.02146456949412823 -0.04309936240315438 0.017825422808527946
v 0.01915531419217587 -0.04476971179246903 0.019152579829096794
v 0.020896641537547115 -0.04474585130810738 0.017288146540522575
v 0.01915531419217587 -0.04476971179246903 0.019152579829096794
v 0.01837917231023312 -0.0462079867720604 0.018407104536890984
v 0.01837917231023312 -0.0462079867720604 0.018407104536890984
v 0.01915531419217587 -0.04476971179246903 0.019152579829096794
v 0.017285397276282314 -0.04466498270630837 0.020888445898890495
v 0.01837917231023312 -0.0462079867720604 0.018407104536890984
v 0.017285397276282314 -0.04466498270630837 0.020888445898890495
v 0.016504919156432155 -0.04609892517328263 0.02013861946761608
v 0.016504919156432155 -0.04609892517328263 0.02013861946761608
v 0.017285397276282314 -0.04466498270630837 0.020888445898890495
v 0.01528619043529034 -0.04443096742033959 0.022495029494166374
v 0.016504919156432155 -0.04609892517328263 0.02013861946761608
v 0.01528619043529034 -0.04443096742033959 0.022495029494166374
v 0.014504803344607357 -0.04586399346590043 0.02174430899322033
v 0.014504803344607357 -0.04586399346590043 0.02174430899322033
v 0.01528619043529034 -0.04443096742033959 0.022495029494166374
v 0.013154400512576107 -0.04406436532735825 0.02396899275481701
v 0.014504803344607357 -0.04586399346590043 0.02174430899322033
v 0.013154400512576107 -0.04406436532735825 0.02396899275481701
v 0.012377252802252773 -0.04550163075327874 0.023222504183650017
v 0.012377252802252773 -0.04550163075327874 0.023222504183650017
v 0.013154400512576107 -0.04406436532735825 0.02396899275481701
v 0.010882457718253137 -0.04355761408805848 0.0253028254956007
v 0.012377252802252773 -0.04550163075327874 0.023222504183650017
v 0.010882457718253137 -0.04355761408805848 0.0253028254956007
v 0.010118162259459497 -0.04500773176550866 0.024569151923060417
v 0.010118162259459497 -0.04500773176550866 0.024569151923060417
v 0.010882457718253137 -0.04355761408805848 0.0253028254956007
v 0.008454358205199243 -0.04289470613002778 0.02648049406707287
v 0.010118162259459497 -0.04500773176550866 0.024569151923060417
v 0.008454358205199243 -0.04289470613002778 0.02648049406707287
v 0.007717510685324671 -0.044372271746397025 0.02577429823577404
v 0.007717510685324671 -0.044372271746397025 0.02577429823577404
v 0.008454358205199243 -0.04289470613002778 0.02648049406707287
v 0.00583692453801632 -0.04204246029257775 0.02746879868209362
v 0.007717510685324671 -0.044372271746397025 0.02577429823577404
v 0.00583692453801632 -0.04204246029257775 0.02746879868209362
v 0.00515308789908886 -0.04357304051518441 0.02681565098464489
v 0.00515308789908886 -0.04357304051518441 0.02681565098464489
v 0.00583692453801632 -0.04204246029257775 0.02746879868209362
v 0.0027161519974470143 -0.0417940877377987 0.02796912007033825
v 0.00515308789908886 -0.04357304051518441 0.02681565098464489
v 0.0027161519974470143 -0.0417940877377987 0.02796912007033825
v 0.002380182966589928 -0.042565315961837775 0.027648506686091423
v 0.002380182966589928 -0.042565315961837775 0.027648506686091423
v 0.0027161519974470143 -0.0417940877377987 0.02796912007033825
v 1.398755443915434e-06 -0.042074445635080344 0.027922092005610466
v 0.002380182966589928 -0.042565315961837775 0.027648506686091423
v 1.398755443915434e-06 -0.042074445635080344 0.027922092005610466
v 1.0187758334723187e-06 -0.043440710753202445 0.027175484225153923
v 0.02696946822106839 -0.03940000012516976 0.009217319078743458
v 0.026033265516161926 -0.04015808179974557 0.01154619175940752
v 0.025799905881285674 -0.042139135301113136 0.011343476362526417
v 0.025799905881285674 -0.042139135301113136 0.011343476362526417
v 0.026033265516161926 -0.04015808179974557 0.01154619175940752
v 0.024509197100996978 -0.042613610625267036 0.013658520765602589
v 0.025799905881285674 -0.042139135301113136 0.011343476362526417
v 0.024509197100996978 -0.042613610625267036 0.013658520765602589
v 0.023984817788004882 -0.04430365189909936 0.013164815492928028
v 0.023984817788004882 -0.04430365189909936 0.013164815492928028
v 0.024509197100996978 -0.042613610625267036 0.013658520765602589
v 0.02250797860324383 -0.044591996818780906 0.015293714590370655
v 0.023984817788004882 -0.04430365189909936 0.013164815492928028
v 0.02250797860324383 -0.044591996818780906 0.015293714590370655
v 0.021751446649432186 -0.04604987800121308 0.014567849226295948
v 0.021751446649432186 -0.04604987800121308 0.014567849226295948
v 0.02250797860324383 -0.044591996818780906 0.015293714590370655
v 0.020128106698393825 -0.046191725879907615 0.016550300642848015
v 0.021751446649432186 -0.04604987800121308 0.014567849226295948
v 0.020128106698393825 -0.046191725879907615 0.016550300642848015
v 0.019183581694960598 -0.047461614012718215 0.01563638262450695
v 0.019183581694960598 -0.047461614012718215 0.01563638262450695
v 0.020128106698393825 -0.046191725879907615 0.016550300642848015
v 0.017429118975996975 -0.04747234657406808 0.017487702891230583
v 0.019183581694960598 -0.047461614012718215 0.01563638262450695
v 0.017429118975996975 -0.04747234657406808 0.017487702891230583
v 0.016330322250723842 -0.04858795925974847 0.016419587656855583
v 0.016330322250723842 -0.04858795925974847 0.016419587656855583
v 0.017429118975996975 -0.04747234657406808 0.017487702891230583
v 0.015549844130873684 -0.04735825955867769 0.019214211031794548
v 0.016330322250723842 -0.04858795925974847 0.016419587656855583
v 0.015549844130873684 -0.04735825955867769 0.019214211031794548
v 0.01444744132459164 -0.048470266163349165 0.01814245991408825
v 0.01444744132459164 -0.048470266163349165 0.01814245991408825
v 0.015549844130873684 -0.04735825955867769 0.019214211031794548
v 0.01354504190385342 -0.04711864888668062 0.02081519179046154
v 0.01444744132459164 -0.048470266163349165 0.01814245991408825
v 0.01354504190385342 -0.04711864888668062 0.02081519179046154
v 0.012437580153346065 -0.048225596547126784 0.019738374277949333
v 0.012437580153346065 -0.048225596547126784 0.019738374277949333
v 0.01354504190385342 -0.04711864888668062 0.02081519179046154
v 0.011414347216486933 -0.04675314202904702 0.022290227934718132
v 0.012437580153346065 -0.048225596547126784 0.019738374277949333
v 0.011414347216486933 -0.04675314202904702 0.022290227934718132
v 0.010301789268851282 -0.047854997217655196 0.021208344027400017
v 0.010301789268851282 -0.047854997217655196 0.021208344027400017
v 0.011414347216486933 -0.04675314202904702 0.022290227934718132
v 0.009156255051493646 -0.046260241419076926 0.02363794855773449
v 0.010301789268851282 -0.047854997217655196 0.021208344027400017
v 0.009156255051493646 -0.046260241419076926 0.02363794855773449
v 0.008041655644774439 -0.047360055148601546 0.022553978487849236
v 0.008041655644774439 -0.047360055148601546 0.022553978487849236
v 0.009156255051493646 -0.046260241419076926 0.02363794855773449
v 0.006765155121684076 -0.04563432559370995 0.0248525720089674
v 0.008041655644774439 -0.047360055148601546 0.022553978487849236
v 0.006765155121684076 -0.04563432559370995 0.0248525720089674
v 0.005656933411955834 -0.04674052074551583 0.023775039240717888
v 0.005656933411955834 -0.04674052074551583 0.023775039240717888
v 0.006765155121684076 -0.04563432559370995 0.0248525720089674
v 0.00422789715230465 -0.04486225917935372 0.025921104475855827
v 0.005656933411955834 -0.04674052074551583 0.023775039240717888
v 0.00422789715230465 -0.04486225917935372 0.025921104475855827
v 0.0031448956578969964 -0.04599367082118989 0.02486872486770153
v 0.0031448956578969964 -0.04599367082118989 0.02486872486770153
v 0.00422789715230465 -0.04486225917935372 0.025921104475855827
v 0.001524632680229843 -0.04392418637871743 0.026823578402400017
v 0.0031448956578969964 -0.04599367082118989 0.02486872486770153
v 0.001524632680229843 -0.04392418637871743 0.026823578402400017
v 0.0005040894029662014 -0.04511805251240731 0.025833724066615105
v 0.0005040894029662014 -0.04511805251240731 0.025833724066615105
v 0.001524632680229843 -0.04392418637871743 0.026823578402400017
v 8.101595767584515e-07 -0.044794622808694846 0.026130495592951775
v 0.0005040894029662014 -0.04511805251240731 0.025833724066615105
v 8.101595767584515e-07 -0.044794622808694846 0.026130495592951775
v 1.0411275752630902e-06 -0.04629530012607575 0.024606166407465935
v 0.004825754091143609 -0.051236614584922804 0.015854893252253532
v 0.0015965680358931427 -0.052436251193285 0.012687024660408497
v 0.0069552641361951845 -0.051600933074951186 0.014378664083778858
v 0.0069552641361951845 -0.051600933074951186 0.014378664083778858
v 0.0015965680358931427 -0.052436251193285 0.012687024660408497
v 0.0037015583366155633 -0.052776053547859206 0.011186239309608936
v 0.0069552641361951845 -0.051600933074951186 0.014378664083778858
v 0.0037015583366155633 -0.052776053547859206 0.011186239309608936
v 0.008956758305430414 -0.05183723941445352 0.01277440506964922
v 0.008956758305430414 -0.05183723941445352 0.01277440506964922
v 0.0037015583366155633 -0.052776053547859206 0.011186239309608936
v 0.005680663511157037 -0.052989970892667784 0.00955956894904375
v 0.008956758305430414 -0.05183723941445352 0.01277440506964922
v 0.005680663511157037 -0.052989970892667784 0.00955956894904375
v 0.010817108675837519 -0.05193239450454713 0.01102894265204668
v 0.010817108675837519 -0.05193239450454713 0.01102894265204668
v 0.005680663511157037 -0.052989970892667784 0.00955956894904375
v 0.007507232949137689 -0.053051345050334944 0.007780370768159628
v 0.010817108675837519 -0.05193239450454713 0.01102894265204668
v 0.007507232949137689 -0.053051345050334944 0.007780370768159628
v 0.01254009269177914 -0.051890194416046156 0.009146210737526417
v 0.01254009269177914 -0.051890194416046156 0.009146210737526417
v 0.007507232949137689 -0.053051345050334944 0.007780370768159628
v 0.009190475568175318 -0.05296939983963968 0.005857882555574179
v 0.01254009269177914 -0.051890194416046156 0.009146210737526417
v 0.009190475568175318 -0.05296939983963968 0.005857882555574179
v 0.014142593368887905 -0.05172749981284143 0.007142899092286825
v 0.015641560778021816 -0.051461283117532744 0.005036113318055868
v 0.014142593368887905 -0.05172749981284143 0.007142899092286825
v 0.010766638442873957 -0.05278037115931512 0.003828284563496709
v 0.010766638442873957 -0.05278037115931512 0.003828284563496709
v 0.014142593368887905 -0.05172749981284143 0.007142899092286825
v 0.009190475568175318 -0.05296939983963968 0.005857882555574179
v 0.010766638442873957 -0.05278037115931512 0.003828284563496709
v 0.009190475568175318 -0.05296939983963968 0.005857882555574179
v 0.005459813401103021 -0.05366756394505502 0.0021885011810809374
v 0.005459813401103021 -0.05366756394505502 0.0021885011810809374
v 0.009190475568175318 -0.05296939983963968 0.005857882555574179
v 0.0037995558232069024 -0.0537724941968918 0.004133997019380331
v 0.005459813401103021 -0.05366756394505502 0.0021885011810809374
v 0.0037995558232069024 -0.0537724941968918 0.004133997019380331
v 1.167787559097633e-06 -0.053999952971935286 -6.215557135647032e-08
v 1.167787559097633e-06 -0.053999952971935286 -6.215557135647032e-08
v 0.0037995558232069024 -0.0537724941968918 0.004133997019380331
v 0.0020061191171407704 -0.05374425277113916 0.005946335848420858
v 1.167787559097633e-06 -0.053999952971935286 -6.215557135647032e-08
v 0.0020061191171407704 -0.05374425277113916 0.005946335848420858
v 1.1454358173068615e-06 -0.05390737205743791 0.004295942839235067
v 1.1454358173068615e-06 -0.05390737205743791 0.004295942839235067
v 0.0020061191171407704 -0.05374425277113916 0.005946335848420858
v 6.411773938452826e-05 -0.05356743931770326 0.007610139902681112
v 1.1454358173068615e-06 -0.05390737205743791 0.004295942839235067
v 6.411773938452826e-05 -0.05356743931770326 0.007610139902681112
v 9.88973624771461e-07 -0.053552269935607924 0.007711587008088827
v 9.88973624771461e-07 -0.053552269935607924 0.007711587008088827
v 6.411773938452826e-05 -0.05356743931770326 0.007610139902681112
v 0.0037015583366155633 -0.052776053547859206 0.011186239309608936
v 9.88973624771461e-07 -0.053552269935607924 0.007711587008088827
v 0.0037015583366155633 -0.052776053547859206 0.011186239309608936
v 1.249743945663795e-06 -0.05287534371018411 0.011112925596535206
v 1.249743945663795e-06 -0.05287534371018411 0.011112925596535206
v 0.0037015583366155633 -0.052776053547859206 0.011186239309608936
v 0.0015965680358931427 -0.052436251193285 0.012687024660408497
v 1.249743945663795e-06 -0.05287534371018411 0.011112925596535206
v 0.0015965680358931427 -0.052436251193285 0.012687024660408497
v 1.0113252528753949e-06 -0.051870241761207594 0.014488992281258106
v 1.0113252528753949e-06 -0.051870241761207594 0.014488992281258106
v 0.0015965680358931427 -0.052436251193285 0.012687024660408497
v 0.004825754091143609 -0.051236614584922804 0.015854893252253532
v 1.0113252528753949e-06 -0.051870241761207594 0.014488992281258106
v 0.004825754091143609 -0.051236614584922804 0.015854893252253532
v 0.002589201554656029 -0.05076524615287782 0.017224131152033806
v 1.0411275752630902e-06 -0.04629530012607575 0.024606166407465935
v 8.399619559895657e-07 -0.04771392419934274 0.02278643660247326
v 0.0006657073972746731 -0.047943305224180235 0.02245086245238781
v 0.0006657073972746731 -0.047943305224180235 0.02245086245238781
v 8.399619559895657e-07 -0.04771392419934274 0.02278643660247326
v 9.14467761958804e-07 -0.04922088980674745 0.020391223952174187
v 0.0006657073972746731 -0.047943305224180235 0.02245086245238781
v 9.14467761958804e-07 -0.04922088980674745 0.020391223952174187
v 0.003121552988886834 -0.04863396286964418 0.021300969645380974
v 0.003121552988886834 -0.04863396286964418 0.021300969645380974
v 9.14467761958804e-07 -0.04922088980674745 0.020391223952174187
v 1.1379851230231e-06 -0.050622820854187026 0.017618177458643913
v 0.003121552988886834 -0.04863396286964418 0.021300969645380974
v 1.1379851230231e-06 -0.050622820854187026 0.017618177458643913
v 0.005482880398631097 -0.04923009872436525 0.020056484267115593
v 0.005482880398631097 -0.04923009872436525 0.020056484267115593
v 1.1379851230231e-06 -0.050622820854187026 0.017618177458643913
v 0.002589201554656029 -0.05076524615287782 0.017224131152033806
v 0.005482880398631097 -0.04923009872436525 0.020056484267115593
v 0.002589201554656029 -0.05076524615287782 0.017224131152033806
v 0.007738595828413965 -0.04972063004970552 0.018706439062952995
v 0.007738595828413965 -0.04972063004970552 0.018706439062952995
v 0.002589201554656029 -0.05076524615287782 0.017224131152033806
v 0.004825754091143609 -0.051236614584922804 0.015854893252253532
v 0.007738595828413965 -0.04972063004970552 0.018706439062952995
v 0.004825754091143609 -0.051236614584922804 0.015854893252253532
v 0.009877754375338556 -0.05009459331631662 0.01723986677825451
v 0.009877754375338556 -0.05009459331631662 0.01723986677825451
v 0.004825754091143609 -0.051236614584922804 0.015854893252253532
v 0.0069552641361951845 -0.051600933074951186 0.014378664083778858
v 0.009877754375338556 -0.05009459331631662 0.01723986677825451
v 0.0069552641361951845 -0.051600933074951186 0.014378664083778858
v 0.01189023815095425 -0.050341889262199416 0.015646575018763542
v 0.01189023815095425 -0.050341889262199416 0.015646575018763542
v 0.0069552641361951845 -0.051600933074951186 0.014378664083778858
v 0.008956758305430414 -0.05183723941445352 0.01277440506964922
v 0.01189023815095425 -0.050341889262199416 0.015646575018763542
v 0.008956758305430414 -0.05183723941445352 0.01277440506964922
v 0.013770250603556636 -0.05045671388506891 0.013920781202614307
v 0.013770250603556636 -0.05045671388506891 0.013920781202614307
v 0.008956758305430414 -0.05183723941445352 0.01277440506964922
v 0.010817108675837519 -0.05193239450454713 0.01102894265204668
v 0.013770250603556636 -0.05045671388506891 0.013920781202614307
v 0.010817108675837519 -0.05193239450454713 0.01102894265204668
v 0.015519393607974056 -0.05044066905975343 0.012064156122505665
v 0.015519393607974056 -0.05044066905975343 0.012064156122505665
v 0.010817108675837519 -0.05193239450454713 0.01102894265204668
v 0.01254009269177914 -0.051890194416046156 0.009146210737526417
v 0.015519393607974056 -0.05044066905975343 0.012064156122505665
v 0.01254009269177914 -0.051890194416046156 0.009146210737526417
v 0.017145207151770595 -0.050301294773817076 0.010084209032356739
v 0.017145207151770595 -0.050301294773817076 0.010084209032356739
v 0.01254009269177914 -0.051890194416046156 0.009146210737526417
v 0.014142593368887905 -0.05172749981284143 0.007142899092286825
v 0.017145207151770595 -0.050301294773817076 0.010084209032356739
v 0.014142593368887905 -0.05172749981284143 0.007142899092286825
v 0.018655924126505855 -0.05004682019352914 0.007989165373146534
v 0.018655924126505855 -0.05004682019352914 0.007989165373146534
v 0.014142593368887905 -0.05172749981284143 0.007142899092286825
v 0.015641560778021816 -0.051461283117532744 0.005036113318055868
v 0.018655924126505855 -0.05004682019352914 0.007989165373146534
v 0.015641560778021816 -0.051461283117532744 0.005036113318055868
v 0.020056581124663356 -0.04968228936195375 0.00578403240069747
v 0.020056581124663356 -0.04968228936195375 0.00578403240069747
v 0.015641560778021816 -0.051461283117532744 0.005036113318055868
v 0.017047649249434475 -0.05110218003392221 0.0028364036697894335
v 0.020056581124663356 -0.04968228936195375 0.00578403240069747
v 0.017047649249434475 -0.05110218003392221 0.0028364036697894335
v 0.021348042413592342 -0.04920855909585954 0.0034697626251727343
v 0.021348042413592342 -0.04920855909585954 0.0034697626251727343
v 0.017047649249434475 -0.05110218003392221 0.0028364036697894335
v 0.018367080017924312 -0.050656419247388854 0.0005500887054949999
v 0.021348042413592342 -0.04920855909585954 0.0034697626251727343
v 0.018367080017924312 -0.050656419247388854 0.0005500887054949999
v 0.0186943244189024 -0.050528075546026244 -1.217602232372883e-07
v 0.0186943244189024 -0.050528075546026244 -1.217602232372883e-07
v 0.018367080017924312 -0.050656419247388854 0.0005500887054949999
v 0.017100891098380092 -0.051128517836332335 -6.215557135647032e-08
v -0.028337003663182266 -0.04120979830622674 5.934955424891086e-07
v -0.028103383257985122 -0.04217390716075898 4.7428622451661795e-07
v -0.027967033907771117 -0.042559284716844566 0.0009541485924273729
v -0.024846816435456283 -0.046958170831203475 -2.5509288015257425e-09
v -0.025961065664887435 -0.04586473852396012 0.000812408747151494
v -0.026220059022307403 -0.04557756334543229 5.705371464159725e-08
v -0.01417534984648228 -0.05203684791922571 -2.5509288015257425e-09
v -0.012920768931508068 -0.05236328393220903 5.705371464159725e-08
v -0.010764302685856821 -0.052780389785766615 0.003828284563496709
v -0.0037972163408994683 -0.0537724979221821 0.004134056624025106
v 1.1454358173068615e-06 -0.05390737205743791 0.004295942839235067
v -0.0020037908107042317 -0.05374425277113916 0.005946335848420858
v -0.0020037908107042317 -0.05374425277113916 0.005946335848420858
v 1.1454358173068615e-06 -0.05390737205743791 0.004295942839235067
v -6.178962212288754e-05 -0.05356743931770326 0.007610139902681112
v 1.0113252528753949e-06 -0.051870241761207594 0.014488992281258106
v -0.0025868955999612813 -0.05076524987816812 0.017224131152033806
v -0.004823448136448861 -0.051236614584922804 0.015854952856898308
v -0.0025868955999612813 -0.05076524987816812 0.017224131152033806
v 1.0113252528753949e-06 -0.051870241761207594 0.014488992281258106
v 1.1379851230231e-06 -0.050622820854187026 0.017618177458643913
v -0.0031099747866392144 -0.03940000012516976 0.028329668566584587
v -0.0030901934951543817 -0.039955969899892814 0.02831476740539074
v -0.0021718386560678486 -0.03940000012516976 0.02841704897582531
v -0.026967218145728118 -0.03940000012516976 0.009217319078743458
v -0.026030967012047775 -0.040158107876777656 0.011546310968697071
v -0.026050688698887832 -0.03940000012516976 0.011556503362953663
v -0.026903329417109496 -0.0414797030389309 0.008843538351356983
v -0.02742884866893292 -0.03940000012516976 0.007736024912446737
v -0.027777979150414474 -0.04058917239308358 0.006112453993409872
v -0.027777979150414474 -0.04058917239308358 0.006112453993409872
v -0.02742884866893292 -0.03940000012516976 0.007736024912446737
v -0.02782815136015416 -0.03940000012516976 0.006146667059510946
v -0.027777979150414474 -0.04058917239308358 0.006112453993409872
v -0.02782815136015416 -0.03940000012516976 0.006146667059510946
v -0.02829821966588498 -0.03940000012516976 0.0033759449142962694
v -0.026050688698887832 -0.03940000012516976 0.011556503362953663
v -0.026030967012047775 -0.040158107876777656 0.011546310968697071
v -0.025133630260825164 -0.03940000012516976 0.013434824533760548
v -0.025133630260825164 -0.03940000012516976 0.013434824533760548
v -0.026030967012047775 -0.040158107876777656 0.011546310968697071
v -0.02479588799178601 -0.04068821296095849 0.013916966505348682
v -0.025133630260825164 -0.03940000012516976 0.013434824533760548
v -0.02479588799178601 -0.04068821296095849 0.013916966505348682
v -0.02484980039298535 -0.03940000012516976 0.013952848501503468
v -0.02484980039298535 -0.03940000012516976 0.013952848501503468
v -0.02479588799178601 -0.04068821296095849 0.013916966505348682
v -0.023381711915135387 -0.041039220988750465 0.016108570620417595
v -0.02484980039298535 -0.03940000012516976 0.013952848501503468
v -0.023381711915135387 -0.041039220988750465 0.016108570620417595
v -0.023466764017939575 -0.03940000012516976 0.01617121510207653
v -0.023466764017939575 -0.03940000012516976 0.01617121510207653
v -0.023381711915135387 -0.041039220988750465 0.016108570620417595
v -0.021807489916682247 -0.04123017936944962 0.018140075728297234
v -0.023466764017939575 -0.03940000012516976 0.01617121510207653
v -0.021807489916682247 -0.04123017936944962 0.018140075728297234
v -0.02191404812037945 -0.03940000012516976 0.01822018437087536
v -0.02191404812037945 -0.03940000012516976 0.01822018437087536
v -0.021807489916682247 -0.04123017936944962 0.018140075728297234
v -0.02167044766247273 -0.03940000012516976 0.018509266898036003
v -0.02167044766247273 -0.03940000012516976 0.018509266898036003
v -0.021807489916682247 -0.04123017936944962 0.018140075728297234
v -0.020082959905266765 -0.04127083346247674 0.020021317526698112
v -0.02167044766247273 -0.03940000012516976 0.018509266898036003
v -0.020082959905266765 -0.04127083346247674 0.020021317526698112
v -0.0201957393437624 -0.03940000012516976 0.02010810188949108
v -0.006220305338501932 -0.03940000012516976 0.02781265787780285
v -0.009050337597727777 -0.03940000012516976 0.027024446055293083
v -0.0061854291707277315 -0.040178816765546806 0.027788935229182243
v -0.0061854291707277315 -0.040178816765546806 0.027788935229182243
v -0.009050337597727777 -0.03940000012516976 0.027024446055293083
v -0.008911667391657831 -0.04113987088203431 0.02690940909087658
v -0.0061854291707277315 -0.040178816765546806 0.027788935229182243
v -0.008911667391657831 -0.04113987088203431 0.02690940909087658
v -0.0060558337718248385 -0.04115642607212067 0.02767467312514782
v -0.0030901934951543817 -0.039955969899892814 0.02831476740539074
v -0.0031099747866392144 -0.03940000012516976 0.028329668566584587
v -0.0060558337718248385 -0.04115642607212067 0.02767467312514782
v -0.0060558337718248385 -0.04115642607212067 0.02767467312514782
v -0.0031099747866392144 -0.03940000012516976 0.028329668566584587
v -0.004553774371743203 -0.03940000012516976 0.028133688494563103
v -0.0060558337718248385 -0.04115642607212067 0.02767467312514782
v -0.004553774371743203 -0.03940000012516976 0.028133688494563103
v -0.0061854291707277315 -0.040178816765546806 0.027788935229182243
v -0.0061854291707277315 -0.040178816765546806 0.027788935229182243
v -0.004553774371743203 -0.03940000012516976 0.028133688494563103
v -0.006106687709689142 -0.03940000012516976 0.027837811037898064
v -0.0061854291707277315 -0.040178816765546806 0.027788935229182243
v -0.006106687709689142 -0.03940000012516976 0.027837811037898064
v -0.006220305338501932 -0.03940000012516976 0.02781265787780285
v -0.0014314969303086402 -0.03940000012516976 0.028463957831263542
v -0.0021718386560678486 -0.03940000012516976 0.02841704897582531
v -0.001378404092974961 -0.04023398086428643 0.028421221300959587
v -0.001378404092974961 -0.04023398086428643 0.028421221300959587
v -0.0021718386560678486 -0.03940000012516976 0.02841704897582531
v -0.002958165481686593 -0.04093115404248238 0.0281981211155653
v -0.001378404092974961 -0.04023398086428643 0.028421221300959587
v -0.002958165481686593 -0.04093115404248238 0.0281981211155653
v -0.002713898196816445 -0.0417940877377987 0.02796912007033825
v -0.002713898196816445 -0.0417940877377987 0.02796912007033825
v -0.002958165481686593 -0.04093115404248238 0.0281981211155653
v -0.005834655836224557 -0.04204245656728745 0.027468858286738396
v -0.0023779217153787617 -0.042565319687128074 0.027648506686091423
v 1.398755443915434e-06 -0.042074445635080344 0.027922092005610466
v 1.5254153140631392e-06 -0.040843810886144645 0.02833235077559948
v -0.0015223716618493204 -0.04392419010400773 0.026823578402400017
v 1.0187758334723187e-06 -0.043440710753202445 0.027175484225153923
v 1.398755443915434e-06 -0.042074445635080344 0.027922092005610466
v 1.0411275752630902e-06 -0.04629530012607575 0.024606166407465935
v 8.101595767584515e-07 -0.044794622808694846 0.026130495592951775
v -0.0005018209340050818 -0.04511805623769761 0.025833724066615105
v -0.0005018209340050818 -0.04511805623769761 0.025833724066615105
v 8.101595767584515e-07 -0.044794622808694846 0.026130495592951775
v 1.0187758334723187e-06 -0.043440710753202445 0.027175484225153923
v -0.0006634240271523596 -0.047943308949470534 0.02245086245238781
v 8.399619559895657e-07 -0.04771392419934274 0.02278643660247326
v 1.0411275752630902e-06 -0.04629530012607575 0.024606166407465935
v 1.249743945663795e-06 -0.05287534371018411 0.011112925596535206
v -0.0015942548634484415 -0.052436251193285 0.012687024660408497
v 9.88973624771461e-07 -0.053552269935607924 0.007711587008088827
v 9.88973624771461e-07 -0.053552269935607924 0.007711587008088827
v -0.0015942548634484415 -0.052436251193285 0.012687024660408497
v -0.00369924120604992 -0.052776057273149504 0.011186239309608936
v -0.011427221819758417 -0.05270924046635629 -2.5509288015257425e-09
v -0.007412193343043329 -0.05343261361122133 -6.215557135647032e-08
v -0.007040185853838922 -0.053485102951526656 0.0001655195519560948
v -0.007040185853838922 -0.053485102951526656 0.0001655195519560948
v -0.007412193343043329 -0.05343261361122133 -6.215557135647032e-08
v -0.006888454779982569 -0.0535060651600361 -6.215557135647032e-08
v -0.007040185853838922 -0.053485102951526656 0.0001655195519560948
v -0.006888454779982569 -0.0535060651600361 -6.215557135647032e-08
v -0.0054574739187955865 -0.05366757139563562 0.0021885607857257128
v -0.0054574739187955865 -0.05366757139563562 0.0021885607857257128
v -0.006888454779982569 -0.0535060651600361 -6.215557135647032e-08
v -0.0030441302806139 -0.05389587208628656 5.705371464159725e-08
v -0.0054574739187955865 -0.05366757139563562 0.0021885607857257128
v -0.0030441302806139 -0.05389587208628656 5.705371464159725e-08
v -0.0037972163408994683 -0.0537724979221821 0.004134056624025106
v -0.0037972163408994683 -0.0537724979221821 0.004134056624025106
v -0.0030441302806139 -0.05389587208628656 5.705371464159725e-08
v 1.167787559097633e-06 -0.053999952971935286 -6.215557135647032e-08
v -0.0037972163408994683 -0.0537724979221821 0.004134056624025106
v 1.167787559097633e-06 -0.053999952971935286 -6.215557135647032e-08
v 1.1454358173068615e-06 -0.05390737205743791 0.004295942839235067
v -0.010764302685856821 -0.052780389785766615 0.003828284563496709
v -0.015639232471585277 -0.051461301743984236 0.0050361729227006435
v -0.01417534984648228 -0.05203684791922571 -2.5509288015257425e-09
v -0.01417534984648228 -0.05203684791922571 -2.5509288015257425e-09
v -0.015639232471585277 -0.051461301743984236 0.0050361729227006435
v -0.017045320942997936 -0.0511022061109543 0.0028365228790789843
v -0.01417534984648228 -0.05203684791922571 -2.5509288015257425e-09
v -0.017045320942997936 -0.0511022061109543 0.0028365228790789843
v -0.01497759856283665 -0.05180938169360162 -6.215557135647032e-08
v -0.020856311544775966 -0.04955397546291353 5.705371464159725e-08
v -0.01865245215594769 -0.050544079393148436 -6.215557135647032e-08
v -0.018364747986197475 -0.05065645277500154 0.0005502079147845507
v -0.018364747986197475 -0.05065645277500154 0.0005502079147845507
v -0.01865245215594769 -0.050544079393148436 -6.215557135647032e-08
v -0.017988463863730434 -0.05080378428101541 -6.215557135647032e-08
v -0.018364747986197475 -0.05065645277500154 0.0005502079147845507
v -0.017988463863730434 -0.05080378428101541 -6.215557135647032e-08
v -0.017045320942997936 -0.0511022061109543 0.0028365228790789843
v -0.017045320942997936 -0.0511022061109543 0.0028365228790789843
v -0.017988463863730434 -0.05080378428101541 -6.215557135647032e-08
v -0.017098663374781612 -0.05112851038575174 -2.5509288015257425e-09
v -0.017045320942997936 -0.0511022061109543 0.0028365228790789843
v -0.017098663374781612 -0.05112851038575174 -2.5509288015257425e-09
v -0.01497759856283665 -0.05180938169360162 -6.215557135647032e-08
v -0.027931222692132003 -0.042687896639108665 2.954722901904461e-07
v -0.027561133727431304 -0.043549049645662315 -2.5509288015257425e-09
v -0.027668690308928497 -0.04314353317022324 0.002458689035847783
v -0.02844944410026074 -0.03940000012516976 0.0016778085846453905
v -0.02849893085658551 -0.03940000012516976 -2.5509288015257425e-09
v -0.02838417328894139 -0.04076200723648072 0.0013406847137957811
v -0.02838417328894139 -0.04076200723648072 0.0013406847137957811
v -0.02849893085658551 -0.03940000012516976 -2.5509288015257425e-09
v -0.02847092784941197 -0.0401684194803238 2.3586764541505545e-07
v -0.02838417328894139 -0.04076200723648072 0.0013406847137957811
v -0.02847092784941197 -0.0401684194803238 2.3586764541505545e-07
v -0.028337003663182266 -0.04120979830622674 5.934955424891086e-07
v -0.028337003663182266 -0.04120979830622674 5.934955424891086e-07
v -0.027967033907771117 -0.042559284716844566 0.0009541485924273729
v -0.02838417328894139 -0.04076200723648072 0.0013406847137957811
v -0.02838417328894139 -0.04076200723648072 0.0013406847137957811
v -0.027967033907771117 -0.042559284716844566 0.0009541485924273729
v -0.028163978829979903 -0.04142440110445023 0.002923307241871953
v -0.02838417328894139 -0.04076200723648072 0.0013406847137957811
v -0.028163978829979903 -0.04142440110445023 0.002923307241871953
v -0.02844944410026074 -0.03940000012516976 0.0016778085846453905
v -0.01720022223889828 -0.03940000012516976 0.022723613306879997
v -0.0201957393437624 -0.03940000012516976 0.02010810188949108
v -0.0182111281901598 -0.04116418212652207 0.021755216643214226
v -0.0182111281901598 -0.04116418212652207 0.021755216643214226
v -0.0201957393437624 -0.03940000012516976 0.02010810188949108
v -0.020082959905266765 -0.04127083346247674 0.020021317526698112
v -0.0182111281901598 -0.04116418212652207 0.021755216643214226
v -0.020082959905266765 -0.04127083346247674 0.020021317526698112
v -0.019729433581233028 -0.04313172399997712 0.01969843916594982
v -0.019729433581233028 -0.04313172399997712 0.01969843916594982
v -0.020082959905266765 -0.04127083346247674 0.020021317526698112
v -0.021807489916682247 -0.04123017936944962 0.018140075728297234
v -0.019729433581233028 -0.04313172399997712 0.01969843916594982
v -0.021807489916682247 -0.04123017936944962 0.018140075728297234
v -0.021462263539433483 -0.04309936985373498 0.017825482413172722
v -0.021462263539433483 -0.04309936985373498 0.017825482413172722
v -0.021807489916682247 -0.04123017936944962 0.018140075728297234
v -0.023381711915135387 -0.041039220988750465 0.016108570620417595
v -0.021462263539433483 -0.04309936985373498 0.017825482413172722
v -0.023381711915135387 -0.041039220988750465 0.016108570620417595
v -0.023057090118527416 -0.042929012328386314 0.01581460051238537
v -0.023057090118527416 -0.042929012328386314 0.01581460051238537
v -0.023381711915135387 -0.041039220988750465 0.016108570620417595
v -0.02479588799178601 -0.04068821296095849 0.013916966505348682
v -0.023057090118527416 -0.042929012328386314 0.01581460051238537
v -0.02479588799178601 -0.04068821296095849 0.013916966505348682
v -0.02450689114630223 -0.04261362925171853 0.01365863997489214
v -0.02450689114630223 -0.04261362925171853 0.01365863997489214
v -0.02479588799178601 -0.04068821296095849 0.013916966505348682
v -0.026030967012047775 -0.040158107876777656 0.011546310968697071
v -0.02450689114630223 -0.04261362925171853 0.01365863997489214
v -0.026030967012047775 -0.040158107876777656 0.011546310968697071
v -0.025797603651881225 -0.042139161378145225 0.011343595571815968
v -0.025797603651881225 -0.042139161378145225 0.011343595571815968
v -0.026030967012047775 -0.040158107876777656 0.011546310968697071
v -0.026967218145728118 -0.03940000012516976 0.009217319078743458
v -0.025797603651881225 -0.042139161378145225 0.011343595571815968
v -0.026967218145728118 -0.03940000012516976 0.009217319078743458
v -0.026903329417109496 -0.0414797030389309 0.008843538351356983
v -0.026903329417109496 -0.0414797030389309 0.008843538351356983
v -0.026967218145728118 -0.03940000012516976 0.009217319078743458
v -0.027052765712141998 -0.03940000012516976 0.008963105268776417
v -0.026903329417109496 -0.0414797030389309 0.008843538351356983
v -0.027052765712141998 -0.03940000012516976 0.008963105268776417
v -0.02742884866893292 -0.03940000012516976 0.007736024912446737
v -0.005480581894516946 -0.04923010244965555 0.020056484267115593
v -0.0031192656606435784 -0.04863396286964418 0.021300969645380974
v -0.005654653534293176 -0.04674052074551583 0.023775039240717888
v -0.007736293599009516 -0.04972063004970552 0.018706439062952995
v -0.005480581894516946 -0.04923010244965555 0.020056484267115593
v -0.008039368316531183 -0.047360055148601546 0.022553978487849236
v -0.008039368316531183 -0.047360055148601546 0.022553978487849236
v -0.005480581894516946 -0.04923010244965555 0.020056484267115593
v -0.005654653534293176 -0.04674052074551583 0.023775039240717888
v -0.008039368316531183 -0.047360055148601546 0.022553978487849236
v -0.005654653534293176 -0.04674052074551583 0.023775039240717888
v -0.0067628752440214174 -0.04563432559370995 0.0248525720089674
v -0.0067628752440214174 -0.04563432559370995 0.0248525720089674
v -0.005654653534293176 -0.04674052074551583 0.023775039240717888
v -0.0042256247252225885 -0.04486225917935372 0.025921104475855827
v -0.0067628752440214174 -0.04563432559370995 0.0248525720089674
v -0.0042256247252225885 -0.04486225917935372 0.025921104475855827
v -0.005150819197297097 -0.04357303678989411 0.02681565098464489
v -0.005150819197297097 -0.04357303678989411 0.02681565098464489
v -0.0042256247252225885 -0.04486225917935372 0.025921104475855827
v -0.0023779217153787617 -0.042565319687128074 0.027648506686091423
v 1.0187758334723187e-06 -0.043440710753202445 0.027175484225153923
v -0.0015223716618493204 -0.04392419010400773 0.026823578402400017
v -0.0005018209340050818 -0.04511805623769761 0.025833724066615105
v -0.0005018209340050818 -0.04511805623769761 0.025833724066615105
v -0.0015223716618493204 -0.04392419010400773 0.026823578402400017
v -0.003142619505524636 -0.04599367082118989 0.02486872486770153
v -0.0005018209340050818 -0.04511805623769761 0.025833724066615105
v -0.003142619505524636 -0.04599367082118989 0.02486872486770153
v 1.0411275752630902e-06 -0.04629530012607575 0.024606166407465935
v 1.0411275752630902e-06 -0.04629530012607575 0.024606166407465935
v -0.003142619505524636 -0.04599367082118989 0.02486872486770153
v -0.0019479562761262064 -0.04701342061161996 0.023704765364527702
v 1.0411275752630902e-06 -0.04629530012607575 0.024606166407465935
v -0.0019479562761262064 -0.04701342061161996 0.023704765364527702
v -0.0006634240271523596 -0.047943308949470534 0.02245086245238781
v 1.398755443915434e-06 -0.042074445635080344 0.027922092005610466
v -0.0023779217153787617 -0.042565319687128074 0.027648506686091423
v -0.0015223716618493204 -0.04392419010400773 0.026823578402400017
v -0.0015223716618493204 -0.04392419010400773 0.026823578402400017
v -0.0023779217153787617 -0.042565319687128074 0.027648506686091423
v -0.0042256247252225885 -0.04486225917935372 0.025921104475855827
v -0.0015223716618493204 -0.04392419010400773 0.026823578402400017
v -0.0042256247252225885 -0.04486225917935372 0.025921104475855827
v -0.003142619505524636 -0.04599367082118989 0.02486872486770153
v -0.003142619505524636 -0.04599367082118989 0.02486872486770153
v -0.0042256247252225885 -0.04486225917935372 0.025921104475855827
v -0.005654653534293176 -0.04674052074551583 0.023775039240717888
v -0.003142619505524636 -0.04599367082118989 0.02486872486770153
v -0.005654653534293176 -0.04674052074551583 0.023775039240717888
v -0.0019479562761262064 -0.04701342061161996 0.023704765364527702
v -0.0019479562761262064 -0.04701342061161996 0.023704765364527702
v -0.005654653534293176 -0.04674052074551583 0.023775039240717888
v -0.0031192656606435784 -0.04863396286964418 0.021300969645380974
v -0.0019479562761262064 -0.04701342061161996 0.023704765364527702
v -0.0031192656606435784 -0.04863396286964418 0.021300969645380974
v -0.0006634240271523596 -0.047943308949470534 0.02245086245238781
v -0.0006634240271523596 -0.047943308949470534 0.02245086245238781
v -0.0031192656606435784 -0.04863396286964418 0.021300969645380974
v 9.14467761958804e-07 -0.04922088980674745 0.020391223952174187
v -0.0006634240271523596 -0.047943308949470534 0.02245086245238781
v 9.14467761958804e-07 -0.04922088980674745 0.020391223952174187
v 8.399619559895657e-07 -0.04771392419934274 0.02278643660247326
v -0.009050337597727777 -0.03940000012516976 0.027024446055293083
v -0.010363211855292322 -0.03940000012516976 0.02654862217605114
v -0.008911667391657831 -0.04113987088203431 0.02690940909087658
v -0.008911667391657831 -0.04113987088203431 0.02690940909087658
v -0.010363211855292322 -0.03940000012516976 0.02654862217605114
v -0.011400682851672174 -0.041863705962896354 0.025792716071009636
v -0.008911667391657831 -0.04113987088203431 0.02690940909087658
v -0.011400682851672174 -0.041863705962896354 0.025792716071009636
v -0.01088017411530018 -0.04355761036276818 0.0253028254956007
v -0.01088017411530018 -0.04355761036276818 0.0253028254956007
v -0.011400682851672174 -0.041863705962896354 0.025792716071009636
v -0.013152109459042553 -0.044064361602067954 0.02396899275481701
v -0.01088017411530018 -0.04355761036276818 0.0253028254956007
v -0.013152109459042553 -0.044064361602067954 0.02396899275481701
v -0.01237495802342892 -0.04550162702798844 0.023222504183650017
v -0.01237495802342892 -0.04550162702798844 0.023222504183650017
v -0.013152109459042553 -0.044064361602067954 0.02396899275481701
v -0.014502504840493206 -0.04586399346590043 0.02174430899322033
v -0.01237495802342892 -0.04550162702798844 0.023222504183650017
v -0.014502504840493206 -0.04586399346590043 0.02174430899322033
v -0.013542743399739269 -0.04711864888668062 0.02081519179046154
v -0.013542743399739269 -0.04711864888668062 0.02081519179046154
v -0.014502504840493206 -0.04586399346590043 0.02174430899322033
v -0.015547541901469234 -0.047358263283967986 0.019214270636439323
v -0.013542743399739269 -0.04711864888668062 0.02081519179046154
v -0.015547541901469234 -0.047358263283967986 0.019214270636439323
v -0.014445131644606594 -0.048470269888639464 0.01814245991408825
v -0.014445131644606594 -0.048470269888639464 0.01814245991408825
v -0.015547541901469234 -0.047358263283967986 0.019214270636439323
v -0.016328008845448497 -0.04858796298503877 0.016419587656855583
v -0.014445131644606594 -0.048470269888639464 0.01814245991408825
v -0.016328008845448497 -0.04858796298503877 0.016419587656855583
v -0.015102548524737362 -0.049576915800571456 0.015224811621010303
v -0.015102548524737362 -0.049576915800571456 0.015224811621010303
v -0.016328008845448497 -0.04858796298503877 0.016419587656855583
v -0.01808487065136433 -0.048579644411802306 0.014570710249245167
v -0.015102548524737362 -0.049576915800571456 0.015224811621010303
v -0.01808487065136433 -0.048579644411802306 0.014570710249245167
v -0.01685784198343754 -0.04956702888011934 0.013374325819313526
v -0.01685784198343754 -0.04956702888011934 0.013374325819313526
v -0.01808487065136433 -0.048579644411802306 0.014570710249245167
v -0.01971838437020779 -0.04844797402620317 0.012598452158272266
v -0.01685784198343754 -0.04956702888011934 0.013374325819313526
v -0.01971838437020779 -0.04844797402620317 0.012598452158272266
v -0.0184896606951952 -0.0494336672127247 0.011400398798286915
v -0.0184896606951952 -0.0494336672127247 0.011400398798286915
v -0.01971838437020779 -0.04844797402620317 0.012598452158272266
v -0.02123069949448109 -0.048195101320743575 0.010505017824470997
v -0.0184896606951952 -0.0494336672127247 0.011400398798286915
v -0.02123069949448109 -0.048195101320743575 0.010505017824470997
v -0.020002940669655803 -0.049181759357452406 0.009307918138802052
v -0.020002940669655803 -0.049181759357452406 0.009307918138802052
v -0.02123069949448109 -0.048195101320743575 0.010505017824470997
v -0.022620907053351406 -0.04782013222575189 0.008289513178169727
v -0.020002940669655803 -0.049181759357452406 0.009307918138802052
v -0.022620907053351406 -0.04782013222575189 0.008289513178169727
v -0.021399641409516338 -0.04881327971816064 0.0070988512597978115
v -0.021399641409516338 -0.04881327971816064 0.0070988512597978115
v -0.022620907053351406 -0.04782013222575189 0.008289513178169727
v -0.023882864043116576 -0.04731690511107446 0.005945680197328329
v -0.021399641409516338 -0.04881327971816064 0.0070988512597978115
v -0.023882864043116576 -0.04731690511107446 0.005945680197328329
v -0.022677456960082058 -0.048325911164283766 0.004770932253450155
v -0.022677456960082058 -0.048325911164283766 0.004770932253450155
v -0.023882864043116576 -0.04731690511107446 0.005945680197328329
v -0.025003297254443176 -0.04667215049266816 0.0034603450912982225
v -0.022677456960082058 -0.048325911164283766 0.004770932253450155
v -0.025003297254443176 -0.04667215049266816 0.0034603450912982225
v -0.02382944710552693 -0.04771271720528604 0.0023171876091510057
v -0.028103383257985122 -0.04217390716075898 4.7428622451661795e-07
v -0.027931222692132003 -0.042687896639108665 2.954722901904461e-07
v -0.027967033907771117 -0.042559284716844566 0.0009541485924273729
v -0.027967033907771117 -0.042559284716844566 0.0009541485924273729
v -0.027931222692132003 -0.042687896639108665 2.954722901904461e-07
v -0.027668690308928497 -0.04314353317022324 0.002458689035847783
v -0.027967033907771117 -0.042559284716844566 0.0009541485924273729
v -0.027668690308928497 -0.04314353317022324 0.002458689035847783
v -0.028163978829979903 -0.04142440110445023 0.002923307241871953
v -0.028163978829979903 -0.04142440110445023 0.002923307241871953
v -0.027668690308928497 -0.04314353317022324 0.002458689035847783
v -0.026855746284127242 -0.044095773249864585 0.00525152450427413
v -0.028163978829979903 -0.04142440110445023 0.002923307241871953
v -0.026855746284127242 -0.044095773249864585 0.00525152450427413
v -0.027455309405922897 -0.04248091951012612 0.005820450838655233
v -0.027455309405922897 -0.04248091951012612 0.005820450838655233
v -0.026855746284127242 -0.044095773249864585 0.00525152450427413
v -0.025818625465035445 -0.044823832809925086 0.007820126600563526
v -0.027455309405922897 -0.04248091951012612 0.005820450838655233
v -0.025818625465035445 -0.044823832809925086 0.007820126600563526
v -0.026484271511435516 -0.04327506199479104 0.008455154486000538
v -0.026484271511435516 -0.04327506199479104 0.008455154486000538
v -0.025818625465035445 -0.044823832809925086 0.007820126600563526
v -0.02460573799908162 -0.045376129448413856 0.010213014669716358
v -0.026484271511435516 -0.04327506199479104 0.008455154486000538
v -0.02460573799908162 -0.045376129448413856 0.010213014669716358
v -0.025315014645457275 -0.04387098923325539 0.01089161355048418
v -0.025315014645457275 -0.04387098923325539 0.01089161355048418
v -0.02460573799908162 -0.045376129448413856 0.010213014669716358
v -0.02324464358389378 -0.04578021913766862 0.012457665987312794
v -0.025315014645457275 -0.04387098923325539 0.01089161355048418
v -0.02324464358389378 -0.04578021913766862 0.012457665987312794
v -0.023982511833310134 -0.04430367052555085 0.013164875097572803
v -0.023982511833310134 -0.04430367052555085 0.013164875097572803
v -0.02324464358389378 -0.04578021913766862 0.012457665987312794
v -0.02174913324415684 -0.046049889177083976 0.014567908830940723
v -0.023982511833310134 -0.04430367052555085 0.013164875097572803
v -0.02174913324415684 -0.046049889177083976 0.014567908830940723
v -0.022505672648549083 -0.0445920117199421 0.015293833799660206
v -0.022505672648549083 -0.0445920117199421 0.015293833799660206
v -0.02174913324415684 -0.046049889177083976 0.014567908830940723
v -0.02012579701840878 -0.04619173705577851 0.01655036024749279
v -0.022505672648549083 -0.0445920117199421 0.015293833799660206
v -0.02012579701840878 -0.04619173705577851 0.01655036024749279
v -0.020894335582852367 -0.04474585875868798 0.01728820614516735
v -0.020894335582852367 -0.04474585875868798 0.01728820614516735
v -0.02012579701840878 -0.04619173705577851 0.01655036024749279
v -0.01837686635553837 -0.0462079904973507 0.01840716414153576
v -0.020894335582852367 -0.04474585875868798 0.01728820614516735
v -0.01837686635553837 -0.0462079904973507 0.01840716414153576
v -0.01915300823748112 -0.04476971179246903 0.01915263943374157
v -0.01915300823748112 -0.04476971179246903 0.01915263943374157
v -0.01837686635553837 -0.0462079904973507 0.01840716414153576
v -0.017283095046877864 -0.04466498270630837 0.02088850550353527
v -0.01915300823748112 -0.04476971179246903 0.01915263943374157
v -0.017283095046877864 -0.04466498270630837 0.02088850550353527
v -0.017860958352684978 -0.04302842915058137 0.021435676142573357
v -0.017860958352684978 -0.04302842915058137 0.021435676142573357
v -0.017283095046877864 -0.04466498270630837 0.02088850550353527
v -0.015855314210057262 -0.04278796911239625 0.023035822436213493
v -0.017860958352684978 -0.04302842915058137 0.021435676142573357
v -0.015855314210057262 -0.04278796911239625 0.023035822436213493
v -0.016188891604542736 -0.0409071296453476 0.02333873324096203
v -0.016188891604542736 -0.0409071296453476 0.02333873324096203
v -0.015855314210057262 -0.04278796911239625 0.023035822436213493
v -0.014005945995450023 -0.040489368140697486 0.024761555716395378
v -0.011930679902434353 -0.03940000012516976 0.025882063433527946
v -0.014052430167794231 -0.03940000012516976 0.02479409985244274
v -0.014005945995450023 -0.040489368140697486 0.024761555716395378
v -0.014005945995450023 -0.040489368140697486 0.024761555716395378
v -0.014052430167794231 -0.03940000012516976 0.02479409985244274
v -0.01720022223889828 -0.03940000012516976 0.022723613306879997
v -0.014005945995450023 -0.040489368140697486 0.024761555716395378
v -0.01720022223889828 -0.03940000012516976 0.022723613306879997
v -0.016188891604542736 -0.0409071296453476 0.02333873324096203
v -0.016188891604542736 -0.0409071296453476 0.02333873324096203
v -0.01720022223889828 -0.03940000012516976 0.022723613306879997
v -0.0182111281901598 -0.04116418212652207 0.021755216643214226
v -0.016188891604542736 -0.0409071296453476 0.02333873324096203
v -0.0182111281901598 -0.04116418212652207 0.021755216643214226
v -0.017860958352684978 -0.04302842915058137 0.021435676142573357
v -0.017860958352684978 -0.04302842915058137 0.021435676142573357
v -0.0182111281901598 -0.04116418212652207 0.021755216643214226
v -0.019729433581233028 -0.04313172399997712 0.01969843916594982
v -0.017860958352684978 -0.04302842915058137 0.021435676142573357
v -0.019729433581233028 -0.04313172399997712 0.01969843916594982
v -0.01915300823748112 -0.04476971179246903 0.01915263943374157
v -0.01915300823748112 -0.04476971179246903 0.01915263943374157
v -0.019729433581233028 -0.04313172399997712 0.01969843916594982
v -0.021462263539433483 -0.04309936985373498 0.017825482413172722
v -0.01915300823748112 -0.04476971179246903 0.01915263943374157
v -0.021462263539433483 -0.04309936985373498 0.017825482413172722
v -0.020894335582852367 -0.04474585875868798 0.01728820614516735
v -0.020894335582852367 -0.04474585875868798 0.01728820614516735
v -0.021462263539433483 -0.04309936985373498 0.017825482413172722
v -0.023057090118527416 -0.042929012328386314 0.01581460051238537
v -0.020894335582852367 -0.04474585875868798 0.01728820614516735
v -0.023057090118527416 -0.042929012328386314 0.01581460051238537
v -0.022505672648549083 -0.0445920117199421 0.015293833799660206
v -0.022505672648549083 -0.0445920117199421 0.015293833799660206
v -0.023057090118527416 -0.042929012328386314 0.01581460051238537
v -0.02450689114630223 -0.04261362925171853 0.01365863997489214
v -0.022505672648549083 -0.0445920117199421 0.015293833799660206
v -0.02450689114630223 -0.04261362925171853 0.01365863997489214
v -0.023982511833310134 -0.04430367052555085 0.013164875097572803
v -0.023982511833310134 -0.04430367052555085 0.013164875097572803
v -0.02450689114630223 -0.04261362925171853 0.01365863997489214
v -0.025797603651881225 -0.042139161378145225 0.011343595571815968
v -0.023982511833310134 -0.04430367052555085 0.013164875097572803
v -0.025797603651881225 -0.042139161378145225 0.011343595571815968
v -0.025315014645457275 -0.04387098923325539 0.01089161355048418
v -0.025315014645457275 -0.04387098923325539 0.01089161355048418
v -0.025797603651881225 -0.042139161378145225 0.011343595571815968
v -0.026903329417109496 -0.0414797030389309 0.008843538351356983
v -0.025315014645457275 -0.04387098923325539 0.01089161355048418
v -0.026903329417109496 -0.0414797030389309 0.008843538351356983
v -0.026484271511435516 -0.04327506199479104 0.008455154486000538
v -0.026484271511435516 -0.04327506199479104 0.008455154486000538
v -0.026903329417109496 -0.0414797030389309 0.008843538351356983
v -0.027777979150414474 -0.04058917239308358 0.006112453993409872
v -0.026484271511435516 -0.04327506199479104 0.008455154486000538
v -0.027777979150414474 -0.04058917239308358 0.006112453993409872
v -0.027455309405922897 -0.04248091951012612 0.005820450838655233
v -0.027455309405922897 -0.04248091951012612 0.005820450838655233
v -0.027777979150414474 -0.04058917239308358 0.006112453993409872
v -0.02829821966588498 -0.03940000012516976 0.0033759449142962694
v -0.027455309405922897 -0.04248091951012612 0.005820450838655233
v -0.02829821966588498 -0.03940000012516976 0.0033759449142962694
v -0.028163978829979903 -0.04142440110445023 0.002923307241871953
v -0.028163978829979903 -0.04142440110445023 0.002923307241871953
v -0.02829821966588498 -0.03940000012516976 0.0033759449142962694
v -0.02833372168242932 -0.03940000012516976 0.0030637357849627733
v -0.028163978829979903 -0.04142440110445023 0.002923307241871953
v -0.02833372168242932 -0.03940000012516976 0.0030637357849627733
v -0.02844944410026074 -0.03940000012516976 0.0016778085846453905
v -0.011653339490294458 -0.03940000012516976 0.026008127257227898
v -0.011930679902434353 -0.03940000012516976 0.025882063433527946
v -0.011640628799796106 -0.03988923504948617 0.026001987978816032
v -0.011640628799796106 -0.03988923504948617 0.026001987978816032
v -0.011930679902434353 -0.03940000012516976 0.025882063433527946
v -0.014005945995450023 -0.040489368140697486 0.024761555716395378
v -0.011640628799796106 -0.03988923504948617 0.026001987978816032
v -0.014005945995450023 -0.040489368140697486 0.024761555716395378
v -0.013706376776099208 -0.04240421578288079 0.024492619559168816
v -0.013706376776099208 -0.04240421578288079 0.024492619559168816
v -0.014005945995450023 -0.040489368140697486 0.024761555716395378
v -0.015855314210057262 -0.04278796911239625 0.023035822436213493
v -0.013706376776099208 -0.04240421578288079 0.024492619559168816
v -0.015855314210057262 -0.04278796911239625 0.023035822436213493
v -0.015283891931176189 -0.04443096369504929 0.022495029494166374
v -0.015283891931176189 -0.04443096369504929 0.022495029494166374
v -0.015855314210057262 -0.04278796911239625 0.023035822436213493
v -0.017283095046877864 -0.04466498270630837 0.02088850550353527
v -0.015283891931176189 -0.04443096369504929 0.022495029494166374
v -0.017283095046877864 -0.04466498270630837 0.02088850550353527
v -0.016502620652318004 -0.04609892517328263 0.020138679072260857
v -0.016502620652318004 -0.04609892517328263 0.020138679072260857
v -0.017283095046877864 -0.04466498270630837 0.02088850550353527
v -0.01837686635553837 -0.0462079904973507 0.01840716414153576
v -0.016502620652318004 -0.04609892517328263 0.020138679072260857
v -0.01837686635553837 -0.0462079904973507 0.01840716414153576
v -0.017426813021302227 -0.04747235029935838 0.01748776249587536
v -0.017426813021302227 -0.04747235029935838 0.01748776249587536
v -0.01837686635553837 -0.0462079904973507 0.01840716414153576
v -0.02012579701840878 -0.04619173705577851 0.01655036024749279
v -0.017426813021302227 -0.04747235029935838 0.01748776249587536
v -0.02012579701840878 -0.04619173705577851 0.01655036024749279
v -0.019181268289685253 -0.04746162518858911 0.015636442229151726
v -0.019181268289685253 -0.04746162518858911 0.015636442229151726
v -0.02012579701840878 -0.04619173705577851 0.01655036024749279
v -0.02174913324415684 -0.046049889177083976 0.014567908830940723
v -0.019181268289685253 -0.04746162518858911 0.015636442229151726
v -0.02174913324415684 -0.046049889177083976 0.014567908830940723
v -0.020811991766095165 -0.047327164560556426 0.013661441393196583
v -0.020811991766095165 -0.047327164560556426 0.013661441393196583
v -0.02174913324415684 -0.046049889177083976 0.014567908830940723
v -0.02324464358389378 -0.04578021913766862 0.012457665987312794
v -0.020811991766095165 -0.047327164560556426 0.013661441393196583
v -0.02324464358389378 -0.04578021913766862 0.012457665987312794
v -0.022318815812468532 -0.047068804502487196 0.011562523432075977
v -0.022318815812468532 -0.047068804502487196 0.011562523432075977
v -0.02324464358389378 -0.04578021913766862 0.012457665987312794
v -0.02460573799908162 -0.045376129448413856 0.010213014669716358
v -0.022318815812468532 -0.047068804502487196 0.011562523432075977
v -0.02460573799908162 -0.045376129448413856 0.010213014669716358
v -0.02369808219373227 -0.046682890504598624 0.00933599192649126
v -0.02369808219373227 -0.046682890504598624 0.00933599192649126
v -0.02460573799908162 -0.045376129448413856 0.010213014669716358
v -0.025818625465035445 -0.044823832809925086 0.007820126600563526
v -0.02369808219373227 -0.046682890504598624 0.00933599192649126
v -0.025818625465035445 -0.044823832809925086 0.007820126600563526
v -0.02493973635137082 -0.04615936055779458 0.0069718933664262295
v -0.02493973635137082 -0.04615936055779458 0.0069718933664262295
v -0.025818625465035445 -0.044823832809925086 0.007820126600563526
v -0.026855746284127242 -0.044095773249864585 0.00525152450427413
v -0.02493973635137082 -0.04615936055779458 0.0069718933664262295
v -0.026855746284127242 -0.044095773249864585 0.00525152450427413
v -0.02602344937622548 -0.04547788947820664 0.004449842032045126
v -0.02602344937622548 -0.04547788947820664 0.004449842032045126
v -0.026855746284127242 -0.044095773249864585 0.00525152450427413
v -0.027668690308928497 -0.04314353317022324 0.002458689035847783
v -0.02602344937622548 -0.04547788947820664 0.004449842032045126
v -0.027668690308928497 -0.04314353317022324 0.002458689035847783
v -0.026915522292256362 -0.04460477828979493 0.001736161531880498
v -0.026915522292256362 -0.04460477828979493 0.001736161531880498
v -0.027668690308928497 -0.04314353317022324 0.002458689035847783
v -0.027561133727431304 -0.043549049645662315 -2.5509288015257425e-09
v -0.026915522292256362 -0.04460477828979493 0.001736161531880498
v -0.027561133727431304 -0.043549049645662315 -2.5509288015257425e-09
v -0.02721280418336392 -0.04419098794460297 -2.5509288015257425e-09
v -0.026915522292256362 -0.04460477828979493 0.001736161531880498
v -0.025003297254443176 -0.04667215049266816 0.0034603450912982225
v -0.02602344937622548 -0.04547788947820664 0.004449842032045126
v -0.02602344937622548 -0.04547788947820664 0.004449842032045126
v -0.025003297254443176 -0.04667215049266816 0.0034603450912982225
v -0.023882864043116576 -0.04731690511107446 0.005945680197328329
v -0.02602344937622548 -0.04547788947820664 0.004449842032045126
v -0.023882864043116576 -0.04731690511107446 0.005945680197328329
v -0.02493973635137082 -0.04615936055779458 0.0069718933664262295
v -0.02493973635137082 -0.04615936055779458 0.0069718933664262295
v -0.023882864043116576 -0.04731690511107446 0.005945680197328329
v -0.022620907053351406 -0.04782013222575189 0.008289513178169727
v -0.02493973635137082 -0.04615936055779458 0.0069718933664262295
v -0.022620907053351406 -0.04782013222575189 0.008289513178169727
v -0.02369808219373227 -0.046682890504598624 0.00933599192649126
v -0.02369808219373227 -0.046682890504598624 0.00933599192649126
v -0.022620907053351406 -0.04782013222575189 0.008289513178169727
v -0.02123069949448109 -0.048195101320743575 0.010505017824470997
v -0.02369808219373227 -0.046682890504598624 0.00933599192649126
v -0.02123069949448109 -0.048195101320743575 0.010505017824470997
v -0.022318815812468532 -0.047068804502487196 0.011562523432075977
v -0.022318815812468532 -0.047068804502487196 0.011562523432075977
v -0.02123069949448109 -0.048195101320743575 0.010505017824470997
v -0.01971838437020779 -0.04844797402620317 0.012598452158272266
v -0.022318815812468532 -0.047068804502487196 0.011562523432075977
v -0.01971838437020779 -0.04844797402620317 0.012598452158272266
v -0.020811991766095165 -0.047327164560556426 0.013661441393196583
v -0.020811991766095165 -0.047327164560556426 0.013661441393196583
v -0.01971838437020779 -0.04844797402620317 0.012598452158272266
v -0.01808487065136433 -0.048579644411802306 0.014570710249245167
v -0.020811991766095165 -0.047327164560556426 0.013661441393196583
v -0.01808487065136433 -0.048579644411802306 0.014570710249245167
v -0.019181268289685253 -0.04746162518858911 0.015636442229151726
v -0.019181268289685253 -0.04746162518858911 0.015636442229151726
v -0.01808487065136433 -0.048579644411802306 0.014570710249245167
v -0.016328008845448497 -0.04858796298503877 0.016419587656855583
v -0.019181268289685253 -0.04746162518858911 0.015636442229151726
v -0.016328008845448497 -0.04858796298503877 0.016419587656855583
v -0.017426813021302227 -0.04747235029935838 0.01748776249587536
v -0.017426813021302227 -0.04747235029935838 0.01748776249587536
v -0.016328008845448497 -0.04858796298503877 0.016419587656855583
v -0.015547541901469234 -0.047358263283967986 0.019214270636439323
v -0.017426813021302227 -0.04747235029935838 0.01748776249587536
v -0.015547541901469234 -0.047358263283967986 0.019214270636439323
v -0.016502620652318004 -0.04609892517328263 0.020138679072260857
v -0.016502620652318004 -0.04609892517328263 0.020138679072260857
v -0.015547541901469234 -0.047358263283967986 0.019214270636439323
v -0.014502504840493206 -0.04586399346590043 0.02174430899322033
v -0.016502620652318004 -0.04609892517328263 0.020138679072260857
v -0.014502504840493206 -0.04586399346590043 0.02174430899322033
v -0.015283891931176189 -0.04443096369504929 0.022495029494166374
v -0.015283891931176189 -0.04443096369504929 0.022495029494166374
v -0.014502504840493206 -0.04586399346590043 0.02174430899322033
v -0.013152109459042553 -0.044064361602067954 0.02396899275481701
v -0.015283891931176189 -0.04443096369504929 0.022495029494166374
v -0.013152109459042553 -0.044064361602067954 0.02396899275481701
v -0.013706376776099208 -0.04240421578288079 0.024492619559168816
v -0.013706376776099208 -0.04240421578288079 0.024492619559168816
v -0.013152109459042553 -0.044064361602067954 0.02396899275481701
v -0.011400682851672174 -0.041863705962896354 0.025792716071009636
v -0.013706376776099208 -0.04240421578288079 0.024492619559168816
v -0.011400682851672174 -0.041863705962896354 0.025792716071009636
v -0.011640628799796106 -0.03988923504948617 0.026001987978816032
v -0.011640628799796106 -0.03988923504948617 0.026001987978816032
v -0.011400682851672174 -0.041863705962896354 0.025792716071009636
v -0.010363211855292322 -0.03940000012516976 0.02654862217605114
v -0.011640628799796106 -0.03988923504948617 0.026001987978816032
v -0.010363211855292322 -0.03940000012516976 0.02654862217605114
v -0.011653339490294458 -0.03940000012516976 0.026008127257227898
v -0.013767933472990993 -0.050456721335649504 0.013920840807259083
v -0.011887924745678905 -0.050341892987489714 0.015646575018763542
v -0.013219101354479793 -0.049458652734756484 0.01694708876311779
v -0.013219101354479793 -0.049458652734756484 0.01694708876311779
v -0.011887924745678905 -0.050341892987489714 0.015646575018763542
v -0.01120627857744694 -0.04921101406216623 0.018540022894740105
v -0.013219101354479793 -0.049458652734756484 0.01694708876311779
v -0.01120627857744694 -0.04921101406216623 0.018540022894740105
v -0.012435277923941616 -0.048225596547126784 0.019738374277949333
v -0.012435277923941616 -0.048225596547126784 0.019738374277949333
v -0.01120627857744694 -0.04921101406216623 0.018540022894740105
v -0.01029949449002743 -0.047854997217655196 0.021208344027400017
v -0.012435277923941616 -0.048225596547126784 0.019738374277949333
v -0.01029949449002743 -0.047854997217655196 0.021208344027400017
v -0.01141205243766308 -0.04675313830375672 0.022290287539362907
v -0.01141205243766308 -0.04675313830375672 0.022290287539362907
v -0.01029949449002743 -0.047854997217655196 0.021208344027400017
v -0.00915397144854069 -0.04626023769378663 0.02363794855773449
v -0.01141205243766308 -0.04675313830375672 0.022290287539362907
v -0.00915397144854069 -0.04626023769378663 0.02363794855773449
v -0.010115874931216242 -0.04500772804021836 0.024569211527705193
v -0.010115874931216242 -0.04500772804021836 0.024569211527705193
v -0.00915397144854069 -0.04626023769378663 0.02363794855773449
v -0.00771523453295231 -0.04437226802110673 0.02577429823577404
v -0.010115874931216242 -0.04500772804021836 0.024569211527705193
v -0.00771523453295231 -0.04437226802110673 0.02577429823577404
v -0.008452082052826883 -0.04289470240473748 0.02648049406707287
v -0.008452082052826883 -0.04289470240473748 0.02648049406707287
v -0.00771523453295231 -0.04437226802110673 0.02577429823577404
v -0.005834655836224557 -0.04204245656728745 0.027468858286738396
v -0.011887924745678905 -0.050341892987489714 0.015646575018763542
v -0.00987544469535351 -0.05009459704160692 0.01723986677825451
v -0.01120627857744694 -0.04921101406216623 0.018540022894740105
v -0.01120627857744694 -0.04921101406216623 0.018540022894740105
v -0.00987544469535351 -0.05009459704160692 0.01723986677825451
v -0.007736293599009516 -0.04972063004970552 0.018706439062952995
v -0.01120627857744694 -0.04921101406216623 0.018540022894740105
v -0.007736293599009516 -0.04972063004970552 0.018706439062952995
v -0.01029949449002743 -0.047854997217655196 0.021208344027400017
v -0.01029949449002743 -0.047854997217655196 0.021208344027400017
v -0.007736293599009516 -0.04972063004970552 0.018706439062952995
v -0.008039368316531183 -0.047360055148601546 0.022553978487849236
v -0.01029949449002743 -0.047854997217655196 0.021208344027400017
v -0.008039368316531183 -0.047360055148601546 0.022553978487849236
v -0.00915397144854069 -0.04626023769378663 0.02363794855773449
v -0.00915397144854069 -0.04626023769378663 0.02363794855773449
v -0.008039368316531183 -0.047360055148601546 0.022553978487849236
v -0.0067628752440214174 -0.04563432559370995 0.0248525720089674
v -0.00915397144854069 -0.04626023769378663 0.02363794855773449
v -0.0067628752440214174 -0.04563432559370995 0.0248525720089674
v -0.00771523453295231 -0.04437226802110673 0.02577429823577404
v -0.00771523453295231 -0.04437226802110673 0.02577429823577404
v -0.0067628752440214174 -0.04563432559370995 0.0248525720089674
v -0.005150819197297097 -0.04357303678989411 0.02681565098464489
v -0.00771523453295231 -0.04437226802110673 0.02577429823577404
v -0.005150819197297097 -0.04357303678989411 0.02681565098464489
v -0.005834655836224557 -0.04204245656728745 0.027468858286738396
v -0.005834655836224557 -0.04204245656728745 0.027468858286738396
v -0.005150819197297097 -0.04357303678989411 0.02681565098464489
v -0.0023779217153787617 -0.042565319687128074 0.027648506686091423
v -0.005834655836224557 -0.04204245656728745 0.027468858286738396
v -0.0023779217153787617 -0.042565319687128074 0.027648506686091423
v -0.002713898196816445 -0.0417940877377987 0.02796912007033825
v -0.002713898196816445 -0.0417940877377987 0.02796912007033825
v -0.0023779217153787617 -0.042565319687128074 0.027648506686091423
v 1.5254153140631392e-06 -0.040843810886144645 0.02833235077559948
v -0.002713898196816445 -0.0417940877377987 0.02796912007033825
v 1.5254153140631392e-06 -0.040843810886144645 0.02833235077559948
v -0.001378404092974961 -0.04023398086428643 0.028421221300959587
v -0.001378404092974961 -0.04023398086428643 0.028421221300959587
v 1.5254153140631392e-06 -0.040843810886144645 0.02833235077559948
v 1.1230839618292523e-06 -0.03940000012516976 0.02850007824599743
v -0.001378404092974961 -0.04023398086428643 0.028421221300959587
v 1.1230839618292523e-06 -0.03940000012516976 0.02850007824599743
v -0.0014314969303086402 -0.03940000012516976 0.028463957831263542
v -0.0021718386560678486 -0.03940000012516976 0.02841704897582531
v -0.0030901934951543817 -0.039955969899892814 0.02831476740539074
v -0.002958165481686593 -0.04093115404248238 0.0281981211155653
v -0.002958165481686593 -0.04093115404248238 0.0281981211155653
v -0.0030901934951543817 -0.039955969899892814 0.02831476740539074
v -0.0060558337718248385 -0.04115642607212067 0.02767467312514782
v -0.002958165481686593 -0.04093115404248238 0.0281981211155653
v -0.0060558337718248385 -0.04115642607212067 0.02767467312514782
v -0.005834655836224557 -0.04204245656728745 0.027468858286738396
v -0.005834655836224557 -0.04204245656728745 0.027468858286738396
v -0.0060558337718248385 -0.04115642607212067 0.02767467312514782
v -0.008911667391657831 -0.04113987088203431 0.02690940909087658
v -0.005834655836224557 -0.04204245656728745 0.027468858286738396
v -0.008911667391657831 -0.04113987088203431 0.02690940909087658
v -0.008452082052826883 -0.04289470240473748 0.02648049406707287
v -0.008452082052826883 -0.04289470240473748 0.02648049406707287
v -0.008911667391657831 -0.04113987088203431 0.02690940909087658
v -0.01088017411530018 -0.04355761036276818 0.0253028254956007
v -0.008452082052826883 -0.04289470240473748 0.02648049406707287
v -0.01088017411530018 -0.04355761036276818 0.0253028254956007
v -0.010115874931216242 -0.04500772804021836 0.024569211527705193
v -0.010115874931216242 -0.04500772804021836 0.024569211527705193
v -0.01088017411530018 -0.04355761036276818 0.0253028254956007
v -0.01237495802342892 -0.04550162702798844 0.023222504183650017
v -0.010115874931216242 -0.04500772804021836 0.024569211527705193
v -0.01237495802342892 -0.04550162702798844 0.023222504183650017
v -0.01141205243766308 -0.04675313830375672 0.022290287539362907
v -0.01141205243766308 -0.04675313830375672 0.022290287539362907
v -0.01237495802342892 -0.04550162702798844 0.023222504183650017
v -0.013542743399739269 -0.04711864888668062 0.02081519179046154
v -0.01141205243766308 -0.04675313830375672 0.022290287539362907
v -0.013542743399739269 -0.04711864888668062 0.02081519179046154
v -0.012435277923941616 -0.048225596547126784 0.019738374277949333
v -0.012435277923941616 -0.048225596547126784 0.019738374277949333
v -0.013542743399739269 -0.04711864888668062 0.02081519179046154
v -0.014445131644606594 -0.048470269888639464 0.01814245991408825
v -0.012435277923941616 -0.048225596547126784 0.019738374277949333
v -0.014445131644606594 -0.048470269888639464 0.01814245991408825
v -0.013219101354479793 -0.049458652734756484 0.01694708876311779
v -0.013219101354479793 -0.049458652734756484 0.01694708876311779
v -0.014445131644606594 -0.048470269888639464 0.01814245991408825
v -0.015102548524737362 -0.049576915800571456 0.015224811621010303
v -0.013219101354479793 -0.049458652734756484 0.01694708876311779
v -0.015102548524737362 -0.049576915800571456 0.015224811621010303
v -0.013767933472990993 -0.050456721335649504 0.013920840807259083
v -0.013767933472990993 -0.050456721335649504 0.013920840807259083
v -0.015102548524737362 -0.049576915800571456 0.015224811621010303
v -0.01685784198343754 -0.04956702888011934 0.013374325819313526
v -0.013767933472990993 -0.050456721335649504 0.013920840807259083
v -0.01685784198343754 -0.04956702888011934 0.013374325819313526
v -0.015517076477408413 -0.05044068023562433 0.01206421572715044
v -0.015517076477408413 -0.05044068023562433 0.01206421572715044
v -0.01685784198343754 -0.04956702888011934 0.013374325819313526
v -0.0184896606951952 -0.0494336672127247 0.011400398798286915
v -0.015517076477408413 -0.05044068023562433 0.01206421572715044
v -0.0184896606951952 -0.0494336672127247 0.011400398798286915
v -0.017142890021204952 -0.05030130967497827 0.010084268637001514
v -0.017142890021204952 -0.05030130967497827 0.010084268637001514
v -0.0184896606951952 -0.0494336672127247 0.011400398798286915
v -0.020002940669655803 -0.049181759357452406 0.009307918138802052
v -0.017142890021204952 -0.05030130967497827 0.010084268637001514
v -0.020002940669655803 -0.049181759357452406 0.009307918138802052
v -0.018653603270649913 -0.050046842545270934 0.00798922497779131
v -0.018653603270649913 -0.050046842545270934 0.00798922497779131
v -0.020002940669655803 -0.049181759357452406 0.009307918138802052
v -0.021399641409516338 -0.04881327971816064 0.0070988512597978115
v -0.018653603270649913 -0.050046842545270934 0.00798922497779131
v -0.021399641409516338 -0.04881327971816064 0.0070988512597978115
v -0.020054260268807415 -0.04968231543898584 0.0057841516099870205
v -0.020054260268807415 -0.04968231543898584 0.0057841516099870205
v -0.021399641409516338 -0.04881327971816064 0.0070988512597978115
v -0.022677456960082058 -0.048325911164283766 0.004770932253450155
v -0.020054260268807415 -0.04968231543898584 0.0057841516099870205
v -0.022677456960082058 -0.048325911164283766 0.004770932253450155
v -0.0213457215577364 -0.04920859262347223 0.003469881834462285
v -0.0213457215577364 -0.04920859262347223 0.003469881834462285
v -0.022677456960082058 -0.048325911164283766 0.004770932253450155
v -0.02382944710552693 -0.04771271720528604 0.0023171876091510057
v -0.0213457215577364 -0.04920859262347223 0.003469881834462285
v -0.02382944710552693 -0.04771271720528604 0.0023171876091510057
v -0.022526038810610775 -0.048623725771904006 0.0010443900246173143
v 1.249743945663795e-06 -0.05287534371018411 0.011112925596535206
v 1.0113252528753949e-06 -0.051870241761207594 0.014488992281258106
v -0.0015942548634484415 -0.052436251193285 0.012687024660408497
v -0.0015942548634484415 -0.052436251193285 0.012687024660408497
v 1.0113252528753949e-06 -0.051870241761207594 0.014488992281258106
v -0.004823448136448861 -0.051236614584922804 0.015854952856898308
v -0.0015942548634484415 -0.052436251193285 0.012687024660408497
v -0.004823448136448861 -0.051236614584922804 0.015854952856898308
v -0.00369924120604992 -0.052776057273149504 0.011186239309608936
v -0.00369924120604992 -0.052776057273149504 0.011186239309608936
v -0.004823448136448861 -0.051236614584922804 0.015854952856898308
v -0.00695295073091984 -0.051600933074951186 0.014378664083778858
v -0.00369924120604992 -0.052776057273149504 0.011186239309608936
v -0.00695295073091984 -0.051600933074951186 0.014378664083778858
v -0.005678342655301095 -0.05298997461795808 0.009559628553688526
v -0.005678342655301095 -0.05298997461795808 0.009559628553688526
v -0.00695295073091984 -0.051600933074951186 0.014378664083778858
v -0.00895444117486477 -0.05183724313974382 0.01277440506964922
v -0.005678342655301095 -0.05298997461795808 0.009559628553688526
v -0.00895444117486477 -0.05183724313974382 0.01277440506964922
v -0.007504904642701151 -0.05305135250091554 0.007780430372804403
v -0.007504904642701151 -0.05305135250091554 0.007780430372804403
v -0.00895444117486477 -0.05183724313974382 0.01277440506964922
v -0.010814784094691278 -0.05193240195512773 0.011029002256691456
v -0.007504904642701151 -0.05305135250091554 0.007780430372804403
v -0.010814784094691278 -0.05193240195512773 0.011029002256691456
v -0.009188147261738779 -0.05296941474080087 0.005857882555574179
v -0.009188147261738779 -0.05296941474080087 0.005857882555574179
v -0.010814784094691278 -0.05193240195512773 0.011029002256691456
v -0.012537771835923198 -0.05189020559191705 0.009146210737526417
v -0.009188147261738779 -0.05296941474080087 0.005857882555574179
v -0.012537771835923198 -0.05189020559191705 0.009146210737526417
v -0.010764302685856821 -0.052780389785766615 0.003828284563496709
v -0.010764302685856821 -0.052780389785766615 0.003828284563496709
v -0.012537771835923198 -0.05189020559191705 0.009146210737526417
v -0.014140265062451366 -0.05172751843929292 0.007142958696931601
v -0.010764302685856821 -0.052780389785766615 0.003828284563496709
v -0.014140265062451366 -0.05172751843929292 0.007142958696931601
v -0.015639232471585277 -0.051461301743984236 0.0050361729227006435
v 1.1454358173068615e-06 -0.05390737205743791 0.004295942839235067
v 9.88973624771461e-07 -0.053552269935607924 0.007711587008088827
v -6.178962212288754e-05 -0.05356743931770326 0.007610139902681112
v -6.178962212288754e-05 -0.05356743931770326 0.007610139902681112
v 9.88973624771461e-07 -0.053552269935607924 0.007711587008088827
v -0.00369924120604992 -0.052776057273149504 0.011186239309608936
v -6.178962212288754e-05 -0.05356743931770326 0.007610139902681112
v -0.00369924120604992 -0.052776057273149504 0.011186239309608936
v -0.0020037908107042317 -0.05374425277113916 0.005946335848420858
v -0.0020037908107042317 -0.05374425277113916 0.005946335848420858
v -0.00369924120604992 -0.052776057273149504 0.011186239309608936
v -0.005678342655301095 -0.05298997461795808 0.009559628553688526
v -0.0020037908107042317 -0.05374425277113916 0.005946335848420858
v -0.005678342655301095 -0.05298997461795808 0.009559628553688526
v -0.0037972163408994683 -0.0537724979221821 0.004134056624025106
v -0.0037972163408994683 -0.0537724979221821 0.004134056624025106
v -0.005678342655301095 -0.05298997461795808 0.009559628553688526
v -0.007504904642701151 -0.05305135250091554 0.007780430372804403
v -0.0037972163408994683 -0.0537724979221821 0.004134056624025106
v -0.007504904642701151 -0.05305135250091554 0.007780430372804403
v -0.0054574739187955865 -0.05366757139563562 0.0021885607857257128
v -0.0054574739187955865 -0.05366757139563562 0.0021885607857257128
v -0.007504904642701151 -0.05305135250091554 0.007780430372804403
v -0.009188147261738779 -0.05296941474080087 0.005857882555574179
v -0.0054574739187955865 -0.05366757139563562 0.0021885607857257128
v -0.009188147261738779 -0.05296941474080087 0.005857882555574179
v -0.007040185853838922 -0.053485102951526656 0.0001655195519560948
v -0.007040185853838922 -0.053485102951526656 0.0001655195519560948
v -0.009188147261738779 -0.05296941474080087 0.005857882555574179
v -0.010764302685856821 -0.052780389785766615 0.003828284563496709
v -0.007040185853838922 -0.053485102951526656 0.0001655195519560948
v -0.010764302685856821 -0.052780389785766615 0.003828284563496709
v -0.011427221819758417 -0.05270924046635629 -2.5509288015257425e-09
v -0.011427221819758417 -0.05270924046635629 -2.5509288015257425e-09
v -0.010764302685856821 -0.052780389785766615 0.003828284563496709
v -0.012920768931508068 -0.05236328393220903 5.705371464159725e-08
v -0.02721280418336392 -0.04419098794460297 -2.5509288015257425e-09
v -0.026220059022307403 -0.04557756334543229 5.705371464159725e-08
v -0.026915522292256362 -0.04460477828979493 0.001736161531880498
v -0.026915522292256362 -0.04460477828979493 0.001736161531880498
v -0.026220059022307403 -0.04557756334543229 5.705371464159725e-08
v -0.025961065664887435 -0.04586473852396012 0.000812408747151494
v -0.026915522292256362 -0.04460477828979493 0.001736161531880498
v -0.025961065664887435 -0.04586473852396012 0.000812408747151494
v -0.025003297254443176 -0.04667215049266816 0.0034603450912982225
v -0.025003297254443176 -0.04667215049266816 0.0034603450912982225
v -0.025961065664887435 -0.04586473852396012 0.000812408747151494
v -0.024846816435456283 -0.046958170831203475 -2.5509288015257425e-09
v -0.025003297254443176 -0.04667215049266816 0.0034603450912982225
v -0.024846816435456283 -0.046958170831203475 -2.5509288015257425e-09
v -0.02382944710552693 -0.04771271720528604 0.0023171876091510057
v -0.02382944710552693 -0.04771271720528604 0.0023171876091510057
v -0.024846816435456283 -0.046958170831203475 -2.5509288015257425e-09
v -0.023010654374957088 -0.048328362405300154 -2.5509288015257425e-09
v -0.02382944710552693 -0.04771271720528604 0.0023171876091510057
v -0.023010654374957088 -0.048328362405300154 -2.5509288015257425e-09
v -0.022526038810610775 -0.048623725771904006 0.0010443900246173143
v -0.022526038810610775 -0.048623725771904006 0.0010443900246173143
v -0.023010654374957088 -0.048328362405300154 -2.5509288015257425e-09
v -0.020856311544775966 -0.04955397546291353 5.705371464159725e-08
v -0.022526038810610775 -0.048623725771904006 0.0010443900246173143
v -0.020856311544775966 -0.04955397546291353 5.705371464159725e-08
v -0.0213457215577364 -0.04920859262347223 0.003469881834462285
v -0.0213457215577364 -0.04920859262347223 0.003469881834462285
v -0.020856311544775966 -0.04955397546291353 5.705371464159725e-08
v -0.018364747986197475 -0.05065645277500154 0.0005502079147845507
v -0.0213457215577364 -0.04920859262347223 0.003469881834462285
v -0.018364747986197475 -0.05065645277500154 0.0005502079147845507
v -0.020054260268807415 -0.04968231543898584 0.0057841516099870205
v -0.020054260268807415 -0.04968231543898584 0.0057841516099870205
v -0.018364747986197475 -0.05065645277500154 0.0005502079147845507
v -0.017045320942997936 -0.0511022061109543 0.0028365228790789843
v -0.020054260268807415 -0.04968231543898584 0.0057841516099870205
v -0.017045320942997936 -0.0511022061109543 0.0028365228790789843
v -0.018653603270649913 -0.050046842545270934 0.00798922497779131
v -0.018653603270649913 -0.050046842545270934 0.00798922497779131
v -0.017045320942997936 -0.0511022061109543 0.0028365228790789843
v -0.015639232471585277 -0.051461301743984236 0.0050361729227006435
v -0.018653603270649913 -0.050046842545270934 0.00798922497779131
v -0.015639232471585277 -0.051461301743984236 0.0050361729227006435
v -0.017142890021204952 -0.05030130967497827 0.010084268637001514
v -0.017142890021204952 -0.05030130967497827 0.010084268637001514
v -0.015639232471585277 -0.051461301743984236 0.0050361729227006435
v -0.014140265062451366 -0.05172751843929292 0.007142958696931601
v -0.017142890021204952 -0.05030130967497827 0.010084268637001514
v -0.014140265062451366 -0.05172751843929292 0.007142958696931601
v -0.015517076477408413 -0.05044068023562433 0.01206421572715044
v -0.015517076477408413 -0.05044068023562433 0.01206421572715044
v -0.014140265062451366 -0.05172751843929292 0.007142958696931601
v -0.012537771835923198 -0.05189020559191705 0.009146210737526417
v -0.015517076477408413 -0.05044068023562433 0.01206421572715044
v -0.012537771835923198 -0.05189020559191705 0.009146210737526417
v -0.013767933472990993 -0.050456721335649504 0.013920840807259083
v -0.013767933472990993 -0.050456721335649504 0.013920840807259083
v -0.012537771835923198 -0.05189020559191705 0.009146210737526417
v -0.010814784094691278 -0.05193240195512773 0.011029002256691456
v -0.013767933472990993 -0.050456721335649504 0.013920840807259083
v -0.010814784094691278 -0.05193240195512773 0.011029002256691456
v -0.011887924745678905 -0.050341892987489714 0.015646575018763542
v -0.011887924745678905 -0.050341892987489714 0.015646575018763542
v -0.010814784094691278 -0.05193240195512773 0.011029002256691456
v -0.00895444117486477 -0.05183724313974382 0.01277440506964922
v -0.011887924745678905 -0.050341892987489714 0.015646575018763542
v -0.00895444117486477 -0.05183724313974382 0.01277440506964922
v -0.00987544469535351 -0.05009459704160692 0.01723986677825451
v -0.00987544469535351 -0.05009459704160692 0.01723986677825451
v -0.00895444117486477 -0.05183724313974382 0.01277440506964922
v -0.00695295073091984 -0.051600933074951186 0.014378664083778858
v -0.00987544469535351 -0.05009459704160692 0.01723986677825451
v -0.00695295073091984 -0.051600933074951186 0.014378664083778858
v -0.007736293599009516 -0.04972063004970552 0.018706439062952995
v -0.007736293599009516 -0.04972063004970552 0.018706439062952995
v -0.00695295073091984 -0.051600933074951186 0.014378664083778858
v -0.004823448136448861 -0.051236614584922804 0.015854952856898308
v -0.007736293599009516 -0.04972063004970552 0.018706439062952995
v -0.004823448136448861 -0.051236614584922804 0.015854952856898308
v -0.005480581894516946 -0.04923010244965555 0.020056484267115593
v -0.005480581894516946 -0.04923010244965555 0.020056484267115593
v -0.004823448136448861 -0.051236614584922804 0.015854952856898308
v -0.0025868955999612813 -0.05076524987816812 0.017224131152033806
v -0.005480581894516946 -0.04923010244965555 0.020056484267115593
v -0.0025868955999612813 -0.05076524987816812 0.017224131152033806
v -0.0031192656606435784 -0.04863396286964418 0.021300969645380974
v -0.0031192656606435784 -0.04863396286964418 0.021300969645380974
v -0.0025868955999612813 -0.05076524987816812 0.017224131152033806
v 1.1379851230231e-06 -0.050622820854187026 0.017618177458643913
v -0.0031192656606435784 -0.04863396286964418 0.021300969645380974
v 1.1379851230231e-06 -0.050622820854187026 0.017618177458643913
v 9.14467761958804e-07 -0.04922088980674745 0.020391223952174187
v -0.02291410602629185 -0.028722280636429794 -0.03197646513581276
v -0.022403659299016002 -0.027196271345019347 -0.03562301769852638
v -0.02248150669038296 -0.029711289331316955 -0.03370082750916481
v -0.0013601576210930946 -0.0470927804708481 -0.03242260590195656
v 1.1230839618292523e-06 -0.047095958143472685 -0.03242165222764015
v 1.48816241107852e-06 -0.04883053898811342 -0.028503062203526497
v 3.797842509811745e-06 -0.05390613898634912 -0.004292192403227091
v -0.0042154248803854 -0.05372250452637674 -0.004300894681364298
v -0.004214493557810784 -0.0534636825323105 -0.00850397627800703
v 3.797842509811745e-06 -0.05390613898634912 -0.004292192403227091
v -0.004214493557810784 -0.0534636825323105 -0.00850397627800703
v 5.13149643666111e-06 -0.05353252217173578 -0.009393992833793163
v 5.13149643666111e-06 -0.05353252217173578 -0.009393992833793163
v -0.004214493557810784 -0.0534636825323105 -0.00850397627800703
v -0.00425274856388569 -0.053004037588834776 -0.0126229552552104
v 5.13149643666111e-06 -0.05353252217173578 -0.009393992833793163
v -0.00425274856388569 -0.053004037588834776 -0.0126229552552104
v 5.168749339645729e-06 -0.05313237011432649 -0.012595715932548046
v 5.168749339645729e-06 -0.05313237011432649 -0.012595715932548046
v -0.00425274856388569 -0.053004037588834776 -0.0126229552552104
v -0.004312148317694665 -0.0523236319422722 -0.01667201705276966
v 5.168749339645729e-06 -0.05313237011432649 -0.012595715932548046
v -0.004312148317694665 -0.0523236319422722 -0.01667201705276966
v 4.408790118759499e-06 -0.05228194966912271 -0.01730835624039173
v 4.408790118759499e-06 -0.05228194966912271 -0.01730835624039173
v -0.004312148317694665 -0.0523236319422722 -0.01667201705276966
v -0.00437464751303196 -0.0514025315642357 -0.020665409043431282
v 4.408790118759499e-06 -0.05228194966912271 -0.01730835624039173
v -0.00437464751303196 -0.0514025315642357 -0.020665409043431282
v 3.529621608322487e-06 -0.05147949978709222 -0.020626069977879524
v 3.529621608322487e-06 -0.05147949978709222 -0.020626069977879524
v -0.00437464751303196 -0.0514025315642357 -0.020665409043431282
v -0.00442219339311123 -0.050220787525177016 -0.02461731620132923
v 3.529621608322487e-06 -0.05147949978709222 -0.020626069977879524
v -0.00442219339311123 -0.050220787525177016 -0.02461731620132923
v 2.3151769710239027e-06 -0.050176806747913374 -0.02490103431046009
v 2.3151769710239027e-06 -0.050176806747913374 -0.02490103431046009
v -0.00442219339311123 -0.050220787525177016 -0.02461731620132923
v -0.004436751827597619 -0.04875846952199937 -0.028542043641209602
v 2.3151769710239027e-06 -0.050176806747913374 -0.02490103431046009
v -0.004436751827597619 -0.04875846952199937 -0.028542043641209602
v 1.48816241107852e-06 -0.04883053898811342 -0.028503062203526497
v 1.48816241107852e-06 -0.04883053898811342 -0.028503062203526497
v -0.004436751827597619 -0.04875846952199937 -0.028542043641209602
v -0.004030117765069009 -0.04701843485236169 -0.032446447759866714
v 1.48816241107852e-06 -0.04883053898811342 -0.028503062203526497
v -0.004030117765069009 -0.04701843485236169 -0.032446447759866714
v -0.0013601576210930946 -0.0470927804708481 -0.03242260590195656
v -0.02291410602629185 -0.028722280636429794 -0.03197646513581276
v -0.02248150669038296 -0.029711289331316955 -0.03370082750916481
v -0.02337422035634518 -0.029863908886909492 -0.029445352032780647
v -0.025427738204598434 -0.03629350289702416 -0.019544484093785286
v -0.025609845295548446 -0.03442955762147904 -0.01958763785660267
v -0.025526067242026336 -0.03427401185035706 -0.019940020516514778
v -0.02461398951709271 -0.03252049908041955 -0.02377432771027088
v -0.02396115846931935 -0.03117532469332219 -0.026633860543370247
v -0.02330204285681248 -0.031828697770833976 -0.028941752389073372
v -0.02330204285681248 -0.031828697770833976 -0.028941752389073372
v -0.02396115846931935 -0.03117532469332219 -0.026633860543370247
v -0.023929825052618987 -0.031108213588595397 -0.026776494458317757
v -0.02776890806853772 -0.04057146608829499 -0.007569971028715372
v -0.027890959754586227 -0.03840827196836472 -0.00823927205055952
v -0.02734580077230931 -0.03749747201800347 -0.011575940065085888
v -0.028252022340893752 -0.03900133073329926 -0.005180420819669962
v -0.028226094320416457 -0.04133770242333413 -0.002567889867350459
v -0.02845264412462712 -0.03932372480630875 -0.0022482897620648146
v -0.02845264412462712 -0.03932372480630875 -0.0022482897620648146
v -0.028226094320416457 -0.04133770242333413 -0.002567889867350459
v -0.02847092784941197 -0.0401684194803238 2.3586764541505545e-07
v -0.02845264412462712 -0.03932372480630875 -0.0022482897620648146
v -0.02847092784941197 -0.0401684194803238 2.3586764541505545e-07
v -0.02849893085658551 -0.03940000012516976 -2.5509288015257425e-09
v -0.027561133727431304 -0.043549049645662315 -2.5509288015257425e-09
v -0.027931222692132003 -0.042687896639108665 2.954722901904461e-07
v -0.027496902272105224 -0.04345855489373208 -0.0025368358474224806
v -0.027496902272105224 -0.04345855489373208 -0.0025368358474224806
v -0.027931222692132003 -0.042687896639108665 2.954722901904461e-07
v -0.028103383257985122 -0.04217390716075898 4.7428622451661795e-07
v -0.027496902272105224 -0.04345855489373208 -0.0025368358474224806
v -0.028103383257985122 -0.04217390716075898 4.7428622451661795e-07
v -0.028226094320416457 -0.04133770242333413 -0.002567889867350459
v -0.028226094320416457 -0.04133770242333413 -0.002567889867350459
v -0.028103383257985122 -0.04217390716075898 4.7428622451661795e-07
v -0.028337003663182266 -0.04120979830622674 5.934955424891086e-07
v -0.028226094320416457 -0.04133770242333413 -0.002567889867350459
v -0.028337003663182266 -0.04120979830622674 5.934955424891086e-07
v -0.02847092784941197 -0.0401684194803238 2.3586764541505545e-07
v -0.02721280418336392 -0.04419098794460297 -2.5509288015257425e-09
v -0.026290787383914 -0.04533598572015763 -0.002503755269572139
v -0.026220059022307403 -0.04557756334543229 5.705371464159725e-08
v -0.026220059022307403 -0.04557756334543229 5.705371464159725e-08
v -0.026290787383914 -0.04533598572015763 -0.002503755269572139
v -0.024741915985941894 -0.04692704230546953 -0.002465489087626338
v -0.026220059022307403 -0.04557756334543229 5.705371464159725e-08
v -0.024741915985941894 -0.04692704230546953 -0.002465489087626338
v -0.024846816435456283 -0.046958170831203475 -2.5509288015257425e-09
v -0.024846816435456283 -0.046958170831203475 -2.5509288015257425e-09
v -0.024741915985941894 -0.04692704230546953 -0.002465489087626338
v -0.02296637557446957 -0.04826166853308679 -0.0024229909759014845
v -0.024846816435456283 -0.046958170831203475 -2.5509288015257425e-09
v -0.02296637557446957 -0.04826166853308679 -0.0024229909759014845
v -0.023010654374957088 -0.048328362405300154 -2.5509288015257425e-09
v -0.023010654374957088 -0.048328362405300154 -2.5509288015257425e-09
v -0.02296637557446957 -0.04826166853308679 -0.0024229909759014845
v -0.020856311544775966 -0.04955397546291353 5.705371464159725e-08
v -0.01497759856283665 -0.05180938169360162 -6.215557135647032e-08
v -0.017098663374781612 -0.05112851038575174 -2.5509288015257425e-09
v -0.01700527779757977 -0.050981983542442336 -0.004551770631223917
v -0.01700527779757977 -0.050981983542442336 -0.004551770631223917
v -0.017098663374781612 -0.05112851038575174 -2.5509288015257425e-09
v -0.017988463863730434 -0.05080378428101541 -6.215557135647032e-08
v -0.01700527779757977 -0.050981983542442336 -0.004551770631223917
v -0.017988463863730434 -0.05080378428101541 -6.215557135647032e-08
v -0.01903071813285351 -0.050155397504568114 -0.004628660622984171
v -0.01903071813285351 -0.050155397504568114 -0.004628660622984171
v -0.017988463863730434 -0.05080378428101541 -6.215557135647032e-08
v -0.01865245215594769 -0.050544079393148436 -6.215557135647032e-08
v -0.01903071813285351 -0.050155397504568114 -0.004628660622984171
v -0.01865245215594769 -0.050544079393148436 -6.215557135647032e-08
v -0.02099764905869961 -0.04918496683239938 -0.004710795823484659
v -0.011427221819758417 -0.05270924046635629 -2.5509288015257425e-09
v -0.012920768931508068 -0.05236328393220903 5.705371464159725e-08
v -0.01283620856702328 -0.05228170752525331 -0.004424455109983683
v -0.01283620856702328 -0.05228170752525331 -0.004424455109983683
v -0.012920768931508068 -0.05236328393220903 5.705371464159725e-08
v -0.01417534984648228 -0.05203684791922571 -2.5509288015257425e-09
v -0.01283620856702328 -0.05228170752525331 -0.004424455109983683
v -0.01417534984648228 -0.05203684791922571 -2.5509288015257425e-09
v -0.01497759856283665 -0.05180938169360162 -6.215557135647032e-08
v -0.006888454779982569 -0.0535060651600361 -6.215557135647032e-08
v -0.007412193343043329 -0.05343261361122133 -6.215557135647032e-08
v -0.00856895186007023 -0.053180925548076644 -0.00434160465374589
v -0.00856895186007023 -0.053180925548076644 -0.00434160465374589
v -0.007412193343043329 -0.05343261361122133 -6.215557135647032e-08
v -0.011427221819758417 -0.05270924046635629 -2.5509288015257425e-09
v 3.797842509811745e-06 -0.05390613898634912 -0.004292192403227091
v 1.167787559097633e-06 -0.053999952971935286 -6.215557135647032e-08
v -0.0042154248803854 -0.05372250452637674 -0.004300894681364298
v -0.0042154248803854 -0.05372250452637674 -0.004300894681364298
v 1.167787559097633e-06 -0.053999952971935286 -6.215557135647032e-08
v -0.0030441302806139 -0.05389587208628656 5.705371464159725e-08
v -0.0042154248803854 -0.05372250452637674 -0.004300894681364298
v -0.0030441302806139 -0.05389587208628656 5.705371464159725e-08
v -0.006888454779982569 -0.0535060651600361 -6.215557135647032e-08
v -0.01497759856283665 -0.05180938169360162 -6.215557135647032e-08
v -0.01700527779757977 -0.050981983542442336 -0.004551770631223917
v -0.01283620856702328 -0.05228170752525331 -0.004424455109983683
v -0.01283620856702328 -0.05228170752525331 -0.004424455109983683
v -0.01700527779757977 -0.050981983542442336 -0.004551770631223917
v -0.014966486021876339 -0.05126353353261949 -0.008840027265250683
v -0.01283620856702328 -0.05228170752525331 -0.004424455109983683
v -0.014966486021876339 -0.05126353353261949 -0.008840027265250683
v -0.012879798188805584 -0.05194357037544252 -0.00873363297432661
v -0.017041260376572612 -0.049590259790420546 -0.013265552930533886
v -0.015063708648085598 -0.0505487732589245 -0.013093831948935986
v -0.014966486021876339 -0.05126353353261949 -0.008840027265250683
v -0.014966486021876339 -0.05126353353261949 -0.008840027265250683
v -0.015063708648085598 -0.0505487732589245 -0.013093831948935986
v -0.012879798188805584 -0.05194357037544252 -0.00873363297432661
v -0.012879798188805584 -0.05194357037544252 -0.00873363297432661
v -0.015063708648085598 -0.0505487732589245 -0.013093831948935986
v -0.013000490143895153 -0.051350329071283354 -0.012946072034537792
v -0.012879798188805584 -0.05194357037544252 -0.00873363297432661
v -0.013000490143895153 -0.051350329071283354 -0.012946072034537792
v -0.0108714085072279 -0.05198951810598375 -0.012825134210288525
v -0.011427221819758417 -0.05270924046635629 -2.5509288015257425e-09
v -0.01283620856702328 -0.05228170752525331 -0.004424455109983683
v -0.00856895186007023 -0.053180925548076644 -0.00434160465374589
v -0.00856895186007023 -0.053180925548076644 -0.00434160465374589
v -0.01283620856702328 -0.05228170752525331 -0.004424455109983683
v -0.012879798188805584 -0.05194357037544252 -0.00873363297432661
v -0.00856895186007023 -0.053180925548076644 -0.00434160465374589
v -0.012879798188805584 -0.05194357037544252 -0.00873363297432661
v -0.008595695719122888 -0.0529305934906006 -0.008580866269767284
v -0.008595695719122888 -0.0529305934906006 -0.008580866269767284
v -0.012879798188805584 -0.05194357037544252 -0.00873363297432661
v -0.0108714085072279 -0.05198951810598375 -0.012825134210288525
v -0.008595695719122888 -0.0529305934906006 -0.008580866269767284
v -0.0108714085072279 -0.05198951810598375 -0.012825134210288525
v -0.008691346272826196 -0.052469618618488326 -0.012731912545859814
v -0.011183528229594232 -0.047427002340555205 -0.028941811993718147
v -0.01323172636330128 -0.0464499518275261 -0.029206933453679085
v -0.012221964076161388 -0.04501694813370705 -0.03308624401688576
v -0.006888454779982569 -0.0535060651600361 -6.215557135647032e-08
v -0.00856895186007023 -0.053180925548076644 -0.00434160465374589
v -0.0042154248803854 -0.05372250452637674 -0.004300894681364298
v -0.0042154248803854 -0.05372250452637674 -0.004300894681364298
v -0.00856895186007023 -0.053180925548076644 -0.00434160465374589
v -0.008595695719122888 -0.0529305934906006 -0.008580866269767284
v -0.0042154248803854 -0.05372250452637674 -0.004300894681364298
v -0.008595695719122888 -0.0529305934906006 -0.008580866269767284
v -0.004214493557810784 -0.0534636825323105 -0.00850397627800703
v -0.004214493557810784 -0.0534636825323105 -0.00850397627800703
v -0.008595695719122888 -0.0529305934906006 -0.008580866269767284
v -0.008691346272826196 -0.052469618618488326 -0.012731912545859814
v -0.004214493557810784 -0.0534636825323105 -0.00850397627800703
v -0.008691346272826196 -0.052469618618488326 -0.012731912545859814
v -0.00425274856388569 -0.053004037588834776 -0.0126229552552104
v -0.00425274856388569 -0.053004037588834776 -0.0126229552552104
v -0.008691346272826196 -0.052469618618488326 -0.012731912545859814
v -0.006571507081389429 -0.05212899670004846 -0.01672530360519886
v -0.00425274856388569 -0.053004037588834776 -0.0126229552552104
v -0.006571507081389429 -0.05212899670004846 -0.01672530360519886
v -0.004312148317694665 -0.0523236319422722 -0.01667201705276966
v -0.004312148317694665 -0.0523236319422722 -0.01667201705276966
v -0.006571507081389429 -0.05212899670004846 -0.01672530360519886
v -0.0066651124507188814 -0.0512099824845791 -0.02072763629257679
v -0.004312148317694665 -0.0523236319422722 -0.01667201705276966
v -0.0066651124507188814 -0.0512099824845791 -0.02072763629257679
v -0.00437464751303196 -0.0514025315642357 -0.020665409043431282
v -0.00437464751303196 -0.0514025315642357 -0.020665409043431282
v -0.0066651124507188814 -0.0512099824845791 -0.02072763629257679
v -0.0067300107330083864 -0.05002277344465257 -0.02468651719391346
v -0.00437464751303196 -0.0514025315642357 -0.020665409043431282
v -0.0067300107330083864 -0.05002277344465257 -0.02468651719391346
v -0.00442219339311123 -0.050220787525177016 -0.02461731620132923
v -0.00442219339311123 -0.050220787525177016 -0.02461731620132923
v -0.0067300107330083864 -0.05002277344465257 -0.02468651719391346
v -0.0067380685359239596 -0.048545472323894515 -0.028616072610020638
v -0.00442219339311123 -0.050220787525177016 -0.02461731620132923
v -0.0067380685359239596 -0.048545472323894515 -0.028616072610020638
v -0.004436751827597619 -0.04875846952199937 -0.028542043641209602
v -0.004436751827597619 -0.04875846952199937 -0.028542043641209602
v -0.0067380685359239596 -0.048545472323894515 -0.028616072610020638
v -0.006576733663678171 -0.046768724918365485 -0.03252625837922096
v -0.004436751827597619 -0.04875846952199937 -0.028542043641209602
v -0.006576733663678171 -0.046768724918365485 -0.03252625837922096
v -0.004030117765069009 -0.04701843485236169 -0.032446447759866714
v -0.012221964076161388 -0.04501694813370705 -0.03308624401688576
v -0.010991236194968225 -0.045590363442897804 -0.032902900129556656
v -0.011183528229594232 -0.047427002340555205 -0.028941811993718147
v -0.011183528229594232 -0.047427002340555205 -0.028941811993718147
v -0.010991236194968225 -0.045590363442897804 -0.032902900129556656
v -0.010280484333634378 -0.045864779502153404 -0.03281516209244728
v -0.011183528229594232 -0.047427002340555205 -0.028941811993718147
v -0.010280484333634378 -0.045864779502153404 -0.03281516209244728
v -0.009002996608614923 -0.048117838799953475 -0.02874612994492054
v -0.009002996608614923 -0.048117838799953475 -0.02874612994492054
v -0.010280484333634378 -0.045864779502153404 -0.03281516209244728
v -0.008873170241713526 -0.04630257189273835 -0.03267526999115944
v -0.009002996608614923 -0.048117838799953475 -0.02874612994492054
v -0.008873170241713526 -0.04630257189273835 -0.03267526999115944
v -0.008305186405777933 -0.046443983912467963 -0.03263003006577492
v -0.008937360718846323 -0.05083544552326204 -0.02082783170044422
v -0.008817901834845545 -0.05177792534232141 -0.01680934615433216
v -0.011151196435093881 -0.050239756703376784 -0.02097022719681263
v -0.011151196435093881 -0.050239756703376784 -0.02097022719681263
v -0.008817901834845545 -0.05177792534232141 -0.01680934615433216
v -0.01101910136640072 -0.05124118179082872 -0.016927482560276985
v -0.011151196435093881 -0.050239756703376784 -0.02097022719681263
v -0.01101910136640072 -0.05124118179082872 -0.016927482560276985
v -0.013268677517771724 -0.04940325021743776 -0.0211563128978014
v -0.013268677517771724 -0.04940325021743776 -0.0211563128978014
v -0.01101910136640072 -0.05124118179082872 -0.016927482560276985
v -0.013147162273526195 -0.05050315707921983 -0.017080606892704964
v -0.013268677517771724 -0.04940325021743776 -0.0211563128978014
v -0.013147162273526195 -0.05050315707921983 -0.017080606892704964
v -0.01525545679032803 -0.048327773809433 -0.021384241059422493
v -0.01525545679032803 -0.048327773809433 -0.021384241059422493
v -0.013147162273526195 -0.05050315707921983 -0.017080606892704964
v -0.015176987275481228 -0.04956313967704774 -0.01726752705872059
v -0.01525545679032803 -0.048327773809433 -0.021384241059422493
v -0.015176987275481228 -0.04956313967704774 -0.01726752705872059
v -0.017079321667551998 -0.04703814908862115 -0.021648826077580452
v -0.017079321667551998 -0.04703814908862115 -0.021648826077580452
v -0.015176987275481228 -0.04956313967704774 -0.01726752705872059
v -0.01708215288817883 -0.04843641817569734 -0.01748424954712391
v -0.017079321667551998 -0.04703814908862115 -0.021648826077580452
v -0.01708215288817883 -0.04843641817569734 -0.01748424954712391
v -0.018721727654337886 -0.045568075031042106 -0.021943749859929085
v -0.018721727654337886 -0.045568075031042106 -0.021943749859929085
v -0.01708215288817883 -0.04843641817569734 -0.01748424954712391
v -0.0188449751585722 -0.04714358597993852 -0.01772552914917469
v -0.018721727654337886 -0.045568075031042106 -0.021943749859929085
v -0.0188449751585722 -0.04714358597993852 -0.01772552914917469
v -0.020177086815238002 -0.043944567441940315 -0.022263886407017708
v -0.020177086815238002 -0.043944567441940315 -0.022263886407017708
v -0.0188449751585722 -0.04714358597993852 -0.01772552914917469
v -0.02045627869665623 -0.04569816961884499 -0.017986716702580452
v -0.020177086815238002 -0.043944567441940315 -0.022263886407017708
v -0.02045627869665623 -0.04569816961884499 -0.017986716702580452
v -0.021445950493216518 -0.042182344943284995 -0.022608818486332893
v -0.021445950493216518 -0.042182344943284995 -0.022608818486332893
v -0.02045627869665623 -0.04569816961884499 -0.017986716702580452
v -0.021908925846219066 -0.04410159960389138 -0.018266024067997932
v -0.021445950493216518 -0.042182344943284995 -0.022608818486332893
v -0.021908925846219066 -0.04410159960389138 -0.018266024067997932
v -0.02251624129712582 -0.04029952734708787 -0.022978128865361214
v -0.02251624129712582 -0.04029952734708787 -0.022978128865361214
v -0.021908925846219066 -0.04410159960389138 -0.018266024067997932
v -0.023176224902272228 -0.042357534170150764 -0.018561961129307747
v -0.021805295720696453 -0.034028481692075736 -0.0324714221060276
v -0.022538395598530773 -0.03611377254128457 -0.027887525036931038
v -0.022229744121432308 -0.03188061341643334 -0.03307497873902321
v -0.022229744121432308 -0.03188061341643334 -0.03307497873902321
v -0.022538395598530773 -0.03611377254128457 -0.027887525036931038
v -0.023026945069432262 -0.033989634364843375 -0.02840191312134266
v -0.022229744121432308 -0.03188061341643334 -0.03307497873902321
v -0.023026945069432262 -0.033989634364843375 -0.02840191312134266
v -0.02248150669038296 -0.029711289331316955 -0.03370082750916481
v -0.02248150669038296 -0.029711289331316955 -0.03370082750916481
v -0.023026945069432262 -0.033989634364843375 -0.02840191312134266
v -0.02330204285681248 -0.031828697770833976 -0.028941752389073372
v -0.02248150669038296 -0.029711289331316955 -0.03370082750916481
v -0.02330204285681248 -0.031828697770833976 -0.028941752389073372
v -0.02337422035634518 -0.029863908886909492 -0.029445352032780647
v -0.02337422035634518 -0.029863908886909492 -0.029445352032780647
v -0.02330204285681248 -0.031828697770833976 -0.028941752389073372
v -0.023929825052618987 -0.031108213588595397 -0.026776494458317757
v -0.022403659299016002 -0.027196271345019347 -0.03562301769852638
v -0.022119404748082164 -0.02589231543242932 -0.03919893875718117
v -0.02248150669038296 -0.029711289331316955 -0.03370082750916481
v -0.02248150669038296 -0.029711289331316955 -0.03370082750916481
v -0.022119404748082164 -0.02589231543242932 -0.03919893875718117
v -0.02172036282718182 -0.02987548895180226 -0.03792572394013405
v -0.02248150669038296 -0.029711289331316955 -0.03370082750916481
v -0.02172036282718182 -0.02987548895180226 -0.03792572394013405
v -0.022229744121432308 -0.03188061341643334 -0.03307497873902321
v -0.022229744121432308 -0.03188061341643334 -0.03307497873902321
v -0.02172036282718182 -0.02987548895180226 -0.03792572394013405
v -0.02168701402842999 -0.030075000599026687 -0.03786194697022438
v -0.022229744121432308 -0.03188061341643334 -0.03307497873902321
v -0.02168701402842999 -0.030075000599026687 -0.03786194697022438
v -0.021805295720696453 -0.034028481692075736 -0.0324714221060276
v -0.021805295720696453 -0.034028481692075736 -0.0324714221060276
v -0.02168701402842999 -0.030075000599026687 -0.03786194697022438
v -0.021570740267634395 -0.03071610815823079 -0.03765696659684181
v -0.021201459690928463 -0.03613287210464478 -0.03189897909760475
v -0.020635491237044338 -0.03431732952594758 -0.036505941301584244
v -0.02046149037778378 -0.034822259098291404 -0.03634459152817726
v -0.021201459690928463 -0.03613287210464478 -0.03189897909760475
v -0.02046149037778378 -0.034822259098291404 -0.03634459152817726
v -0.020404627546668056 -0.03818450495600701 -0.03135580196976662
v -0.02046149037778378 -0.034822259098291404 -0.03634459152817726
v -0.020288182422518734 -0.03529385849833489 -0.0361938513815403
v -0.020404627546668056 -0.03818450495600701 -0.03135580196976662
v -0.020404627546668056 -0.03818450495600701 -0.03135580196976662
v -0.020288182422518734 -0.03529385849833489 -0.0361938513815403
v -0.01953062601387501 -0.03707439824938775 -0.03562486544251442
v -0.020404627546668056 -0.03818450495600701 -0.03135580196976662
v -0.01953062601387501 -0.03707439824938775 -0.03562486544251442
v -0.01940702833235264 -0.040150042623281486 -0.030844273045659065
v -0.009002996608614923 -0.048117838799953475 -0.02874612994492054
v -0.009011728689074518 -0.0496221035718918 -0.02480185218155384
v -0.011183528229594232 -0.047427002340555205 -0.028941811993718147
v -0.011183528229594232 -0.047427002340555205 -0.028941811993718147
v -0.009011728689074518 -0.0496221035718918 -0.02480185218155384
v -0.011221425607800485 -0.04897258058190347 -0.024969639256596565
v -0.011183528229594232 -0.047427002340555205 -0.028941811993718147
v -0.011221425607800485 -0.04897258058190347 -0.024969639256596565
v -0.01323172636330128 -0.0464499518275261 -0.029206933453679085
v -0.01323172636330128 -0.0464499518275261 -0.029206933453679085
v -0.011221425607800485 -0.04897258058190347 -0.024969639256596565
v -0.013313909992575649 -0.048051785677671446 -0.025192083790898323
v -0.01323172636330128 -0.0464499518275261 -0.029206933453679085
v -0.013313909992575649 -0.048051785677671446 -0.025192083790898323
v -0.015104493126273159 -0.0451924242079258 -0.029539229348301888
v -0.015104493126273159 -0.0451924242079258 -0.029539229348301888
v -0.013313909992575649 -0.048051785677671446 -0.025192083790898323
v -0.015248248353600505 -0.04686382040381432 -0.025467099621891975
v -0.015104493126273159 -0.0451924242079258 -0.029539229348301888
v -0.015248248353600505 -0.04686382040381432 -0.025467099621891975
v -0.016765488311648372 -0.0436910204589367 -0.029929937794804573
v -0.016765488311648372 -0.0436910204589367 -0.029929937794804573
v -0.015248248353600505 -0.04686382040381432 -0.025467099621891975
v -0.01698851771652699 -0.04544112831354142 -0.025787891820073128
v -0.016765488311648372 -0.0436910204589367 -0.029929937794804573
v -0.01698851771652699 -0.04544112831354142 -0.025787891820073128
v -0.018198641017079357 -0.0419955961406231 -0.03036797232925892
v -0.018198641017079357 -0.0419955961406231 -0.03036797232925892
v -0.01698851771652699 -0.04544112831354142 -0.025787891820073128
v -0.018516538664698604 -0.0438278652727604 -0.026146234944462776
v -0.018198641017079357 -0.0419955961406231 -0.03036797232925892
v -0.018516538664698604 -0.0438278652727604 -0.026146234944462776
v -0.01940702833235264 -0.040150042623281486 -0.030844273045659065
v -0.01940702833235264 -0.040150042623281486 -0.030844273045659065
v -0.018516538664698604 -0.0438278652727604 -0.026146234944462776
v -0.019830869510769848 -0.042061876505613334 -0.02653593011200428
v -0.01940702833235264 -0.040150042623281486 -0.030844273045659065
v -0.019830869510769848 -0.042061876505613334 -0.02653593011200428
v -0.020404627546668056 -0.03818450495600701 -0.03135580196976662
v -0.020404627546668056 -0.03818450495600701 -0.03135580196976662
v -0.019830869510769848 -0.042061876505613334 -0.02653593011200428
v -0.020939437672495845 -0.040168188512325294 -0.02695632167160511
v -0.020404627546668056 -0.03818450495600701 -0.03135580196976662
v -0.020939437672495845 -0.040168188512325294 -0.02695632167160511
v -0.021201459690928463 -0.03613287210464478 -0.03189897909760475
v -0.021201459690928463 -0.03613287210464478 -0.03189897909760475
v -0.020939437672495845 -0.040168188512325294 -0.02695632167160511
v -0.02184318192303181 -0.03817578777670861 -0.027406753972172737
v -0.025526067242026336 -0.03427401185035706 -0.019940020516514778
v -0.02461398951709271 -0.03252049908041955 -0.02377432771027088
v -0.025427738204598434 -0.03629350289702416 -0.019544484093785286
v -0.025427738204598434 -0.03629350289702416 -0.019544484093785286
v -0.02461398951709271 -0.03252049908041955 -0.02377432771027088
v -0.02330204285681248 -0.031828697770833976 -0.028941752389073372
v -0.025427738204598434 -0.03629350289702416 -0.019544484093785286
v -0.02330204285681248 -0.031828697770833976 -0.028941752389073372
v -0.024985259398818023 -0.038441739976406104 -0.019200684502720833
v -0.024985259398818023 -0.038441739976406104 -0.019200684502720833
v -0.02330204285681248 -0.031828697770833976 -0.028941752389073372
v -0.023026945069432262 -0.033989634364843375 -0.02840191312134266
v -0.024985259398818023 -0.038441739976406104 -0.019200684502720833
v -0.023026945069432262 -0.033989634364843375 -0.02840191312134266
v -0.024215651676058776 -0.0404726304113865 -0.01887303777039051
v -0.024215651676058776 -0.0404726304113865 -0.01887303777039051
v -0.023026945069432262 -0.033989634364843375 -0.02840191312134266
v -0.022538395598530773 -0.03611377254128457 -0.027887525036931038
v -0.024215651676058776 -0.0404726304113865 -0.01887303777039051
v -0.022538395598530773 -0.03611377254128457 -0.027887525036931038
v -0.02184318192303181 -0.03817578777670861 -0.027406753972172737
v -0.02184318192303181 -0.03817578777670861 -0.027406753972172737
v -0.022538395598530773 -0.03611377254128457 -0.027887525036931038
v -0.021805295720696453 -0.034028481692075736 -0.0324714221060276
v -0.02184318192303181 -0.03817578777670861 -0.027406753972172737
v -0.021805295720696453 -0.034028481692075736 -0.0324714221060276
v -0.021201459690928463 -0.03613287210464478 -0.03189897909760475
v -0.021201459690928463 -0.03613287210464478 -0.03189897909760475
v -0.021805295720696453 -0.034028481692075736 -0.0324714221060276
v -0.021570740267634395 -0.03071610815823079 -0.03765696659684181
v -0.021201459690928463 -0.03613287210464478 -0.03189897909760475
v -0.021570740267634395 -0.03071610815823079 -0.03765696659684181
v -0.020635491237044338 -0.03431732952594758 -0.036505941301584244
v -0.009011728689074518 -0.0496221035718918 -0.02480185218155384
v -0.008937360718846323 -0.05083544552326204 -0.02082783170044422
v -0.011221425607800485 -0.04897258058190347 -0.024969639256596565
v -0.011221425607800485 -0.04897258058190347 -0.024969639256596565
v -0.008937360718846323 -0.05083544552326204 -0.02082783170044422
v -0.011151196435093881 -0.050239756703376784 -0.02097022719681263
v -0.011221425607800485 -0.04897258058190347 -0.024969639256596565
v -0.011151196435093881 -0.050239756703376784 -0.02097022719681263
v -0.013313909992575649 -0.048051785677671446 -0.025192083790898323
v -0.013313909992575649 -0.048051785677671446 -0.025192083790898323
v -0.011151196435093881 -0.050239756703376784 -0.02097022719681263
v -0.013268677517771724 -0.04940325021743776 -0.0211563128978014
v -0.013313909992575649 -0.048051785677671446 -0.025192083790898323
v -0.013268677517771724 -0.04940325021743776 -0.0211563128978014
v -0.015248248353600505 -0.04686382040381432 -0.025467099621891975
v -0.015248248353600505 -0.04686382040381432 -0.025467099621891975
v -0.013268677517771724 -0.04940325021743776 -0.0211563128978014
v -0.01525545679032803 -0.048327773809433 -0.021384241059422493
v -0.015248248353600505 -0.04686382040381432 -0.025467099621891975
v -0.01525545679032803 -0.048327773809433 -0.021384241059422493
v -0.01698851771652699 -0.04544112831354142 -0.025787891820073128
v -0.01698851771652699 -0.04544112831354142 -0.025787891820073128
v -0.01525545679032803 -0.048327773809433 -0.021384241059422493
v -0.017079321667551998 -0.04703814908862115 -0.021648826077580452
v -0.01698851771652699 -0.04544112831354142 -0.025787891820073128
v -0.017079321667551998 -0.04703814908862115 -0.021648826077580452
v -0.018516538664698604 -0.0438278652727604 -0.026146234944462776
v -0.018516538664698604 -0.0438278652727604 -0.026146234944462776
v -0.017079321667551998 -0.04703814908862115 -0.021648826077580452
v -0.018721727654337886 -0.045568075031042106 -0.021943749859929085
v -0.018516538664698604 -0.0438278652727604 -0.026146234944462776
v -0.018721727654337886 -0.045568075031042106 -0.021943749859929085
v -0.019830869510769848 -0.042061876505613334 -0.02653593011200428
v -0.019830869510769848 -0.042061876505613334 -0.02653593011200428
v -0.018721727654337886 -0.045568075031042106 -0.021943749859929085
v -0.020177086815238002 -0.043944567441940315 -0.022263886407017708
v -0.019830869510769848 -0.042061876505613334 -0.02653593011200428
v -0.020177086815238002 -0.043944567441940315 -0.022263886407017708
v -0.020939437672495845 -0.040168188512325294 -0.02695632167160511
v -0.020939437672495845 -0.040168188512325294 -0.02695632167160511
v -0.020177086815238002 -0.043944567441940315 -0.022263886407017708
v -0.021445950493216518 -0.042182344943284995 -0.022608818486332893
v -0.020939437672495845 -0.040168188512325294 -0.02695632167160511
v -0.021445950493216518 -0.042182344943284995 -0.022608818486332893
v -0.02184318192303181 -0.03817578777670861 -0.027406753972172737
v -0.02184318192303181 -0.03817578777670861 -0.027406753972172737
v -0.021445950493216518 -0.042182344943284995 -0.022608818486332893
v -0.02251624129712582 -0.04029952734708787 -0.022978128865361214
v -0.02184318192303181 -0.03817578777670861 -0.027406753972172737
v -0.02251624129712582 -0.04029952734708787 -0.022978128865361214
v -0.024215651676058776 -0.0404726304113865 -0.01887303777039051
v -0.024215651676058776 -0.0404726304113865 -0.01887303777039051
v -0.02251624129712582 -0.04029952734708787 -0.022978128865361214
v -0.023176224902272228 -0.042357534170150764 -0.018561961129307747
v -0.026153495535254485 -0.04505857080221177 -0.004953565541654825
v -0.027496902272105224 -0.04345855489373208 -0.0025368358474224806
v -0.02733427472412587 -0.04316935688257218 -0.005022647324949503
v -0.02733427472412587 -0.04316935688257218 -0.005022647324949503
v -0.027496902272105224 -0.04345855489373208 -0.0025368358474224806
v -0.028226094320416457 -0.04133770242333413 -0.002567889867350459
v -0.02733427472412587 -0.04316935688257218 -0.005022647324949503
v -0.028226094320416457 -0.04133770242333413 -0.002567889867350459
v -0.028046580031514175 -0.04104310274124146 -0.005089583341032267
v -0.028046580031514175 -0.04104310274124146 -0.005089583341032267
v -0.028226094320416457 -0.04133770242333413 -0.002567889867350459
v -0.028252022340893752 -0.03900133073329926 -0.005180420819669962
v -0.028046580031514175 -0.04104310274124146 -0.005089583341032267
v -0.028252022340893752 -0.03900133073329926 -0.005180420819669962
v -0.027890959754586227 -0.03840827196836472 -0.00823927205055952
v -0.027890959754586227 -0.03840827196836472 -0.00823927205055952
v -0.02776890806853772 -0.04057146608829499 -0.007569971028715372
v -0.028046580031514175 -0.04104310274124146 -0.005089583341032267
v -0.028046580031514175 -0.04104310274124146 -0.005089583341032267
v -0.02776890806853772 -0.04057146608829499 -0.007569971028715372
v -0.027085447683930404 -0.04270244762301446 -0.007463159505277872
v -0.028046580031514175 -0.04104310274124146 -0.005089583341032267
v -0.027085447683930404 -0.04270244762301446 -0.007463159505277872
v -0.02733427472412587 -0.04316935688257218 -0.005022647324949503
v -0.02733427472412587 -0.04316935688257218 -0.005022647324949503
v -0.027085447683930404 -0.04270244762301446 -0.007463159505277872
v -0.025947796180844314 -0.04460838437080384 -0.007355453912168741
v -0.02733427472412587 -0.04316935688257218 -0.005022647324949503
v -0.025947796180844314 -0.04460838437080384 -0.007355453912168741
v -0.026153495535254485 -0.04505857080221177 -0.004953565541654825
v -0.02734580077230931 -0.03749747201800347 -0.011575940065085888
v -0.02740792371332646 -0.03994381427764893 -0.01001447718590498
v -0.02776890806853772 -0.04057146608829499 -0.007569971028715372
v -0.02776890806853772 -0.04057146608829499 -0.007569971028715372
v -0.02740792371332646 -0.03994381427764893 -0.01001447718590498
v -0.026762904599308975 -0.042078949511051185 -0.009864392690360546
v -0.02776890806853772 -0.04057146608829499 -0.007569971028715372
v -0.026762904599308975 -0.042078949511051185 -0.009864392690360546
v -0.027085447683930404 -0.04270244762301446 -0.007463159505277872
v -0.027085447683930404 -0.04270244762301446 -0.007463159505277872
v -0.026762904599308975 -0.042078949511051185 -0.009864392690360546
v -0.025682901963591583 -0.04400562122464181 -0.009715857915580273
v -0.027085447683930404 -0.04270244762301446 -0.007463159505277872
v -0.025682901963591583 -0.04400562122464181 -0.009715857915580273
v -0.025947796180844314 -0.04460838437080384 -0.007355453912168741
v -0.025947796180844314 -0.04460838437080384 -0.007355453912168741
v -0.025682901963591583 -0.04400562122464181 -0.009715857915580273
v -0.0242792908102274 -0.04569013416767121 -0.009562614373862743
v -0.025947796180844314 -0.04460838437080384 -0.007355453912168741
v -0.0242792908102274 -0.04569013416767121 -0.009562614373862743
v -0.026153495535254485 -0.04505857080221177 -0.004953565541654825
v -0.01865245215594769 -0.050544079393148436 -6.215557135647032e-08
v -0.020856311544775966 -0.04955397546291353 5.705371464159725e-08
v -0.02099764905869961 -0.04918496683239938 -0.004710795823484659
v -0.02099764905869961 -0.04918496683239938 -0.004710795823484659
v -0.020856311544775966 -0.04955397546291353 5.705371464159725e-08
v -0.02296637557446957 -0.04826166853308679 -0.0024229909759014845
v -0.02099764905869961 -0.04918496683239938 -0.004710795823484659
v -0.02296637557446957 -0.04826166853308679 -0.0024229909759014845
v -0.02288416959345341 -0.04803629964590074 -0.004794719163328409
v -0.02288416959345341 -0.04803629964590074 -0.004794719163328409
v -0.02296637557446957 -0.04826166853308679 -0.0024229909759014845
v -0.024741915985941894 -0.04692704230546953 -0.002465489087626338
v -0.02288416959345341 -0.04803629964590074 -0.004794719163328409
v -0.024741915985941894 -0.04692704230546953 -0.002465489087626338
v -0.02463354356586934 -0.04667162150144578 -0.004877092782407999
v -0.02463354356586934 -0.04667162150144578 -0.004877092782407999
v -0.024741915985941894 -0.04692704230546953 -0.002465489087626338
v -0.026290787383914 -0.04533598572015763 -0.002503755269572139
v -0.017041260376572612 -0.049590259790420546 -0.013265552930533886
v -0.017000885680317882 -0.05045400187373163 -0.008964243344962597
v -0.018917044624686245 -0.04848174378275873 -0.01345688384026289
v -0.018917044624686245 -0.04848174378275873 -0.01345688384026289
v -0.017000885680317882 -0.05045400187373163 -0.008964243344962597
v -0.018968706950545314 -0.049509897828102126 -0.00910282414406538
v -0.018917044624686245 -0.04848174378275873 -0.01345688384026289
v -0.018968706950545314 -0.049509897828102126 -0.00910282414406538
v -0.020679039880633358 -0.04722273722290994 -0.013663056306540966
v -0.020679039880633358 -0.04722273722290994 -0.013663056306540966
v -0.018968706950545314 -0.049509897828102126 -0.00910282414406538
v -0.02085596509277821 -0.048418316990137114 -0.00925153773277998
v -0.020679039880633358 -0.04722273722290994 -0.013663056306540966
v -0.02085596509277821 -0.048418316990137114 -0.00925153773277998
v -0.022313116118311885 -0.045800589025020606 -0.013880792073905468
v -0.022313116118311885 -0.045800589025020606 -0.013880792073905468
v -0.02085596509277821 -0.048418316990137114 -0.00925153773277998
v -0.02264327742159367 -0.047153946012258544 -0.009406092576682568
v -0.022313116118311885 -0.045800589025020606 -0.013880792073905468
v -0.02264327742159367 -0.047153946012258544 -0.009406092576682568
v -0.023778712376952178 -0.04420325532555581 -0.014107170514762402
v -0.023778712376952178 -0.04420325532555581 -0.014107170514762402
v -0.02264327742159367 -0.047153946012258544 -0.009406092576682568
v -0.0242792908102274 -0.04569013416767121 -0.009562614373862743
v -0.023778712376952178 -0.04420325532555581 -0.014107170514762402
v -0.0242792908102274 -0.04569013416767121 -0.009562614373862743
v -0.025012383237481124 -0.04242312908172608 -0.014338317327201366
v -0.025012383237481124 -0.04242312908172608 -0.014338317327201366
v -0.0242792908102274 -0.04569013416767121 -0.009562614373862743
v -0.025682901963591583 -0.04400562122464181 -0.009715857915580273
v -0.025012383237481124 -0.04242312908172608 -0.014338317327201366
v -0.025682901963591583 -0.04400562122464181 -0.009715857915580273
v -0.025946604087948806 -0.04044672846794129 -0.014573994092643261
v -0.025946604087948806 -0.04044672846794129 -0.014573994092643261
v -0.025682901963591583 -0.04400562122464181 -0.009715857915580273
v -0.026762904599308975 -0.042078949511051185 -0.009864392690360546
v -0.025946604087948806 -0.04044672846794129 -0.014573994092643261
v -0.026762904599308975 -0.042078949511051185 -0.009864392690360546
v -0.026495395228266723 -0.03830455988645554 -0.014818075112998486
v -0.026495395228266723 -0.03830455988645554 -0.014818075112998486
v -0.026762904599308975 -0.042078949511051185 -0.009864392690360546
v -0.02740792371332646 -0.03994381427764893 -0.01001447718590498
v -0.026495395228266723 -0.03830455988645554 -0.014818075112998486
v -0.02740792371332646 -0.03994381427764893 -0.01001447718590498
v -0.026559187099337585 -0.03613907098770142 -0.01545888464897871
v -0.026559187099337585 -0.03613907098770142 -0.01545888464897871
v -0.02740792371332646 -0.03994381427764893 -0.01001447718590498
v -0.02734580077230931 -0.03749747201800347 -0.011575940065085888
v -0.017041260376572612 -0.049590259790420546 -0.013265552930533886
v -0.014966486021876339 -0.05126353353261949 -0.008840027265250683
v -0.017000885680317882 -0.05045400187373163 -0.008964243344962597
v -0.017000885680317882 -0.05045400187373163 -0.008964243344962597
v -0.014966486021876339 -0.05126353353261949 -0.008840027265250683
v -0.01700527779757977 -0.050981983542442336 -0.004551770631223917
v -0.017000885680317882 -0.05045400187373163 -0.008964243344962597
v -0.01700527779757977 -0.050981983542442336 -0.004551770631223917
v -0.018968706950545314 -0.049509897828102126 -0.00910282414406538
v -0.018968706950545314 -0.049509897828102126 -0.00910282414406538
v -0.01700527779757977 -0.050981983542442336 -0.004551770631223917
v -0.01903071813285351 -0.050155397504568114 -0.004628660622984171
v -0.018968706950545314 -0.049509897828102126 -0.00910282414406538
v -0.01903071813285351 -0.050155397504568114 -0.004628660622984171
v -0.02085596509277821 -0.048418316990137114 -0.00925153773277998
v -0.02085596509277821 -0.048418316990137114 -0.00925153773277998
v -0.01903071813285351 -0.050155397504568114 -0.004628660622984171
v -0.02099764905869961 -0.04918496683239938 -0.004710795823484659
v -0.02085596509277821 -0.048418316990137114 -0.00925153773277998
v -0.02099764905869961 -0.04918496683239938 -0.004710795823484659
v -0.02264327742159367 -0.047153946012258544 -0.009406092576682568
v -0.02264327742159367 -0.047153946012258544 -0.009406092576682568
v -0.02099764905869961 -0.04918496683239938 -0.004710795823484659
v -0.02288416959345341 -0.04803629964590074 -0.004794719163328409
v -0.02264327742159367 -0.047153946012258544 -0.009406092576682568
v -0.02288416959345341 -0.04803629964590074 -0.004794719163328409
v -0.0242792908102274 -0.04569013416767121 -0.009562614373862743
v -0.0242792908102274 -0.04569013416767121 -0.009562614373862743
v -0.02288416959345341 -0.04803629964590074 -0.004794719163328409
v -0.02463354356586934 -0.04667162150144578 -0.004877092782407999
v -0.0242792908102274 -0.04569013416767121 -0.009562614373862743
v -0.02463354356586934 -0.04667162150144578 -0.004877092782407999
v -0.026153495535254485 -0.04505857080221177 -0.004953565541654825
v -0.026153495535254485 -0.04505857080221177 -0.004953565541654825
v -0.02463354356586934 -0.04667162150144578 -0.004877092782407999
v -0.026290787383914 -0.04533598572015763 -0.002503755269572139
v -0.026153495535254485 -0.04505857080221177 -0.004953565541654825
v -0.026290787383914 -0.04533598572015763 -0.002503755269572139
v -0.027496902272105224 -0.04345855489373208 -0.0025368358474224806
v -0.027496902272105224 -0.04345855489373208 -0.0025368358474224806
v -0.026290787383914 -0.04533598572015763 -0.002503755269572139
v -0.02721280418336392 -0.04419098794460297 -2.5509288015257425e-09
v -0.027496902272105224 -0.04345855489373208 -0.0025368358474224806
v -0.02721280418336392 -0.04419098794460297 -2.5509288015257425e-09
v -0.027561133727431304 -0.043549049645662315 -2.5509288015257425e-09
v -0.01953062601387501 -0.03707439824938775 -0.03562486544251442
v -0.01889496855437756 -0.0383090227842331 -0.03523022308945656
v -0.01940702833235264 -0.040150042623281486 -0.030844273045659065
v -0.01940702833235264 -0.040150042623281486 -0.030844273045659065
v -0.01889496855437756 -0.0383090227842331 -0.03523022308945656
v -0.018442852422595028 -0.03908051550388337 -0.03498363867402077
v -0.01940702833235264 -0.040150042623281486 -0.030844273045659065
v -0.018442852422595028 -0.03908051550388337 -0.03498363867402077
v -0.018198641017079357 -0.0419955961406231 -0.03036797232925892
v -0.018198641017079357 -0.0419955961406231 -0.03036797232925892
v -0.018442852422595028 -0.03908051550388337 -0.03498363867402077
v -0.017737271264195446 -0.04014392569661141 -0.03464365378022194
v -0.018198641017079357 -0.0419955961406231 -0.03036797232925892
v -0.017737271264195446 -0.04014392569661141 -0.03464365378022194
v -0.016765488311648372 -0.0436910204589367 -0.029929937794804573
v -0.016765488311648372 -0.0436910204589367 -0.029929937794804573
v -0.017737271264195446 -0.04014392569661141 -0.03464365378022194
v -0.016365965828299526 -0.041833527386188514 -0.034103576093912125
v -0.016765488311648372 -0.0436910204589367 -0.029929937794804573
v -0.016365965828299526 -0.041833527386188514 -0.034103576093912125
v -0.015104493126273159 -0.0451924242079258 -0.029539229348301888
v -0.015104493126273159 -0.0451924242079258 -0.029539229348301888
v -0.016365965828299526 -0.041833527386188514 -0.034103576093912125
v -0.013998189941048626 -0.04392742738127709 -0.03343445435166359
v -0.015104493126273159 -0.0451924242079258 -0.029539229348301888
v -0.013998189941048626 -0.04392742738127709 -0.03343445435166359
v -0.01323172636330128 -0.0464499518275261 -0.029206933453679085
v -0.01323172636330128 -0.0464499518275261 -0.029206933453679085
v -0.013998189941048626 -0.04392742738127709 -0.03343445435166359
v -0.013673355802893642 -0.04415300115942956 -0.03336239233613014
v -0.01323172636330128 -0.0464499518275261 -0.029206933453679085
v -0.013673355802893642 -0.04415300115942956 -0.03336239233613014
v -0.012221964076161388 -0.04501694813370705 -0.03308624401688576
v -0.026559187099337585 -0.03613907098770142 -0.01545888464897871
v -0.025609845295548446 -0.03442955762147904 -0.01958763785660267
v -0.026495395228266723 -0.03830455988645554 -0.014818075112998486
v -0.026495395228266723 -0.03830455988645554 -0.014818075112998486
v -0.025609845295548446 -0.03442955762147904 -0.01958763785660267
v -0.025427738204598434 -0.03629350289702416 -0.019544484093785286
v -0.026495395228266723 -0.03830455988645554 -0.014818075112998486
v -0.025427738204598434 -0.03629350289702416 -0.019544484093785286
v -0.025946604087948806 -0.04044672846794129 -0.014573994092643261
v -0.025946604087948806 -0.04044672846794129 -0.014573994092643261
v -0.025427738204598434 -0.03629350289702416 -0.019544484093785286
v -0.024985259398818023 -0.038441739976406104 -0.019200684502720833
v -0.025946604087948806 -0.04044672846794129 -0.014573994092643261
v -0.024985259398818023 -0.038441739976406104 -0.019200684502720833
v -0.025012383237481124 -0.04242312908172608 -0.014338317327201366
v -0.025012383237481124 -0.04242312908172608 -0.014338317327201366
v -0.024985259398818023 -0.038441739976406104 -0.019200684502720833
v -0.024215651676058776 -0.0404726304113865 -0.01887303777039051
v -0.025012383237481124 -0.04242312908172608 -0.014338317327201366
v -0.024215651676058776 -0.0404726304113865 -0.01887303777039051
v -0.023778712376952178 -0.04420325532555581 -0.014107170514762402
v -0.023778712376952178 -0.04420325532555581 -0.014107170514762402
v -0.024215651676058776 -0.0404726304113865 -0.01887303777039051
v -0.023176224902272228 -0.042357534170150764 -0.018561961129307747
v -0.023778712376952178 -0.04420325532555581 -0.014107170514762402
v -0.023176224902272228 -0.042357534170150764 -0.018561961129307747
v -0.022313116118311885 -0.045800589025020606 -0.013880792073905468
v -0.022313116118311885 -0.045800589025020606 -0.013880792073905468
v -0.023176224902272228 -0.042357534170150764 -0.018561961129307747
v -0.021908925846219066 -0.04410159960389138 -0.018266024067997932
v -0.022313116118311885 -0.045800589025020606 -0.013880792073905468
v -0.021908925846219066 -0.04410159960389138 -0.018266024067997932
v -0.020679039880633358 -0.04722273722290994 -0.013663056306540966
v -0.020679039880633358 -0.04722273722290994 -0.013663056306540966
v -0.021908925846219066 -0.04410159960389138 -0.018266024067997932
v -0.02045627869665623 -0.04569816961884499 -0.017986716702580452
v -0.020679039880633358 -0.04722273722290994 -0.013663056306540966
v -0.02045627869665623 -0.04569816961884499 -0.017986716702580452
v -0.018917044624686245 -0.04848174378275873 -0.01345688384026289
v -0.018917044624686245 -0.04848174378275873 -0.01345688384026289
v -0.02045627869665623 -0.04569816961884499 -0.017986716702580452
v -0.0188449751585722 -0.04714358597993852 -0.01772552914917469
v -0.018917044624686245 -0.04848174378275873 -0.01345688384026289
v -0.0188449751585722 -0.04714358597993852 -0.01772552914917469
v -0.017041260376572612 -0.049590259790420546 -0.013265552930533886
v -0.017041260376572612 -0.049590259790420546 -0.013265552930533886
v -0.0188449751585722 -0.04714358597993852 -0.01772552914917469
v -0.01708215288817883 -0.04843641817569734 -0.01748424954712391
v -0.017041260376572612 -0.049590259790420546 -0.013265552930533886
v -0.01708215288817883 -0.04843641817569734 -0.01748424954712391
v -0.015063708648085598 -0.0505487732589245 -0.013093831948935986
v -0.015063708648085598 -0.0505487732589245 -0.013093831948935986
v -0.01708215288817883 -0.04843641817569734 -0.01748424954712391
v -0.015176987275481228 -0.04956313967704774 -0.01726752705872059
v -0.015063708648085598 -0.0505487732589245 -0.013093831948935986
v -0.015176987275481228 -0.04956313967704774 -0.01726752705872059
v -0.013000490143895153 -0.051350329071283354 -0.012946072034537792
v -0.013000490143895153 -0.051350329071283354 -0.012946072034537792
v -0.015176987275481228 -0.04956313967704774 -0.01726752705872059
v -0.013147162273526195 -0.05050315707921983 -0.017080606892704964
v -0.013000490143895153 -0.051350329071283354 -0.012946072034537792
v -0.013147162273526195 -0.05050315707921983 -0.017080606892704964
v -0.0108714085072279 -0.05198951810598375 -0.012825134210288525
v -0.0108714085072279 -0.05198951810598375 -0.012825134210288525
v -0.013147162273526195 -0.05050315707921983 -0.017080606892704964
v -0.01101910136640072 -0.05124118179082872 -0.016927482560276985
v -0.0108714085072279 -0.05198951810598375 -0.012825134210288525
v -0.01101910136640072 -0.05124118179082872 -0.016927482560276985
v -0.008691346272826196 -0.052469618618488326 -0.012731912545859814
v -0.008691346272826196 -0.052469618618488326 -0.012731912545859814
v -0.01101910136640072 -0.05124118179082872 -0.016927482560276985
v -0.008817901834845545 -0.05177792534232141 -0.01680934615433216
v -0.008691346272826196 -0.052469618618488326 -0.012731912545859814
v -0.008817901834845545 -0.05177792534232141 -0.01680934615433216
v -0.006571507081389429 -0.05212899670004846 -0.01672530360519886
v -0.006571507081389429 -0.05212899670004846 -0.01672530360519886
v -0.008817901834845545 -0.05177792534232141 -0.01680934615433216
v -0.008937360718846323 -0.05083544552326204 -0.02082783170044422
v -0.006571507081389429 -0.05212899670004846 -0.01672530360519886
v -0.008937360718846323 -0.05083544552326204 -0.02082783170044422
v -0.0066651124507188814 -0.0512099824845791 -0.02072763629257679
v -0.0066651124507188814 -0.0512099824845791 -0.02072763629257679
v -0.008937360718846323 -0.05083544552326204 -0.02082783170044422
v -0.009011728689074518 -0.0496221035718918 -0.02480185218155384
v -0.0066651124507188814 -0.0512099824845791 -0.02072763629257679
v -0.009011728689074518 -0.0496221035718918 -0.02480185218155384
v -0.0067300107330083864 -0.05002277344465257 -0.02468651719391346
v -0.0067300107330083864 -0.05002277344465257 -0.02468651719391346
v -0.009011728689074518 -0.0496221035718918 -0.02480185218155384
v -0.009002996608614923 -0.048117838799953475 -0.02874612994492054
v -0.0067300107330083864 -0.05002277344465257 -0.02468651719391346
v -0.009002996608614923 -0.048117838799953475 -0.02874612994492054
v -0.0067380685359239596 -0.048545472323894515 -0.028616072610020638
v -0.0067380685359239596 -0.048545472323894515 -0.028616072610020638
v -0.009002996608614923 -0.048117838799953475 -0.02874612994492054
v -0.008305186405777933 -0.046443983912467963 -0.03263003006577492
v -0.0067380685359239596 -0.048545472323894515 -0.028616072610020638
v -0.008305186405777933 -0.046443983912467963 -0.03263003006577492
v -0.006576733663678171 -0.046768724918365485 -0.03252625837922096
v 1.1379847819625868e-06 0.027716187760233886 -0.06524688005447388
v 1.1379847819625868e-06 0.028071908280253417 -0.06590241193771362
v -0.0024207103997468953 0.02800115756690503 -0.06597548723220825
v -0.01541838608682156 -0.02465706132352353 -0.06854903697967529
v -0.01502892188727856 -0.025189621374011047 -0.06692665815353394
v -0.017284492030739788 -0.023659186437726028 -0.06700807809829712
v -0.0027391780167818074 -0.028870232403278358 -0.06999999284744263
v -0.0022658500820398335 -0.029016148298978812 -0.06836265325546265
v -0.005041727796196938 -0.02866083942353726 -0.06839412450790405
v 1.1305345424261761e-06 -0.04230252280831338 -0.041462842375040054
v 1.1156333812323285e-06 -0.04425149410963059 -0.03796768561005592
v -0.004110349342226983 -0.0440986417233944 -0.03801560774445534
v 1.1454354762463483e-06 -0.0020945568103343253 -0.04680532589554787
v 1.1677872180371198e-06 -0.0005333770532160998 -0.04841280356049538
v -0.004083139821887017 -0.0005996201653033496 -0.048456672579050064
v 1.1454354762463483e-06 -0.0020945568103343253 -0.04680532589554787
v -0.004083139821887017 -0.0005996201653033496 -0.048456672579050064
v -0.003454534336924554 -0.002143741818144918 -0.04678976908326149
v -0.003454534336924554 -0.002143741818144918 -0.04678976908326149
v -0.004083139821887017 -0.0005996201653033496 -0.048456672579050064
v -0.006285080686211588 -0.0008278239984065296 -0.048433784395456314
v -0.003454534336924554 -0.002143741818144918 -0.04678976908326149
v -0.006285080686211588 -0.0008278239984065296 -0.048433784395456314
v -0.006167592480778696 -0.002365340711548925 -0.0467185415327549
v -0.006167592480778696 -0.002365340711548925 -0.0467185415327549
v -0.006285080686211588 -0.0008278239984065296 -0.048433784395456314
v -0.008414836600422861 -0.0012514938134700062 -0.04835355654358864
v -0.006167592480778696 -0.002365340711548925 -0.0467185415327549
v -0.008414836600422861 -0.0012514938134700062 -0.04835355654358864
v -0.008329829201102259 -0.0027523573953658347 -0.04659492149949074
v -0.008329829201102259 -0.0027523573953658347 -0.04659492149949074
v -0.008414836600422861 -0.0012514938134700062 -0.04835355654358864
v -0.010449310764670374 -0.001901199342682958 -0.04820406809449196
v -0.008329829201102259 -0.0027523573953658347 -0.04659492149949074
v -0.010449310764670374 -0.001901199342682958 -0.04820406809449196
v -0.010529866442084314 -0.0034174185711890468 -0.04638278856873512
v -0.010529866442084314 -0.0034174185711890468 -0.04638278856873512
v -0.010449310764670374 -0.001901199342682958 -0.04820406809449196
v -0.01236779056489468 -0.002796088578179479 -0.047977570444345474
v -0.010529866442084314 -0.0034174185711890468 -0.04638278856873512
v -0.01236779056489468 -0.002796088578179479 -0.047977570444345474
v -0.01241581700742245 -0.004276332911103965 -0.04610813036561012
v -0.01241581700742245 -0.004276332911103965 -0.04610813036561012
v -0.01236779056489468 -0.002796088578179479 -0.047977570444345474
v -0.014151604846119884 -0.0039450651966035375 -0.04767024889588356
v -0.01241581700742245 -0.004276332911103965 -0.04610813036561012
v -0.014151604846119884 -0.0039450651966035375 -0.04767024889588356
v -0.01424014009535313 -0.005439700093120337 -0.045735958963632584
v -0.01424014009535313 -0.005439700093120337 -0.045735958963632584
v -0.014151604846119884 -0.0039450651966035375 -0.04767024889588356
v -0.015783777460455898 -0.0053479461930692205 -0.04728180542588234
v -0.01424014009535313 -0.005439700093120337 -0.045735958963632584
v -0.015783777460455898 -0.0053479461930692205 -0.04728180542588234
v -0.015822755172848705 -0.006796961184591057 -0.04530215635895729
v -0.015822755172848705 -0.006796961184591057 -0.04530215635895729
v -0.015783777460455898 -0.0053479461930692205 -0.04728180542588234
v -0.017249265685677532 -0.006996450480073692 -0.04681450501084328
v -0.015822755172848705 -0.006796961184591057 -0.04530215635895729
v -0.017249265685677532 -0.006996450480073692 -0.04681450501084328
v -0.017318448051810268 -0.008483172394335272 -0.04476368799805641
v -0.017318448051810268 -0.008483172394335272 -0.04476368799805641
v -0.017249265685677532 -0.006996450480073692 -0.04681450501084328
v -0.018537124618887905 -0.008874782361090185 -0.046273235231637955
v -0.017318448051810268 -0.008483172394335272 -0.04476368799805641
v -0.018537124618887905 -0.008874782361090185 -0.046273235231637955
v -0.018675306811928753 -0.010496628470718862 -0.04411960020661354
v -0.018675306811928753 -0.010496628470718862 -0.04411960020661354
v -0.018537124618887905 -0.008874782361090185 -0.046273235231637955
v -0.0196386743336916 -0.010960628278553488 -0.04566496983170509
v -0.018675306811928753 -0.010496628470718862 -0.04411960020661354
v -0.0196386743336916 -0.010960628278553488 -0.04566496983170509
v -0.01979031972587109 -0.012680989690124992 -0.043421391397714615
v -0.01979031972587109 -0.012680989690124992 -0.043421391397714615
v -0.0196386743336916 -0.010960628278553488 -0.04566496983170509
v -0.020546531304717067 -0.013226141221821312 -0.0449984110891819
v -0.01979031972587109 -0.012680989690124992 -0.043421391397714615
v -0.020546531304717067 -0.013226141221821312 -0.0449984110891819
v -0.02078785188496113 -0.015345067717134956 -0.04257005825638771
v -0.020546531304717067 -0.013226141221821312 -0.0449984110891819
v -0.02125463075935841 -0.015638900920748714 -0.04428357258439064
v -0.02078785188496113 -0.015345067717134956 -0.04257005825638771
v -0.02078785188496113 -0.015345067717134956 -0.04257005825638771
v -0.02125463075935841 -0.015638900920748714 -0.04428357258439064
v -0.021758226677775386 -0.01816285960376263 -0.043531302362680435
v -0.02078785188496113 -0.015345067717134956 -0.04257005825638771
v -0.021758226677775386 -0.01816285960376263 -0.043531302362680435
v -0.021542983129620556 -0.01833145506680012 -0.04161650314927101
v -0.021542983129620556 -0.01833145506680012 -0.04161650314927101
v -0.021758226677775386 -0.01816285960376263 -0.043531302362680435
v -0.0220539253205061 -0.02075929753482342 -0.042753223329782486
v -0.021542983129620556 -0.01833145506680012 -0.04161650314927101
v -0.0220539253205061 -0.02075929753482342 -0.042753223329782486
v -0.021978827193379406 -0.0212762113660574 -0.04067457094788551
v -0.021978827193379406 -0.0212762113660574 -0.04067457094788551
v -0.0220539253205061 -0.02075929753482342 -0.042753223329782486
v -0.02213968522846699 -0.02338778413832188 -0.041961196810007095
v -0.021978827193379406 -0.0212762113660574 -0.04067457094788551
v -0.02213968522846699 -0.02338778413832188 -0.041961196810007095
v -0.02214324660599232 -0.02428871579468251 -0.039711181074380875
v -0.02214324660599232 -0.02428871579468251 -0.039711181074380875
v -0.02213968522846699 -0.02338778413832188 -0.041961196810007095
v -0.02201505191624165 -0.026007523760199554 -0.04116702452301979
v -0.02214324660599232 -0.02428871579468251 -0.039711181074380875
v -0.02201505191624165 -0.026007523760199554 -0.04116702452301979
v -0.022119404748082164 -0.02589231543242932 -0.03919893875718117
v -0.022119404748082164 -0.02589231543242932 -0.03919893875718117
v -0.02201505191624165 -0.026007523760199554 -0.04116702452301979
v -0.021681936457753185 -0.028579402714967735 -0.040383998304605484
v -0.022119404748082164 -0.02589231543242932 -0.03919893875718117
v -0.021681936457753185 -0.028579402714967735 -0.040383998304605484
v -0.02172036282718182 -0.02987548895180226 -0.03792572394013405
v -0.02172036282718182 -0.02987548895180226 -0.03792572394013405
v -0.021681936457753185 -0.028579402714967735 -0.040383998304605484
v -0.02168701402842999 -0.030075000599026687 -0.03786194697022438
v -0.02168701402842999 -0.030075000599026687 -0.03786194697022438
v -0.021681936457753185 -0.028579402714967735 -0.040383998304605484
v -0.021143963560462 -0.031065588817000396 -0.03962535038590431
v -0.02168701402842999 -0.030075000599026687 -0.03786194697022438
v -0.021143963560462 -0.031065588817000396 -0.03962535038590431
v -0.021570740267634395 -0.03071610815823079 -0.03765696659684181
v -0.021570740267634395 -0.03071610815823079 -0.03765696659684181
v -0.021143963560462 -0.031065588817000396 -0.03962535038590431
v -0.020635491237044338 -0.03431732952594758 -0.036505941301584244
v -0.020635491237044338 -0.03431732952594758 -0.036505941301584244
v -0.021143963560462 -0.031065588817000396 -0.03962535038590431
v -0.020406177267432216 -0.033430024981498725 -0.03890365734696388
v -0.020635491237044338 -0.03431732952594758 -0.036505941301584244
v -0.020406177267432216 -0.033430024981498725 -0.03890365734696388
v -0.02046149037778378 -0.034822259098291404 -0.03634459152817726
v -0.02046149037778378 -0.034822259098291404 -0.03634459152817726
v -0.020406177267432216 -0.033430024981498725 -0.03890365734696388
v -0.020288182422518734 -0.03529385849833489 -0.0361938513815403
v -0.020288182422518734 -0.03529385849833489 -0.0361938513815403
v -0.020406177267432216 -0.033430024981498725 -0.03890365734696388
v -0.019475011155009273 -0.035639327019453056 -0.03823006525635719
v -0.020288182422518734 -0.03529385849833489 -0.0361938513815403
v -0.019475011155009273 -0.035639327019453056 -0.03823006525635719
v -0.01953062601387501 -0.03707439824938775 -0.03562486544251442
v -0.01953062601387501 -0.03707439824938775 -0.03562486544251442
v -0.019475011155009273 -0.035639327019453056 -0.03823006525635719
v -0.01889496855437756 -0.0383090227842331 -0.03523022308945656
v -0.01889496855437756 -0.0383090227842331 -0.03523022308945656
v -0.019475011155009273 -0.035639327019453056 -0.03823006525635719
v -0.018358232453465465 -0.037663664668798454 -0.03761434927582741
v -0.01889496855437756 -0.0383090227842331 -0.03523022308945656
v -0.018358232453465465 -0.037663664668798454 -0.03761434927582741
v -0.018442852422595028 -0.03908051550388337 -0.03498363867402077
v -0.018442852422595028 -0.03908051550388337 -0.03498363867402077
v -0.018358232453465465 -0.037663664668798454 -0.03761434927582741
v -0.017737271264195446 -0.04014392569661141 -0.03464365378022194
v -0.017737271264195446 -0.04014392569661141 -0.03464365378022194
v -0.018358232453465465 -0.037663664668798454 -0.03761434927582741
v -0.01706490851938725 -0.039477642625570304 -0.03706425800919533
v -0.017737271264195446 -0.04014392569661141 -0.03464365378022194
v -0.01706490851938725 -0.039477642625570304 -0.03706425800919533
v -0.016365965828299526 -0.041833527386188514 -0.034103576093912125
v -0.016365965828299526 -0.041833527386188514 -0.034103576093912125
v -0.01706490851938725 -0.039477642625570304 -0.03706425800919533
v -0.015605369582772258 -0.041061185300350196 -0.03658521547913551
v -0.016365965828299526 -0.041833527386188514 -0.034103576093912125
v -0.015605369582772258 -0.041061185300350196 -0.03658521547913551
v -0.013998189941048626 -0.04392742738127709 -0.03343445435166359
v -0.013998189941048626 -0.04392742738127709 -0.03343445435166359
v -0.015605369582772258 -0.041061185300350196 -0.03658521547913551
v -0.014030316844582561 -0.04078350961208344 -0.038916412740945816
v -0.013998189941048626 -0.04392742738127709 -0.03343445435166359
v -0.014030316844582561 -0.04078350961208344 -0.038916412740945816
v -0.013673355802893642 -0.04415300115942956 -0.03336239233613014
v -0.013673355802893642 -0.04415300115942956 -0.03336239233613014
v -0.014030316844582561 -0.04078350961208344 -0.038916412740945816
v -0.012278700247406963 -0.0418837033212185 -0.03860783949494362
v -0.013673355802893642 -0.04415300115942956 -0.03336239233613014
v -0.012278700247406963 -0.0418837033212185 -0.03860783949494362
v -0.012221964076161388 -0.04501694813370705 -0.03308624401688576
v -0.012221964076161388 -0.04501694813370705 -0.03308624401688576
v -0.012278700247406963 -0.0418837033212185 -0.03860783949494362
v -0.010991236194968225 -0.045590363442897804 -0.032902900129556656
v -0.010991236194968225 -0.045590363442897804 -0.032902900129556656
v -0.012278700247406963 -0.0418837033212185 -0.03860783949494362
v -0.010397018864750864 -0.04275039955973626 -0.038368526846170425
v -0.010991236194968225 -0.045590363442897804 -0.032902900129556656
v -0.010397018864750864 -0.04275039955973626 -0.038368526846170425
v -0.010280484333634378 -0.045864779502153404 -0.03281516209244728
v -0.010280484333634378 -0.045864779502153404 -0.03281516209244728
v -0.010397018864750864 -0.04275039955973626 -0.038368526846170425
v -0.008873170241713526 -0.04630257189273835 -0.03267526999115944
v -0.008873170241713526 -0.04630257189273835 -0.03267526999115944
v -0.010397018864750864 -0.04275039955973626 -0.038368526846170425
v -0.00839817710220814 -0.04339458793401719 -0.03819531574845314
v -0.008873170241713526 -0.04630257189273835 -0.03267526999115944
v -0.00839817710220814 -0.04339458793401719 -0.03819531574845314
v -0.008305186405777933 -0.046443983912467963 -0.03263003006577492
v -0.008305186405777933 -0.046443983912467963 -0.03263003006577492
v -0.00839817710220814 -0.04339458793401719 -0.03819531574845314
v -0.006296971812844278 -0.04383493959903718 -0.03808129206299782
v -0.008305186405777933 -0.046443983912467963 -0.03263003006577492
v -0.006296971812844278 -0.04383493959903718 -0.03808129206299782
v -0.006576733663678171 -0.046768724918365485 -0.03252625837922096
v -0.006576733663678171 -0.046768724918365485 -0.03252625837922096
v -0.006296971812844278 -0.04383493959903718 -0.03808129206299782
v -0.004110349342226983 -0.0440986417233944 -0.03801560774445534
v -0.006576733663678171 -0.046768724918365485 -0.03252625837922096
v -0.004110349342226983 -0.0440986417233944 -0.03801560774445534
v -0.004030117765069009 -0.04701843485236169 -0.032446447759866714
v -0.004030117765069009 -0.04701843485236169 -0.032446447759866714
v -0.004110349342226983 -0.0440986417233944 -0.03801560774445534
v -0.0013601576210930946 -0.0470927804708481 -0.03242260590195656
v -0.0013601576210930946 -0.0470927804708481 -0.03242260590195656
v -0.004110349342226983 -0.0440986417233944 -0.03801560774445534
v 1.1156333812323285e-06 -0.04425149410963059 -0.03796768561005592
v -0.0013601576210930946 -0.0470927804708481 -0.03242260590195656
v 1.1156333812323285e-06 -0.04425149410963059 -0.03796768561005592
v 1.1230839618292523e-06 -0.047095958143472685 -0.03242165222764015
v -0.0019766334444284443 -0.03508694097399712 -0.05371946468949318
v 1.1305345424261761e-06 -0.03808972984552384 -0.048657361418008804
v -0.0019349699141457681 -0.03801679983735085 -0.048704806715250015
v -0.0019349699141457681 -0.03801679983735085 -0.048704806715250015
v 1.1305345424261761e-06 -0.03808972984552384 -0.048657361418008804
v 1.1230839618292523e-06 -0.04118448868393899 -0.04340255632996559
v -0.0019349699141457681 -0.03801679983735085 -0.048704806715250015
v 1.1230839618292523e-06 -0.04118448868393899 -0.04340255632996559
v -0.004191050305962563 -0.04095555096864701 -0.04348361864686012
v 1.1156333812323285e-06 -0.0326409861445427 -0.058351997286081314
v 1.1305345424261761e-06 -0.03452672809362412 -0.05481404438614845
v -0.0019766334444284443 -0.03508694097399712 -0.05371946468949318
v -0.0019766334444284443 -0.03508694097399712 -0.05371946468949318
v 1.1305345424261761e-06 -0.03452672809362412 -0.05481404438614845
v 1.1230839618292523e-06 -0.035174053162336356 -0.05366260185837746
v -0.0019766334444284443 -0.03508694097399712 -0.05371946468949318
v 1.1230839618292523e-06 -0.035174053162336356 -0.05366260185837746
v 1.1305345424261761e-06 -0.03808972984552384 -0.048657361418008804
v 1.1230838481424146e-06 -0.02910758554935456 -0.06833785772323608
v 1.1305344287393384e-06 -0.029504470527172096 -0.06624108552932739
v -0.0022070873528718953 -0.0293355192989111 -0.06660139560699463
v -0.008721558377146723 -0.02765710838139058 -0.06999999284744263
v -0.0062138419598341006 -0.028326207771897323 -0.06999999284744263
v -0.005041727796196938 -0.02866083942353726 -0.06839412450790405
v -0.005041727796196938 -0.02866083942353726 -0.06839412450790405
v -0.0062138419598341006 -0.028326207771897323 -0.06999999284744263
v -0.0057624075561761865 -0.028421493247151382 -0.06999999284744263
v -0.005041727796196938 -0.02866083942353726 -0.06839412450790405
v -0.0057624075561761865 -0.028421493247151382 -0.06999999284744263
v -0.0027391780167818074 -0.028870232403278358 -0.06999999284744263
v -0.005041727796196938 -0.02866083942353726 -0.06839412450790405
v -0.007769061252474787 -0.028040895238518722 -0.06842821836471558
v -0.008721558377146723 -0.02765710838139058 -0.06999999284744263
v -0.008721558377146723 -0.02765710838139058 -0.06999999284744263
v -0.007769061252474787 -0.028040895238518722 -0.06842821836471558
v -0.010423148050904276 -0.0271617528051138 -0.06846553087234497
v -0.008721558377146723 -0.02765710838139058 -0.06999999284744263
v -0.010423148050904276 -0.0271617528051138 -0.06846553087234497
v -0.01158401556313038 -0.026585424318909652 -0.06999999284744263
v -0.01158401556313038 -0.026585424318909652 -0.06999999284744263
v -0.010423148050904276 -0.0271617528051138 -0.06846553087234497
v -0.012140007689595226 -0.02633615396916867 -0.06999999284744263
v -0.012140007689595226 -0.02633615396916867 -0.06999999284744263
v -0.010423148050904276 -0.0271617528051138 -0.06846553087234497
v -0.012980436906218532 -0.026030750945210464 -0.06850606203079224
v -0.012140007689595226 -0.02633615396916867 -0.06999999284744263
v -0.012980436906218532 -0.026030750945210464 -0.06850606203079224
v -0.014317823573946956 -0.02521838806569577 -0.06999999284744263
v -0.014317823573946956 -0.02521838806569577 -0.06999999284744263
v -0.012980436906218532 -0.026030750945210464 -0.06850606203079224
v -0.01541838608682156 -0.02465706132352353 -0.06854903697967529
v -0.014317823573946956 -0.02521838806569577 -0.06999999284744263
v -0.01541838608682156 -0.02465706132352353 -0.06854903697967529
v -0.016892375424504284 -0.023571373894810684 -0.06999999284744263
v -0.016892375424504284 -0.023571373894810684 -0.06999999284744263
v -0.01541838608682156 -0.02465706132352353 -0.06854903697967529
v -0.017284492030739788 -0.023659186437726028 -0.06700807809829712
v -0.016892375424504284 -0.023571373894810684 -0.06999999284744263
v -0.017284492030739788 -0.023659186437726028 -0.06700807809829712
v -0.017502000555396083 -0.02312230132520199 -0.06999999284744263
v -0.017502000555396083 -0.02312230132520199 -0.06999999284744263
v -0.017284492030739788 -0.023659186437726028 -0.06700807809829712
v -0.01939220912754536 -0.021913537755608562 -0.06709051132202148
v -0.017502000555396083 -0.02312230132520199 -0.06999999284744263
v -0.01939220912754536 -0.021913537755608562 -0.06709051132202148
v -0.01927938871085644 -0.021662460640072826 -0.06999999284744263
v -0.01927938871085644 -0.021662460640072826 -0.06999999284744263
v -0.01939220912754536 -0.021913537755608562 -0.06709051132202148
v -0.021452253684401516 -0.01951287128031254 -0.06999993324279785
v -0.021452253684401516 -0.01951287128031254 -0.06999993324279785
v -0.01939220912754536 -0.021913537755608562 -0.06709051132202148
v -0.02133308164775372 -0.01996295712888241 -0.0671699047088623
v -0.021452253684401516 -0.01951287128031254 -0.06999993324279785
v -0.02133308164775372 -0.01996295712888241 -0.0671699047088623
v -0.022050643339753154 -0.018833989277482036 -0.06999993324279785
v -0.022050643339753154 -0.018833989277482036 -0.06999993324279785
v -0.02133308164775372 -0.01996295712888241 -0.0671699047088623
v -0.02308808453381062 -0.017819957807660106 -0.06724154949188232
v -0.022050643339753154 -0.018833989277482036 -0.06999993324279785
v -0.02308808453381062 -0.017819957807660106 -0.06724154949188232
v -0.0233867671340704 -0.01714662276208401 -0.06999999284744263
v -0.0233867671340704 -0.01714662276208401 -0.06999999284744263
v -0.02308808453381062 -0.017819957807660106 -0.06724154949188232
v -0.025061497464776046 -0.014589902944862846 -0.0700000524520874
v -0.025061497464776046 -0.014589902944862846 -0.0700000524520874
v -0.02308808453381062 -0.017819957807660106 -0.06724154949188232
v -0.024638229981064803 -0.015500155277550224 -0.06730157136917114
v -0.025061497464776046 -0.014589902944862846 -0.0700000524520874
v -0.024638229981064803 -0.015500155277550224 -0.06730157136917114
v -0.0255745965987444 -0.013670505024492744 -0.06999999284744263
v -0.0255745965987444 -0.013670505024492744 -0.06999999284744263
v -0.024638229981064803 -0.015500155277550224 -0.06730157136917114
v -0.025965029373765 -0.013022047467529777 -0.06734675168991089
v -0.0255745965987444 -0.013670505024492744 -0.06999999284744263
v -0.025965029373765 -0.013022047467529777 -0.06734675168991089
v -0.02645785920321942 -0.011871059425175193 -0.06999999284744263
v -0.02645785920321942 -0.011871059425175193 -0.06999999284744263
v -0.025965029373765 -0.013022047467529777 -0.06734675168991089
v -0.027051100507378585 -0.010406811721622946 -0.067374587059021
v -0.02645785920321942 -0.011871059425175193 -0.06999999284744263
v -0.027051100507378585 -0.010406811721622946 -0.067374587059021
v -0.027560314163565643 -0.009020362980663778 -0.06999993324279785
v -0.027560314163565643 -0.009020362980663778 -0.06999993324279785
v -0.027051100507378585 -0.010406811721622946 -0.067374587059021
v -0.027910074219107635 -0.007871774025261404 -0.06999993324279785
v -0.027910074219107635 -0.007871774025261404 -0.06999993324279785
v -0.027051100507378585 -0.010406811721622946 -0.067374587059021
v -0.02788073383271695 -0.007678223308175804 -0.06738358736038208
v -0.027910074219107635 -0.007871774025261404 -0.06999993324279785
v -0.02788073383271695 -0.007678223308175804 -0.06738358736038208
v -0.028356602415442474 -0.006069561000913383 -0.06999999284744263
v -0.028356602415442474 -0.006069561000913383 -0.06999999284744263
v -0.02788073383271695 -0.007678223308175804 -0.06738358736038208
v -0.028440503403544433 -0.004862563218921424 -0.06737369298934937
v -0.028356602415442474 -0.006069561000913383 -0.06999999284744263
v -0.028440503403544433 -0.004862563218921424 -0.06737369298934937
v -0.02883791364729405 -0.0030512523371726283 -0.0700000524520874
v -0.02850246988236905 0.0048543871380388745 -0.0686790943145752
v -0.027857610955834396 0.0076891840435564535 -0.06863796710968018
v -0.02791008539497853 0.007871775887906553 -0.0700000524520874
v -0.02791008539497853 0.007871775887906553 -0.0700000524520874
v -0.027857610955834396 0.0076891840435564535 -0.06863796710968018
v -0.027612896636128433 0.008858098648488523 -0.0700000524520874
v -0.027612896636128433 0.008858098648488523 -0.0700000524520874
v -0.027857610955834396 0.0076891840435564535 -0.06863796710968018
v -0.026930844411253936 0.010448790155351164 -0.06859272718429565
v -0.027612896636128433 0.008858098648488523 -0.0700000524520874
v -0.026930844411253936 0.010448790155351164 -0.06859272718429565
v -0.0265271756798029 0.011715314351022245 -0.06999987363815308
v -0.0265271756798029 0.011715314351022245 -0.06999987363815308
v -0.026930844411253936 0.010448790155351164 -0.06859272718429565
v -0.025730663910508163 0.013104236684739593 -0.06854397058486938
v -0.0265271756798029 0.011715314351022245 -0.06999987363815308
v -0.025730663910508163 0.013104236684739593 -0.06854397058486938
v -0.025574581697583205 0.013670503161847595 -0.06999987363815308
v -0.025574581697583205 0.013670503161847595 -0.06999987363815308
v -0.025730663910508163 0.013104236684739593 -0.06854397058486938
v -0.025146847590804107 0.01444227155297995 -0.06999987363815308
v -0.025146847590804107 0.01444227155297995 -0.06999987363815308
v -0.025730663910508163 0.013104236684739593 -0.06854397058486938
v -0.02426849119365216 0.015627680346369747 -0.06849199533462524
v -0.025146847590804107 0.01444227155297995 -0.06999987363815308
v -0.02426849119365216 0.015627680346369747 -0.06849199533462524
v -0.023487331345677383 0.017008630558848385 -0.06999999284744263
v -0.023487331345677383 0.017008630558848385 -0.06999999284744263
v -0.02426849119365216 0.015627680346369747 -0.06849199533462524
v -0.022558463737368587 0.01799264363944531 -0.06843668222427368
v -0.023487331345677383 0.017008630558848385 -0.06999999284744263
v -0.022558463737368587 0.01799264363944531 -0.06843668222427368
v -0.022050661966204647 0.01883400045335293 -0.0700000524520874
v -0.022050661966204647 0.01883400045335293 -0.0700000524520874
v -0.022558463737368587 0.01799264363944531 -0.06843668222427368
v -0.021566601470112804 0.019386431202292446 -0.06999999284744263
v -0.021566601470112804 0.019386431202292446 -0.06999999284744263
v -0.022558463737368587 0.01799264363944531 -0.06843668222427368
v -0.020617166534066204 0.02017445676028729 -0.06837791204452515
v -0.021566601470112804 0.019386431202292446 -0.06999999284744263
v -0.020617166534066204 0.02017445676028729 -0.06837791204452515
v -0.019406335428357128 0.02154876105487347 -0.0699998140335083
v -0.019406335428357128 0.02154876105487347 -0.0699998140335083
v -0.020617166534066204 0.02017445676028729 -0.06837791204452515
v -0.018463419750332836 0.022150723263621334 -0.06831532716751099
v -0.019406335428357128 0.02154876105487347 -0.0699998140335083
v -0.018463419750332836 0.022150723263621334 -0.06831532716751099
v -0.017502000555396083 0.02312230132520199 -0.06999987363815308
v -0.017502000555396083 0.02312230132520199 -0.06999987363815308
v -0.018463419750332836 0.022150723263621334 -0.06831532716751099
v -0.016118200495839122 0.02390077523887158 -0.06824922561645508
v -0.017502000555396083 0.02312230132520199 -0.06999987363815308
v -0.016118200495839122 0.02390077523887158 -0.06824922561645508
v -0.017030833289027218 0.023471532389521606 -0.06999987363815308
v -0.017030833289027218 0.023471532389521606 -0.06999987363815308
v -0.016118200495839122 0.02390077523887158 -0.06824922561645508
v -0.013604445382952694 0.02540565840899945 -0.06818008422851562
v -0.017030833289027218 0.023471532389521606 -0.06999987363815308
v -0.013604445382952694 0.02540565840899945 -0.06818008422851562
v -0.014465989544987682 0.025133719667792327 -0.06999999284744263
v -0.014465989544987682 0.025133719667792327 -0.06999999284744263
v -0.013604445382952694 0.02540565840899945 -0.06818008422851562
v -0.012140003964304927 0.026336139068007476 -0.06999987363815308
v -0.012140003964304927 0.026336139068007476 -0.06999987363815308
v -0.013604445382952694 0.02540565840899945 -0.06818008422851562
v -0.01094692386686802 0.02664874307811261 -0.06810879707336426
v -0.012140003964304927 0.026336139068007476 -0.06999987363815308
v -0.01094692386686802 0.02664874307811261 -0.06810879707336426
v -0.011740094050765041 0.026516845449805267 -0.06999987363815308
v -0.011740094050765041 0.026516845449805267 -0.06999987363815308
v -0.01094692386686802 0.02664874307811261 -0.06810879707336426
v -0.008172256872057916 0.027615791186690337 -0.06803703308105469
v -0.011740094050765041 0.026516845449805267 -0.06999987363815308
v -0.008172256872057916 0.027615791186690337 -0.06803703308105469
v -0.00888401083648205 0.027605308219790466 -0.06999975442886353
v 1.1454353625595106e-06 0.02847524546086789 -0.06685703992843628
v 1.1454353625595106e-06 0.028766026720404632 -0.06785792112350464
v -0.0023871529847383503 0.028677253052592284 -0.06790375709533691
v -0.0023871529847383503 0.028677253052592284 -0.06790375709533691
v 1.1454353625595106e-06 0.028766026720404632 -0.06785792112350464
v 1.1454353625595106e-06 0.02889379672706128 -0.06853693723678589
v -0.00888401083648205 0.027605308219790466 -0.06999975442886353
v -0.008172256872057916 0.027615791186690337 -0.06803703308105469
v -0.006213845685124399 0.028326226398348815 -0.0699998140335083
v -0.006213845685124399 0.028326226398348815 -0.0699998140335083
v -0.008172256872057916 0.027615791186690337 -0.06803703308105469
v -0.005308905616402627 0.028294941410422332 -0.06796759366989136
v -0.006213845685124399 0.028326226398348815 -0.0699998140335083
v -0.005308905616402627 0.028294941410422332 -0.06796759366989136
v -0.005929877981543543 0.0283870529383421 -0.06999987363815308
v -0.005929877981543543 0.0283870529383421 -0.06999987363815308
v -0.005308905616402627 0.028294941410422332 -0.06796759366989136
v -0.0023871529847383503 0.028677253052592284 -0.06790375709533691
v -0.005929877981543543 0.0283870529383421 -0.06999987363815308
v -0.0023871529847383503 0.028677253052592284 -0.06790375709533691
v -0.002908384427428246 0.02885368280112744 -0.06999993324279785
v -0.002908384427428246 0.02885368280112744 -0.06999993324279785
v -0.0023871529847383503 0.028677253052592284 -0.06790375709533691
v 1.1454353625595106e-06 0.02889379672706128 -0.06853693723678589
v -0.002908384427428246 0.02885368280112744 -0.06999993324279785
v 1.1454353625595106e-06 0.02889379672706128 -0.06853693723678589
v 1.1230836207687391e-06 0.028999967500567443 -0.06999999284744263
v 1.1677872180371198e-06 -0.0005333770532160998 -0.04841280356049538
v 1.1677872180371198e-06 0.0013583477120846512 -0.04991770163178444
v -0.0018704106332734232 0.0013624120038002732 -0.04994422569870949
v 1.1379847819625868e-06 0.028071908280253417 -0.06590241193771362
v 1.1454353625595106e-06 0.02847524546086789 -0.06685703992843628
v -0.0024207103997468953 0.02800115756690503 -0.06597548723220825
v -0.0024207103997468953 0.02800115756690503 -0.06597548723220825
v 1.1454353625595106e-06 0.02847524546086789 -0.06685703992843628
v -0.0023871529847383503 0.028677253052592284 -0.06790375709533691
v -0.0024207103997468953 0.02800115756690503 -0.06597548723220825
v -0.0023871529847383503 0.028677253052592284 -0.06790375709533691
v -0.005381675437092782 0.027628069743514068 -0.06608086824417114
v -0.005381675437092782 0.027628069743514068 -0.06608086824417114
v -0.0023871529847383503 0.028677253052592284 -0.06790375709533691
v -0.005308905616402627 0.028294941410422332 -0.06796759366989136
v -0.005381675437092782 0.027628069743514068 -0.06608086824417114
v -0.005308905616402627 0.028294941410422332 -0.06796759366989136
v -0.008278751745820047 0.026945253834128387 -0.06619668006896973
v -0.008278751745820047 0.026945253834128387 -0.06619668006896973
v -0.005308905616402627 0.028294941410422332 -0.06796759366989136
v -0.008172256872057916 0.027615791186690337 -0.06803703308105469
v -0.008278751745820047 0.026945253834128387 -0.06619668006896973
v -0.008172256872057916 0.027615791186690337 -0.06803703308105469
v -0.011079492047429087 0.025963155552744872 -0.06631684303283691
v -0.011079492047429087 0.025963155552744872 -0.06631684303283691
v -0.008172256872057916 0.027615791186690337 -0.06803703308105469
v -0.01094692386686802 0.02664874307811261 -0.06810879707336426
v -0.011079492047429087 0.025963155552744872 -0.06631684303283691
v -0.01094692386686802 0.02664874307811261 -0.06810879707336426
v -0.013754179701209072 0.02469554357230664 -0.06643658876419067
v -0.013754179701209072 0.02469554357230664 -0.06643658876419067
v -0.01094692386686802 0.02664874307811261 -0.06810879707336426
v -0.013604445382952694 0.02540565840899945 -0.06818008422851562
v -0.013754179701209072 0.02469554357230664 -0.06643658876419067
v -0.013604445382952694 0.02540565840899945 -0.06818008422851562
v -0.016275623813271526 0.02315892837941647 -0.06655275821685791
v -0.016275623813271526 0.02315892837941647 -0.06655275821685791
v -0.013604445382952694 0.02540565840899945 -0.06818008422851562
v -0.016118200495839122 0.02390077523887158 -0.06824922561645508
v -0.016275623813271526 0.02315892837941647 -0.06655275821685791
v -0.016118200495839122 0.02390077523887158 -0.06824922561645508
v -0.018618939444422725 0.02137204818427563 -0.06666332483291626
v -0.018618939444422725 0.02137204818427563 -0.06666332483291626
v -0.016118200495839122 0.02390077523887158 -0.06824922561645508
v -0.018463419750332836 0.022150723263621334 -0.06831532716751099
v -0.018618939444422725 0.02137204818427563 -0.06666332483291626
v -0.018463419750332836 0.022150723263621334 -0.06831532716751099
v -0.020761350169777874 0.0193555410951376 -0.06676715612411499
v -0.020761350169777874 0.0193555410951376 -0.06676715612411499
v -0.018463419750332836 0.022150723263621334 -0.06831532716751099
v -0.020617166534066204 0.02017445676028729 -0.06837791204452515
v -0.020761350169777874 0.0193555410951376 -0.06676715612411499
v -0.020617166534066204 0.02017445676028729 -0.06837791204452515
v -0.022682109847664837 0.017131520435214046 -0.06686389446258545
v -0.022682109847664837 0.017131520435214046 -0.06686389446258545
v -0.020617166534066204 0.02017445676028729 -0.06837791204452515
v -0.022558463737368587 0.01799264363944531 -0.06843668222427368
v -0.022682109847664837 0.017131520435214046 -0.06686389446258545
v -0.022558463737368587 0.01799264363944531 -0.06843668222427368
v -0.02436304651200772 0.014723940752446655 -0.06695407629013062
v -0.02436304651200772 0.014723940752446655 -0.06695407629013062
v -0.022558463737368587 0.01799264363944531 -0.06843668222427368
v -0.02426849119365216 0.015627680346369747 -0.06849199533462524
v -0.02436304651200772 0.014723940752446655 -0.06695407629013062
v -0.02426849119365216 0.015627680346369747 -0.06849199533462524
v -0.025788376107811935 0.012159100733697418 -0.06703788042068481
v -0.025788376107811935 0.012159100733697418 -0.06703788042068481
v -0.02426849119365216 0.015627680346369747 -0.06849199533462524
v -0.025730663910508163 0.013104236684739593 -0.06854397058486938
v -0.025788376107811935 0.012159100733697418 -0.06703788042068481
v -0.025730663910508163 0.013104236684739593 -0.06854397058486938
v -0.026944803074002273 0.00946526136249304 -0.06711548566818237
v -0.026944803074002273 0.00946526136249304 -0.06711548566818237
v -0.025730663910508163 0.013104236684739593 -0.06854397058486938
v -0.026930844411253936 0.010448790155351164 -0.06859272718429565
v -0.026944803074002273 0.00946526136249304 -0.06711548566818237
v -0.026930844411253936 0.010448790155351164 -0.06859272718429565
v -0.027821840718388564 0.006672239396721126 -0.06718641519546509
v -0.027821840718388564 0.006672239396721126 -0.06718641519546509
v -0.026930844411253936 0.010448790155351164 -0.06859272718429565
v -0.027857610955834396 0.0076891840435564535 -0.06863796710968018
v -0.027821840718388564 0.006672239396721126 -0.06718641519546509
v -0.027857610955834396 0.0076891840435564535 -0.06863796710968018
v -0.028412090614438064 0.003811022965237499 -0.06724971532821655
v -0.028412090614438064 0.003811022965237499 -0.06724971532821655
v -0.027857610955834396 0.0076891840435564535 -0.06863796710968018
v -0.02850246988236905 0.0048543871380388745 -0.0686790943145752
v -0.028412090614438064 0.003811022965237499 -0.06724971532821655
v -0.02850246988236905 0.0048543871380388745 -0.0686790943145752
v -0.028711540624499328 0.0009134027641266587 -0.06730377674102783
v -0.028711540624499328 0.0009134027641266587 -0.06730377674102783
v -0.02850246988236905 0.0048543871380388745 -0.0686790943145752
v -0.02886003442108632 0.0019742425065487628 -0.0687151551246643
v -0.028711540624499328 0.0009134027641266587 -0.06730377674102783
v -0.02886003442108632 0.0019742425065487628 -0.0687151551246643
v -0.028719836845994003 -0.0019884493667632346 -0.06734615564346313
v -0.028719836845994003 -0.0019884493667632346 -0.06734615564346313
v -0.02886003442108632 0.0019742425065487628 -0.0687151551246643
v -0.028928244486451156 -0.0009208929259330036 -0.06874465942382812
v 1.1379847819625868e-06 0.02670047245919705 -0.06382900476455688
v 1.1379847819625868e-06 0.027716187760233886 -0.06524688005447388
v -0.0024327058345079426 0.0268926676362753 -0.06420964002609253
v -0.0024327058345079426 0.0268926676362753 -0.06420964002609253
v 1.1379847819625868e-06 0.027716187760233886 -0.06524688005447388
v -0.0024207103997468953 0.02800115756690503 -0.06597548723220825
v -0.0024327058345079426 0.0268926676362753 -0.06420964002609253
v -0.0024207103997468953 0.02800115756690503 -0.06597548723220825
v -0.005407268181443215 0.026539294049143798 -0.06433850526809692
v -0.005407268181443215 0.026539294049143798 -0.06433850526809692
v -0.0024207103997468953 0.02800115756690503 -0.06597548723220825
v -0.005381675437092782 0.027628069743514068 -0.06608086824417114
v -0.005407268181443215 0.026539294049143798 -0.06433850526809692
v -0.005381675437092782 0.027628069743514068 -0.06608086824417114
v -0.008314112201333048 0.025868056342005737 -0.06448197364807129
v -0.008314112201333048 0.025868056342005737 -0.06448197364807129
v -0.005381675437092782 0.027628069743514068 -0.06608086824417114
v -0.008278751745820047 0.026945253834128387 -0.06619668006896973
v -0.008314112201333048 0.025868056342005737 -0.06448197364807129
v -0.008278751745820047 0.026945253834128387 -0.06619668006896973
v -0.011119103059172632 0.02488978765904904 -0.06463128328323364
v -0.011119103059172632 0.02488978765904904 -0.06463128328323364
v -0.008278751745820047 0.026945253834128387 -0.06619668006896973
v -0.011079492047429087 0.025963155552744872 -0.06631684303283691
v -0.011119103059172632 0.02488978765904904 -0.06463128328323364
v -0.011079492047429087 0.025963155552744872 -0.06631684303283691
v -0.013791592791676525 0.0236190464347601 -0.06477993726730347
v -0.013791592791676525 0.0236190464347601 -0.06477993726730347
v -0.011079492047429087 0.025963155552744872 -0.06631684303283691
v -0.013754179701209072 0.02469554357230664 -0.06643658876419067
v -0.013791592791676525 0.0236190464347601 -0.06477993726730347
v -0.013754179701209072 0.02469554357230664 -0.06643658876419067
v -0.016304029151797298 0.02207352034747601 -0.0649232268333435
v -0.016304029151797298 0.02207352034747601 -0.0649232268333435
v -0.013754179701209072 0.02469554357230664 -0.06643658876419067
v -0.016275623813271526 0.02315892837941647 -0.06655275821685791
v -0.016304029151797298 0.02207352034747601 -0.0649232268333435
v -0.016275623813271526 0.02315892837941647 -0.06655275821685791
v -0.018631542101502422 0.020273206755518917 -0.06505823135375977
v -0.018631542101502422 0.020273206755518917 -0.06505823135375977
v -0.016275623813271526 0.02315892837941647 -0.06655275821685791
v -0.018618939444422725 0.02137204818427563 -0.06666332483291626
v -0.018631542101502422 0.020273206755518917 -0.06505823135375977
v -0.018618939444422725 0.02137204818427563 -0.06666332483291626
v -0.020751534029841427 0.01823983155190945 -0.06518328189849854
v -0.020751534029841427 0.01823983155190945 -0.06518328189849854
v -0.018618939444422725 0.02137204818427563 -0.06666332483291626
v -0.020761350169777874 0.0193555410951376 -0.06676715612411499
v -0.020751534029841427 0.01823983155190945 -0.06518328189849854
v -0.020761350169777874 0.0193555410951376 -0.06676715612411499
v -0.02264351956546307 0.01599657349288464 -0.06529814004898071
v -0.02264351956546307 0.01599657349288464 -0.06529814004898071
v -0.020761350169777874 0.0193555410951376 -0.06676715612411499
v -0.022682109847664837 0.017131520435214046 -0.06686389446258545
v -0.02264351956546307 0.01599657349288464 -0.06529814004898071
v -0.022682109847664837 0.017131520435214046 -0.06686389446258545
v -0.0242901910096407 0.013568623922765258 -0.06540316343307495
v -0.0242901910096407 0.013568623922765258 -0.06540316343307495
v -0.022682109847664837 0.017131520435214046 -0.06686389446258545
v -0.02436304651200772 0.014723940752446655 -0.06695407629013062
v -0.0242901910096407 0.013568623922765258 -0.06540316343307495
v -0.02436304651200772 0.014723940752446655 -0.06695407629013062
v -0.025676792487502105 0.01098360773175955 -0.06549888849258423
v -0.025676792487502105 0.01098360773175955 -0.06549888849258423
v -0.02436304651200772 0.014723940752446655 -0.06695407629013062
v -0.025788376107811935 0.012159100733697418 -0.06703788042068481
v -0.025676792487502105 0.01098360773175955 -0.06549888849258423
v -0.025788376107811935 0.012159100733697418 -0.06703788042068481
v -0.026791030541062362 0.0082712983712554 -0.06558555364608765
v -0.026791030541062362 0.0082712983712554 -0.06558555364608765
v -0.025788376107811935 0.012159100733697418 -0.06703788042068481
v -0.026944803074002273 0.00946526136249304 -0.06711548566818237
v -0.026791030541062362 0.0082712983712554 -0.06558555364608765
v -0.026944803074002273 0.00946526136249304 -0.06711548566818237
v -0.027623394504189498 0.005463159177452327 -0.06566262245178223
v -0.027623394504189498 0.005463159177452327 -0.06566262245178223
v -0.026944803074002273 0.00946526136249304 -0.06711548566818237
v -0.027821840718388564 0.006672239396721126 -0.06718641519546509
v -0.027623394504189498 0.005463159177452327 -0.06566262245178223
v -0.027821840718388564 0.006672239396721126 -0.06718641519546509
v -0.028167514130473144 0.0025919068139046435 -0.06572908163070679
v -0.028167514130473144 0.0025919068139046435 -0.06572908163070679
v -0.027821840718388564 0.006672239396721126 -0.06718641519546509
v -0.028412090614438064 0.003811022965237499 -0.06724971532821655
v -0.028167514130473144 0.0025919068139046435 -0.06572908163070679
v -0.028412090614438064 0.003811022965237499 -0.06724971532821655
v -0.028420517221093185 -0.00030902889557182794 -0.06578296422958374
v -0.028420517221093185 -0.00030902889557182794 -0.06578296422958374
v -0.028412090614438064 0.003811022965237499 -0.06724971532821655
v -0.028711540624499328 0.0009134027641266587 -0.06730377674102783
v -0.028420517221093185 -0.00030902889557182794 -0.06578296422958374
v -0.028711540624499328 0.0009134027641266587 -0.06730377674102783
v -0.02838335372507573 -0.0032059301156550655 -0.06582111120223999
v -0.02838335372507573 -0.0032059301156550655 -0.06582111120223999
v -0.028711540624499328 0.0009134027641266587 -0.06730377674102783
v -0.028719836845994003 -0.0019884493667632346 -0.06734615564346313
v -0.027933618053793914 -0.0045710629783570775 -0.06418722867965698
v -0.026773070916533477 -0.0077054551802575606 -0.060658518224954605
v -0.02800251357257367 -0.0016897518653422598 -0.06417006254196167
v -0.02800251357257367 -0.0016897518653422598 -0.06417006254196167
v -0.026773070916533477 -0.0077054551802575606 -0.060658518224954605
v -0.026868579909205444 -0.004880534019321204 -0.06072986498475075
v -0.02800251357257367 -0.0016897518653422598 -0.06417006254196167
v -0.026868579909205444 -0.004880534019321204 -0.06072986498475075
v -0.027784759178757674 0.0012014980893582108 -0.06413435935974121
v -0.027784759178757674 0.0012014980893582108 -0.06413435935974121
v -0.026868579909205444 -0.004880534019321204 -0.06072986498475075
v -0.026690559461712844 -0.0020402085501700644 -0.06077999249100685
v -0.027784759178757674 0.0012014980893582108 -0.06413435935974121
v -0.026690559461712844 -0.0020402085501700644 -0.06077999249100685
v -0.027278473600745208 0.004067672882229091 -0.06408339738845825
v -0.027278473600745208 0.004067672882229091 -0.06408339738845825
v -0.026690559461712844 -0.0020402085501700644 -0.06077999249100685
v -0.026236301288008697 0.0007786068599671128 -0.06081134453415871
v -0.027278473600745208 0.004067672882229091 -0.06408339738845825
v -0.026236301288008697 0.0007786068599671128 -0.06081134453415871
v -0.025506542995572097 0.0035391810815781364 -0.060825053602457047
v 1.1454353625595106e-06 0.02349496446549893 -0.061010781675577164
v 1.1379847819625868e-06 0.02532154135406018 -0.06242770329117775
v -0.0023985598236322407 0.02352332882583142 -0.06112045422196388
v -0.0023985598236322407 0.02352332882583142 -0.06112045422196388
v 1.1379847819625868e-06 0.02532154135406018 -0.06242770329117775
v -0.002424636855721474 0.025384595617651946 -0.06259620189666748
v -0.0023985598236322407 0.02352332882583142 -0.06112045422196388
v -0.002424636855721474 0.025384595617651946 -0.06259620189666748
v -0.005331585183739663 0.02322720550000668 -0.06126118078827858
v -0.005331585183739663 0.02322720550000668 -0.06126118078827858
v -0.002424636855721474 0.025384595617651946 -0.06259620189666748
v -0.0053890515118837365 0.025057552382349975 -0.06273531913757324
v -0.005331585183739663 0.02322720550000668 -0.06126118078827858
v -0.0053890515118837365 0.025057552382349975 -0.06273531913757324
v -0.008194116875529291 0.02261191420257092 -0.061420682817697525
v -0.008194116875529291 0.02261191420257092 -0.061420682817697525
v -0.0053890515118837365 0.025057552382349975 -0.06273531913757324
v -0.00828356482088566 0.024409709498286254 -0.06289201974868774
v -0.008194116875529291 0.02261191420257092 -0.061420682817697525
v -0.00828356482088566 0.024409709498286254 -0.06289201974868774
v -0.01094983331859112 0.021685769781470302 -0.061585430055856705
v -0.01094983331859112 0.021685769781470302 -0.061585430055856705
v -0.00828356482088566 0.024409709498286254 -0.06289201974868774
v -0.011072764173150064 0.023451117798686034 -0.06305503845214844
v -0.01094983331859112 0.021685769781470302 -0.061585430055856705
v -0.011072764173150064 0.023451117798686034 -0.06305503845214844
v -0.013567084446549419 0.020461669191718105 -0.06174534931778908
v -0.013567084446549419 0.020461669191718105 -0.06174534931778908
v -0.011072764173150064 0.023451117798686034 -0.06305503845214844
v -0.013725375756621364 0.02219600044190884 -0.06321609020233154
v -0.013567084446549419 0.020461669191718105 -0.06174534931778908
v -0.013725375756621364 0.02219600044190884 -0.06321609020233154
v -0.016018120571970943 0.018956398591399196 -0.0618937648832798
v -0.016018120571970943 0.018956398591399196 -0.0618937648832798
v -0.013725375756621364 0.02219600044190884 -0.06321609020233154
v -0.0162136796861887 0.02066203020513058 -0.0633692741394043
v -0.016018120571970943 0.018956398591399196 -0.0618937648832798
v -0.0162136796861887 0.02066203020513058 -0.0633692741394043
v -0.01827836595475674 0.017189798876643184 -0.062026385217905045
v -0.01827836595475674 0.017189798876643184 -0.062026385217905045
v -0.0162136796861887 0.02066203020513058 -0.0633692741394043
v -0.018512902781367305 0.018869547173380855 -0.06351083517074585
v -0.01827836595475674 0.017189798876643184 -0.062026385217905045
v -0.018512902781367305 0.018869547173380855 -0.06351083517074585
v -0.020325640216469768 0.01518406625837088 -0.06214118376374245
v -0.020325640216469768 0.01518406625837088 -0.06214118376374245
v -0.018512902781367305 0.018869547173380855 -0.06351083517074585
v -0.020600652322173122 0.016840776428580288 -0.06363892555236816
v -0.020325640216469768 0.01518406625837088 -0.06214118376374245
v -0.020600652322173122 0.016840776428580288 -0.06363892555236816
v -0.022140087559819225 0.012963189743459228 -0.062237922102212906
v -0.022140087559819225 0.012963189743459228 -0.062237922102212906
v -0.020600652322173122 0.016840776428580288 -0.06363892555236816
v -0.022456737235188488 0.01459950860589743 -0.06375312805175781
v -0.022140087559819225 0.012963189743459228 -0.062237922102212906
v -0.022456737235188488 0.01459950860589743 -0.06375312805175781
v -0.023706609383225448 0.010553664527833463 -0.06231749430298805
v -0.023706609383225448 0.010553664527833463 -0.06231749430298805
v -0.022456737235188488 0.01459950860589743 -0.06375312805175781
v -0.02406489290297032 0.012171774171292785 -0.06385409832000732
v -0.023706609383225448 0.010553664527833463 -0.06231749430298805
v -0.02406489290297032 0.012171774171292785 -0.06385409832000732
v -0.02501302026212216 0.007984912954270841 -0.06238103285431862
v -0.02501302026212216 0.007984912954270841 -0.06238103285431862
v -0.02406489290297032 0.012171774171292785 -0.06385409832000732
v -0.025411581620574004 0.00958626624196768 -0.06394267082214355
v -0.02501302026212216 0.007984912954270841 -0.06238103285431862
v -0.025411581620574004 0.00958626624196768 -0.06394267082214355
v -0.02604928798973561 0.005288830492645503 -0.062429431825876236
v -0.02604928798973561 0.005288830492645503 -0.062429431825876236
v -0.025411581620574004 0.00958626624196768 -0.06394267082214355
v -0.026485605165362365 0.006873956415802242 -0.06401914358139038
v 1.1528859431564344e-06 0.021102463826537136 -0.059541765600442886
v 1.1454353625595106e-06 0.02349496446549893 -0.061010781675577164
v -0.0023570898920297627 0.02136517129838467 -0.05976307764649391
v -0.0023570898920297627 0.02136517129838467 -0.05976307764649391
v 1.1454353625595106e-06 0.02349496446549893 -0.061010781675577164
v -0.0023985598236322407 0.02352332882583142 -0.06112045422196388
v -0.0023570898920297627 0.02136517129838467 -0.05976307764649391
v -0.0023985598236322407 0.02352332882583142 -0.06112045422196388
v -0.005240598693490029 0.021103186532855037 -0.05990052595734596
v -0.005240598693490029 0.021103186532855037 -0.05990052595734596
v -0.0023985598236322407 0.02352332882583142 -0.06112045422196388
v -0.005331585183739663 0.02322720550000668 -0.06126118078827858
v -0.005240598693490029 0.021103186532855037 -0.05990052595734596
v -0.005331585183739663 0.02322720550000668 -0.06126118078827858
v -0.008054459467530252 0.020527308806777004 -0.060055676847696304
v -0.008054459467530252 0.020527308806777004 -0.060055676847696304
v -0.005331585183739663 0.02322720550000668 -0.06126118078827858
v -0.008194116875529291 0.02261191420257092 -0.061420682817697525
v -0.008054459467530252 0.020527308806777004 -0.060055676847696304
v -0.008194116875529291 0.02261191420257092 -0.061420682817697525
v -0.010761769488453867 0.01964332722127438 -0.06021297350525856
v -0.010761769488453867 0.01964332722127438 -0.06021297350525856
v -0.008194116875529291 0.02261191420257092 -0.061420682817697525
v -0.01094983331859112 0.021685769781470302 -0.061585430055856705
v -0.010761769488453867 0.01964332722127438 -0.06021297350525856
v -0.01094983331859112 0.021685769781470302 -0.061585430055856705
v -0.013330711051821712 0.018462156876921657 -0.060361091047525406
v -0.013330711051821712 0.018462156876921657 -0.060361091047525406
v -0.01094983331859112 0.021685769781470302 -0.061585430055856705
v -0.013567084446549419 0.020461669191718105 -0.06174534931778908
v -0.013330711051821712 0.018462156876921657 -0.060361091047525406
v -0.013567084446549419 0.020461669191718105 -0.06174534931778908
v -0.015733668580651287 0.016999011859297756 -0.06049269810318947
v -0.015733668580651287 0.016999011859297756 -0.06049269810318947
v -0.013567084446549419 0.020461669191718105 -0.06174534931778908
v -0.016018120571970943 0.018956398591399196 -0.0618937648832798
v -0.015733668580651287 0.016999011859297756 -0.06049269810318947
v -0.016018120571970943 0.018956398591399196 -0.0618937648832798
v -0.01794630475342274 0.015272750519216064 -0.06060332432389259
v -0.01794630475342274 0.015272750519216064 -0.06060332432389259
v -0.016018120571970943 0.018956398591399196 -0.0618937648832798
v -0.01827836595475674 0.017189798876643184 -0.062026385217905045
v -0.01794630475342274 0.015272750519216064 -0.06060332432389259
v -0.01827836595475674 0.017189798876643184 -0.062026385217905045
v -0.019946703687310222 0.013305044732987884 -0.06069094315171242
v -0.019946703687310222 0.013305044732987884 -0.06069094315171242
v -0.01827836595475674 0.017189798876643184 -0.062026385217905045
v -0.020325640216469768 0.01518406625837088 -0.06214118376374245
v -0.019946703687310222 0.013305044732987884 -0.06069094315171242
v -0.020325640216469768 0.01518406625837088 -0.06214118376374245
v -0.02171534858644009 0.01111967768520117 -0.06075543537735939
v -0.02171534858644009 0.01111967768520117 -0.06075543537735939
v -0.020325640216469768 0.01518406625837088 -0.06214118376374245
v -0.022140087559819225 0.012963189743459228 -0.062237922102212906
v -0.02171534858644009 0.01111967768520117 -0.06075543537735939
v -0.022140087559819225 0.012963189743459228 -0.062237922102212906
v -0.023238403722643856 0.008743240498006346 -0.06079823151230812
v -0.023238403722643856 0.008743240498006346 -0.06079823151230812
v -0.022140087559819225 0.012963189743459228 -0.062237922102212906
v -0.023706609383225448 0.010553664527833463 -0.06231749430298805
v -0.023238403722643856 0.008743240498006346 -0.06079823151230812
v -0.023706609383225448 0.010553664527833463 -0.06231749430298805
v -0.02450507692992688 0.006205572281032802 -0.060820940881967545
v -0.02450507692992688 0.006205572281032802 -0.060820940881967545
v -0.023706609383225448 0.010553664527833463 -0.06231749430298805
v -0.02501302026212216 0.007984912954270841 -0.06238103285431862
v -0.02450507692992688 0.006205572281032802 -0.060820940881967545
v -0.02501302026212216 0.007984912954270841 -0.06238103285431862
v -0.025506542995572097 0.0035391810815781364 -0.060825053602457047
v -0.025506542995572097 0.0035391810815781364 -0.060825053602457047
v -0.02501302026212216 0.007984912954270841 -0.06238103285431862
v -0.02604928798973561 0.005288830492645503 -0.062429431825876236
v -0.025506542995572097 0.0035391810815781364 -0.060825053602457047
v -0.02604928798973561 0.005288830492645503 -0.062429431825876236
v -0.027278473600745208 0.004067672882229091 -0.06408339738845825
v -0.027278473600745208 0.004067672882229091 -0.06408339738845825
v -0.02604928798973561 0.005288830492645503 -0.062429431825876236
v -0.026485605165362365 0.006873956415802242 -0.06401914358139038
v 1.1528860568432722e-06 0.011633767746388914 -0.05519980564713478
v 1.1603365237533583e-06 0.017302451655268673 -0.057650867849588394
v -0.0021036807447671895 0.01107506360858679 -0.05500561371445656
v -0.0021036807447671895 0.01107506360858679 -0.05500561371445656
v 1.1603365237533583e-06 0.017302451655268673 -0.057650867849588394
v -0.0022407863289117817 0.016414729878306392 -0.05730641260743141
v -0.0021036807447671895 0.01107506360858679 -0.05500561371445656
v -0.0022407863289117817 0.016414729878306392 -0.05730641260743141
v -0.00468401424586773 0.010949186049401762 -0.055117491632699966
v -0.00468401424586773 0.010949186049401762 -0.055117491632699966
v -0.0022407863289117817 0.016414729878306392 -0.05730641260743141
v -0.004985673353075982 0.016224836930632595 -0.05743223801255226
v -0.00468401424586773 0.010949186049401762 -0.055117491632699966
v -0.004985673353075982 0.016224836930632595 -0.05743223801255226
v -0.007206073030829431 0.010555050335824491 -0.055221084505319595
v -0.007206073030829431 0.010555050335824491 -0.055221084505319595
v -0.004985673353075982 0.016224836930632595 -0.05743223801255226
v -0.007665710523724558 0.01573942415416241 -0.057566169649362564
v -0.007206073030829431 0.010555050335824491 -0.055221084505319595
v -0.007665710523724558 0.01573942415416241 -0.057566169649362564
v -0.009634321555495264 0.00988352205604315 -0.05529839172959328
v -0.009634321555495264 0.00988352205604315 -0.05529839172959328
v -0.007665710523724558 0.01573942415416241 -0.057566169649362564
v -0.010243901982903482 0.014957665465772155 -0.05769038572907448
v -0.009634321555495264 0.00988352205604315 -0.05529839172959328
v -0.010243901982903482 0.014957665465772155 -0.05769038572907448
v -0.011938618496060375 0.008933416567742826 -0.055336836725473404
v -0.011938618496060375 0.008933416567742826 -0.055336836725473404
v -0.010243901982903482 0.014957665465772155 -0.05769038572907448
v -0.012688772752881054 0.013885146938264373 -0.05779248848557472
v -0.011938618496060375 0.008933416567742826 -0.055336836725473404
v -0.012688772752881054 0.013885146938264373 -0.05779248848557472
v -0.014093188568949703 0.007710388395935299 -0.0553283728659153
v -0.014093188568949703 0.007710388395935299 -0.0553283728659153
v -0.012688772752881054 0.013885146938264373 -0.05779248848557472
v -0.014973321929574016 0.012533015571534637 -0.05786443129181862
v -0.014093188568949703 0.007710388395935299 -0.0553283728659153
v -0.014973321929574016 0.012533015571534637 -0.05786443129181862
v -0.016075497493147854 0.0062258155085146445 -0.05526900663971901
v -0.016075497493147854 0.0062258155085146445 -0.05526900663971901
v -0.014973321929574016 0.012533015571534637 -0.05786443129181862
v -0.017073949798941616 0.01091705169528723 -0.05790174379944801
v -0.016075497493147854 0.0062258155085146445 -0.05526900663971901
v -0.017073949798941616 0.01091705169528723 -0.05790174379944801
v -0.01786519400775433 0.004495634231716395 -0.05515808239579201
v -0.01786519400775433 0.004495634231716395 -0.05515808239579201
v -0.017073949798941616 0.01091705169528723 -0.05790174379944801
v -0.018969388678669933 0.009056731127202513 -0.05790293589234352
v -0.01786519400775433 0.004495634231716395 -0.05515808239579201
v -0.018969388678669933 0.009056731127202513 -0.05790293589234352
v -0.019444460049271587 0.0025395404081791644 -0.054997507482767105
v -0.019444460049271587 0.0025395404081791644 -0.054997507482767105
v -0.018969388678669933 0.009056731127202513 -0.05790293589234352
v -0.020640900358557705 0.0069743753410875815 -0.05786878243088722
v -0.019444460049271587 0.0025395404081791644 -0.054997507482767105
v -0.020640900358557705 0.0069743753410875815 -0.05786878243088722
v -0.020803777500987056 0.00038170325569808494 -0.05479097738862038
v -0.020803777500987056 0.00038170325569808494 -0.05479097738862038
v -0.020640900358557705 0.0069743753410875815 -0.05786878243088722
v -0.022077096626162532 0.004695890937000514 -0.05780178681015968
v -0.020803777500987056 0.00038170325569808494 -0.05479097738862038
v -0.022077096626162532 0.004695890937000514 -0.05780178681015968
v -0.021937066689133648 -0.0019494083244353537 -0.0545431412756443
v -0.021937066689133648 -0.0019494083244353537 -0.0545431412756443
v -0.022077096626162532 0.004695890937000514 -0.05780178681015968
v -0.023269886150956157 0.002250998048111797 -0.05770492926239967
v -0.021937066689133648 -0.0019494083244353537 -0.0545431412756443
v -0.023269886150956157 0.002250998048111797 -0.05770492926239967
v -0.022839346900582317 -0.0044218539260327825 -0.05425936356186867
v -0.022839346900582317 -0.0044218539260327825 -0.05425936356186867
v -0.023269886150956157 0.002250998048111797 -0.05770492926239967
v -0.024212697520852096 -0.0003275286871939898 -0.05758136883378029
v -0.022839346900582317 -0.0044218539260327825 -0.05425936356186867
v -0.024212697520852096 -0.0003275286871939898 -0.05758136883378029
v -0.0235069114714861 -0.007000958081334831 -0.053944770246744156
v -0.0235069114714861 -0.007000958081334831 -0.053944770246744156
v -0.024212697520852096 -0.0003275286871939898 -0.05758136883378029
v -0.024900743737816818 -0.003004619153216482 -0.05743396654725075
v -0.0235069114714861 -0.007000958081334831 -0.053944770246744156
v -0.024900743737816818 -0.003004619153216482 -0.05743396654725075
v -0.023937558755278594 -0.009650100953876974 -0.053604427725076675
v -0.023937558755278594 -0.009650100953876974 -0.053604427725076675
v -0.024900743737816818 -0.003004619153216482 -0.05743396654725075
v -0.02533135376870633 -0.005743583198636771 -0.05726492777466774
v -0.023937558755278594 -0.009650100953876974 -0.053604427725076675
v -0.02533135376870633 -0.005743583198636771 -0.05726492777466774
v -0.024130782112479217 -0.012331434525549415 -0.05324232950806618
v -0.024130782112479217 -0.012331434525549415 -0.05324232950806618
v -0.02533135376870633 -0.005743583198636771 -0.05726492777466774
v -0.02550425566732884 -0.008506783284246923 -0.05707526579499245
v -0.024130782112479217 -0.012331434525549415 -0.05324232950806618
v -0.02550425566732884 -0.008506783284246923 -0.05707526579499245
v -0.02408797852694989 -0.015006643719971183 -0.05286145582795143
v -0.02408797852694989 -0.015006643719971183 -0.05286145582795143
v -0.02550425566732884 -0.008506783284246923 -0.05707526579499245
v -0.025421870872378356 -0.011256334371864797 -0.05686480179429054
v -0.02408797852694989 -0.015006643719971183 -0.05286145582795143
v -0.025421870872378356 -0.011256334371864797 -0.05686480179429054
v -0.023813212290406234 -0.01763868518173695 -0.05246413126587868
v -0.023813212290406234 -0.01763868518173695 -0.05246413126587868
v -0.025421870872378356 -0.011256334371864797 -0.05686480179429054
v -0.02509004063904286 -0.013955687172710899 -0.056632403284311295
v -0.023813212290406234 -0.01763868518173695 -0.05246413126587868
v -0.02509004063904286 -0.013955687172710899 -0.056632403284311295
v -0.023315014317631725 -0.020195847377181057 -0.052056316286325455
v -0.023315014317631725 -0.020195847377181057 -0.052056316286325455
v -0.02509004063904286 -0.013955687172710899 -0.056632403284311295
v -0.02451933734118939 -0.016573289409279827 -0.056379977613687515
v -0.023315014317631725 -0.020195847377181057 -0.052056316286325455
v -0.02451933734118939 -0.016573289409279827 -0.056379977613687515
v -0.022604363039135936 -0.022649446502327922 -0.051645878702402115
v -0.022604363039135936 -0.022649446502327922 -0.051645878702402115
v -0.02451933734118939 -0.016573289409279827 -0.056379977613687515
v -0.023723261430859573 -0.01908110268414021 -0.056112054735422134
v -0.022604363039135936 -0.022649446502327922 -0.051645878702402115
v -0.023723261430859573 -0.01908110268414021 -0.056112054735422134
v -0.02169361896812916 -0.024973174557089813 -0.05124104395508766
v -0.02169361896812916 -0.024973174557089813 -0.05124104395508766
v -0.023723261430859573 -0.01908110268414021 -0.056112054735422134
v -0.02271710149943829 -0.02145410515367985 -0.055834416300058365
v -0.02169361896812916 -0.024973174557089813 -0.05124104395508766
v -0.02271710149943829 -0.02145410515367985 -0.055834416300058365
v -0.020595969632267955 -0.02714339457452298 -0.05084991827607155
v -0.020595969632267955 -0.02714339457452298 -0.05084991827607155
v -0.02271710149943829 -0.02145410515367985 -0.055834416300058365
v -0.02151718176901341 -0.02367044426500798 -0.055553678423166275
v -0.020595969632267955 -0.02714339457452298 -0.05084991827607155
v -0.02151718176901341 -0.02367044426500798 -0.055553678423166275
v -0.019324911758303646 -0.029139472171664245 -0.05047989264130592
v -0.019324911758303646 -0.029139472171664245 -0.05047989264130592
v -0.02151718176901341 -0.02367044426500798 -0.055553678423166275
v -0.020140146836638454 -0.02571160532534123 -0.055276576429605484
v -0.019324911758303646 -0.029139472171664245 -0.05047989264130592
v -0.020140146836638454 -0.02571160532534123 -0.055276576429605484
v -0.017893714830279354 -0.03094409406185151 -0.05013710632920265
v -0.017893714830279354 -0.03094409406185151 -0.05013710632920265
v -0.020140146836638454 -0.02571160532534123 -0.055276576429605484
v -0.01860221289098263 -0.02756254933774472 -0.05500948801636696
v -0.017893714830279354 -0.03094409406185151 -0.05013710632920265
v -0.01860221289098263 -0.02756254933774472 -0.05500948801636696
v -0.01631489582359791 -0.0325436182320118 -0.049826089292764664
v -0.01631489582359791 -0.0325436182320118 -0.049826089292764664
v -0.01860221289098263 -0.02756254933774472 -0.05500948801636696
v -0.016918426379561428 -0.029211847111582763 -0.054757777601480484
v -0.01631489582359791 -0.0325436182320118 -0.049826089292764664
v -0.016918426379561428 -0.029211847111582763 -0.054757777601480484
v -0.01459932513535023 -0.03393018990755082 -0.04955006018280983
v -0.01459932513535023 -0.03393018990755082 -0.04955006018280983
v -0.016918426379561428 -0.029211847111582763 -0.054757777601480484
v -0.015101747587323192 -0.030653320252895362 -0.05452621355652809
v -0.01459932513535023 -0.03393018990755082 -0.04955006018280983
v -0.015101747587323192 -0.030653320252895362 -0.05452621355652809
v -0.012755492702126506 -0.03510459885001183 -0.04931354895234108
v -0.012755492702126506 -0.03510459885001183 -0.04931354895234108
v -0.015101747587323192 -0.030653320252895362 -0.05452621355652809
v -0.013162562623620037 -0.031887773424386985 -0.05432039871811867
v -0.012755492702126506 -0.03510459885001183 -0.04931354895234108
v -0.013162562623620037 -0.031887773424386985 -0.05432039871811867
v -0.010791501030325891 -0.03607062622904778 -0.049119118601083755
v -0.010791501030325891 -0.03607062622904778 -0.049119118601083755
v -0.013162562623620037 -0.031887773424386985 -0.05432039871811867
v -0.011110203340649607 -0.03291779756546021 -0.054144326597452164
v -0.010791501030325891 -0.03607062622904778 -0.049119118601083755
v -0.011110203340649607 -0.03291779756546021 -0.054144326597452164
v -0.008716085925698282 -0.03683435171842576 -0.048966411501169205
v -0.008716085925698282 -0.03683435171842576 -0.048966411501169205
v -0.011110203340649607 -0.03291779756546021 -0.054144326597452164
v -0.00895403139293194 -0.03374700993299485 -0.053999368101358414
v -0.008716085925698282 -0.03683435171842576 -0.048966411501169205
v -0.00895403139293194 -0.03374700993299485 -0.053999368101358414
v -0.006539432331919672 -0.03740461543202401 -0.048851851373910904
v -0.006539432331919672 -0.03740461543202401 -0.048851851373910904
v -0.00895403139293194 -0.03374700993299485 -0.053999368101358414
v -0.006704391911625864 -0.03438032418489457 -0.053884152323007584
v -0.006539432331919672 -0.03740461543202401 -0.048851851373910904
v -0.006704391911625864 -0.03438032418489457 -0.053884152323007584
v -0.0042739342898130426 -0.03779351338744164 -0.04876834526658058
v -0.0042739342898130426 -0.03779351338744164 -0.04876834526658058
v -0.006704391911625864 -0.03438032418489457 -0.053884152323007584
v -0.004373548552393914 -0.0348242074251175 -0.05379367247223854
v -0.014030316844582561 -0.04078350961208344 -0.038916412740945816
v -0.014237312600016597 -0.037379216402769096 -0.04431748762726784
v -0.012278700247406963 -0.0418837033212185 -0.03860783949494362
v -0.012278700247406963 -0.0418837033212185 -0.03860783949494362
v -0.014237312600016597 -0.037379216402769096 -0.04431748762726784
v -0.012460341677069667 -0.03850844502449036 -0.044046882539987564
v -0.012278700247406963 -0.0418837033212185 -0.03860783949494362
v -0.012460341677069667 -0.03850844502449036 -0.044046882539987564
v -0.010397018864750864 -0.04275039955973626 -0.038368526846170425
v -0.010397018864750864 -0.04275039955973626 -0.038368526846170425
v -0.012460341677069667 -0.03850844502449036 -0.044046882539987564
v -0.010556461289525034 -0.03941971808671952 -0.043831948190927505
v -0.010397018864750864 -0.04275039955973626 -0.038368526846170425
v -0.010556461289525034 -0.03941971808671952 -0.043831948190927505
v -0.00839817710220814 -0.04339458793401719 -0.03819531574845314
v -0.00839817710220814 -0.04339458793401719 -0.03819531574845314
v -0.010556461289525034 -0.03941971808671952 -0.043831948190927505
v -0.00853550620377064 -0.04012150689959527 -0.0436706580221653
v -0.00839817710220814 -0.04339458793401719 -0.03819531574845314
v -0.00853550620377064 -0.04012150689959527 -0.0436706580221653
v -0.006296971812844278 -0.04383493959903718 -0.03808129206299782
v -0.006296971812844278 -0.04383493959903718 -0.03808129206299782
v -0.00853550620377064 -0.04012150689959527 -0.0436706580221653
v -0.0064090769737958925 -0.040627159178256995 -0.04355764761567116
v -0.006296971812844278 -0.04383493959903718 -0.03808129206299782
v -0.0064090769737958925 -0.040627159178256995 -0.04355764761567116
v -0.004110349342226983 -0.0440986417233944 -0.03801560774445534
v -0.004110349342226983 -0.0440986417233944 -0.03801560774445534
v -0.0064090769737958925 -0.040627159178256995 -0.04355764761567116
v -0.004191050305962563 -0.04095555096864701 -0.04348361864686012
v -0.004110349342226983 -0.0440986417233944 -0.03801560774445534
v -0.004191050305962563 -0.04095555096864701 -0.04348361864686012
v 1.1305345424261761e-06 -0.04230252280831338 -0.041462842375040054
v 1.1305345424261761e-06 -0.04230252280831338 -0.041462842375040054
v -0.004191050305962563 -0.04095555096864701 -0.04348361864686012
v 1.1230839618292523e-06 -0.04118448868393899 -0.04340255632996559
v 1.160336637440196e-06 0.0037003371398895988 -0.05141020193696022
v 1.1528860568432722e-06 0.006615719292312862 -0.05294734612107277
v -0.0019170959712937479 0.0035168591421097526 -0.05133283510804176
v -0.0019170959712937479 0.0035168591421097526 -0.05133283510804176
v 1.1528860568432722e-06 0.006615719292312862 -0.05294734612107277
v -0.0019729975610971455 0.005891366396099331 -0.05262357369065285
v -0.0019170959712937479 0.0035168591421097526 -0.05133283510804176
v -0.0019729975610971455 0.005891366396099331 -0.05262357369065285
v -0.0042692963033914575 0.003438471583649517 -0.05140489712357521
v -0.0042692963033914575 0.003438471583649517 -0.05140489712357521
v -0.0019729975610971455 0.005891366396099331 -0.05262357369065285
v -0.004394227638840676 0.005804880056530238 -0.052713219076395035
v -0.0042692963033914575 0.003438471583649517 -0.05140489712357521
v -0.004394227638840676 0.005804880056530238 -0.052713219076395035
v -0.006571637466549875 0.0031541946809738883 -0.051445309072732925
v -0.006571637466549875 0.0031541946809738883 -0.051445309072732925
v -0.004394227638840676 0.005804880056530238 -0.052713219076395035
v -0.006763176992535593 0.005488543305546046 -0.05277794972062111
v -0.006571637466549875 0.0031541946809738883 -0.051445309072732925
v -0.006763176992535593 0.005488543305546046 -0.05277794972062111
v -0.008793579414486887 0.002637161640450359 -0.051436010748147964
v -0.008793579414486887 0.002637161640450359 -0.051436010748147964
v -0.006763176992535593 0.005488543305546046 -0.05277794972062111
v -0.00904730521142483 0.004922358784824611 -0.0527997650206089
v -0.008793579414486887 0.002637161640450359 -0.051436010748147964
v -0.00904730521142483 0.004922358784824611 -0.0527997650206089
v -0.010908795520663263 0.0018708657007664446 -0.05136454477906227
v -0.010908795520663263 0.0018708657007664446 -0.05136454477906227
v -0.00904730521142483 0.004922358784824611 -0.0527997650206089
v -0.011218840256333353 0.004095798823982478 -0.052766088396310806
v -0.010908795520663263 0.0018708657007664446 -0.05136454477906227
v -0.011218840256333353 0.004095798823982478 -0.052766088396310806
v -0.012894378975033764 0.000847934512421489 -0.0512235201895237
v -0.012894378975033764 0.000847934512421489 -0.0512235201895237
v -0.011218840256333353 0.004095798823982478 -0.052766088396310806
v -0.013253813609480861 0.0030065912287682304 -0.05266935005784035
v -0.012894378975033764 0.000847934512421489 -0.0512235201895237
v -0.013253813609480861 0.0030065912287682304 -0.05266935005784035
v -0.014730034396052364 -0.0004309203941375018 -0.05100959911942482
v -0.014730034396052364 -0.0004309203941375018 -0.05100959911942482
v -0.013253813609480861 0.0030065912287682304 -0.05266935005784035
v -0.015131121501326564 0.0016596156638115649 -0.05250615254044533
v -0.014730034396052364 -0.0004309203941375018 -0.05100959911942482
v -0.015131121501326564 0.0016596156638115649 -0.05250615254044533
v -0.016397261992096904 -0.001957998843863607 -0.05072278156876564
v -0.016397261992096904 -0.001957998843863607 -0.05072278156876564
v -0.015131121501326564 0.0016596156638115649 -0.05250615254044533
v -0.01683158986270428 6.575392762897538e-05 -0.05227631703019142
v -0.016397261992096904 -0.001957998843863607 -0.05072278156876564
v -0.01683158986270428 6.575392762897538e-05 -0.05227631703019142
v -0.017879864200949672 -0.0037196178454905757 -0.0503658689558506
v -0.017879864200949672 -0.0037196178454905757 -0.0503658689558506
v -0.01683158986270428 6.575392762897538e-05 -0.05227631703019142
v -0.01833845488727093 -0.0017590012867003684 -0.05198264494538307
v -0.017879864200949672 -0.0037196178454905757 -0.0503658689558506
v -0.01833845488727093 -0.0017590012867003684 -0.05198264494538307
v -0.019168885424733165 -0.005696104373782874 -0.04994404688477516
v -0.019168885424733165 -0.005696104373782874 -0.04994404688477516
v -0.01833845488727093 -0.0017590012867003684 -0.05198264494538307
v -0.019642977043986324 -0.0037932556588202724 -0.051629845052957535
v -0.019168885424733165 -0.005696104373782874 -0.04994404688477516
v -0.019642977043986324 -0.0037932556588202724 -0.051629845052957535
v -0.02025835029780865 -0.007862356491386892 -0.049463991075754166
v -0.02025835029780865 -0.007862356491386892 -0.049463991075754166
v -0.019642977043986324 -0.0037932556588202724 -0.051629845052957535
v -0.02073963545262814 -0.006010630633682014 -0.051224175840616226
v -0.02025835029780865 -0.007862356491386892 -0.049463991075754166
v -0.02073963545262814 -0.006010630633682014 -0.051224175840616226
v -0.021143207326531414 -0.010188796557486059 -0.048933450132608414
v -0.021143207326531414 -0.010188796557486059 -0.048933450132608414
v -0.02073963545262814 -0.006010630633682014 -0.051224175840616226
v -0.021623814478516582 -0.008380689658224584 -0.05077267065644264
v -0.021143207326531414 -0.010188796557486059 -0.048933450132608414
v -0.021623814478516582 -0.008380689658224584 -0.05077267065644264
v -0.02181937359273434 -0.012642224319279197 -0.04836118593811989
v -0.02181937359273434 -0.012642224319279197 -0.04836118593811989
v -0.021623814478516582 -0.008380689658224584 -0.05077267065644264
v -0.022291881963610653 -0.010869716294109823 -0.05028313770890236
v -0.02181937359273434 -0.012642224319279197 -0.04836118593811989
v -0.022291881963610653 -0.010869716294109823 -0.05028313770890236
v -0.022283831611275676 -0.01518660876899958 -0.0477561391890049
v -0.022283831611275676 -0.01518660876899958 -0.0477561391890049
v -0.022291881963610653 -0.010869716294109823 -0.05028313770890236
v -0.022741308435797695 -0.013441507704555992 -0.04976314678788185
v -0.022283831611275676 -0.01518660876899958 -0.0477561391890049
v -0.022741308435797695 -0.013441507704555992 -0.04976314678788185
v -0.022534662857651714 -0.017783949151635173 -0.047127190977334976
v -0.022534662857651714 -0.017783949151635173 -0.047127190977334976
v -0.022741308435797695 -0.013441507704555992 -0.04976314678788185
v -0.022970767691731456 -0.016058178618550304 -0.04922008886933327
v -0.022534662857651714 -0.017783949151635173 -0.047127190977334976
v -0.022970767691731456 -0.016058178618550304 -0.04922008886933327
v -0.02257112227380276 -0.020395079627633098 -0.04648274555802345
v -0.02257112227380276 -0.020395079627633098 -0.04648274555802345
v -0.022970767691731456 -0.016058178618550304 -0.04922008886933327
v -0.022980248555541042 -0.01868095807731152 -0.048660580068826675
v -0.02257112227380276 -0.020395079627633098 -0.04648274555802345
v -0.022980248555541042 -0.01868095807731152 -0.048660580068826675
v -0.022394234314560894 -0.022981455549597744 -0.04583108797669411
v -0.022394234314560894 -0.022981455549597744 -0.04583108797669411
v -0.022980248555541042 -0.01868095807731152 -0.048660580068826675
v -0.022771747782826427 -0.021271983161568645 -0.04809087887406349
v -0.022394234314560894 -0.022981455549597744 -0.04583108797669411
v -0.022771747782826427 -0.021271983161568645 -0.04809087887406349
v -0.022008480504155162 -0.025508610531687743 -0.04518360272049904
v -0.022008480504155162 -0.025508610531687743 -0.04518360272049904
v -0.022771747782826427 -0.021271983161568645 -0.04809087887406349
v -0.02235112898051739 -0.02379818074405194 -0.047520820051431656
v -0.022008480504155162 -0.025508610531687743 -0.04518360272049904
v -0.02235112898051739 -0.02379818074405194 -0.047520820051431656
v -0.021420208737254146 -0.027944011613726623 -0.04455215111374855
v -0.021420208737254146 -0.027944011613726623 -0.04455215111374855
v -0.02235112898051739 -0.02379818074405194 -0.047520820051431656
v -0.021726286038756374 -0.026228798553347595 -0.04696119204163551
v -0.021420208737254146 -0.027944011613726623 -0.04455215111374855
v -0.021726286038756374 -0.026228798553347595 -0.04696119204163551
v -0.020636921748518947 -0.030256800353527076 -0.04394811764359474
v -0.020636921748518947 -0.030256800353527076 -0.04394811764359474
v -0.021726286038756374 -0.026228798553347595 -0.04696119204163551
v -0.020906263962388042 -0.028534885495901115 -0.04642242565751076
v -0.015878779813647274 -0.036027796566486366 -0.04464263096451759
v -0.0156406331807375 -0.03944566473364831 -0.03929436579346657
v -0.017376555129885677 -0.03445463627576829 -0.045018915086984634
v -0.017376555129885677 -0.03445463627576829 -0.045018915086984634
v -0.0156406331807375 -0.03944566473364831 -0.03929436579346657
v -0.017099579796195034 -0.0378728099167347 -0.039739254862070084
v -0.017376555129885677 -0.03445463627576829 -0.045018915086984634
v -0.017099579796195034 -0.0378728099167347 -0.039739254862070084
v -0.01872082613408566 -0.032669849693775184 -0.045444075018167496
v -0.01872082613408566 -0.032669849693775184 -0.045444075018167496
v -0.017099579796195034 -0.0378728099167347 -0.039739254862070084
v -0.018396833911538128 -0.03607721999287606 -0.04024863615632057
v -0.01872082613408566 -0.032669849693775184 -0.045444075018167496
v -0.018396833911538128 -0.03607721999287606 -0.04024863615632057
v -0.01990096084773541 -0.03068982250988484 -0.045913998037576675
v -0.01990096084773541 -0.03068982250988484 -0.045913998037576675
v -0.018396833911538128 -0.03607721999287606 -0.04024863615632057
v -0.019522359594702724 -0.034077893942594535 -0.04081786051392555
v -0.01990096084773541 -0.03068982250988484 -0.045913998037576675
v -0.019522359594702724 -0.034077893942594535 -0.04081786051392555
v -0.02046694047749043 -0.03189852088689805 -0.041439834982156754
v 1.1677872180371198e-06 -0.0005333770532160998 -0.04841280356049538
v -0.0018704106332734232 0.0013624120038002732 -0.04994422569870949
v -0.004083139821887017 -0.0005996201653033496 -0.048456672579050064
v -0.004083139821887017 -0.0005996201653033496 -0.048456672579050064
v -0.0018704106332734232 0.0013624120038002732 -0.04994422569870949
v -0.004164228215813638 0.0012861925642937424 -0.049992743879556656
v -0.004083139821887017 -0.0005996201653033496 -0.048456672579050064
v -0.004164228215813638 0.0012861925642937424 -0.049992743879556656
v -0.006285080686211588 -0.0008278239984065296 -0.048433784395456314
v -0.006285080686211588 -0.0008278239984065296 -0.048433784395456314
v -0.004164228215813638 0.0012861925642937424 -0.049992743879556656
v -0.006410194560885431 0.0010304811876267197 -0.050004247575998306
v -0.006285080686211588 -0.0008278239984065296 -0.048433784395456314
v -0.006410194560885431 0.0010304811876267197 -0.050004247575998306
v -0.008414836600422861 -0.0012514938134700062 -0.04835355654358864
v -0.008414836600422861 -0.0012514938134700062 -0.04835355654358864
v -0.006410194560885431 0.0010304811876267197 -0.050004247575998306
v -0.008580004796385767 0.000560591695830226 -0.04996103420853615
v -0.008414836600422861 -0.0012514938134700062 -0.04835355654358864
v -0.008580004796385767 0.000560591695830226 -0.04996103420853615
v -0.010449310764670374 -0.001901199342682958 -0.04820406809449196
v -0.010449310764670374 -0.001901199342682958 -0.04820406809449196
v -0.008580004796385767 0.000560591695830226 -0.04996103420853615
v -0.01064889691770077 -0.00014678879233542832 -0.049850884824991226
v -0.010449310764670374 -0.001901199342682958 -0.04820406809449196
v -0.01064889691770077 -0.00014678879233542832 -0.049850884824991226
v -0.01236779056489468 -0.002796088578179479 -0.047977570444345474
v -0.01236779056489468 -0.002796088578179479 -0.047977570444345474
v -0.01064889691770077 -0.00014678879233542832 -0.049850884824991226
v -0.012595066800713543 -0.0011047546286135914 -0.04966646805405617
v -0.01236779056489468 -0.002796088578179479 -0.047977570444345474
v -0.012595066800713543 -0.0011047546286135914 -0.04966646805405617
v -0.014151604846119884 -0.0039450651966035375 -0.04767024889588356
v -0.014151604846119884 -0.0039450651966035375 -0.04767024889588356
v -0.012595066800713543 -0.0011047546286135914 -0.04966646805405617
v -0.014399031177163128 -0.00231725093908608 -0.04940420761704445
v -0.014151604846119884 -0.0039450651966035375 -0.04767024889588356
v -0.014399031177163128 -0.00231725093908608 -0.04940420761704445
v -0.015783777460455898 -0.0053479461930692205 -0.04728180542588234
v -0.015783777460455898 -0.0053479461930692205 -0.04728180542588234
v -0.014399031177163128 -0.00231725093908608 -0.04940420761704445
v -0.01604302786290646 -0.003780194791033865 -0.04906410351395607
v -0.015783777460455898 -0.0053479461930692205 -0.04728180542588234
v -0.01604302786290646 -0.003780194791033865 -0.04906410351395607
v -0.017249265685677532 -0.006996450480073692 -0.04681450501084328
v -0.017249265685677532 -0.006996450480073692 -0.04681450501084328
v -0.01604302786290646 -0.003780194791033865 -0.04906410351395607
v -0.01751143299043179 -0.005482503678649665 -0.0486488975584507
v -0.017249265685677532 -0.006996450480073692 -0.04681450501084328
v -0.01751143299043179 -0.005482503678649665 -0.0486488975584507
v -0.018537124618887905 -0.008874782361090185 -0.046273235231637955
v -0.018537124618887905 -0.008874782361090185 -0.046273235231637955
v -0.01751143299043179 -0.005482503678649665 -0.0486488975584507
v -0.01879457570612431 -0.0074064000509679335 -0.048163656145334244
v -0.018537124618887905 -0.008874782361090185 -0.046273235231637955
v -0.01879457570612431 -0.0074064000509679335 -0.048163656145334244
v -0.0196386743336916 -0.010960628278553488 -0.04566496983170509
v -0.0196386743336916 -0.010960628278553488 -0.04566496983170509
v -0.01879457570612431 -0.0074064000509679335 -0.048163656145334244
v -0.019885448738932613 -0.00952813867479563 -0.0476154126226902
v -0.0196386743336916 -0.010960628278553488 -0.04566496983170509
v -0.019885448738932613 -0.00952813867479563 -0.0476154126226902
v -0.020546531304717067 -0.013226141221821312 -0.0449984110891819
v -0.020546531304717067 -0.013226141221821312 -0.0449984110891819
v -0.019885448738932613 -0.00952813867479563 -0.0476154126226902
v -0.020778084173798565 -0.011819032020866874 -0.047012511640787125
v -0.020546531304717067 -0.013226141221821312 -0.0449984110891819
v -0.020778084173798565 -0.011819032020866874 -0.047012511640787125
v -0.02125463075935841 -0.015638900920748714 -0.04428357258439064
v -0.02125463075935841 -0.015638900920748714 -0.04428357258439064
v -0.020778084173798565 -0.011819032020866874 -0.047012511640787125
v -0.02146760188043118 -0.014246315695345405 -0.04636437073349953
v -0.02125463075935841 -0.015638900920748714 -0.04428357258439064
v -0.02146760188043118 -0.014246315695345405 -0.04636437073349953
v -0.021758226677775386 -0.01816285960376263 -0.043531302362680435
v -0.021758226677775386 -0.01816285960376263 -0.043531302362680435
v -0.02146760188043118 -0.014246315695345405 -0.04636437073349953
v -0.021950243040919307 -0.016774034127593044 -0.045681182295084
v -0.021758226677775386 -0.01816285960376263 -0.043531302362680435
v -0.021950243040919307 -0.016774034127593044 -0.045681182295084
v -0.0220539253205061 -0.02075929753482342 -0.042753223329782486
v -0.0220539253205061 -0.02075929753482342 -0.042753223329782486
v -0.021950243040919307 -0.016774034127593044 -0.045681182295084
v -0.022223399952054027 -0.019363915547728542 -0.044973138719797134
v -0.0220539253205061 -0.02075929753482342 -0.042753223329782486
v -0.022223399952054027 -0.019363915547728542 -0.044973138719797134
v -0.02213968522846699 -0.02338778413832188 -0.041961196810007095
v -0.02213968522846699 -0.02338778413832188 -0.041961196810007095
v -0.022223399952054027 -0.019363915547728542 -0.044973138719797134
v -0.022285627201199535 -0.02197625301778317 -0.04425031319260597
v -0.02213968522846699 -0.02338778413832188 -0.041961196810007095
v -0.022285627201199535 -0.02197625301778317 -0.04425031319260597
v -0.02201505191624165 -0.026007523760199554 -0.04116702452301979
v -0.02201505191624165 -0.026007523760199554 -0.04116702452301979
v -0.022285627201199535 -0.02197625301778317 -0.04425031319260597
v -0.022137125954031948 -0.024571543559432037 -0.04352307692170143
v -0.02201505191624165 -0.026007523760199554 -0.04116702452301979
v -0.022137125954031948 -0.024571543559432037 -0.04352307692170143
v -0.021681936457753185 -0.028579402714967735 -0.040383998304605484
v -0.021681936457753185 -0.028579402714967735 -0.040383998304605484
v -0.022137125954031948 -0.024571543559432037 -0.04352307692170143
v -0.02178103663027287 -0.027113327756524093 -0.04280388727784157
v -0.021681936457753185 -0.028579402714967735 -0.040383998304605484
v -0.02178103663027287 -0.027113327756524093 -0.04280388727784157
v -0.021143963560462 -0.031065588817000396 -0.03962535038590431
v -0.021143963560462 -0.031065588817000396 -0.03962535038590431
v -0.02178103663027287 -0.027113327756524093 -0.04280388727784157
v -0.021222261711955074 -0.02956672757863999 -0.04210544005036354
v -0.021143963560462 -0.031065588817000396 -0.03962535038590431
v -0.021222261711955074 -0.02956672757863999 -0.04210544005036354
v -0.020406177267432216 -0.033430024981498725 -0.03890365734696388
v -0.020406177267432216 -0.033430024981498725 -0.03890365734696388
v -0.021222261711955074 -0.02956672757863999 -0.04210544005036354
v -0.02046694047749043 -0.03189852088689805 -0.041439834982156754
v -0.020406177267432216 -0.033430024981498725 -0.03890365734696388
v -0.02046694047749043 -0.03189852088689805 -0.041439834982156754
v -0.019475011155009273 -0.035639327019453056 -0.03823006525635719
v -0.019475011155009273 -0.035639327019453056 -0.03823006525635719
v -0.02046694047749043 -0.03189852088689805 -0.041439834982156754
v -0.019522359594702724 -0.034077893942594535 -0.04081786051392555
v -0.019475011155009273 -0.035639327019453056 -0.03823006525635719
v -0.019522359594702724 -0.034077893942594535 -0.04081786051392555
v -0.018358232453465465 -0.037663664668798454 -0.03761434927582741
v -0.018358232453465465 -0.037663664668798454 -0.03761434927582741
v -0.019522359594702724 -0.034077893942594535 -0.04081786051392555
v -0.018396833911538128 -0.03607721999287606 -0.04024863615632057
v -0.018358232453465465 -0.037663664668798454 -0.03761434927582741
v -0.018396833911538128 -0.03607721999287606 -0.04024863615632057
v -0.01706490851938725 -0.039477642625570304 -0.03706425800919533
v -0.01706490851938725 -0.039477642625570304 -0.03706425800919533
v -0.018396833911538128 -0.03607721999287606 -0.04024863615632057
v -0.017099579796195034 -0.0378728099167347 -0.039739254862070084
v -0.01706490851938725 -0.039477642625570304 -0.03706425800919533
v -0.017099579796195034 -0.0378728099167347 -0.039739254862070084
v -0.015605369582772258 -0.041061185300350196 -0.03658521547913551
v -0.015605369582772258 -0.041061185300350196 -0.03658521547913551
v -0.017099579796195034 -0.0378728099167347 -0.039739254862070084
v -0.0156406331807375 -0.03944566473364831 -0.03929436579346657
v -0.015605369582772258 -0.041061185300350196 -0.03658521547913551
v -0.0156406331807375 -0.03944566473364831 -0.03929436579346657
v -0.014030316844582561 -0.04078350961208344 -0.038916412740945816
v -0.014030316844582561 -0.04078350961208344 -0.038916412740945816
v -0.0156406331807375 -0.03944566473364831 -0.03929436579346657
v -0.015878779813647274 -0.036027796566486366 -0.04464263096451759
v -0.014030316844582561 -0.04078350961208344 -0.038916412740945816
v -0.015878779813647274 -0.036027796566486366 -0.04464263096451759
v -0.014237312600016597 -0.037379216402769096 -0.04431748762726784
v 1.1677872180371198e-06 0.0013583477120846512 -0.04991770163178444
v 1.160336637440196e-06 0.0037003371398895988 -0.05141020193696022
v -0.0018704106332734232 0.0013624120038002732 -0.04994422569870949
v -0.0018704106332734232 0.0013624120038002732 -0.04994422569870949
v 1.160336637440196e-06 0.0037003371398895988 -0.05141020193696022
v -0.0019170959712937479 0.0035168591421097526 -0.05133283510804176
v -0.0018704106332734232 0.0013624120038002732 -0.04994422569870949
v -0.0019170959712937479 0.0035168591421097526 -0.05133283510804176
v -0.004164228215813638 0.0012861925642937424 -0.049992743879556656
v -0.004164228215813638 0.0012861925642937424 -0.049992743879556656
v -0.0019170959712937479 0.0035168591421097526 -0.05133283510804176
v -0.0042692963033914575 0.003438471583649517 -0.05140489712357521
v -0.004164228215813638 0.0012861925642937424 -0.049992743879556656
v -0.0042692963033914575 0.003438471583649517 -0.05140489712357521
v -0.006410194560885431 0.0010304811876267197 -0.050004247575998306
v -0.006410194560885431 0.0010304811876267197 -0.050004247575998306
v -0.0042692963033914575 0.003438471583649517 -0.05140489712357521
v -0.006571637466549875 0.0031541946809738883 -0.051445309072732925
v -0.006410194560885431 0.0010304811876267197 -0.050004247575998306
v -0.006571637466549875 0.0031541946809738883 -0.051445309072732925
v -0.008580004796385767 0.000560591695830226 -0.04996103420853615
v -0.008580004796385767 0.000560591695830226 -0.04996103420853615
v -0.006571637466549875 0.0031541946809738883 -0.051445309072732925
v -0.008793579414486887 0.002637161640450359 -0.051436010748147964
v -0.008580004796385767 0.000560591695830226 -0.04996103420853615
v -0.008793579414486887 0.002637161640450359 -0.051436010748147964
v -0.01064889691770077 -0.00014678879233542832 -0.049850884824991226
v -0.01064889691770077 -0.00014678879233542832 -0.049850884824991226
v -0.008793579414486887 0.002637161640450359 -0.051436010748147964
v -0.010908795520663263 0.0018708657007664446 -0.05136454477906227
v -0.01064889691770077 -0.00014678879233542832 -0.049850884824991226
v -0.010908795520663263 0.0018708657007664446 -0.05136454477906227
v -0.012595066800713543 -0.0011047546286135914 -0.04966646805405617
v -0.012595066800713543 -0.0011047546286135914 -0.04966646805405617
v -0.010908795520663263 0.0018708657007664446 -0.05136454477906227
v -0.012894378975033764 0.000847934512421489 -0.0512235201895237
v -0.012595066800713543 -0.0011047546286135914 -0.04966646805405617
v -0.012894378975033764 0.000847934512421489 -0.0512235201895237
v -0.014399031177163128 -0.00231725093908608 -0.04940420761704445
v -0.014399031177163128 -0.00231725093908608 -0.04940420761704445
v -0.012894378975033764 0.000847934512421489 -0.0512235201895237
v -0.014730034396052364 -0.0004309203941375018 -0.05100959911942482
v -0.014399031177163128 -0.00231725093908608 -0.04940420761704445
v -0.014730034396052364 -0.0004309203941375018 -0.05100959911942482
v -0.01604302786290646 -0.003780194791033865 -0.04906410351395607
v -0.01604302786290646 -0.003780194791033865 -0.04906410351395607
v -0.014730034396052364 -0.0004309203941375018 -0.05100959911942482
v -0.016397261992096904 -0.001957998843863607 -0.05072278156876564
v -0.01604302786290646 -0.003780194791033865 -0.04906410351395607
v -0.016397261992096904 -0.001957998843863607 -0.05072278156876564
v -0.01751143299043179 -0.005482503678649665 -0.0486488975584507
v -0.01751143299043179 -0.005482503678649665 -0.0486488975584507
v -0.016397261992096904 -0.001957998843863607 -0.05072278156876564
v -0.017879864200949672 -0.0037196178454905757 -0.0503658689558506
v -0.01751143299043179 -0.005482503678649665 -0.0486488975584507
v -0.017879864200949672 -0.0037196178454905757 -0.0503658689558506
v -0.01879457570612431 -0.0074064000509679335 -0.048163656145334244
v -0.01879457570612431 -0.0074064000509679335 -0.048163656145334244
v -0.017879864200949672 -0.0037196178454905757 -0.0503658689558506
v -0.019168885424733165 -0.005696104373782874 -0.04994404688477516
v -0.01879457570612431 -0.0074064000509679335 -0.048163656145334244
v -0.019168885424733165 -0.005696104373782874 -0.04994404688477516
v -0.019885448738932613 -0.00952813867479563 -0.0476154126226902
v -0.019885448738932613 -0.00952813867479563 -0.0476154126226902
v -0.019168885424733165 -0.005696104373782874 -0.04994404688477516
v -0.02025835029780865 -0.007862356491386892 -0.049463991075754166
v -0.019885448738932613 -0.00952813867479563 -0.0476154126226902
v -0.02025835029780865 -0.007862356491386892 -0.049463991075754166
v -0.020778084173798565 -0.011819032020866874 -0.047012511640787125
v -0.020778084173798565 -0.011819032020866874 -0.047012511640787125
v -0.02025835029780865 -0.007862356491386892 -0.049463991075754166
v -0.021143207326531414 -0.010188796557486059 -0.048933450132608414
v -0.020778084173798565 -0.011819032020866874 -0.047012511640787125
v -0.021143207326531414 -0.010188796557486059 -0.048933450132608414
v -0.02146760188043118 -0.014246315695345405 -0.04636437073349953
v -0.02146760188043118 -0.014246315695345405 -0.04636437073349953
v -0.021143207326531414 -0.010188796557486059 -0.048933450132608414
v -0.02181937359273434 -0.012642224319279197 -0.04836118593811989
v -0.02146760188043118 -0.014246315695345405 -0.04636437073349953
v -0.02181937359273434 -0.012642224319279197 -0.04836118593811989
v -0.021950243040919307 -0.016774034127593044 -0.045681182295084
v -0.021950243040919307 -0.016774034127593044 -0.045681182295084
v -0.02181937359273434 -0.012642224319279197 -0.04836118593811989
v -0.022283831611275676 -0.01518660876899958 -0.0477561391890049
v -0.021950243040919307 -0.016774034127593044 -0.045681182295084
v -0.022283831611275676 -0.01518660876899958 -0.0477561391890049
v -0.022223399952054027 -0.019363915547728542 -0.044973138719797134
v -0.022223399952054027 -0.019363915547728542 -0.044973138719797134
v -0.022283831611275676 -0.01518660876899958 -0.0477561391890049
v -0.022534662857651714 -0.017783949151635173 -0.047127190977334976
v -0.022223399952054027 -0.019363915547728542 -0.044973138719797134
v -0.022534662857651714 -0.017783949151635173 -0.047127190977334976
v -0.022285627201199535 -0.02197625301778317 -0.04425031319260597
v -0.022285627201199535 -0.02197625301778317 -0.04425031319260597
v -0.022534662857651714 -0.017783949151635173 -0.047127190977334976
v -0.02257112227380276 -0.020395079627633098 -0.04648274555802345
v -0.022285627201199535 -0.02197625301778317 -0.04425031319260597
v -0.02257112227380276 -0.020395079627633098 -0.04648274555802345
v -0.022137125954031948 -0.024571543559432037 -0.04352307692170143
v -0.022137125954031948 -0.024571543559432037 -0.04352307692170143
v -0.02257112227380276 -0.020395079627633098 -0.04648274555802345
v -0.022394234314560894 -0.022981455549597744 -0.04583108797669411
v -0.022137125954031948 -0.024571543559432037 -0.04352307692170143
v -0.022394234314560894 -0.022981455549597744 -0.04583108797669411
v -0.02178103663027287 -0.027113327756524093 -0.04280388727784157
v -0.02178103663027287 -0.027113327756524093 -0.04280388727784157
v -0.022394234314560894 -0.022981455549597744 -0.04583108797669411
v -0.022008480504155162 -0.025508610531687743 -0.04518360272049904
v -0.02178103663027287 -0.027113327756524093 -0.04280388727784157
v -0.022008480504155162 -0.025508610531687743 -0.04518360272049904
v -0.021222261711955074 -0.02956672757863999 -0.04210544005036354
v -0.021222261711955074 -0.02956672757863999 -0.04210544005036354
v -0.022008480504155162 -0.025508610531687743 -0.04518360272049904
v -0.021420208737254146 -0.027944011613726623 -0.04455215111374855
v -0.021222261711955074 -0.02956672757863999 -0.04210544005036354
v -0.021420208737254146 -0.027944011613726623 -0.04455215111374855
v -0.02046694047749043 -0.03189852088689805 -0.041439834982156754
v -0.02046694047749043 -0.03189852088689805 -0.041439834982156754
v -0.021420208737254146 -0.027944011613726623 -0.04455215111374855
v -0.020636921748518947 -0.030256800353527076 -0.04394811764359474
v -0.02046694047749043 -0.03189852088689805 -0.041439834982156754
v -0.020636921748518947 -0.030256800353527076 -0.04394811764359474
v -0.01990096084773541 -0.03068982250988484 -0.045913998037576675
v -0.01990096084773541 -0.03068982250988484 -0.045913998037576675
v -0.020636921748518947 -0.030256800353527076 -0.04394811764359474
v -0.020906263962388042 -0.028534885495901115 -0.04642242565751076
v 1.1528860568432722e-06 0.006615719292312862 -0.05294734612107277
v 1.1528860568432722e-06 0.011633767746388914 -0.05519980564713478
v -0.0019729975610971455 0.005891366396099331 -0.05262357369065285
v -0.0019729975610971455 0.005891366396099331 -0.05262357369065285
v 1.1528860568432722e-06 0.011633767746388914 -0.05519980564713478
v -0.0021036807447671895 0.01107506360858679 -0.05500561371445656
v -0.0019729975610971455 0.005891366396099331 -0.05262357369065285
v -0.0021036807447671895 0.01107506360858679 -0.05500561371445656
v -0.004394227638840676 0.005804880056530238 -0.052713219076395035
v -0.004394227638840676 0.005804880056530238 -0.052713219076395035
v -0.0021036807447671895 0.01107506360858679 -0.05500561371445656
v -0.00468401424586773 0.010949186049401762 -0.055117491632699966
v -0.004394227638840676 0.005804880056530238 -0.052713219076395035
v -0.00468401424586773 0.010949186049401762 -0.055117491632699966
v -0.006763176992535593 0.005488543305546046 -0.05277794972062111
v -0.006763176992535593 0.005488543305546046 -0.05277794972062111
v -0.00468401424586773 0.010949186049401762 -0.055117491632699966
v -0.007206073030829431 0.010555050335824491 -0.055221084505319595
v -0.006763176992535593 0.005488543305546046 -0.05277794972062111
v -0.007206073030829431 0.010555050335824491 -0.055221084505319595
v -0.00904730521142483 0.004922358784824611 -0.0527997650206089
v -0.00904730521142483 0.004922358784824611 -0.0527997650206089
v -0.007206073030829431 0.010555050335824491 -0.055221084505319595
v -0.009634321555495264 0.00988352205604315 -0.05529839172959328
v -0.00904730521142483 0.004922358784824611 -0.0527997650206089
v -0.009634321555495264 0.00988352205604315 -0.05529839172959328
v -0.011218840256333353 0.004095798823982478 -0.052766088396310806
v -0.011218840256333353 0.004095798823982478 -0.052766088396310806
v -0.009634321555495264 0.00988352205604315 -0.05529839172959328
v -0.011938618496060375 0.008933416567742826 -0.055336836725473404
v -0.011218840256333353 0.004095798823982478 -0.052766088396310806
v -0.011938618496060375 0.008933416567742826 -0.055336836725473404
v -0.013253813609480861 0.0030065912287682304 -0.05266935005784035
v -0.013253813609480861 0.0030065912287682304 -0.05266935005784035
v -0.011938618496060375 0.008933416567742826 -0.055336836725473404
v -0.014093188568949703 0.007710388395935299 -0.0553283728659153
v -0.013253813609480861 0.0030065912287682304 -0.05266935005784035
v -0.014093188568949703 0.007710388395935299 -0.0553283728659153
v -0.015131121501326564 0.0016596156638115649 -0.05250615254044533
v -0.015131121501326564 0.0016596156638115649 -0.05250615254044533
v -0.014093188568949703 0.007710388395935299 -0.0553283728659153
v -0.016075497493147854 0.0062258155085146445 -0.05526900663971901
v -0.015131121501326564 0.0016596156638115649 -0.05250615254044533
v -0.016075497493147854 0.0062258155085146445 -0.05526900663971901
v -0.01683158986270428 6.575392762897538e-05 -0.05227631703019142
v -0.01683158986270428 6.575392762897538e-05 -0.05227631703019142
v -0.016075497493147854 0.0062258155085146445 -0.05526900663971901
v -0.01786519400775433 0.004495634231716395 -0.05515808239579201
v -0.01683158986270428 6.575392762897538e-05 -0.05227631703019142
v -0.01786519400775433 0.004495634231716395 -0.05515808239579201
v -0.01833845488727093 -0.0017590012867003684 -0.05198264494538307
v -0.01833845488727093 -0.0017590012867003684 -0.05198264494538307
v -0.01786519400775433 0.004495634231716395 -0.05515808239579201
v -0.019444460049271587 0.0025395404081791644 -0.054997507482767105
v -0.01833845488727093 -0.0017590012867003684 -0.05198264494538307
v -0.019444460049271587 0.0025395404081791644 -0.054997507482767105
v -0.019642977043986324 -0.0037932556588202724 -0.051629845052957535
v -0.019642977043986324 -0.0037932556588202724 -0.051629845052957535
v -0.019444460049271587 0.0025395404081791644 -0.054997507482767105
v -0.020803777500987056 0.00038170325569808494 -0.05479097738862038
v -0.019642977043986324 -0.0037932556588202724 -0.051629845052957535
v -0.020803777500987056 0.00038170325569808494 -0.05479097738862038
v -0.02073963545262814 -0.006010630633682014 -0.051224175840616226
v -0.02073963545262814 -0.006010630633682014 -0.051224175840616226
v -0.020803777500987056 0.00038170325569808494 -0.05479097738862038
v -0.021937066689133648 -0.0019494083244353537 -0.0545431412756443
v -0.02073963545262814 -0.006010630633682014 -0.051224175840616226
v -0.021937066689133648 -0.0019494083244353537 -0.0545431412756443
v -0.021623814478516582 -0.008380689658224584 -0.05077267065644264
v -0.021623814478516582 -0.008380689658224584 -0.05077267065644264
v -0.021937066689133648 -0.0019494083244353537 -0.0545431412756443
v -0.022839346900582317 -0.0044218539260327825 -0.05425936356186867
v -0.021623814478516582 -0.008380689658224584 -0.05077267065644264
v -0.022839346900582317 -0.0044218539260327825 -0.05425936356186867
v -0.022291881963610653 -0.010869716294109823 -0.05028313770890236
v -0.022291881963610653 -0.010869716294109823 -0.05028313770890236
v -0.022839346900582317 -0.0044218539260327825 -0.05425936356186867
v -0.0235069114714861 -0.007000958081334831 -0.053944770246744156
v -0.022291881963610653 -0.010869716294109823 -0.05028313770890236
v -0.0235069114714861 -0.007000958081334831 -0.053944770246744156
v -0.022741308435797695 -0.013441507704555992 -0.04976314678788185
v -0.022741308435797695 -0.013441507704555992 -0.04976314678788185
v -0.0235069114714861 -0.007000958081334831 -0.053944770246744156
v -0.023937558755278594 -0.009650100953876974 -0.053604427725076675
v -0.022741308435797695 -0.013441507704555992 -0.04976314678788185
v -0.023937558755278594 -0.009650100953876974 -0.053604427725076675
v -0.022970767691731456 -0.016058178618550304 -0.04922008886933327
v -0.022970767691731456 -0.016058178618550304 -0.04922008886933327
v -0.023937558755278594 -0.009650100953876974 -0.053604427725076675
v -0.024130782112479217 -0.012331434525549415 -0.05324232950806618
v -0.022970767691731456 -0.016058178618550304 -0.04922008886933327
v -0.024130782112479217 -0.012331434525549415 -0.05324232950806618
v -0.022980248555541042 -0.01868095807731152 -0.048660580068826675
v -0.022980248555541042 -0.01868095807731152 -0.048660580068826675
v -0.024130782112479217 -0.012331434525549415 -0.05324232950806618
v -0.02408797852694989 -0.015006643719971183 -0.05286145582795143
v -0.022980248555541042 -0.01868095807731152 -0.048660580068826675
v -0.02408797852694989 -0.015006643719971183 -0.05286145582795143
v -0.022771747782826427 -0.021271983161568645 -0.04809087887406349
v -0.022771747782826427 -0.021271983161568645 -0.04809087887406349
v -0.02408797852694989 -0.015006643719971183 -0.05286145582795143
v -0.023813212290406234 -0.01763868518173695 -0.05246413126587868
v -0.022771747782826427 -0.021271983161568645 -0.04809087887406349
v -0.023813212290406234 -0.01763868518173695 -0.05246413126587868
v -0.02235112898051739 -0.02379818074405194 -0.047520820051431656
v -0.02235112898051739 -0.02379818074405194 -0.047520820051431656
v -0.023813212290406234 -0.01763868518173695 -0.05246413126587868
v -0.023315014317631725 -0.020195847377181057 -0.052056316286325455
v -0.02235112898051739 -0.02379818074405194 -0.047520820051431656
v -0.023315014317631725 -0.020195847377181057 -0.052056316286325455
v -0.021726286038756374 -0.026228798553347595 -0.04696119204163551
v -0.021726286038756374 -0.026228798553347595 -0.04696119204163551
v -0.023315014317631725 -0.020195847377181057 -0.052056316286325455
v -0.022604363039135936 -0.022649446502327922 -0.051645878702402115
v -0.021726286038756374 -0.026228798553347595 -0.04696119204163551
v -0.022604363039135936 -0.022649446502327922 -0.051645878702402115
v -0.020906263962388042 -0.028534885495901115 -0.04642242565751076
v -0.020906263962388042 -0.028534885495901115 -0.04642242565751076
v -0.022604363039135936 -0.022649446502327922 -0.051645878702402115
v -0.02169361896812916 -0.024973174557089813 -0.05124104395508766
v -0.020906263962388042 -0.028534885495901115 -0.04642242565751076
v -0.02169361896812916 -0.024973174557089813 -0.05124104395508766
v -0.01990096084773541 -0.03068982250988484 -0.045913998037576675
v -0.01990096084773541 -0.03068982250988484 -0.045913998037576675
v -0.02169361896812916 -0.024973174557089813 -0.05124104395508766
v -0.020595969632267955 -0.02714339457452298 -0.05084991827607155
v -0.01990096084773541 -0.03068982250988484 -0.045913998037576675
v -0.020595969632267955 -0.02714339457452298 -0.05084991827607155
v -0.01872082613408566 -0.032669849693775184 -0.045444075018167496
v -0.01872082613408566 -0.032669849693775184 -0.045444075018167496
v -0.020595969632267955 -0.02714339457452298 -0.05084991827607155
v -0.019324911758303646 -0.029139472171664245 -0.05047989264130592
v -0.01872082613408566 -0.032669849693775184 -0.045444075018167496
v -0.019324911758303646 -0.029139472171664245 -0.05047989264130592
v -0.017376555129885677 -0.03445463627576829 -0.045018915086984634
v -0.017376555129885677 -0.03445463627576829 -0.045018915086984634
v -0.019324911758303646 -0.029139472171664245 -0.05047989264130592
v -0.017893714830279354 -0.03094409406185151 -0.05013710632920265
v -0.017376555129885677 -0.03445463627576829 -0.045018915086984634
v -0.017893714830279354 -0.03094409406185151 -0.05013710632920265
v -0.015878779813647274 -0.036027796566486366 -0.04464263096451759
v -0.015878779813647274 -0.036027796566486366 -0.04464263096451759
v -0.017893714830279354 -0.03094409406185151 -0.05013710632920265
v -0.01631489582359791 -0.0325436182320118 -0.049826089292764664
v -0.015878779813647274 -0.036027796566486366 -0.04464263096451759
v -0.01631489582359791 -0.0325436182320118 -0.049826089292764664
v -0.014237312600016597 -0.037379216402769096 -0.04431748762726784
v -0.014237312600016597 -0.037379216402769096 -0.04431748762726784
v -0.01631489582359791 -0.0325436182320118 -0.049826089292764664
v -0.01459932513535023 -0.03393018990755082 -0.04955006018280983
v -0.014237312600016597 -0.037379216402769096 -0.04431748762726784
v -0.01459932513535023 -0.03393018990755082 -0.04955006018280983
v -0.012460341677069667 -0.03850844502449036 -0.044046882539987564
v -0.012460341677069667 -0.03850844502449036 -0.044046882539987564
v -0.01459932513535023 -0.03393018990755082 -0.04955006018280983
v -0.012755492702126506 -0.03510459885001183 -0.04931354895234108
v -0.012460341677069667 -0.03850844502449036 -0.044046882539987564
v -0.012755492702126506 -0.03510459885001183 -0.04931354895234108
v -0.010556461289525034 -0.03941971808671952 -0.043831948190927505
v -0.010556461289525034 -0.03941971808671952 -0.043831948190927505
v -0.012755492702126506 -0.03510459885001183 -0.04931354895234108
v -0.010791501030325891 -0.03607062622904778 -0.049119118601083755
v -0.010556461289525034 -0.03941971808671952 -0.043831948190927505
v -0.010791501030325891 -0.03607062622904778 -0.049119118601083755
v -0.00853550620377064 -0.04012150689959527 -0.0436706580221653
v -0.00853550620377064 -0.04012150689959527 -0.0436706580221653
v -0.010791501030325891 -0.03607062622904778 -0.049119118601083755
v -0.008716085925698282 -0.03683435171842576 -0.048966411501169205
v -0.00853550620377064 -0.04012150689959527 -0.0436706580221653
v -0.008716085925698282 -0.03683435171842576 -0.048966411501169205
v -0.0064090769737958925 -0.040627159178256995 -0.04355764761567116
v -0.0064090769737958925 -0.040627159178256995 -0.04355764761567116
v -0.008716085925698282 -0.03683435171842576 -0.048966411501169205
v -0.006539432331919672 -0.03740461543202401 -0.048851851373910904
v -0.0064090769737958925 -0.040627159178256995 -0.04355764761567116
v -0.006539432331919672 -0.03740461543202401 -0.048851851373910904
v -0.004191050305962563 -0.04095555096864701 -0.04348361864686012
v -0.004191050305962563 -0.04095555096864701 -0.04348361864686012
v -0.006539432331919672 -0.03740461543202401 -0.048851851373910904
v -0.0042739342898130426 -0.03779351338744164 -0.04876834526658058
v -0.004191050305962563 -0.04095555096864701 -0.04348361864686012
v -0.0042739342898130426 -0.03779351338744164 -0.04876834526658058
v -0.0019349699141457681 -0.03801679983735085 -0.048704806715250015
v -0.0019349699141457681 -0.03801679983735085 -0.048704806715250015
v -0.0042739342898130426 -0.03779351338744164 -0.04876834526658058
v -0.004373548552393914 -0.0348242074251175 -0.05379367247223854
v -0.0019349699141457681 -0.03801679983735085 -0.048704806715250015
v -0.004373548552393914 -0.0348242074251175 -0.05379367247223854
v -0.0019766334444284443 -0.03508694097399712 -0.05371946468949318
v -0.01502892188727856 -0.025189621374011047 -0.06692665815353394
v -0.01541838608682156 -0.02465706132352353 -0.06854903697967529
v -0.01264431141316891 -0.026495678350329406 -0.06684917211532593
v -0.01264431141316891 -0.026495678350329406 -0.06684917211532593
v -0.01541838608682156 -0.02465706132352353 -0.06854903697967529
v -0.012980436906218532 -0.026030750945210464 -0.06850606203079224
v -0.01264431141316891 -0.026495678350329406 -0.06684917211532593
v -0.012980436906218532 -0.026030750945210464 -0.06850606203079224
v -0.010149648413062097 -0.027569359168410308 -0.06677746772766113
v -0.010149648413062097 -0.027569359168410308 -0.06677746772766113
v -0.012980436906218532 -0.026030750945210464 -0.06850606203079224
v -0.010423148050904276 -0.0271617528051138 -0.06846553087234497
v -0.010149648413062097 -0.027569359168410308 -0.06677746772766113
v -0.010423148050904276 -0.0271617528051138 -0.06846553087234497
v -0.007564531639218332 -0.028403950855135925 -0.06671267747879028
v -0.007564531639218332 -0.028403950855135925 -0.06671267747879028
v -0.010423148050904276 -0.0271617528051138 -0.06846553087234497
v -0.007769061252474787 -0.028040895238518722 -0.06842821836471558
v -0.007564531639218332 -0.028403950855135925 -0.06671267747879028
v -0.007769061252474787 -0.028040895238518722 -0.06842821836471558
v -0.004909621551632882 -0.02899403870105744 -0.0666545033454895
v -0.004909621551632882 -0.02899403870105744 -0.0666545033454895
v -0.007769061252474787 -0.028040895238518722 -0.06842821836471558
v -0.005041727796196938 -0.02866083942353726 -0.06839412450790405
v -0.004909621551632882 -0.02899403870105744 -0.0666545033454895
v -0.005041727796196938 -0.02866083942353726 -0.06839412450790405
v -0.0022070873528718953 -0.0293355192989111 -0.06660139560699463
v -0.0022070873528718953 -0.0293355192989111 -0.06660139560699463
v -0.005041727796196938 -0.02866083942353726 -0.06839412450790405
v -0.0022658500820398335 -0.029016148298978812 -0.06836265325546265
v -0.0022070873528718953 -0.0293355192989111 -0.06660139560699463
v -0.0022658500820398335 -0.029016148298978812 -0.06836265325546265
v 1.1230838481424146e-06 -0.02910758554935456 -0.06833785772323608
v 1.1230838481424146e-06 -0.02910758554935456 -0.06833785772323608
v -0.0022658500820398335 -0.029016148298978812 -0.06836265325546265
v -0.0027391780167818074 -0.028870232403278358 -0.06999999284744263
v 1.1230838481424146e-06 -0.02910758554935456 -0.06833785772323608
v -0.0027391780167818074 -0.028870232403278358 -0.06999999284744263
v 1.1230838481424146e-06 -0.02900000102818013 -0.06999999284744263
v -0.02641075290739537 -0.010479119606316091 -0.060562316328287125
v -0.02758417837321759 -0.007407968398183586 -0.06418150663375854
v -0.025793006643652923 -0.013169691897928718 -0.060440126806497574
v -0.025793006643652923 -0.013169691897928718 -0.060440126806497574
v -0.02758417837321759 -0.007407968398183586 -0.06418150663375854
v -0.026964617893099792 -0.010168683715164663 -0.06414973735809326
v -0.025793006643652923 -0.013169691897928718 -0.060440126806497574
v -0.026964617893099792 -0.010168683715164663 -0.06414973735809326
v -0.02493456937372685 -0.015749031677842144 -0.06029326096177101
v -0.02493456937372685 -0.015749031677842144 -0.06029326096177101
v -0.026964617893099792 -0.010168683715164663 -0.06414973735809326
v -0.02608889155089856 -0.012824737466871742 -0.06409132480621338
v -0.02493456937372685 -0.015749031677842144 -0.06029326096177101
v -0.02608889155089856 -0.012824737466871742 -0.06409132480621338
v -0.02385241352021695 -0.01819236390292645 -0.06012505665421486
v -0.02385241352021695 -0.01819236390292645 -0.06012505665421486
v -0.02608889155089856 -0.012824737466871742 -0.06409132480621338
v -0.02497359551489354 -0.015350867994129661 -0.06400763988494873
v -0.02385241352021695 -0.01819236390292645 -0.06012505665421486
v -0.02497359551489354 -0.015350867994129661 -0.06400763988494873
v -0.02256492711603642 -0.020478377118706707 -0.05994052067399025
v -0.02256492711603642 -0.020478377118706707 -0.05994052067399025
v -0.02497359551489354 -0.015350867994129661 -0.06400763988494873
v -0.023637173697352416 -0.01772507466375828 -0.06390166282653809
v -0.02256492711603642 -0.020478377118706707 -0.05994052067399025
v -0.023637173697352416 -0.01772507466375828 -0.06390166282653809
v -0.02109104953706265 -0.02258931659162045 -0.059745434671640396
v -0.02109104953706265 -0.02258931659162045 -0.059745434671640396
v -0.023637173697352416 -0.01772507466375828 -0.06390166282653809
v -0.022099057212471965 -0.019928732886910442 -0.0637778639793396
v -0.02109104953706265 -0.02258931659162045 -0.059745434671640396
v -0.022099057212471965 -0.019928732886910442 -0.0637778639793396
v -0.01944939605891705 -0.024511044844985015 -0.05954611673951149
v -0.01944939605891705 -0.024511044844985015 -0.05954611673951149
v -0.022099057212471965 -0.019928732886910442 -0.0637778639793396
v -0.020378855988383297 -0.021946681663393978 -0.06364154815673828
v -0.01944939605891705 -0.024511044844985015 -0.05954611673951149
v -0.020378855988383297 -0.021946681663393978 -0.06364154815673828
v -0.017657423391938213 -0.026233108714222915 -0.05934876576066017
v -0.017657423391938213 -0.026233108714222915 -0.05934876576066017
v -0.020378855988383297 -0.021946681663393978 -0.06364154815673828
v -0.018495542928576473 -0.023767335340380676 -0.063498854637146
v -0.017657423391938213 -0.026233108714222915 -0.05934876576066017
v -0.018495542928576473 -0.023767335340380676 -0.063498854637146
v -0.015730565413832668 -0.027749663218855865 -0.05915946140885353
v -0.015730565413832668 -0.027749663218855865 -0.05915946140885353
v -0.018495542928576473 -0.023767335340380676 -0.063498854637146
v -0.01646676100790501 -0.0253830123692751 -0.06335610151290894
v -0.015730565413832668 -0.027749663218855865 -0.05915946140885353
v -0.01646676100790501 -0.0253830123692751 -0.06335610151290894
v -0.013682013377547268 -0.02905997075140477 -0.05898452177643776
v -0.013682013377547268 -0.02905997075140477 -0.05898452177643776
v -0.01646676100790501 -0.0253830123692751 -0.06335610151290894
v -0.014308759942650798 -0.026789432391524322 -0.06321942806243896
v -0.013682013377547268 -0.02905997075140477 -0.05898452177643776
v -0.014308759942650798 -0.026789432391524322 -0.06321942806243896
v -0.011523554101586344 -0.030164357274770744 -0.058828894048929214
v -0.011523554101586344 -0.030164357274770744 -0.058828894048929214
v -0.014308759942650798 -0.026789432391524322 -0.06321942806243896
v -0.012036556378006939 -0.02798313461244107 -0.06309348344802856
v -0.011523554101586344 -0.030164357274770744 -0.058828894048929214
v -0.012036556378006939 -0.02798313461244107 -0.06309348344802856
v -0.009266549721360208 -0.031063573434948928 -0.058695320039987564
v -0.009266549721360208 -0.031063573434948928 -0.058695320039987564
v -0.012036556378006939 -0.02798313461244107 -0.06309348344802856
v -0.009664712473750116 -0.02896112948656083 -0.06298118829727173
v -0.009266549721360208 -0.031063573434948928 -0.058695320039987564
v -0.009664712473750116 -0.02896112948656083 -0.06298118829727173
v -0.00692291744053364 -0.031758897006511695 -0.058583859354257584
v -0.00692291744053364 -0.031758897006511695 -0.058583859354257584
v -0.009664712473750116 -0.02896112948656083 -0.06298118829727173
v -0.007208177819848062 -0.02972096577286721 -0.06288349628448486
v -0.00692291744053364 -0.031758897006511695 -0.058583859354257584
v -0.007208177819848062 -0.02972096577286721 -0.06288349628448486
v -0.00450611673295498 -0.0322522483766079 -0.05849171057343483
v -0.00450611673295498 -0.0322522483766079 -0.05849171057343483
v -0.007208177819848062 -0.02972096577286721 -0.06288349628448486
v -0.004683153703808785 -0.03026083670556546 -0.06279921531677246
v -0.00450611673295498 -0.0322522483766079 -0.05849171057343483
v -0.004683153703808785 -0.03026083670556546 -0.06279921531677246
v -0.002032140269875527 -0.03254633769392968 -0.05841279402375221
v -0.002032140269875527 -0.03254633769392968 -0.05841279402375221
v -0.004683153703808785 -0.03026083670556546 -0.06279921531677246
v -0.002107912674546242 -0.030579606071114547 -0.06272459030151367
v -0.002032140269875527 -0.03254633769392968 -0.05841279402375221
v -0.002107912674546242 -0.030579606071114547 -0.06272459030151367
v 1.1305345424261761e-06 -0.03100735321640969 -0.061855021864175797
v 1.1305345424261761e-06 -0.03100735321640969 -0.061855021864175797
v -0.002107912674546242 -0.030579606071114547 -0.06272459030151367
v 1.1305345424261761e-06 -0.030675373971462257 -0.06266683340072632
v 1.1305344287393384e-06 -0.029504470527172096 -0.06624108552932739
v 1.1305345424261761e-06 -0.030675373971462257 -0.06266683340072632
v -0.0022070873528718953 -0.0293355192989111 -0.06660139560699463
v -0.0022070873528718953 -0.0293355192989111 -0.06660139560699463
v 1.1305345424261761e-06 -0.030675373971462257 -0.06266683340072632
v -0.002107912674546242 -0.030579606071114547 -0.06272459030151367
v -0.0022070873528718953 -0.0293355192989111 -0.06660139560699463
v -0.002107912674546242 -0.030579606071114547 -0.06272459030151367
v -0.004909621551632882 -0.02899403870105744 -0.0666545033454895
v -0.004909621551632882 -0.02899403870105744 -0.0666545033454895
v -0.002107912674546242 -0.030579606071114547 -0.06272459030151367
v -0.004683153703808785 -0.03026083670556546 -0.06279921531677246
v -0.004909621551632882 -0.02899403870105744 -0.0666545033454895
v -0.004683153703808785 -0.03026083670556546 -0.06279921531677246
v -0.007564531639218332 -0.028403950855135925 -0.06671267747879028
v -0.007564531639218332 -0.028403950855135925 -0.06671267747879028
v -0.004683153703808785 -0.03026083670556546 -0.06279921531677246
v -0.007208177819848062 -0.02972096577286721 -0.06288349628448486
v -0.007564531639218332 -0.028403950855135925 -0.06671267747879028
v -0.007208177819848062 -0.02972096577286721 -0.06288349628448486
v -0.010149648413062097 -0.027569359168410308 -0.06677746772766113
v -0.010149648413062097 -0.027569359168410308 -0.06677746772766113
v -0.007208177819848062 -0.02972096577286721 -0.06288349628448486
v -0.009664712473750116 -0.02896112948656083 -0.06298118829727173
v -0.010149648413062097 -0.027569359168410308 -0.06677746772766113
v -0.009664712473750116 -0.02896112948656083 -0.06298118829727173
v -0.01264431141316891 -0.026495678350329406 -0.06684917211532593
v -0.01264431141316891 -0.026495678350329406 -0.06684917211532593
v -0.009664712473750116 -0.02896112948656083 -0.06298118829727173
v -0.012036556378006939 -0.02798313461244107 -0.06309348344802856
v -0.01264431141316891 -0.026495678350329406 -0.06684917211532593
v -0.012036556378006939 -0.02798313461244107 -0.06309348344802856
v -0.01502892188727856 -0.025189621374011047 -0.06692665815353394
v -0.01502892188727856 -0.025189621374011047 -0.06692665815353394
v -0.012036556378006939 -0.02798313461244107 -0.06309348344802856
v -0.014308759942650798 -0.026789432391524322 -0.06321942806243896
v -0.01502892188727856 -0.025189621374011047 -0.06692665815353394
v -0.014308759942650798 -0.026789432391524322 -0.06321942806243896
v -0.017284492030739788 -0.023659186437726028 -0.06700807809829712
v -0.017284492030739788 -0.023659186437726028 -0.06700807809829712
v -0.014308759942650798 -0.026789432391524322 -0.06321942806243896
v -0.01646676100790501 -0.0253830123692751 -0.06335610151290894
v -0.017284492030739788 -0.023659186437726028 -0.06700807809829712
v -0.01646676100790501 -0.0253830123692751 -0.06335610151290894
v -0.01939220912754536 -0.021913537755608562 -0.06709051132202148
v -0.01939220912754536 -0.021913537755608562 -0.06709051132202148
v -0.01646676100790501 -0.0253830123692751 -0.06335610151290894
v -0.018495542928576473 -0.023767335340380676 -0.063498854637146
v -0.01939220912754536 -0.021913537755608562 -0.06709051132202148
v -0.018495542928576473 -0.023767335340380676 -0.063498854637146
v -0.02133308164775372 -0.01996295712888241 -0.0671699047088623
v -0.02133308164775372 -0.01996295712888241 -0.0671699047088623
v -0.018495542928576473 -0.023767335340380676 -0.063498854637146
v -0.020378855988383297 -0.021946681663393978 -0.06364154815673828
v -0.02133308164775372 -0.01996295712888241 -0.0671699047088623
v -0.020378855988383297 -0.021946681663393978 -0.06364154815673828
v -0.02308808453381062 -0.017819957807660106 -0.06724154949188232
v -0.02308808453381062 -0.017819957807660106 -0.06724154949188232
v -0.020378855988383297 -0.021946681663393978 -0.06364154815673828
v -0.022099057212471965 -0.019928732886910442 -0.0637778639793396
v -0.02308808453381062 -0.017819957807660106 -0.06724154949188232
v -0.022099057212471965 -0.019928732886910442 -0.0637778639793396
v -0.024638229981064803 -0.015500155277550224 -0.06730157136917114
v -0.024638229981064803 -0.015500155277550224 -0.06730157136917114
v -0.022099057212471965 -0.019928732886910442 -0.0637778639793396
v -0.023637173697352416 -0.01772507466375828 -0.06390166282653809
v -0.024638229981064803 -0.015500155277550224 -0.06730157136917114
v -0.023637173697352416 -0.01772507466375828 -0.06390166282653809
v -0.025965029373765 -0.013022047467529777 -0.06734675168991089
v -0.025965029373765 -0.013022047467529777 -0.06734675168991089
v -0.023637173697352416 -0.01772507466375828 -0.06390166282653809
v -0.02497359551489354 -0.015350867994129661 -0.06400763988494873
v -0.025965029373765 -0.013022047467529777 -0.06734675168991089
v -0.02497359551489354 -0.015350867994129661 -0.06400763988494873
v -0.027051100507378585 -0.010406811721622946 -0.067374587059021
v -0.027051100507378585 -0.010406811721622946 -0.067374587059021
v -0.02497359551489354 -0.015350867994129661 -0.06400763988494873
v -0.02608889155089856 -0.012824737466871742 -0.06409132480621338
v -0.027051100507378585 -0.010406811721622946 -0.067374587059021
v -0.02608889155089856 -0.012824737466871742 -0.06409132480621338
v -0.02788073383271695 -0.007678223308175804 -0.06738358736038208
v -0.02788073383271695 -0.007678223308175804 -0.06738358736038208
v -0.02608889155089856 -0.012824737466871742 -0.06409132480621338
v -0.026964617893099792 -0.010168683715164663 -0.06414973735809326
v -0.02788073383271695 -0.007678223308175804 -0.06738358736038208
v -0.026964617893099792 -0.010168683715164663 -0.06414973735809326
v -0.028440503403544433 -0.004862563218921424 -0.06737369298934937
v -0.028440503403544433 -0.004862563218921424 -0.06737369298934937
v -0.026964617893099792 -0.010168683715164663 -0.06414973735809326
v -0.02758417837321759 -0.007407968398183586 -0.06418150663375854
v -0.028440503403544433 -0.004862563218921424 -0.06737369298934937
v -0.02758417837321759 -0.007407968398183586 -0.06418150663375854
v -0.027933618053793914 -0.0045710629783570775 -0.06418722867965698
v -0.027933618053793914 -0.0045710629783570775 -0.06418722867965698
v -0.02758417837321759 -0.007407968398183586 -0.06418150663375854
v -0.02641075290739537 -0.010479119606316091 -0.060562316328287125
v -0.027933618053793914 -0.0045710629783570775 -0.06418722867965698
v -0.02641075290739537 -0.010479119606316091 -0.060562316328287125
v -0.026773070916533477 -0.0077054551802575606 -0.060658518224954605
v -0.02791008539497853 0.007871775887906553 -0.0700000524520874
v -0.028391843661665923 0.00590255716815591 -0.0700000524520874
v -0.02850246988236905 0.0048543871380388745 -0.0686790943145752
v -0.02850246988236905 0.0048543871380388745 -0.0686790943145752
v -0.028391843661665923 0.00590255716815591 -0.0700000524520874
v -0.02885535918176175 0.002881563035771251 -0.06999993324279785
v -0.02850246988236905 0.0048543871380388745 -0.0686790943145752
v -0.02885535918176175 0.002881563035771251 -0.06999993324279785
v -0.02886003442108632 0.0019742425065487628 -0.0687151551246643
v -0.02886003442108632 0.0019742425065487628 -0.0687151551246643
v -0.02885535918176175 0.002881563035771251 -0.06999993324279785
v -0.028998872265219695 -1.1722958159765542e-09 -0.06999993324279785
v -0.02886003442108632 0.0019742425065487628 -0.0687151551246643
v -0.028998872265219695 -1.1722958159765542e-09 -0.06999993324279785
v -0.028928244486451156 -0.0009208929259330036 -0.06874465942382812
v -0.028928244486451156 -0.0009208929259330036 -0.06874465942382812
v -0.028998872265219695 -1.1722958159765542e-09 -0.06999993324279785
v -0.02883791364729405 -0.0030512523371726283 -0.0700000524520874
v -0.028928244486451156 -0.0009208929259330036 -0.06874465942382812
v -0.02883791364729405 -0.0030512523371726283 -0.0700000524520874
v -0.028719836845994003 -0.0019884493667632346 -0.06734615564346313
v -0.028719836845994003 -0.0019884493667632346 -0.06734615564346313
v -0.02883791364729405 -0.0030512523371726283 -0.0700000524520874
v -0.028440503403544433 -0.004862563218921424 -0.06737369298934937
v -0.028719836845994003 -0.0019884493667632346 -0.06734615564346313
v -0.028440503403544433 -0.004862563218921424 -0.06737369298934937
v -0.02838335372507573 -0.0032059301156550655 -0.06582111120223999
v -0.02838335372507573 -0.0032059301156550655 -0.06582111120223999
v -0.028440503403544433 -0.004862563218921424 -0.06737369298934937
v -0.027933618053793914 -0.0045710629783570775 -0.06418722867965698
v -0.02838335372507573 -0.0032059301156550655 -0.06582111120223999
v -0.027933618053793914 -0.0045710629783570775 -0.06418722867965698
v -0.028420517221093185 -0.00030902889557182794 -0.06578296422958374
v -0.028420517221093185 -0.00030902889557182794 -0.06578296422958374
v -0.027933618053793914 -0.0045710629783570775 -0.06418722867965698
v -0.02800251357257367 -0.0016897518653422598 -0.06417006254196167
v -0.028420517221093185 -0.00030902889557182794 -0.06578296422958374
v -0.02800251357257367 -0.0016897518653422598 -0.06417006254196167
v -0.028167514130473144 0.0025919068139046435 -0.06572908163070679
v -0.028167514130473144 0.0025919068139046435 -0.06572908163070679
v -0.02800251357257367 -0.0016897518653422598 -0.06417006254196167
v -0.027784759178757674 0.0012014980893582108 -0.06413435935974121
v -0.028167514130473144 0.0025919068139046435 -0.06572908163070679
v -0.027784759178757674 0.0012014980893582108 -0.06413435935974121
v -0.027623394504189498 0.005463159177452327 -0.06566262245178223
v -0.027623394504189498 0.005463159177452327 -0.06566262245178223
v -0.027784759178757674 0.0012014980893582108 -0.06413435935974121
v -0.027278473600745208 0.004067672882229091 -0.06408339738845825
v -0.027623394504189498 0.005463159177452327 -0.06566262245178223
v -0.027278473600745208 0.004067672882229091 -0.06408339738845825
v -0.026791030541062362 0.0082712983712554 -0.06558555364608765
v -0.026791030541062362 0.0082712983712554 -0.06558555364608765
v -0.027278473600745208 0.004067672882229091 -0.06408339738845825
v -0.026485605165362365 0.006873956415802242 -0.06401914358139038
v -0.026791030541062362 0.0082712983712554 -0.06558555364608765
v -0.026485605165362365 0.006873956415802242 -0.06401914358139038
v -0.025676792487502105 0.01098360773175955 -0.06549888849258423
v -0.025676792487502105 0.01098360773175955 -0.06549888849258423
v -0.026485605165362365 0.006873956415802242 -0.06401914358139038
v -0.025411581620574004 0.00958626624196768 -0.06394267082214355
v -0.025676792487502105 0.01098360773175955 -0.06549888849258423
v -0.025411581620574004 0.00958626624196768 -0.06394267082214355
v -0.0242901910096407 0.013568623922765258 -0.06540316343307495
v -0.0242901910096407 0.013568623922765258 -0.06540316343307495
v -0.025411581620574004 0.00958626624196768 -0.06394267082214355
v -0.02406489290297032 0.012171774171292785 -0.06385409832000732
v -0.0242901910096407 0.013568623922765258 -0.06540316343307495
v -0.02406489290297032 0.012171774171292785 -0.06385409832000732
v -0.02264351956546307 0.01599657349288464 -0.06529814004898071
v -0.02264351956546307 0.01599657349288464 -0.06529814004898071
v -0.02406489290297032 0.012171774171292785 -0.06385409832000732
v -0.022456737235188488 0.01459950860589743 -0.06375312805175781
v -0.02264351956546307 0.01599657349288464 -0.06529814004898071
v -0.022456737235188488 0.01459950860589743 -0.06375312805175781
v -0.020751534029841427 0.01823983155190945 -0.06518328189849854
v -0.020751534029841427 0.01823983155190945 -0.06518328189849854
v -0.022456737235188488 0.01459950860589743 -0.06375312805175781
v -0.020600652322173122 0.016840776428580288 -0.06363892555236816
v -0.020751534029841427 0.01823983155190945 -0.06518328189849854
v -0.020600652322173122 0.016840776428580288 -0.06363892555236816
v -0.018631542101502422 0.020273206755518917 -0.06505823135375977
v -0.018631542101502422 0.020273206755518917 -0.06505823135375977
v -0.020600652322173122 0.016840776428580288 -0.06363892555236816
v -0.018512902781367305 0.018869547173380855 -0.06351083517074585
v -0.018631542101502422 0.020273206755518917 -0.06505823135375977
v -0.018512902781367305 0.018869547173380855 -0.06351083517074585
v -0.016304029151797298 0.02207352034747601 -0.0649232268333435
v -0.016304029151797298 0.02207352034747601 -0.0649232268333435
v -0.018512902781367305 0.018869547173380855 -0.06351083517074585
v -0.0162136796861887 0.02066203020513058 -0.0633692741394043
v -0.016304029151797298 0.02207352034747601 -0.0649232268333435
v -0.0162136796861887 0.02066203020513058 -0.0633692741394043
v -0.013791592791676525 0.0236190464347601 -0.06477993726730347
v -0.013791592791676525 0.0236190464347601 -0.06477993726730347
v -0.0162136796861887 0.02066203020513058 -0.0633692741394043
v -0.013725375756621364 0.02219600044190884 -0.06321609020233154
v -0.013791592791676525 0.0236190464347601 -0.06477993726730347
v -0.013725375756621364 0.02219600044190884 -0.06321609020233154
v -0.011119103059172632 0.02488978765904904 -0.06463128328323364
v -0.011119103059172632 0.02488978765904904 -0.06463128328323364
v -0.013725375756621364 0.02219600044190884 -0.06321609020233154
v -0.011072764173150064 0.023451117798686034 -0.06305503845214844
v -0.011119103059172632 0.02488978765904904 -0.06463128328323364
v -0.011072764173150064 0.023451117798686034 -0.06305503845214844
v -0.008314112201333048 0.025868056342005737 -0.06448197364807129
v -0.008314112201333048 0.025868056342005737 -0.06448197364807129
v -0.011072764173150064 0.023451117798686034 -0.06305503845214844
v -0.00828356482088566 0.024409709498286254 -0.06289201974868774
v -0.008314112201333048 0.025868056342005737 -0.06448197364807129
v -0.00828356482088566 0.024409709498286254 -0.06289201974868774
v -0.005407268181443215 0.026539294049143798 -0.06433850526809692
v -0.005407268181443215 0.026539294049143798 -0.06433850526809692
v -0.00828356482088566 0.024409709498286254 -0.06289201974868774
v -0.0053890515118837365 0.025057552382349975 -0.06273531913757324
v -0.005407268181443215 0.026539294049143798 -0.06433850526809692
v -0.0053890515118837365 0.025057552382349975 -0.06273531913757324
v -0.0024327058345079426 0.0268926676362753 -0.06420964002609253
v -0.0024327058345079426 0.0268926676362753 -0.06420964002609253
v -0.0053890515118837365 0.025057552382349975 -0.06273531913757324
v -0.002424636855721474 0.025384595617651946 -0.06259620189666748
v -0.0024327058345079426 0.0268926676362753 -0.06420964002609253
v -0.002424636855721474 0.025384595617651946 -0.06259620189666748
v 1.1379847819625868e-06 0.02670047245919705 -0.06382900476455688
v 1.1379847819625868e-06 0.02670047245919705 -0.06382900476455688
v -0.002424636855721474 0.025384595617651946 -0.06259620189666748
v 1.1379847819625868e-06 0.02532154135406018 -0.06242770329117775
v 1.1603365237533583e-06 0.017302451655268673 -0.057650867849588394
v 1.1528859431564344e-06 0.021102463826537136 -0.059541765600442886
v -0.0022407863289117817 0.016414729878306392 -0.05730641260743141
v -0.0022407863289117817 0.016414729878306392 -0.05730641260743141
v 1.1528859431564344e-06 0.021102463826537136 -0.059541765600442886
v -0.0023570898920297627 0.02136517129838467 -0.05976307764649391
v -0.0022407863289117817 0.016414729878306392 -0.05730641260743141
v -0.0023570898920297627 0.02136517129838467 -0.05976307764649391
v -0.004985673353075982 0.016224836930632595 -0.05743223801255226
v -0.004985673353075982 0.016224836930632595 -0.05743223801255226
v -0.0023570898920297627 0.02136517129838467 -0.05976307764649391
v -0.005240598693490029 0.021103186532855037 -0.05990052595734596
v -0.004985673353075982 0.016224836930632595 -0.05743223801255226
v -0.005240598693490029 0.021103186532855037 -0.05990052595734596
v -0.007665710523724558 0.01573942415416241 -0.057566169649362564
v -0.007665710523724558 0.01573942415416241 -0.057566169649362564
v -0.005240598693490029 0.021103186532855037 -0.05990052595734596
v -0.008054459467530252 0.020527308806777004 -0.060055676847696304
v -0.007665710523724558 0.01573942415416241 -0.057566169649362564
v -0.008054459467530252 0.020527308806777004 -0.060055676847696304
v -0.010243901982903482 0.014957665465772155 -0.05769038572907448
v -0.010243901982903482 0.014957665465772155 -0.05769038572907448
v -0.008054459467530252 0.020527308806777004 -0.060055676847696304
v -0.010761769488453867 0.01964332722127438 -0.06021297350525856
v -0.010243901982903482 0.014957665465772155 -0.05769038572907448
v -0.010761769488453867 0.01964332722127438 -0.06021297350525856
v -0.012688772752881054 0.013885146938264373 -0.05779248848557472
v -0.012688772752881054 0.013885146938264373 -0.05779248848557472
v -0.010761769488453867 0.01964332722127438 -0.06021297350525856
v -0.013330711051821712 0.018462156876921657 -0.060361091047525406
v -0.012688772752881054 0.013885146938264373 -0.05779248848557472
v -0.013330711051821712 0.018462156876921657 -0.060361091047525406
v -0.014973321929574016 0.012533015571534637 -0.05786443129181862
v -0.014973321929574016 0.012533015571534637 -0.05786443129181862
v -0.013330711051821712 0.018462156876921657 -0.060361091047525406
v -0.015733668580651287 0.016999011859297756 -0.06049269810318947
v -0.014973321929574016 0.012533015571534637 -0.05786443129181862
v -0.015733668580651287 0.016999011859297756 -0.06049269810318947
v -0.017073949798941616 0.01091705169528723 -0.05790174379944801
v -0.017073949798941616 0.01091705169528723 -0.05790174379944801
v -0.015733668580651287 0.016999011859297756 -0.06049269810318947
v -0.01794630475342274 0.015272750519216064 -0.06060332432389259
v -0.017073949798941616 0.01091705169528723 -0.05790174379944801
v -0.01794630475342274 0.015272750519216064 -0.06060332432389259
v -0.018969388678669933 0.009056731127202513 -0.05790293589234352
v -0.018969388678669933 0.009056731127202513 -0.05790293589234352
v -0.01794630475342274 0.015272750519216064 -0.06060332432389259
v -0.019946703687310222 0.013305044732987884 -0.06069094315171242
v -0.018969388678669933 0.009056731127202513 -0.05790293589234352
v -0.019946703687310222 0.013305044732987884 -0.06069094315171242
v -0.020640900358557705 0.0069743753410875815 -0.05786878243088722
v -0.020640900358557705 0.0069743753410875815 -0.05786878243088722
v -0.019946703687310222 0.013305044732987884 -0.06069094315171242
v -0.02171534858644009 0.01111967768520117 -0.06075543537735939
v -0.020640900358557705 0.0069743753410875815 -0.05786878243088722
v -0.02171534858644009 0.01111967768520117 -0.06075543537735939
v -0.022077096626162532 0.004695890937000514 -0.05780178681015968
v -0.022077096626162532 0.004695890937000514 -0.05780178681015968
v -0.02171534858644009 0.01111967768520117 -0.06075543537735939
v -0.023238403722643856 0.008743240498006346 -0.06079823151230812
v -0.022077096626162532 0.004695890937000514 -0.05780178681015968
v -0.023238403722643856 0.008743240498006346 -0.06079823151230812
v -0.023269886150956157 0.002250998048111797 -0.05770492926239967
v -0.023269886150956157 0.002250998048111797 -0.05770492926239967
v -0.023238403722643856 0.008743240498006346 -0.06079823151230812
v -0.02450507692992688 0.006205572281032802 -0.060820940881967545
v -0.023269886150956157 0.002250998048111797 -0.05770492926239967
v -0.02450507692992688 0.006205572281032802 -0.060820940881967545
v -0.024212697520852096 -0.0003275286871939898 -0.05758136883378029
v -0.024212697520852096 -0.0003275286871939898 -0.05758136883378029
v -0.02450507692992688 0.006205572281032802 -0.060820940881967545
v -0.025506542995572097 0.0035391810815781364 -0.060825053602457047
v -0.024212697520852096 -0.0003275286871939898 -0.05758136883378029
v -0.025506542995572097 0.0035391810815781364 -0.060825053602457047
v -0.024900743737816818 -0.003004619153216482 -0.05743396654725075
v -0.024900743737816818 -0.003004619153216482 -0.05743396654725075
v -0.025506542995572097 0.0035391810815781364 -0.060825053602457047
v -0.026236301288008697 0.0007786068599671128 -0.06081134453415871
v -0.024900743737816818 -0.003004619153216482 -0.05743396654725075
v -0.026236301288008697 0.0007786068599671128 -0.06081134453415871
v -0.02533135376870633 -0.005743583198636771 -0.05726492777466774
v -0.02533135376870633 -0.005743583198636771 -0.05726492777466774
v -0.026236301288008697 0.0007786068599671128 -0.06081134453415871
v -0.026690559461712844 -0.0020402085501700644 -0.06077999249100685
v -0.02533135376870633 -0.005743583198636771 -0.05726492777466774
v -0.026690559461712844 -0.0020402085501700644 -0.06077999249100685
v -0.02550425566732884 -0.008506783284246923 -0.05707526579499245
v -0.02550425566732884 -0.008506783284246923 -0.05707526579499245
v -0.026690559461712844 -0.0020402085501700644 -0.06077999249100685
v -0.026868579909205444 -0.004880534019321204 -0.06072986498475075
v -0.02550425566732884 -0.008506783284246923 -0.05707526579499245
v -0.026868579909205444 -0.004880534019321204 -0.06072986498475075
v -0.025421870872378356 -0.011256334371864797 -0.05686480179429054
v -0.025421870872378356 -0.011256334371864797 -0.05686480179429054
v -0.026868579909205444 -0.004880534019321204 -0.06072986498475075
v -0.026773070916533477 -0.0077054551802575606 -0.060658518224954605
v -0.025421870872378356 -0.011256334371864797 -0.05686480179429054
v -0.026773070916533477 -0.0077054551802575606 -0.060658518224954605
v -0.02509004063904286 -0.013955687172710899 -0.056632403284311295
v -0.02509004063904286 -0.013955687172710899 -0.056632403284311295
v -0.026773070916533477 -0.0077054551802575606 -0.060658518224954605
v -0.02641075290739537 -0.010479119606316091 -0.060562316328287125
v -0.02509004063904286 -0.013955687172710899 -0.056632403284311295
v -0.02641075290739537 -0.010479119606316091 -0.060562316328287125
v -0.02451933734118939 -0.016573289409279827 -0.056379977613687515
v -0.02451933734118939 -0.016573289409279827 -0.056379977613687515
v -0.02641075290739537 -0.010479119606316091 -0.060562316328287125
v -0.025793006643652923 -0.013169691897928718 -0.060440126806497574
v -0.02451933734118939 -0.016573289409279827 -0.056379977613687515
v -0.025793006643652923 -0.013169691897928718 -0.060440126806497574
v -0.023723261430859573 -0.01908110268414021 -0.056112054735422134
v -0.023723261430859573 -0.01908110268414021 -0.056112054735422134
v -0.025793006643652923 -0.013169691897928718 -0.060440126806497574
v -0.02493456937372685 -0.015749031677842144 -0.06029326096177101
v -0.023723261430859573 -0.01908110268414021 -0.056112054735422134
v -0.02493456937372685 -0.015749031677842144 -0.06029326096177101
v -0.02271710149943829 -0.02145410515367985 -0.055834416300058365
v -0.02271710149943829 -0.02145410515367985 -0.055834416300058365
v -0.02493456937372685 -0.015749031677842144 -0.06029326096177101
v -0.02385241352021695 -0.01819236390292645 -0.06012505665421486
v -0.02271710149943829 -0.02145410515367985 -0.055834416300058365
v -0.02385241352021695 -0.01819236390292645 -0.06012505665421486
v -0.02151718176901341 -0.02367044426500798 -0.055553678423166275
v -0.02151718176901341 -0.02367044426500798 -0.055553678423166275
v -0.02385241352021695 -0.01819236390292645 -0.06012505665421486
v -0.02256492711603642 -0.020478377118706707 -0.05994052067399025
v -0.02151718176901341 -0.02367044426500798 -0.055553678423166275
v -0.02256492711603642 -0.020478377118706707 -0.05994052067399025
v -0.020140146836638454 -0.02571160532534123 -0.055276576429605484
v -0.020140146836638454 -0.02571160532534123 -0.055276576429605484
v -0.02256492711603642 -0.020478377118706707 -0.05994052067399025
v -0.02109104953706265 -0.02258931659162045 -0.059745434671640396
v -0.020140146836638454 -0.02571160532534123 -0.055276576429605484
v -0.02109104953706265 -0.02258931659162045 -0.059745434671640396
v -0.01860221289098263 -0.02756254933774472 -0.05500948801636696
v -0.01860221289098263 -0.02756254933774472 -0.05500948801636696
v -0.02109104953706265 -0.02258931659162045 -0.059745434671640396
v -0.01944939605891705 -0.024511044844985015 -0.05954611673951149
v -0.01860221289098263 -0.02756254933774472 -0.05500948801636696
v -0.01944939605891705 -0.024511044844985015 -0.05954611673951149
v -0.016918426379561428 -0.029211847111582763 -0.054757777601480484
v -0.016918426379561428 -0.029211847111582763 -0.054757777601480484
v -0.01944939605891705 -0.024511044844985015 -0.05954611673951149
v -0.017657423391938213 -0.026233108714222915 -0.05934876576066017
v -0.016918426379561428 -0.029211847111582763 -0.054757777601480484
v -0.017657423391938213 -0.026233108714222915 -0.05934876576066017
v -0.015101747587323192 -0.030653320252895362 -0.05452621355652809
v -0.015101747587323192 -0.030653320252895362 -0.05452621355652809
v -0.017657423391938213 -0.026233108714222915 -0.05934876576066017
v -0.015730565413832668 -0.027749663218855865 -0.05915946140885353
v -0.015101747587323192 -0.030653320252895362 -0.05452621355652809
v -0.015730565413832668 -0.027749663218855865 -0.05915946140885353
v -0.013162562623620037 -0.031887773424386985 -0.05432039871811867
v -0.013162562623620037 -0.031887773424386985 -0.05432039871811867
v -0.015730565413832668 -0.027749663218855865 -0.05915946140885353
v -0.013682013377547268 -0.02905997075140477 -0.05898452177643776
v -0.013162562623620037 -0.031887773424386985 -0.05432039871811867
v -0.013682013377547268 -0.02905997075140477 -0.05898452177643776
v -0.011110203340649607 -0.03291779756546021 -0.054144326597452164
v -0.011110203340649607 -0.03291779756546021 -0.054144326597452164
v -0.013682013377547268 -0.02905997075140477 -0.05898452177643776
v -0.011523554101586344 -0.030164357274770744 -0.058828894048929214
v -0.011110203340649607 -0.03291779756546021 -0.054144326597452164
v -0.011523554101586344 -0.030164357274770744 -0.058828894048929214
v -0.00895403139293194 -0.03374700993299485 -0.053999368101358414
v -0.00895403139293194 -0.03374700993299485 -0.053999368101358414
v -0.011523554101586344 -0.030164357274770744 -0.058828894048929214
v -0.009266549721360208 -0.031063573434948928 -0.058695320039987564
v -0.00895403139293194 -0.03374700993299485 -0.053999368101358414
v -0.009266549721360208 -0.031063573434948928 -0.058695320039987564
v -0.006704391911625864 -0.03438032418489457 -0.053884152323007584
v -0.006704391911625864 -0.03438032418489457 -0.053884152323007584
v -0.009266549721360208 -0.031063573434948928 -0.058695320039987564
v -0.00692291744053364 -0.031758897006511695 -0.058583859354257584
v -0.006704391911625864 -0.03438032418489457 -0.053884152323007584
v -0.00692291744053364 -0.031758897006511695 -0.058583859354257584
v -0.004373548552393914 -0.0348242074251175 -0.05379367247223854
v -0.004373548552393914 -0.0348242074251175 -0.05379367247223854
v -0.00692291744053364 -0.031758897006511695 -0.058583859354257584
v -0.00450611673295498 -0.0322522483766079 -0.05849171057343483
v -0.004373548552393914 -0.0348242074251175 -0.05379367247223854
v -0.00450611673295498 -0.0322522483766079 -0.05849171057343483
v -0.0019766334444284443 -0.03508694097399712 -0.05371946468949318
v -0.0019766334444284443 -0.03508694097399712 -0.05371946468949318
v -0.00450611673295498 -0.0322522483766079 -0.05849171057343483
v -0.002032140269875527 -0.03254633769392968 -0.05841279402375221
v -0.0019766334444284443 -0.03508694097399712 -0.05371946468949318
v -0.002032140269875527 -0.03254633769392968 -0.05841279402375221
v 1.1156333812323285e-06 -0.0326409861445427 -0.058351997286081314
v 1.1156333812323285e-06 -0.0326409861445427 -0.058351997286081314
v -0.002032140269875527 -0.03254633769392968 -0.05841279402375221
v 1.1305345424261761e-06 -0.03100735321640969 -0.061855021864175797
v 1.1230837344555768e-06 0.00943600293248892 0.028200028464198112
v 1.1230837344555768e-06 0.0034359979908913383 0.028200028464198112
v 0.00627621077001095 0.0034359979908913383 0.027492938563227654
v 0.00627621077001095 0.00943600293248892 0.027492938563227654
v 0.00627621077001095 0.00943600293248892 0.027492938563227654
v 0.00627621077001095 0.0034359979908913383 0.027492938563227654
v 0.012236645445227626 0.0034359979908913383 0.02540731243789196
v 0.012236645445227626 0.00943600293248892 0.02540731243789196
v 0.012236645445227626 0.00943600293248892 0.02540731243789196
v 0.012236645445227626 0.0034359979908913383 0.02540731243789196
v 0.017583539709448818 0.0034359979908913383 0.022047637030482292
v 0.017583539709448818 0.00943600293248892 0.022047637030482292
v 0.017583539709448818 0.00943600293248892 0.022047637030482292
v 0.017583539709448818 0.0034359979908913383 0.022047637030482292
v 0.022048769518733028 0.0034359979908913383 0.01758241467177868
v 0.022048769518733028 0.00943600293248892 0.01758241467177868
v 0.022048769518733028 0.00943600293248892 0.01758241467177868
v 0.022048769518733028 0.0034359979908913383 0.01758241467177868
v 0.0254084449261427 0.0034359979908913383 0.012235519476234913
v 0.0254084449261427 0.00943600293248892 0.012235519476234913
v 0.0254084449261427 0.00943600293248892 0.012235519476234913
v 0.0254084449261427 0.0034359979908913383 0.012235519476234913
v 0.027494093403220184 0.0034359979908913383 0.006275115069001913
v 0.027494093403220184 0.00943600293248892 0.006275115069001913
v 0.027494093403220184 0.00943600293248892 0.006275115069001913
v 0.027494093403220184 0.0034359979908913383 0.006275115069001913
v 0.028201123699545867 0.0034359979908913383 -2.5509288015257425e-09
v 0.028201123699545867 0.00943600293248892 -2.5509288015257425e-09
v 0.028201123699545867 0.00943600293248892 -2.5509288015257425e-09
v 0.028201123699545867 0.0034359979908913383 -2.5509288015257425e-09
v 0.027494093403220184 0.0034359979908913383 -0.006275119725614786
v 0.027494093403220184 0.00943600293248892 -0.006275119725614786
v 0.027494093403220184 0.00943600293248892 -0.006275119725614786
v 0.027494093403220184 0.0034359979908913383 -0.006275119725614786
v 0.0254084449261427 0.0034359979908913383 -0.01223552506417036
v 0.0254084449261427 0.00943600293248892 -0.01223552506417036
v 0.0254084449261427 0.00943600293248892 -0.01223552506417036
v 0.0254084449261427 0.0034359979908913383 -0.01223552506417036
v 0.022048769518733028 0.0034359979908913383 -0.017582418397068977
v 0.022048769518733028 0.00943600293248892 -0.017582418397068977
v 0.022048769518733028 0.00943600293248892 -0.017582418397068977
v 0.022048769518733028 0.0034359979908913383 -0.017582418397068977
v 0.017583539709448818 0.0034359979908913383 -0.02204764075577259
v 0.017583539709448818 0.00943600293248892 -0.02204764075577259
v 0.017583539709448818 0.00943600293248892 -0.02204764075577259
v 0.017583539709448818 0.0034359979908913383 -0.02204764075577259
v 0.012236645445227626 0.0034359979908913383 -0.02540731616318226
v 0.012236645445227626 0.00943600293248892 -0.02540731616318226
v 0.012236645445227626 0.00943600293248892 -0.02540731616318226
v 0.012236645445227626 0.0034359979908913383 -0.02540731616318226
v 0.00627621077001095 0.0034359979908913383 -0.027492942288517952
v 0.00627621077001095 0.00943600293248892 -0.027492942288517952
v 0.00627621077001095 0.00943600293248892 -0.027492942288517952
v 0.00627621077001095 0.0034359979908913383 -0.027492942288517952
v 1.1230837344555768e-06 0.0034359979908913383 -0.028199972584843636
v 1.1230837344555768e-06 0.00943600293248892 -0.028199972584843636
v 0.01777751557528973 -0.040090490132570274 -0.0346607007086277
v 0.017033090814948085 -0.04106856510043145 -0.03434807434678078
v 0.01702792011201382 -0.03796293586492539 -0.03971326723694801
v 1.1305345424261761e-06 -0.03100735321640969 -0.061855021864175797
v 1.1305345424261761e-06 -0.030675373971462257 -0.06266683340072632
v 0.0020947139710187916 -0.030580939725041396 -0.06272387504577637
v 0.02765782736241818 -0.008723896928131582 -0.06999993324279785
v 0.026978513225913055 -0.01061289105564356 -0.06737291812896729
v 0.02588056586682797 -0.01320330519229174 -0.06734395027160645
v 0.025576828047633178 0.013670503161847595 -0.06999987363815308
v 0.02589691989123822 0.01278012897819281 -0.06855010986328125
v 0.027057496830821044 0.010126321576535703 -0.06859815120697021
v 1.1454353625595106e-06 0.02889379672706128 -0.06853693723678589
v 1.1454353625595106e-06 0.028766026720404632 -0.06785792112350464
v 0.002929409965872765 0.028629487380385406 -0.06791478395462036
v 1.1454353625595106e-06 0.02847524546086789 -0.06685703992843628
v 1.1379847819625868e-06 0.028071908280253417 -0.06590241193771362
v 0.002970447763800622 0.027956074103713043 -0.06599360704421997
v 1.1379847819625868e-06 0.027716187760233886 -0.06524688005447388
v 1.1379847819625868e-06 0.02670047245919705 -0.06382900476455688
v 0.002985117956995965 0.026851771399378783 -0.06423157453536987
v 1.1454354762463483e-06 -0.0020945568103343253 -0.04680532589554787
v 0.004481224343180657 -0.0006280888337641956 -0.04845571890473366
v 1.1677872180371198e-06 -0.0005333770532160998 -0.04841280356049538
v 1.1677872180371198e-06 -0.0005333770532160998 -0.04841280356049538
v 0.004481224343180657 -0.0006280888337641956 -0.04845571890473366
v 0.002296453341841698 0.0013594205956906082 -0.049954596906900406
v 1.1677872180371198e-06 -0.0005333770532160998 -0.04841280356049538
v 0.002296453341841698 0.0013594205956906082 -0.049954596906900406
v 1.1677872180371198e-06 0.0013583477120846512 -0.04991770163178444
v 1.1677872180371198e-06 0.0013583477120846512 -0.04991770163178444
v 0.002296453341841698 0.0013594205956906082 -0.049954596906900406
v 0.002353889867663384 0.0035158011596649894 -0.05134714022278786
v 1.1677872180371198e-06 0.0013583477120846512 -0.04991770163178444
v 0.002353889867663384 0.0035158011596649894 -0.05134714022278786
v 1.160336637440196e-06 0.0037003371398895988 -0.05141020193696022
v 1.160336637440196e-06 0.0037003371398895988 -0.05141020193696022
v 0.002353889867663384 0.0035158011596649894 -0.05134714022278786
v 0.002422546967864037 0.005890949163585903 -0.05264062061905861
v 1.160336637440196e-06 0.0037003371398895988 -0.05141020193696022
v 0.002422546967864037 0.005890949163585903 -0.05264062061905861
v 1.1528860568432722e-06 0.006615719292312862 -0.05294734612107277
v 1.1528860568432722e-06 0.006615719292312862 -0.05294734612107277
v 0.002422546967864037 0.005890949163585903 -0.05264062061905861
v 0.002582764253020287 0.011070854030549528 -0.055025581270456314
v 1.1528860568432722e-06 0.006615719292312862 -0.05294734612107277
v 0.002582764253020287 0.011070854030549528 -0.055025581270456314
v 1.1528860568432722e-06 0.011633767746388914 -0.05519980564713478
v 1.1230836207687391e-06 0.028999967500567443 -0.06999999284744263
v 1.1454353625595106e-06 0.02889379672706128 -0.06853693723678589
v 0.002741029486060143 0.02887027524411679 -0.06999993324279785
v 0.002741029486060143 0.02887027524411679 -0.06999993324279785
v 1.1454353625595106e-06 0.02889379672706128 -0.06853693723678589
v 0.002929409965872765 0.028629487380385406 -0.06791478395462036
v 0.002741029486060143 0.02887027524411679 -0.06999993324279785
v 0.002929409965872765 0.028629487380385406 -0.06791478395462036
v 0.005825666710734368 0.028195587918162353 -0.06797945499420166
v 0.011399252340197565 0.026461070403456695 -0.06812059879302979
v 0.008723897859454157 0.027657045051455505 -0.06999975442886353
v 0.008658764883875849 0.02746966294944287 -0.06804919242858887
v 0.008658764883875849 0.02746966294944287 -0.06804919242858887
v 0.008723897859454157 0.027657045051455505 -0.06999975442886353
v 0.0062160920351743715 0.028326226398348815 -0.0699998140335083
v 0.008658764883875849 0.02746966294944287 -0.06804919242858887
v 0.0062160920351743715 0.028326226398348815 -0.0699998140335083
v 0.005825666710734368 0.028195587918162353 -0.06797945499420166
v 0.005825666710734368 0.028195587918162353 -0.06797945499420166
v 0.0062160920351743715 0.028326226398348815 -0.0699998140335083
v 0.0057643186300992974 0.02842159382998944 -0.06999987363815308
v 0.005825666710734368 0.028195587918162353 -0.06797945499420166
v 0.0057643186300992974 0.02842159382998944 -0.06999987363815308
v 0.002741029486060143 0.02887027524411679 -0.06999993324279785
v 0.016493609175086025 0.023646457120776183 -0.06825947761535645
v 0.014319723471999172 0.025218619033694274 -0.06999999284744263
v 0.014019487425684932 0.025181880220770843 -0.06819117069244385
v 0.014019487425684932 0.025181880220770843 -0.06819117069244385
v 0.014319723471999172 0.025218619033694274 -0.06999999284744263
v 0.012142254039645198 0.026336139068007476 -0.06999987363815308
v 0.014019487425684932 0.025181880220770843 -0.06819117069244385
v 0.012142254039645198 0.026336139068007476 -0.06999987363815308
v 0.011399252340197565 0.026461070403456695 -0.06812059879302979
v 0.011399252340197565 0.026461070403456695 -0.06812059879302979
v 0.012142254039645198 0.026336139068007476 -0.06999987363815308
v 0.011586254462599756 0.02658540569245816 -0.0699998140335083
v 0.011399252340197565 0.026461070403456695 -0.06812059879302979
v 0.011586254462599756 0.02658540569245816 -0.0699998140335083
v 0.008723897859454157 0.027657045051455505 -0.06999975442886353
v 0.01928169094026089 0.02166237495839596 -0.0699998140335083
v 0.017504250630736354 0.02312230132520199 -0.06999987363815308
v 0.016493609175086025 0.023646457120776183 -0.06825947761535645
v 0.016493609175086025 0.023646457120776183 -0.06825947761535645
v 0.017504250630736354 0.02312230132520199 -0.06999987363815308
v 0.01689448766410351 0.023571489378809936 -0.06999993324279785
v 0.016493609175086025 0.023646457120776183 -0.06825947761535645
v 0.01689448766410351 0.023571489378809936 -0.06999993324279785
v 0.014319723471999172 0.025218619033694274 -0.06999999284744263
v 0.016493609175086025 0.023646457120776183 -0.06825947761535645
v 0.01879757456481457 0.021871505305171016 -0.0683247447013855
v 0.01928169094026089 0.02166237495839596 -0.0699998140335083
v 0.01928169094026089 0.02166237495839596 -0.0699998140335083
v 0.01879757456481457 0.021871505305171016 -0.0683247447013855
v 0.02090912871062756 0.019875949248671535 -0.06838637590408325
v 0.01928169094026089 0.02166237495839596 -0.0699998140335083
v 0.02090912871062756 0.019875949248671535 -0.06838637590408325
v 0.02145434729754925 0.019513061270117763 -0.06999999284744263
v 0.02145434729754925 0.019513061270117763 -0.06999999284744263
v 0.02090912871062756 0.019875949248671535 -0.06838637590408325
v 0.022807961329817775 0.017680300399661068 -0.06844431161880493
v 0.02145434729754925 0.019513061270117763 -0.06999999284744263
v 0.022807961329817775 0.017680300399661068 -0.06844431161880493
v 0.022052912041544918 0.01883400045335293 -0.0700000524520874
v 0.022052912041544918 0.01883400045335293 -0.0700000524520874
v 0.022807961329817775 0.017680300399661068 -0.06844431161880493
v 0.02447588555514813 0.015306859277188781 -0.06849884986877441
v 0.022052912041544918 0.01883400045335293 -0.0700000524520874
v 0.02447588555514813 0.015306859277188781 -0.06849884986877441
v 0.023388868197798732 0.01714684627950192 -0.06999999284744263
v 0.02589691989123822 0.01278012897819281 -0.06855010986328125
v 0.025576828047633178 0.013670503161847595 -0.06999987363815308
v 0.02447588555514813 0.015306859277188781 -0.06849884986877441
v 0.02447588555514813 0.015306859277188781 -0.06849884986877441
v 0.025576828047633178 0.013670503161847595 -0.06999987363815308
v 0.02506369166076184 0.014589971862733368 -0.06999987363815308
v 0.02447588555514813 0.015306859277188781 -0.06849884986877441
v 0.02506369166076184 0.014589971862733368 -0.06999987363815308
v 0.023388868197798732 0.01714684627950192 -0.06999999284744263
v 0.027912331745028503 0.007871775887906553 -0.0700000524520874
v 0.027562512084841735 0.00902052875608206 -0.0700000524520874
v 0.027057496830821044 0.010126321576535703 -0.06859815120697021
v 0.027057496830821044 0.010126321576535703 -0.06859815120697021
v 0.027562512084841735 0.00902052875608206 -0.0700000524520874
v 0.026460072025656707 0.011871098540723327 -0.06999987363815308
v 0.027057496830821044 0.010126321576535703 -0.06859815120697021
v 0.026460072025656707 0.011871098540723327 -0.06999987363815308
v 0.025576828047633178 0.013670503161847595 -0.06999987363815308
v 0.027057496830821044 0.010126321576535703 -0.06859815120697021
v 0.027946738526225097 0.007372929248958828 -0.06864267587661743
v 0.027912331745028503 0.007871775887906553 -0.0700000524520874
v 0.027912331745028503 0.007871775887906553 -0.0700000524520874
v 0.027946738526225097 0.007372929248958828 -0.06864267587661743
v 0.02855664305388928 0.004548511002212764 -0.06868308782577515
v 0.027912331745028503 0.007871775887906553 -0.0700000524520874
v 0.02855664305388928 0.004548511002212764 -0.06868308782577515
v 0.02835881523787976 0.006069763097912075 -0.0700000524520874
v 0.02835881523787976 0.006069763097912075 -0.0700000524520874
v 0.02855664305388928 0.004548511002212764 -0.06868308782577515
v 0.028882270678877837 0.0016824703197926287 -0.0687183141708374
v 0.02835881523787976 0.006069763097912075 -0.0700000524520874
v 0.028882270678877837 0.0016824703197926287 -0.0687183141708374
v 0.02884014509618283 0.003051346866413952 -0.06999993324279785
v 0.02884014509618283 0.003051346866413952 -0.06999993324279785
v 0.028882270678877837 0.0016824703197926287 -0.0687183141708374
v 0.028921945020556457 -0.0011953499633818867 -0.06874692440032959
v 0.02884014509618283 0.003051346866413952 -0.06999993324279785
v 0.028921945020556457 -0.0011953499633818867 -0.06874692440032959
v 0.029001122340559966 -1.1719970549606275e-09 -0.06999993324279785
v 0.029001122340559966 -1.1719970549606275e-09 -0.06999993324279785
v 0.028921945020556457 -0.0011953499633818867 -0.06874692440032959
v 0.028871273621916778 -0.0027413230855017905 -0.0700000524520874
v 0.028921945020556457 -0.0011953499633818867 -0.06874692440032959
v 0.02840415947139264 -0.005115938838571311 -0.06737518310546875
v 0.028871273621916778 -0.0027413230855017905 -0.0700000524520874
v 0.028871273621916778 -0.0027413230855017905 -0.0700000524520874
v 0.02840415947139264 -0.005115938838571311 -0.06737518310546875
v 0.027824169024825103 -0.007908564992249014 -0.06738346815109253
v 0.028871273621916778 -0.0027413230855017905 -0.0700000524520874
v 0.027824169024825103 -0.007908564992249014 -0.06738346815109253
v 0.028422413393855102 -0.005764597561210395 -0.06999999284744263
v 0.026978513225913055 -0.01061289105564356 -0.06737291812896729
v 0.02765782736241818 -0.008723896928131582 -0.06999993324279785
v 0.027824169024825103 -0.007908564992249014 -0.06738346815109253
v 0.027824169024825103 -0.007908564992249014 -0.06738346815109253
v 0.02765782736241818 -0.008723896928131582 -0.06999993324279785
v 0.027912324294447906 -0.007871774025261404 -0.06999993324279785
v 0.027824169024825103 -0.007908564992249014 -0.06738346815109253
v 0.027912324294447906 -0.007871774025261404 -0.06999993324279785
v 0.028422413393855102 -0.005764597561210395 -0.06999999284744263
v 1.1230838481424146e-06 -0.02910758554935456 -0.06833785772323608
v 1.1230838481424146e-06 -0.02900000102818013 -0.06999999284744263
v 0.0030514802783727655 -0.028839116916060455 -0.06999999284744263
v 1.1305345424261761e-06 -0.03100735321640969 -0.061855021864175797
v 0.0020947139710187916 -0.030580939725041396 -0.06272387504577637
v 1.1156333812323285e-06 -0.0326409861445427 -0.058351997286081314
v 1.1305345424261761e-06 -0.03808972984552384 -0.048657361418008804
v 0.0041664447635412225 -0.04095882177352906 -0.04348236694931984
v 1.1230839618292523e-06 -0.04118448868393899 -0.04340255632996559
v 1.1230839618292523e-06 -0.04118448868393899 -0.04340255632996559
v 0.0041664447635412225 -0.04095882177352906 -0.04348236694931984
v 1.1305345424261761e-06 -0.04230252280831338 -0.041462842375040054
v 0.004952749237418176 -0.04695418849587442 -0.03246695175766945
v 1.1230839618292523e-06 -0.047095958143472685 -0.03242165222764015
v 1.1156333812323285e-06 -0.04425149410963059 -0.03796768561005592
v 1.1156333812323285e-06 -0.04425149410963059 -0.03796768561005592
v 0.004086172208189965 -0.04410121217370034 -0.03801441565155983
v 0.004952749237418176 -0.04695418849587442 -0.03246695175766945
v 0.004952749237418176 -0.04695418849587442 -0.03246695175766945
v 0.004086172208189965 -0.04410121217370034 -0.03801441565155983
v 0.006260959431529047 -0.04384145513176919 -0.03807908669114113
v 0.004952749237418176 -0.04695418849587442 -0.03246695175766945
v 0.006260959431529047 -0.04384145513176919 -0.03807908669114113
v 0.006166135892271997 -0.04682562872767449 -0.03250807896256447
v 0.006166135892271997 -0.04682562872767449 -0.03250807896256447
v 0.006260959431529047 -0.04384145513176919 -0.03807908669114113
v 0.008351651951670648 -0.04340768977999688 -0.03819132223725319
v 0.006166135892271997 -0.04682562872767449 -0.03250807896256447
v 0.008351651951670648 -0.04340768977999688 -0.03819132223725319
v 0.008835693821310999 -0.04631315544247628 -0.032671812921762466
v 0.008835693821310999 -0.04631315544247628 -0.032671812921762466
v 0.008351651951670648 -0.04340768977999688 -0.03819132223725319
v 0.010341567918658258 -0.04277302324771882 -0.03836185112595558
v 0.008835693821310999 -0.04631315544247628 -0.032671812921762466
v 0.010341567918658258 -0.04277302324771882 -0.03836185112595558
v 0.010262383148074152 -0.04587217420339585 -0.03281271830201149
v 0.010262383148074152 -0.04587217420339585 -0.03281271830201149
v 0.010341567918658258 -0.04277302324771882 -0.03836185112595558
v 0.01099350117146969 -0.04559044539928437 -0.032902780920267105
v 0.01099350117146969 -0.04559044539928437 -0.032902780920267105
v 0.010341567918658258 -0.04277302324771882 -0.03836185112595558
v 0.012216111645102504 -0.04191890731453896 -0.0385974682867527
v 0.01099350117146969 -0.04559044539928437 -0.032902780920267105
v 0.012216111645102504 -0.04191890731453896 -0.0385974682867527
v 0.012290036305785183 -0.04498248547315598 -0.033097151666879654
v 0.012290036305785183 -0.04498248547315598 -0.033097151666879654
v 0.012216111645102504 -0.04191890731453896 -0.0385974682867527
v 0.012973254546523098 -0.04459895566105843 -0.03321975842118263
v 0.012973254546523098 -0.04459895566105843 -0.03321975842118263
v 0.012216111645102504 -0.04191890731453896 -0.0385974682867527
v 0.01396255008876324 -0.04083430767059327 -0.038901571184396744
v 0.012973254546523098 -0.04459895566105843 -0.03321975842118263
v 0.01396255008876324 -0.04083430767059327 -0.038901571184396744
v 0.013929439708590511 -0.04397783428430558 -0.033418361097574234
v 0.013929439708590511 -0.04397783428430558 -0.033418361097574234
v 0.01396255008876324 -0.04083430767059327 -0.038901571184396744
v 0.015569789335131649 -0.03951490670442582 -0.03927427902817726
v 0.013929439708590511 -0.04397783428430558 -0.033418361097574234
v 0.015569789335131649 -0.03951490670442582 -0.03927427902817726
v 0.015400541946291927 -0.04279512539505959 -0.033796314150094986
v 0.01702792011201382 -0.03796293586492539 -0.03971326723694801
v 0.017033090814948085 -0.04106856510043145 -0.03434807434678078
v 0.015569789335131649 -0.03951490670442582 -0.03927427902817726
v 0.015569789335131649 -0.03951490670442582 -0.03927427902817726
v 0.017033090814948085 -0.04106856510043145 -0.03434807434678078
v 0.016368193551898006 -0.04183348268270493 -0.034103576093912125
v 0.015569789335131649 -0.03951490670442582 -0.03927427902817726
v 0.016368193551898006 -0.04183348268270493 -0.034103576093912125
v 0.015400541946291927 -0.04279512539505959 -0.033796314150094986
v 0.018288603052496914 -0.03777772560715676 -0.03757918253540993
v 0.019409967586398128 -0.03577770665287972 -0.03818738833069801
v 0.018339006230235103 -0.039250675588846214 -0.034929219633340836
v 0.018339006230235103 -0.039250675588846214 -0.034929219633340836
v 0.019409967586398128 -0.03577770665287972 -0.03818738833069801
v 0.019822305068373684 -0.0364418774843216 -0.03582698479294777
v 0.021428903564810756 -0.03142038360238076 -0.03743183985352516
v 0.021243093535304073 -0.03222135081887246 -0.03717583790421486
v 0.020348465070128444 -0.033593121916055686 -0.03885335102677345
v 0.021243093535304073 -0.03222135081887246 -0.03717583790421486
v 0.020637823268771175 -0.034317363053560264 -0.036505941301584244
v 0.020348465070128444 -0.033593121916055686 -0.03885335102677345
v 0.020348465070128444 -0.033593121916055686 -0.03885335102677345
v 0.020637823268771175 -0.034317363053560264 -0.036505941301584244
v 0.020404173061251644 -0.03498827293515206 -0.036291543394327164
v 0.020348465070128444 -0.033593121916055686 -0.03885335102677345
v 0.020404173061251644 -0.03498827293515206 -0.036291543394327164
v 0.019409967586398128 -0.03577770665287972 -0.03818738833069801
v 0.019409967586398128 -0.03577770665287972 -0.03818738833069801
v 0.020404173061251644 -0.03498827293515206 -0.036291543394327164
v 0.019859431311488155 -0.03635679557919503 -0.03585422411561012
v 0.019409967586398128 -0.03577770665287972 -0.03818738833069801
v 0.019859431311488155 -0.03635679557919503 -0.03585422411561012
v 0.019822305068373684 -0.0364418774843216 -0.03582698479294777
v 0.020348465070128444 -0.033593121916055686 -0.03885335102677345
v 0.021096361801028255 -0.031253006309270866 -0.039567653089761734
v 0.021428903564810756 -0.03142038360238076 -0.03743183985352516
v 0.021428903564810756 -0.03142038360238076 -0.03743183985352516
v 0.021096361801028255 -0.031253006309270866 -0.039567653089761734
v 0.021647250279784206 -0.02878993377089501 -0.040319327265024185
v 0.021428903564810756 -0.03142038360238076 -0.03743183985352516
v 0.021647250279784206 -0.02878993377089501 -0.040319327265024185
v 0.021686835214495662 -0.03008971549570561 -0.037857238203287125
v 0.021686835214495662 -0.03008971549570561 -0.037857238203287125
v 0.021647250279784206 -0.02878993377089501 -0.040319327265024185
v 0.02199606411159039 -0.026239139959216125 -0.04109615460038185
v 0.021686835214495662 -0.03008971549570561 -0.037857238203287125
v 0.02199606411159039 -0.026239139959216125 -0.04109615460038185
v 0.022121651098132137 -0.02589231543242932 -0.03919893875718117
v 0.02199606411159039 -0.026239139959216125 -0.04109615460038185
v 0.022139115259051326 -0.02363767661154271 -0.0418851412832737
v 0.022121651098132137 -0.02589231543242932 -0.03919893875718117
v 0.022121651098132137 -0.02589231543242932 -0.03919893875718117
v 0.022139115259051326 -0.02363767661154271 -0.0418851412832737
v 0.022074332460761074 -0.021023826673626903 -0.04267329350113869
v 0.022121651098132137 -0.02589231543242932 -0.03919893875718117
v 0.022074332460761074 -0.021023826673626903 -0.04267329350113869
v 0.022092713043093685 -0.022692916914820675 -0.04022097960114479
v 0.022092713043093685 -0.022692916914820675 -0.04022097960114479
v 0.022074332460761074 -0.021023826673626903 -0.04267329350113869
v 0.021801969036459926 -0.01843756251037121 -0.04344874992966652
v 0.022092713043093685 -0.022692916914820675 -0.04022097960114479
v 0.021801969036459926 -0.01843756251037121 -0.04344874992966652
v 0.02178350649774075 -0.01970257051289082 -0.041177455335855484
v 0.02178350649774075 -0.01970257051289082 -0.041177455335855484
v 0.021801969036459926 -0.01843756251037121 -0.04344874992966652
v 0.021323880180716518 -0.01591872610151768 -0.04419994726777077
v 0.02178350649774075 -0.01970257051289082 -0.041177455335855484
v 0.021323880180716518 -0.01591872610151768 -0.04419994726777077
v 0.021146951243281368 -0.01659077219665051 -0.0421721376478672
v 0.021146951243281368 -0.01659077219665051 -0.0421721376478672
v 0.021323880180716518 -0.01591872610151768 -0.04419994726777077
v 0.02064326219260693 -0.013505582697689537 -0.044915441423654556
v 0.021146951243281368 -0.01659077219665051 -0.0421721376478672
v 0.02064326219260693 -0.013505582697689537 -0.044915441423654556
v 0.02024929039180279 -0.01378773991018534 -0.04306769743561745
v 0.02024929039180279 -0.01378773991018534 -0.04306769743561745
v 0.02064326219260693 -0.013505582697689537 -0.044915441423654556
v 0.0197646226733923 -0.011233893223106863 -0.04558444395661354
v 0.02024929039180279 -0.01378773991018534 -0.04306769743561745
v 0.0197646226733923 -0.011233893223106863 -0.04558444395661354
v 0.01907940767705441 -0.01121520344167948 -0.043889883905649185
v 1.1454354762463483e-06 -0.0020945568103343253 -0.04680532589554787
v 0.0038141366094350823 -0.0021603379864245657 -0.04678434506058693
v 0.004481224343180657 -0.0006280888337641956 -0.04845571890473366
v 0.004481224343180657 -0.0006280888337641956 -0.04845571890473366
v 0.0038141366094350823 -0.0021603379864245657 -0.04678434506058693
v 0.006454406306147577 -0.0024041358847171073 -0.046705905348062515
v 0.004481224343180657 -0.0006280888337641956 -0.04845571890473366
v 0.006454406306147577 -0.0024041358847171073 -0.046705905348062515
v 0.006659334525465967 -0.0008861769456416371 -0.048424068838357925
v 0.006659334525465967 -0.0008861769456416371 -0.048424068838357925
v 0.006454406306147577 -0.0024041358847171073 -0.046705905348062515
v 0.008645398542284967 -0.0028284501750022177 -0.04657060280442238
v 0.006659334525465967 -0.0008861769456416371 -0.048424068838357925
v 0.008645398542284967 -0.0028284501750022177 -0.04657060280442238
v 0.008762007579207422 -0.0013434749562293293 -0.04833335056900978
v 0.008762007579207422 -0.0013434749562293293 -0.04833335056900978
v 0.008645398542284967 -0.0028284501750022177 -0.04657060280442238
v 0.010835571214556696 -0.003536072792485357 -0.046344343572854996
v 0.008762007579207422 -0.0013434749562293293 -0.04833335056900978
v 0.010835571214556696 -0.003536072792485357 -0.046344343572854996
v 0.010766966268420221 -0.0020280305761843924 -0.04817265644669533
v 0.010766966268420221 -0.0020280305761843924 -0.04817265644669533
v 0.010835571214556696 -0.003536072792485357 -0.046344343572854996
v 0.012749461457133297 -0.0044608241878449926 -0.046049002557992935
v 0.010766966268420221 -0.0020280305761843924 -0.04817265644669533
v 0.012749461457133297 -0.0044608241878449926 -0.046049002557992935
v 0.01265422068536282 -0.0029569428879767665 -0.04793507233262062
v 0.01265422068536282 -0.0029569428879767665 -0.04793507233262062
v 0.012749461457133297 -0.0044608241878449926 -0.046049002557992935
v 0.014538442716002468 -0.0056661306880414495 -0.04566336050629616
v 0.01265422068536282 -0.0029569428879767665 -0.04793507233262062
v 0.014538442716002468 -0.0056661306880414495 -0.04566336050629616
v 0.014405718073248867 -0.004137476440519095 -0.04761731997132301
v 0.014405718073248867 -0.004137476440519095 -0.04761731997132301
v 0.014538442716002468 -0.0056661306880414495 -0.04566336050629616
v 0.016174091026186947 -0.007150625344365837 -0.045189205557107925
v 0.014405718073248867 -0.004137476440519095 -0.04761731997132301
v 0.016174091026186947 -0.007150625344365837 -0.045189205557107925
v 0.016005007550120357 -0.005568196531385184 -0.04721957817673683
v 0.016005007550120357 -0.005568196531385184 -0.04721957817673683
v 0.016174091026186947 -0.007150625344365837 -0.045189205557107925
v 0.017698986455798153 -0.008989878930151464 -0.044601742178201675
v 0.016005007550120357 -0.005568196531385184 -0.04721957817673683
v 0.017698986455798153 -0.008989878930151464 -0.044601742178201675
v 0.0174377765506506 -0.007239857222884895 -0.04674446955323219
v 0.0174377765506506 -0.007239857222884895 -0.04674446955323219
v 0.017698986455798153 -0.008989878930151464 -0.044601742178201675
v 0.01907940767705441 -0.01121520344167948 -0.043889883905649185
v 0.0174377765506506 -0.007239857222884895 -0.04674446955323219
v 0.01907940767705441 -0.01121520344167948 -0.043889883905649185
v 0.01869376562535763 -0.009135992266237737 -0.046197060495615005
v 0.01869376562535763 -0.009135992266237737 -0.046197060495615005
v 0.01907940767705441 -0.01121520344167948 -0.043889883905649185
v 0.0197646226733923 -0.011233893223106863 -0.04558444395661354
v 1.1603365237533583e-06 0.017302451655268673 -0.057650867849588394
v 1.1528860568432722e-06 0.011633767746388914 -0.05519980564713478
v 0.0027505438774824147 0.016401281580328945 -0.057327751070261
v 0.0027505438774824147 0.016401281580328945 -0.057327751070261
v 1.1528860568432722e-06 0.011633767746388914 -0.05519980564713478
v 0.002582764253020287 0.011070854030549528 -0.055025581270456314
v 0.0027505438774824147 0.016401281580328945 -0.057327751070261
v 0.002582764253020287 0.011070854030549528 -0.055025581270456314
v 0.005470512434840203 0.016159785911440853 -0.057455841451883316
v 0.005470512434840203 0.016159785911440853 -0.057455841451883316
v 0.005140220746397973 0.010898559354245664 -0.05513686314225197
v 0.008119439706206323 0.015625594183802608 -0.057588402181863785
v 0.008119439706206323 0.015625594183802608 -0.057588402181863785
v 0.005140220746397973 0.010898559354245664 -0.05513686314225197
v 0.0076334010809659975 0.010458960197865965 -0.05523640289902687
v 0.008119439706206323 0.015625594183802608 -0.057588402181863785
v 0.0076334010809659975 0.010458960197865965 -0.05523640289902687
v 0.010662017390131952 0.014799079857766632 -0.0577089823782444
v 0.010662017390131952 0.014799079857766632 -0.0577089823782444
v 0.0076334010809659975 0.010458960197865965 -0.05523640289902687
v 0.010028405115008356 0.009744509123265745 -0.05530751124024391
v 0.010662017390131952 0.014799079857766632 -0.0577089823782444
v 0.010028405115008356 0.009744509123265745 -0.05530751124024391
v 0.013068137690424923 0.013686715625226501 -0.057806018739938736
v 0.013068137690424923 0.013686715625226501 -0.057806018739938736
v 0.010028405115008356 0.009744509123265745 -0.05530751124024391
v 0.012296421453356746 0.008755258284509184 -0.05533856526017189
v 0.013068137690424923 0.013686715625226501 -0.057806018739938736
v 0.012296421453356746 0.008755258284509184 -0.05533856526017189
v 0.015311894938349727 0.012300244532525543 -0.05787229910492897
v 0.015311894938349727 0.012300244532525543 -0.05787229910492897
v 0.012296421453356746 0.008755258284509184 -0.05533856526017189
v 0.014412721619009975 0.00749775627627969 -0.055322352796792984
v 0.015311894938349727 0.012300244532525543 -0.05787229910492897
v 0.014412721619009975 0.00749775627627969 -0.055322352796792984
v 0.01737054251134396 0.01065581198781729 -0.05790400877594948
v 0.01737054251134396 0.01065581198781729 -0.05790400877594948
v 0.014412721619009975 0.00749775627627969 -0.055322352796792984
v 0.01635558716952801 0.005983954761177303 -0.05525553598999977
v 0.01737054251134396 0.01065581198781729 -0.05790400877594948
v 0.01635558716952801 0.005983954761177303 -0.05525553598999977
v 0.01922344230115414 0.008773013018071653 -0.05789995566010475
v 0.01922344230115414 0.008773013018071653 -0.05789995566010475
v 0.01635558716952801 0.005983954761177303 -0.05525553598999977
v 0.018105251714587215 0.004230102989822627 -0.055137936025857925
v 0.01922344230115414 0.008773013018071653 -0.05789995566010475
v 0.018105251714587215 0.004230102989822627 -0.055137936025857925
v 0.020852973684668544 0.00667419144883752 -0.05786127224564552
v 0.020852973684668544 0.00667419144883752 -0.05786127224564552
v 0.018105251714587215 0.004230102989822627 -0.055137936025857925
v 0.019645078107714656 0.0022561165969818835 -0.05497169867157936
v 0.020852973684668544 0.00667419144883752 -0.05786127224564552
v 0.019645078107714656 0.0022561165969818835 -0.05497169867157936
v 0.02224880270659924 0.004385358188301326 -0.057790521532297134
v 0.02224880270659924 0.004385358188301326 -0.057790521532297134
v 0.019645078107714656 0.0022561165969818835 -0.05497169867157936
v 0.020966684445738796 8.636595885036515e-05 -0.05476057901978493
v 0.02224880270659924 0.004385358188301326 -0.057790521532297134
v 0.020966684445738796 8.636595885036515e-05 -0.05476057901978493
v 0.023403173312544826 0.0019361514132469897 -0.057690683752298355
v 0.023403173312544826 0.0019361514132469897 -0.057690683752298355
v 0.020966684445738796 8.636595885036515e-05 -0.05476057901978493
v 0.022064229473471645 -0.0022506688255816702 -0.054509345442056656
v 0.023403173312544826 0.0019361514132469897 -0.057690683752298355
v 0.022064229473471645 -0.0022506688255816702 -0.054509345442056656
v 0.024309819564223296 -0.0006409112829715015 -0.05756479874253273
v 0.024309819564223296 -0.0006409112829715015 -0.05756479874253273
v 0.022064229473471645 -0.0022506688255816702 -0.054509345442056656
v 0.022932959720492366 -0.004723237361758948 -0.05422324314713478
v 0.024309819564223296 -0.0006409112829715015 -0.05756479874253273
v 0.022932959720492366 -0.004723237361758948 -0.05422324314713478
v 0.024964286014437682 -0.003311139764264227 -0.0574156679213047
v 0.024964286014437682 -0.003311139764264227 -0.0574156679213047
v 0.022932959720492366 -0.004723237361758948 -0.05422324314713478
v 0.02356941811740399 -0.007297003176063301 -0.05390733852982521
v 0.024964286014437682 -0.003311139764264227 -0.0574156679213047
v 0.02356941811740399 -0.007297003176063301 -0.05390733852982521
v 0.025364203378558166 -0.006038357969373466 -0.057245317846536636
v 0.025364203378558166 -0.006038357969373466 -0.057245317846536636
v 0.02356941811740399 -0.007297003176063301 -0.05390733852982521
v 0.023971615359187133 -0.00993581209331751 -0.053566399961709976
v 0.025364203378558166 -0.006038357969373466 -0.057245317846536636
v 0.023971615359187133 -0.00993581209331751 -0.053566399961709976
v 0.02550958655774594 -0.008785528130829336 -0.05705470219254494
v 0.02550958655774594 -0.008785528130829336 -0.05705470219254494
v 0.023971615359187133 -0.00993581209331751 -0.053566399961709976
v 0.02413925342261792 -0.012602404691278938 -0.053204361349344254
v 0.02550958655774594 -0.008785528130829336 -0.05705470219254494
v 0.02413925342261792 -0.012602404691278938 -0.053204361349344254
v 0.025403095409274108 -0.011515450663864614 -0.05684340372681618
v 0.025403095409274108 -0.011515450663864614 -0.05684340372681618
v 0.02413925342261792 -0.012602404691278938 -0.053204361349344254
v 0.024073896929621703 -0.01525912526994944 -0.05282396450638771
v 0.025403095409274108 -0.011515450663864614 -0.05684340372681618
v 0.024073896929621703 -0.01525912526994944 -0.05282396450638771
v 0.02505090646445752 -0.014192578382790092 -0.0566103495657444
v 0.02505090646445752 -0.014192578382790092 -0.0566103495657444
v 0.024073896929621703 -0.01525912526994944 -0.05282396450638771
v 0.023779934272170074 -0.017869977280497554 -0.052427712827920914
v 0.02505090646445752 -0.014192578382790092 -0.0566103495657444
v 0.023779934272170074 -0.017869977280497554 -0.052427712827920914
v 0.024463763460516937 -0.016786342486739162 -0.05635792389512062
v 0.024463763460516937 -0.016786342486739162 -0.05635792389512062
v 0.023779934272170074 -0.017869977280497554 -0.052427712827920914
v 0.023266082629561428 -0.020404221490025524 -0.052021805197000504
v 0.024463763460516937 -0.016786342486739162 -0.05635792389512062
v 0.023266082629561428 -0.020404221490025524 -0.052021805197000504
v 0.023655107244849212 -0.01926943846046925 -0.056090597063302994
v 0.023655107244849212 -0.01926943846046925 -0.056090597063302994
v 0.023266082629561428 -0.020404221490025524 -0.052021805197000504
v 0.022543257102370266 -0.022833881899714473 -0.051613930612802505
v 0.023655107244849212 -0.01926943846046925 -0.056090597063302994
v 0.022543257102370266 -0.022833881899714473 -0.051613930612802505
v 0.022640069946646694 -0.021617537364363674 -0.05581409111618996
v 0.022640069946646694 -0.021617537364363674 -0.05581409111618996
v 0.022543257102370266 -0.022833881899714473 -0.051613930612802505
v 0.021623684093356136 -0.0251332987099886 -0.05121219530701637
v 0.022640069946646694 -0.021617537364363674 -0.05581409111618996
v 0.021623684093356136 -0.0251332987099886 -0.05121219530701637
v 0.02143472991883755 -0.023809408769011504 -0.05553502216935158
v 0.02143472991883755 -0.023809408769011504 -0.05553502216935158
v 0.021623684093356136 -0.0251332987099886 -0.05121219530701637
v 0.020520357415080074 -0.027279471978545196 -0.05082458630204201
v 0.02143472991883755 -0.023809408769011504 -0.05553502216935158
v 0.020520357415080074 -0.027279471978545196 -0.05082458630204201
v 0.02005543373525143 -0.025827100500464446 -0.055260006338357925
v 0.02005543373525143 -0.025827100500464446 -0.055260006338357925
v 0.020520357415080074 -0.027279471978545196 -0.05082458630204201
v 0.0192465465515852 -0.029252331703901298 -0.05045825615525246
v 0.02005543373525143 -0.025827100500464446 -0.055260006338357925
v 0.0192465465515852 -0.029252331703901298 -0.05045825615525246
v 0.018518066033720974 -0.02765603922307492 -0.05499524250626564
v 0.018518066033720974 -0.02765603922307492 -0.05499524250626564
v 0.0192465465515852 -0.029252331703901298 -0.05045825615525246
v 0.017815245315432552 -0.031035095453262336 -0.050119224935770035
v 0.018518066033720974 -0.02765603922307492 -0.05499524250626564
v 0.017815245315432552 -0.031035095453262336 -0.050119224935770035
v 0.016837326809763912 -0.029285222291946418 -0.05474591627717018
v 0.016837326809763912 -0.029285222291946418 -0.05474591627717018
v 0.017815245315432552 -0.031035095453262336 -0.050119224935770035
v 0.01623870246112347 -0.03261457011103631 -0.04981166496872902
v 0.016837326809763912 -0.029285222291946418 -0.05474591627717018
v 0.01623870246112347 -0.03261457011103631 -0.04981166496872902
v 0.015025792643427852 -0.030708946287631995 -0.05451667681336403
v 0.015025792643427852 -0.030708946287631995 -0.05451667681336403
v 0.01623870246112347 -0.03261457011103631 -0.04981166496872902
v 0.014527460560202602 -0.033983480185270316 -0.04953891411423683
v 0.015025792643427852 -0.030708946287631995 -0.05451667681336403
v 0.014527460560202602 -0.033983480185270316 -0.04953891411423683
v 0.013093603774905208 -0.0319281853735447 -0.054313186556100845
v 0.013093603774905208 -0.0319281853735447 -0.054313186556100845
v 0.014527460560202602 -0.033983480185270316 -0.04953891411423683
v 0.012689812108874324 -0.03514285013079644 -0.04930544272065163
v 0.013093603774905208 -0.0319281853735447 -0.054313186556100845
v 0.012689812108874324 -0.03514285013079644 -0.04930544272065163
v 0.011049894616007807 -0.03294551372528077 -0.054139140993356705
v 0.011049894616007807 -0.03294551372528077 -0.054139140993356705
v 0.012689812108874324 -0.03514285013079644 -0.04930544272065163
v 0.010733706876635553 -0.03609647229313851 -0.04911351576447487
v 0.011049894616007807 -0.03294551372528077 -0.054139140993356705
v 0.010733706876635553 -0.03609647229313851 -0.04911351576447487
v 0.008903888985514643 -0.033764533698558814 -0.05399591103196144
v 0.008903888985514643 -0.033764533698558814 -0.05399591103196144
v 0.010733706876635553 -0.03609647229313851 -0.04911351576447487
v 0.00866777263581753 -0.036850392818450935 -0.048962775617837906
v 0.008903888985514643 -0.033764533698558814 -0.05399591103196144
v 0.00866777263581753 -0.036850392818450935 -0.048962775617837906
v 0.006665779277682306 -0.03439010307192803 -0.05388188734650612
v 0.006665779277682306 -0.03439010307192803 -0.05388188734650612
v 0.00866777263581753 -0.036850392818450935 -0.048962775617837906
v 0.006372561678290369 -0.040634840726852424 -0.04355544224381447
v 0.006665779277682306 -0.03439010307192803 -0.05388188734650612
v 0.006372561678290369 -0.040634840726852424 -0.04355544224381447
v 0.004347657784819604 -0.03482860699295998 -0.05379230156540871
v 0.004347657784819604 -0.03482860699295998 -0.05379230156540871
v 0.006372561678290369 -0.040634840726852424 -0.04355544224381447
v 0.0041664447635412225 -0.04095882177352906 -0.04348236694931984
v 0.004347657784819604 -0.03482860699295998 -0.05379230156540871
v 0.0041664447635412225 -0.04095882177352906 -0.04348236694931984
v 0.0019644405692815785 -0.0350882112979889 -0.053718630224466324
v 0.0019644405692815785 -0.0350882112979889 -0.053718630224466324
v 0.0041664447635412225 -0.04095882177352906 -0.04348236694931984
v 1.1305345424261761e-06 -0.03808972984552384 -0.048657361418008804
v 0.0019644405692815785 -0.0350882112979889 -0.053718630224466324
v 1.1305345424261761e-06 -0.03808972984552384 -0.048657361418008804
v 1.1230839618292523e-06 -0.035174053162336356 -0.05366260185837746
v 0.005140220746397973 0.010898559354245664 -0.05513686314225197
v 0.0048226695507764825 0.005765600595623256 -0.0527268685400486
v 0.0076334010809659975 0.010458960197865965 -0.05523640289902687
v 0.0076334010809659975 0.010458960197865965 -0.05523640289902687
v 0.0048226695507764825 0.005765600595623256 -0.0527268685400486
v 0.007165005430579187 0.005408866796642543 -0.05278492346405983
v 0.0076334010809659975 0.010458960197865965 -0.05523640289902687
v 0.007165005430579187 0.005408866796642543 -0.05278492346405983
v 0.010028405115008356 0.009744509123265745 -0.05530751124024391
v 0.010028405115008356 0.009744509123265745 -0.05530751124024391
v 0.007165005430579187 0.005408866796642543 -0.05278492346405983
v 0.009418508037924768 0.004802814219146968 -0.05279797688126564
v 0.010028405115008356 0.009744509123265745 -0.05530751124024391
v 0.009418508037924768 0.004802814219146968 -0.05279797688126564
v 0.012296421453356746 0.008755258284509184 -0.05533856526017189
v 0.012296421453356746 0.008755258284509184 -0.05533856526017189
v 0.009418508037924768 0.004802814219146968 -0.05279797688126564
v 0.011556571349501612 0.003938539419323207 -0.05275470390915871
v 0.012296421453356746 0.008755258284509184 -0.05533856526017189
v 0.011556571349501612 0.003938539419323207 -0.05275470390915871
v 0.014412721619009975 0.00749775627627969 -0.055322352796792984
v 0.014412721619009975 0.00749775627627969 -0.055322352796792984
v 0.011556571349501612 0.003938539419323207 -0.05275470390915871
v 0.013556180521845821 0.0028150554280728106 -0.052648309618234634
v 0.014412721619009975 0.00749775627627969 -0.055322352796792984
v 0.013556180521845821 0.0028150554280728106 -0.052648309618234634
v 0.01635558716952801 0.005983954761177303 -0.05525553598999977
v 0.01635558716952801 0.005983954761177303 -0.05525553598999977
v 0.013556180521845821 0.0028150554280728106 -0.052648309618234634
v 0.015396965667605404 0.0014381359796971085 -0.052475932985544205
v 0.01635558716952801 0.005983954761177303 -0.05525553598999977
v 0.015396965667605404 0.0014381359796971085 -0.052475932985544205
v 0.018105251714587215 0.004230102989822627 -0.055137936025857925
v 0.018105251714587215 0.004230102989822627 -0.055137936025857925
v 0.015396965667605404 0.0014381359796971085 -0.052475932985544205
v 0.01706030033528805 -0.00018071873637381944 -0.052237991243600845
v 0.018105251714587215 0.004230102989822627 -0.055137936025857925
v 0.01706030033528805 -0.00018071873637381944 -0.052237991243600845
v 0.019645078107714656 0.0022561165969818835 -0.05497169867157936
v 0.019645078107714656 0.0022561165969818835 -0.05497169867157936
v 0.01706030033528805 -0.00018071873637381944 -0.052237991243600845
v 0.018530560657382015 -0.002025076420977712 -0.0519375242292881
v 0.019645078107714656 0.0022561165969818835 -0.05497169867157936
v 0.018530560657382015 -0.002025076420977712 -0.0519375242292881
v 0.020966684445738796 8.636595885036515e-05 -0.05476057901978493
v 0.020966684445738796 8.636595885036515e-05 -0.05476057901978493
v 0.018530560657382015 -0.002025076420977712 -0.0519375242292881
v 0.019800072535872463 -0.004073166754096747 -0.051579419523477554
v 0.020966684445738796 8.636595885036515e-05 -0.05476057901978493
v 0.019800072535872463 -0.004073166754096747 -0.051579419523477554
v 0.022064229473471645 -0.0022506688255816702 -0.054509345442056656
v 0.022064229473471645 -0.0022506688255816702 -0.054509345442056656
v 0.019800072535872463 -0.004073166754096747 -0.051579419523477554
v 0.020863538607954982 -0.006298509892076256 -0.05116993561387062
v 0.022064229473471645 -0.0022506688255816702 -0.054509345442056656
v 0.020863538607954982 -0.006298509892076256 -0.05116993561387062
v 0.022932959720492366 -0.004723237361758948 -0.05422324314713478
v 0.022932959720492366 -0.004723237361758948 -0.05422324314713478
v 0.020863538607954982 -0.006298509892076256 -0.05116993561387062
v 0.021716533228755 -0.008670748211443426 -0.050716105848550797
v 0.022932959720492366 -0.004723237361758948 -0.05422324314713478
v 0.021716533228755 -0.008670748211443426 -0.050716105848550797
v 0.02356941811740399 -0.007297003176063301 -0.05390733852982521
v 0.02356941811740399 -0.007297003176063301 -0.05390733852982521
v 0.021716533228755 -0.008670748211443426 -0.050716105848550797
v 0.022355621680617336 -0.01115641836076975 -0.050225500017404556
v 0.02356941811740399 -0.007297003176063301 -0.05390733852982521
v 0.022355621680617336 -0.01115641836076975 -0.050225500017404556
v 0.023971615359187133 -0.00993581209331751 -0.053566399961709976
v 0.023971615359187133 -0.00993581209331751 -0.053566399961709976
v 0.022355621680617336 -0.01115641836076975 -0.050225500017404556
v 0.022778434678912166 -0.01371973101049662 -0.049705687910318375
v 0.023971615359187133 -0.00993581209331751 -0.053566399961709976
v 0.022778434678912166 -0.01371973101049662 -0.049705687910318375
v 0.02413925342261792 -0.012602404691278938 -0.053204361349344254
v 0.02413925342261792 -0.012602404691278938 -0.053204361349344254
v 0.022778434678912166 -0.01371973101049662 -0.049705687910318375
v 0.022983824834227565 -0.016323333606123928 -0.049163881689310074
v 0.02413925342261792 -0.012602404691278938 -0.053204361349344254
v 0.022983824834227565 -0.016323333606123928 -0.049163881689310074
v 0.024073896929621703 -0.01525912526994944 -0.05282396450638771
v 0.024073896929621703 -0.01525912526994944 -0.05282396450638771
v 0.022983824834227565 -0.016323333606123928 -0.049163881689310074
v 0.022971911355853084 -0.01892909221351147 -0.04860633984208107
v 0.024073896929621703 -0.01525912526994944 -0.05282396450638771
v 0.022971911355853084 -0.01892909221351147 -0.04860633984208107
v 0.023779934272170074 -0.017869977280497554 -0.052427712827920914
v 0.023779934272170074 -0.017869977280497554 -0.052427712827920914
v 0.022971911355853084 -0.01892909221351147 -0.04860633984208107
v 0.02274497412145138 -0.021500160917639736 -0.04803955927491188
v 0.023779934272170074 -0.017869977280497554 -0.052427712827920914
v 0.02274497412145138 -0.021500160917639736 -0.04803955927491188
v 0.023266082629561428 -0.020404221490025524 -0.052021805197000504
v 0.023266082629561428 -0.020404221490025524 -0.052021805197000504
v 0.02274497412145138 -0.021500160917639736 -0.04803955927491188
v 0.022309070453047756 -0.024004405364394195 -0.04747331514954567
v 0.023266082629561428 -0.020404221490025524 -0.052021805197000504
v 0.022309070453047756 -0.024004405364394195 -0.04747331514954567
v 0.022543257102370266 -0.022833881899714473 -0.051613930612802505
v 0.022543257102370266 -0.022833881899714473 -0.051613930612802505
v 0.022309070453047756 -0.024004405364394195 -0.04747331514954567
v 0.021672060713171962 -0.02641174755990506 -0.04691827669739723
v 0.022543257102370266 -0.022833881899714473 -0.051613930612802505
v 0.021672060713171962 -0.02641174755990506 -0.04691827669739723
v 0.021623684093356136 -0.0251332987099886 -0.05121219530701637
v 0.021623684093356136 -0.0251332987099886 -0.05121219530701637
v 0.021672060713171962 -0.02641174755990506 -0.04691827669739723
v 0.020842900499701503 -0.028693914413452155 -0.046384576708078384
v 0.021623684093356136 -0.0251332987099886 -0.05121219530701637
v 0.020842900499701503 -0.028693914413452155 -0.046384576708078384
v 0.020520357415080074 -0.027279471978545196 -0.05082458630204201
v 0.020520357415080074 -0.027279471978545196 -0.05082458630204201
v 0.020842900499701503 -0.028693914413452155 -0.046384576708078384
v 0.019831379875540737 -0.030824944376945503 -0.04588151350617409
v 0.020520357415080074 -0.027279471978545196 -0.05082458630204201
v 0.019831379875540737 -0.030824944376945503 -0.04588151350617409
v 0.0192465465515852 -0.029252331703901298 -0.05045825615525246
v 0.0192465465515852 -0.029252331703901298 -0.05045825615525246
v 0.019831379875540737 -0.030824944376945503 -0.04588151350617409
v 0.018647765740752224 -0.0327817089855671 -0.04541701450943947
v 0.0192465465515852 -0.029252331703901298 -0.05045825615525246
v 0.018647765740752224 -0.0327817089855671 -0.04541701450943947
v 0.017815245315432552 -0.031035095453262336 -0.050119224935770035
v 0.017815245315432552 -0.031035095453262336 -0.050119224935770035
v 0.018647765740752224 -0.0327817089855671 -0.04541701450943947
v 0.017302585765719417 -0.0345444604754448 -0.044997040182352066
v 0.017815245315432552 -0.031035095453262336 -0.050119224935770035
v 0.017302585765719417 -0.0345444604754448 -0.044997040182352066
v 0.01623870246112347 -0.03261457011103631 -0.04981166496872902
v 0.01623870246112347 -0.03261457011103631 -0.04981166496872902
v 0.017302585765719417 -0.0345444604754448 -0.044997040182352066
v 0.015806278213858608 -0.03609734028577805 -0.044625405222177505
v 0.01623870246112347 -0.03261457011103631 -0.04981166496872902
v 0.015806278213858608 -0.03609734028577805 -0.044625405222177505
v 0.014527460560202602 -0.033983480185270316 -0.04953891411423683
v 0.014527460560202602 -0.033983480185270316 -0.04953891411423683
v 0.015806278213858608 -0.03609734028577805 -0.044625405222177505
v 0.014168379828333858 -0.037430882453918464 -0.04430455341935158
v 0.014527460560202602 -0.033983480185270316 -0.04953891411423683
v 0.014168379828333858 -0.037430882453918464 -0.04430455341935158
v 0.012689812108874324 -0.03514285013079644 -0.04930544272065163
v 0.012689812108874324 -0.03514285013079644 -0.04930544272065163
v 0.014168379828333858 -0.037430882453918464 -0.04430455341935158
v 0.012396914884448055 -0.03854495286941529 -0.044037703424692154
v 0.012689812108874324 -0.03514285013079644 -0.04930544272065163
v 0.012396914884448055 -0.03854495286941529 -0.044037703424692154
v 0.010733706876635553 -0.03609647229313851 -0.04911351576447487
v 0.010733706876635553 -0.03609647229313851 -0.04911351576447487
v 0.012396914884448055 -0.03854495286941529 -0.044037703424692154
v 0.010500362142920496 -0.03944386169314385 -0.04382580891251564
v 0.010733706876635553 -0.03609647229313851 -0.04911351576447487
v 0.010500362142920496 -0.03944386169314385 -0.04382580891251564
v 0.00866777263581753 -0.036850392818450935 -0.048962775617837906
v 0.00866777263581753 -0.036850392818450935 -0.048962775617837906
v 0.010500362142920496 -0.03944386169314385 -0.04382580891251564
v 0.008488429710268976 -0.040136072784662254 -0.04366690292954445
v 0.00866777263581753 -0.036850392818450935 -0.048962775617837906
v 0.008488429710268976 -0.040136072784662254 -0.04366690292954445
v 0.006372561678290369 -0.040634840726852424 -0.04355544224381447
v 0.0048226695507764825 0.005765600595623256 -0.0527268685400486
v 0.004685645923018456 0.003403364447876812 -0.05141473188996315
v 0.007165005430579187 0.005408866796642543 -0.05278492346405983
v 0.007165005430579187 0.005408866796642543 -0.05278492346405983
v 0.004685645923018456 0.003403364447876812 -0.05141473188996315
v 0.006962424144148828 0.003081938950344921 -0.051447395235300064
v 0.007165005430579187 0.005408866796642543 -0.05278492346405983
v 0.006962424144148828 0.003081938950344921 -0.051447395235300064
v 0.009418508037924768 0.004802814219146968 -0.05279797688126564
v 0.009418508037924768 0.004802814219146968 -0.05279797688126564
v 0.006962424144148828 0.003081938950344921 -0.051447395235300064
v 0.009154995903372766 0.0025270085316151385 -0.051428381353616714
v 0.009418508037924768 0.004802814219146968 -0.05279797688126564
v 0.009154995903372766 0.0025270085316151385 -0.051428381353616714
v 0.011556571349501612 0.003938539419323207 -0.05275470390915871
v 0.011556571349501612 0.003938539419323207 -0.05275470390915871
v 0.009154995903372766 0.0025270085316151385 -0.051428381353616714
v 0.011238133534789087 0.0017239477019757037 -0.05134642496705055
v 0.011556571349501612 0.003938539419323207 -0.05275470390915871
v 0.011238133534789087 0.0017239477019757037 -0.05134642496705055
v 0.013556180521845821 0.0028150554280728106 -0.052648309618234634
v 0.013556180521845821 0.0028150554280728106 -0.052648309618234634
v 0.011238133534789087 0.0017239477019757037 -0.05134642496705055
v 0.013189805671572689 0.0006668816786259414 -0.051194969564676285
v 0.013556180521845821 0.0028150554280728106 -0.052648309618234634
v 0.013189805671572689 0.0006668816786259414 -0.051194969564676285
v 0.015396965667605404 0.0014381359796971085 -0.052475932985544205
v 0.015396965667605404 0.0014381359796971085 -0.052475932985544205
v 0.013189805671572689 0.0006668816786259414 -0.051194969564676285
v 0.014990409836173061 -0.0006423380691558124 -0.050971273332834244
v 0.015396965667605404 0.0014381359796971085 -0.052475932985544205
v 0.014990409836173061 -0.0006423380691558124 -0.050971273332834244
v 0.01706030033528805 -0.00018071873637381944 -0.052237991243600845
v 0.01706030033528805 -0.00018071873637381944 -0.052237991243600845
v 0.014990409836173061 -0.0006423380691558124 -0.050971273332834244
v 0.016621975228190426 -0.0021952067036181693 -0.05067581310868263
v 0.01706030033528805 -0.00018071873637381944 -0.052237991243600845
v 0.016621975228190426 -0.0021952067036181693 -0.05067581310868263
v 0.018530560657382015 -0.002025076420977712 -0.0519375242292881
v 0.018530560657382015 -0.002025076420977712 -0.0519375242292881
v 0.016621975228190426 -0.0021952067036181693 -0.05067581310868263
v 0.018069362267851833 -0.003977449145168067 -0.05031168833374977
v 0.018530560657382015 -0.002025076420977712 -0.0519375242292881
v 0.018069362267851833 -0.003977449145168067 -0.05031168833374977
v 0.019800072535872463 -0.004073166754096747 -0.051579419523477554
v 0.019800072535872463 -0.004073166754096747 -0.051579419523477554
v 0.018069362267851833 -0.003977449145168067 -0.05031168833374977
v 0.019324598833918575 -0.0059689371846616286 -0.04988420382142067
v 0.019800072535872463 -0.004073166754096747 -0.051579419523477554
v 0.019324598833918575 -0.0059689371846616286 -0.04988420382142067
v 0.020863538607954982 -0.006298509892076256 -0.05116993561387062
v 0.020863538607954982 -0.006298509892076256 -0.05116993561387062
v 0.019324598833918575 -0.0059689371846616286 -0.04988420382142067
v 0.020381933078169826 -0.008144368417561056 -0.04940009489655495
v 0.020863538607954982 -0.006298509892076256 -0.05116993561387062
v 0.020381933078169826 -0.008144368417561056 -0.04940009489655495
v 0.021716533228755 -0.008670748211443426 -0.050716105848550797
v 0.021716533228755 -0.008670748211443426 -0.050716105848550797
v 0.020381933078169826 -0.008144368417561056 -0.04940009489655495
v 0.021236529573798183 -0.010474194772541525 -0.04886716976761818
v 0.021716533228755 -0.008670748211443426 -0.050716105848550797
v 0.021236529573798183 -0.010474194772541525 -0.04886716976761818
v 0.022355621680617336 -0.01115641836076975 -0.050225500017404556
v 0.022355621680617336 -0.01115641836076975 -0.050225500017404556
v 0.021236529573798183 -0.010474194772541525 -0.04886716976761818
v 0.021884484216570858 -0.012925417162477974 -0.04829401150345802
v 0.022355621680617336 -0.01115641836076975 -0.050225500017404556
v 0.021884484216570858 -0.012925417162477974 -0.04829401150345802
v 0.022778434678912166 -0.01371973101049662 -0.049705687910318375
v 0.022778434678912166 -0.01371973101049662 -0.049705687910318375
v 0.021884484216570858 -0.012925417162477974 -0.04829401150345802
v 0.022322973236441616 -0.01546238083392382 -0.04768950119614601
v 0.022778434678912166 -0.01371973101049662 -0.049705687910318375
v 0.022322973236441616 -0.01546238083392382 -0.04768950119614601
v 0.022983824834227565 -0.016323333606123928 -0.049163881689310074
v 0.022983824834227565 -0.016323333606123928 -0.049163881689310074
v 0.022322973236441616 -0.01546238083392382 -0.04768950119614601
v 0.02255022339522839 -0.018047584220767025 -0.04706234112381935
v 0.022983824834227565 -0.016323333606123928 -0.049163881689310074
v 0.02255022339522839 -0.018047584220767025 -0.04706234112381935
v 0.022971911355853084 -0.01892909221351147 -0.04860633984208107
v 0.022971911355853084 -0.01892909221351147 -0.04860633984208107
v 0.02255022339522839 -0.018047584220767025 -0.04706234112381935
v 0.02256562374532223 -0.02064248733222485 -0.04642057791352272
v 0.022971911355853084 -0.01892909221351147 -0.04860633984208107
v 0.02256562374532223 -0.02064248733222485 -0.04642057791352272
v 0.02274497412145138 -0.021500160917639736 -0.04803955927491188
v 0.02274497412145138 -0.021500160917639736 -0.04803955927491188
v 0.02256562374532223 -0.02064248733222485 -0.04642057791352272
v 0.022370478138327602 -0.023209514096379284 -0.04577261582016945
v 0.02274497412145138 -0.021500160917639736 -0.04803955927491188
v 0.022370478138327602 -0.023209514096379284 -0.04577261582016945
v 0.022309070453047756 -0.024004405364394195 -0.04747331514954567
v 0.022309070453047756 -0.024004405364394195 -0.04747331514954567
v 0.022370478138327602 -0.023209514096379284 -0.04577261582016945
v 0.021969435736536983 -0.025715110823512084 -0.045129839330911636
v 0.022309070453047756 -0.024004405364394195 -0.04747331514954567
v 0.021969435736536983 -0.025715110823512084 -0.045129839330911636
v 0.021672060713171962 -0.02641174755990506 -0.04691827669739723
v 0.021672060713171962 -0.02641174755990506 -0.04691827669739723
v 0.021969435736536983 -0.025715110823512084 -0.045129839330911636
v 0.021173147484660152 -0.029751608148217208 -0.04205227270722389
v 0.021672060713171962 -0.02641174755990506 -0.04691827669739723
v 0.021173147484660152 -0.029751608148217208 -0.04205227270722389
v 0.020842900499701503 -0.028693914413452155 -0.046384576708078384
v 0.020842900499701503 -0.028693914413452155 -0.046384576708078384
v 0.021173147484660152 -0.029751608148217208 -0.04205227270722389
v 0.020408099517226223 -0.03205938264727593 -0.041393402963876724
v 0.020842900499701503 -0.028693914413452155 -0.046384576708078384
v 0.020408099517226223 -0.03205938264727593 -0.041393402963876724
v 0.019831379875540737 -0.030824944376945503 -0.04588151350617409
v 0.019831379875540737 -0.030824944376945503 -0.04588151350617409
v 0.020408099517226223 -0.03205938264727593 -0.041393402963876724
v 0.019456578418612484 -0.03421447798609734 -0.040778402239084244
v 0.019831379875540737 -0.030824944376945503 -0.04588151350617409
v 0.019456578418612484 -0.03421447798609734 -0.040778402239084244
v 0.018647765740752224 -0.0327817089855671 -0.04541701450943947
v 0.018647765740752224 -0.0327817089855671 -0.04541701450943947
v 0.019456578418612484 -0.03421447798609734 -0.040778402239084244
v 0.018326817080378536 -0.036189999431371696 -0.04021603241562843
v 0.018647765740752224 -0.0327817089855671 -0.04541701450943947
v 0.018326817080378536 -0.036189999431371696 -0.04021603241562843
v 0.017302585765719417 -0.0345444604754448 -0.044997040182352066
v 0.017302585765719417 -0.0345444604754448 -0.044997040182352066
v 0.018326817080378536 -0.036189999431371696 -0.04021603241562843
v 0.01702792011201382 -0.03796293586492539 -0.03971326723694801
v 0.017302585765719417 -0.0345444604754448 -0.044997040182352066
v 0.01702792011201382 -0.03796293586492539 -0.03971326723694801
v 0.015806278213858608 -0.03609734028577805 -0.044625405222177505
v 0.015806278213858608 -0.03609734028577805 -0.044625405222177505
v 0.01702792011201382 -0.03796293586492539 -0.03971326723694801
v 0.015569789335131649 -0.03951490670442582 -0.03927427902817726
v 0.015806278213858608 -0.03609734028577805 -0.044625405222177505
v 0.015569789335131649 -0.03951490670442582 -0.03927427902817726
v 0.014168379828333858 -0.037430882453918464 -0.04430455341935158
v 0.014168379828333858 -0.037430882453918464 -0.04430455341935158
v 0.015569789335131649 -0.03951490670442582 -0.03927427902817726
v 0.01396255008876324 -0.04083430767059327 -0.038901571184396744
v 0.014168379828333858 -0.037430882453918464 -0.04430455341935158
v 0.01396255008876324 -0.04083430767059327 -0.038901571184396744
v 0.012396914884448055 -0.03854495286941529 -0.044037703424692154
v 0.012396914884448055 -0.03854495286941529 -0.044037703424692154
v 0.01396255008876324 -0.04083430767059327 -0.038901571184396744
v 0.012216111645102504 -0.04191890731453896 -0.0385974682867527
v 0.012396914884448055 -0.03854495286941529 -0.044037703424692154
v 0.012216111645102504 -0.04191890731453896 -0.0385974682867527
v 0.010500362142920496 -0.03944386169314385 -0.04382580891251564
v 0.010500362142920496 -0.03944386169314385 -0.04382580891251564
v 0.012216111645102504 -0.04191890731453896 -0.0385974682867527
v 0.010341567918658258 -0.04277302324771882 -0.03836185112595558
v 0.010500362142920496 -0.03944386169314385 -0.04382580891251564
v 0.010341567918658258 -0.04277302324771882 -0.03836185112595558
v 0.008488429710268976 -0.040136072784662254 -0.04366690292954445
v 0.008488429710268976 -0.040136072784662254 -0.04366690292954445
v 0.010341567918658258 -0.04277302324771882 -0.03836185112595558
v 0.008351651951670648 -0.04340768977999688 -0.03819132223725319
v 0.008488429710268976 -0.040136072784662254 -0.04366690292954445
v 0.008351651951670648 -0.04340768977999688 -0.03819132223725319
v 0.006372561678290369 -0.040634840726852424 -0.04355544224381447
v 0.006372561678290369 -0.040634840726852424 -0.04355544224381447
v 0.008351651951670648 -0.04340768977999688 -0.03819132223725319
v 0.006260959431529047 -0.04384145513176919 -0.03807908669114113
v 0.006372561678290369 -0.040634840726852424 -0.04355544224381447
v 0.006260959431529047 -0.04384145513176919 -0.03807908669114113
v 0.0041664447635412225 -0.04095882177352906 -0.04348236694931984
v 0.0041664447635412225 -0.04095882177352906 -0.04348236694931984
v 0.006260959431529047 -0.04384145513176919 -0.03807908669114113
v 0.004086172208189965 -0.04410121217370034 -0.03801441565155983
v 0.0041664447635412225 -0.04095882177352906 -0.04348236694931984
v 0.004086172208189965 -0.04410121217370034 -0.03801441565155983
v 1.1305345424261761e-06 -0.04230252280831338 -0.041462842375040054
v 1.1305345424261761e-06 -0.04230252280831338 -0.041462842375040054
v 0.004086172208189965 -0.04410121217370034 -0.03801441565155983
v 1.1156333812323285e-06 -0.04425149410963059 -0.03796768561005592
v 0.004685645923018456 0.003403364447876812 -0.05141473188996315
v 0.004570333287119866 0.0012545052450150254 -0.04999775066971779
v 0.006962424144148828 0.003081938950344921 -0.051447395235300064
v 0.006962424144148828 0.003081938950344921 -0.051447395235300064
v 0.004570333287119866 0.0012545052450150254 -0.04999775066971779
v 0.006791664287447931 0.0009652439039200547 -0.050000790506601334
v 0.006962424144148828 0.003081938950344921 -0.051447395235300064
v 0.006791664287447931 0.0009652439039200547 -0.050000790506601334
v 0.009154995903372766 0.0025270085316151385 -0.051428381353616714
v 0.009154995903372766 0.0025270085316151385 -0.051428381353616714
v 0.006791664287447931 0.0009652439039200547 -0.050000790506601334
v 0.008933296427130701 0.0004596065264195205 -0.04994726553559303
v 0.009154995903372766 0.0025270085316151385 -0.051428381353616714
v 0.008933296427130701 0.0004596065264195205 -0.04994726553559303
v 0.011238133534789087 0.0017239477019757037 -0.05134642496705055
v 0.011238133534789087 0.0017239477019757037 -0.05134642496705055
v 0.008933296427130701 0.0004596065264195205 -0.04994726553559303
v 0.010971447452902796 -0.00028354790993034845 -0.04982614889740944
v 0.011238133534789087 0.0017239477019757037 -0.05134642496705055
v 0.010971447452902796 -0.00028354790993034845 -0.04982614889740944
v 0.013189805671572689 0.0006668816786259414 -0.051194969564676285
v 0.013189805671572689 0.0006668816786259414 -0.051194969564676285
v 0.010971447452902796 -0.00028354790993034845 -0.04982614889740944
v 0.012885099276900295 -0.001275533111765981 -0.04963076487183571
v 0.013189805671572689 0.0006668816786259414 -0.051194969564676285
v 0.012885099276900295 -0.001275533111765981 -0.04963076487183571
v 0.014990409836173061 -0.0006423380691558124 -0.050971273332834244
v 0.014990409836173061 -0.0006423380691558124 -0.050971273332834244
v 0.012885099276900295 -0.001275533111765981 -0.04963076487183571
v 0.014655424281954769 -0.0025189158041030173 -0.0493583120405674
v 0.014990409836173061 -0.0006423380691558124 -0.050971273332834244
v 0.014655424281954769 -0.0025189158041030173 -0.0493583120405674
v 0.016621975228190426 -0.0021952067036181693 -0.05067581310868263
v 0.016621975228190426 -0.0021952067036181693 -0.05067581310868263
v 0.014655424281954769 -0.0025189158041030173 -0.0493583120405674
v 0.016265181824564937 -0.004008585121482612 -0.049009088426828384
v 0.016621975228190426 -0.0021952067036181693 -0.05067581310868263
v 0.016265181824564937 -0.004008585121482612 -0.049009088426828384
v 0.018069362267851833 -0.003977449145168067 -0.05031168833374977
v 0.018069362267851833 -0.003977449145168067 -0.05031168833374977
v 0.016265181824564937 -0.004008585121482612 -0.049009088426828384
v 0.017699679359793666 -0.005732701625674964 -0.04858625307679176
v 0.018069362267851833 -0.003977449145168067 -0.05031168833374977
v 0.017699679359793666 -0.005732701625674964 -0.04858625307679176
v 0.019324598833918575 -0.0059689371846616286 -0.04988420382142067
v 0.019324598833918575 -0.0059689371846616286 -0.04988420382142067
v 0.017699679359793666 -0.005732701625674964 -0.04858625307679176
v 0.018950102850794796 -0.007672911044210197 -0.048095110803842545
v 0.019324598833918575 -0.0059689371846616286 -0.04988420382142067
v 0.018950102850794796 -0.007672911044210197 -0.048095110803842545
v 0.020381933078169826 -0.008144368417561056 -0.04940009489655495
v 0.020381933078169826 -0.008144368417561056 -0.04940009489655495
v 0.018950102850794796 -0.007672911044210197 -0.048095110803842545
v 0.020009694620966915 -0.00980519223958254 -0.047542694956064224
v 0.020381933078169826 -0.008144368417561056 -0.04940009489655495
v 0.020009694620966915 -0.00980519223958254 -0.047542694956064224
v 0.021236529573798183 -0.010474194772541525 -0.04886716976761818
v 0.021236529573798183 -0.010474194772541525 -0.04886716976761818
v 0.020009694620966915 -0.00980519223958254 -0.047542694956064224
v 0.020872732624411586 -0.012100805528461937 -0.04693735018372536
v 0.021236529573798183 -0.010474194772541525 -0.04886716976761818
v 0.020872732624411586 -0.012100805528461937 -0.04693735018372536
v 0.021884484216570858 -0.012925417162477974 -0.04829401150345802
v 0.021884484216570858 -0.012925417162477974 -0.04829401150345802
v 0.020872732624411586 -0.012100805528461937 -0.04693735018372536
v 0.021534560248255733 -0.014527135528624061 -0.046288494020700455
v 0.021884484216570858 -0.012925417162477974 -0.04829401150345802
v 0.021534560248255733 -0.014527135528624061 -0.046288494020700455
v 0.022322973236441616 -0.01546238083392382 -0.04768950119614601
v 0.022322973236441616 -0.01546238083392382 -0.04768950119614601
v 0.021534560248255733 -0.014527135528624061 -0.046288494020700455
v 0.02199160866439343 -0.0170485582202673 -0.04560608044266701
v 0.022322973236441616 -0.01546238083392382 -0.04768950119614601
v 0.02199160866439343 -0.0170485582202673 -0.04560608044266701
v 0.02255022339522839 -0.018047584220767025 -0.04706234112381935
v 0.02255022339522839 -0.018047584220767025 -0.04706234112381935
v 0.02199160866439343 -0.0170485582202673 -0.04560608044266701
v 0.02224143408238888 -0.01962727122008801 -0.04490024223923683
v 0.02255022339522839 -0.018047584220767025 -0.04706234112381935
v 0.02224143408238888 -0.01962727122008801 -0.04490024223923683
v 0.02256562374532223 -0.02064248733222485 -0.04642057791352272
v 0.02256562374532223 -0.02064248733222485 -0.04642057791352272
v 0.02224143408238888 -0.01962727122008801 -0.04490024223923683
v 0.02228275500237942 -0.022224182263016704 -0.04418081417679787
v 0.02256562374532223 -0.02064248733222485 -0.04642057791352272
v 0.02228275500237942 -0.022224182263016704 -0.04418081417679787
v 0.022370478138327602 -0.023209514096379284 -0.04577261582016945
v 0.022370478138327602 -0.023209514096379284 -0.04577261582016945
v 0.02228275500237942 -0.022224182263016704 -0.04418081417679787
v 0.02211600355803967 -0.024800693616271026 -0.04345804825425148
v 0.022370478138327602 -0.023209514096379284 -0.04577261582016945
v 0.02211600355803967 -0.024800693616271026 -0.04345804825425148
v 0.021969435736536983 -0.025715110823512084 -0.045129839330911636
v 0.021969435736536983 -0.025715110823512084 -0.045129839330911636
v 0.02211600355803967 -0.024800693616271026 -0.04345804825425148
v 0.021744495257735256 -0.02732121758162976 -0.04274434223771095
v 0.021969435736536983 -0.025715110823512084 -0.045129839330911636
v 0.021744495257735256 -0.02732121758162976 -0.04274434223771095
v 0.021173147484660152 -0.029751608148217208 -0.04205227270722389
v 0.005470512434840203 0.016159785911440853 -0.057455841451883316
v 0.002582764253020287 0.011070854030549528 -0.055025581270456314
v 0.005140220746397973 0.010898559354245664 -0.05513686314225197
v 0.005140220746397973 0.010898559354245664 -0.05513686314225197
v 0.002582764253020287 0.011070854030549528 -0.055025581270456314
v 0.002422546967864037 0.005890949163585903 -0.05264062061905861
v 0.005140220746397973 0.010898559354245664 -0.05513686314225197
v 0.002422546967864037 0.005890949163585903 -0.05264062061905861
v 0.0048226695507764825 0.005765600595623256 -0.0527268685400486
v 0.0048226695507764825 0.005765600595623256 -0.0527268685400486
v 0.002422546967864037 0.005890949163585903 -0.05264062061905861
v 0.002353889867663384 0.0035158011596649894 -0.05134714022278786
v 0.0048226695507764825 0.005765600595623256 -0.0527268685400486
v 0.002353889867663384 0.0035158011596649894 -0.05134714022278786
v 0.004685645923018456 0.003403364447876812 -0.05141473188996315
v 0.004685645923018456 0.003403364447876812 -0.05141473188996315
v 0.002353889867663384 0.0035158011596649894 -0.05134714022278786
v 0.002296453341841698 0.0013594205956906082 -0.049954596906900406
v 0.004685645923018456 0.003403364447876812 -0.05141473188996315
v 0.002296453341841698 0.0013594205956906082 -0.049954596906900406
v 0.004570333287119866 0.0012545052450150254 -0.04999775066971779
v 0.004570333287119866 0.0012545052450150254 -0.04999775066971779
v 0.002296453341841698 0.0013594205956906082 -0.049954596906900406
v 0.004481224343180657 -0.0006280888337641956 -0.04845571890473366
v 0.004570333287119866 0.0012545052450150254 -0.04999775066971779
v 0.004481224343180657 -0.0006280888337641956 -0.04845571890473366
v 0.006791664287447931 0.0009652439039200547 -0.050000790506601334
v 0.006791664287447931 0.0009652439039200547 -0.050000790506601334
v 0.004481224343180657 -0.0006280888337641956 -0.04845571890473366
v 0.006659334525465967 -0.0008861769456416371 -0.048424068838357925
v 0.006791664287447931 0.0009652439039200547 -0.050000790506601334
v 0.006659334525465967 -0.0008861769456416371 -0.048424068838357925
v 0.008933296427130701 0.0004596065264195205 -0.04994726553559303
v 0.008933296427130701 0.0004596065264195205 -0.04994726553559303
v 0.006659334525465967 -0.0008861769456416371 -0.048424068838357925
v 0.008762007579207422 -0.0013434749562293293 -0.04833335056900978
v 0.008933296427130701 0.0004596065264195205 -0.04994726553559303
v 0.008762007579207422 -0.0013434749562293293 -0.04833335056900978
v 0.010971447452902796 -0.00028354790993034845 -0.04982614889740944
v 0.010971447452902796 -0.00028354790993034845 -0.04982614889740944
v 0.008762007579207422 -0.0013434749562293293 -0.04833335056900978
v 0.010766966268420221 -0.0020280305761843924 -0.04817265644669533
v 0.010971447452902796 -0.00028354790993034845 -0.04982614889740944
v 0.010766966268420221 -0.0020280305761843924 -0.04817265644669533
v 0.012885099276900295 -0.001275533111765981 -0.04963076487183571
v 0.012885099276900295 -0.001275533111765981 -0.04963076487183571
v 0.010766966268420221 -0.0020280305761843924 -0.04817265644669533
v 0.01265422068536282 -0.0029569428879767665 -0.04793507233262062
v 0.012885099276900295 -0.001275533111765981 -0.04963076487183571
v 0.01265422068536282 -0.0029569428879767665 -0.04793507233262062
v 0.014655424281954769 -0.0025189158041030173 -0.0493583120405674
v 0.014655424281954769 -0.0025189158041030173 -0.0493583120405674
v 0.01265422068536282 -0.0029569428879767665 -0.04793507233262062
v 0.014405718073248867 -0.004137476440519095 -0.04761731997132301
v 0.014655424281954769 -0.0025189158041030173 -0.0493583120405674
v 0.014405718073248867 -0.004137476440519095 -0.04761731997132301
v 0.016265181824564937 -0.004008585121482612 -0.049009088426828384
v 0.016265181824564937 -0.004008585121482612 -0.049009088426828384
v 0.014405718073248867 -0.004137476440519095 -0.04761731997132301
v 0.016005007550120357 -0.005568196531385184 -0.04721957817673683
v 0.016265181824564937 -0.004008585121482612 -0.049009088426828384
v 0.016005007550120357 -0.005568196531385184 -0.04721957817673683
v 0.017699679359793666 -0.005732701625674964 -0.04858625307679176
v 0.017699679359793666 -0.005732701625674964 -0.04858625307679176
v 0.016005007550120357 -0.005568196531385184 -0.04721957817673683
v 0.0174377765506506 -0.007239857222884895 -0.04674446955323219
v 0.017699679359793666 -0.005732701625674964 -0.04858625307679176
v 0.0174377765506506 -0.007239857222884895 -0.04674446955323219
v 0.018950102850794796 -0.007672911044210197 -0.048095110803842545
v 0.018950102850794796 -0.007672911044210197 -0.048095110803842545
v 0.0174377765506506 -0.007239857222884895 -0.04674446955323219
v 0.01869376562535763 -0.009135992266237737 -0.046197060495615005
v 0.018950102850794796 -0.007672911044210197 -0.048095110803842545
v 0.01869376562535763 -0.009135992266237737 -0.046197060495615005
v 0.020009694620966915 -0.00980519223958254 -0.047542694956064224
v 0.020009694620966915 -0.00980519223958254 -0.047542694956064224
v 0.01869376562535763 -0.009135992266237737 -0.046197060495615005
v 0.0197646226733923 -0.011233893223106863 -0.04558444395661354
v 0.020009694620966915 -0.00980519223958254 -0.047542694956064224
v 0.0197646226733923 -0.011233893223106863 -0.04558444395661354
v 0.020872732624411586 -0.012100805528461937 -0.04693735018372536
v 0.020872732624411586 -0.012100805528461937 -0.04693735018372536
v 0.0197646226733923 -0.011233893223106863 -0.04558444395661354
v 0.02064326219260693 -0.013505582697689537 -0.044915441423654556
v 0.020872732624411586 -0.012100805528461937 -0.04693735018372536
v 0.02064326219260693 -0.013505582697689537 -0.044915441423654556
v 0.021534560248255733 -0.014527135528624061 -0.046288494020700455
v 0.021534560248255733 -0.014527135528624061 -0.046288494020700455
v 0.02064326219260693 -0.013505582697689537 -0.044915441423654556
v 0.021323880180716518 -0.01591872610151768 -0.04419994726777077
v 0.021534560248255733 -0.014527135528624061 -0.046288494020700455
v 0.021323880180716518 -0.01591872610151768 -0.04419994726777077
v 0.02199160866439343 -0.0170485582202673 -0.04560608044266701
v 0.02199160866439343 -0.0170485582202673 -0.04560608044266701
v 0.021323880180716518 -0.01591872610151768 -0.04419994726777077
v 0.021801969036459926 -0.01843756251037121 -0.04344874992966652
v 0.02199160866439343 -0.0170485582202673 -0.04560608044266701
v 0.021801969036459926 -0.01843756251037121 -0.04344874992966652
v 0.02224143408238888 -0.01962727122008801 -0.04490024223923683
v 0.02224143408238888 -0.01962727122008801 -0.04490024223923683
v 0.021801969036459926 -0.01843756251037121 -0.04344874992966652
v 0.022074332460761074 -0.021023826673626903 -0.04267329350113869
v 0.02224143408238888 -0.01962727122008801 -0.04490024223923683
v 0.022074332460761074 -0.021023826673626903 -0.04267329350113869
v 0.02228275500237942 -0.022224182263016704 -0.04418081417679787
v 0.02228275500237942 -0.022224182263016704 -0.04418081417679787
v 0.022074332460761074 -0.021023826673626903 -0.04267329350113869
v 0.022139115259051326 -0.02363767661154271 -0.0418851412832737
v 0.02228275500237942 -0.022224182263016704 -0.04418081417679787
v 0.022139115259051326 -0.02363767661154271 -0.0418851412832737
v 0.02211600355803967 -0.024800693616271026 -0.04345804825425148
v 0.02211600355803967 -0.024800693616271026 -0.04345804825425148
v 0.022139115259051326 -0.02363767661154271 -0.0418851412832737
v 0.02199606411159039 -0.026239139959216125 -0.04109615460038185
v 0.02211600355803967 -0.024800693616271026 -0.04345804825425148
v 0.02199606411159039 -0.026239139959216125 -0.04109615460038185
v 0.021744495257735256 -0.02732121758162976 -0.04274434223771095
v 0.021744495257735256 -0.02732121758162976 -0.04274434223771095
v 0.02199606411159039 -0.026239139959216125 -0.04109615460038185
v 0.021647250279784206 -0.02878993377089501 -0.040319327265024185
v 0.021744495257735256 -0.02732121758162976 -0.04274434223771095
v 0.021647250279784206 -0.02878993377089501 -0.040319327265024185
v 0.021173147484660152 -0.029751608148217208 -0.04205227270722389
v 0.021173147484660152 -0.029751608148217208 -0.04205227270722389
v 0.021647250279784206 -0.02878993377089501 -0.040319327265024185
v 0.021096361801028255 -0.031253006309270866 -0.039567653089761734
v 0.021173147484660152 -0.029751608148217208 -0.04205227270722389
v 0.021096361801028255 -0.031253006309270866 -0.039567653089761734
v 0.020408099517226223 -0.03205938264727593 -0.041393402963876724
v 0.020408099517226223 -0.03205938264727593 -0.041393402963876724
v 0.021096361801028255 -0.031253006309270866 -0.039567653089761734
v 0.020348465070128444 -0.033593121916055686 -0.03885335102677345
v 0.020408099517226223 -0.03205938264727593 -0.041393402963876724
v 0.020348465070128444 -0.033593121916055686 -0.03885335102677345
v 0.019456578418612484 -0.03421447798609734 -0.040778402239084244
v 0.019456578418612484 -0.03421447798609734 -0.040778402239084244
v 0.020348465070128444 -0.033593121916055686 -0.03885335102677345
v 0.019409967586398128 -0.03577770665287972 -0.03818738833069801
v 0.019456578418612484 -0.03421447798609734 -0.040778402239084244
v 0.019409967586398128 -0.03577770665287972 -0.03818738833069801
v 0.018326817080378536 -0.036189999431371696 -0.04021603241562843
v 0.018326817080378536 -0.036189999431371696 -0.04021603241562843
v 0.019409967586398128 -0.03577770665287972 -0.03818738833069801
v 0.018288603052496914 -0.03777772560715676 -0.03757918253540993
v 0.018326817080378536 -0.036189999431371696 -0.04021603241562843
v 0.018288603052496914 -0.03777772560715676 -0.03757918253540993
v 0.01702792011201382 -0.03796293586492539 -0.03971326723694801
v 0.01702792011201382 -0.03796293586492539 -0.03971326723694801
v 0.018288603052496914 -0.03777772560715676 -0.03757918253540993
v 0.018339006230235103 -0.039250675588846214 -0.034929219633340836
v 0.01702792011201382 -0.03796293586492539 -0.03971326723694801
v 0.018339006230235103 -0.039250675588846214 -0.034929219633340836
v 0.01777751557528973 -0.040090490132570274 -0.0346607007086277
v 1.1454353625595106e-06 0.028766026720404632 -0.06785792112350464
v 1.1454353625595106e-06 0.02847524546086789 -0.06685703992843628
v 0.002929409965872765 0.028629487380385406 -0.06791478395462036
v 0.002929409965872765 0.028629487380385406 -0.06791478395462036
v 1.1454353625595106e-06 0.02847524546086789 -0.06685703992843628
v 0.002970447763800622 0.027956074103713043 -0.06599360704421997
v 0.002929409965872765 0.028629487380385406 -0.06791478395462036
v 0.002970447763800622 0.027956074103713043 -0.06599360704421997
v 0.005825666710734368 0.028195587918162353 -0.06797945499420166
v 0.005825666710734368 0.028195587918162353 -0.06797945499420166
v 0.002970447763800622 0.027956074103713043 -0.06599360704421997
v 0.005904911085963251 0.027528924867510803 -0.06610071659088135
v 0.005825666710734368 0.028195587918162353 -0.06797945499420166
v 0.005904911085963251 0.027528924867510803 -0.06610071659088135
v 0.008658764883875849 0.02746966294944287 -0.06804919242858887
v 0.008658764883875849 0.02746966294944287 -0.06804919242858887
v 0.005904911085963251 0.027528924867510803 -0.06610071659088135
v 0.008770322427153589 0.026797255501151092 -0.06621700525283813
v 0.008658764883875849 0.02746966294944287 -0.06804919242858887
v 0.008770322427153589 0.026797255501151092 -0.06621700525283813
v 0.011399252340197565 0.026461070403456695 -0.06812059879302979
v 0.011399252340197565 0.026461070403456695 -0.06812059879302979
v 0.008770322427153589 0.026797255501151092 -0.06621700525283813
v 0.011535307392477991 0.02577196620404721 -0.06633669137954712
v 0.011399252340197565 0.026461070403456695 -0.06812059879302979
v 0.011535307392477991 0.02577196620404721 -0.06633669137954712
v 0.014019487425684932 0.025181880220770843 -0.06819117069244385
v 0.014019487425684932 0.025181880220770843 -0.06819117069244385
v 0.011535307392477991 0.02577196620404721 -0.06633669137954712
v 0.014171091839671138 0.024467078968882568 -0.06645536422729492
v 0.014019487425684932 0.025181880220770843 -0.06819117069244385
v 0.014171091839671138 0.024467078968882568 -0.06645536422729492
v 0.016493609175086025 0.023646457120776183 -0.06825947761535645
v 0.016493609175086025 0.023646457120776183 -0.06825947761535645
v 0.014171091839671138 0.024467078968882568 -0.06645536422729492
v 0.016651352867484096 0.022899178788065914 -0.06657004356384277
v 0.016493609175086025 0.023646457120776183 -0.06825947761535645
v 0.016651352867484096 0.022899178788065914 -0.06657004356384277
v 0.01879757456481457 0.021871505305171016 -0.0683247447013855
v 0.01879757456481457 0.021871505305171016 -0.0683247447013855
v 0.016651352867484096 0.022899178788065914 -0.06657004356384277
v 0.018951995298266414 0.02108700387179852 -0.06667900085449219
v 0.01879757456481457 0.021871505305171016 -0.0683247447013855
v 0.018951995298266414 0.02108700387179852 -0.06667900085449219
v 0.02090912871062756 0.019875949248671535 -0.06838637590408325
v 0.02090912871062756 0.019875949248671535 -0.06838637590408325
v 0.018951995298266414 0.02108700387179852 -0.06667900085449219
v 0.021050928160548214 0.019051073119044307 -0.06678116321563721
v 0.02090912871062756 0.019875949248671535 -0.06838637590408325
v 0.021050928160548214 0.019051073119044307 -0.06678116321563721
v 0.022807961329817775 0.017680300399661068 -0.06844431161880493
v 0.022807961329817775 0.017680300399661068 -0.06844431161880493
v 0.021050928160548214 0.019051073119044307 -0.06678116321563721
v 0.02292810939252377 0.016813321039080623 -0.06687641143798828
v 0.022807961329817775 0.017680300399661068 -0.06844431161880493
v 0.02292810939252377 0.016813321039080623 -0.06687641143798828
v 0.02447588555514813 0.015306859277188781 -0.06849884986877441
v 0.02447588555514813 0.015306859277188781 -0.06849884986877441
v 0.02292810939252377 0.016813321039080623 -0.06687641143798828
v 0.02456603758037091 0.0143975829705596 -0.06696516275405884
v 0.02447588555514813 0.015306859277188781 -0.06849884986877441
v 0.02456603758037091 0.0143975829705596 -0.06696516275405884
v 0.02589691989123822 0.01278012897819281 -0.06855010986328125
v 0.02589691989123822 0.01278012897819281 -0.06855010986328125
v 0.02456603758037091 0.0143975829705596 -0.06696516275405884
v 0.025949520990252502 0.011829978786408905 -0.06704777479171753
v 0.02589691989123822 0.01278012897819281 -0.06855010986328125
v 0.025949520990252502 0.011829978786408905 -0.06704777479171753
v 0.027057496830821044 0.010126321576535703 -0.06859815120697021
v 0.027057496830821044 0.010126321576535703 -0.06859815120697021
v 0.025949520990252502 0.011829978786408905 -0.06704777479171753
v 0.027065834030509002 0.009138501249253752 -0.0671241283416748
v 0.027057496830821044 0.010126321576535703 -0.06859815120697021
v 0.027065834030509002 0.009138501249253752 -0.0671241283416748
v 0.027946738526225097 0.007372929248958828 -0.06864267587661743
v 0.027946738526225097 0.007372929248958828 -0.06864267587661743
v 0.027065834030509002 0.009138501249253752 -0.0671241283416748
v 0.02790502272546292 0.006352587137371303 -0.06719380617141724
v 0.027946738526225097 0.007372929248958828 -0.06864267587661743
v 0.02790502272546292 0.006352587137371303 -0.06719380617141724
v 0.02855664305388928 0.004548511002212764 -0.06868308782577515
v 0.02855664305388928 0.004548511002212764 -0.06868308782577515
v 0.02790502272546292 0.006352587137371303 -0.06719380617141724
v 0.028460187837481506 0.0035027924459427604 -0.06725585460662842
v 0.02855664305388928 0.004548511002212764 -0.06868308782577515
v 0.028460187837481506 0.0035027924459427604 -0.06725585460662842
v 0.028882270678877837 0.0016824703197926287 -0.0687183141708374
v 0.028882270678877837 0.0016824703197926287 -0.0687183141708374
v 0.028460187837481506 0.0035027924459427604 -0.06725585460662842
v 0.028727767989039428 0.000620408682152629 -0.06730848550796509
v 0.028882270678877837 0.0016824703197926287 -0.0687183141708374
v 0.028727767989039428 0.000620408682152629 -0.06730848550796509
v 0.028921945020556457 -0.0011953499633818867 -0.06874692440032959
v 0.028921945020556457 -0.0011953499633818867 -0.06874692440032959
v 0.028727767989039428 0.000620408682152629 -0.06730848550796509
v 0.028707822784781463 -0.0022629473824054007 -0.06734931468963623
v 0.028921945020556457 -0.0011953499633818867 -0.06874692440032959
v 0.028707822784781463 -0.0022629473824054007 -0.06734931468963623
v 0.02840415947139264 -0.005115938838571311 -0.06737518310546875
v 1.1379847819625868e-06 0.02670047245919705 -0.06382900476455688
v 1.1379847819625868e-06 0.02532154135406018 -0.06242770329117775
v 0.002985117956995965 0.026851771399378783 -0.06423157453536987
v 0.002985117956995965 0.026851771399378783 -0.06423157453536987
v 1.1379847819625868e-06 0.02532154135406018 -0.06242770329117775
v 0.0029752682894468316 0.025348654016852386 -0.06261962652206421
v 0.002985117956995965 0.026851771399378783 -0.06423157453536987
v 0.0029752682894468316 0.025348654016852386 -0.06261962652206421
v 0.005932575091719629 0.026442734524607665 -0.06436306238174438
v 0.005932575091719629 0.026442734524607665 -0.06436306238174438
v 0.0029752682894468316 0.025348654016852386 -0.06261962652206421
v 0.005912361666560175 0.02496533654630185 -0.06276208162307739
v 0.005932575091719629 0.026442734524607665 -0.06436306238174438
v 0.005912361666560175 0.02496533654630185 -0.06276208162307739
v 0.008806837722659113 0.02572119794785977 -0.06450724601745605
v 0.008806837722659113 0.02572119794785977 -0.06450724601745605
v 0.005912361666560175 0.02496533654630185 -0.06276208162307739
v 0.00877383165061474 0.0242664571851492 -0.06291967630386353
v 0.008806837722659113 0.02572119794785977 -0.06450724601745605
v 0.00877383165061474 0.0242664571851492 -0.06291967630386353
v 0.011575004085898401 0.024698479101061828 -0.06465595960617065
v 0.011575004085898401 0.024698479101061828 -0.06465595960617065
v 0.00877383165061474 0.0242664571851492 -0.06291967630386353
v 0.01152564398944378 0.023262633010745052 -0.06308192014694214
v 0.011575004085898401 0.024698479101061828 -0.06465595960617065
v 0.01152564398944378 0.023262633010745052 -0.06308192014694214
v 0.014207510277628902 0.02338945679366589 -0.06480318307876587
v 0.014207510277628902 0.02338945679366589 -0.06480318307876587
v 0.01152564398944378 0.023262633010745052 -0.06308192014694214
v 0.014137705788016323 0.021968467161059383 -0.06324112415313721
v 0.014207510277628902 0.02338945679366589 -0.06480318307876587
v 0.014137705788016323 0.021968467161059383 -0.06324112415313721
v 0.016677750274538997 0.02181191556155682 -0.06494450569152832
v 0.016677750274538997 0.02181191556155682 -0.06494450569152832
v 0.014137705788016323 0.021968467161059383 -0.06324112415313721
v 0.016583291813731197 0.020401818677783016 -0.06339174509048462
v 0.016677750274538997 0.02181191556155682 -0.06494450569152832
v 0.016583291813731197 0.020401818677783016 -0.06339174509048462
v 0.01896167360246182 0.019985808059573177 -0.06507724523544312
v 0.01896167360246182 0.019985808059573177 -0.06507724523544312
v 0.016583291813731197 0.020401818677783016 -0.06339174509048462
v 0.018838478252291683 0.018582975491881374 -0.06353050470352173
v 0.01896167360246182 0.019985808059573177 -0.06507724523544312
v 0.018838478252291683 0.018582975491881374 -0.06353050470352173
v 0.02103737555444241 0.017932703718543056 -0.0652000904083252
v 0.02103737555444241 0.017932703718543056 -0.0652000904083252
v 0.018838478252291683 0.018582975491881374 -0.06353050470352173
v 0.020881576463580135 0.01653402112424374 -0.06365585327148438
v 0.02103737555444241 0.017932703718543056 -0.0652000904083252
v 0.020881576463580135 0.01653402112424374 -0.06365585327148438
v 0.022885134443640712 0.015675595030188564 -0.06531286239624023
v 0.022885134443640712 0.015675595030188564 -0.06531286239624023
v 0.020881576463580135 0.01653402112424374 -0.06365585327148438
v 0.022693207487463955 0.01427858974784613 -0.06376749277114868
v 0.022885134443640712 0.015675595030188564 -0.06531286239624023
v 0.022693207487463955 0.01427858974784613 -0.06376749277114868
v 0.024488350376486785 0.013239546678960327 -0.06541597843170166
v 0.024488350376486785 0.013239546678960327 -0.06541597843170166
v 0.022693207487463955 0.01427858974784613 -0.06376749277114868
v 0.02425788156688214 0.01184260752052069 -0.06386619806289673
v 0.024488350376486785 0.013239546678960327 -0.06541597843170166
v 0.02425788156688214 0.01184260752052069 -0.06386619806289673
v 0.025832837447524078 0.010652019642293455 -0.06551003456115723
v 0.025832837447524078 0.010652019642293455 -0.06551003456115723
v 0.02425788156688214 0.01184260752052069 -0.06386619806289673
v 0.025562597438693054 0.009254588745534422 -0.06395262479782104
v 0.025832837447524078 0.010652019642293455 -0.06551003456115723
v 0.025562597438693054 0.009254588745534422 -0.06395262479782104
v 0.02690685354173184 0.007942496798932554 -0.06559503078460693
v 0.02690685354173184 0.007942496798932554 -0.06559503078460693
v 0.025562597438693054 0.009254588745534422 -0.06395262479782104
v 0.02659667097032071 0.006545221898704769 -0.06402724981307983
v 0.02690685354173184 0.007942496798932554 -0.06559503078460693
v 0.02659667097032071 0.006545221898704769 -0.06402724981307983
v 0.027701413258910186 0.0051420615054667005 -0.06567054986953735
v 0.027701413258910186 0.0051420615054667005 -0.06567054986953735
v 0.02659667097032071 0.006545221898704769 -0.06402724981307983
v 0.027352107688784606 0.0037469181697815665 -0.06408965587615967
v 0.027701413258910186 0.0051420615054667005 -0.06567054986953735
v 0.027352107688784606 0.0037469181697815665 -0.06408965587615967
v 0.028210630640387542 0.0022829424124211077 -0.0657353401184082
v 0.028210630640387542 0.0022829424124211077 -0.0657353401184082
v 0.027352107688784606 0.0037469181697815665 -0.06408965587615967
v 0.027823952957987792 0.0008932899218052628 -0.06413877010345459
v 0.028210630640387542 0.0022829424124211077 -0.0657353401184082
v 0.027823952957987792 0.0008932899218052628 -0.06413877010345459
v 0.028010686859488494 -0.001981427194550634 -0.06417250633239746
v 1.1454353625595106e-06 0.02349496446549893 -0.061010781675577164
v 1.1528859431564344e-06 0.021102463826537136 -0.059541765600442886
v 0.0029433947056531915 0.02349278889596463 -0.061143938452005386
v 0.0029433947056531915 0.02349278889596463 -0.061143938452005386
v 1.1528859431564344e-06 0.021102463826537136 -0.059541765600442886
v 0.002892715856432915 0.021340308710932735 -0.05978596583008766
v 0.0029433947056531915 0.02349278889596463 -0.061143938452005386
v 0.002892715856432915 0.021340308710932735 -0.05978596583008766
v 0.00584927760064602 0.023140659555792812 -0.06128842011094093
v 0.00584927760064602 0.023140659555792812 -0.06128842011094093
v 0.002892715856432915 0.021340308710932735 -0.05978596583008766
v 0.005749596282839776 0.021023286506533626 -0.05992716923356056
v 0.00584927760064602 0.023140659555792812 -0.06128842011094093
v 0.005749596282839776 0.021023286506533626 -0.05992716923356056
v 0.008678747341036798 0.022474227473139766 -0.06144881621003151
v 0.008678747341036798 0.022474227473139766 -0.06144881621003151
v 0.005749596282839776 0.021023286506533626 -0.05992716923356056
v 0.008530749008059503 0.02039667777717114 -0.06008279696106911
v 0.008678747341036798 0.022474227473139766 -0.06144881621003151
v 0.008530749008059503 0.02039667777717114 -0.06008279696106911
v 0.01139696501195431 0.021502507850527767 -0.061612311750650406
v 0.01139696501195431 0.021502507850527767 -0.061612311750650406
v 0.008530749008059503 0.02039667777717114 -0.06008279696106911
v 0.011200865730643274 0.019467128440737728 -0.060238245874643326
v 0.01139696501195431 0.021502507850527767 -0.061612311750650406
v 0.011200865730643274 0.019467128440737728 -0.060238245874643326
v 0.013973554596304897 0.020238859578967098 -0.06176984682679176
v 0.013973554596304897 0.020238859578967098 -0.06176984682679176
v 0.011200865730643274 0.019467128440737728 -0.060238245874643326
v 0.013729451224207882 0.018246112391352657 -0.06038326397538185
v 0.013973554596304897 0.020238859578967098 -0.06176984682679176
v 0.013729451224207882 0.018246112391352657 -0.06038326397538185
v 0.016381813213229183 0.01870030723512173 -0.06191510334610939
v 0.016381813213229183 0.01870030723512173 -0.06191510334610939
v 0.013729451224207882 0.018246112391352657 -0.06038326397538185
v 0.01608996652066708 0.016749223694205288 -0.06051099672913551
v 0.016381813213229183 0.01870030723512173 -0.06191510334610939
v 0.01608996652066708 0.016749223694205288 -0.06051099672913551
v 0.018598018214106563 0.016906766220927242 -0.06204432621598244
v 0.018598018214106563 0.016906766220927242 -0.06204432621598244
v 0.01608996652066708 0.016749223694205288 -0.06051099672913551
v 0.01825894229114056 0.01499546226114035 -0.06061756983399391
v 0.018598018214106563 0.016906766220927242 -0.06204432621598244
v 0.01825894229114056 0.01499546226114035 -0.06061756983399391
v 0.02060068212449551 0.01488032098859549 -0.06215584650635719
v 0.02060068212449551 0.01488032098859549 -0.06215584650635719
v 0.01825894229114056 0.01499546226114035 -0.06061756983399391
v 0.0202151220291853 0.013006462715566162 -0.060701314359903336
v 0.02060068212449551 0.01488032098859549 -0.06215584650635719
v 0.0202151220291853 0.013006462715566162 -0.060701314359903336
v 0.02237082086503506 0.012644826434552673 -0.06224954500794411
v 0.02237082086503506 0.012644826434552673 -0.06224954500794411
v 0.0202151220291853 0.013006462715566162 -0.060701314359903336
v 0.02193996869027615 0.010805918835103514 -0.06076228991150856
v 0.02237082086503506 0.012644826434552673 -0.06224954500794411
v 0.02193996869027615 0.010805918835103514 -0.06076228991150856
v 0.02389421872794629 0.010226710699498655 -0.06232643499970436
v 0.02389421872794629 0.010226710699498655 -0.06232643499970436
v 0.02193996869027615 0.010805918835103514 -0.06076228991150856
v 0.023420570418238643 0.008420391939580442 -0.060802046209573746
v 0.02389421872794629 0.010226710699498655 -0.06232643499970436
v 0.023420570418238643 0.008420391939580442 -0.060802046209573746
v 0.025159148499369628 0.007655224297195675 -0.06238770857453346
v 0.025159148499369628 0.007655224297195675 -0.06238770857453346
v 0.023420570418238643 0.008420391939580442 -0.060802046209573746
v 0.02464657090604306 0.005879594478756191 -0.0608222521841526
v 0.025159148499369628 0.007655224297195675 -0.06238770857453346
v 0.02464657090604306 0.005879594478756191 -0.0608222521841526
v 0.026156065985560424 0.0049619884230196485 -0.062433961778879166
v 0.026156065985560424 0.0049619884230196485 -0.062433961778879166
v 0.02464657090604306 0.005879594478756191 -0.0608222521841526
v 0.025609558448195464 0.00321575882844627 -0.06082409992814064
v 0.026156065985560424 0.0049619884230196485 -0.062433961778879166
v 0.025609558448195464 0.00321575882844627 -0.06082409992814064
v 0.02630345337092877 0.00046299281530082237 -0.06080848351120949
v 0.017625255510210994 -0.023122830316424373 -0.0685914158821106
v 0.01533610932528973 -0.024710042402148254 -0.0685473084449768
v 0.014589911326766018 -0.02506325207650662 -0.06999999284744263
v 0.014589911326766018 -0.02506325207650662 -0.06999999284744263
v 0.01533610932528973 -0.024710042402148254 -0.0685473084449768
v 0.012142254039645198 -0.02633615396916867 -0.06999999284744263
v 0.012142254039645198 -0.02633615396916867 -0.06999999284744263
v 0.01533610932528973 -0.024710042402148254 -0.0685473084449768
v 0.012908389791846279 -0.026067880913615234 -0.0685046911239624
v 0.012142254039645198 -0.02633615396916867 -0.06999999284744263
v 0.012908389791846279 -0.026067880913615234 -0.0685046911239624
v 0.011871157214045528 -0.026459446176886565 -0.06999999284744263
v 0.011871157214045528 -0.026459446176886565 -0.06999999284744263
v 0.012908389791846279 -0.026067880913615234 -0.0685046911239624
v 0.010363398119807245 -0.027185602113604553 -0.06846445798873901
v 0.011871157214045528 -0.026459446176886565 -0.06999999284744263
v 0.010363398119807245 -0.027185602113604553 -0.06846445798873901
v 0.009020527824759485 -0.02756177075207234 -0.06999999284744263
v 0.009020527824759485 -0.02756177075207234 -0.06999999284744263
v 0.010363398119807245 -0.027185602113604553 -0.06846445798873901
v 0.007723284885287287 -0.02805424295365811 -0.0684274435043335
v 0.009020527824759485 -0.02756177075207234 -0.06999999284744263
v 0.007723284885287287 -0.02805424295365811 -0.0684274435043335
v 0.006069412454962732 -0.0283579882234335 -0.06999999284744263
v 0.006069412454962732 -0.0283579882234335 -0.06999999284744263
v 0.007723284885287287 -0.02805424295365811 -0.0684274435043335
v 0.005011213943362237 -0.028666643425822265 -0.06839358806610107
v 0.006069412454962732 -0.0283579882234335 -0.06999999284744263
v 0.005011213943362237 -0.028666643425822265 -0.06839358806610107
v 0.0030514802783727655 -0.028839116916060455 -0.06999999284744263
v 0.0030514802783727655 -0.028839116916060455 -0.06999999284744263
v 0.005011213943362237 -0.028666643425822265 -0.06839358806610107
v 0.002251474186778069 -0.029017481952905662 -0.068362295627594
v 0.0030514802783727655 -0.028839116916060455 -0.06999999284744263
v 0.002251474186778069 -0.029017481952905662 -0.068362295627594
v 1.1230838481424146e-06 -0.02910758554935456 -0.06833785772323608
v 0.019513232633471492 -0.021454090252518657 -0.06999999284744263
v 0.019755287095904354 -0.02131869085133076 -0.06863546371459961
v 0.017504250630736354 -0.02312230132520199 -0.06999999284744263
v 0.017504250630736354 -0.02312230132520199 -0.06999999284744263
v 0.019755287095904354 -0.02131869085133076 -0.06863546371459961
v 0.017625255510210994 -0.023122830316424373 -0.0685914158821106
v 0.017504250630736354 -0.02312230132520199 -0.06999999284744263
v 0.017625255510210994 -0.023122830316424373 -0.0685914158821106
v 0.017146801576018337 -0.02338858135044575 -0.06999999284744263
v 0.017146801576018337 -0.02338858135044575 -0.06999999284744263
v 0.017625255510210994 -0.023122830316424373 -0.0685914158821106
v 0.014589911326766018 -0.02506325207650662 -0.06999999284744263
v 1.1305344287393384e-06 -0.029504470527172096 -0.06624108552932739
v 1.1230838481424146e-06 -0.02910758554935456 -0.06833785772323608
v 0.0021931435912847523 -0.029336841776967056 -0.06660091876983643
v 0.0021931435912847523 -0.029336841776967056 -0.06660091876983643
v 1.1230838481424146e-06 -0.02910758554935456 -0.06833785772323608
v 0.002251474186778069 -0.029017481952905662 -0.068362295627594
v 0.0021931435912847523 -0.029336841776967056 -0.06660091876983643
v 0.002251474186778069 -0.029017481952905662 -0.068362295627594
v 0.004879979416728021 -0.028999604284763343 -0.06665366888046265
v 0.004879979416728021 -0.028999604284763343 -0.06665366888046265
v 0.002251474186778069 -0.029017481952905662 -0.068362295627594
v 0.005011213943362237 -0.028666643425822265 -0.06839358806610107
v 0.004879979416728021 -0.028999604284763343 -0.06665366888046265
v 0.005011213943362237 -0.028666643425822265 -0.06839358806610107
v 0.007520018145442011 -0.028416661545634277 -0.06671136617660522
v 0.007520018145442011 -0.028416661545634277 -0.06671136617660522
v 0.005011213943362237 -0.028666643425822265 -0.06839358806610107
v 0.007723284885287287 -0.02805424295365811 -0.0684274435043335
v 0.007520018145442011 -0.028416661545634277 -0.06671136617660522
v 0.007723284885287287 -0.02805424295365811 -0.0684274435043335
v 0.01009146682918072 -0.027592016384005554 -0.06677567958831787
v 0.01009146682918072 -0.027592016384005554 -0.06677567958831787
v 0.007723284885287287 -0.02805424295365811 -0.0684274435043335
v 0.010363398119807245 -0.027185602113604553 -0.06846445798873901
v 0.01009146682918072 -0.027592016384005554 -0.06677567958831787
v 0.010363398119807245 -0.027185602113604553 -0.06846445798873901
v 0.012574007734656337 -0.026530968025326736 -0.06684678792953491
v 0.012574007734656337 -0.026530968025326736 -0.06684678792953491
v 0.010363398119807245 -0.027185602113604553 -0.06846445798873901
v 0.012908389791846279 -0.026067880913615234 -0.0685046911239624
v 0.012574007734656337 -0.026530968025326736 -0.06684678792953491
v 0.012908389791846279 -0.026067880913615234 -0.0685046911239624
v 0.014948351308703426 -0.025240076705813415 -0.06692367792129517
v 0.014948351308703426 -0.025240076705813415 -0.06692367792129517
v 0.012908389791846279 -0.026067880913615234 -0.0685046911239624
v 0.01533610932528973 -0.024710042402148254 -0.0685473084449768
v 0.014948351308703426 -0.025240076705813415 -0.06692367792129517
v 0.01533610932528973 -0.024710042402148254 -0.0685473084449768
v 0.017195848748087886 -0.023727154359221465 -0.0670045018196106
v 0.017195848748087886 -0.023727154359221465 -0.0670045018196106
v 0.01533610932528973 -0.024710042402148254 -0.0685473084449768
v 0.017625255510210994 -0.023122830316424373 -0.0685914158821106
v 0.017195848748087886 -0.023727154359221465 -0.0670045018196106
v 0.017625255510210994 -0.023122830316424373 -0.0685914158821106
v 0.01929801516234875 -0.02200116775929928 -0.06708645820617676
v 0.01929801516234875 -0.02200116775929928 -0.06708645820617676
v 0.017625255510210994 -0.023122830316424373 -0.0685914158821106
v 0.019755287095904354 -0.02131869085133076 -0.06863546371459961
v 0.01929801516234875 -0.02200116775929928 -0.06708645820617676
v 0.019755287095904354 -0.02131869085133076 -0.06863546371459961
v 0.02123620174825192 -0.02007214911282063 -0.06716567277908325
v 0.02123620174825192 -0.02007214911282063 -0.06716567277908325
v 0.019755287095904354 -0.02131869085133076 -0.06863546371459961
v 0.019513232633471492 -0.021454090252518657 -0.06999999284744263
v 0.019513232633471492 -0.021454090252518657 -0.06999999284744263
v 0.021662754938006405 -0.0192814264446497 -0.06999993324279785
v 0.02123620174825192 -0.02007214911282063 -0.06716567277908325
v 0.02123620174825192 -0.02007214911282063 -0.06716567277908325
v 0.021662754938006405 -0.0192814264446497 -0.06999993324279785
v 0.022052889689803127 -0.018833989277482036 -0.06999993324279785
v 0.02123620174825192 -0.02007214911282063 -0.06716567277908325
v 0.022052889689803127 -0.018833989277482036 -0.06999993324279785
v 0.022991722449660305 -0.017952246591448787 -0.06723743677139282
v 0.022991722449660305 -0.017952246591448787 -0.06723743677139282
v 0.022052889689803127 -0.018833989277482036 -0.06999993324279785
v 0.023571809753775604 -0.01689446531236172 -0.06999999284744263
v 0.022991722449660305 -0.017952246591448787 -0.06723743677139282
v 0.023571809753775604 -0.01689446531236172 -0.06999999284744263
v 0.02454591356217862 -0.01565663702785969 -0.06729793548583984
v 0.023571809753775604 -0.01689446531236172 -0.06999999284744263
v 0.02521901391446591 -0.014319856651127342 -0.0700000524520874
v 0.02454591356217862 -0.01565663702785969 -0.06729793548583984
v 0.02454591356217862 -0.01565663702785969 -0.06729793548583984
v 0.02521901391446591 -0.014319856651127342 -0.0700000524520874
v 0.025576842948794372 -0.013670505024492744 -0.06999999284744263
v 0.02454591356217862 -0.01565663702785969 -0.06729793548583984
v 0.025576842948794372 -0.013670505024492744 -0.06999999284744263
v 0.02588056586682797 -0.01320330519229174 -0.06734395027160645
v 0.02588056586682797 -0.01320330519229174 -0.06734395027160645
v 0.025576842948794372 -0.013670505024492744 -0.06999999284744263
v 0.02658606134355069 -0.011586242355406286 -0.06999999284744263
v 0.02588056586682797 -0.01320330519229174 -0.06734395027160645
v 0.02658606134355069 -0.011586242355406286 -0.06999999284744263
v 0.02765782736241818 -0.008723896928131582 -0.06999993324279785
v 1.1379847819625868e-06 0.02532154135406018 -0.06242770329117775
v 1.1454353625595106e-06 0.02349496446549893 -0.061010781675577164
v 0.0029752682894468316 0.025348654016852386 -0.06261962652206421
v 0.0029752682894468316 0.025348654016852386 -0.06261962652206421
v 1.1454353625595106e-06 0.02349496446549893 -0.061010781675577164
v 0.0029433947056531915 0.02349278889596463 -0.061143938452005386
v 0.0029752682894468316 0.025348654016852386 -0.06261962652206421
v 0.0029433947056531915 0.02349278889596463 -0.061143938452005386
v 0.005912361666560175 0.02496533654630185 -0.06276208162307739
v 0.005912361666560175 0.02496533654630185 -0.06276208162307739
v 0.0029433947056531915 0.02349278889596463 -0.061143938452005386
v 0.00584927760064602 0.023140659555792812 -0.06128842011094093
v 0.005912361666560175 0.02496533654630185 -0.06276208162307739
v 0.00584927760064602 0.023140659555792812 -0.06128842011094093
v 0.00877383165061474 0.0242664571851492 -0.06291967630386353
v 0.00877383165061474 0.0242664571851492 -0.06291967630386353
v 0.00584927760064602 0.023140659555792812 -0.06128842011094093
v 0.008678747341036798 0.022474227473139766 -0.06144881621003151
v 0.00877383165061474 0.0242664571851492 -0.06291967630386353
v 0.008678747341036798 0.022474227473139766 -0.06144881621003151
v 0.01152564398944378 0.023262633010745052 -0.06308192014694214
v 0.01152564398944378 0.023262633010745052 -0.06308192014694214
v 0.008678747341036798 0.022474227473139766 -0.06144881621003151
v 0.01139696501195431 0.021502507850527767 -0.061612311750650406
v 0.01152564398944378 0.023262633010745052 -0.06308192014694214
v 0.01139696501195431 0.021502507850527767 -0.061612311750650406
v 0.014137705788016323 0.021968467161059383 -0.06324112415313721
v 0.014137705788016323 0.021968467161059383 -0.06324112415313721
v 0.01139696501195431 0.021502507850527767 -0.061612311750650406
v 0.013973554596304897 0.020238859578967098 -0.06176984682679176
v 0.014137705788016323 0.021968467161059383 -0.06324112415313721
v 0.013973554596304897 0.020238859578967098 -0.06176984682679176
v 0.016583291813731197 0.020401818677783016 -0.06339174509048462
v 0.016583291813731197 0.020401818677783016 -0.06339174509048462
v 0.013973554596304897 0.020238859578967098 -0.06176984682679176
v 0.016381813213229183 0.01870030723512173 -0.06191510334610939
v 0.016583291813731197 0.020401818677783016 -0.06339174509048462
v 0.016381813213229183 0.01870030723512173 -0.06191510334610939
v 0.018838478252291683 0.018582975491881374 -0.06353050470352173
v 0.018838478252291683 0.018582975491881374 -0.06353050470352173
v 0.016381813213229183 0.01870030723512173 -0.06191510334610939
v 0.018598018214106563 0.016906766220927242 -0.06204432621598244
v 0.018838478252291683 0.018582975491881374 -0.06353050470352173
v 0.018598018214106563 0.016906766220927242 -0.06204432621598244
v 0.020881576463580135 0.01653402112424374 -0.06365585327148438
v 0.020881576463580135 0.01653402112424374 -0.06365585327148438
v 0.018598018214106563 0.016906766220927242 -0.06204432621598244
v 0.02060068212449551 0.01488032098859549 -0.06215584650635719
v 0.020881576463580135 0.01653402112424374 -0.06365585327148438
v 0.02060068212449551 0.01488032098859549 -0.06215584650635719
v 0.022693207487463955 0.01427858974784613 -0.06376749277114868
v 0.022693207487463955 0.01427858974784613 -0.06376749277114868
v 0.02060068212449551 0.01488032098859549 -0.06215584650635719
v 0.02237082086503506 0.012644826434552673 -0.06224954500794411
v 0.022693207487463955 0.01427858974784613 -0.06376749277114868
v 0.02237082086503506 0.012644826434552673 -0.06224954500794411
v 0.02425788156688214 0.01184260752052069 -0.06386619806289673
v 0.02425788156688214 0.01184260752052069 -0.06386619806289673
v 0.02237082086503506 0.012644826434552673 -0.06224954500794411
v 0.02389421872794629 0.010226710699498655 -0.06232643499970436
v 0.02425788156688214 0.01184260752052069 -0.06386619806289673
v 0.02389421872794629 0.010226710699498655 -0.06232643499970436
v 0.025562597438693054 0.009254588745534422 -0.06395262479782104
v 0.025562597438693054 0.009254588745534422 -0.06395262479782104
v 0.02389421872794629 0.010226710699498655 -0.06232643499970436
v 0.025159148499369628 0.007655224297195675 -0.06238770857453346
v 0.025562597438693054 0.009254588745534422 -0.06395262479782104
v 0.025159148499369628 0.007655224297195675 -0.06238770857453346
v 0.02659667097032071 0.006545221898704769 -0.06402724981307983
v 0.02659667097032071 0.006545221898704769 -0.06402724981307983
v 0.025159148499369628 0.007655224297195675 -0.06238770857453346
v 0.026156065985560424 0.0049619884230196485 -0.062433961778879166
v 0.02659667097032071 0.006545221898704769 -0.06402724981307983
v 0.026156065985560424 0.0049619884230196485 -0.062433961778879166
v 0.027352107688784606 0.0037469181697815665 -0.06408965587615967
v 0.027352107688784606 0.0037469181697815665 -0.06408965587615967
v 0.026156065985560424 0.0049619884230196485 -0.062433961778879166
v 0.02630345337092877 0.00046299281530082237 -0.06080848351120949
v 0.027352107688784606 0.0037469181697815665 -0.06408965587615967
v 0.02630345337092877 0.00046299281530082237 -0.06080848351120949
v 0.027823952957987792 0.0008932899218052628 -0.06413877010345459
v 0.027823952957987792 0.0008932899218052628 -0.06413877010345459
v 0.02630345337092877 0.00046299281530082237 -0.06080848351120949
v 0.02672486566007138 -0.002343260915949941 -0.06077534332871437
v 0.027823952957987792 0.0008932899218052628 -0.06413877010345459
v 0.02672486566007138 -0.002343260915949941 -0.06077534332871437
v 0.028010686859488494 -0.001981427194550634 -0.06417250633239746
v 0.028010686859488494 -0.001981427194550634 -0.06417250633239746
v 0.02672486566007138 -0.002343260915949941 -0.06077534332871437
v 0.02687343023717404 -0.005166871007531882 -0.060723427683115005
v 0.028010686859488494 -0.001981427194550634 -0.06417250633239746
v 0.02687343023717404 -0.005166871007531882 -0.060723427683115005
v 0.027914559468626983 -0.004842837806791068 -0.06418752670288086
v 0.027914559468626983 -0.004842837806791068 -0.06418752670288086
v 0.02687343023717404 -0.005166871007531882 -0.060723427683115005
v 0.02675216458737851 -0.007971600629389288 -0.060650233179330826
v 0.027914559468626983 -0.004842837806791068 -0.06418752670288086
v 0.02675216458737851 -0.007971600629389288 -0.060650233179330826
v 0.027542015537619598 -0.0076572424732148665 -0.06417953968048096
v 0.027542015537619598 -0.0076572424732148665 -0.06417953968048096
v 0.02675216458737851 -0.007971600629389288 -0.060650233179330826
v 0.026368109509348876 -0.010722496546804907 -0.060552243143320084
v 0.027542015537619598 -0.0076572424732148665 -0.06417953968048096
v 0.026368109509348876 -0.010722496546804907 -0.060552243143320084
v 0.02690363489091397 -0.01039372105151415 -0.06414568424224854
v 0.02690363489091397 -0.01039372105151415 -0.06414568424224854
v 0.026368109509348876 -0.010722496546804907 -0.060552243143320084
v 0.025732835754752166 -0.013388671912252906 -0.06042856350541115
v 0.02690363489091397 -0.01039372105151415 -0.06414568424224854
v 0.025732835754752166 -0.013388671912252906 -0.06042856350541115
v 0.026013387367129333 -0.013024580664932731 -0.06408548355102539
v 0.026013387367129333 -0.013024580664932731 -0.06408548355102539
v 0.025732835754752166 -0.013388671912252906 -0.06042856350541115
v 0.024861028417944915 -0.015942761674523357 -0.060280684381723404
v 0.026013387367129333 -0.013024580664932731 -0.06408548355102539
v 0.024861028417944915 -0.015942761674523357 -0.060280684381723404
v 0.02488775365054608 -0.015525252558290962 -0.06400054693222046
v 0.02488775365054608 -0.015525252558290962 -0.06400054693222046
v 0.024861028417944915 -0.015942761674523357 -0.060280684381723404
v 0.023769518360495574 -0.018360702320933345 -0.0601121224462986
v 0.02488775365054608 -0.015525252558290962 -0.06400054693222046
v 0.023769518360495574 -0.018360702320933345 -0.0601121224462986
v 0.023544950410723693 -0.01787437312304974 -0.06389385461807251
v 0.023544950410723693 -0.01787437312304974 -0.06389385461807251
v 0.023769518360495574 -0.018360702320933345 -0.0601121224462986
v 0.02247642539441586 -0.020621819421648983 -0.059927765280008316
v 0.023544950410723693 -0.01787437312304974 -0.06389385461807251
v 0.02247642539441586 -0.020621819421648983 -0.059927765280008316
v 0.02200410328805447 -0.020053872838616375 -0.06376981735229492
v 0.02200410328805447 -0.020053872838616375 -0.06376981735229492
v 0.02247642539441586 -0.020621819421648983 -0.059927765280008316
v 0.02100036107003689 -0.022708902135491375 -0.05973333492875099
v 0.02200410328805447 -0.020053872838616375 -0.06376981735229492
v 0.02100036107003689 -0.022708902135491375 -0.05973333492875099
v 0.020284472033381466 -0.0220490824431181 -0.06363379955291748
v 0.020284472033381466 -0.0220490824431181 -0.06363379955291748
v 0.02100036107003689 -0.022708902135491375 -0.05973333492875099
v 0.019359571859240535 -0.024608293548226363 -0.05953514948487282
v 0.020284472033381466 -0.0220490824431181 -0.06363379955291748
v 0.019359571859240535 -0.024608293548226363 -0.05953514948487282
v 0.018404616042971614 -0.023848811164498336 -0.06349176168441772
v 0.018404616042971614 -0.023848811164498336 -0.06349176168441772
v 0.019359571859240535 -0.024608293548226363 -0.05953514948487282
v 0.01757111214101315 -0.026309935376048095 -0.05933922901749611
v 0.018404616042971614 -0.023848811164498336 -0.06349176168441772
v 0.01757111214101315 -0.026309935376048095 -0.05933922901749611
v 0.016381813213229183 -0.025445727631449706 -0.06335008144378662
v 0.016381813213229183 -0.025445727631449706 -0.06335008144378662
v 0.01757111214101315 -0.026309935376048095 -0.05933922901749611
v 0.01565003208816052 -0.027808370068669326 -0.059151533991098404
v 0.016381813213229183 -0.025445727631449706 -0.06335008144378662
v 0.01565003208816052 -0.027808370068669326 -0.059151533991098404
v 0.01423195563256741 -0.026835711672902114 -0.06321448087692261
v 0.01423195563256741 -0.026835711672902114 -0.06321448087692261
v 0.01565003208816052 -0.027808370068669326 -0.059151533991098404
v 0.013609206303954128 -0.029102999716997154 -0.05897832289338112
v 0.01423195563256741 -0.026835711672902114 -0.06321448087692261
v 0.013609206303954128 -0.029102999716997154 -0.05897832289338112
v 0.011969765648245815 -0.028015380725264556 -0.06308966875076294
v 0.011969765648245815 -0.028015380725264556 -0.06308966875076294
v 0.013609206303954128 -0.029102999716997154 -0.05897832289338112
v 0.011460168287158014 -0.030194161459803588 -0.05882430449128151
v 0.011969765648245815 -0.028015380725264556 -0.06308966875076294
v 0.011460168287158014 -0.030194161459803588 -0.05882430449128151
v 0.009609533473849298 -0.02898180857300759 -0.06297844648361206
v 0.009609533473849298 -0.02898180857300759 -0.06297844648361206
v 0.011460168287158014 -0.030194161459803588 -0.05882430449128151
v 0.009214093908667566 -0.03108260966837407 -0.05869210138916969
v 0.009609533473849298 -0.02898180857300759 -0.06297844648361206
v 0.009214093908667566 -0.03108260966837407 -0.05869210138916969
v 0.007165981456637384 -0.02973261289298535 -0.06288164854049683
v 0.007165981456637384 -0.02973261289298535 -0.06288164854049683
v 0.009214093908667566 -0.03108260966837407 -0.05869210138916969
v 0.006882702931761743 -0.03176961466670037 -0.05858171358704567
v 0.007165981456637384 -0.02973261289298535 -0.06288164854049683
v 0.006882702931761743 -0.03176961466670037 -0.05858171358704567
v 0.00465504638850689 -0.030266024172306068 -0.06279802322387695
v 0.00465504638850689 -0.030266024172306068 -0.06279802322387695
v 0.006882702931761743 -0.03176961466670037 -0.05858171358704567
v 0.004479257389903069 -0.03225707262754441 -0.05849039927124977
v 0.00465504638850689 -0.030266024172306068 -0.06279802322387695
v 0.004479257389903069 -0.03225707262754441 -0.05849039927124977
v 0.0020947139710187916 -0.030580939725041396 -0.06272387504577637
v 0.0020947139710187916 -0.030580939725041396 -0.06272387504577637
v 0.004479257389903069 -0.03225707262754441 -0.05849039927124977
v 0.0020195227116346364 -0.03254766389727593 -0.05841201916337013
v 0.0020947139710187916 -0.030580939725041396 -0.06272387504577637
v 0.0020195227116346364 -0.03254766389727593 -0.05841201916337013
v 1.1156333812323285e-06 -0.0326409861445427 -0.058351997286081314
v 1.1156333812323285e-06 -0.0326409861445427 -0.058351997286081314
v 0.0020195227116346364 -0.03254766389727593 -0.05841201916337013
v 1.1305345424261761e-06 -0.03452672809362412 -0.05481404438614845
v 1.1379847819625868e-06 0.028071908280253417 -0.06590241193771362
v 1.1379847819625868e-06 0.027716187760233886 -0.06524688005447388
v 0.002970447763800622 0.027956074103713043 -0.06599360704421997
v 0.002970447763800622 0.027956074103713043 -0.06599360704421997
v 1.1379847819625868e-06 0.027716187760233886 -0.06524688005447388
v 0.002985117956995965 0.026851771399378783 -0.06423157453536987
v 0.002970447763800622 0.027956074103713043 -0.06599360704421997
v 0.002985117956995965 0.026851771399378783 -0.06423157453536987
v 0.005904911085963251 0.027528924867510803 -0.06610071659088135
v 0.005904911085963251 0.027528924867510803 -0.06610071659088135
v 0.002985117956995965 0.026851771399378783 -0.06423157453536987
v 0.005932575091719629 0.026442734524607665 -0.06436306238174438
v 0.005904911085963251 0.027528924867510803 -0.06610071659088135
v 0.005932575091719629 0.026442734524607665 -0.06436306238174438
v 0.008770322427153589 0.026797255501151092 -0.06621700525283813
v 0.008770322427153589 0.026797255501151092 -0.06621700525283813
v 0.005932575091719629 0.026442734524607665 -0.06436306238174438
v 0.008806837722659113 0.02572119794785977 -0.06450724601745605
v 0.008770322427153589 0.026797255501151092 -0.06621700525283813
v 0.008806837722659113 0.02572119794785977 -0.06450724601745605
v 0.011535307392477991 0.02577196620404721 -0.06633669137954712
v 0.011535307392477991 0.02577196620404721 -0.06633669137954712
v 0.008806837722659113 0.02572119794785977 -0.06450724601745605
v 0.011575004085898401 0.024698479101061828 -0.06465595960617065
v 0.011535307392477991 0.02577196620404721 -0.06633669137954712
v 0.011575004085898401 0.024698479101061828 -0.06465595960617065
v 0.014171091839671138 0.024467078968882568 -0.06645536422729492
v 0.014171091839671138 0.024467078968882568 -0.06645536422729492
v 0.011575004085898401 0.024698479101061828 -0.06465595960617065
v 0.014207510277628902 0.02338945679366589 -0.06480318307876587
v 0.014171091839671138 0.024467078968882568 -0.06645536422729492
v 0.014207510277628902 0.02338945679366589 -0.06480318307876587
v 0.016651352867484096 0.022899178788065914 -0.06657004356384277
v 0.016651352867484096 0.022899178788065914 -0.06657004356384277
v 0.014207510277628902 0.02338945679366589 -0.06480318307876587
v 0.016677750274538997 0.02181191556155682 -0.06494450569152832
v 0.016651352867484096 0.022899178788065914 -0.06657004356384277
v 0.016677750274538997 0.02181191556155682 -0.06494450569152832
v 0.018951995298266414 0.02108700387179852 -0.06667900085449219
v 0.018951995298266414 0.02108700387179852 -0.06667900085449219
v 0.016677750274538997 0.02181191556155682 -0.06494450569152832
v 0.01896167360246182 0.019985808059573177 -0.06507724523544312
v 0.018951995298266414 0.02108700387179852 -0.06667900085449219
v 0.01896167360246182 0.019985808059573177 -0.06507724523544312
v 0.021050928160548214 0.019051073119044307 -0.06678116321563721
v 0.021050928160548214 0.019051073119044307 -0.06678116321563721
v 0.01896167360246182 0.019985808059573177 -0.06507724523544312
v 0.02103737555444241 0.017932703718543056 -0.0652000904083252
v 0.021050928160548214 0.019051073119044307 -0.06678116321563721
v 0.02103737555444241 0.017932703718543056 -0.0652000904083252
v 0.02292810939252377 0.016813321039080623 -0.06687641143798828
v 0.02292810939252377 0.016813321039080623 -0.06687641143798828
v 0.02103737555444241 0.017932703718543056 -0.0652000904083252
v 0.022885134443640712 0.015675595030188564 -0.06531286239624023
v 0.02292810939252377 0.016813321039080623 -0.06687641143798828
v 0.022885134443640712 0.015675595030188564 -0.06531286239624023
v 0.02456603758037091 0.0143975829705596 -0.06696516275405884
v 0.02456603758037091 0.0143975829705596 -0.06696516275405884
v 0.022885134443640712 0.015675595030188564 -0.06531286239624023
v 0.024488350376486785 0.013239546678960327 -0.06541597843170166
v 0.02456603758037091 0.0143975829705596 -0.06696516275405884
v 0.024488350376486785 0.013239546678960327 -0.06541597843170166
v 0.025949520990252502 0.011829978786408905 -0.06704777479171753
v 0.025949520990252502 0.011829978786408905 -0.06704777479171753
v 0.024488350376486785 0.013239546678960327 -0.06541597843170166
v 0.025832837447524078 0.010652019642293455 -0.06551003456115723
v 0.025949520990252502 0.011829978786408905 -0.06704777479171753
v 0.025832837447524078 0.010652019642293455 -0.06551003456115723
v 0.027065834030509002 0.009138501249253752 -0.0671241283416748
v 0.027065834030509002 0.009138501249253752 -0.0671241283416748
v 0.025832837447524078 0.010652019642293455 -0.06551003456115723
v 0.02690685354173184 0.007942496798932554 -0.06559503078460693
v 0.027065834030509002 0.009138501249253752 -0.0671241283416748
v 0.02690685354173184 0.007942496798932554 -0.06559503078460693
v 0.02790502272546292 0.006352587137371303 -0.06719380617141724
v 0.02790502272546292 0.006352587137371303 -0.06719380617141724
v 0.02690685354173184 0.007942496798932554 -0.06559503078460693
v 0.027701413258910186 0.0051420615054667005 -0.06567054986953735
v 0.02790502272546292 0.006352587137371303 -0.06719380617141724
v 0.027701413258910186 0.0051420615054667005 -0.06567054986953735
v 0.028460187837481506 0.0035027924459427604 -0.06725585460662842
v 0.028460187837481506 0.0035027924459427604 -0.06725585460662842
v 0.027701413258910186 0.0051420615054667005 -0.06567054986953735
v 0.028210630640387542 0.0022829424124211077 -0.0657353401184082
v 0.028460187837481506 0.0035027924459427604 -0.06725585460662842
v 0.028210630640387542 0.0022829424124211077 -0.0657353401184082
v 0.028727767989039428 0.000620408682152629 -0.06730848550796509
v 0.028727767989039428 0.000620408682152629 -0.06730848550796509
v 0.028210630640387542 0.0022829424124211077 -0.0657353401184082
v 0.028010686859488494 -0.001981427194550634 -0.06417250633239746
v 0.028727767989039428 0.000620408682152629 -0.06730848550796509
v 0.028010686859488494 -0.001981427194550634 -0.06417250633239746
v 0.028707822784781463 -0.0022629473824054007 -0.06734931468963623
v 0.028707822784781463 -0.0022629473824054007 -0.06734931468963623
v 0.028010686859488494 -0.001981427194550634 -0.06417250633239746
v 0.027914559468626983 -0.004842837806791068 -0.06418752670288086
v 0.028707822784781463 -0.0022629473824054007 -0.06734931468963623
v 0.027914559468626983 -0.004842837806791068 -0.06418752670288086
v 0.02840415947139264 -0.005115938838571311 -0.06737518310546875
v 0.02840415947139264 -0.005115938838571311 -0.06737518310546875
v 0.027914559468626983 -0.004842837806791068 -0.06418752670288086
v 0.027542015537619598 -0.0076572424732148665 -0.06417953968048096
v 0.02840415947139264 -0.005115938838571311 -0.06737518310546875
v 0.027542015537619598 -0.0076572424732148665 -0.06417953968048096
v 0.027824169024825103 -0.007908564992249014 -0.06738346815109253
v 0.027824169024825103 -0.007908564992249014 -0.06738346815109253
v 0.027542015537619598 -0.0076572424732148665 -0.06417953968048096
v 0.02690363489091397 -0.01039372105151415 -0.06414568424224854
v 0.027824169024825103 -0.007908564992249014 -0.06738346815109253
v 0.02690363489091397 -0.01039372105151415 -0.06414568424224854
v 0.026978513225913055 -0.01061289105564356 -0.06737291812896729
v 0.026978513225913055 -0.01061289105564356 -0.06737291812896729
v 0.02690363489091397 -0.01039372105151415 -0.06414568424224854
v 0.026013387367129333 -0.013024580664932731 -0.06408548355102539
v 0.026978513225913055 -0.01061289105564356 -0.06737291812896729
v 0.026013387367129333 -0.013024580664932731 -0.06408548355102539
v 0.02588056586682797 -0.01320330519229174 -0.06734395027160645
v 0.02588056586682797 -0.01320330519229174 -0.06734395027160645
v 0.026013387367129333 -0.013024580664932731 -0.06408548355102539
v 0.02488775365054608 -0.015525252558290962 -0.06400054693222046
v 0.02588056586682797 -0.01320330519229174 -0.06734395027160645
v 0.02488775365054608 -0.015525252558290962 -0.06400054693222046
v 0.02454591356217862 -0.01565663702785969 -0.06729793548583984
v 0.02454591356217862 -0.01565663702785969 -0.06729793548583984
v 0.02488775365054608 -0.015525252558290962 -0.06400054693222046
v 0.023544950410723693 -0.01787437312304974 -0.06389385461807251
v 0.02454591356217862 -0.01565663702785969 -0.06729793548583984
v 0.023544950410723693 -0.01787437312304974 -0.06389385461807251
v 0.022991722449660305 -0.017952246591448787 -0.06723743677139282
v 0.022991722449660305 -0.017952246591448787 -0.06723743677139282
v 0.023544950410723693 -0.01787437312304974 -0.06389385461807251
v 0.02200410328805447 -0.020053872838616375 -0.06376981735229492
v 0.022991722449660305 -0.017952246591448787 -0.06723743677139282
v 0.02200410328805447 -0.020053872838616375 -0.06376981735229492
v 0.02123620174825192 -0.02007214911282063 -0.06716567277908325
v 0.02123620174825192 -0.02007214911282063 -0.06716567277908325
v 0.02200410328805447 -0.020053872838616375 -0.06376981735229492
v 0.020284472033381466 -0.0220490824431181 -0.06363379955291748
v 0.02123620174825192 -0.02007214911282063 -0.06716567277908325
v 0.020284472033381466 -0.0220490824431181 -0.06363379955291748
v 0.01929801516234875 -0.02200116775929928 -0.06708645820617676
v 0.01929801516234875 -0.02200116775929928 -0.06708645820617676
v 0.020284472033381466 -0.0220490824431181 -0.06363379955291748
v 0.018404616042971614 -0.023848811164498336 -0.06349176168441772
v 0.01929801516234875 -0.02200116775929928 -0.06708645820617676
v 0.018404616042971614 -0.023848811164498336 -0.06349176168441772
v 0.017195848748087886 -0.023727154359221465 -0.0670045018196106
v 0.017195848748087886 -0.023727154359221465 -0.0670045018196106
v 0.018404616042971614 -0.023848811164498336 -0.06349176168441772
v 0.016381813213229183 -0.025445727631449706 -0.06335008144378662
v 0.017195848748087886 -0.023727154359221465 -0.0670045018196106
v 0.016381813213229183 -0.025445727631449706 -0.06335008144378662
v 0.014948351308703426 -0.025240076705813415 -0.06692367792129517
v 0.014948351308703426 -0.025240076705813415 -0.06692367792129517
v 0.016381813213229183 -0.025445727631449706 -0.06335008144378662
v 0.01423195563256741 -0.026835711672902114 -0.06321448087692261
v 0.014948351308703426 -0.025240076705813415 -0.06692367792129517
v 0.01423195563256741 -0.026835711672902114 -0.06321448087692261
v 0.012574007734656337 -0.026530968025326736 -0.06684678792953491
v 0.012574007734656337 -0.026530968025326736 -0.06684678792953491
v 0.01423195563256741 -0.026835711672902114 -0.06321448087692261
v 0.011969765648245815 -0.028015380725264556 -0.06308966875076294
v 0.012574007734656337 -0.026530968025326736 -0.06684678792953491
v 0.011969765648245815 -0.028015380725264556 -0.06308966875076294
v 0.01009146682918072 -0.027592016384005554 -0.06677567958831787
v 0.01009146682918072 -0.027592016384005554 -0.06677567958831787
v 0.011969765648245815 -0.028015380725264556 -0.06308966875076294
v 0.009609533473849298 -0.02898180857300759 -0.06297844648361206
v 0.01009146682918072 -0.027592016384005554 -0.06677567958831787
v 0.009609533473849298 -0.02898180857300759 -0.06297844648361206
v 0.007520018145442011 -0.028416661545634277 -0.06671136617660522
v 0.007520018145442011 -0.028416661545634277 -0.06671136617660522
v 0.009609533473849298 -0.02898180857300759 -0.06297844648361206
v 0.007165981456637384 -0.02973261289298535 -0.06288164854049683
v 0.007520018145442011 -0.028416661545634277 -0.06671136617660522
v 0.007165981456637384 -0.02973261289298535 -0.06288164854049683
v 0.004879979416728021 -0.028999604284763343 -0.06665366888046265
v 0.004879979416728021 -0.028999604284763343 -0.06665366888046265
v 0.007165981456637384 -0.02973261289298535 -0.06288164854049683
v 0.00465504638850689 -0.030266024172306068 -0.06279802322387695
v 0.004879979416728021 -0.028999604284763343 -0.06665366888046265
v 0.00465504638850689 -0.030266024172306068 -0.06279802322387695
v 0.0021931435912847523 -0.029336841776967056 -0.06660091876983643
v 0.0021931435912847523 -0.029336841776967056 -0.06660091876983643
v 0.00465504638850689 -0.030266024172306068 -0.06279802322387695
v 0.0020947139710187916 -0.030580939725041396 -0.06272387504577637
v 0.0021931435912847523 -0.029336841776967056 -0.06660091876983643
v 0.0020947139710187916 -0.030580939725041396 -0.06272387504577637
v 1.1305344287393384e-06 -0.029504470527172096 -0.06624108552932739
v 1.1305344287393384e-06 -0.029504470527172096 -0.06624108552932739
v 0.0020947139710187916 -0.030580939725041396 -0.06272387504577637
v 1.1305345424261761e-06 -0.030675373971462257 -0.06266683340072632
v 1.1528859431564344e-06 0.021102463826537136 -0.059541765600442886
v 1.1603365237533583e-06 0.017302451655268673 -0.057650867849588394
v 0.002892715856432915 0.021340308710932735 -0.05978596583008766
v 0.002892715856432915 0.021340308710932735 -0.05978596583008766
v 1.1603365237533583e-06 0.017302451655268673 -0.057650867849588394
v 0.0027505438774824147 0.016401281580328945 -0.057327751070261
v 0.002892715856432915 0.021340308710932735 -0.05978596583008766
v 0.0027505438774824147 0.016401281580328945 -0.057327751070261
v 0.005749596282839776 0.021023286506533626 -0.05992716923356056
v 0.005749596282839776 0.021023286506533626 -0.05992716923356056
v 0.0027505438774824147 0.016401281580328945 -0.057327751070261
v 0.005470512434840203 0.016159785911440853 -0.057455841451883316
v 0.005749596282839776 0.021023286506533626 -0.05992716923356056
v 0.005470512434840203 0.016159785911440853 -0.057455841451883316
v 0.008530749008059503 0.02039667777717114 -0.06008279696106911
v 0.008530749008059503 0.02039667777717114 -0.06008279696106911
v 0.005470512434840203 0.016159785911440853 -0.057455841451883316
v 0.008119439706206323 0.015625594183802608 -0.057588402181863785
v 0.008530749008059503 0.02039667777717114 -0.06008279696106911
v 0.008119439706206323 0.015625594183802608 -0.057588402181863785
v 0.011200865730643274 0.019467128440737728 -0.060238245874643326
v 0.011200865730643274 0.019467128440737728 -0.060238245874643326
v 0.008119439706206323 0.015625594183802608 -0.057588402181863785
v 0.010662017390131952 0.014799079857766632 -0.0577089823782444
v 0.011200865730643274 0.019467128440737728 -0.060238245874643326
v 0.010662017390131952 0.014799079857766632 -0.0577089823782444
v 0.013729451224207882 0.018246112391352657 -0.06038326397538185
v 0.013729451224207882 0.018246112391352657 -0.06038326397538185
v 0.010662017390131952 0.014799079857766632 -0.0577089823782444
v 0.013068137690424923 0.013686715625226501 -0.057806018739938736
v 0.013729451224207882 0.018246112391352657 -0.06038326397538185
v 0.013068137690424923 0.013686715625226501 -0.057806018739938736
v 0.01608996652066708 0.016749223694205288 -0.06051099672913551
v 0.01608996652066708 0.016749223694205288 -0.06051099672913551
v 0.013068137690424923 0.013686715625226501 -0.057806018739938736
v 0.015311894938349727 0.012300244532525543 -0.05787229910492897
v 0.01608996652066708 0.016749223694205288 -0.06051099672913551
v 0.015311894938349727 0.012300244532525543 -0.05787229910492897
v 0.01825894229114056 0.01499546226114035 -0.06061756983399391
v 0.01825894229114056 0.01499546226114035 -0.06061756983399391
v 0.015311894938349727 0.012300244532525543 -0.05787229910492897
v 0.01737054251134396 0.01065581198781729 -0.05790400877594948
v 0.01825894229114056 0.01499546226114035 -0.06061756983399391
v 0.01737054251134396 0.01065581198781729 -0.05790400877594948
v 0.0202151220291853 0.013006462715566162 -0.060701314359903336
v 0.0202151220291853 0.013006462715566162 -0.060701314359903336
v 0.01737054251134396 0.01065581198781729 -0.05790400877594948
v 0.01922344230115414 0.008773013018071653 -0.05789995566010475
v 0.0202151220291853 0.013006462715566162 -0.060701314359903336
v 0.01922344230115414 0.008773013018071653 -0.05789995566010475
v 0.02193996869027615 0.010805918835103514 -0.06076228991150856
v 0.02193996869027615 0.010805918835103514 -0.06076228991150856
v 0.01922344230115414 0.008773013018071653 -0.05789995566010475
v 0.020852973684668544 0.00667419144883752 -0.05786127224564552
v 0.02193996869027615 0.010805918835103514 -0.06076228991150856
v 0.020852973684668544 0.00667419144883752 -0.05786127224564552
v 0.023420570418238643 0.008420391939580442 -0.060802046209573746
v 0.023420570418238643 0.008420391939580442 -0.060802046209573746
v 0.020852973684668544 0.00667419144883752 -0.05786127224564552
v 0.02224880270659924 0.004385358188301326 -0.057790521532297134
v 0.023420570418238643 0.008420391939580442 -0.060802046209573746
v 0.02224880270659924 0.004385358188301326 -0.057790521532297134
v 0.02464657090604306 0.005879594478756191 -0.0608222521841526
v 0.02464657090604306 0.005879594478756191 -0.0608222521841526
v 0.02224880270659924 0.004385358188301326 -0.057790521532297134
v 0.023403173312544826 0.0019361514132469897 -0.057690683752298355
v 0.02464657090604306 0.005879594478756191 -0.0608222521841526
v 0.023403173312544826 0.0019361514132469897 -0.057690683752298355
v 0.025609558448195464 0.00321575882844627 -0.06082409992814064
v 0.025609558448195464 0.00321575882844627 -0.06082409992814064
v 0.023403173312544826 0.0019361514132469897 -0.057690683752298355
v 0.024309819564223296 -0.0006409112829715015 -0.05756479874253273
v 0.025609558448195464 0.00321575882844627 -0.06082409992814064
v 0.024309819564223296 -0.0006409112829715015 -0.05756479874253273
v 0.02630345337092877 0.00046299281530082237 -0.06080848351120949
v 0.02630345337092877 0.00046299281530082237 -0.06080848351120949
v 0.024309819564223296 -0.0006409112829715015 -0.05756479874253273
v 0.024964286014437682 -0.003311139764264227 -0.0574156679213047
v 0.02630345337092877 0.00046299281530082237 -0.06080848351120949
v 0.024964286014437682 -0.003311139764264227 -0.0574156679213047
v 0.02672486566007138 -0.002343260915949941 -0.06077534332871437
v 0.02672486566007138 -0.002343260915949941 -0.06077534332871437
v 0.024964286014437682 -0.003311139764264227 -0.0574156679213047
v 0.025364203378558166 -0.006038357969373466 -0.057245317846536636
v 0.02672486566007138 -0.002343260915949941 -0.06077534332871437
v 0.025364203378558166 -0.006038357969373466 -0.057245317846536636
v 0.02687343023717404 -0.005166871007531882 -0.060723427683115005
v 0.02687343023717404 -0.005166871007531882 -0.060723427683115005
v 0.025364203378558166 -0.006038357969373466 -0.057245317846536636
v 0.02550958655774594 -0.008785528130829336 -0.05705470219254494
v 0.02687343023717404 -0.005166871007531882 -0.060723427683115005
v 0.02550958655774594 -0.008785528130829336 -0.05705470219254494
v 0.02675216458737851 -0.007971600629389288 -0.060650233179330826
v 0.02675216458737851 -0.007971600629389288 -0.060650233179330826
v 0.02550958655774594 -0.008785528130829336 -0.05705470219254494
v 0.025403095409274108 -0.011515450663864614 -0.05684340372681618
v 0.02675216458737851 -0.007971600629389288 -0.060650233179330826
v 0.025403095409274108 -0.011515450663864614 -0.05684340372681618
v 0.026368109509348876 -0.010722496546804907 -0.060552243143320084
v 0.026368109509348876 -0.010722496546804907 -0.060552243143320084
v 0.025403095409274108 -0.011515450663864614 -0.05684340372681618
v 0.02505090646445752 -0.014192578382790092 -0.0566103495657444
v 0.026368109509348876 -0.010722496546804907 -0.060552243143320084
v 0.02505090646445752 -0.014192578382790092 -0.0566103495657444
v 0.025732835754752166 -0.013388671912252906 -0.06042856350541115
v 0.025732835754752166 -0.013388671912252906 -0.06042856350541115
v 0.02505090646445752 -0.014192578382790092 -0.0566103495657444
v 0.024463763460516937 -0.016786342486739162 -0.05635792389512062
v 0.025732835754752166 -0.013388671912252906 -0.06042856350541115
v 0.024463763460516937 -0.016786342486739162 -0.05635792389512062
v 0.024861028417944915 -0.015942761674523357 -0.060280684381723404
v 0.024861028417944915 -0.015942761674523357 -0.060280684381723404
v 0.024463763460516937 -0.016786342486739162 -0.05635792389512062
v 0.023655107244849212 -0.01926943846046925 -0.056090597063302994
v 0.024861028417944915 -0.015942761674523357 -0.060280684381723404
v 0.023655107244849212 -0.01926943846046925 -0.056090597063302994
v 0.023769518360495574 -0.018360702320933345 -0.0601121224462986
v 0.023769518360495574 -0.018360702320933345 -0.0601121224462986
v 0.023655107244849212 -0.01926943846046925 -0.056090597063302994
v 0.022640069946646694 -0.021617537364363674 -0.05581409111618996
v 0.023769518360495574 -0.018360702320933345 -0.0601121224462986
v 0.022640069946646694 -0.021617537364363674 -0.05581409111618996
v 0.02247642539441586 -0.020621819421648983 -0.059927765280008316
v 0.02247642539441586 -0.020621819421648983 -0.059927765280008316
v 0.022640069946646694 -0.021617537364363674 -0.05581409111618996
v 0.02143472991883755 -0.023809408769011504 -0.05553502216935158
v 0.02247642539441586 -0.020621819421648983 -0.059927765280008316
v 0.02143472991883755 -0.023809408769011504 -0.05553502216935158
v 0.02100036107003689 -0.022708902135491375 -0.05973333492875099
v 0.02100036107003689 -0.022708902135491375 -0.05973333492875099
v 0.02143472991883755 -0.023809408769011504 -0.05553502216935158
v 0.02005543373525143 -0.025827100500464446 -0.055260006338357925
v 0.02100036107003689 -0.022708902135491375 -0.05973333492875099
v 0.02005543373525143 -0.025827100500464446 -0.055260006338357925
v 0.019359571859240535 -0.024608293548226363 -0.05953514948487282
v 0.019359571859240535 -0.024608293548226363 -0.05953514948487282
v 0.02005543373525143 -0.025827100500464446 -0.055260006338357925
v 0.018518066033720974 -0.02765603922307492 -0.05499524250626564
v 0.019359571859240535 -0.024608293548226363 -0.05953514948487282
v 0.018518066033720974 -0.02765603922307492 -0.05499524250626564
v 0.01757111214101315 -0.026309935376048095 -0.05933922901749611
v 0.01757111214101315 -0.026309935376048095 -0.05933922901749611
v 0.018518066033720974 -0.02765603922307492 -0.05499524250626564
v 0.016837326809763912 -0.029285222291946418 -0.05474591627717018
v 0.01757111214101315 -0.026309935376048095 -0.05933922901749611
v 0.016837326809763912 -0.029285222291946418 -0.05474591627717018
v 0.01565003208816052 -0.027808370068669326 -0.059151533991098404
v 0.01565003208816052 -0.027808370068669326 -0.059151533991098404
v 0.016837326809763912 -0.029285222291946418 -0.05474591627717018
v 0.015025792643427852 -0.030708946287631995 -0.05451667681336403
v 0.01565003208816052 -0.027808370068669326 -0.059151533991098404
v 0.015025792643427852 -0.030708946287631995 -0.05451667681336403
v 0.013609206303954128 -0.029102999716997154 -0.05897832289338112
v 0.013609206303954128 -0.029102999716997154 -0.05897832289338112
v 0.015025792643427852 -0.030708946287631995 -0.05451667681336403
v 0.013093603774905208 -0.0319281853735447 -0.054313186556100845
v 0.013609206303954128 -0.029102999716997154 -0.05897832289338112
v 0.013093603774905208 -0.0319281853735447 -0.054313186556100845
v 0.011460168287158014 -0.030194161459803588 -0.05882430449128151
v 0.011460168287158014 -0.030194161459803588 -0.05882430449128151
v 0.013093603774905208 -0.0319281853735447 -0.054313186556100845
v 0.011049894616007807 -0.03294551372528077 -0.054139140993356705
v 0.011460168287158014 -0.030194161459803588 -0.05882430449128151
v 0.011049894616007807 -0.03294551372528077 -0.054139140993356705
v 0.009214093908667566 -0.03108260966837407 -0.05869210138916969
v 0.009214093908667566 -0.03108260966837407 -0.05869210138916969
v 0.011049894616007807 -0.03294551372528077 -0.054139140993356705
v 0.008903888985514643 -0.033764533698558814 -0.05399591103196144
v 0.009214093908667566 -0.03108260966837407 -0.05869210138916969
v 0.008903888985514643 -0.033764533698558814 -0.05399591103196144
v 0.006882702931761743 -0.03176961466670037 -0.05858171358704567
v 0.006882702931761743 -0.03176961466670037 -0.05858171358704567
v 0.008903888985514643 -0.033764533698558814 -0.05399591103196144
v 0.006665779277682306 -0.03439010307192803 -0.05388188734650612
v 0.006882702931761743 -0.03176961466670037 -0.05858171358704567
v 0.006665779277682306 -0.03439010307192803 -0.05388188734650612
v 0.004479257389903069 -0.03225707262754441 -0.05849039927124977
v 0.004479257389903069 -0.03225707262754441 -0.05849039927124977
v 0.006665779277682306 -0.03439010307192803 -0.05388188734650612
v 0.004347657784819604 -0.03482860699295998 -0.05379230156540871
v 0.004479257389903069 -0.03225707262754441 -0.05849039927124977
v 0.004347657784819604 -0.03482860699295998 -0.05379230156540871
v 0.0020195227116346364 -0.03254766389727593 -0.05841201916337013
v 0.0020195227116346364 -0.03254766389727593 -0.05841201916337013
v 0.004347657784819604 -0.03482860699295998 -0.05379230156540871
v 0.0019644405692815785 -0.0350882112979889 -0.053718630224466324
v 0.0020195227116346364 -0.03254766389727593 -0.05841201916337013
v 0.0019644405692815785 -0.0350882112979889 -0.053718630224466324
v 1.1305345424261761e-06 -0.03452672809362412 -0.05481404438614845
v 1.1305345424261761e-06 -0.03452672809362412 -0.05481404438614845
v 0.0019644405692815785 -0.0350882112979889 -0.053718630224466324
v 1.1230839618292523e-06 -0.035174053162336356 -0.05366260185837746
v 0.0209327694028616 -0.048861451447010054 -0.0070002698339521885
v 0.02085818909108639 -0.04841824993491174 -0.009251835756003857
v 0.022645493969321254 -0.047153867781162276 -0.00940645020455122
v 0.021448178216815 -0.04218227788805962 -0.02260899730026722
v 0.020941665396094326 -0.04016814380884171 -0.02695644088089466
v 0.021845405921339992 -0.03817574307322503 -0.027406873181462288
v 2.3151769710239027e-06 -0.050176806747913374 -0.02490103431046009
v 0.004424406215548516 -0.05022075772285463 -0.024617435410618782
v 0.004376864060759545 -0.05140249058604242 -0.020665528252720833
v 0.018339006230235103 -0.039250675588846214 -0.034929219633340836
v 0.01940925978124142 -0.04015002772212029 -0.03084433265030384
v 0.018200872465968135 -0.041995584964752204 -0.03036797232925892
v 0.025228863582015044 -0.0337117649614811 -0.021194757893681526
v 0.025528227910399444 -0.03427380695939065 -0.01994037814438343
v 0.02542992495000363 -0.036293398588895805 -0.019544722512364388
v 0.02850118093192578 -0.03940000012516976 -2.5509288015257425e-09
v 0.028420945629477508 -0.04068760201334954 3.550769349658367e-07
v 0.028418621048331268 -0.039265595376491554 -0.0029889370780438185
v 0.028418621048331268 -0.039265595376491554 -0.0029889370780438185
v 0.028420945629477508 -0.04068760201334954 3.550769349658367e-07
v 0.02822831831872464 -0.04133766889572144 -0.0025683667045086622
v 0.02609312348067761 -0.03530699759721757 -0.017537416890263557
v 0.026392316445708282 -0.035842828452587135 -0.01622230000793934
v 0.02649757824838162 -0.03830444440245629 -0.014818373136222363
v 0.02649757824838162 -0.03830444440245629 -0.014818373136222363
v 0.026392316445708282 -0.035842828452587135 -0.01622230000793934
v 0.026447428390383727 -0.03594007715582848 -0.01597529835999012
v 0.02649757824838162 -0.03830444440245629 -0.014818373136222363
v 0.026447428390383727 -0.03594007715582848 -0.01597529835999012
v 0.02664963714778424 -0.0362948700785637 -0.015053036622703075
v 0.025228863582015044 -0.0337117649614811 -0.021194757893681526
v 0.02542992495000363 -0.036293398588895805 -0.019544722512364388
v 0.024616396054625518 -0.032520771026611335 -0.023773672059178352
v 0.02282544039189816 -0.028477648273110397 -0.0325360931456089
v 0.023609159514307983 -0.030398709699511535 -0.028290869668126106
v 0.023304266855120662 -0.0318286418914795 -0.028941871598362923
v 0.023304266855120662 -0.0318286418914795 -0.028941871598362923
v 0.023609159514307983 -0.030398709699511535 -0.028290869668126106
v 0.023665828630328185 -0.03052578121423722 -0.028018536046147346
v 0.023304266855120662 -0.0318286418914795 -0.028941871598362923
v 0.023665828630328185 -0.03052578121423722 -0.028018536046147346
v 0.024026973173022277 -0.03131059184670449 -0.026346387341618538
v 0.021686835214495662 -0.03008971549570561 -0.037857238203287125
v 0.022121651098132137 -0.02589231543242932 -0.03919893875718117
v 0.02233528904616833 -0.026936968788504607 -0.036289457231760025
v 0.021243093535304073 -0.03222135081887246 -0.03717583790421486
v 0.021428903564810756 -0.03142038360238076 -0.03743183985352516
v 0.022231979295611385 -0.03188058733940125 -0.033075038343667984
v 0.022231979295611385 -0.03188058733940125 -0.033075038343667984
v 0.021428903564810756 -0.03142038360238076 -0.03743183985352516
v 0.021686835214495662 -0.03008971549570561 -0.037857238203287125
v 0.022231979295611385 -0.03188058733940125 -0.033075038343667984
v 0.021686835214495662 -0.03008971549570561 -0.037857238203287125
v 0.022483741864562038 -0.029711263254284866 -0.033700887113809586
v 0.022483741864562038 -0.029711263254284866 -0.033700887113809586
v 0.021686835214495662 -0.03008971549570561 -0.037857238203287125
v 0.02233528904616833 -0.026936968788504607 -0.036289457231760025
v 0.022483741864562038 -0.029711263254284866 -0.033700887113809586
v 0.02233528904616833 -0.026936968788504607 -0.036289457231760025
v 0.022570556029677395 -0.027738472446799285 -0.034279946237802505
v 0.022231979295611385 -0.03188058733940125 -0.033075038343667984
v 0.02180753462016583 -0.034028459340333946 -0.03247148171067238
v 0.021243093535304073 -0.03222135081887246 -0.03717583790421486
v 0.021243093535304073 -0.03222135081887246 -0.03717583790421486
v 0.02180753462016583 -0.034028459340333946 -0.03247148171067238
v 0.02120369486510754 -0.03613285347819329 -0.03189903870224953
v 0.021243093535304073 -0.03222135081887246 -0.03717583790421486
v 0.02120369486510754 -0.03613285347819329 -0.03189903870224953
v 0.020637823268771175 -0.034317363053560264 -0.036505941301584244
v 0.01940925978124142 -0.04015002772212029 -0.03084433265030384
v 0.018339006230235103 -0.039250675588846214 -0.034929219633340836
v 0.020406862720847133 -0.03818448632955552 -0.03135586157441139
v 0.018339006230235103 -0.039250675588846214 -0.034929219633340836
v 0.019822305068373684 -0.0364418774843216 -0.03582698479294777
v 0.020406862720847133 -0.03818448632955552 -0.03135586157441139
v 0.020406862720847133 -0.03818448632955552 -0.03135586157441139
v 0.019822305068373684 -0.0364418774843216 -0.03582698479294777
v 0.019859431311488155 -0.03635679557919503 -0.03585422411561012
v 0.020406862720847133 -0.03818448632955552 -0.03135586157441139
v 0.019859431311488155 -0.03635679557919503 -0.03585422411561012
v 0.02120369486510754 -0.03613285347819329 -0.03189903870224953
v 0.02120369486510754 -0.03613285347819329 -0.03189903870224953
v 0.019859431311488155 -0.03635679557919503 -0.03585422411561012
v 0.020404173061251644 -0.03498827293515206 -0.036291543394327164
v 0.02120369486510754 -0.03613285347819329 -0.03189903870224953
v 0.020404173061251644 -0.03498827293515206 -0.036291543394327164
v 0.020637823268771175 -0.034317363053560264 -0.036505941301584244
v 0.016368193551898006 -0.04183348268270493 -0.034103576093912125
v 0.017033090814948085 -0.04106856510043145 -0.03434807434678078
v 0.018200872465968135 -0.041995584964752204 -0.03036797232925892
v 0.018200872465968135 -0.041995584964752204 -0.03036797232925892
v 0.017033090814948085 -0.04106856510043145 -0.03434807434678078
v 0.01777751557528973 -0.040090490132570274 -0.0346607007086277
v 0.018200872465968135 -0.041995584964752204 -0.03036797232925892
v 0.01777751557528973 -0.040090490132570274 -0.0346607007086277
v 0.018339006230235103 -0.039250675588846214 -0.034929219633340836
v 0.018200872465968135 -0.041995584964752204 -0.03036797232925892
v 0.016767716035246853 -0.0436910092830658 -0.02992999739944935
v 0.016368193551898006 -0.04183348268270493 -0.034103576093912125
v 0.016368193551898006 -0.04183348268270493 -0.034103576093912125
v 0.016767716035246853 -0.0436910092830658 -0.02992999739944935
v 0.015106720849871639 -0.04519240930676461 -0.029539288952946663
v 0.016368193551898006 -0.04183348268270493 -0.034103576093912125
v 0.015106720849871639 -0.04519240930676461 -0.029539288952946663
v 0.015400541946291927 -0.04279512539505959 -0.033796314150094986
v 0.013233950361609462 -0.046449936926364906 -0.02920699305832386
v 0.012973254546523098 -0.04459895566105843 -0.03321975842118263
v 0.015106720849871639 -0.04519240930676461 -0.029539288952946663
v 0.015106720849871639 -0.04519240930676461 -0.029539288952946663
v 0.012973254546523098 -0.04459895566105843 -0.03321975842118263
v 0.013929439708590511 -0.04397783428430558 -0.033418361097574234
v 0.015106720849871639 -0.04519240930676461 -0.029539288952946663
v 0.013929439708590511 -0.04397783428430558 -0.033418361097574234
v 0.015400541946291927 -0.04279512539505959 -0.033796314150094986
v 0.008835693821310999 -0.04631315544247628 -0.032671812921762466
v 0.010262383148074152 -0.04587217420339585 -0.03281271830201149
v 0.011185748502612116 -0.04742698743939401 -0.028941871598362923
v 0.011185748502612116 -0.04742698743939401 -0.028941871598362923
v 0.010262383148074152 -0.04587217420339585 -0.03281271830201149
v 0.01099350117146969 -0.04559044539928437 -0.032902780920267105
v 0.011185748502612116 -0.04742698743939401 -0.028941871598362923
v 0.01099350117146969 -0.04559044539928437 -0.032902780920267105
v 0.013233950361609462 -0.046449936926364906 -0.02920699305832386
v 0.013233950361609462 -0.046449936926364906 -0.02920699305832386
v 0.01099350117146969 -0.04559044539928437 -0.032902780920267105
v 0.012290036305785183 -0.04498248547315598 -0.033097151666879654
v 0.013233950361609462 -0.046449936926364906 -0.02920699305832386
v 0.012290036305785183 -0.04498248547315598 -0.033097151666879654
v 0.012973254546523098 -0.04459895566105843 -0.03321975842118263
v 0.011185748502612116 -0.04742698743939401 -0.028941871598362923
v 0.009005216881632807 -0.04811782017350198 -0.028746189549565315
v 0.008835693821310999 -0.04631315544247628 -0.032671812921762466
v 0.008835693821310999 -0.04631315544247628 -0.032671812921762466
v 0.009005216881632807 -0.04811782017350198 -0.028746189549565315
v 0.006740285083651544 -0.04854545369744302 -0.028616072610020638
v 0.008835693821310999 -0.04631315544247628 -0.032671812921762466
v 0.006740285083651544 -0.04854545369744302 -0.028616072610020638
v 0.006166135892271997 -0.04682562872767449 -0.03250807896256447
v 0.006166135892271997 -0.04682562872767449 -0.03250807896256447
v 0.006740285083651544 -0.04854545369744302 -0.028616072610020638
v 0.004438964650034905 -0.04875845089554788 -0.028542103245854378
v 0.006166135892271997 -0.04682562872767449 -0.03250807896256447
v 0.004438964650034905 -0.04875845089554788 -0.028542103245854378
v 0.004952749237418176 -0.04695418849587442 -0.03246695175766945
v 0.004952749237418176 -0.04695418849587442 -0.03246695175766945
v 0.004438964650034905 -0.04875845089554788 -0.028542103245854378
v 1.48816241107852e-06 -0.04883053898811342 -0.028503062203526497
v 0.004952749237418176 -0.04695418849587442 -0.03246695175766945
v 1.48816241107852e-06 -0.04883053898811342 -0.028503062203526497
v 1.1230839618292523e-06 -0.047095958143472685 -0.03242165222764015
v 0.0042167138308286676 -0.05346365645527841 -0.008504274301230907
v 5.168749339645729e-06 -0.05313237011432649 -0.012595715932548046
v 0.0042549651116132745 -0.05300400406122209 -0.012623193673789501
v 0.0042549651116132745 -0.05300400406122209 -0.012623193673789501
v 5.168749339645729e-06 -0.05313237011432649 -0.012595715932548046
v 4.408790118759499e-06 -0.05228194966912271 -0.01730835624039173
v 0.004217637702822686 -0.05372249335050584 -0.00430125230923295
v 3.797842509811745e-06 -0.05390613898634912 -0.004292192403227091
v 5.13149643666111e-06 -0.05353252217173578 -0.009393992833793163
v 0.003887524828314782 -0.053833588957786574 5.705371464159725e-08
v 1.167787559097633e-06 -0.053999952971935286 -6.215557135647032e-08
v 3.797842509811745e-06 -0.05390613898634912 -0.004292192403227091
v 0.012838436290621761 -0.052281692624092116 -0.004424812737852335
v 0.007761096581816675 -0.05338137969374658 -2.5509288015257425e-09
v 0.008571168407797815 -0.05318091437220575 -0.004341962281614542
v 0.008571168407797815 -0.05318091437220575 -0.004341962281614542
v 0.007761096581816675 -0.05338137969374658 -2.5509288015257425e-09
v 0.003887524828314782 -0.053833588957786574 5.705371464159725e-08
v 0.008571168407797815 -0.05318091437220575 -0.004341962281614542
v 0.003887524828314782 -0.053833588957786574 5.705371464159725e-08
v 0.004217637702822686 -0.05372249335050584 -0.00430125230923295
v 0.004217637702822686 -0.05372249335050584 -0.00430125230923295
v 0.003887524828314782 -0.053833588957786574 5.705371464159725e-08
v 3.797842509811745e-06 -0.05390613898634912 -0.004292192403227091
v 0.014186581596732143 -0.052034381777048125 -2.5509288015257425e-09
v 0.012838436290621761 -0.052281692624092116 -0.004424812737852335
v 0.015594070777297023 -0.051624599844217314 -1.217602232372883e-07
v 0.015594070777297023 -0.051624599844217314 -1.217602232372883e-07
v 0.012838436290621761 -0.052281692624092116 -0.004424812737852335
v 0.01700750552117825 -0.050981957465410246 -0.004552128259092569
v 0.014186581596732143 -0.052034381777048125 -2.5509288015257425e-09
v 0.013373022899031643 -0.05225012823939325 -2.5509288015257425e-09
v 0.012838436290621761 -0.052281692624092116 -0.004424812737852335
v 0.012838436290621761 -0.052281692624092116 -0.004424812737852335
v 0.013373022899031643 -0.05225012823939325 -2.5509288015257425e-09
v 0.01195572875440121 -0.05259237810969354 -2.5509288015257425e-09
v 0.012838436290621761 -0.052281692624092116 -0.004424812737852335
v 0.01195572875440121 -0.05259237810969354 -2.5509288015257425e-09
v 0.007761096581816675 -0.05338137969374658 -2.5509288015257425e-09
v 0.026293007656931884 -0.04533595591783524 -0.002504232106730342
v 0.024983441457152374 -0.04684028029441834 -6.215557135647032e-08
v 0.024744143709540374 -0.04692701622843744 -0.002465965924784541
v 0.024744143709540374 -0.04692701622843744 -0.002465965924784541
v 0.024983441457152374 -0.04684028029441834 -6.215557135647032e-08
v 0.023334009572863582 -0.04811547696590425 -6.215557135647032e-08
v 0.024744143709540374 -0.04692701622843744 -0.002465965924784541
v 0.023334009572863582 -0.04811547696590425 -6.215557135647032e-08
v 0.02296860329806805 -0.0482616499066353 -0.0024234678130596876
v 0.02296860329806805 -0.0482616499066353 -0.0024234678130596876
v 0.023334009572863582 -0.04811547696590425 -6.215557135647032e-08
v 0.02121374569833279 -0.04937243089079858 -2.5509288015257425e-09
v 0.02296860329806805 -0.0482616499066353 -0.0024234678130596876
v 0.02121374569833279 -0.04937243089079858 -2.5509288015257425e-09
v 0.021060807630419735 -0.04937618970870973 -0.0023794795852154493
v 0.021060807630419735 -0.04937618970870973 -0.0023794795852154493
v 0.02121374569833279 -0.04937243089079858 -2.5509288015257425e-09
v 0.0186943244189024 -0.050528075546026244 -1.217602232372883e-07
v 0.027499122545123107 -0.04345852136611939 -0.0025372530799359083
v 0.027351221069693572 -0.04395406693220139 -6.215557135647032e-08
v 0.026293007656931884 -0.04533595591783524 -0.002504232106730342
v 0.026293007656931884 -0.04533595591783524 -0.002504232106730342
v 0.027351221069693572 -0.04395406693220139 -6.215557135647032e-08
v 0.026294877752661712 -0.04549089819192887 -2.5509288015257425e-09
v 0.026293007656931884 -0.04533595591783524 -0.002504232106730342
v 0.026294877752661712 -0.04549089819192887 -2.5509288015257425e-09
v 0.024983441457152374 -0.04684028029441834 -6.215557135647032e-08
v 0.028420945629477508 -0.04068760201334954 3.550769349658367e-07
v 0.028294747695326812 -0.04143422469496728 4.146815797412273e-07
v 0.02822831831872464 -0.04133766889572144 -0.0025683667045086622
v 0.02822831831872464 -0.04133766889572144 -0.0025683667045086622
v 0.028294747695326812 -0.04143422469496728 4.146815797412273e-07
v 0.028039192780852325 -0.042384803295135505 2.954722901904461e-07
v 0.02822831831872464 -0.04133766889572144 -0.0025683667045086622
v 0.028039192780852325 -0.042384803295135505 2.954722901904461e-07
v 0.027499122545123107 -0.04345852136611939 -0.0025372530799359083
v 0.027499122545123107 -0.04345852136611939 -0.0025372530799359083
v 0.028039192780852325 -0.042384803295135505 2.954722901904461e-07
v 0.027563383802771575 -0.043549045920372016 -6.215557135647032e-08
v 0.027499122545123107 -0.04345852136611939 -0.0025372530799359083
v 0.027563383802771575 -0.043549045920372016 -6.215557135647032e-08
v 0.027351221069693572 -0.04395406693220139 -6.215557135647032e-08
v 0.024026973173022277 -0.03131059184670449 -0.026346387341618538
v 0.024616396054625518 -0.032520771026611335 -0.023773672059178352
v 0.023304266855120662 -0.0318286418914795 -0.028941871598362923
v 0.023304266855120662 -0.0318286418914795 -0.028941871598362923
v 0.024616396054625518 -0.032520771026611335 -0.023773672059178352
v 0.02542992495000363 -0.036293398588895805 -0.019544722512364388
v 0.023304266855120662 -0.0318286418914795 -0.028941871598362923
v 0.02542992495000363 -0.036293398588895805 -0.019544722512364388
v 0.023029169067740444 -0.0339895822107792 -0.02840203233063221
v 0.023029169067740444 -0.0339895822107792 -0.02840203233063221
v 0.02542992495000363 -0.036293398588895805 -0.019544722512364388
v 0.024987457320094116 -0.03844163566827775 -0.019200922921299934
v 0.023029169067740444 -0.0339895822107792 -0.02840203233063221
v 0.024987457320094116 -0.03844163566827775 -0.019200922921299934
v 0.022540619596838955 -0.03611372038722039 -0.02788764424622059
v 0.022540619596838955 -0.03611372038722039 -0.02788764424622059
v 0.024987457320094116 -0.03844163566827775 -0.019200922921299934
v 0.024217857047915466 -0.04047253355383874 -0.018873276188969612
v 0.022540619596838955 -0.03611372038722039 -0.02788764424622059
v 0.024217857047915466 -0.04047253355383874 -0.018873276188969612
v 0.021845405921339992 -0.03817574307322503 -0.027406873181462288
v 0.021845405921339992 -0.03817574307322503 -0.027406873181462288
v 0.024217857047915466 -0.04047253355383874 -0.018873276188969612
v 0.023178433999419216 -0.0423574410378933 -0.01856219954788685
v 0.021845405921339992 -0.03817574307322503 -0.027406873181462288
v 0.023178433999419216 -0.0423574410378933 -0.01856219954788685
v 0.021448178216815 -0.04218227788805962 -0.02260899730026722
v 0.021448178216815 -0.04218227788805962 -0.02260899730026722
v 0.023178433999419216 -0.0423574410378933 -0.01856219954788685
v 0.02191114239394665 -0.04410151764750481 -0.01826620288193226
v 0.021448178216815 -0.04218227788805962 -0.02260899730026722
v 0.02191114239394665 -0.04410151764750481 -0.01826620288193226
v 0.020458502694964412 -0.045698095113039024 -0.017986895516514778
v 0.020941665396094326 -0.04016814380884171 -0.02695644088089466
v 0.021448178216815 -0.04218227788805962 -0.02260899730026722
v 0.020179314538836483 -0.04394450411200524 -0.022264065220952034
v 0.020179314538836483 -0.04394450411200524 -0.022264065220952034
v 0.021448178216815 -0.04218227788805962 -0.02260899730026722
v 0.020458502694964412 -0.045698095113039024 -0.017986895516514778
v 0.020179314538836483 -0.04394450411200524 -0.022264065220952034
v 0.020458502694964412 -0.045698095113039024 -0.017986895516514778
v 0.018723955377936367 -0.04556802287697793 -0.021943869069218636
v 0.018723955377936367 -0.04556802287697793 -0.021943869069218636
v 0.020458502694964412 -0.045698095113039024 -0.017986895516514778
v 0.01884720288217068 -0.04714352265000345 -0.017725767567753792
v 0.018723955377936367 -0.04556802287697793 -0.021943869069218636
v 0.01884720288217068 -0.04714352265000345 -0.017725767567753792
v 0.017081556841731075 -0.04703810438513757 -0.021649004891514778
v 0.017081556841731075 -0.04703810438513757 -0.021649004891514778
v 0.01884720288217068 -0.04714352265000345 -0.017725767567753792
v 0.017084388062357906 -0.048436362296342864 -0.017484428361058235
v 0.017081556841731075 -0.04703810438513757 -0.021649004891514778
v 0.017084388062357906 -0.048436362296342864 -0.017484428361058235
v 0.015257691964507106 -0.048327732831239714 -0.021384360268712044
v 0.015257691964507106 -0.048327732831239714 -0.021384360268712044
v 0.017084388062357906 -0.048436362296342864 -0.017484428361058235
v 0.015179222449660305 -0.04956309497356416 -0.017267705872654915
v 0.015257691964507106 -0.048327732831239714 -0.021384360268712044
v 0.015179222449660305 -0.04956309497356416 -0.017267705872654915
v 0.013270905241370205 -0.04940321296453477 -0.02115643210709095
v 0.013270905241370205 -0.04940321296453477 -0.02115643210709095
v 0.015179222449660305 -0.04956309497356416 -0.017267705872654915
v 0.013149393722414974 -0.05050311610102655 -0.01708078570663929
v 0.013270905241370205 -0.04940321296453477 -0.02115643210709095
v 0.013149393722414974 -0.05050311610102655 -0.01708078570663929
v 0.011153420433402063 -0.0502397194504738 -0.020970406010746956
v 0.011153420433402063 -0.0502397194504738 -0.020970406010746956
v 0.013149393722414974 -0.05050311610102655 -0.01708078570663929
v 0.0110213290899992 -0.051241144537925734 -0.01692766137421131
v 0.011153420433402063 -0.0502397194504738 -0.020970406010746956
v 0.0110213290899992 -0.051241144537925734 -0.01692766137421131
v 0.008939584717154505 -0.05083540827035905 -0.020827950909733772
v 0.008939584717154505 -0.05083540827035905 -0.020827950909733772
v 0.0110213290899992 -0.051241144537925734 -0.01692766137421131
v 0.008820129558444025 -0.051777888089418425 -0.016809584572911263
v 0.008939584717154505 -0.05083540827035905 -0.020827950909733772
v 0.008820129558444025 -0.051777888089418425 -0.016809584572911263
v 0.006667328998446466 -0.051209948956966414 -0.020727815106511116
v 0.006667328998446466 -0.051209948956966414 -0.020727815106511116
v 0.008820129558444025 -0.051777888089418425 -0.016809584572911263
v 0.006573727354407312 -0.052128959447145476 -0.016725482419133186
v 0.006667328998446466 -0.051209948956966414 -0.020727815106511116
v 0.006573727354407312 -0.052128959447145476 -0.016725482419133186
v 0.004376864060759545 -0.05140249058604242 -0.020665528252720833
v 0.004376864060759545 -0.05140249058604242 -0.020665528252720833
v 0.004424406215548516 -0.05022075772285463 -0.024617435410618782
v 0.006667328998446466 -0.051209948956966414 -0.020727815106511116
v 0.006667328998446466 -0.051209948956966414 -0.020727815106511116
v 0.004424406215548516 -0.05022075772285463 -0.024617435410618782
v 0.006732223555445673 -0.050022743642330184 -0.02468663640320301
v 0.006667328998446466 -0.051209948956966414 -0.020727815106511116
v 0.006732223555445673 -0.050022743642330184 -0.02468663640320301
v 0.008939584717154505 -0.05083540827035905 -0.020827950909733772
v 0.008939584717154505 -0.05083540827035905 -0.020827950909733772
v 0.006732223555445673 -0.050022743642330184 -0.02468663640320301
v 0.009013948962092401 -0.04962207749485971 -0.02480197139084339
v 0.008939584717154505 -0.05083540827035905 -0.020827950909733772
v 0.009013948962092401 -0.04962207749485971 -0.02480197139084339
v 0.011153420433402063 -0.0502397194504738 -0.020970406010746956
v 0.011153420433402063 -0.0502397194504738 -0.020970406010746956
v 0.009013948962092401 -0.04962207749485971 -0.02480197139084339
v 0.011223649606108667 -0.048972550779581084 -0.024969758465886116
v 0.011153420433402063 -0.0502397194504738 -0.020970406010746956
v 0.011223649606108667 -0.048972550779581084 -0.024969758465886116
v 0.013270905241370205 -0.04940321296453477 -0.02115643210709095
v 0.013270905241370205 -0.04940321296453477 -0.02115643210709095
v 0.011223649606108667 -0.048972550779581084 -0.024969758465886116
v 0.01331613771617413 -0.04805175960063936 -0.025192203000187874
v 0.013270905241370205 -0.04940321296453477 -0.02115643210709095
v 0.01331613771617413 -0.04805175960063936 -0.025192203000187874
v 0.015257691964507106 -0.048327732831239714 -0.021384360268712044
v 0.015257691964507106 -0.048327732831239714 -0.021384360268712044
v 0.01331613771617413 -0.04805175960063936 -0.025192203000187874
v 0.015250472351908687 -0.046863790601491935 -0.02546715922653675
v 0.015257691964507106 -0.048327732831239714 -0.021384360268712044
v 0.015250472351908687 -0.046863790601491935 -0.02546715922653675
v 0.017081556841731075 -0.04703810438513757 -0.021649004891514778
v 0.017081556841731075 -0.04703810438513757 -0.021649004891514778
v 0.015250472351908687 -0.046863790601491935 -0.02546715922653675
v 0.016990749165415767 -0.04544109851121903 -0.02578801102936268
v 0.017081556841731075 -0.04703810438513757 -0.021649004891514778
v 0.016990749165415767 -0.04544109851121903 -0.02578801102936268
v 0.018723955377936367 -0.04556802287697793 -0.021943869069218636
v 0.018723955377936367 -0.04556802287697793 -0.021943869069218636
v 0.016990749165415767 -0.04544109851121903 -0.02578801102936268
v 0.018518766388297084 -0.043827828019857414 -0.026146354153752327
v 0.018723955377936367 -0.04556802287697793 -0.021943869069218636
v 0.018518766388297084 -0.043827828019857414 -0.026146354153752327
v 0.020179314538836483 -0.04394450411200524 -0.022264065220952034
v 0.020179314538836483 -0.04394450411200524 -0.022264065220952034
v 0.018518766388297084 -0.043827828019857414 -0.026146354153752327
v 0.019833100959658626 -0.04206183552742005 -0.02653604932129383
v 0.020179314538836483 -0.04394450411200524 -0.022264065220952034
v 0.019833100959658626 -0.04206183552742005 -0.02653604932129383
v 0.020941665396094326 -0.04016814380884171 -0.02695644088089466
v 2.3151769710239027e-06 -0.050176806747913374 -0.02490103431046009
v 1.48816241107852e-06 -0.04883053898811342 -0.028503062203526497
v 0.004424406215548516 -0.05022075772285463 -0.024617435410618782
v 0.004424406215548516 -0.05022075772285463 -0.024617435410618782
v 1.48816241107852e-06 -0.04883053898811342 -0.028503062203526497
v 0.004438964650034905 -0.04875845089554788 -0.028542103245854378
v 0.004424406215548516 -0.05022075772285463 -0.024617435410618782
v 0.004438964650034905 -0.04875845089554788 -0.028542103245854378
v 0.006732223555445673 -0.050022743642330184 -0.02468663640320301
v 0.006732223555445673 -0.050022743642330184 -0.02468663640320301
v 0.004438964650034905 -0.04875845089554788 -0.028542103245854378
v 0.006740285083651544 -0.04854545369744302 -0.028616072610020638
v 0.006732223555445673 -0.050022743642330184 -0.02468663640320301
v 0.006740285083651544 -0.04854545369744302 -0.028616072610020638
v 0.009013948962092401 -0.04962207749485971 -0.02480197139084339
v 0.009013948962092401 -0.04962207749485971 -0.02480197139084339
v 0.006740285083651544 -0.04854545369744302 -0.028616072610020638
v 0.009005216881632807 -0.04811782017350198 -0.028746189549565315
v 0.009013948962092401 -0.04962207749485971 -0.02480197139084339
v 0.009005216881632807 -0.04811782017350198 -0.028746189549565315
v 0.011223649606108667 -0.048972550779581084 -0.024969758465886116
v 0.011223649606108667 -0.048972550779581084 -0.024969758465886116
v 0.009005216881632807 -0.04811782017350198 -0.028746189549565315
v 0.011185748502612116 -0.04742698743939401 -0.028941871598362923
v 0.011223649606108667 -0.048972550779581084 -0.024969758465886116
v 0.011185748502612116 -0.04742698743939401 -0.028941871598362923
v 0.01331613771617413 -0.04805175960063936 -0.025192203000187874
v 0.01331613771617413 -0.04805175960063936 -0.025192203000187874
v 0.011185748502612116 -0.04742698743939401 -0.028941871598362923
v 0.013233950361609462 -0.046449936926364906 -0.02920699305832386
v 0.01331613771617413 -0.04805175960063936 -0.025192203000187874
v 0.013233950361609462 -0.046449936926364906 -0.02920699305832386
v 0.015250472351908687 -0.046863790601491935 -0.02546715922653675
v 0.015250472351908687 -0.046863790601491935 -0.02546715922653675
v 0.013233950361609462 -0.046449936926364906 -0.02920699305832386
v 0.015106720849871639 -0.04519240930676461 -0.029539288952946663
v 0.015250472351908687 -0.046863790601491935 -0.02546715922653675
v 0.015106720849871639 -0.04519240930676461 -0.029539288952946663
v 0.016990749165415767 -0.04544109851121903 -0.02578801102936268
v 0.016990749165415767 -0.04544109851121903 -0.02578801102936268
v 0.015106720849871639 -0.04519240930676461 -0.029539288952946663
v 0.016767716035246853 -0.0436910092830658 -0.02992999739944935
v 0.016990749165415767 -0.04544109851121903 -0.02578801102936268
v 0.016767716035246853 -0.0436910092830658 -0.02992999739944935
v 0.018518766388297084 -0.043827828019857414 -0.026146354153752327
v 0.018518766388297084 -0.043827828019857414 -0.026146354153752327
v 0.016767716035246853 -0.0436910092830658 -0.02992999739944935
v 0.018200872465968135 -0.041995584964752204 -0.03036797232925892
v 0.018518766388297084 -0.043827828019857414 -0.026146354153752327
v 0.018200872465968135 -0.041995584964752204 -0.03036797232925892
v 0.019833100959658626 -0.04206183552742005 -0.02653604932129383
v 0.019833100959658626 -0.04206183552742005 -0.02653604932129383
v 0.018200872465968135 -0.041995584964752204 -0.03036797232925892
v 0.01940925978124142 -0.04015002772212029 -0.03084433265030384
v 0.019833100959658626 -0.04206183552742005 -0.02653604932129383
v 0.01940925978124142 -0.04015002772212029 -0.03084433265030384
v 0.020941665396094326 -0.04016814380884171 -0.02695644088089466
v 0.020941665396094326 -0.04016814380884171 -0.02695644088089466
v 0.01940925978124142 -0.04015002772212029 -0.03084433265030384
v 0.020406862720847133 -0.03818448632955552 -0.03135586157441139
v 0.020941665396094326 -0.04016814380884171 -0.02695644088089466
v 0.020406862720847133 -0.03818448632955552 -0.03135586157441139
v 0.021845405921339992 -0.03817574307322503 -0.027406873181462288
v 0.021845405921339992 -0.03817574307322503 -0.027406873181462288
v 0.020406862720847133 -0.03818448632955552 -0.03135586157441139
v 0.02120369486510754 -0.03613285347819329 -0.03189903870224953
v 0.021845405921339992 -0.03817574307322503 -0.027406873181462288
v 0.02120369486510754 -0.03613285347819329 -0.03189903870224953
v 0.022540619596838955 -0.03611372038722039 -0.02788764424622059
v 0.022540619596838955 -0.03611372038722039 -0.02788764424622059
v 0.02120369486510754 -0.03613285347819329 -0.03189903870224953
v 0.02180753462016583 -0.034028459340333946 -0.03247148171067238
v 0.022540619596838955 -0.03611372038722039 -0.02788764424622059
v 0.02180753462016583 -0.034028459340333946 -0.03247148171067238
v 0.023029169067740444 -0.0339895822107792 -0.02840203233063221
v 0.023029169067740444 -0.0339895822107792 -0.02840203233063221
v 0.02180753462016583 -0.034028459340333946 -0.03247148171067238
v 0.022231979295611385 -0.03188058733940125 -0.033075038343667984
v 0.023029169067740444 -0.0339895822107792 -0.02840203233063221
v 0.022231979295611385 -0.03188058733940125 -0.033075038343667984
v 0.023304266855120662 -0.0318286418914795 -0.028941871598362923
v 0.023304266855120662 -0.0318286418914795 -0.028941871598362923
v 0.022231979295611385 -0.03188058733940125 -0.033075038343667984
v 0.022483741864562038 -0.029711263254284866 -0.033700887113809586
v 0.023304266855120662 -0.0318286418914795 -0.028941871598362923
v 0.022483741864562038 -0.029711263254284866 -0.033700887113809586
v 0.02282544039189816 -0.028477648273110397 -0.0325360931456089
v 0.02282544039189816 -0.028477648273110397 -0.0325360931456089
v 0.022483741864562038 -0.029711263254284866 -0.033700887113809586
v 0.022570556029677395 -0.027738472446799285 -0.034279946237802505
v 0.008597923442721369 -0.05293057113885881 -0.008581223897635937
v 0.008693573996424677 -0.05246958509087564 -0.01273221056908369
v 0.012882029637694362 -0.05194354429841043 -0.008733990602195263
v 0.012882029637694362 -0.05194354429841043 -0.008733990602195263
v 0.008693573996424677 -0.05246958509087564 -0.01273221056908369
v 0.01087363623082638 -0.05198948457837106 -0.012825432233512402
v 0.008597923442721369 -0.05293057113885881 -0.008581223897635937
v 0.0042167138308286676 -0.05346365645527841 -0.008504274301230907
v 0.008693573996424677 -0.05246958509087564 -0.01273221056908369
v 0.008693573996424677 -0.05246958509087564 -0.01273221056908369
v 0.0042167138308286676 -0.05346365645527841 -0.008504274301230907
v 0.0042549651116132745 -0.05300400406122209 -0.012623193673789501
v 0.008693573996424677 -0.05246958509087564 -0.01273221056908369
v 0.0042549651116132745 -0.05300400406122209 -0.012623193673789501
v 0.004314368590712548 -0.052323594689369216 -0.016672195866703987
v 0.004314368590712548 -0.052323594689369216 -0.016672195866703987
v 0.0042549651116132745 -0.05300400406122209 -0.012623193673789501
v 4.408790118759499e-06 -0.05228194966912271 -0.01730835624039173
v 0.004314368590712548 -0.052323594689369216 -0.016672195866703987
v 4.408790118759499e-06 -0.05228194966912271 -0.01730835624039173
v 3.529621608322487e-06 -0.05147949978709222 -0.020626069977879524
v 0.027775136753916747 -0.03821325302124024 -0.009042921476066113
v 0.02817696891725064 -0.038874987512826926 -0.005953195039182901
v 0.02777110598981381 -0.04057137668132783 -0.007570328656584024
v 0.02777110598981381 -0.04057137668132783 -0.007570328656584024
v 0.02817696891725064 -0.038874987512826926 -0.005953195039182901
v 0.028048789128661163 -0.04104303568601609 -0.005090000573545694
v 0.02777110598981381 -0.04057137668132783 -0.007570328656584024
v 0.028048789128661163 -0.04104303568601609 -0.005090000573545694
v 0.027087649330496795 -0.04270236194133759 -0.007463517133146524
v 0.027087649330496795 -0.04270236194133759 -0.007463517133146524
v 0.028048789128661163 -0.04104303568601609 -0.005090000573545694
v 0.027336483821272857 -0.043169297277927406 -0.005023064557462931
v 0.027087649330496795 -0.04270236194133759 -0.007463517133146524
v 0.027336483821272857 -0.043169297277927406 -0.005023064557462931
v 0.025950005277991302 -0.044608302414417274 -0.007355811540037394
v 0.025950005277991302 -0.044608302414417274 -0.007355811540037394
v 0.027336483821272857 -0.043169297277927406 -0.005023064557462931
v 0.026155708357691772 -0.04505851119756699 -0.004954042378813028
v 0.025950005277991302 -0.044608302414417274 -0.007355811540037394
v 0.026155708357691772 -0.04505851119756699 -0.004954042378813028
v 0.024479700252413757 -0.04625313729047776 -0.007241072598844767
v 0.024479700252413757 -0.04625313729047776 -0.007241072598844767
v 0.026155708357691772 -0.04505851119756699 -0.004954042378813028
v 0.024635760113596923 -0.0466715693473816 -0.004877510014921427
v 0.024479700252413757 -0.04625313729047776 -0.007241072598844767
v 0.024635760113596923 -0.0466715693473816 -0.004877510014921427
v 0.022886393591761593 -0.04803625121712686 -0.0047950767911970615
v 0.0186943244189024 -0.050528075546026244 -1.217602232372883e-07
v 0.017100891098380092 -0.051128517836332335 -6.215557135647032e-08
v 0.021060807630419735 -0.04937618970870973 -0.0023794795852154493
v 0.021060807630419735 -0.04937618970870973 -0.0023794795852154493
v 0.017100891098380092 -0.051128517836332335 -6.215557135647032e-08
v 0.020999869331717495 -0.0491849258542061 -0.004711213055998087
v 0.021060807630419735 -0.04937618970870973 -0.0023794795852154493
v 0.020999869331717495 -0.0491849258542061 -0.004711213055998087
v 0.02296860329806805 -0.0482616499066353 -0.0024234678130596876
v 0.02296860329806805 -0.0482616499066353 -0.0024234678130596876
v 0.020999869331717495 -0.0491849258542061 -0.004711213055998087
v 0.022886393591761593 -0.04803625121712686 -0.0047950767911970615
v 0.02296860329806805 -0.0482616499066353 -0.0024234678130596876
v 0.022886393591761593 -0.04803625121712686 -0.0047950767911970615
v 0.024744143709540374 -0.04692701622843744 -0.002465965924784541
v 0.024744143709540374 -0.04692701622843744 -0.002465965924784541
v 0.022886393591761593 -0.04803625121712686 -0.0047950767911970615
v 0.024635760113596923 -0.0466715693473816 -0.004877510014921427
v 0.024744143709540374 -0.04692701622843744 -0.002465965924784541
v 0.024635760113596923 -0.0466715693473816 -0.004877510014921427
v 0.026293007656931884 -0.04533595591783524 -0.002504232106730342
v 0.026293007656931884 -0.04533595591783524 -0.002504232106730342
v 0.024635760113596923 -0.0466715693473816 -0.004877510014921427
v 0.026155708357691772 -0.04505851119756699 -0.004954042378813028
v 0.026293007656931884 -0.04533595591783524 -0.002504232106730342
v 0.026155708357691772 -0.04505851119756699 -0.004954042378813028
v 0.027499122545123107 -0.04345852136611939 -0.0025372530799359083
v 0.027499122545123107 -0.04345852136611939 -0.0025372530799359083
v 0.026155708357691772 -0.04505851119756699 -0.004954042378813028
v 0.027336483821272857 -0.043169297277927406 -0.005023064557462931
v 0.027499122545123107 -0.04345852136611939 -0.0025372530799359083
v 0.027336483821272857 -0.043169297277927406 -0.005023064557462931
v 0.02822831831872464 -0.04133766889572144 -0.0025683667045086622
v 0.02822831831872464 -0.04133766889572144 -0.0025683667045086622
v 0.027336483821272857 -0.043169297277927406 -0.005023064557462931
v 0.028048789128661163 -0.04104303568601609 -0.005090000573545694
v 0.02822831831872464 -0.04133766889572144 -0.0025683667045086622
v 0.028048789128661163 -0.04104303568601609 -0.005090000573545694
v 0.028418621048331268 -0.039265595376491554 -0.0029889370780438185
v 0.028418621048331268 -0.039265595376491554 -0.0029889370780438185
v 0.028048789128661163 -0.04104303568601609 -0.005090000573545694
v 0.02817696891725064 -0.038874987512826926 -0.005953195039182901
v 0.0209327694028616 -0.048861451447010054 -0.0070002698339521885
v 0.01700750552117825 -0.050981957465410246 -0.004552128259092569
v 0.016996948048472408 -0.05076278001070024 -0.006774070207029581
v 0.016996948048472408 -0.05076278001070024 -0.006774070207029581
v 0.01700750552117825 -0.050981957465410246 -0.004552128259092569
v 0.012838436290621761 -0.052281692624092116 -0.004424812737852335
v 0.016996948048472408 -0.05076278001070024 -0.006774070207029581
v 0.012838436290621761 -0.052281692624092116 -0.004424812737852335
v 0.012882029637694362 -0.05194354429841043 -0.008733990602195263
v 0.012882029637694362 -0.05194354429841043 -0.008733990602195263
v 0.012838436290621761 -0.052281692624092116 -0.004424812737852335
v 0.008571168407797815 -0.05318091437220575 -0.004341962281614542
v 0.012882029637694362 -0.05194354429841043 -0.008733990602195263
v 0.008571168407797815 -0.05318091437220575 -0.004341962281614542
v 0.008597923442721369 -0.05293057113885881 -0.008581223897635937
v 0.008597923442721369 -0.05293057113885881 -0.008581223897635937
v 0.008571168407797815 -0.05318091437220575 -0.004341962281614542
v 0.004217637702822686 -0.05372249335050584 -0.00430125230923295
v 0.008597923442721369 -0.05293057113885881 -0.008581223897635937
v 0.004217637702822686 -0.05372249335050584 -0.00430125230923295
v 0.0042167138308286676 -0.05346365645527841 -0.008504274301230907
v 0.0042167138308286676 -0.05346365645527841 -0.008504274301230907
v 0.004217637702822686 -0.05372249335050584 -0.00430125230923295
v 5.13149643666111e-06 -0.05353252217173578 -0.009393992833793163
v 0.0042167138308286676 -0.05346365645527841 -0.008504274301230907
v 5.13149643666111e-06 -0.05353252217173578 -0.009393992833793163
v 5.168749339645729e-06 -0.05313237011432649 -0.012595715932548046
v 0.027189573273062713 -0.037228111177682884 -0.01241785567253828
v 0.027775136753916747 -0.03821325302124024 -0.009042921476066113
v 0.027410110458731658 -0.039943713694810874 -0.010014834813773632
v 0.027410110458731658 -0.039943713694810874 -0.010014834813773632
v 0.027775136753916747 -0.03821325302124024 -0.009042921476066113
v 0.02777110598981381 -0.04057137668132783 -0.007570328656584024
v 0.027410110458731658 -0.039943713694810874 -0.010014834813773632
v 0.02777110598981381 -0.04057137668132783 -0.007570328656584024
v 0.02676509879529477 -0.042078848928213126 -0.009864750318229198
v 0.02676509879529477 -0.042078848928213126 -0.009864750318229198
v 0.02777110598981381 -0.04057137668132783 -0.007570328656584024
v 0.027087649330496795 -0.04270236194133759 -0.007463517133146524
v 0.02676509879529477 -0.042078848928213126 -0.009864750318229198
v 0.027087649330496795 -0.04270236194133759 -0.007463517133146524
v 0.025685099884867675 -0.04400552436709405 -0.009716215543448925
v 0.025685099884867675 -0.04400552436709405 -0.009716215543448925
v 0.027087649330496795 -0.04270236194133759 -0.007463517133146524
v 0.025950005277991302 -0.044608302414417274 -0.007355811540037394
v 0.025685099884867675 -0.04400552436709405 -0.009716215543448925
v 0.025950005277991302 -0.044608302414417274 -0.007355811540037394
v 0.02428149990737439 -0.04569004476070405 -0.009562972001731396
v 0.02428149990737439 -0.04569004476070405 -0.009562972001731396
v 0.025950005277991302 -0.044608302414417274 -0.007355811540037394
v 0.024479700252413757 -0.04625313729047776 -0.007241072598844767
v 0.02428149990737439 -0.04569004476070405 -0.009562972001731396
v 0.024479700252413757 -0.04625313729047776 -0.007241072598844767
v 0.022645493969321254 -0.047153867781162276 -0.00940645020455122
v 0.022645493969321254 -0.047153867781162276 -0.00940645020455122
v 0.024479700252413757 -0.04625313729047776 -0.007241072598844767
v 0.022886393591761593 -0.04803625121712686 -0.0047950767911970615
v 0.022645493969321254 -0.047153867781162276 -0.00940645020455122
v 0.022886393591761593 -0.04803625121712686 -0.0047950767911970615
v 0.0209327694028616 -0.048861451447010054 -0.0070002698339521885
v 0.0209327694028616 -0.048861451447010054 -0.0070002698339521885
v 0.022886393591761593 -0.04803625121712686 -0.0047950767911970615
v 0.020999869331717495 -0.0491849258542061 -0.004711213055998087
v 0.0209327694028616 -0.048861451447010054 -0.0070002698339521885
v 0.020999869331717495 -0.0491849258542061 -0.004711213055998087
v 0.01700750552117825 -0.050981957465410246 -0.004552128259092569
v 0.01700750552117825 -0.050981957465410246 -0.004552128259092569
v 0.020999869331717495 -0.0491849258542061 -0.004711213055998087
v 0.017100891098380092 -0.051128517836332335 -6.215557135647032e-08
v 0.01700750552117825 -0.050981957465410246 -0.004552128259092569
v 0.017100891098380092 -0.051128517836332335 -6.215557135647032e-08
v 0.015594070777297023 -0.051624599844217314 -1.217602232372883e-07
v 0.02085818909108639 -0.04841824993491174 -0.009251835756003857
v 0.020681267604231838 -0.047222658991813674 -0.013663294725120068
v 0.022645493969321254 -0.047153867781162276 -0.00940645020455122
v 0.022645493969321254 -0.047153867781162276 -0.00940645020455122
v 0.020681267604231838 -0.047222658991813674 -0.013663294725120068
v 0.02231533639132977 -0.04580049961805344 -0.013881090097129345
v 0.022645493969321254 -0.047153867781162276 -0.00940645020455122
v 0.02231533639132977 -0.04580049961805344 -0.013881090097129345
v 0.02428149990737439 -0.04569004476070405 -0.009562972001731396
v 0.02428149990737439 -0.04569004476070405 -0.009562972001731396
v 0.02231533639132977 -0.04580049961805344 -0.013881090097129345
v 0.023780917748808868 -0.04420315474271775 -0.014107468537986279
v 0.02428149990737439 -0.04569004476070405 -0.009562972001731396
v 0.023780917748808868 -0.04420315474271775 -0.014107468537986279
v 0.025685099884867675 -0.04400552436709405 -0.009716215543448925
v 0.025685099884867675 -0.04400552436709405 -0.009716215543448925
v 0.023780917748808868 -0.04420315474271775 -0.014107468537986279
v 0.025014584884047515 -0.042423021048307426 -0.014338615350425243
v 0.025685099884867675 -0.04400552436709405 -0.009716215543448925
v 0.025014584884047515 -0.042423021048307426 -0.014338615350425243
v 0.02676509879529477 -0.042078848928213126 -0.009864750318229198
v 0.02676509879529477 -0.042078848928213126 -0.009864750318229198
v 0.025014584884047515 -0.042423021048307426 -0.014338615350425243
v 0.025948790833354003 -0.04044661670923234 -0.014574292115867138
v 0.02676509879529477 -0.042078848928213126 -0.009864750318229198
v 0.025948790833354003 -0.04044661670923234 -0.014574292115867138
v 0.027410110458731658 -0.039943713694810874 -0.010014834813773632
v 0.027410110458731658 -0.039943713694810874 -0.010014834813773632
v 0.025948790833354003 -0.04044661670923234 -0.014574292115867138
v 0.02649757824838162 -0.03830444440245629 -0.014818373136222363
v 0.027410110458731658 -0.039943713694810874 -0.010014834813773632
v 0.02649757824838162 -0.03830444440245629 -0.014818373136222363
v 0.027189573273062713 -0.037228111177682884 -0.01241785567253828
v 0.027189573273062713 -0.037228111177682884 -0.01241785567253828
v 0.02649757824838162 -0.03830444440245629 -0.014818373136222363
v 0.02664963714778424 -0.0362948700785637 -0.015053036622703075
v 0.018919279798865322 -0.048481676727533354 -0.013457122258841991
v 0.018970934674143795 -0.04950983822345735 -0.009103181771934032
v 0.01704349182546139 -0.04959020391106607 -0.013265791349112988
v 0.01704349182546139 -0.04959020391106607 -0.013265791349112988
v 0.018970934674143795 -0.04950983822345735 -0.009103181771934032
v 0.01700311712920666 -0.050453957170248045 -0.008964541368186474
v 0.01704349182546139 -0.04959020391106607 -0.013265791349112988
v 0.01700311712920666 -0.050453957170248045 -0.008964541368186474
v 0.015065943822264675 -0.05054872855544092 -0.013094070367515087
v 0.015065943822264675 -0.05054872855544092 -0.013094070367515087
v 0.01700311712920666 -0.050453957170248045 -0.008964541368186474
v 0.014968721196055416 -0.051263496279716506 -0.00884032528847456
v 0.015065943822264675 -0.05054872855544092 -0.013094070367515087
v 0.014968721196055416 -0.051263496279716506 -0.00884032528847456
v 0.013002729043364528 -0.05135028809309007 -0.012946310453116894
v 0.01087363623082638 -0.05198948457837106 -0.012825432233512402
v 0.013002729043364528 -0.05135028809309007 -0.012946310453116894
v 0.012882029637694362 -0.05194354429841043 -0.008733990602195263
v 0.012882029637694362 -0.05194354429841043 -0.008733990602195263
v 0.013002729043364528 -0.05135028809309007 -0.012946310453116894
v 0.014968721196055416 -0.051263496279716506 -0.00884032528847456
v 0.012882029637694362 -0.05194354429841043 -0.008733990602195263
v 0.014968721196055416 -0.051263496279716506 -0.00884032528847456
v 0.016996948048472408 -0.05076278001070024 -0.006774070207029581
v 0.016996948048472408 -0.05076278001070024 -0.006774070207029581
v 0.014968721196055416 -0.051263496279716506 -0.00884032528847456
v 0.01700311712920666 -0.050453957170248045 -0.008964541368186474
v 0.016996948048472408 -0.05076278001070024 -0.006774070207029581
v 0.01700311712920666 -0.050453957170248045 -0.008964541368186474
v 0.0209327694028616 -0.048861451447010054 -0.0070002698339521885
v 0.0209327694028616 -0.048861451447010054 -0.0070002698339521885
v 0.01700311712920666 -0.050453957170248045 -0.008964541368186474
v 0.018970934674143795 -0.04950983822345735 -0.009103181771934032
v 0.0209327694028616 -0.048861451447010054 -0.0070002698339521885
v 0.018970934674143795 -0.04950983822345735 -0.009103181771934032
v 0.02085818909108639 -0.04841824993491174 -0.009251835756003857
v 0.02085818909108639 -0.04841824993491174 -0.009251835756003857
v 0.018970934674143795 -0.04950983822345735 -0.009103181771934032
v 0.018919279798865322 -0.048481676727533354 -0.013457122258841991
v 0.02085818909108639 -0.04841824993491174 -0.009251835756003857
v 0.018919279798865322 -0.048481676727533354 -0.013457122258841991
v 0.020681267604231838 -0.047222658991813674 -0.013663294725120068
v 0.025528227910399444 -0.03427380695939065 -0.01994037814438343
v 0.02609312348067761 -0.03530699759721757 -0.017537416890263557
v 0.02542992495000363 -0.036293398588895805 -0.019544722512364388
v 0.02542992495000363 -0.036293398588895805 -0.019544722512364388
v 0.02609312348067761 -0.03530699759721757 -0.017537416890263557
v 0.02649757824838162 -0.03830444440245629 -0.014818373136222363
v 0.02542992495000363 -0.036293398588895805 -0.019544722512364388
v 0.02649757824838162 -0.03830444440245629 -0.014818373136222363
v 0.024987457320094116 -0.03844163566827775 -0.019200922921299934
v 0.024987457320094116 -0.03844163566827775 -0.019200922921299934
v 0.02649757824838162 -0.03830444440245629 -0.014818373136222363
v 0.025948790833354003 -0.04044661670923234 -0.014574292115867138
v 0.024987457320094116 -0.03844163566827775 -0.019200922921299934
v 0.025948790833354003 -0.04044661670923234 -0.014574292115867138
v 0.024217857047915466 -0.04047253355383874 -0.018873276188969612
v 0.024217857047915466 -0.04047253355383874 -0.018873276188969612
v 0.025948790833354003 -0.04044661670923234 -0.014574292115867138
v 0.025014584884047515 -0.042423021048307426 -0.014338615350425243
v 0.024217857047915466 -0.04047253355383874 -0.018873276188969612
v 0.025014584884047515 -0.042423021048307426 -0.014338615350425243
v 0.023178433999419216 -0.0423574410378933 -0.01856219954788685
v 0.023178433999419216 -0.0423574410378933 -0.01856219954788685
v 0.025014584884047515 -0.042423021048307426 -0.014338615350425243
v 0.023780917748808868 -0.04420315474271775 -0.014107468537986279
v 0.023178433999419216 -0.0423574410378933 -0.01856219954788685
v 0.023780917748808868 -0.04420315474271775 -0.014107468537986279
v 0.02191114239394665 -0.04410151764750481 -0.01826620288193226
v 0.02191114239394665 -0.04410151764750481 -0.01826620288193226
v 0.023780917748808868 -0.04420315474271775 -0.014107468537986279
v 0.02231533639132977 -0.04580049961805344 -0.013881090097129345
v 0.02191114239394665 -0.04410151764750481 -0.01826620288193226
v 0.02231533639132977 -0.04580049961805344 -0.013881090097129345
v 0.020458502694964412 -0.045698095113039024 -0.017986895516514778
v 0.020458502694964412 -0.045698095113039024 -0.017986895516514778
v 0.02231533639132977 -0.04580049961805344 -0.013881090097129345
v 0.020681267604231838 -0.047222658991813674 -0.013663294725120068
v 0.020458502694964412 -0.045698095113039024 -0.017986895516514778
v 0.020681267604231838 -0.047222658991813674 -0.013663294725120068
v 0.01884720288217068 -0.04714352265000345 -0.017725767567753792
v 0.01884720288217068 -0.04714352265000345 -0.017725767567753792
v 0.020681267604231838 -0.047222658991813674 -0.013663294725120068
v 0.018919279798865322 -0.048481676727533354 -0.013457122258841991
v 0.01884720288217068 -0.04714352265000345 -0.017725767567753792
v 0.018919279798865322 -0.048481676727533354 -0.013457122258841991
v 0.017084388062357906 -0.048436362296342864 -0.017484428361058235
v 0.017084388062357906 -0.048436362296342864 -0.017484428361058235
v 0.018919279798865322 -0.048481676727533354 -0.013457122258841991
v 0.01704349182546139 -0.04959020391106607 -0.013265791349112988
v 0.017084388062357906 -0.048436362296342864 -0.017484428361058235
v 0.01704349182546139 -0.04959020391106607 -0.013265791349112988
v 0.015179222449660305 -0.04956309497356416 -0.017267705872654915
v 0.015179222449660305 -0.04956309497356416 -0.017267705872654915
v 0.01704349182546139 -0.04959020391106607 -0.013265791349112988
v 0.015065943822264675 -0.05054872855544092 -0.013094070367515087
v 0.015179222449660305 -0.04956309497356416 -0.017267705872654915
v 0.015065943822264675 -0.05054872855544092 -0.013094070367515087
v 0.013149393722414974 -0.05050311610102655 -0.01708078570663929
v 0.013149393722414974 -0.05050311610102655 -0.01708078570663929
v 0.015065943822264675 -0.05054872855544092 -0.013094070367515087
v 0.013002729043364528 -0.05135028809309007 -0.012946310453116894
v 0.013149393722414974 -0.05050311610102655 -0.01708078570663929
v 0.013002729043364528 -0.05135028809309007 -0.012946310453116894
v 0.0110213290899992 -0.051241144537925734 -0.01692766137421131
v 0.0110213290899992 -0.051241144537925734 -0.01692766137421131
v 0.013002729043364528 -0.05135028809309007 -0.012946310453116894
v 0.01087363623082638 -0.05198948457837106 -0.012825432233512402
v 0.0110213290899992 -0.051241144537925734 -0.01692766137421131
v 0.01087363623082638 -0.05198948457837106 -0.012825432233512402
v 0.008820129558444025 -0.051777888089418425 -0.016809584572911263
v 0.008820129558444025 -0.051777888089418425 -0.016809584572911263
v 0.01087363623082638 -0.05198948457837106 -0.012825432233512402
v 0.008693573996424677 -0.05246958509087564 -0.01273221056908369
v 0.008820129558444025 -0.051777888089418425 -0.016809584572911263
v 0.008693573996424677 -0.05246958509087564 -0.01273221056908369
v 0.006573727354407312 -0.052128959447145476 -0.016725482419133186
v 0.006573727354407312 -0.052128959447145476 -0.016725482419133186
v 0.008693573996424677 -0.05246958509087564 -0.01273221056908369
v 0.004314368590712548 -0.052323594689369216 -0.016672195866703987
v 0.006573727354407312 -0.052128959447145476 -0.016725482419133186
v 0.004314368590712548 -0.052323594689369216 -0.016672195866703987
v 0.004376864060759545 -0.05140249058604242 -0.020665528252720833
v 0.004376864060759545 -0.05140249058604242 -0.020665528252720833
v 0.004314368590712548 -0.052323594689369216 -0.016672195866703987
v 3.529621608322487e-06 -0.05147949978709222 -0.020626069977879524
v 0.004376864060759545 -0.05140249058604242 -0.020665528252720833
v 3.529621608322487e-06 -0.05147949978709222 -0.020626069977879524
v 2.3151769710239027e-06 -0.050176806747913374 -0.02490103431046009
v 0.029001122340559966 -1.1719970549606275e-09 -0.06999993324279785
v 0.029001122340559966 -1.1719970549606275e-09 -0.07300001382827759
v 0.02884014509618283 0.003051346866413952 -0.06999993324279785
v 0.02884014509618283 0.003051346866413952 -0.06999993324279785
v 0.029001122340559966 -1.1719970549606275e-09 -0.07300001382827759
v 0.028950823470950134 0.0017072546761482958 -0.07300001382827759
v 0.02884014509618283 0.003051346866413952 -0.06999993324279785
v 0.028950823470950134 0.0017072546761482958 -0.07300001382827759
v 0.02835881523787976 0.006069763097912075 -0.0700000524520874
v 0.02835881523787976 0.006069763097912075 -0.0700000524520874
v 0.028950823470950134 0.0017072546761482958 -0.07300001382827759
v 0.027912324294447906 0.007871775887906553 -0.07300001382827759
v 0.02835881523787976 0.006069763097912075 -0.0700000524520874
v 0.027912324294447906 0.007871775887906553 -0.07300001382827759
v 0.027912331745028503 0.007871775887906553 -0.0700000524520874
v 0.027912331745028503 0.007871775887906553 -0.0700000524520874
v 0.027912324294447906 0.007871775887906553 -0.07300001382827759
v 0.027562512084841735 0.00902052875608206 -0.0700000524520874
v 0.027562512084841735 0.00902052875608206 -0.0700000524520874
v 0.027912324294447906 0.007871775887906553 -0.07300001382827759
v 0.026460072025656707 0.011871098540723327 -0.06999987363815308
v 0.026460072025656707 0.011871098540723327 -0.06999987363815308
v 0.027912324294447906 0.007871775887906553 -0.07300001382827759
v 0.025576842948794372 0.013670503161847595 -0.07300001382827759
v 0.026460072025656707 0.011871098540723327 -0.06999987363815308
v 0.025576842948794372 0.013670503161847595 -0.07300001382827759
v 0.025576828047633178 0.013670503161847595 -0.06999987363815308
v 0.02145434729754925 0.019513061270117763 -0.06999999284744263
v 0.022052912041544918 0.01883400045335293 -0.0700000524520874
v 0.022052897140383724 0.018833993002772335 -0.07300001382827759
v 0.022052897140383724 0.018833993002772335 -0.07300001382827759
v 0.022052912041544918 0.01883400045335293 -0.0700000524520874
v 0.023388868197798732 0.01714684627950192 -0.06999999284744263
v 0.022052897140383724 0.018833993002772335 -0.07300001382827759
v 0.023388868197798732 0.01714684627950192 -0.06999999284744263
v 0.025576842948794372 0.013670503161847595 -0.07300001382827759
v 0.025576842948794372 0.013670503161847595 -0.07300001382827759
v 0.023388868197798732 0.01714684627950192 -0.06999999284744263
v 0.02506369166076184 0.014589971862733368 -0.06999987363815308
v 0.025576842948794372 0.013670503161847595 -0.07300001382827759
v 0.02506369166076184 0.014589971862733368 -0.06999987363815308
v 0.025576828047633178 0.013670503161847595 -0.06999987363815308
v 0.02145434729754925 0.019513061270117763 -0.06999999284744263
v 0.022052897140383724 0.018833993002772335 -0.07300001382827759
v 0.01928169094026089 0.02166237495839596 -0.0699998140335083
v 0.01928169094026089 0.02166237495839596 -0.0699998140335083
v 0.022052897140383724 0.018833993002772335 -0.07300001382827759
v 0.017504243180155758 0.02312230132520199 -0.07300001382827759
v 0.01928169094026089 0.02166237495839596 -0.0699998140335083
v 0.017504243180155758 0.02312230132520199 -0.07300001382827759
v 0.017504250630736354 0.02312230132520199 -0.06999987363815308
v 0.012142254039645198 0.02633615396916867 -0.07300001382827759
v 0.012142254039645198 0.026336139068007476 -0.06999987363815308
v 0.014319723471999172 0.025218619033694274 -0.06999999284744263
v 0.012142254039645198 0.02633615396916867 -0.07300001382827759
v 0.014319723471999172 0.025218619033694274 -0.06999999284744263
v 0.017504243180155758 0.02312230132520199 -0.07300001382827759
v 0.017504243180155758 0.02312230132520199 -0.07300001382827759
v 0.014319723471999172 0.025218619033694274 -0.06999999284744263
v 0.01689448766410351 0.023571489378809936 -0.06999993324279785
v 0.017504243180155758 0.02312230132520199 -0.07300001382827759
v 0.01689448766410351 0.023571489378809936 -0.06999993324279785
v 0.017504250630736354 0.02312230132520199 -0.06999987363815308
v 0.0057643186300992974 0.02842159382998944 -0.06999987363815308
v 0.0062160920351743715 0.028326226398348815 -0.0699998140335083
v 0.0062160920351743715 0.02832621149718762 -0.07300001382827759
v 0.0062160920351743715 0.02832621149718762 -0.07300001382827759
v 0.0062160920351743715 0.028326226398348815 -0.0699998140335083
v 0.008723897859454157 0.027657045051455505 -0.06999975442886353
v 0.0062160920351743715 0.02832621149718762 -0.07300001382827759
v 0.008723897859454157 0.027657045051455505 -0.06999975442886353
v 0.012142254039645198 0.02633615396916867 -0.07300001382827759
v 0.012142254039645198 0.02633615396916867 -0.07300001382827759
v 0.008723897859454157 0.027657045051455505 -0.06999975442886353
v 0.011586254462599756 0.02658540569245816 -0.0699998140335083
v 0.012142254039645198 0.02633615396916867 -0.07300001382827759
v 0.011586254462599756 0.02658540569245816 -0.0699998140335083
v 0.012142254039645198 0.026336139068007476 -0.06999987363815308
v 0.0057643186300992974 0.02842159382998944 -0.06999987363815308
v 0.0062160920351743715 0.02832621149718762 -0.07300001382827759
v 0.002741029486060143 0.02887027524411679 -0.06999993324279785
v 0.002741029486060143 0.02887027524411679 -0.06999993324279785
v 0.0062160920351743715 0.02832621149718762 -0.07300001382827759
v 1.1230836207687391e-06 0.02899999730288983 -0.07300001382827759
v 0.002741029486060143 0.02887027524411679 -0.06999993324279785
v 1.1230836207687391e-06 0.02899999730288983 -0.07300001382827759
v 1.1230836207687391e-06 0.028999967500567443 -0.06999999284744263
v -0.0062138419598341006 0.02832621149718762 -0.07300001382827759
v -0.006213845685124399 0.028326226398348815 -0.0699998140335083
v -0.005929877981543543 0.0283870529383421 -0.06999987363815308
v -0.0062138419598341006 0.02832621149718762 -0.07300001382827759
v -0.005929877981543543 0.0283870529383421 -0.06999987363815308
v 1.1230836207687391e-06 0.02899999730288983 -0.07300001382827759
v 1.1230836207687391e-06 0.02899999730288983 -0.07300001382827759
v -0.005929877981543543 0.0283870529383421 -0.06999987363815308
v -0.002908384427428246 0.02885368280112744 -0.06999993324279785
v 1.1230836207687391e-06 0.02899999730288983 -0.07300001382827759
v -0.002908384427428246 0.02885368280112744 -0.06999993324279785
v 1.1230836207687391e-06 0.028999967500567443 -0.06999999284744263
v -0.014465989544987682 0.025133719667792327 -0.06999999284744263
v -0.012140003964304927 0.026336139068007476 -0.06999987363815308
v -0.012140007689595226 0.02633615396916867 -0.07300001382827759
v -0.012140007689595226 0.02633615396916867 -0.07300001382827759
v -0.012140003964304927 0.026336139068007476 -0.06999987363815308
v -0.011740094050765041 0.026516845449805267 -0.06999987363815308
v -0.012140007689595226 0.02633615396916867 -0.07300001382827759
v -0.011740094050765041 0.026516845449805267 -0.06999987363815308
v -0.0062138419598341006 0.02832621149718762 -0.07300001382827759
v -0.0062138419598341006 0.02832621149718762 -0.07300001382827759
v -0.011740094050765041 0.026516845449805267 -0.06999987363815308
v -0.00888401083648205 0.027605308219790466 -0.06999975442886353
v -0.0062138419598341006 0.02832621149718762 -0.07300001382827759
v -0.00888401083648205 0.027605308219790466 -0.06999975442886353
v -0.006213845685124399 0.028326226398348815 -0.0699998140335083
v -0.014465989544987682 0.025133719667792327 -0.06999999284744263
v -0.012140007689595226 0.02633615396916867 -0.07300001382827759
v -0.017030833289027218 0.023471532389521606 -0.06999987363815308
v -0.017030833289027218 0.023471532389521606 -0.06999987363815308
v -0.012140007689595226 0.02633615396916867 -0.07300001382827759
v -0.017501996830105785 0.02312230132520199 -0.07300001382827759
v -0.017030833289027218 0.023471532389521606 -0.06999987363815308
v -0.017501996830105785 0.02312230132520199 -0.07300001382827759
v -0.017502000555396083 0.02312230132520199 -0.06999987363815308
v -0.023487331345677383 0.017008630558848385 -0.06999999284744263
v -0.022050661966204647 0.01883400045335293 -0.0700000524520874
v -0.02205065079033375 0.018833993002772335 -0.07300001382827759
v -0.02205065079033375 0.018833993002772335 -0.07300001382827759
v -0.022050661966204647 0.01883400045335293 -0.0700000524520874
v -0.021566601470112804 0.019386431202292446 -0.06999999284744263
v -0.02205065079033375 0.018833993002772335 -0.07300001382827759
v -0.021566601470112804 0.019386431202292446 -0.06999999284744263
v -0.017501996830105785 0.02312230132520199 -0.07300001382827759
v -0.017501996830105785 0.02312230132520199 -0.07300001382827759
v -0.021566601470112804 0.019386431202292446 -0.06999999284744263
v -0.019406335428357128 0.02154876105487347 -0.0699998140335083
v -0.017501996830105785 0.02312230132520199 -0.07300001382827759
v -0.019406335428357128 0.02154876105487347 -0.0699998140335083
v -0.017502000555396083 0.02312230132520199 -0.06999987363815308
v -0.023487331345677383 0.017008630558848385 -0.06999999284744263
v -0.02205065079033375 0.018833993002772335 -0.07300001382827759
v -0.025146847590804107 0.01444227155297995 -0.06999987363815308
v -0.025146847590804107 0.01444227155297995 -0.06999987363815308
v -0.02205065079033375 0.018833993002772335 -0.07300001382827759
v -0.0255745928734541 0.013670503161847595 -0.07300001382827759
v -0.025146847590804107 0.01444227155297995 -0.06999987363815308
v -0.0255745928734541 0.013670503161847595 -0.07300001382827759
v -0.025574581697583205 0.013670503161847595 -0.06999987363815308
v -0.027910077944397933 0.007871775887906553 -0.07300001382827759
v -0.027612896636128433 0.008858098648488523 -0.0700000524520874
v -0.0255745928734541 0.013670503161847595 -0.07300001382827759
v -0.0255745928734541 0.013670503161847595 -0.07300001382827759
v -0.027612896636128433 0.008858098648488523 -0.0700000524520874
v -0.0265271756798029 0.011715314351022245 -0.06999987363815308
v -0.0255745928734541 0.013670503161847595 -0.07300001382827759
v -0.0265271756798029 0.011715314351022245 -0.06999987363815308
v -0.025574581697583205 0.013670503161847595 -0.06999987363815308
v -0.02885535918176175 0.002881563035771251 -0.06999993324279785
v -0.028391843661665923 0.00590255716815591 -0.0700000524520874
v -0.027910077944397933 0.007871775887906553 -0.07300001382827759
v -0.027910077944397933 0.007871775887906553 -0.07300001382827759
v -0.028391843661665923 0.00590255716815591 -0.0700000524520874
v -0.02791008539497853 0.007871775887906553 -0.0700000524520874
v -0.027910077944397933 0.007871775887906553 -0.07300001382827759
v -0.02791008539497853 0.007871775887906553 -0.0700000524520874
v -0.027612896636128433 0.008858098648488523 -0.0700000524520874
v -0.027910077944397933 0.007871775887906553 -0.07300001382827759
v -0.02894857712090016 0.0017072546761482958 -0.07300001382827759
v -0.02885535918176175 0.002881563035771251 -0.06999993324279785
v -0.02885535918176175 0.002881563035771251 -0.06999993324279785
v -0.02894857712090016 0.0017072546761482958 -0.07300001382827759
v -0.028998875990509994 -1.1722958159765542e-09 -0.07300001382827759
v -0.02885535918176175 0.002881563035771251 -0.06999993324279785
v -0.028998875990509994 -1.1722958159765542e-09 -0.07300001382827759
v -0.028998872265219695 -1.1722958159765542e-09 -0.06999993324279785
v -0.028198877349495895 0.00943600293248892 0.0009999845642596483
v -0.028198877349495895 0.00943600293248892 -2.5509288015257425e-09
v -0.027491843327879913 0.00943600293248892 0.006275115069001913
v -0.027491843327879913 0.00943600293248892 -0.006275119725614786
v -0.028198877349495895 0.00943600293248892 -0.0009999896865338087
v -0.025406198576092727 0.00943600293248892 0.012235519476234913
v -0.0275810081511736 0.00943600293248892 0.007174668367952108
v -0.02848132513463498 0.00943600293248892 0.0009999845642596483
v -0.02848132513463498 0.00943600293248892 -0.0009999896865338087
v -0.0275810081511736 0.00943600293248892 -0.0071746730245649815
v -0.025406198576092727 0.00943600293248892 -0.01223552506417036
v -0.02535847388207913 0.00943600293248892 -0.013005438260734081
v -0.022046523168683056 0.00943600293248892 -0.017582418397068977
v -0.021920261904597286 0.00943600293248892 -0.018212737515568733
v -0.017581289634108547 0.00943600293248892 -0.02204764075577259
v -0.017431197687983516 0.00943600293248892 -0.022546948865056038
v -0.012234399095177654 0.00943600293248892 -0.02540731616318226
v -0.012106472626328472 0.00943600293248892 -0.02580028958618641
v -0.006273968145251276 0.00943600293248892 -0.027492942288517952
v -0.006201339885592462 0.00943600293248892 -0.0278168935328722
v 1.1230837344555768e-06 0.00943600293248892 -0.028199972584843636
v 1.1230837344555768e-06 0.00943600293248892 -0.028500022366642952
v 0.00627621077001095 0.00943600293248892 -0.027492942288517952
v 0.005926607176661493 0.00943600293248892 -0.027877213433384895
v 0.012236645445227626 0.00943600293248892 -0.02540731616318226
v 0.011593116447329523 0.00943600293248892 -0.02603602595627308
v 0.016753001138567928 0.00943600293248892 -0.023056985810399055
v 0.017583539709448818 0.00943600293248892 -0.02204764075577259
v 0.02118075452744961 0.00943600293248892 -0.019070209935307503
v 0.022048769518733028 0.00943600293248892 -0.017582418397068977
v 0.02468284778296948 0.00943600293248892 -0.014249983243644238
v 0.0254084449261427 0.00943600293248892 -0.01223552506417036
v 0.027106231078505523 0.00943600293248892 -0.008807006292045116
v 0.027494093403220184 0.00943600293248892 -0.006275119725614786
v 0.028344994410872466 0.00943600293248892 -0.0029790427070111036
v 0.028201123699545867 0.00943600293248892 -2.5509288015257425e-09
v 0.028344994410872466 0.00943600293248892 0.0029790375847369432
v 0.027494093403220184 0.00943600293248892 0.006275115069001913
v 0.027106231078505523 0.00943600293248892 0.008807000704109669
v 0.0254084449261427 0.00943600293248892 0.012235519476234913
v 0.02468284778296948 0.00943600293248892 0.01424997765570879
v 0.022048769518733028 0.00943600293248892 0.01758241467177868
v 0.02118075452744961 0.00943600293248892 0.019070206210017204
v 0.017583539709448818 0.00943600293248892 0.022047637030482292
v 0.016753001138567928 0.00943600293248892 0.023056982085108757
v 0.012236645445227626 0.00943600293248892 0.02540731243789196
v 0.011593116447329523 0.00943600293248892 0.02603602223098278
v 0.00627621077001095 0.00943600293248892 0.027492938563227654
v 0.005926607176661493 0.00943600293248892 0.027877209708094597
v 1.1230837344555768e-06 0.00943600293248892 0.028200028464198112
v 1.1230837344555768e-06 0.00943600293248892 0.028500018641352654
v -0.006273968145251276 0.00943600293248892 0.027492938563227654
v -0.006201339885592462 0.00943600293248892 0.0278168898075819
v -0.012234399095177654 0.00943600293248892 0.02540731243789196
v -0.012106472626328472 0.00943600293248892 0.02580028586089611
v -0.017581289634108547 0.00943600293248892 0.022047637030482292
v -0.017431197687983516 0.00943600293248892 0.02254694513976574
v -0.022046523168683056 0.00943600293248892 0.01758241467177868
v -0.021920261904597286 0.00943600293248892 0.018212733790278435
v -0.02535847388207913 0.00943600293248892 0.013005432672798634
v 0.02870112471282483 -1.171998609272862e-09 -0.07300001382827759
v 0.028950823470950134 -0.001707253279164434 -0.07300001382827759
v 0.02807395718991757 -0.005967067088931801 -0.07300001382827759
v 0.027912324294447906 -0.007871774025261404 -0.07300001382827759
v 0.026219880208373077 -0.011673339642584326 -0.07300001382827759
v 0.025576842948794372 -0.013670505024492744 -0.07300001382827759
v 0.02321991138160229 -0.016869438812136654 -0.07300001382827759
v 0.022052897140383724 -0.018833993002772335 -0.07300001382827759
v 0.019205173477530483 -0.02132825739681721 -0.07300001382827759
v 0.017504243180155758 -0.02312230132520199 -0.07300001382827759
v 0.014351120218634609 -0.024854930117726333 -0.07300001382827759
v 0.012142254039645198 -0.02633615396916867 -0.07300001382827759
v 0.00886991433799267 -0.02729532308876515 -0.07300001382827759
v 0.0062160920351743715 -0.02832621149718762 -0.07300001382827759
v 0.0030010920017957696 -0.028542779386043556 -0.07300001382827759
v 1.1230838481424146e-06 -0.02900000102818013 -0.07300001382827759
v -0.0029988419264554986 -0.028542779386043556 -0.07300001382827759
v -0.0062138419598341006 -0.02832621149718762 -0.07300001382827759
v -0.008867664262652399 -0.02729532308876515 -0.07300001382827759
v -0.012140007689595226 -0.02633615396916867 -0.07300001382827759
v -0.014348877593874935 -0.024854930117726333 -0.07300001382827759
v -0.017501996830105785 -0.02312230132520199 -0.07300001382827759
v -0.019202923402190212 -0.02132825739681721 -0.07300001382827759
v -0.02205065079033375 -0.018833993002772335 -0.07300001382827759
v -0.023217665031552318 -0.016869438812136654 -0.07300001382827759
v -0.0255745928734541 -0.013670505024492744 -0.07300001382827759
v -0.026217630133032806 -0.011673339642584326 -0.07300001382827759
v -0.027910077944397933 -0.007871774025261404 -0.07300001382827759
v -0.0280717108398676 -0.005967067088931801 -0.07300001382827759
v -0.02894857712090016 -0.001707253279164434 -0.07300001382827759
v -0.028698874637484557 -1.1722942616643197e-09 -0.07300001382827759
v -0.028998875990509994 -1.1722958159765542e-09 -0.07300001382827759
v -0.02894857712090016 0.0017072546761482958 -0.07300001382827759
v -0.0280717108398676 0.005967064294964077 -0.07300001382827759
v -0.027910077944397933 0.007871775887906553 -0.07300001382827759
v -0.026217630133032806 0.011673345230519773 -0.07300001382827759
v -0.0255745928734541 0.013670503161847595 -0.07300001382827759
v -0.023217665031552318 0.016869438812136654 -0.07300001382827759
v -0.02205065079033375 0.018833993002772335 -0.07300001382827759
v -0.019202923402190212 0.021328253671526912 -0.07300001382827759
v -0.017501996830105785 0.02312230132520199 -0.07300001382827759
v -0.014348877593874935 0.024854926392436034 -0.07300001382827759
v -0.012140007689595226 0.02633615396916867 -0.07300001382827759
v -0.008867664262652399 0.027295319363474853 -0.07300001382827759
v -0.0062138419598341006 0.02832621149718762 -0.07300001382827759
v -0.0029988419264554986 0.028542777523398406 -0.07300001382827759
v 1.1230836207687391e-06 0.02899999730288983 -0.07300001382827759
v 0.0030010920017957696 0.028542777523398406 -0.07300001382827759
v 0.0062160920351743715 0.02832621149718762 -0.07300001382827759
v 0.00886991433799267 0.027295319363474853 -0.07300001382827759
v 0.012142254039645198 0.02633615396916867 -0.07300001382827759
v 0.014351120218634609 0.024854926392436034 -0.07300001382827759
v 0.017504243180155758 0.02312230132520199 -0.07300001382827759
v 0.019205173477530483 0.021328253671526912 -0.07300001382827759
v 0.022052897140383724 0.018833993002772335 -0.07300001382827759
v 0.02321991138160229 0.016869438812136654 -0.07300001382827759
v 0.025576842948794372 0.013670503161847595 -0.07300001382827759
v 0.026219880208373077 0.011673345230519773 -0.07300001382827759
v 0.027912324294447906 0.007871775887906553 -0.07300001382827759
v 0.02807395718991757 0.005967064294964077 -0.07300001382827759
v 0.028950823470950134 0.0017072546761482958 -0.07300001382827759
v 0.029001122340559966 -1.1719970549606275e-09 -0.07300001382827759
v -0.02848132513463498 0.012136003933846954 0.0009999845642596483
v -0.02848132513463498 0.00943600293248892 0.0009999845642596483
v -0.0275810081511736 0.00943600293248892 0.007174668367952108
v -0.0275810081511736 0.012136003933846954 0.007174668367952108
v -0.0275810081511736 0.012136003933846954 0.007174668367952108
v -0.0275810081511736 0.00943600293248892 0.007174668367952108
v -0.02535847388207913 0.00943600293248892 0.013005432672798634
v -0.02535847388207913 0.012136003933846954 0.013005432672798634
v -0.02535847388207913 0.012136003933846954 0.013005432672798634
v -0.02535847388207913 0.00943600293248892 0.013005432672798634
v -0.021920261904597286 0.00943600293248892 0.018212733790278435
v -0.021920261904597286 0.012136003933846954 0.018212733790278435
v -0.021920261904597286 0.012136003933846954 0.018212733790278435
v -0.021920261904597286 0.00943600293248892 0.018212733790278435
v -0.017431197687983516 0.00943600293248892 0.02254694513976574
v -0.017431197687983516 0.012136003933846954 0.02254694513976574
v -0.017431197687983516 0.012136003933846954 0.02254694513976574
v -0.017431197687983516 0.00943600293248892 0.02254694513976574
v -0.012106472626328472 0.00943600293248892 0.02580028586089611
v -0.012106472626328472 0.012136003933846954 0.02580028586089611
v -0.012106472626328472 0.012136003933846954 0.02580028586089611
v -0.012106472626328472 0.00943600293248892 0.02580028586089611
v -0.006201339885592462 0.00943600293248892 0.0278168898075819
v -0.006201339885592462 0.012136003933846954 0.0278168898075819
v -0.006201339885592462 0.012136003933846954 0.0278168898075819
v -0.006201339885592462 0.00943600293248892 0.0278168898075819
v 1.1230837344555768e-06 0.00943600293248892 0.028500018641352654
v 1.1230837344555768e-06 0.012136003933846954 0.028500018641352654
v -0.028698874637484557 -1.1722942616643197e-09 -0.07960116863250732
v -0.028698874637484557 -1.1722942616643197e-09 -0.07300001382827759
v -0.0280717108398676 0.005967064294964077 -0.07300001382827759
v -0.0280717108398676 0.005967064294964077 -0.07960116863250732
v -0.0280717108398676 0.005967064294964077 -0.07960116863250732
v -0.0280717108398676 0.005967064294964077 -0.07300001382827759
v -0.026217630133032806 0.011673345230519773 -0.07300001382827759
v -0.026217630133032806 0.011673345230519773 -0.07960116863250732
v -0.026217630133032806 0.011673345230519773 -0.07960116863250732
v -0.026217630133032806 0.011673345230519773 -0.07300001382827759
v -0.023217665031552318 0.016869438812136654 -0.07300001382827759
v -0.023217665031552318 0.016869438812136654 -0.07960116863250732
v -0.023217665031552318 0.016869438812136654 -0.07960116863250732
v -0.023217665031552318 0.016869438812136654 -0.07300001382827759
v -0.019202923402190212 0.021328253671526912 -0.07300001382827759
v -0.019202923402190212 0.021328253671526912 -0.07960116863250732
v -0.019202923402190212 0.021328253671526912 -0.07960116863250732
v -0.019202923402190212 0.021328253671526912 -0.07300001382827759
v -0.014348877593874935 0.024854926392436034 -0.07300001382827759
v -0.014348877593874935 0.024854926392436034 -0.07960116863250732
v -0.014348877593874935 0.024854926392436034 -0.07960116863250732
v -0.014348877593874935 0.024854926392436034 -0.07300001382827759
v -0.008867664262652399 0.027295319363474853 -0.07300001382827759
v -0.008867664262652399 0.027295319363474853 -0.07960116863250732
v -0.008867664262652399 0.027295319363474853 -0.07960116863250732
v -0.008867664262652399 0.027295319363474853 -0.07300001382827759
v -0.0029988419264554986 0.028542777523398406 -0.07300001382827759
v -0.0029988419264554986 0.028542777523398406 -0.07960116863250732
v -0.0029988419264554986 0.028542777523398406 -0.07960116863250732
v -0.0029988419264554986 0.028542777523398406 -0.07300001382827759
v 0.0030010920017957696 0.028542777523398406 -0.07300001382827759
v 0.0030010920017957696 0.028542777523398406 -0.07960116863250732
v 0.0030010920017957696 0.028542777523398406 -0.07960116863250732
v 0.0030010920017957696 0.028542777523398406 -0.07300001382827759
v 0.00886991433799267 0.027295319363474853 -0.07300001382827759
v 0.00886991433799267 0.027295319363474853 -0.07960116863250732
v 0.00886991433799267 0.027295319363474853 -0.07960116863250732
v 0.00886991433799267 0.027295319363474853 -0.07300001382827759
v 0.014351120218634609 0.024854926392436034 -0.07300001382827759
v 0.014351120218634609 0.024854926392436034 -0.07960116863250732
v 0.014351120218634609 0.024854926392436034 -0.07960116863250732
v 0.014351120218634609 0.024854926392436034 -0.07300001382827759
v 0.019205173477530483 0.021328253671526912 -0.07300001382827759
v 0.019205173477530483 0.021328253671526912 -0.07960116863250732
v 0.019205173477530483 0.021328253671526912 -0.07960116863250732
v 0.019205173477530483 0.021328253671526912 -0.07300001382827759
v 0.02321991138160229 0.016869438812136654 -0.07300001382827759
v 0.02321991138160229 0.016869438812136654 -0.07960116863250732
v 0.02321991138160229 0.016869438812136654 -0.07960116863250732
v 0.02321991138160229 0.016869438812136654 -0.07300001382827759
v 0.026219880208373077 0.011673345230519773 -0.07300001382827759
v 0.026219880208373077 0.011673345230519773 -0.07960116863250732
v 0.026219880208373077 0.011673345230519773 -0.07960116863250732
v 0.026219880208373077 0.011673345230519773 -0.07300001382827759
v 0.02807395718991757 0.005967064294964077 -0.07300001382827759
v 0.02807395718991757 0.005967064294964077 -0.07960116863250732
v 0.02807395718991757 0.005967064294964077 -0.07960116863250732
v 0.02807395718991757 0.005967064294964077 -0.07300001382827759
v 0.02870112471282483 -1.171998609272862e-09 -0.07300001382827759
v 0.02870112471282483 -1.171998609272862e-09 -0.07960116863250732
v -0.028198877349495895 0.012136003933846954 -0.0009999896865338087
v -0.017431197687983516 0.012136003933846954 -0.022546948865056038
v -0.021920261904597286 0.012136003933846954 -0.018212737515568733
v -0.02535847388207913 0.012136003933846954 -0.013005438260734081
v -0.0275810081511736 0.012136003933846954 -0.0071746730245649815
v -0.02848132513463498 0.012136003933846954 -0.0009999896865338087
v -0.02233482711017132 0.012136003933846954 0.0027120683807879686
v -0.02233482711017132 0.012136003933846954 -0.002712073503062129
v -0.02103674225509167 0.012136003933846954 -0.007978620938956738
v -0.0275810081511736 0.012136003933846954 0.007174668367952108
v -0.02535847388207913 0.012136003933846954 0.013005432672798634
v -0.01851601339876652 0.012136003933846954 0.012781438417732716
v -0.021920261904597286 0.012136003933846954 0.018212733790278435
v -0.014919137582182888 0.012136003933846954 0.016841469332575798
v -0.017431197687983516 0.012136003933846954 0.02254694513976574
v -0.010455148294568064 0.012136003933846954 0.019922791048884392
v -0.012106472626328472 0.012136003933846954 0.02580028586089611
v -0.0053834784775972375 0.012136003933846954 0.021846173331141472
v -0.006201339885592462 0.012136003933846954 0.0278168898075819
v 1.1230837344555768e-06 0.012136003933846954 0.02249997667968273
v 1.1230837344555768e-06 0.012136003933846954 0.028500018641352654
v 0.00538572482764721 0.012136003933846954 0.021846173331141472
v 0.005926607176661493 0.012136003933846954 0.027877209708094597
v 0.010457394644618036 0.012136003933846954 0.019922791048884392
v 0.011593116447329523 0.012136003933846954 0.02603602223098278
v 0.014921380206942562 0.012136003933846954 0.016841469332575798
v -0.01851601339876652 0.012136003933846954 -0.012781444005668163
v -0.014919137582182888 0.012136003933846954 -0.016841473057866096
v -0.012106472626328472 0.012136003933846954 -0.02580028958618641
v -0.010455148294568064 0.012136003933846954 -0.019922735169529915
v -0.006201339885592462 0.012136003933846954 -0.0278168935328722
v -0.0053834784775972375 0.012136003933846954 -0.02184617705643177
v 1.1230837344555768e-06 0.012136003933846954 -0.028500022366642952
v 1.1230837344555768e-06 0.012136003933846954 -0.02249998040497303
v 0.005926607176661493 0.012136003933846954 -0.027877213433384895
v 0.00538572482764721 0.012136003933846954 -0.02184617705643177
v 0.011593116447329523 0.012136003933846954 -0.02603602595627308
v 0.010457394644618036 0.012136003933846954 -0.019922735169529915
v 0.016753001138567928 0.012136003933846954 -0.023056985810399055
v 0.014921380206942562 0.012136003933846954 -0.016841473057866096
v 0.02118075452744961 0.012136003933846954 -0.019070209935307503
v 0.018518259748816494 0.012136003933846954 -0.012781444005668163
v -0.02848132513463498 0.012136003933846954 0.0009999845642596483
v -0.028198877349495895 0.012136003933846954 0.0009999845642596483
v -0.02103674225509167 0.012136003933846954 0.00797861535102129
v 0.016753001138567928 0.012136003933846954 0.023056982085108757
v 0.02118075452744961 0.012136003933846954 0.019070206210017204
v 0.018518259748816494 0.012136003933846954 0.012781438417732716
v 0.02468284778296948 0.012136003933846954 0.01424997765570879
v 0.02103899233043194 0.012136003933846954 0.00797861535102129
v 0.027106231078505523 0.012136003933846954 0.008807000704109669
v 0.022337077185511593 0.012136003933846954 0.0027120683807879686
v 0.028344994410872466 0.012136003933846954 0.0029790375847369432
v 0.022337077185511593 0.012136003933846954 -0.002712073503062129
v 0.028344994410872466 0.012136003933846954 -0.0029790427070111036
v 0.02103899233043194 0.012136003933846954 -0.007978620938956738
v 0.027106231078505523 0.012136003933846954 -0.008807006292045116
v 0.02468284778296948 0.012136003933846954 -0.014249983243644238
v -0.028698874637484557 0.0010000008624047043 -0.07960116863250732
v -0.028698874637484557 -1.1722942616643197e-09 -0.07960116863250732
v -0.0280717108398676 0.005967064294964077 -0.07960116863250732
v -0.0280717108398676 -0.005967067088931801 -0.07960116863250732
v -0.028698874637484557 -0.0009999994654208424 -0.07960116863250732
v -0.028981627896428115 -0.0009999994654208424 -0.07960116863250732
v -0.028068689629435546 -0.007285983767360451 -0.07960116863250732
v -0.026217630133032806 -0.011673339642584326 -0.07960116863250732
v -0.02580909617245198 -0.013222423382103447 -0.07960116863250732
v -0.023217665031552318 -0.016869438812136654 -0.07960116863250732
v -0.022311257198452953 -0.01852451451122761 -0.07960116863250732
v -0.019202923402190212 -0.02132825739681721 -0.07960116863250732
v -0.01774297840893269 -0.02293788827955723 -0.07960116863250732
v -0.014348877593874935 -0.024854930117726333 -0.07960116863250732
v -0.012323426082730297 -0.026250818744301803 -0.07960116863250732
v -0.008867664262652399 -0.02729532308876515 -0.07960116863250732
v -0.006312603130936624 -0.028304362669587142 -0.07960116863250732
v -0.0029988419264554986 -0.028542779386043556 -0.07960116863250732
v 1.1230838481424146e-06 -0.02900000102818013 -0.07960116863250732
v 0.0030010920017957696 -0.028542779386043556 -0.07960116863250732
v 0.006030565127730371 -0.028366280719637878 -0.07960116863250732
v 0.00886991433799267 -0.02729532308876515 -0.07960116863250732
v 0.011796487495303157 -0.026492817327380187 -0.07960116863250732
v 0.014351120218634609 -0.024854930117726333 -0.07960116863250732
v 0.017046896740794185 -0.02346149273216725 -0.07960116863250732
v 0.019205173477530483 -0.02132825739681721 -0.07960116863250732
v 0.0215523224323988 -0.019404789432883266 -0.07960116863250732
v 0.02321991138160229 -0.016869438812136654 -0.07960116863250732
v 0.0251158606261015 -0.014500000514090065 -0.07960116863250732
v 0.026219880208373077 -0.011673339642584326 -0.07960116863250732
v 0.027581764385104186 -0.008961492218077185 -0.07960116863250732
v 0.02807395718991757 -0.005967067088931801 -0.07960116863250732
v 0.028842261061072356 -0.0030313257593661555 -0.07960116863250732
v 0.02870112471282483 -1.171998609272862e-09 -0.07960116863250732
v 0.028842261061072356 0.0030313271563500175 -0.07960116863250732
v 0.02807395718991757 0.005967064294964077 -0.07960116863250732
v 0.027581764385104186 0.008961490355432035 -0.07960116863250732
v 0.026219880208373077 0.011673345230519773 -0.07960116863250732
v 0.0251158606261015 0.014499998651444915 -0.07960116863250732
v 0.02321991138160229 0.016869438812136654 -0.07960116863250732
v 0.0215523224323988 0.019404789432883266 -0.07960116863250732
v 0.019205173477530483 0.021328253671526912 -0.07960116863250732
v 0.017046896740794185 0.023461489006876952 -0.07960116863250732
v 0.014351120218634609 0.024854926392436034 -0.07960116863250732
v 0.011796487495303157 0.026492817327380187 -0.07960116863250732
v 0.00886991433799267 0.027295319363474853 -0.07960116863250732
v 0.006030565127730371 0.028366280719637878 -0.07960116863250732
v 0.0030010920017957696 0.028542777523398406 -0.07960116863250732
v 1.1230836207687391e-06 0.02899999730288983 -0.07960116863250732
v -0.0029988419264554986 0.028542777523398406 -0.07960116863250732
v -0.006312603130936624 0.028304358944296844 -0.07960116863250732
v -0.008867664262652399 0.027295319363474853 -0.07960116863250732
v -0.012323426082730297 0.026250815019011504 -0.07960116863250732
v -0.014348877593874935 0.024854926392436034 -0.07960116863250732
v -0.01774297840893269 0.02293789200484753 -0.07960116863250732
v -0.019202923402190212 0.021328253671526912 -0.07960116863250732
v -0.022311257198452953 0.018524510785937313 -0.07960116863250732
v -0.023217665031552318 0.016869438812136654 -0.07960116863250732
v -0.02580909617245198 0.013222425244748596 -0.07960116863250732
v -0.026217630133032806 0.011673345230519773 -0.07960116863250732
v -0.028068689629435546 0.007285980973392727 -0.07960116863250732
v -0.028981627896428115 0.0010000008624047043 -0.07960116863250732
v -0.028981627896428115 -0.0009999994654208424 -0.07960116863250732
v -0.028981627896428115 -0.0009999994654208424 -0.08149999380111694
v -0.028068689629435546 -0.007285983767360451 -0.08149999380111694
v -0.028068689629435546 -0.007285983767360451 -0.07960116863250732
v -0.028068689629435546 -0.007285983767360451 -0.07960116863250732
v -0.028068689629435546 -0.007285983767360451 -0.08149999380111694
v -0.02580909617245198 -0.013222423382103447 -0.08149999380111694
v -0.02580909617245198 -0.013222423382103447 -0.07960116863250732
v -0.02580909617245198 -0.013222423382103447 -0.07960116863250732
v -0.02580909617245198 -0.013222423382103447 -0.08149999380111694
v -0.022311257198452953 -0.01852451451122761 -0.08149999380111694
v -0.022311257198452953 -0.01852451451122761 -0.07960116863250732
v -0.022311257198452953 -0.01852451451122761 -0.07960116863250732
v -0.022311257198452953 -0.01852451451122761 -0.08149999380111694
v -0.01774297840893269 -0.02293788827955723 -0.08149999380111694
v -0.01774297840893269 -0.02293788827955723 -0.07960116863250732
v -0.01774297840893269 -0.02293788827955723 -0.07960116863250732
v -0.01774297840893269 -0.02293788827955723 -0.08149999380111694
v -0.012323426082730297 -0.026250818744301803 -0.08149999380111694
v -0.012323426082730297 -0.026250818744301803 -0.07960116863250732
v -0.012323426082730297 -0.026250818744301803 -0.07960116863250732
v -0.012323426082730297 -0.026250818744301803 -0.08149999380111694
v -0.006312603130936624 -0.028304362669587142 -0.08149999380111694
v -0.006312603130936624 -0.028304362669587142 -0.07960116863250732
v -0.006312603130936624 -0.028304362669587142 -0.07960116863250732
v -0.006312603130936624 -0.028304362669587142 -0.08149999380111694
v 1.1230838481424146e-06 -0.02900000102818013 -0.08149999380111694
v 1.1230838481424146e-06 -0.02900000102818013 -0.07960116863250732
v -0.028698874637484557 -0.0009999994654208424 -0.08149999380111694
v -0.02249887771904469 -1.172262398263513e-09 -0.08149999380111694
v -0.021845066919922832 -0.005384603049606086 -0.08149999380111694
v -0.019921636208891872 -0.010456272400915624 -0.08149999380111694
v -0.028068689629435546 -0.007285983767360451 -0.08149999380111694
v -0.028981627896428115 -0.0009999994654208424 -0.08149999380111694
v -0.021845066919922832 0.005384600255638362 -0.08149999380111694
v -0.028698874637484557 0.0010000008624047043 -0.08149999380111694
v -0.019921636208891872 0.010456270538270475 -0.08149999380111694
v 0.021847313269972805 0.005384600255638362 -0.08149999380111694
v 0.028842261061072356 0.0030313271563500175 -0.08149999380111694
v 0.02250112406909466 -1.1720305836959712e-09 -0.08149999380111694
v 0.028842261061072356 -0.0030313257593661555 -0.08149999380111694
v 0.021847313269972805 -0.005384603049606086 -0.08149999380111694
v 0.027581764385104186 -0.008961492218077185 -0.08149999380111694
v 0.019923886284232143 -0.010456272400915624 -0.08149999380111694
v 0.0251158606261015 -0.014500000514090065 -0.08149999380111694
v 0.016842616721987728 -0.01492025796324015 -0.08149999380111694
v 0.0215523224323988 -0.019404789432883266 -0.08149999380111694
v 0.012782579287886623 -0.018517138436436657 -0.08149999380111694
v 0.017046896740794185 -0.02346149273216725 -0.08149999380111694
v 0.007979733869433405 -0.021037867292761806 -0.08149999380111694
v 0.011796487495303157 -0.026492817327380187 -0.08149999380111694
v 0.0027132015675306325 -0.022335952147841457 -0.08149999380111694
v 0.0027132015675306325 0.022335952147841457 -0.08149999380111694
v 0.006030565127730371 0.028366280719637878 -0.08149999380111694
v 0.007979733869433405 0.021037867292761806 -0.08149999380111694
v 0.011796487495303157 0.026492817327380187 -0.08149999380111694
v 0.012782579287886623 0.018517134711146358 -0.08149999380111694
v 0.017046896740794185 0.023461489006876952 -0.08149999380111694
v 0.016842616721987728 0.014920263551175598 -0.08149999380111694
v 0.0215523224323988 0.019404789432883266 -0.08149999380111694
v 0.019923886284232143 0.010456270538270475 -0.08149999380111694
v 0.0251158606261015 0.014499998651444915 -0.08149999380111694
v 0.027581764385104186 0.008961490355432035 -0.08149999380111694
v 0.006030565127730371 -0.028366280719637878 -0.08149999380111694
v 1.1230838481424146e-06 -0.02900000102818013 -0.08149999380111694
v -0.002710947766900063 -0.022335952147841457 -0.08149999380111694
v -0.006312603130936624 -0.028304362669587142 -0.08149999380111694
v -0.007977487519383432 -0.021037867292761806 -0.08149999380111694
v -0.012323426082730297 -0.026250818744301803 -0.08149999380111694
v -0.01278033293783665 -0.018517138436436657 -0.08149999380111694
v -0.01774297840893269 -0.02293788827955723 -0.08149999380111694
v -0.016840366646647457 -0.01492025796324015 -0.08149999380111694
v -0.022311257198452953 -0.01852451451122761 -0.08149999380111694
v -0.02580909617245198 -0.013222423382103447 -0.08149999380111694
v -0.016840366646647457 0.014920263551175598 -0.08149999380111694
v -0.028981627896428115 0.0010000008624047043 -0.08149999380111694
v -0.028068689629435546 0.007285980973392727 -0.08149999380111694
v -0.02580909617245198 0.013222425244748596 -0.08149999380111694
v -0.022311257198452953 0.018524510785937313 -0.08149999380111694
v -0.01278033293783665 0.018517134711146358 -0.08149999380111694
v -0.01774297840893269 0.02293789200484753 -0.08149999380111694
v -0.007977487519383432 0.021037867292761806 -0.08149999380111694
v -0.012323426082730297 0.026250815019011504 -0.08149999380111694
v -0.002710947766900063 0.022335952147841457 -0.08149999380111694
v -0.006312603130936624 0.028304358944296844 -0.08149999380111694
v 1.1230836207687391e-06 0.02899999730288983 -0.08149999380111694
v 0.02250112406909466 -1.1720305836959712e-09 -0.07150000333786011
v 0.02250112406909466 -1.1720305836959712e-09 -0.08149999380111694
v 0.021847313269972805 -0.005384603049606086 -0.07150000333786011
v 0.021847313269972805 -0.005384603049606086 -0.08149999380111694
v 0.021847313269972805 -0.005384603049606086 -0.07150000333786011
v 0.021847313269972805 -0.005384603049606086 -0.08149999380111694
v 0.019923886284232143 -0.010456272400915624 -0.07150000333786011
v 0.019923886284232143 -0.010456272400915624 -0.08149999380111694
v 0.019923886284232143 -0.010456272400915624 -0.07150000333786011
v 0.019923886284232143 -0.010456272400915624 -0.08149999380111694
v 0.016842616721987728 -0.01492025796324015 -0.07150000333786011
v 0.016842616721987728 -0.01492025796324015 -0.08149999380111694
v 0.016842616721987728 -0.01492025796324015 -0.07150000333786011
v 0.016842616721987728 -0.01492025796324015 -0.08149999380111694
v 0.012782579287886623 -0.018517138436436657 -0.07150000333786011
v 0.012782579287886623 -0.018517138436436657 -0.08149999380111694
v 0.012782579287886623 -0.018517138436436657 -0.07150000333786011
v 0.012782579287886623 -0.018517138436436657 -0.08149999380111694
v 0.007979733869433405 -0.021037867292761806 -0.07150000333786011
v 0.007979733869433405 -0.021037867292761806 -0.08149999380111694
v 0.007979733869433405 -0.021037867292761806 -0.07150000333786011
v 0.007979733869433405 -0.021037867292761806 -0.08149999380111694
v 0.0027132015675306325 -0.022335952147841457 -0.07150000333786011
v 0.0027132015675306325 -0.022335952147841457 -0.08149999380111694
v 0.0027132015675306325 -0.022335952147841457 -0.07150000333786011
v 0.0027132015675306325 -0.022335952147841457 -0.08149999380111694
v -0.002710947766900063 -0.022335952147841457 -0.07150000333786011
v -0.002710947766900063 -0.022335952147841457 -0.08149999380111694
v -0.002710947766900063 -0.022335952147841457 -0.07150000333786011
v -0.002710947766900063 -0.022335952147841457 -0.08149999380111694
v -0.007977487519383432 -0.021037867292761806 -0.07150000333786011
v -0.007977487519383432 -0.021037867292761806 -0.08149999380111694
v -0.007977487519383432 -0.021037867292761806 -0.07150000333786011
v -0.007977487519383432 -0.021037867292761806 -0.08149999380111694
v -0.01278033293783665 -0.018517138436436657 -0.07150000333786011
v -0.01278033293783665 -0.018517138436436657 -0.08149999380111694
v -0.01278033293783665 -0.018517138436436657 -0.07150000333786011
v -0.01278033293783665 -0.018517138436436657 -0.08149999380111694
v -0.016840366646647457 -0.01492025796324015 -0.07150000333786011
v -0.016840366646647457 -0.01492025796324015 -0.08149999380111694
v -0.016840366646647457 -0.01492025796324015 -0.07150000333786011
v -0.016840366646647457 -0.01492025796324015 -0.08149999380111694
v -0.019921636208891872 -0.010456272400915624 -0.07150000333786011
v -0.019921636208891872 -0.010456272400915624 -0.08149999380111694
v -0.019921636208891872 -0.010456272400915624 -0.07150000333786011
v -0.019921636208891872 -0.010456272400915624 -0.08149999380111694
v -0.021845066919922832 -0.005384603049606086 -0.07150000333786011
v -0.021845066919922832 -0.005384603049606086 -0.08149999380111694
v -0.021845066919922832 -0.005384603049606086 -0.07150000333786011
v -0.021845066919922832 -0.005384603049606086 -0.08149999380111694
v -0.02249887771904469 -1.172262398263513e-09 -0.07150000333786011
v -0.02249887771904469 -1.172262398263513e-09 -0.08149999380111694
v -0.021845066919922832 0.005384600255638362 -0.07150000333786011
v 0.02250112406909466 -1.1720305836959712e-09 -0.07150000333786011
v -0.02249887771904469 -1.172262398263513e-09 -0.07150000333786011
v 0.021847313269972805 -0.005384603049606086 -0.07150000333786011
v 0.019923886284232143 -0.010456272400915624 -0.07150000333786011
v 0.021847313269972805 0.005384600255638362 -0.07150000333786011
v 0.019923886284232143 0.010456270538270475 -0.07150000333786011
v 0.016842616721987728 0.014920263551175598 -0.07150000333786011
v 0.0027132015675306325 0.022335952147841457 -0.07150000333786011
v 0.007979733869433405 0.021037867292761806 -0.07150000333786011
v 0.012782579287886623 0.018517134711146358 -0.07150000333786011
v 0.007979733869433405 -0.021037867292761806 -0.07150000333786011
v 0.0027132015675306325 -0.022335952147841457 -0.07150000333786011
v -0.01278033293783665 -0.018517138436436657 -0.07150000333786011
v -0.002710947766900063 -0.022335952147841457 -0.07150000333786011
v -0.007977487519383432 -0.021037867292761806 -0.07150000333786011
v 0.012782579287886623 -0.018517138436436657 -0.07150000333786011
v -0.016840366646647457 -0.01492025796324015 -0.07150000333786011
v -0.019921636208891872 -0.010456272400915624 -0.07150000333786011
v 0.016842616721987728 -0.01492025796324015 -0.07150000333786011
v -0.021845066919922832 -0.005384603049606086 -0.07150000333786011
v -0.019921636208891872 0.010456270538270475 -0.07150000333786011
v -0.016840366646647457 0.014920263551175598 -0.07150000333786011
v -0.01278033293783665 0.018517134711146358 -0.07150000333786011
v -0.007977487519383432 0.021037867292761806 -0.07150000333786011
v -0.002710947766900063 0.022335952147841457 -0.07150000333786011
v 1.1230837344555768e-06 0.0021359983365982775 -0.02249998040497303
v 1.1230837344555768e-06 0.012136003933846954 -0.02249998040497303
v -0.0053834784775972375 0.0021359983365982775 -0.02184617705643177
v -0.0053834784775972375 0.012136003933846954 -0.02184617705643177
v -0.0053834784775972375 0.0021359983365982775 -0.02184617705643177
v -0.0053834784775972375 0.012136003933846954 -0.02184617705643177
v -0.010455148294568064 0.0021359983365982775 -0.019922735169529915
v -0.010455148294568064 0.012136003933846954 -0.019922735169529915
v -0.010455148294568064 0.0021359983365982775 -0.019922735169529915
v -0.010455148294568064 0.012136003933846954 -0.019922735169529915
v -0.014919137582182888 0.0021359983365982775 -0.016841473057866096
v -0.014919137582182888 0.012136003933846954 -0.016841473057866096
v -0.014919137582182888 0.0021359983365982775 -0.016841473057866096
v -0.014919137582182888 0.012136003933846954 -0.016841473057866096
v -0.01851601339876652 0.0021359983365982775 -0.012781444005668163
v -0.01851601339876652 0.012136003933846954 -0.012781444005668163
v -0.01851601339876652 0.0021359983365982775 -0.012781444005668163
v -0.01851601339876652 0.012136003933846954 -0.012781444005668163
v -0.02103674225509167 0.0021359983365982775 -0.007978620938956738
v -0.02103674225509167 0.012136003933846954 -0.007978620938956738
v -0.02103674225509167 0.0021359983365982775 -0.007978620938956738
v -0.02103674225509167 0.012136003933846954 -0.007978620938956738
v -0.02233482711017132 0.0021359983365982775 -0.002712073503062129
v -0.02233482711017132 0.012136003933846954 -0.002712073503062129
v -0.02233482711017132 0.0021359983365982775 -0.002712073503062129
v -0.02233482711017132 0.012136003933846954 -0.002712073503062129
v -0.02233482711017132 0.0021359983365982775 0.0027120683807879686
v -0.02233482711017132 0.012136003933846954 0.0027120683807879686
v -0.02233482711017132 0.0021359983365982775 0.0027120683807879686
v -0.02233482711017132 0.012136003933846954 0.0027120683807879686
v -0.02103674225509167 0.0021359983365982775 0.00797861535102129
v -0.02103674225509167 0.012136003933846954 0.00797861535102129
v -0.02103674225509167 0.0021359983365982775 0.00797861535102129
v -0.02103674225509167 0.012136003933846954 0.00797861535102129
v -0.01851601339876652 0.0021359983365982775 0.012781438417732716
v -0.01851601339876652 0.012136003933846954 0.012781438417732716
v -0.01851601339876652 0.0021359983365982775 0.012781438417732716
v -0.01851601339876652 0.012136003933846954 0.012781438417732716
v -0.014919137582182888 0.0021359983365982775 0.016841469332575798
v -0.014919137582182888 0.012136003933846954 0.016841469332575798
v -0.014919137582182888 0.0021359983365982775 0.016841469332575798
v -0.014919137582182888 0.012136003933846954 0.016841469332575798
v -0.010455148294568064 0.0021359983365982775 0.019922791048884392
v -0.010455148294568064 0.012136003933846954 0.019922791048884392
v -0.010455148294568064 0.0021359983365982775 0.019922791048884392
v -0.010455148294568064 0.012136003933846954 0.019922791048884392
v -0.0053834784775972375 0.0021359983365982775 0.021846173331141472
v -0.0053834784775972375 0.012136003933846954 0.021846173331141472
v -0.0053834784775972375 0.0021359983365982775 0.021846173331141472
v -0.0053834784775972375 0.012136003933846954 0.021846173331141472
v 1.1230837344555768e-06 0.0021359983365982775 0.02249997667968273
v 1.1230837344555768e-06 0.012136003933846954 0.02249997667968273
v 1.1230837344555768e-06 0.0021359983365982775 0.02249997667968273
v 0.00538572482764721 0.0021359983365982775 -0.02184617705643177
v -0.0053834784775972375 0.0021359983365982775 0.021846173331141472
v 1.1230837344555768e-06 0.0021359983365982775 -0.02249998040497303
v -0.010455148294568064 0.0021359983365982775 0.019922791048884392
v -0.014919137582182888 0.0021359983365982775 0.016841469332575798
v 0.00538572482764721 0.0021359983365982775 0.021846173331141472
v 0.010457394644618036 0.0021359983365982775 0.019922791048884392
v 0.014921380206942562 0.0021359983365982775 0.016841469332575798
v 0.018518259748816494 0.0021359983365982775 0.012781438417732716
v 0.02103899233043194 0.0021359983365982775 0.00797861535102129
v 0.010457394644618036 0.0021359983365982775 -0.019922735169529915
v -0.0053834784775972375 0.0021359983365982775 -0.02184617705643177
v -0.02103674225509167 0.0021359983365982775 0.00797861535102129
v -0.01851601339876652 0.0021359983365982775 0.012781438417732716
v -0.010455148294568064 0.0021359983365982775 -0.019922735169529915
v -0.014919137582182888 0.0021359983365982775 -0.016841473057866096
v -0.01851601339876652 0.0021359983365982775 -0.012781444005668163
v -0.02103674225509167 0.0021359983365982775 -0.007978620938956738
v -0.02233482711017132 0.0021359983365982775 -0.002712073503062129
v -0.02233482711017132 0.0021359983365982775 0.0027120683807879686
v 0.02103899233043194 0.0021359983365982775 -0.007978620938956738
v 0.022337077185511593 0.0021359983365982775 -0.002712073503062129
v 0.022337077185511593 0.0021359983365982775 0.0027120683807879686
v 0.018518259748816494 0.0021359983365982775 -0.012781444005668163
v 0.014921380206942562 0.0021359983365982775 -0.016841473057866096
v -0.028698874637484557 0.0010000008624047043 -0.08149999380111694
v -0.028698874637484557 0.0010000008624047043 -0.07960116863250732
v -0.028981627896428115 0.0010000008624047043 -0.08149999380111694
v -0.028981627896428115 0.0010000008624047043 -0.07960116863250732
v -0.028698874637484557 0.0010000008624047043 -0.07960116863250732
v -0.028698874637484557 0.0010000008624047043 -0.08149999380111694
v -0.028698874637484557 -1.1722942616643197e-09 -0.07960116863250732
v -0.028698874637484557 -0.0009999994654208424 -0.08149999380111694
v -0.028698874637484557 -0.0009999994654208424 -0.07960116863250732
v -0.028698874637484557 -0.0009999994654208424 -0.07960116863250732
v -0.028698874637484557 -0.0009999994654208424 -0.08149999380111694
v -0.028981627896428115 -0.0009999994654208424 -0.07960116863250732
v -0.028981627896428115 -0.0009999994654208424 -0.08149999380111694
v -0.028198877349495895 0.012136003933846954 0.0009999845642596483
v -0.028198877349495895 0.00943600293248892 0.0009999845642596483
v -0.02848132513463498 0.012136003933846954 0.0009999845642596483
v -0.02848132513463498 0.00943600293248892 0.0009999845642596483
v -0.028198877349495895 0.00943600293248892 0.0009999845642596483
v -0.028198877349495895 0.012136003933846954 0.0009999845642596483
v -0.028198877349495895 0.00943600293248892 -2.5509288015257425e-09
v -0.028198877349495895 0.012136003933846954 -0.0009999896865338087
v -0.028198877349495895 0.00943600293248892 -0.0009999896865338087
v -0.028198877349495895 0.00943600293248892 -0.0009999896865338087
v -0.028198877349495895 0.012136003933846954 -0.0009999896865338087
v -0.02848132513463498 0.00943600293248892 -0.0009999896865338087
v -0.02848132513463498 0.012136003933846954 -0.0009999896865338087
f 1 2 3
f 3 2 4
f 5 6 7
f 7 6 8
f 9 10 11
f 11 10 12
f 13 14 15
f 15 14 16
f 17 18 19
f 19 18 20
f 21 22 23
f 23 22 24
f 25 26 27
f 27 26 28
f 29 30 31
f 31 30 32
f 33 34 35
f 35 34 36
f 37 38 39
f 39 38 40
f 41 42 43
f 43 42 44
f 45 46 47
f 47 46 48
f 49 50 51
f 51 50 52
f 53 54 55
f 55 54 56
f 57 58 59
f 59 58 60
f 61 62 63
f 63 62 64
f 65 66 67
f 67 66 68
f 69 70 71
f 71 70 72
f 73 74 75
f 75 74 76
f 77 78 79
f 79 78 80
f 81 82 83
f 83 82 84
f 85 86 87
f 87 86 88
f 89 90 91
f 91 90 92
f 93 94 95
f 95 94 96
f 97 98 99
f 99 98 100
f 101 102 103
f 103 102 104
f 105 106 107
f 105 107 108
f 109 110 111
f 109 111 112
f 113 114 115
f 113 115 116
f 117 118 119
f 117 119 120
f 121 122 123
f 121 123 124
f 125 126 127
f 125 127 128
f 129 130 131
f 129 131 132
f 133 134 135
f 133 135 136
f 137 138 139
f 137 139 140
f 141 142 143
f 141 143 144
f 145 146 147
f 145 147 148
f 149 150 151
f 149 151 152
f 153 154 155
f 153 155 156
f 157 158 159
f 157 159 160
f 161 162 163
f 164 165 166
f 167 168 169
f 170 171 172
f 173 174 175
f 176 177 178
f 179 180 181
f 182 183 184
f 185 186 187
f 188 189 190
f 191 192 193
f 194 195 196
f 197 198 199
f 200 201 202
f 203 204 205
f 206 207 208
f 209 210 211
f 212 213 214
f 215 216 217
f 218 219 220
f 221 222 223
f 224 225 226
f 227 228 229
f 230 231 232
f 233 234 235
f 236 237 238
f 239 240 241
f 242 243 244
f 245 246 247
f 248 249 250
f 251 252 253
f 254 255 256
f 257 258 259
f 260 261 262
f 263 264 265
f 266 267 268
f 269 270 271
f 272 273 274
f 275 276 277
f 278 279 280
f 281 282 283
f 284 285 286
f 287 288 289
f 290 291 292
f 293 294 295
f 296 297 298
f 299 300 301
f 302 303 304
f 305 306 307
f 308 309 310
f 311 312 313
f 314 315 316
f 317 318 319
f 320 321 322
f 323 324 325
f 326 327 328
f 329 330 331
f 332 333 334
f 332 334 335
f 336 337 338
f 336 338 339
f 340 341 342
f 340 342 343
f 344 345 346
f 344 346 347
f 348 349 350
f 348 350 351
f 352 353 354
f 352 354 355
f 356 357 358
f 356 358 359
f 360 361 362
f 360 362 363
f 364 365 366
f 364 366 367
f 368 369 370
f 368 370 371
f 372 373 374
f 372 374 375
f 376 377 378
f 376 378 379
f 380 381 382
f 380 382 383
f 384 385 386
f 384 386 387
f 388 389 390
f 388 390 391
f 392 393 394
f 392 394 395
f 396 397 398
f 396 398 399
f 400 401 402
f 400 402 403
f 404 405 406
f 404 406 407
f 408 409 410
f 408 410 411
f 412 413 414
f 412 414 415
f 416 417 418
f 416 418 419
f 420 421 422
f 420 422 423
f 424 425 426
f 424 426 427
f 428 429 430
f 428 430 431
f 432 433 434
f 432 434 435
f 436 437 438
f 436 438 439
f 440 441 442
f 440 442 443
f 444 445 446
f 444 446 447
f 448 449 450
f 448 450 451
f 452 453 454
f 452 454 455
f 456 457 458
f 456 458 459
f 460 461 462
f 460 462 463
f 464 465 466
f 464 466 467
f 468 469 470
f 468 470 471
f 472 473 474
f 472 474 475
f 476 477 478
f 476 478 479
f 480 481 482
f 480 482 483
f 484 485 486
f 484 486 487
f 488 489 490
f 488 490 491
f 492 493 494
f 492 494 495
f 496 497 498
f 496 498 499
f 500 501 502
f 500 502 503
f 504 505 506
f 504 506 507
f 508 509 510
f 508 510 511
f 512 513 514
f 512 514 515
f 516 517 518
f 516 518 519
f 520 521 522
f 520 522 523
f 524 525 526
f 524 526 527
f 528 529 530
f 528 530 531
f 532 533 534
f 532 534 535
f 536 537 538
f 536 538 539
f 540 541 542
f 540 542 543
f 544 545 546
f 544 546 547
f 548 549 550
f 548 550 551
f 552 553 554
f 552 554 555
f 556 557 558
f 556 558 559
f 560 561 562
f 560 562 563
f 564 565 566
f 564 566 567
f 568 569 570
f 571 572 573
f 574 575 576
f 577 578 579
f 580 581 582
f 582 583 580
f 580 583 584
f 580 584 585
f 585 584 586
f 585 586 587
f 587 588 585
f 585 588 589
f 585 589 590
f 591 592 593
f 593 592 594
f 591 595 592
f 592 595 596
f 592 596 597
f 598 599 600
f 600 599 601
f 602 603 604
f 605 606 607
f 608 609 610
f 611 612 613
f 614 615 616
f 617 618 619
f 620 621 622
f 623 624 625
f 626 627 628
f 629 630 631
f 632 633 634
f 635 636 637
f 638 639 640
f 641 642 643
f 644 645 646
f 647 648 649
f 650 651 652
f 653 654 655
f 656 657 658
f 659 660 661
f 662 663 664
f 665 666 667
f 668 669 670
f 671 672 673
f 674 675 676
f 677 678 679
f 680 681 682
f 683 684 685
f 686 687 688
f 689 690 691
f 692 693 694
f 695 696 697
f 698 699 700
f 701 702 703
f 704 705 706
f 707 708 709
f 710 711 712
f 713 714 715
f 716 717 718
f 719 720 721
f 722 723 724
f 725 726 727
f 728 729 730
f 731 732 733
f 734 735 736
f 737 738 739
f 740 741 742
f 743 744 745
f 746 747 748
f 749 750 751
f 752 753 754
f 755 756 757
f 758 759 760
f 761 762 763
f 764 765 766
f 767 768 769
f 770 771 772
f 773 774 775
f 776 777 778
f 779 780 781
f 600 592 597
f 600 597 598
f 782 783 784
f 785 786 787
f 788 789 790
f 791 792 793
f 794 795 796
f 797 798 799
f 800 801 802
f 803 804 805
f 806 807 808
f 809 810 811
f 812 813 814
f 815 816 817
f 818 819 820
f 821 822 823
f 824 825 826
f 827 828 829
f 830 831 832
f 833 834 835
f 835 834 836
f 837 838 839
f 840 841 842
f 843 844 845
f 846 847 848
f 849 850 851
f 852 853 854
f 855 856 857
f 858 859 860
f 861 862 863
f 864 865 866
f 867 868 869
f 870 871 872
f 873 874 875
f 876 877 878
f 879 880 881
f 882 883 884
f 885 886 887
f 888 889 890
f 891 892 893
f 894 895 896
f 897 898 899
f 900 901 902
f 903 904 905
f 906 907 908
f 909 910 911
f 912 913 914
f 915 916 917
f 918 919 920
f 921 922 923
f 924 925 926
f 927 928 929
f 930 931 932
f 933 934 935
f 936 937 938
f 939 940 941
f 942 943 944
f 945 946 947
f 948 949 950
f 951 952 953
f 954 955 956
f 957 958 959
f 960 961 962
f 963 964 965
f 966 967 968
f 969 970 971
f 972 973 974
f 975 976 977
f 978 979 980
f 981 982 983
f 984 985 986
f 987 988 989
f 990 991 992
f 993 994 995
f 996 997 998
f 999 1000 1001
f 1002 1003 1004
f 1005 1006 1007
f 1008 1009 1010
f 1011 1012 1013
f 1014 1015 1016
f 1017 1018 1019
f 1020 1021 1022
f 1023 1024 1025
f 1026 1027 1028
f 1029 1030 1031
f 1032 1033 1034
f 1035 1036 1037
f 1038 1039 1040
f 1041 1042 1043
f 1044 1045 1046
f 1047 1048 1049
f 1050 1051 1052
f 1053 1054 1055
f 1056 1057 1058
f 1059 1060 1061
f 1062 1063 1064
f 1065 1066 1067
f 1068 1069 1070
f 1071 1072 1073
f 1074 1075 1076
f 1077 1078 1079
f 831 1080 832
f 1081 1082 1083
f 1084 1085 1086
f 1087 1088 1089
f 1090 1091 1092
f 1093 1094 1095
f 1096 1097 1098
f 1099 1100 1101
f 1102 1103 1104
f 1105 1106 1107
f 1108 1109 1110
f 1111 1112 1113
f 1114 1115 1116
f 1117 1118 1119
f 1120 1121 1122
f 1123 1124 1125
f 1126 1127 1128
f 1129 1130 1131
f 1132 1133 1134
f 1135 1136 1137
f 1138 1139 1140
f 1141 1142 1143
f 1144 1145 1146
f 1147 1148 1149
f 1150 1151 1152
f 1153 1154 1155
f 1156 1157 1158
f 1159 1160 1161
f 1162 1163 1164
f 1165 1166 1167
f 1168 1169 1170
f 1171 1172 1173
f 1174 1175 1176
f 1177 1178 1179
f 1180 1181 1182
f 1183 1184 1185
f 1186 1187 1188
f 1189 1190 1191
f 1192 1193 1194
f 1195 1196 1197
f 1198 1199 1200
f 1201 1202 1203
f 1204 1205 1206
f 1207 1208 1209
f 1210 1211 1212
f 1213 1214 1215
f 1216 1217 1218
f 1219 1220 1221
f 1222 1223 1224
f 1225 1226 1227
f 1228 1229 1230
f 1231 1232 1233
f 1234 1235 1236
f 1237 1238 1239
f 1240 1241 1242
f 1243 1244 1245
f 1246 1247 1248
f 1249 1250 1251
f 1252 1253 1254
f 1255 1256 1257
f 1258 1259 1260
f 1261 1262 1263
f 1264 1265 1266
f 1267 1268 1269
f 1270 1271 1272
f 1273 1274 1275
f 1276 1277 1278
f 1279 1280 1281
f 1282 1283 1284
f 1285 1286 1287
f 1288 1289 1290
f 1291 1292 1293
f 1294 1295 1296
f 1297 1298 1299
f 1300 1301 1302
f 1303 1304 1305
f 1306 1307 1308
f 1309 1310 1311
f 1312 1313 1314
f 1315 1316 1317
f 1318 1319 1320
f 1321 1322 1323
f 1324 1325 1326
f 1327 1328 1329
f 1330 1331 1332
f 1333 1334 1335
f 1336 1337 1338
f 1339 1340 1341
f 1342 1343 1344
f 1345 1346 1347
f 1348 1349 1350
f 1351 1352 1353
f 1354 1355 1356
f 1357 1358 1359
f 1360 1361 1362
f 1363 1364 1365
f 1366 1367 1368
f 1369 1370 1371
f 1372 1373 1374
f 1375 1376 1377
f 1378 1379 1380
f 1381 1382 1383
f 1384 1385 1386
f 1387 1388 1389
f 1390 1391 1392
f 1393 1394 1395
f 1396 1397 1398
f 1399 1400 1401
f 1402 1403 1404
f 1405 1406 1407
f 1408 1409 1410
f 1411 1412 1413
f 1414 1415 1416
f 1417 1418 1419
f 1420 1421 1422
f 1423 1424 1425
f 1426 1427 1428
f 1429 1430 1431
f 1432 1433 1434
f 1435 1436 1437
f 1438 1439 1440
f 1441 1442 1443
f 1444 1445 1446
f 1447 1448 1449
f 1450 1451 1452
f 1453 1454 1455
f 1456 1457 1458
f 1459 1460 1461
f 1462 1463 1464
f 1465 1466 1467
f 1468 1469 1470
f 1471 1472 1473
f 1474 1475 1476
f 1477 1478 1479
f 1480 1481 1482
f 1483 1484 1485
f 1486 1487 1488
f 1489 1490 1491
f 1492 1493 1494
f 1495 1496 1497
f 1498 1499 1500
f 1501 1502 1503
f 1504 1505 1506
f 1507 1508 1509
f 1510 1511 1512
f 1513 1514 1515
f 1516 1517 1518
f 1519 1520 1521
f 1522 1523 1524
f 1525 1526 1527
f 1528 1529 1530
f 1531 1532 1533
f 1534 1535 1536
f 1537 1538 1539
f 1540 1541 1542
f 1543 1544 1545
f 1546 1547 1548
f 1549 1550 1551
f 1552 1553 1554
f 1555 1556 1557
f 1558 1559 1560
f 1561 1562 1563
f 1564 1565 1566
f 1567 1568 1569
f 1570 1571 1572
f 1573 1574 1575
f 1576 1577 1578
f 1579 1580 1581
f 1582 1583 1584
f 1585 1586 1587
f 1588 1589 1590
f 1591 1592 1593
f 1594 1595 1596
f 1597 1598 1599
f 1600 1601 1602
f 1603 1604 1605
f 1606 1607 1608
f 1609 1610 1611
f 1612 1613 1614
f 1615 1616 1617
f 1618 1619 1620
f 1621 1622 1623
f 1624 1625 1626
f 1627 1628 1629
f 1630 1631 1632
f 1633 1634 1635
f 1636 1637 1638
f 1639 1640 1641
f 1642 1643 1644
f 1645 1646 1647
f 1648 1649 1650
f 1651 1652 1653
f 1654 1655 1656
f 1657 1658 1659
f 1660 1661 1662
f 1663 1664 1665
f 1666 1667 1668
f 1669 1670 1671
f 1672 1673 1674
f 1675 1676 1677
f 1678 1679 1680
f 1681 1682 1683
f 1684 1685 1686
f 1687 1688 1689
f 1690 1691 1692
f 1693 1694 1695
f 1696 1697 1698
f 1699 1700 1701
f 1702 1703 1704
f 1705 1706 1707
f 1708 1709 1710
f 1711 1712 1713
f 1714 1715 1716
f 1717 1718 1719
f 1720 1721 1722
f 1723 1724 1725
f 1726 1727 1728
f 1729 1730 1731
f 1732 1733 1734
f 1735 1736 1737
f 1738 1739 1740
f 1741 1742 1743
f 1744 1745 1746
f 1747 1748 1749
f 1750 1751 1752
f 1753 1754 1755
f 1756 1757 1758
f 1759 1760 1761
f 1762 1763 1764
f 1765 1766 1767
f 1768 1769 1770
f 1771 1772 1773
f 1774 1775 1776
f 1777 1778 1779
f 1780 1781 1782
f 1783 1784 1785
f 1786 1787 1788
f 1789 1790 1791
f 1792 1793 1794
f 1795 1796 1797
f 1798 1799 1800
f 1801 1802 1803
f 1804 1805 1806
f 1807 1808 1809
f 1810 1811 1812
f 1813 1814 1815
f 1816 1817 1818
f 1819 1820 1821
f 1822 1823 1824
f 1825 1826 1827
f 1828 1829 1830
f 1831 1832 1833
f 1834 1835 1836
f 1837 1838 1839
f 1840 1841 1842
f 1843 1844 1845
f 1846 1847 1848
f 1849 1850 1851
f 1852 1853 1854
f 1855 1856 1857
f 1858 1859 1860
f 1861 1862 1863
f 1864 1865 1866
f 1867 1868 1869
f 1870 1871 1872
f 1873 1874 1875
f 1876 1877 1878
f 1879 1880 1881
f 1882 1883 1884
f 1885 1886 1887
f 1888 1889 1890
f 1891 1892 1893
f 1894 1895 1896
f 1897 1898 1899
f 1900 1901 1902
f 1903 1904 1905
f 1906 1907 1908
f 1909 1910 1911
f 1912 1913 1914
f 1915 1916 1917
f 1918 1919 1920
f 1921 1922 1923
f 1924 1925 1926
f 1927 1928 1929
f 1930 1931 1932
f 1933 1934 1935
f 1936 1937 1938
f 1939 1940 1941
f 1942 1943 1944
f 1945 1946 1947
f 1948 1949 1950
f 1951 1952 1953
f 1954 1955 1956
f 1957 1958 1959
f 1960 1961 1962
f 1963 1964 1965
f 1966 1967 1968
f 1969 1970 1971
f 1972 1973 1974
f 1975 1976 1977
f 1978 1979 1980
f 1981 1982 1983
f 1984 1985 1986
f 1987 1988 1989
f 1990 1991 1992
f 1993 1994 1995
f 1996 1997 1998
f 1999 2000 2001
f 2002 2003 2004
f 2005 2006 2007
f 2008 2009 2010
f 2011 2012 2013
f 2014 2015 2016
f 2017 2018 2019
f 2020 2021 2022
f 2023 2024 2025
f 2026 2027 2028
f 2029 2030 2031
f 2032 2033 2034
f 2035 2036 2037
f 2038 2039 2040
f 2041 2042 2043
f 2044 2045 2046
f 2047 2048 2049
f 2050 2051 2052
f 2053 2054 2055
f 2056 2057 2058
f 2059 2060 2061
f 2062 2063 2064
f 2065 2066 2067
f 2068 2069 2070
f 2071 2072 2073
f 2074 2075 2076
f 2077 2078 2079
f 2080 2081 2082
f 2083 2084 2085
f 2086 2087 2088
f 2089 2090 2091
f 2092 2093 2094
f 2095 2096 2097
f 2098 2099 2100
f 2101 2102 2103
f 2104 2105 2106
f 2107 2108 2109
f 2109 2108 2110
f 2109 2110 2103
f 2103 2110 2111
f 2103 2111 2101
f 2112 2113 2105
f 2105 2113 2114
f 2105 2114 2106
f 2106 2115 2104
f 2104 2115 2116
f 2104 2116 2109
f 2109 2116 2117
f 2109 2117 2107
f 2118 2119 2120
f 2120 2119 2121
f 2120 2121 2112
f 2112 2121 2122
f 2112 2122 2113
f 2123 2124 2125
f 2126 2127 2128
f 2129 2130 2131
f 2118 2120 2132
f 2132 2120 2133
f 2132 2133 2134
f 2101 2135 2102
f 2136 2137 2138
f 2139 2140 2141
f 2142 2143 2144
f 2145 2146 2147
f 2134 2133 2148
f 2148 2133 2149
f 2148 2149 2150
f 2150 2149 2151
f 2150 2151 2152
f 2152 2151 2153
f 2152 2153 2154
f 2154 2153 2155
f 2154 2155 2156
f 2156 2155 2157
f 2157 2155 2158
f 2157 2158 2159
f 2159 2158 2160
f 2159 2160 2161
f 2161 2160 2162
f 2161 2162 2163
f 2163 2162 2164
f 2163 2164 2165
f 2165 2164 2166
f 2165 2166 2167
f 2167 2166 2168
f 2167 2168 2169
f 2169 2168 2170
f 2169 2170 2171
f 2171 2170 2172
f 2171 2172 2173
f 2173 2172 2174
f 2173 2174 2175
f 2175 2174 2176
f 2175 2176 2177
f 2178 2179 2180
f 2181 2182 2183
f 2184 2185 2186
f 2187 2188 2189
f 2190 2191 2192
f 2193 2194 2195
f 2196 2197 2198
f 2199 2200 2201
f 2202 2203 2204
f 2205 2206 2207
f 2208 2209 2210
f 2211 2212 2213
f 2214 2215 2216
f 2217 2218 2219
f 2220 2221 2222
f 2223 2224 2225
f 2226 2227 2228
f 2229 2230 2231
f 2232 2233 2234
f 2235 2236 2237
f 2238 2239 2240
f 2241 2242 2243
f 2244 2245 2246
f 2247 2248 2249
f 2250 2251 2252
f 2253 2254 2255
f 2256 2257 2258
f 2259 2260 2261
f 2262 2263 2264
f 2265 2266 2267
f 2268 2269 2270
f 2271 2272 2273
f 2274 2275 2276
f 2268 2270 2277
f 2278 2279 2280
f 2281 2282 2283
f 2284 2285 2286
f 2287 2288 2289
f 2290 2291 2292
f 2293 2294 2295
f 2296 2297 2298
f 2299 2300 2301
f 2302 2303 2304
f 2305 2306 2307
f 2308 2309 2310
f 2311 2312 2313
f 2314 2315 2316
f 2317 2318 2319
f 2320 2321 2322
f 2323 2324 2325
f 2326 2327 2328
f 2329 2330 2331
f 2332 2333 2334
f 2335 2336 2337
f 2338 2339 2340
f 2341 2342 2343
f 2344 2345 2346
f 2347 2348 2349
f 2350 2351 2352
f 2353 2354 2355
f 2356 2357 2358
f 2359 2360 2361
f 2362 2363 2364
f 2365 2366 2367
f 2368 2369 2370
f 2371 2372 2373
f 2374 2375 2376
f 2377 2378 2379
f 2380 2381 2382
f 2383 2384 2385
f 2386 2387 2388
f 2389 2390 2391
f 2392 2393 2394
f 2395 2396 2397
f 2398 2399 2400
f 2401 2402 2403
f 2404 2405 2406
f 2407 2408 2409
f 2410 2411 2412
f 2413 2414 2415
f 2416 2417 2418
f 2419 2420 2421
f 2422 2423 2424
f 2425 2426 2427
f 2428 2429 2430
f 2431 2432 2433
f 2434 2435 2436
f 2437 2438 2439
f 2440 2441 2442
f 2443 2444 2445
f 2446 2447 2448
f 2449 2450 2451
f 2452 2453 2454
f 2455 2456 2457
f 2458 2459 2460
f 2461 2462 2463
f 2464 2465 2466
f 2467 2468 2469
f 2470 2471 2472
f 2473 2474 2475
f 2476 2477 2478
f 2479 2480 2481
f 2482 2483 2484
f 2485 2486 2487
f 2488 2489 2490
f 2491 2492 2493
f 2494 2495 2496
f 2497 2498 2499
f 2500 2501 2502
f 2503 2504 2505
f 2506 2507 2508
f 2509 2510 2511
f 2512 2513 2514
f 2515 2516 2517
f 2518 2519 2520
f 2521 2522 2523
f 2524 2525 2526
f 2527 2528 2529
f 2530 2531 2532
f 2533 2534 2535
f 2536 2537 2538
f 2539 2540 2541
f 2542 2543 2544
f 2545 2546 2547
f 2548 2549 2550
f 2551 2552 2553
f 2554 2555 2556
f 2557 2558 2559
f 2560 2561 2562
f 2563 2564 2565
f 2566 2567 2568
f 2569 2570 2571
f 2572 2573 2574
f 2575 2576 2577
f 2578 2579 2580
f 2581 2582 2583
f 2584 2585 2586
f 2587 2588 2589
f 2590 2591 2592
f 2593 2594 2595
f 2596 2597 2598
f 2599 2600 2601
f 2602 2603 2604
f 2605 2606 2607
f 2608 2609 2610
f 2611 2612 2613
f 2614 2615 2616
f 2617 2618 2619
f 2620 2621 2622
f 2623 2624 2625
f 2626 2627 2628
f 2629 2630 2631
f 2632 2633 2634
f 2635 2636 2637
f 2638 2639 2640
f 2641 2642 2643
f 2644 2645 2646
f 2647 2648 2649
f 2650 2651 2652
f 2653 2654 2655
f 2656 2657 2658
f 2659 2660 2661
f 2662 2663 2664
f 2665 2666 2667
f 2668 2669 2670
f 2671 2672 2673
f 2674 2675 2676
f 2677 2678 2679
f 2680 2681 2682
f 2683 2684 2685
f 2686 2687 2688
f 2689 2690 2691
f 2692 2693 2694
f 2695 2696 2697
f 2698 2699 2700
f 2701 2702 2703
f 2704 2705 2706
f 2707 2708 2709
f 2710 2711 2712
f 2713 2714 2715
f 2716 2717 2718
f 2719 2720 2721
f 2722 2723 2724
f 2725 2726 2727
f 2728 2729 2730
f 2731 2732 2733
f 2734 2735 2736
f 2737 2738 2739
f 2740 2741 2742
f 2743 2744 2745
f 2746 2747 2748
f 2749 2750 2751
f 2752 2753 2754
f 2755 2756 2757
f 2758 2759 2760
f 2761 2762 2763
f 2764 2765 2766
f 2767 2768 2769
f 2770 2771 2772
f 2773 2774 2775
f 2776 2777 2778
f 2779 2780 2781
f 2782 2783 2784
f 2785 2786 2787
f 2788 2789 2790
f 2791 2792 2793
f 2794 2795 2796
f 2797 2798 2799
f 2800 2801 2802
f 2803 2804 2805
f 2806 2807 2808
f 2809 2810 2811
f 2812 2813 2814
f 2815 2816 2817
f 2818 2819 2820
f 2821 2822 2823
f 2824 2825 2826
f 2827 2828 2829
f 2830 2831 2832
f 2833 2834 2835
f 2836 2837 2838
f 2839 2840 2841
f 2842 2843 2844
f 2845 2846 2847
f 2848 2849 2850
f 2851 2852 2853
f 2854 2855 2856
f 2857 2858 2859
f 2860 2861 2862
f 2863 2864 2865
f 2866 2867 2868
f 2869 2870 2871
f 2872 2873 2874
f 2875 2876 2877
f 2878 2879 2880
f 2881 2882 2883
f 2884 2885 2886
f 2887 2888 2889
f 2890 2891 2892
f 2893 2894 2895
f 2896 2897 2898
f 2899 2900 2901
f 2902 2903 2904
f 2905 2906 2907
f 2908 2909 2910
f 2911 2912 2913
f 2914 2915 2916
f 2917 2918 2919
f 2920 2921 2922
f 2923 2924 2925
f 2926 2927 2928
f 2929 2930 2931
f 2932 2933 2934
f 2935 2936 2937
f 2938 2939 2940
f 2941 2942 2943
f 2944 2945 2946
f 2947 2948 2949
f 2950 2951 2952
f 2953 2954 2955
f 2956 2957 2958
f 2959 2960 2961
f 2962 2963 2964
f 2965 2966 2967
f 2968 2969 2970
f 2971 2972 2973
f 2974 2975 2976
f 2977 2978 2979
f 2980 2981 2982
f 2983 2984 2985
f 2986 2987 2988
f 2989 2990 2991
f 2992 2993 2994
f 2995 2996 2997
f 2998 2999 3000
f 3001 3002 3003
f 3004 3005 3006
f 3007 3008 3009
f 3010 3011 3012
f 3013 3014 3015
f 3016 3017 3018
f 3019 3020 3021
f 3022 3023 3024
f 3025 3026 3027
f 3028 3029 3030
f 3031 3032 3033
f 3034 3035 3036
f 3037 3038 3039
f 3040 3041 3042
f 3043 3044 3045
f 3046 3047 3048
f 3049 3050 3051
f 3052 3053 3054
f 3055 3056 3057
f 3058 3059 3060
f 3061 3062 3063
f 3064 3065 3066
f 3067 3068 3069
f 3070 3071 3072
f 3073 3074 3075
f 3076 3077 3078
f 3079 3080 3081
f 3082 3083 3084
f 3085 3086 3087
f 3088 3089 3090
f 3091 3092 3093
f 3094 3095 3096
f 3097 3098 3099
f 3100 3101 3102
f 3103 3104 3105
f 3106 3107 3108
f 3109 3110 3111
f 3112 3113 3114
f 3115 3116 3117
f 3118 3119 3120
f 3121 3122 3123
f 3124 3125 3126
f 3127 3128 3129
f 3130 3131 3132
f 3133 3134 3135
f 3136 3137 3138
f 3139 3140 3141
f 3142 3143 3144
f 3145 3146 3147
f 3148 3149 3150
f 3151 3152 3153
f 3154 3155 3156
f 3157 3158 3159
f 3160 3161 3162
f 3163 3164 3165
f 3166 3167 3168
f 3169 3170 3171
f 3172 3173 3174
f 3175 3176 3177
f 3178 3179 3180
f 3181 3182 3183
f 3184 3185 3186
f 3187 3188 3189
f 3190 3191 3192
f 3193 3194 3195
f 3196 3197 3198
f 3199 3200 3201
f 3202 3203 3204
f 3205 3206 3207
f 3208 3209 3210
f 3211 3212 3213
f 3214 3215 3216
f 3217 3218 3219
f 3220 3221 3222
f 3223 3224 3225
f 3226 3227 3228
f 3229 3230 3231
f 3232 3233 3234
f 3235 3236 3237
f 3238 3239 3240
f 3241 3242 3243
f 3244 3245 3246
f 3247 3248 3249
f 3250 3251 3252
f 3253 3254 3255
f 3256 3257 3258
f 3259 3260 3261
f 3262 3263 3264
f 3265 3266 3267
f 3268 3269 3270
f 3271 3272 3273
f 3274 3275 3276
f 3277 3278 3279
f 3280 3281 3282
f 3283 3284 3285
f 3286 3287 3288
f 3289 3290 3291
f 3292 3293 3294
f 3295 3296 3297
f 3298 3299 3300
f 3301 3302 3303
f 3304 3305 3306
f 3307 3308 3309
f 3310 3311 3312
f 3313 3314 3315
f 3316 3317 3318
f 3319 3320 3321
f 3322 3323 3324
f 3325 3326 3327
f 3328 3329 3330
f 3331 3332 3333
f 3334 3335 3336
f 3337 3338 3339
f 3340 3341 3342
f 3343 3344 3345
f 3346 3347 3348
f 3349 3350 3351
f 3352 3353 3354
f 3355 3356 3357
f 3358 3359 3360
f 3361 3362 3363
f 3364 3365 3366
f 3367 3368 3369
f 3370 3371 3372
f 3373 3374 3375
f 3376 3377 3378
f 3379 3380 3381
f 3382 3383 3384
f 3385 3386 3387
f 3388 3389 3390
f 3391 3392 3393
f 3394 3395 3396
f 3397 3398 3399
f 3400 3401 3402
f 3403 3404 3405
f 3406 3407 3408
f 3409 3410 3411
f 3412 3413 3414
f 3415 3416 3417
f 3418 3419 3420
f 3421 3422 3423
f 3424 3425 3426
f 3427 3428 3429
f 3430 3431 3432
f 3433 3434 3435
f 3436 3437 3438
f 3439 3440 3441
f 3442 3443 3444
f 3445 3446 3447
f 3448 3449 3450
f 3451 3452 3453
f 3454 3455 3456
f 3457 3458 3459
f 3460 3461 3462
f 3463 3464 3465
f 3466 3467 3468
f 3469 3470 3471
f 3472 3473 3474
f 3475 3476 3477
f 3478 3479 3480
f 3481 3482 3483
f 3484 3485 3486
f 3487 3488 3489
f 3490 3491 3492
f 3493 3494 3495
f 3496 3497 3498
f 3499 3500 3501
f 3502 3503 3504
f 3505 3506 3507
f 3508 3509 3510
f 3511 3512 3513
f 3514 3515 3516
f 3517 3518 3519
f 3520 3521 3522
f 3523 3524 3525
f 3526 3527 3528
f 3529 3530 3531
f 3532 3533 3534
f 3535 3536 3537
f 3538 3539 3540
f 3541 3542 3543
f 3544 3545 3546
f 3547 3548 3549
f 3550 3551 3552
f 3553 3554 3555
f 3556 3557 3558
f 3559 3560 3561
f 3562 3563 3564
f 3565 3566 3567
f 3568 3569 3570
f 3571 3572 3573
f 3574 3575 3576
f 3577 3578 3579
f 3580 3581 3582
f 3583 3584 3585
f 3586 3587 3588
f 3589 3590 3591
f 3592 3593 3594
f 3595 3596 3597
f 3598 3599 3600
f 3601 3602 3603
f 3604 3605 3606
f 3607 3608 3609
f 3610 3611 3612
f 3613 3614 3615
f 3616 3617 3618
f 3619 3620 3621
f 3622 3623 3624
f 3625 3626 3627
f 3628 3629 3630
f 3631 3632 3633
f 3634 3635 3636
f 3637 3638 3639
f 3640 3641 3642
f 3643 3644 3645
f 3646 3647 3648
f 3649 3650 3651
f 3652 3653 3654
f 3655 3656 3657
f 3658 3659 3660
f 3661 3662 3663
f 3664 3665 3666
f 3667 3668 3669
f 3670 3671 3672
f 3673 3674 3675
f 3676 3677 3678
f 3679 3680 3681
f 3682 3683 3684
f 3685 3686 3687
f 3688 3689 3690
f 3691 3692 3693
f 3694 3695 3696
f 3697 3698 3699
f 3700 3701 3702
f 3703 3704 3705
f 3706 3707 3708
f 3709 3710 3711
f 3712 3713 3714
f 3715 3716 3717
f 3718 3719 3720
f 3721 3722 3723
f 3724 3725 3726
f 3727 3728 3729
f 3730 3731 3732
f 3733 3734 3735
f 3736 3737 3738
f 3739 3740 3741
f 3742 3743 3744
f 3745 3746 3747
f 3748 3749 3750
f 3751 3752 3753
f 3754 3755 3756
f 3757 3758 3759
f 3760 3761 3762
f 3763 3764 3765
f 3766 3767 3768
f 3769 3770 3771
f 3772 3773 3774
f 3775 3776 3777
f 3778 3779 3780
f 3781 3782 3783
f 3784 3785 3786
f 3787 3788 3789
f 3790 3791 3792
f 3793 3794 3795
f 3796 3797 3798
f 3799 3800 3801
f 3802 3803 3804
f 3805 3806 3807
f 3808 3809 3810
f 3811 3812 3813
f 3814 3815 3816
f 3817 3818 3819
f 3820 3821 3822
f 3823 3824 3825
f 3826 3827 3828
f 3829 3830 3831
f 3832 3833 3834
f 3835 3836 3837
f 3838 3839 3840
f 3841 3842 3843
f 3844 3845 3846
f 3847 3848 3849
f 3850 3851 3852
f 3853 3854 3855
f 3856 3857 3858
f 3859 3860 3861
f 3862 3863 3864
f 3865 3866 3867
f 3868 3869 3870
f 3871 3872 3873
f 3874 3875 3876
f 3877 3878 3879
f 3880 3881 3882
f 3883 3884 3885
f 3886 3887 3888
f 3889 3890 3891
f 3892 3893 3894
f 3895 3896 3897
f 3898 3899 3900
f 3901 3902 3903
f 3904 3905 3906
f 3907 3908 3909
f 3910 3911 3912
f 3913 3914 3915
f 3916 3917 3918
f 3919 3920 3921
f 3922 3923 3924
f 3925 3926 3927
f 3928 3929 3930
f 3931 3932 3933
f 3934 3935 3936
f 3937 3938 3939
f 3940 3941 3942
f 3943 3944 3945
f 3946 3947 3948
f 3949 3950 3951
f 3952 3953 3954
f 3955 3956 3957
f 3958 3959 3960
f 3961 3962 3963
f 3964 3965 3966
f 3967 3968 3969
f 3970 3971 3972
f 3973 3974 3975
f 3976 3977 3978
f 3979 3980 3981
f 3982 3983 3984
f 3985 3986 3987
f 3988 3989 3990
f 3991 3992 3993
f 3994 3995 3996
f 3997 3998 3999
f 4000 4001 4002
f 4003 4004 4005
f 4006 4007 4008
f 4009 4010 4011
f 4012 4013 4014
f 4015 4016 4017
f 4018 4019 4020
f 4021 4022 4023
f 4024 4025 4026
f 4027 4028 4029
f 4030 4031 4032
f 4033 4034 4035
f 4036 4037 4038
f 4039 4040 4041
f 4042 4043 4044
f 4045 4046 4047
f 4048 4049 4050
f 4051 4052 4053
f 4054 4055 4056
f 4057 4058 4059
f 4060 4061 4062
f 4063 4064 4065
f 4066 4067 4068
f 4069 4070 4071
f 4072 4073 4074
f 4075 4076 4077
f 4078 4079 4080
f 4081 4082 4083
f 4084 4085 4086
f 4087 4088 4089
f 4090 4091 4092
f 4093 4094 4095
f 4096 4097 4098
f 4099 4100 4101
f 4102 4103 4104
f 4105 4106 4107
f 4108 4109 4110
f 4111 4112 4113
f 4114 4115 4116
f 4117 4118 4119
f 4120 4121 4122
f 4123 4124 4125
f 4126 4127 4128
f 4129 4130 4131
f 4132 4133 4134
f 4135 4136 4137
f 4138 4139 4140
f 4141 4142 4143
f 4144 4145 4146
f 4147 4148 4149
f 4150 4151 4152
f 4153 4154 4155
f 4156 4157 4158
f 4159 4160 4161
f 4162 4163 4164
f 4165 4166 4167
f 4168 4169 4170
f 4171 4172 4173
f 4174 4175 4176
f 4177 4178 4179
f 4180 4181 4182
f 4183 4184 4185
f 4186 4187 4188
f 4189 4190 4191
f 4192 4193 4194
f 4195 4196 4197
f 4198 4199 4200
f 4201 4202 4203
f 4204 4205 4206
f 4207 4208 4209
f 4210 4211 4212
f 4213 4214 4215
f 4216 4217 4218
f 4219 4220 4221
f 4222 4223 4224
f 4225 4226 4227
f 4228 4229 4230
f 4231 4232 4233
f 4234 4235 4236
f 4237 4238 4239
f 4240 4241 4242
f 4243 4244 4245
f 4246 4247 4248
f 4249 4250 4251
f 4252 4253 4254
f 4255 4256 4257
f 4258 4259 4260
f 4261 4262 4263
f 4264 4265 4266
f 4267 4268 4269
f 4270 4271 4272
f 4273 4274 4275
f 4276 4277 4278
f 4279 4280 4281
f 4282 4283 4284
f 4285 4286 4287
f 4288 4289 4290
f 4291 4292 4293
f 4294 4295 4296
f 4297 4298 4299
f 4300 4301 4302
f 4303 4304 4305
f 4306 4307 4308
f 4309 4310 4311
f 4312 4313 4314
f 4315 4316 4317
f 4318 4319 4320
f 4321 4322 4323
f 4324 4325 4326
f 4327 4328 4329
f 4330 4331 4332
f 4333 4334 4335
f 4336 4337 4338
f 4339 4340 4341
f 4342 4343 4344
f 4345 4346 4347
f 4348 4349 4350
f 4351 4352 4353
f 4354 4355 4356
f 4357 4358 4359
f 4360 4361 4362
f 4363 4364 4365
f 4366 4367 4368
f 4369 4370 4371
f 4372 4373 4374
f 4375 4376 4377
f 4378 4379 4380
f 4381 4382 4383
f 4384 4385 4386
f 4387 4388 4389
f 4390 4391 4392
f 4393 4394 4395
f 4396 4397 4398
f 4399 4400 4401
f 4402 4403 4404
f 4405 4406 4407
f 4408 4409 4410
f 4411 4412 4413
f 4414 4415 4416
f 4417 4418 4419
f 4420 4421 4422
f 4423 4424 4425
f 4426 4427 4428
f 4429 4430 4431
f 4432 4433 4434
f 4435 4436 4437
f 4438 4439 4440
f 4441 4442 4443
f 4444 4445 4446
f 4447 4448 4449
f 4450 4451 4452
f 4453 4454 4455
f 4456 4457 4458
f 4459 4460 4461
f 4462 4463 4464
f 4465 4466 4467
f 4468 4469 4470
f 4471 4472 4473
f 4474 4475 4476
f 4477 4478 4479
f 4480 4481 4482
f 4483 4484 4485
f 4486 4487 4488
f 4489 4490 4491
f 4492 4493 4494
f 4495 4496 4497
f 4498 4499 4500
f 4501 4502 4503
f 4504 4505 4506
f 4507 4508 4509
f 4510 4511 4512
f 4513 4514 4515
f 4516 4517 4518
f 4519 4520 4521
f 4522 4523 4524
f 4525 4526 4527
f 4528 4529 4530
f 4531 4532 4533
f 4534 4535 4536
f 4537 4538 4539
f 4540 4541 4542
f 4543 4544 4545
f 4546 4547 4548
f 4549 4550 4551
f 4552 4553 4554
f 4555 4556 4557
f 4558 4559 4560
f 4561 4562 4563
f 4564 4565 4566
f 4567 4568 4569
f 4570 4571 4572
f 4573 4574 4575
f 4576 4577 4578
f 4579 4580 4581
f 4582 4583 4584
f 4585 4586 4587
f 4588 4589 4590
f 4591 4592 4593
f 4594 4595 4596
f 4597 4598 4599
f 4600 4601 4602
f 4603 4604 4605
f 4606 4607 4608
f 4609 4610 4611
f 4612 4613 4614
f 4615 4616 4617
f 4618 4619 4620
f 4621 4622 4623
f 4624 4625 4626
f 4627 4628 4629
f 4630 4631 4632
f 4633 4634 4635
f 4636 4637 4638
f 4639 4640 4641
f 4642 4643 4644
f 4645 4646 4647
f 4648 4649 4650
f 4651 4652 4653
f 4654 4655 4656
f 4657 4658 4659
f 4660 4661 4662
f 4663 4664 4665
f 4666 4667 4668
f 4669 4670 4671
f 4672 4673 4674
f 4675 4676 4677
f 4678 4679 4680
f 4681 4682 4683
f 4684 4685 4686
f 4687 4688 4689
f 4690 4691 4692
f 4693 4694 4695
f 4696 4697 4698
f 4699 4700 4701
f 4702 4703 4704
f 4705 4706 4707
f 4708 4709 4710
f 4711 4712 4713
f 4714 4715 4716
f 4717 4718 4719
f 4720 4721 4722
f 4723 4724 4725
f 4726 4727 4728
f 4729 4730 4731
f 4732 4733 4734
f 4735 4736 4737
f 4738 4739 4740
f 4741 4742 4743
f 4744 4745 4746
f 4747 4748 4749
f 4750 4751 4752
f 4753 4754 4755
f 4756 4757 4758
f 4759 4760 4761
f 4762 4763 4764
f 4765 4766 4767
f 4768 4769 4770
f 4771 4772 4773
f 4774 4775 4776
f 4777 4778 4779
f 4780 4781 4782
f 4783 4784 4785
f 4786 4787 4788
f 4789 4790 4791
f 4792 4793 4794
f 4795 4796 4797
f 4798 4799 4800
f 4801 4802 4803
f 4804 4805 4806
f 4807 4808 4809
f 4810 4811 4812
f 4813 4814 4815
f 4816 4817 4818
f 4819 4820 4821
f 4822 4823 4824
f 4825 4826 4827
f 4828 4829 4830
f 4831 4832 4833
f 4834 4835 4836
f 4837 4838 4839
f 4840 4841 4842
f 4843 4844 4845
f 4846 4847 4848
f 4849 4850 4851
f 4852 4853 4854
f 4855 4856 4857
f 4858 4859 4860
f 4861 4862 4863
f 4864 4865 4866
f 4867 4868 4869
f 4870 4871 4872
f 4873 4874 4875
f 4876 4877 4878
f 4879 4880 4881
f 4882 4883 4884
f 4885 4886 4887
f 4888 4889 4890
f 4891 4892 4893
f 4894 4895 4896
f 4897 4898 4899
f 4900 4901 4902
f 4903 4904 4905
f 4906 4907 4908
f 4909 4910 4911
f 4912 4913 4914
f 4915 4916 4917
f 4918 4919 4920
f 4921 4922 4923
f 4924 4925 4926
f 4927 4928 4929
f 4930 4931 4932
f 4933 4934 4935
f 4936 4937 4938
f 4939 4940 4941
f 4942 4943 4944
f 4945 4946 4947
f 4948 4949 4950
f 4951 4952 4953
f 4954 4955 4956
f 4957 4958 4959
f 4960 4961 4962
f 4963 4964 4965
f 4966 4967 4968
f 4969 4970 4971
f 4972 4973 4974
f 4975 4976 4977
f 4978 4979 4980
f 4981 4982 4983
f 4984 4985 4986
f 4987 4988 4989
f 4990 4991 4992
f 4993 4994 4995
f 4996 4997 4998
f 4999 5000 5001
f 5002 5003 5004
f 5005 5006 5007
f 5008 5009 5010
f 5011 5012 5013
f 5014 5015 5016
f 5017 5018 5019
f 5020 5021 5022
f 5023 5024 5025
f 5026 5027 5028
f 5029 5030 5031
f 5032 5033 5034
f 5035 5036 5037
f 5038 5039 5040
f 5041 5042 5043
f 5044 5045 5046
f 5047 5048 5049
f 5050 5051 5052
f 5053 5054 5055
f 5056 5057 5058
f 5059 5060 5061
f 5062 5063 5064
f 5065 5066 5067
f 5068 5069 5070
f 5071 5072 5073
f 5074 5075 5076
f 5077 5078 5079
f 5080 5081 5082
f 5083 5084 5085
f 5086 5087 5088
f 5089 5090 5091
f 5092 5093 5094
f 5095 5096 5097
f 5098 5099 5100
f 5101 5102 5103
f 5104 5105 5106
f 5107 5108 5109
f 5110 5111 5112
f 5113 5114 5115
f 5116 5117 5118
f 5119 5120 5121
f 5122 5123 5124
f 5125 5126 5127
f 5128 5129 5130
f 5131 5132 5133
f 5134 5135 5136
f 5137 5138 5139
f 5140 5141 5142
f 5143 5144 5145
f 5146 5147 5148
f 5149 5150 5151
f 5152 5153 5154
f 5155 5156 5157
f 5158 5159 5160
f 5161 5162 5163
f 5164 5165 5166
f 5167 5168 5169
f 5170 5171 5172
f 5173 5174 5175
f 5176 5177 5178
f 5179 5180 5181
f 5182 5183 5184
f 5185 5186 5187
f 5188 5189 5190
f 5191 5192 5193
f 5194 5195 5196
f 5197 5198 5199
f 5200 5201 5202
f 5203 5204 5205
f 5206 5207 5208
f 5209 5210 5211
f 5212 5213 5214
f 5215 5216 5217
f 5218 5219 5220
f 5221 5222 5223
f 5224 5225 5226
f 5227 5228 5229
f 5230 5231 5232
f 5233 5234 5235
f 5236 5237 5238
f 5239 5240 5241
f 5242 5243 5244
f 5245 5246 5247
f 5248 5249 5250
f 5251 5252 5253
f 5254 5255 5256
f 5257 5258 5259
f 5260 5261 5262
f 5263 5264 5265
f 5266 5267 5268
f 5269 5270 5271
f 5272 5273 5274
f 5275 5276 5277
f 5278 5279 5280
f 5281 5282 5283
f 5284 5285 5286
f 5287 5288 5289
f 5290 5291 5292
f 5293 5294 5295
f 5296 5297 5298
f 5299 5300 5301
f 5302 5303 5304
f 5305 5306 5307
f 5308 5309 5310
f 5311 5312 5313
f 5314 5315 5316
f 5317 5318 5319
f 5320 5321 5322
f 5323 5324 5325
f 5326 5327 5328
f 5329 5330 5331
f 5332 5333 5334
f 5335 5336 5337
f 5338 5339 5340
f 5341 5342 5343
f 5344 5345 5346
f 5347 5348 5349
f 5350 5351 5352
f 5353 5354 5355
f 5356 5357 5358
f 5359 5360 5361
f 5362 5363 5364
f 5365 5366 5367
f 5368 5369 5370
f 5371 5372 5373
f 5374 5375 5376
f 5377 5378 5379
f 5380 5381 5382
f 5383 5384 5385
f 5386 5387 5388
f 5389 5390 5391
f 5392 5393 5394
f 5395 5396 5397
f 5398 5399 5400
f 5401 5402 5403
f 5404 5405 5406
f 5407 5408 5409
f 5410 5411 5412
f 5413 5414 5415
f 5416 5417 5418
f 5419 5420 5421
f 5422 5423 5424
f 5425 5426 5427
f 5428 5429 5430
f 5431 5432 5433
f 5434 5435 5436
f 5437 5438 5439
f 5440 5441 5442
f 5443 5444 5445
f 5446 5447 5448
f 5449 5450 5451
f 5452 5453 5454
f 5455 5456 5457
f 5458 5459 5460
f 5461 5462 5463
f 5464 5465 5466
f 5467 5468 5469
f 5470 5471 5472
f 5473 5474 5475
f 5476 5477 5478
f 5479 5480 5481
f 5482 5483 5484
f 5485 5486 5487
f 5488 5489 5490
f 5491 5492 5493
f 5494 5495 5496
f 5497 5498 5499
f 5500 5501 5502
f 5503 5504 5505
f 5506 5507 5508
f 5509 5510 5511
f 5512 5513 5514
f 5515 5516 5517
f 5518 5519 5520
f 5521 5522 5523
f 5524 5525 5526
f 5527 5528 5529
f 5530 5531 5532
f 5533 5534 5535
f 5536 5537 5538
f 5539 5540 5541
f 5542 5543 5544
f 5545 5546 5547
f 5548 5549 5550
f 5551 5552 5553
f 5554 5555 5556
f 5557 5558 5559
f 5560 5561 5562
f 5563 5564 5565
f 5566 5567 5568
f 5569 5570 5571
f 5572 5573 5574
f 5575 5576 5577
f 5578 5579 5580
f 5581 5582 5583
f 5584 5585 5586
f 5587 5588 5589
f 5590 5591 5592
f 5593 5594 5595
f 5596 5597 5598
f 5599 5600 5601
f 5602 5603 5604
f 5605 5606 5607
f 5608 5609 5610
f 5611 5612 5613
f 5614 5615 5616
f 5617 5618 5619
f 5620 5621 5622
f 5623 5624 5625
f 5626 5627 5628
f 5629 5630 5631
f 5632 5633 5634
f 5635 5636 5637
f 5638 5639 5640
f 5641 5642 5643
f 5644 5645 5646
f 5647 5648 5649
f 5650 5651 5652
f 5653 5654 5655
f 5656 5657 5658
f 5659 5660 5661
f 5662 5663 5664
f 5665 5666 5667
f 5668 5669 5670
f 5671 5672 5673
f 5674 5675 5676
f 5677 5678 5679
f 5680 5681 5682
f 5683 5684 5685
f 5686 5687 5688
f 5689 5690 5691
f 5692 5693 5694
f 5695 5696 5697
f 5698 5699 5700
f 5701 5702 5703
f 5704 5705 5706
f 5707 5708 5709
f 5710 5711 5712
f 5713 5714 5715
f 5716 5717 5718
f 5719 5720 5721
f 5722 5723 5724
f 5725 5726 5727
f 5728 5729 5730
f 5731 5732 5733
f 5734 5735 5736
f 5737 5738 5739
f 5740 5741 5742
f 5743 5744 5745
f 5746 5747 5748
f 5749 5750 5751
f 5752 5753 5754
f 5755 5756 5757
f 5758 5759 5760
f 5761 5762 5763
f 5764 5765 5766
f 5767 5768 5769
f 5770 5771 5772
f 5773 5774 5775
f 5776 5777 5778
f 5779 5780 5781
f 5782 5783 5784
f 5785 5786 5787
f 5788 5789 5790
f 5791 5792 5793
f 5794 5795 5796
f 5797 5798 5799
f 5800 5801 5802
f 5803 5804 5805
f 5806 5807 5808
f 5809 5810 5811
f 5812 5813 5814
f 5815 5816 5817
f 5818 5819 5820
f 5821 5822 5823
f 5824 5825 5826
f 5827 5828 5829
f 5830 5831 5832
f 5833 5834 5835
f 5836 5837 5838
f 5839 5840 5841
f 5842 5843 5844
f 5845 5846 5847
f 5848 5849 5850
f 5851 5852 5853
f 5854 5855 5856
f 5857 5858 5859
f 5860 5861 5862
f 5863 5864 5865
f 5866 5867 5868
f 5869 5870 5871
f 5872 5873 5874
f 5875 5876 5877
f 5878 5879 5880
f 5881 5882 5883
f 5884 5885 5886
f 5887 5888 5889
f 5890 5891 5892
f 5893 5894 5895
f 5896 5897 5898
f 5899 5900 5901
f 5902 5903 5904
f 5905 5906 5907
f 5908 5909 5910
f 5911 5912 5913
f 5914 5915 5916
f 5917 5918 5919
f 5920 5921 5922
f 5923 5924 5925
f 5926 5927 5928
f 5929 5930 5931
f 5932 5933 5934
f 5935 5936 5937
f 5938 5939 5940
f 5941 5942 5943
f 5944 5945 5946
f 5947 5948 5949
f 5950 5951 5952
f 5953 5954 5955
f 5956 5957 5958
f 5959 5960 5961
f 5962 5963 5964
f 5965 5966 5967
f 5968 5969 5970
f 5971 5972 5973
f 5974 5975 5976
f 5977 5978 5979
f 5980 5981 5982
f 5983 5984 5985
f 5986 5987 5988
f 5989 5990 5991
f 5992 5993 5994
f 5995 5996 5997
f 5998 5999 6000
f 6001 6002 6003
f 6004 6005 6006
f 6007 6008 6009
f 6010 6011 6012
f 6013 6014 6015
f 6016 6017 6018
f 6019 6020 6021
f 6022 6023 6024
f 6025 6026 6027
f 6028 6029 6030
f 6031 6032 6033
f 6034 6035 6036
f 6037 6038 6039
f 6040 6041 6042
f 6043 6044 6045
f 6046 6047 6048
f 6049 6050 6051
f 6052 6053 6054
f 6055 6056 6057
f 6058 6059 6060
f 6061 6062 6063
f 6064 6065 6066
f 6067 6068 6069
f 6070 6071 6072
f 6073 6074 6075
f 6076 6077 6078
f 6079 6080 6081
f 6082 6083 6084
f 6085 6086 6087
f 6088 6089 6090
f 6091 6092 6093
f 6094 6095 6096
f 6097 6098 6099
f 6100 6101 6102
f 6103 6104 6105
f 6106 6107 6108
f 6109 6110 6111
f 6112 6113 6114
f 6115 6116 6117
f 6118 6119 6120
f 6121 6122 6123
f 6124 6125 6126
f 6127 6128 6129
f 6130 6131 6132
f 6133 6134 6135
f 6136 6137 6138
f 6139 6140 6141
f 6142 6143 6144
f 6145 6146 6147
f 6148 6149 6150
f 6151 6152 6153
f 6154 6155 6156
f 6157 6158 6159
f 6160 6161 6162
f 6163 6164 6165
f 6166 6167 6168
f 6169 6170 6171
f 6172 6173 6174
f 6175 6176 6177
f 6178 6179 6180
f 6181 6182 6183
f 6184 6185 6186
f 6187 6188 6189
f 6190 6191 6192
f 6193 6194 6195
f 6196 6197 6198
f 6199 6200 6201
f 6202 6203 6204
f 6205 6206 6207
f 6208 6209 6210
f 6211 6212 6213
f 6214 6215 6216
f 6217 6218 6219
f 6220 6221 6222
f 6223 6224 6225
f 6226 6227 6228
f 6229 6230 6231
f 6232 6233 6234
f 6235 6236 6237
f 6238 6239 6240
f 6241 6242 6243
f 6244 6245 6246
f 6247 6248 6249
f 6250 6251 6252
f 6253 6254 6255
f 6256 6257 6258
f 6259 6260 6261
f 6262 6263 6264
f 6265 6266 6267
f 6268 6269 6270
f 6271 6272 6273
f 6274 6275 6276
f 6277 6278 6279
f 6280 6281 6282
f 6283 6284 6285
f 6286 6287 6288
f 6289 6290 6291
f 6292 6293 6294
f 6295 6296 6297
f 6298 6299 6300
f 6301 6302 6303
f 6304 6305 6306
f 6307 6308 6309
f 6310 6311 6312
f 6313 6314 6315
f 6316 6317 6318
f 6319 6320 6321
f 6322 6323 6324
f 6325 6326 6327
f 6328 6329 6330
f 6331 6332 6333
f 6334 6335 6336
f 6337 6338 6339
f 6340 6341 6342
f 6343 6344 6345
f 6346 6347 6348
f 6349 6350 6351
f 6352 6353 6354
f 6355 6356 6357
f 6358 6359 6360
f 6361 6362 6363
f 6364 6365 6366
f 6367 6368 6369
f 6370 6371 6372
f 6373 6374 6375
f 6376 6377 6378
f 6379 6380 6381
f 6382 6383 6384
f 6385 6386 6387
f 6388 6389 6390
f 6391 6392 6393
f 6394 6395 6396
f 6397 6398 6399
f 6400 6401 6402
f 6403 6404 6405
f 6406 6407 6408
f 6409 6410 6411
f 6412 6413 6414
f 6415 6416 6417
f 6418 6419 6420
f 6421 6422 6423
f 6424 6425 6426
f 6427 6428 6429
f 6430 6431 6432
f 6433 6434 6435
f 6436 6437 6438
f 6439 6440 6441
f 6442 6443 6444
f 6445 6446 6447
f 6448 6449 6450
f 6451 6452 6453
f 6454 6455 6456
f 6457 6458 6459
f 6460 6461 6462
f 6463 6464 6465
f 6466 6467 6468
f 6469 6470 6471
f 6472 6473 6474
f 6475 6476 6477
f 6478 6479 6480
f 6481 6482 6483
f 6484 6485 6486
f 6487 6488 6489
f 6490 6491 6492
f 6493 6494 6495
f 6496 6497 6498
f 6499 6500 6501
f 6502 6503 6504
f 6505 6506 6507
f 6508 6509 6510
f 6511 6512 6513
f 6514 6515 6516
f 6517 6518 6519
f 6520 6521 6522
f 6523 6524 6525
f 6526 6527 6528
f 6529 6530 6531
f 6532 6533 6534
f 6535 6536 6537
f 6538 6539 6540
f 6541 6542 6543
f 6544 6545 6546
f 6547 6548 6549
f 6550 6551 6552
f 6553 6554 6555
f 6556 6557 6558
f 6559 6560 6561
f 6562 6563 6564
f 6565 6566 6567
f 6568 6569 6570
f 6571 6572 6573
f 6574 6575 6576
f 6577 6578 6579
f 6580 6581 6582
f 6583 6584 6585
f 6586 6587 6588
f 6589 6590 6591
f 6592 6593 6594
f 6595 6596 6597
f 6598 6599 6600
f 6601 6602 6603
f 6604 6605 6606
f 6607 6608 6609
f 6610 6611 6612
f 6613 6614 6615
f 6616 6617 6618
f 6619 6620 6621
f 6622 6623 6624
f 6625 6626 6627
f 6628 6629 6630
f 6631 6632 6633
f 6634 6635 6636
f 6637 6638 6639
f 6640 6641 6642
f 6643 6644 6645
f 6646 6647 6648
f 6649 6650 6651
f 6652 6653 6654
f 6655 6656 6657
f 6658 6659 6660
f 6661 6662 6663
f 6664 6665 6666
f 6667 6668 6669
f 6670 6671 6672
f 6673 6674 6675
f 6676 6677 6678
f 6679 6680 6681
f 6682 6683 6684
f 6685 6686 6687
f 6688 6689 6690
f 6691 6692 6693
f 6694 6695 6696
f 6697 6698 6699
f 6700 6701 6702
f 6703 6704 6705
f 6706 6707 6708
f 6709 6710 6711
f 6712 6713 6714
f 6715 6716 6717
f 6718 6719 6720
f 6721 6722 6723
f 6724 6725 6726
f 6727 6728 6729
f 6730 6731 6732
f 6733 6734 6735
f 6736 6737 6738
f 6739 6740 6741
f 6742 6743 6744
f 6745 6746 6747
f 6748 6749 6750
f 6751 6752 6753
f 6754 6755 6756
f 6757 6758 6759
f 6760 6761 6762
f 6763 6764 6765
f 6766 6767 6768
f 6769 6770 6771
f 6772 6773 6774
f 6775 6776 6777
f 6778 6779 6780
f 6781 6782 6783
f 6784 6785 6786
f 6787 6788 6789
f 6790 6791 6792
f 6793 6794 6795
f 6796 6797 6798
f 6799 6800 6801
f 6802 6803 6804
f 6805 6806 6807
f 6808 6809 6810
f 6811 6812 6813
f 6814 6815 6816
f 6817 6818 6819
f 6820 6821 6822
f 6823 6824 6825
f 6826 6827 6828
f 6829 6830 6831
f 6832 6833 6834
f 6835 6836 6837
f 6838 6839 6840
f 6841 6842 6843
f 6844 6845 6846
f 6847 6848 6849
f 6850 6851 6852
f 6853 6854 6855
f 6856 6857 6858
f 6859 6860 6861
f 6862 6863 6864
f 6865 6866 6867
f 6868 6869 6870
f 6871 6872 6873
f 6874 6875 6876
f 6877 6878 6879
f 6880 6881 6882
f 6883 6884 6885
f 6886 6887 6888
f 6889 6890 6891
f 6892 6893 6894
f 6895 6896 6897
f 6898 6899 6900
f 6901 6902 6903
f 6904 6905 6906
f 6907 6908 6909
f 6910 6911 6912
f 6913 6914 6915
f 6916 6917 6918
f 6919 6920 6921
f 6922 6923 6924
f 6925 6926 6927
f 6928 6929 6930
f 6931 6932 6933
f 6934 6935 6936
f 6937 6938 6939
f 6940 6941 6942
f 6943 6944 6945
f 6946 6947 6948
f 6949 6950 6951
f 6952 6953 6954
f 6955 6956 6957
f 6958 6959 6960
f 6961 6962 6963
f 6964 6965 6966
f 6967 6968 6969
f 6970 6971 6972
f 6973 6974 6975
f 6976 6977 6978
f 6979 6980 6981
f 6982 6983 6984
f 6985 6986 6987
f 6988 6989 6990
f 6991 6992 6993
f 6994 6995 6996
f 6997 6998 6999
f 7000 7001 7002
f 7003 7004 7005
f 7006 7007 7008
f 7009 7010 7011
f 7012 7013 7014
f 7015 7016 7017
f 7018 7019 7020
f 7021 7022 7023
f 7024 7025 7026
f 7027 7028 7029
f 7030 7031 7032
f 7033 7034 7035
f 7036 7037 7038
f 7039 7040 7041
f 7042 7043 7044
f 7045 7046 7047
f 7048 7049 7050
f 7051 7052 7053
f 7054 7055 7056
f 7057 7058 7059
f 7060 7061 7062
f 7063 7064 7065
f 7066 7067 7068
f 7069 7070 7071
f 7072 7073 7074
f 7075 7076 7077
f 7078 7079 7080
f 7081 7082 7083
f 7084 7085 7086
f 7087 7088 7089
f 7090 7091 7092
f 7093 7094 7095
f 7096 7097 7098
f 7099 7100 7101
f 7102 7103 7104
f 7105 7106 7107
f 7108 7109 7110
f 7111 7112 7113
f 7114 7115 7116
f 7117 7118 7119
f 7120 7121 7122
f 7123 7124 7125
f 7126 7127 7128
f 7129 7130 7131
f 7132 7133 7134
f 7135 7136 7137
f 7138 7139 7140
f 7141 7142 7143
f 7144 7145 7146
f 7147 7148 7149
f 7150 7151 7152
f 7153 7154 7155
f 7156 7157 7158
f 7159 7160 7161
f 7162 7163 7164
f 7165 7166 7167
f 7168 7169 7170
f 7171 7172 7173
f 7174 7175 7176
f 7177 7178 7179
f 7180 7181 7182
f 7183 7184 7185
f 7186 7187 7188
f 7189 7190 7191
f 7192 7193 7194
f 7195 7196 7197
f 7198 7199 7200
f 7201 7202 7203
f 7204 7205 7206
f 7207 7208 7209
f 7210 7211 7212
f 7213 7214 7215
f 7216 7217 7218
f 7219 7220 7221
f 7222 7223 7224
f 7225 7226 7227
f 7228 7229 7230
f 7231 7232 7233
f 7234 7235 7236
f 7237 7238 7239
f 7240 7241 7242
f 7243 7244 7245
f 7246 7247 7248
f 7249 7250 7251
f 7252 7253 7254
f 7255 7256 7257
f 7258 7259 7260
f 7261 7262 7263
f 7264 7265 7266
f 7267 7268 7269
f 7270 7271 7272
f 7273 7274 7275
f 7276 7277 7278
f 7279 7280 7281
f 7282 7283 7284
f 7285 7286 7287
f 7288 7289 7290
f 7291 7292 7293
f 7294 7295 7296
f 7297 7298 7299
f 7300 7301 7302
f 7303 7304 7305
f 7306 7307 7308
f 7309 7310 7311
f 7312 7313 7314
f 7315 7316 7317
f 7318 7319 7320
f 7321 7322 7323
f 7324 7325 7326
f 7327 7328 7329
f 7330 7331 7332
f 7333 7334 7335
f 7336 7337 7338
f 7339 7340 7341
f 7342 7343 7344
f 7345 7346 7347
f 7348 7349 7350
f 7351 7352 7353
f 7354 7355 7356
f 7357 7358 7359
f 7360 7361 7362
f 7363 7364 7365
f 7366 7367 7368
f 7369 7370 7371
f 7372 7373 7374
f 7375 7376 7377
f 7378 7379 7380
f 7381 7382 7383
f 7384 7385 7386
f 7387 7388 7389
f 7390 7391 7392
f 7393 7394 7395
f 7396 7397 7398
f 7399 7400 7401
f 7402 7403 7404
f 7405 7406 7407
f 7408 7409 7410
f 7411 7412 7413
f 7414 7415 7416
f 7417 7418 7419
f 7420 7421 7422
f 7423 7424 7425
f 7426 7427 7428
f 7429 7430 7431
f 7432 7433 7434
f 7435 7436 7437
f 7438 7439 7440
f 7441 7442 7443
f 7444 7445 7446
f 7447 7448 7449
f 7450 7451 7452
f 7453 7454 7455
f 7456 7457 7458
f 7459 7460 7461
f 7462 7463 7464
f 7465 7466 7467
f 7468 7469 7470
f 7471 7472 7473
f 7474 7475 7476
f 7477 7478 7479
f 7480 7481 7482
f 7483 7484 7485
f 7486 7487 7488
f 7489 7490 7491
f 7492 7493 7494
f 7495 7496 7497
f 7498 7499 7500
f 7501 7502 7503
f 7504 7505 7506
f 7507 7508 7509
f 7510 7511 7512
f 7513 7514 7515
f 7516 7517 7518
f 7519 7520 7521
f 7522 7523 7524
f 7525 7526 7527
f 7528 7529 7530
f 7531 7532 7533
f 7534 7535 7536
f 7537 7538 7539
f 7540 7541 7542
f 7543 7544 7545
f 7546 7547 7548
f 7549 7550 7551
f 7552 7553 7554
f 7555 7556 7557
f 7558 7559 7560
f 7561 7562 7563
f 7564 7565 7566
f 7567 7568 7569
f 7570 7571 7572
f 7573 7574 7575
f 7576 7577 7578
f 7579 7580 7581
f 7582 7583 7584
f 7585 7586 7587
f 7588 7589 7590
f 7591 7592 7593
f 7594 7595 7596
f 7597 7598 7599
f 7600 7601 7602
f 7603 7604 7605
f 7606 7607 7608
f 7609 7610 7611
f 7612 7613 7614
f 7615 7616 7617
f 7618 7619 7620
f 7621 7622 7623
f 7624 7625 7626
f 7627 7628 7629
f 7630 7631 7632
f 7633 7634 7635
f 7636 7637 7638
f 7639 7640 7641
f 7642 7643 7644
f 7645 7646 7647
f 7648 7649 7650
f 7651 7652 7653
f 7654 7655 7656
f 7657 7658 7659
f 7660 7661 7662
f 7663 7664 7665
f 7666 7667 7668
f 7669 7670 7671
f 7672 7673 7674
f 7675 7676 7677
f 7678 7679 7680
f 7681 7682 7683
f 7684 7685 7686
f 7687 7688 7689
f 7690 7691 7692
f 7693 7694 7695
f 7696 7697 7698
f 7699 7700 7701
f 7702 7703 7704
f 7705 7706 7707
f 7708 7709 7710
f 7711 7712 7713
f 7714 7715 7716
f 7717 7718 7719
f 7720 7721 7722
f 7723 7724 7725
f 7726 7727 7728
f 7729 7730 7731
f 7732 7733 7734
f 7735 7736 7737
f 7738 7739 7740
f 7741 7742 7743
f 7744 7745 7746
f 7747 7748 7749
f 7750 7751 7752
f 7753 7754 7755
f 7756 7757 7758
f 7759 7760 7761
f 7762 7763 7764
f 7765 7766 7767
f 7768 7769 7770
f 7771 7772 7773
f 7774 7775 7776
f 7777 7778 7779
f 7780 7781 7782
f 7783 7784 7785
f 7786 7787 7788
f 7789 7790 7791
f 7792 7793 7794
f 7795 7796 7797
f 7798 7799 7800
f 7801 7802 7803
f 7804 7805 7806
f 7807 7808 7809
f 7810 7811 7812
f 7813 7814 7815
f 7816 7817 7818
f 7819 7820 7821
f 7822 7823 7824
f 7825 7826 7827
f 7828 7829 7830
f 7831 7832 7833
f 7834 7835 7836
f 7837 7838 7839
f 7840 7841 7842
f 7843 7844 7845
f 7846 7847 7848
f 7849 7850 7851
f 7852 7853 7854
f 7855 7856 7857
f 7858 7859 7860
f 7861 7862 7863
f 7864 7865 7866
f 7867 7868 7869
f 7870 7871 7872
f 7873 7874 7875
f 7876 7877 7878
f 7879 7880 7881
f 7882 7883 7884
f 7885 7886 7887
f 7888 7889 7890
f 7891 7892 7893
f 7894 7895 7896
f 7897 7898 7899
f 7900 7901 7902
f 7903 7904 7905
f 7906 7907 7908
f 7909 7910 7911
f 7912 7913 7914
f 7915 7916 7917
f 7918 7919 7920
f 7921 7922 7923
f 7924 7925 7926
f 7927 7928 7929
f 7930 7931 7932
f 7933 7934 7935
f 7936 7937 7938
f 7939 7940 7941
f 7942 7943 7944
f 7945 7946 7947
f 7948 7949 7950
f 7951 7952 7953
f 7954 7955 7956
f 7957 7958 7959
f 7960 7961 7962
f 7963 7964 7965
f 7966 7967 7968
f 7969 7970 7971
f 7972 7973 7974
f 7975 7976 7977
f 7978 7979 7980
f 7981 7982 7983
f 7984 7985 7986
f 7987 7988 7989
f 7990 7991 7992
f 7993 7994 7995
f 7996 7997 7998
f 7999 8000 8001
f 8002 8003 8004
f 8005 8006 8007
f 8008 8009 8010
f 8011 8012 8013
f 8014 8015 8016
f 8017 8018 8019
f 8020 8021 8022
f 8023 8024 8025
f 8026 8027 8028
f 8029 8030 8031
f 8032 8033 8034
f 8035 8036 8037
f 8038 8039 8040
f 8041 8042 8043
f 8044 8045 8046
f 8047 8048 8049
f 8050 8051 8052
f 8053 8054 8055
f 8056 8057 8058
f 8059 8060 8061
f 8062 8063 8064
f 8065 8066 8067
f 8068 8069 8070
f 8071 8072 8073
f 8074 8075 8076
f 8077 8078 8079
f 8080 8081 8082
f 8083 8084 8085
f 8086 8087 8088
f 8089 8090 8091
f 8092 8093 8094
f 8095 8096 8097
f 8098 8099 8100
f 8101 8102 8103
f 8104 8105 8106
f 8107 8108 8109
f 8110 8111 8112
f 8113 8114 8115
f 8116 8117 8118
f 8119 8120 8121
f 8122 8123 8124
f 8125 8126 8127
f 8128 8129 8130
f 8131 8132 8133
f 8134 8135 8136
f 8137 8138 8139
f 8140 8141 8142
f 8143 8144 8145
f 8146 8147 8148
f 8149 8150 8151
f 8152 8153 8154
f 8155 8156 8157
f 8158 8159 8160
f 8161 8162 8163
f 8164 8165 8166
f 8167 8168 8169
f 8170 8171 8172
f 8173 8174 8175
f 8176 8177 8178
f 8179 8180 8181
f 8182 8183 8184
f 8185 8186 8187
f 8188 8189 8190
f 8191 8192 8193
f 8194 8195 8196
f 8197 8198 8199
f 8200 8201 8202
f 8203 8204 8205
f 8206 8207 8208
f 8209 8210 8211
f 8212 8213 8214
f 8215 8216 8217
f 8218 8219 8220
f 8221 8222 8223
f 8224 8225 8226
f 8227 8228 8229
f 8230 8231 8232
f 8233 8234 8235
f 8236 8237 8238
f 8239 8240 8241
f 8242 8243 8244
f 8245 8246 8247
f 8248 8249 8250
f 8251 8252 8253
f 8254 8255 8256
f 8257 8258 8259
f 8260 8261 8262
f 8263 8264 8265
f 8266 8267 8268
f 8269 8270 8271
f 8272 8273 8274
f 8275 8276 8277
f 8278 8279 8280
f 8281 8282 8283
f 8284 8285 8286
f 8287 8288 8289
f 8290 8291 8292
f 8293 8294 8295
f 8296 8297 8298
f 8299 8300 8301
f 8302 8303 8304
f 8305 8306 8307
f 8308 8309 8310
f 8311 8312 8313
f 8314 8315 8316
f 8317 8318 8319
f 8320 8321 8322
f 8323 8324 8325
f 8326 8327 8328
f 8329 8330 8331
f 8332 8333 8334
f 8335 8336 8337
f 8338 8339 8340
f 8341 8342 8343
f 8344 8345 8346
f 8347 8348 8349
f 8350 8351 8352
f 8353 8354 8355
f 8356 8357 8358
f 8359 8360 8361
f 8362 8363 8364
f 8365 8366 8367
f 8368 8369 8370
f 8371 8372 8373
f 8374 8375 8376
f 8377 8378 8379
f 8380 8381 8382
f 8383 8384 8385
f 8386 8387 8388
f 8386 8388 8389
f 8390 8391 8392
f 8390 8392 8393
f 8394 8395 8396
f 8394 8396 8397
f 8398 8399 8400
f 8398 8400 8401
f 8402 8403 8404
f 8402 8404 8405
f 8406 8407 8408
f 8406 8408 8409
f 8410 8411 8412
f 8410 8412 8413
f 8414 8415 8416
f 8414 8416 8417
f 8418 8419 8420
f 8418 8420 8421
f 8422 8423 8424
f 8422 8424 8425
f 8426 8427 8428
f 8426 8428 8429
f 8430 8431 8432
f 8430 8432 8433
f 8434 8435 8436
f 8434 8436 8437
f 8438 8439 8440
f 8438 8440 8441
f 8442 8443 8444
f 8445 8446 8447
f 8448 8449 8450
f 8451 8452 8453
f 8454 8455 8456
f 8457 8458 8459
f 8460 8461 8462
f 8463 8464 8465
f 8466 8467 8468
f 8469 8470 8471
f 8472 8473 8474
f 8475 8476 8477
f 8478 8479 8480
f 8481 8482 8483
f 8484 8485 8486
f 8487 8488 8489
f 8490 8491 8492
f 8493 8494 8495
f 8496 8497 8498
f 8499 8500 8501
f 8502 8503 8504
f 8505 8506 8507
f 8508 8509 8510
f 8511 8512 8513
f 8514 8515 8516
f 8517 8518 8519
f 8520 8521 8522
f 8523 8524 8525
f 8526 8527 8528
f 8529 8530 8531
f 8532 8533 8534
f 8535 8536 8537
f 8538 8539 8540
f 8541 8542 8543
f 8544 8545 8546
f 8547 8548 8549
f 8550 8551 8552
f 8553 8554 8555
f 8556 8557 8558
f 8559 8560 8561
f 8562 8563 8564
f 8565 8566 8567
f 8568 8569 8570
f 8571 8572 8573
f 8574 8575 8576
f 8577 8578 8579
f 8580 8581 8582
f 8583 8584 8585
f 8586 8587 8588
f 8589 8590 8591
f 8592 8593 8594
f 8595 8596 8597
f 8598 8599 8600
f 8601 8602 8603
f 8604 8605 8606
f 8607 8608 8609
f 8610 8611 8612
f 8613 8614 8615
f 8616 8617 8618
f 8619 8620 8621
f 8622 8623 8624
f 8625 8626 8627
f 8628 8629 8630
f 8631 8632 8633
f 8634 8635 8636
f 8637 8638 8639
f 8640 8641 8642
f 8643 8644 8645
f 8646 8647 8648
f 8649 8650 8651
f 8652 8653 8654
f 8655 8656 8657
f 8658 8659 8660
f 8661 8662 8663
f 8664 8665 8666
f 8667 8668 8669
f 8670 8671 8672
f 8673 8674 8675
f 8676 8677 8678
f 8679 8680 8681
f 8682 8683 8684
f 8685 8686 8687
f 8688 8689 8690
f 8691 8692 8693
f 8694 8695 8696
f 8697 8698 8699
f 8700 8701 8702
f 8703 8704 8705
f 8706 8707 8708
f 8709 8710 8711
f 8712 8713 8714
f 8715 8716 8717
f 8718 8719 8720
f 8721 8722 8723
f 8724 8725 8726
f 8727 8728 8729
f 8730 8731 8732
f 8733 8734 8735
f 8736 8737 8738
f 8739 8740 8741
f 8742 8743 8744
f 8745 8746 8747
f 8748 8749 8750
f 8751 8752 8753
f 8754 8755 8756
f 8757 8758 8759
f 8760 8761 8762
f 8763 8764 8765
f 8766 8767 8768
f 8769 8770 8771
f 8772 8773 8774
f 8775 8776 8777
f 8778 8779 8780
f 8781 8782 8783
f 8784 8785 8786
f 8787 8788 8789
f 8790 8791 8792
f 8793 8794 8795
f 8796 8797 8798
f 8799 8800 8801
f 8802 8803 8804
f 8805 8806 8807
f 8808 8809 8810
f 8811 8812 8813
f 8814 8815 8816
f 8817 8818 8819
f 8820 8821 8822
f 8823 8824 8825
f 8826 8827 8828
f 8829 8830 8831
f 8832 8833 8834
f 8835 8836 8837
f 8838 8839 8840
f 8841 8842 8843
f 8844 8845 8846
f 8847 8848 8849
f 8850 8851 8852
f 8853 8854 8855
f 8856 8857 8858
f 8859 8860 8861
f 8862 8863 8864
f 8865 8866 8867
f 8868 8869 8870
f 8871 8872 8873
f 8874 8875 8876
f 8877 8878 8879
f 8880 8881 8882
f 8883 8884 8885
f 8886 8887 8888
f 8889 8890 8891
f 8892 8893 8894
f 8895 8896 8897
f 8898 8899 8900
f 8901 8902 8903
f 8904 8905 8906
f 8907 8908 8909
f 8910 8911 8912
f 8913 8914 8915
f 8916 8917 8918
f 8919 8920 8921
f 8922 8923 8924
f 8925 8926 8927
f 8928 8929 8930
f 8931 8932 8933
f 8934 8935 8936
f 8937 8938 8939
f 8940 8941 8942
f 8943 8944 8945
f 8946 8947 8948
f 8949 8950 8951
f 8952 8953 8954
f 8955 8956 8957
f 8958 8959 8960
f 8961 8962 8963
f 8964 8965 8966
f 8967 8968 8969
f 8970 8971 8972
f 8973 8974 8975
f 8976 8977 8978
f 8979 8980 8981
f 8982 8983 8984
f 8985 8986 8987
f 8988 8989 8990
f 8991 8992 8993
f 8994 8995 8996
f 8997 8998 8999
f 9000 9001 9002
f 9003 9004 9005
f 9006 9007 9008
f 9009 9010 9011
f 9012 9013 9014
f 9015 9016 9017
f 9018 9019 9020
f 9021 9022 9023
f 9024 9025 9026
f 9027 9028 9029
f 9030 9031 9032
f 9033 9034 9035
f 9036 9037 9038
f 9039 9040 9041
f 9042 9043 9044
f 9045 9046 9047
f 9048 9049 9050
f 9051 9052 9053
f 9054 9055 9056
f 9057 9058 9059
f 9060 9061 9062
f 9063 9064 9065
f 9066 9067 9068
f 9069 9070 9071
f 9072 9073 9074
f 9075 9076 9077
f 9078 9079 9080
f 9081 9082 9083
f 9084 9085 9086
f 9087 9088 9089
f 9090 9091 9092
f 9093 9094 9095
f 9096 9097 9098
f 9099 9100 9101
f 9102 9103 9104
f 9105 9106 9107
f 9108 9109 9110
f 9111 9112 9113
f 9114 9115 9116
f 9117 9118 9119
f 9120 9121 9122
f 9123 9124 9125
f 9126 9127 9128
f 9129 9130 9131
f 9132 9133 9134
f 9135 9136 9137
f 9138 9139 9140
f 9141 9142 9143
f 9144 9145 9146
f 9147 9148 9149
f 9150 9151 9152
f 9153 9154 9155
f 9156 9157 9158
f 9159 9160 9161
f 9162 9163 9164
f 9165 9166 9167
f 9168 9169 9170
f 9171 9172 9173
f 9174 9175 9176
f 9177 9178 9179
f 9180 9181 9182
f 9183 9184 9185
f 9186 9187 9188
f 9189 9190 9191
f 9192 9193 9194
f 9195 9196 9197
f 9198 9199 9200
f 9201 9202 9203
f 9204 9205 9206
f 9207 9208 9209
f 9210 9211 9212
f 9213 9214 9215
f 9216 9217 9218
f 9219 9220 9221
f 9222 9223 9224
f 9225 9226 9227
f 9228 9229 9230
f 9231 9232 9233
f 9234 9235 9236
f 9237 9238 9239
f 9240 9241 9242
f 9243 9244 9245
f 9246 9247 9248
f 9249 9250 9251
f 9252 9253 9254
f 9255 9256 9257
f 9258 9259 9260
f 9261 9262 9263
f 9264 9265 9266
f 9267 9268 9269
f 9270 9271 9272
f 9273 9274 9275
f 9276 9277 9278
f 9279 9280 9281
f 9282 9283 9284
f 9285 9286 9287
f 9288 9289 9290
f 9291 9292 9293
f 9294 9295 9296
f 9297 9298 9299
f 9300 9301 9302
f 9303 9304 9305
f 9306 9307 9308
f 9309 9310 9311
f 9312 9313 9314
f 9315 9316 9317
f 9318 9319 9320
f 9321 9322 9323
f 9324 9325 9326
f 9327 9328 9329
f 9330 9331 9332
f 9333 9334 9335
f 9336 9337 9338
f 9339 9340 9341
f 9342 9343 9344
f 9345 9346 9347
f 9348 9349 9350
f 9351 9352 9353
f 9354 9355 9356
f 9357 9358 9359
f 9360 9361 9362
f 9363 9364 9365
f 9366 9367 9368
f 9369 9370 9371
f 9372 9373 9374
f 9375 9376 9377
f 9378 9379 9380
f 9381 9382 9383
f 9384 9385 9386
f 9387 9388 9389
f 9390 9391 9392
f 9393 9394 9395
f 9396 9397 9398
f 9399 9400 9401
f 9402 9403 9404
f 9405 9406 9407
f 9408 9409 9410
f 9411 9412 9413
f 9414 9415 9416
f 9417 9418 9419
f 9420 9421 9422
f 9423 9424 9425
f 9426 9427 9428
f 9429 9430 9431
f 9432 9433 9434
f 9435 9436 9437
f 9438 9439 9440
f 9441 9442 9443
f 9444 9445 9446
f 9447 9448 9449
f 9450 9451 9452
f 9453 9454 9455
f 9456 9457 9458
f 9459 9460 9461
f 9462 9463 9464
f 9465 9466 9467
f 9468 9469 9470
f 9471 9472 9473
f 9474 9475 9476
f 9477 9478 9479
f 9480 9481 9482
f 9483 9484 9485
f 9486 9487 9488
f 9489 9490 9491
f 9492 9493 9494
f 9495 9496 9497
f 9498 9499 9500
f 9501 9502 9503
f 9504 9505 9506
f 9507 9508 9509
f 9510 9511 9512
f 9513 9514 9515
f 9516 9517 9518
f 9519 9520 9521
f 9522 9523 9524
f 9525 9526 9527
f 9528 9529 9530
f 9531 9532 9533
f 9534 9535 9536
f 9537 9538 9539
f 9540 9541 9542
f 9543 9544 9545
f 9546 9547 9548
f 9549 9550 9551
f 9552 9553 9554
f 9555 9556 9557
f 9558 9559 9560
f 9561 9562 9563
f 9564 9565 9566
f 9567 9568 9569
f 9570 9571 9572
f 9573 9574 9575
f 9576 9577 9578
f 9579 9580 9581
f 9582 9583 9584
f 9585 9586 9587
f 9588 9589 9590
f 9591 9592 9593
f 9594 9595 9596
f 9597 9598 9599
f 9600 9601 9602
f 9603 9604 9605
f 9606 9607 9608
f 9609 9610 9611
f 9612 9613 9614
f 9615 9616 9617
f 9618 9619 9620
f 9621 9622 9623
f 9624 9625 9626
f 9627 9628 9629
f 9630 9631 9632
f 9633 9634 9635
f 9636 9637 9638
f 9639 9640 9641
f 9642 9643 9644
f 9645 9646 9647
f 9648 9649 9650
f 9651 9652 9653
f 9654 9655 9656
f 9657 9658 9659
f 9660 9661 9662
f 9663 9664 9665
f 9666 9667 9668
f 9669 9670 9671
f 9672 9673 9674
f 9675 9676 9677
f 9678 9679 9680
f 9681 9682 9683
f 9684 9685 9686
f 9687 9688 9689
f 9690 9691 9692
f 9693 9694 9695
f 9696 9697 9698
f 9699 9700 9701
f 9702 9703 9704
f 9705 9706 9707
f 9708 9709 9710
f 9711 9712 9713
f 9714 9715 9716
f 9717 9718 9719
f 9720 9721 9722
f 9723 9724 9725
f 9726 9727 9728
f 9729 9730 9731
f 9732 9733 9734
f 9735 9736 9737
f 9738 9739 9740
f 9741 9742 9743
f 9744 9745 9746
f 9747 9748 9749
f 9750 9751 9752
f 9753 9754 9755
f 9756 9757 9758
f 9759 9760 9761
f 9762 9763 9764
f 9765 9766 9767
f 9768 9769 9770
f 9771 9772 9773
f 9774 9775 9776
f 9777 9778 9779
f 9780 9781 9782
f 9783 9784 9785
f 9786 9787 9788
f 9789 9790 9791
f 9792 9793 9794
f 9795 9796 9797
f 9798 9799 9800
f 9801 9802 9803
f 9804 9805 9806
f 9807 9808 9809
f 9810 9811 9812
f 9813 9814 9815
f 9816 9817 9818
f 9819 9820 9821
f 9822 9823 9824
f 9825 9826 9827
f 9828 9829 9830
f 9831 9832 9833
f 9834 9835 9836
f 9837 9838 9839
f 9840 9841 9842
f 9843 9844 9845
f 9846 9847 9848
f 9849 9850 9851
f 9852 9853 9854
f 9855 9856 9857
f 9858 9859 9860
f 9861 9862 9863
f 9864 9865 9866
f 9867 9868 9869
f 9870 9871 9872
f 9873 9874 9875
f 9876 9877 9878
f 9879 9880 9881
f 9882 9883 9884
f 9885 9886 9887
f 9888 9889 9890
f 9891 9892 9893
f 9894 9895 9896
f 9897 9898 9899
f 9900 9901 9902
f 9903 9904 9905
f 9906 9907 9908
f 9909 9910 9911
f 9912 9913 9914
f 9915 9916 9917
f 9918 9919 9920
f 9921 9922 9923
f 9924 9925 9926
f 9927 9928 9929
f 9930 9931 9932
f 9933 9934 9935
f 9936 9937 9938
f 9939 9940 9941
f 9942 9943 9944
f 9945 9946 9947
f 9948 9949 9950
f 9951 9952 9953
f 9954 9955 9956
f 9957 9958 9959
f 9960 9961 9962
f 9963 9964 9965
f 9966 9967 9968
f 9969 9970 9971
f 9972 9973 9974
f 9975 9976 9977
f 9978 9979 9980
f 9981 9982 9983
f 9984 9985 9986
f 9987 9988 9989
f 9990 9991 9992
f 9993 9994 9995
f 9996 9997 9998
f 9999 10000 10001
f 10002 10003 10004
f 10005 10006 10007
f 10008 10009 10010
f 10011 10012 10013
f 10014 10015 10016
f 10017 10018 10019
f 10020 10021 10022
f 10023 10024 10025
f 10026 10027 10028
f 10029 10030 10031
f 10032 10033 10034
f 10035 10036 10037
f 10038 10039 10040
f 10041 10042 10043
f 10044 10045 10046
f 10047 10048 10049
f 10050 10051 10052
f 10053 10054 10055
f 10056 10057 10058
f 10059 10060 10061
f 10062 10063 10064
f 10065 10066 10067
f 10068 10069 10070
f 10071 10072 10073
f 10074 10075 10076
f 10077 10078 10079
f 10080 10081 10082
f 10083 10084 10085
f 10086 10087 10088
f 10089 10090 10091
f 10092 10093 10094
f 10095 10096 10097
f 10098 10099 10100
f 10101 10102 10103
f 10104 10105 10106
f 10107 10108 10109
f 10110 10111 10112
f 10113 10114 10115
f 10116 10117 10118
f 10119 10120 10121
f 10122 10123 10124
f 10125 10126 10127
f 10128 10129 10130
f 10131 10132 10133
f 10134 10135 10136
f 10137 10138 10139
f 10140 10141 10142
f 10143 10144 10145
f 10146 10147 10148
f 10149 10150 10151
f 10152 10153 10154
f 10155 10156 10157
f 10158 10159 10160
f 10161 10162 10163
f 10164 10165 10166
f 10167 10168 10169
f 10170 10171 10172
f 10173 10174 10175
f 10176 10177 10178
f 10179 10180 10181
f 10182 10183 10184
f 10185 10186 10187
f 10188 10189 10190
f 10191 10192 10193
f 10194 10195 10196
f 10197 10198 10199
f 10200 10201 10202
f 10203 10204 10205
f 10206 10207 10208
f 10209 10210 10211
f 10212 10213 10214
f 10215 10216 10217
f 10218 10219 10220
f 10221 10222 10223
f 10224 10225 10226
f 10227 10228 10229
f 10230 10231 10232
f 10233 10234 10235
f 10236 10237 10238
f 10239 10240 10241
f 10242 10243 10244
f 10245 10246 10247
f 10248 10249 10250
f 10251 10252 10253
f 10254 10255 10256
f 10257 10258 10259
f 10260 10261 10262
f 10263 10264 10265
f 10266 10267 10268
f 10269 10270 10271
f 10272 10273 10274
f 10275 10276 10277
f 10278 10279 10280
f 10281 10282 10283
f 10284 10285 10286
f 10287 10288 10289
f 10290 10291 10292
f 10293 10294 10295
f 10296 10297 10298
f 10299 10300 10301
f 10302 10303 10304
f 10305 10306 10307
f 10308 10309 10310
f 10311 10312 10313
f 10314 10315 10316
f 10317 10318 10319
f 10320 10321 10322
f 10323 10324 10325
f 10326 10327 10328
f 10329 10330 10331
f 10332 10333 10334
f 10335 10336 10337
f 10338 10339 10340
f 10341 10342 10343
f 10344 10345 10346
f 10347 10348 10349
f 10350 10351 10352
f 10353 10354 10355
f 10356 10357 10358
f 10359 10360 10361
f 10362 10363 10364
f 10365 10366 10367
f 10368 10369 10370
f 10371 10372 10373
f 10374 10375 10376
f 10377 10378 10379
f 10380 10381 10382
f 10383 10384 10385
f 10386 10387 10388
f 10389 10390 10391
f 10392 10393 10394
f 10395 10396 10397
f 10398 10399 10400
f 10401 10402 10403
f 10404 10405 10406
f 10407 10408 10409
f 10410 10411 10412
f 10413 10414 10415
f 10416 10417 10418
f 10419 10420 10421
f 10422 10423 10424
f 10425 10426 10427
f 10428 10429 10430
f 10431 10432 10433
f 10434 10435 10436
f 10437 10438 10439
f 10440 10441 10442
f 10443 10444 10445
f 10446 10447 10448
f 10449 10450 10451
f 10452 10453 10454
f 10455 10456 10457
f 10458 10459 10460
f 10461 10462 10463
f 10464 10465 10466
f 10467 10468 10469
f 10470 10471 10472
f 10473 10474 10475
f 10476 10477 10478
f 10479 10480 10481
f 10482 10483 10484
f 10485 10486 10487
f 10488 10489 10490
f 10491 10492 10493
f 10494 10495 10496
f 10497 10498 10499
f 10500 10501 10502
f 10503 10504 10505
f 10506 10507 10508
f 10509 10510 10511
f 10512 10513 10514
f 10515 10516 10517
f 10518 10519 10520
f 10521 10522 10523
f 10524 10525 10526
f 10527 10528 10529
f 10530 10531 10532
f 10533 10534 10535
f 10536 10537 10538
f 10539 10540 10541
f 10542 10543 10544
f 10545 10546 10547
f 10548 10549 10550
f 10551 10552 10553
f 10554 10555 10556
f 10557 10558 10559
f 10560 10561 10562
f 10563 10564 10565
f 10566 10567 10568
f 10569 10570 10571
f 10572 10573 10574
f 10575 10576 10577
f 10578 10579 10580
f 10581 10582 10583
f 10584 10585 10586
f 10587 10588 10589
f 10590 10591 10592
f 10593 10594 10595
f 10596 10597 10598
f 10599 10600 10601
f 10602 10603 10604
f 10605 10606 10607
f 10608 10609 10610
f 10611 10612 10613
f 10614 10615 10616
f 10617 10618 10619
f 10620 10621 10622
f 10623 10624 10625
f 10626 10627 10628
f 10629 10630 10631
f 10632 10633 10634
f 10635 10636 10637
f 10638 10639 10640
f 10641 10642 10643
f 10644 10645 10646
f 10647 10648 10649
f 10650 10651 10652
f 10653 10654 10655
f 10656 10657 10658
f 10659 10660 10661
f 10662 10663 10664
f 10665 10666 10667
f 10668 10669 10670
f 10671 10672 10673
f 10674 10675 10676
f 10677 10678 10679
f 10680 10681 10682
f 10683 10684 10685
f 10686 10687 10688
f 10689 10690 10691
f 10692 10693 10694
f 10695 10696 10697
f 10698 10699 10700
f 10701 10702 10703
f 10704 10705 10706
f 10707 10708 10709
f 10710 10711 10712
f 10713 10714 10715
f 10716 10717 10718
f 10719 10720 10721
f 10722 10723 10724
f 10725 10726 10727
f 10728 10729 10730
f 10731 10732 10733
f 10734 10735 10736
f 10737 10738 10739
f 10740 10741 10742
f 10743 10744 10745
f 10746 10747 10748
f 10749 10750 10751
f 10752 10753 10754
f 10755 10756 10757
f 10758 10759 10760
f 10761 10762 10763
f 10764 10765 10766
f 10767 10768 10769
f 10770 10771 10772
f 10773 10774 10775
f 10776 10777 10778
f 10779 10780 10781
f 10782 10783 10784
f 10785 10786 10787
f 10788 10789 10790
f 10791 10792 10793
f 10794 10795 10796
f 10797 10798 10799
f 10800 10801 10802
f 10803 10804 10805
f 10806 10807 10808
f 10809 10810 10811
f 10812 10813 10814
f 10815 10816 10817
f 10818 10819 10820
f 10821 10822 10823
f 10824 10825 10826
f 10827 10828 10829
f 10830 10831 10832
f 10833 10834 10835
f 10836 10837 10838
f 10839 10840 10841
f 10842 10843 10844
f 10845 10846 10847
f 10848 10849 10850
f 10851 10852 10853
f 10854 10855 10856
f 10857 10858 10859
f 10860 10861 10862
f 10863 10864 10865
f 10866 10867 10868
f 10869 10870 10871
f 10872 10873 10874
f 10875 10876 10877
f 10878 10879 10880
f 10881 10882 10883
f 10884 10885 10886
f 10887 10888 10889
f 10890 10891 10892
f 10893 10894 10895
f 10896 10897 10898
f 10899 10900 10901
f 10902 10903 10904
f 10905 10906 10907
f 10908 10909 10910
f 10911 10912 10913
f 10914 10915 10916
f 10917 10918 10919
f 10920 10921 10922
f 10923 10924 10925
f 10926 10927 10928
f 10929 10930 10931
f 10932 10933 10934
f 10935 10936 10937
f 10938 10939 10940
f 10941 10942 10943
f 10944 10945 10946
f 10947 10948 10949
f 10950 10951 10952
f 10953 10954 10955
f 10956 10957 10958
f 10959 10960 10961
f 10962 10963 10964
f 10965 10966 10967
f 10968 10969 10970
f 10971 10972 10973
f 10974 10975 10976
f 10977 10978 10979
f 10980 10981 10982
f 10983 10984 10985
f 10986 10987 10988
f 10989 10990 10991
f 10992 10993 10994
f 10995 10996 10997
f 10998 10999 11000
f 11001 11002 11003
f 11004 11005 11006
f 11007 11008 11009
f 11010 11011 11012
f 11013 11014 11015
f 11016 11017 11018
f 11019 11020 11021
f 11022 11023 11024
f 11025 11026 11027
f 11028 11029 11030
f 11031 11032 11033
f 11034 11035 11036
f 11037 11038 11039
f 11040 11041 11042
f 11043 11044 11045
f 11046 11047 11048
f 11049 11050 11051
f 11052 11053 11054
f 11055 11056 11057
f 11058 11059 11060
f 11061 11062 11063
f 11064 11065 11066
f 11067 11068 11069
f 11070 11071 11072
f 11073 11074 11075
f 11076 11077 11078
f 11079 11080 11081
f 11082 11083 11084
f 11085 11086 11087
f 11088 11089 11090
f 11091 11092 11093
f 11094 11095 11096
f 11097 11098 11099
f 11100 11101 11102
f 11103 11104 11105
f 11106 11107 11108
f 11109 11110 11111
f 11112 11113 11114
f 11115 11116 11117
f 11118 11119 11120
f 11121 11122 11123
f 11124 11125 11126
f 11127 11128 11129
f 11130 11131 11132
f 11133 11134 11135
f 11136 11137 11138
f 11139 11140 11141
f 11142 11143 11144
f 11145 11146 11147
f 11148 11149 11150
f 11151 11152 11153
f 11154 11155 11156
f 11157 11158 11159
f 11160 11161 11162
f 11163 11164 11165
f 11166 11167 11168
f 11169 11170 11171
f 11172 11173 11174
f 11175 11176 11177
f 11178 11179 11180
f 11181 11182 11183
f 11184 11185 11186
f 11187 11188 11189
f 11190 11191 11192
f 11193 11194 11195
f 11196 11197 11198
f 11199 11200 11201
f 11202 11203 11204
f 11205 11206 11207
f 11208 11209 11210
f 11211 11212 11213
f 11214 11215 11216
f 11217 11218 11219
f 11220 11221 11222
f 11223 11224 11225
f 11226 11227 11228
f 11229 11230 11231
f 11232 11233 11234
f 11235 11236 11237
f 11238 11239 11240
f 11241 11242 11243
f 11244 11245 11246
f 11247 11248 11249
f 11250 11251 11252
f 11253 11254 11255
f 11256 11257 11258
f 11259 11260 11261
f 11262 11263 11264
f 11265 11266 11267
f 11268 11269 11270
f 11271 11272 11273
f 11274 11275 11276
f 11277 11278 11279
f 11280 11281 11282
f 11283 11284 11285
f 11286 11287 11288
f 11289 11290 11291
f 11292 11293 11294
f 11295 11296 11297
f 11298 11299 11300
f 11301 11302 11303
f 11304 11305 11306
f 11307 11308 11309
f 11310 11311 11312
f 11313 11314 11315
f 11316 11317 11318
f 11319 11320 11321
f 11322 11323 11324
f 11325 11326 11327
f 11328 11329 11330
f 11331 11332 11333
f 11334 11335 11336
f 11337 11338 11339
f 11340 11341 11342
f 11343 11344 11345
f 11346 11347 11348
f 11349 11350 11351
f 11352 11353 11354
f 11355 11356 11357
f 11358 11359 11360
f 11361 11362 11363
f 11364 11365 11366
f 11367 11368 11369
f 11370 11371 11372
f 11373 11374 11375
f 11376 11377 11378
f 11379 11380 11381
f 11382 11383 11384
f 11385 11386 11387
f 11388 11389 11390
f 11391 11392 11393
f 11394 11395 11396
f 11397 11398 11399
f 11400 11401 11402
f 11403 11404 11405
f 11406 11407 11408
f 11409 11410 11411
f 11412 11413 11414
f 11415 11416 11417
f 11418 11419 11420
f 11421 11422 11423
f 11424 11425 11426
f 11427 11428 11429
f 11430 11431 11432
f 11433 11434 11435
f 11436 11437 11438
f 11439 11440 11441
f 11442 11443 11444
f 11445 11446 11447
f 11448 11449 11450
f 11451 11452 11453
f 11454 11455 11456
f 11457 11458 11459
f 11460 11461 11462
f 11463 11464 11465
f 11466 11467 11468
f 11469 11470 11471
f 11472 11473 11474
f 11475 11476 11477
f 11478 11479 11480
f 11481 11482 11483
f 11484 11485 11486
f 11487 11488 11489
f 11490 11491 11492
f 11493 11494 11495
f 11496 11497 11498
f 11499 11500 11501
f 11502 11503 11504
f 11505 11506 11507
f 11508 11509 11510
f 11511 11512 11513
f 11514 11512 11515
f 11516 11517 11513
f 11513 11517 11518
f 11513 11518 11511
f 11515 11519 11514
f 11514 11519 11520
f 11514 11520 11521
f 11521 11520 11522
f 11521 11522 11523
f 11523 11522 11524
f 11523 11524 11525
f 11525 11524 11526
f 11525 11526 11527
f 11527 11526 11528
f 11527 11528 11529
f 11529 11528 11530
f 11529 11530 11531
f 11531 11530 11532
f 11531 11532 11533
f 11533 11532 11534
f 11533 11534 11535
f 11534 11536 11535
f 11535 11536 11537
f 11535 11537 11538
f 11538 11537 11539
f 11538 11539 11540
f 11540 11539 11541
f 11540 11541 11542
f 11542 11541 11543
f 11542 11543 11544
f 11544 11543 11545
f 11544 11545 11546
f 11546 11545 11547
f 11546 11547 11548
f 11548 11547 11549
f 11548 11549 11550
f 11550 11549 11551
f 11550 11551 11552
f 11552 11551 11553
f 11552 11553 11554
f 11554 11553 11555
f 11554 11555 11556
f 11556 11555 11557
f 11556 11557 11558
f 11558 11557 11559
f 11558 11559 11560
f 11560 11559 11561
f 11560 11561 11562
f 11562 11561 11563
f 11562 11563 11564
f 11564 11563 11565
f 11564 11565 11566
f 11566 11565 11567
f 11566 11567 11568
f 11568 11567 11569
f 11568 11569 11516
f 11516 11569 11570
f 11516 11570 11517
f 11571 11572 11573
f 11573 11572 11574
f 11573 11574 11575
f 11575 11574 11576
f 11575 11576 11577
f 11577 11576 11578
f 11577 11578 11579
f 11579 11578 11580
f 11579 11580 11581
f 11581 11580 11582
f 11581 11582 11583
f 11583 11582 11584
f 11583 11584 11585
f 11585 11584 11586
f 11585 11586 11587
f 11587 11586 11588
f 11587 11588 11589
f 11589 11588 11590
f 11589 11590 11591
f 11591 11590 11592
f 11591 11592 11593
f 11593 11592 11594
f 11593 11594 11595
f 11595 11594 11596
f 11595 11596 11597
f 11597 11596 11598
f 11597 11598 11599
f 11599 11598 11600
f 11599 11600 11601
f 11600 11602 11601
f 11601 11602 11603
f 11601 11603 11604
f 11604 11603 11605
f 11604 11605 11606
f 11606 11605 11607
f 11606 11607 11608
f 11608 11607 11609
f 11608 11609 11610
f 11610 11609 11611
f 11610 11611 11612
f 11612 11611 11613
f 11612 11613 11614
f 11614 11613 11615
f 11614 11615 11616
f 11616 11615 11617
f 11616 11617 11618
f 11618 11617 11619
f 11618 11619 11620
f 11620 11619 11621
f 11620 11621 11622
f 11622 11621 11623
f 11622 11623 11624
f 11624 11623 11625
f 11624 11625 11626
f 11626 11625 11627
f 11626 11627 11628
f 11628 11627 11629
f 11628 11629 11630
f 11630 11629 11631
f 11630 11631 11571
f 11571 11631 11632
f 11571 11632 11572
f 11633 11634 11635
f 11633 11635 11636
f 11637 11638 11639
f 11637 11639 11640
f 11641 11642 11643
f 11641 11643 11644
f 11645 11646 11647
f 11645 11647 11648
f 11649 11650 11651
f 11649 11651 11652
f 11653 11654 11655
f 11653 11655 11656
f 11657 11658 11659
f 11657 11659 11660
f 11661 11662 11663
f 11661 11663 11664
f 11665 11666 11667
f 11665 11667 11668
f 11669 11670 11671
f 11669 11671 11672
f 11673 11674 11675
f 11673 11675 11676
f 11677 11678 11679
f 11677 11679 11680
f 11681 11682 11683
f 11681 11683 11684
f 11685 11686 11687
f 11685 11687 11688
f 11689 11690 11691
f 11689 11691 11692
f 11693 11694 11695
f 11693 11695 11696
f 11697 11698 11699
f 11697 11699 11700
f 11701 11702 11703
f 11701 11703 11704
f 11705 11706 11707
f 11705 11707 11708
f 11709 11710 11711
f 11709 11711 11712
f 11713 11714 11715
f 11713 11715 11716
f 11717 11718 11719
f 11717 11719 11720
f 11721 11722 11723
f 11723 11724 11721
f 11721 11724 11725
f 11721 11725 11726
f 11727 11728 11721
f 11721 11728 11729
f 11721 11729 11722
f 11730 11731 11732
f 11732 11731 11733
f 11732 11733 11734
f 11734 11733 11735
f 11734 11735 11736
f 11736 11735 11737
f 11736 11737 11738
f 11738 11737 11739
f 11738 11739 11740
f 11740 11739 11741
f 11740 11741 11742
f 11742 11741 11743
f 11742 11743 11744
f 11744 11743 11745
f 11744 11745 11746
f 11729 11747 11722
f 11722 11747 11748
f 11722 11748 11749
f 11749 11748 11750
f 11749 11750 11751
f 11751 11750 11752
f 11751 11752 11753
f 11753 11752 11754
f 11753 11754 11755
f 11755 11754 11756
f 11755 11756 11757
f 11757 11756 11758
f 11757 11758 11759
f 11759 11758 11760
f 11759 11760 11761
f 11761 11760 11762
f 11763 11730 11764
f 11764 11730 11732
f 11764 11732 11721
f 11721 11732 11765
f 11721 11765 11727
f 11745 11766 11746
f 11746 11766 11767
f 11746 11767 11768
f 11768 11767 11769
f 11768 11769 11770
f 11770 11769 11771
f 11770 11771 11772
f 11772 11771 11773
f 11772 11773 11774
f 11774 11773 11775
f 11774 11775 11776
f 11776 11775 11777
f 11776 11777 11762
f 11762 11777 11778
f 11762 11778 11761
f 11779 11780 11781
f 11782 11780 11783
f 11783 11784 11782
f 11782 11784 11785
f 11782 11785 11786
f 11786 11785 11787
f 11786 11787 11788
f 11788 11787 11789
f 11788 11789 11790
f 11790 11789 11791
f 11790 11791 11792
f 11792 11791 11793
f 11792 11793 11794
f 11794 11793 11795
f 11794 11795 11796
f 11796 11795 11797
f 11796 11797 11798
f 11798 11797 11799
f 11798 11799 11800
f 11800 11799 11801
f 11800 11801 11802
f 11802 11801 11803
f 11802 11803 11804
f 11804 11803 11805
f 11804 11805 11806
f 11806 11805 11807
f 11806 11807 11808
f 11808 11807 11809
f 11808 11809 11810
f 11810 11809 11811
f 11810 11811 11812
f 11812 11811 11813
f 11812 11813 11814
f 11814 11813 11815
f 11814 11815 11816
f 11816 11815 11817
f 11816 11817 11818
f 11818 11817 11819
f 11818 11819 11820
f 11820 11819 11821
f 11820 11821 11822
f 11822 11821 11823
f 11822 11823 11824
f 11824 11823 11825
f 11824 11825 11826
f 11826 11825 11827
f 11826 11827 11828
f 11828 11827 11829
f 11828 11829 11830
f 11830 11829 11831
f 11830 11831 11832
f 11832 11831 11833
f 11832 11833 11834
f 11834 11833 11835
f 11834 11835 11836
f 11836 11835 11837
f 11836 11837 11838
f 11838 11837 11839
f 11838 11839 11781
f 11781 11839 11840
f 11781 11840 11779
f 11841 11842 11843
f 11841 11843 11844
f 11845 11846 11847
f 11845 11847 11848
f 11849 11850 11851
f 11849 11851 11852
f 11853 11854 11855
f 11853 11855 11856
f 11857 11858 11859
f 11857 11859 11860
f 11861 11862 11863
f 11861 11863 11864
f 11865 11866 11867
f 11865 11867 11868
f 11869 11870 11871
f 11871 11872 11869
f 11869 11872 11873
f 11869 11873 11874
f 11870 11869 11875
f 11875 11869 11876
f 11875 11876 11877
f 11878 11879 11880
f 11880 11879 11881
f 11880 11881 11882
f 11882 11881 11883
f 11882 11883 11884
f 11884 11883 11885
f 11884 11885 11886
f 11886 11885 11887
f 11886 11887 11888
f 11888 11887 11889
f 11888 11889 11890
f 11890 11889 11891
f 11890 11891 11892
f 11893 11894 11895
f 11895 11894 11896
f 11895 11896 11897
f 11897 11896 11898
f 11897 11898 11899
f 11899 11898 11900
f 11899 11900 11901
f 11901 11900 11902
f 11901 11902 11878
f 11878 11902 11903
f 11878 11903 11879
f 11891 11904 11892
f 11892 11904 11905
f 11892 11905 11906
f 11906 11905 11907
f 11906 11907 11908
f 11908 11907 11909
f 11908 11909 11910
f 11910 11909 11911
f 11910 11911 11912
f 11912 11911 11913
f 11912 11913 11872
f 11872 11913 11914
f 11872 11914 11873
f 11877 11876 11915
f 11915 11876 11916
f 11915 11916 11917
f 11917 11918 11915
f 11915 11918 11919
f 11915 11919 11920
f 11920 11919 11921
f 11920 11921 11922
f 11922 11921 11923
f 11922 11923 11924
f 11924 11923 11925
f 11924 11925 11893
f 11893 11925 11926
f 11893 11926 11894
f 11927 11928 11929
f 11929 11928 11930
f 11931 11932 11933
f 11933 11932 11934
f 11935 11936 11937
f 11937 11936 11938
f 11939 11940 11941
f 11941 11940 11942
f 11943 11944 11945
f 11945 11944 11946
f 11947 11948 11949
f 11949 11948 11950
f 11951 11952 11953
f 11953 11952 11954
f 11955 11956 11957
f 11957 11956 11958
f 11959 11960 11961
f 11961 11960 11962
f 11963 11964 11965
f 11965 11964 11966
f 11967 11968 11969
f 11969 11968 11970
f 11971 11972 11973
f 11973 11972 11974
f 11975 11976 11977
f 11977 11976 11978
f 11979 11980 11981
f 11981 11980 11982
f 11981 11982 11983
f 11984 11980 11985
f 11985 11980 11986
f 11987 11988 11980
f 11980 11988 11989
f 11980 11989 11986
f 11990 11991 11992
f 11992 11991 11993
f 11992 11993 11994
f 11990 11992 11995
f 11995 11992 11996
f 11995 11996 11997
f 11983 11998 11981
f 11981 11998 11995
f 11981 11995 11999
f 11999 11995 11997
f 11979 12000 11980
f 11980 12000 12001
f 11980 12001 12002
f 12002 12003 11980
f 11980 12003 12004
f 11980 12004 11987
f 12005 12006 12007
f 12007 12006 12008
f 12009 12010 12011
f 12011 12010 12012
f 12013 12014 12015
f 12015 12014 12016
f 12017 12018 12019
f 12019 12018 12020
f 12021 12022 12023
f 12023 12022 12024
f 12025 12026 12027
f 12027 12026 12028
f 12029 12030 12031
f 12031 12030 12032
f 12033 12034 12035
f 12035 12034 12036
f 12037 12038 12039
f 12039 12038 12040
f 12041 12042 12043
f 12043 12042 12044
f 12045 12046 12047
f 12047 12046 12048
f 12049 12050 12051
f 12051 12050 12052
f 12053 12054 12055
f 12055 12054 12056
f 12057 12058 12059
f 12059 12058 12060
f 12059 12060 12061
f 12061 12060 12062
f 12057 12063 12058
f 12058 12063 12064
f 12058 12064 12065
f 12065 12066 12058
f 12058 12066 12067
f 12058 12067 12068
f 12069 12070 12060
f 12060 12070 12071
f 12060 12071 12062
f 12069 12072 12070
f 12070 12072 12073
f 12070 12073 12074
f 12074 12075 12070
f 12070 12075 12076
f 12070 12076 12077
f 12078 12067 12079
f 12079 12067 12080
f 12078 12081 12067
f 12067 12081 12082
f 12067 12082 12068
f 12083 12084 12085
f 12085 12084 12086
f 12087 12088 12089
f 12089 12088 12090
f 12089 12090 12091
f 12092 12093 12094
f 12094 12093 12095
f 12096 12097 12098
f 12098 12097 12099
f 12100 12101 12102
f 12102 12101 12103
f 12102 12103 12104
f 12105 12106 12107
f 12107 12106 12108
