v 0.030999992042779922 -2.8225338732923433e-11 -0.0935000032186508
v 0.030999992042779922 -2.8225338732923433e-11 -0.10350000113248824
v 0.030222754925489426 -0.006898149847984314 -0.0935000032186508
v 0.030222754925489426 -0.006898149847984314 -0.10350000113248824
v 0.030222754925489426 -0.006898149847984314 -0.0935000032186508
v 0.030222754925489426 -0.006898149847984314 -0.10350000113248824
v 0.02793002501130104 -0.013450399041175842 -0.0935000032186508
v 0.02793002501130104 -0.013450399041175842 -0.10350000113248824
v 0.02793002501130104 -0.013450399041175842 -0.0935000032186508
v 0.02793002501130104 -0.013450399041175842 -0.10350000113248824
v 0.0242367684841156 -0.01932818442583084 -0.0935000032186508
v 0.0242367684841156 -0.01932818442583084 -0.10350000113248824
v 0.0242367684841156 -0.01932818442583084 -0.0935000032186508
v 0.0242367684841156 -0.01932818442583084 -0.10350000113248824
v 0.019328176975250244 -0.024236775934696198 -0.0935000032186508
v 0.019328176975250244 -0.024236775934696198 -0.10350000113248824
v 0.019328176975250244 -0.024236775934696198 -0.0935000032186508
v 0.019328176975250244 -0.024236775934696198 -0.10350000113248824
v 0.013450387865304947 -0.027930036187171936 -0.0935000032186508
v 0.013450387865304947 -0.027930036187171936 -0.10350000113248824
v 0.013450387865304947 -0.027930036187171936 -0.0935000032186508
v 0.013450387865304947 -0.027930036187171936 -0.10350000113248824
v 0.006898138672113419 -0.03022276610136032 -0.0935000032186508
v 0.006898138672113419 -0.03022276610136032 -0.10350000113248824
v 0.006898138672113419 -0.03022276610136032 -0.0935000032186508
v 0.006898138672113419 -0.03022276610136032 -0.10350000113248824
v -1.1019478662888105e-08 -0.031000003218650818 -0.0935000032186508
v -1.1019478662888105e-08 -0.031000003218650818 -0.10350000113248824
v -1.1019478662888105e-08 -0.031000003218650818 -0.0935000032186508
v -1.1019478662888105e-08 -0.031000003218650818 -0.10350000113248824
v -0.006898161023855209 -0.03022276610136032 -0.0935000032186508
v -0.006898161023855209 -0.03022276610136032 -0.10350000113248824
v -0.006898161023855209 -0.03022276610136032 -0.0935000032186508
v -0.006898161023855209 -0.03022276610136032 -0.10350000113248824
v -0.01345040276646614 -0.027930036187171936 -0.0935000032186508
v -0.01345040276646614 -0.027930036187171936 -0.10350000113248824
v -0.01345040276646614 -0.027930036187171936 -0.0935000032186508
v -0.01345040276646614 -0.027930036187171936 -0.10350000113248824
v -0.019328195601701736 -0.024236775934696198 -0.0935000032186508
v -0.019328195601701736 -0.024236775934696198 -0.10350000113248824
v -0.019328195601701736 -0.024236775934696198 -0.0935000032186508
v -0.019328195601701736 -0.024236775934696198 -0.10350000113248824
v -0.024236787110567093 -0.01932818442583084 -0.0935000032186508
v -0.024236787110567093 -0.01932818442583084 -0.10350000113248824
v -0.024236787110567093 -0.01932818442583084 -0.0935000032186508
v -0.024236787110567093 -0.01932818442583084 -0.10350000113248824
v -0.027930039912462234 -0.013450399041175842 -0.0935000032186508
v -0.027930039912462234 -0.013450399041175842 -0.10350000113248824
v -0.027930039912462234 -0.013450399041175842 -0.0935000032186508
v -0.027930039912462234 -0.013450399041175842 -0.10350000113248824
v -0.030222777277231216 -0.006898149847984314 -0.0935000032186508
v -0.030222777277231216 -0.006898149847984314 -0.10350000113248824
v -0.030222777277231216 -0.006898149847984314 -0.0935000032186508
v -0.030222777277231216 -0.006898149847984314 -0.10350000113248824
v -0.031000006943941116 -2.8225338732923433e-11 -0.0935000032186508
v -0.031000006943941116 -2.8225338732923433e-11 -0.10350000113248824
v -3.5688980659642766e-09 -0.002935931086540222 0.03000000305473804
v -3.5688980659642766e-09 -0.012935929000377655 0.03000000305473804
v -0.007179472595453262 -0.002935931086540222 0.029128255322575566
v -0.007179472595453262 -0.012935929000377655 0.029128255322575566
v -0.007179472595453262 -0.002935931086540222 0.029128255322575566
v -0.007179472595453262 -0.012935929000377655 0.029128255322575566
v -0.013941694051027298 -0.002935931086540222 0.02656367607414722
v -0.013941694051027298 -0.012935929000377655 0.02656367607414722
v -0.013941694051027298 -0.002935931086540222 0.02656367607414722
v -0.013941694051027298 -0.012935929000377655 0.02656367607414722
v -0.01989367976784706 -0.002935931086540222 0.022455321624875065
v -0.01989367976784706 -0.012935929000377655 0.022455321624875065
v -0.01989367976784706 -0.002935931086540222 0.022455321624875065
v -0.01989367976784706 -0.012935929000377655 0.022455321624875065
v -0.024689514189958572 -0.002935931086540222 0.017041938379406926
v -0.024689514189958572 -0.012935929000377655 0.017041938379406926
v -0.024689514189958572 -0.002935931086540222 0.017041938379406926
v -0.024689514189958572 -0.012935929000377655 0.017041938379406926
v -0.028050485998392105 -0.002935931086540222 0.010638149455189703
v -0.028050485998392105 -0.012935929000377655 0.010638149455189703
v -0.028050485998392105 -0.002935931086540222 0.010638149455189703
v -0.028050485998392105 -0.012935929000377655 0.010638149455189703
v -0.029781263321638107 -0.002935931086540222 0.0036160969175398345
v -0.029781263321638107 -0.012935929000377655 0.0036160969175398345
v -0.029781263321638107 -0.002935931086540222 0.0036160969175398345
v -0.029781263321638107 -0.012935929000377655 0.0036160969175398345
v -0.029781263321638107 -0.002935931086540222 -0.0036160997115075584
v -0.029781263321638107 -0.012935929000377655 -0.0036160997115075584
v -0.029781263321638107 -0.002935931086540222 -0.0036160997115075584
v -0.029781263321638107 -0.012935929000377655 -0.0036160997115075584
v -0.028050485998392105 -0.002935931086540222 -0.010638145729899405
v -0.028050485998392105 -0.012935929000377655 -0.010638145729899405
v -0.028050485998392105 -0.002935931086540222 -0.010638145729899405
v -0.028050485998392105 -0.012935929000377655 -0.010638145729899405
v -0.024689514189958572 -0.002935931086540222 -0.017041942104697224
v -0.024689514189958572 -0.012935929000377655 -0.017041942104697224
v -0.024689514189958572 -0.002935931086540222 -0.017041942104697224
v -0.024689514189958572 -0.012935929000377655 -0.017041942104697224
v -0.01989367976784706 -0.002935931086540222 -0.022455325350165364
v -0.01989367976784706 -0.012935929000377655 -0.022455325350165364
v -0.01989367976784706 -0.002935931086540222 -0.022455325350165364
v -0.01989367976784706 -0.012935929000377655 -0.022455325350165364
v -0.013941694051027298 -0.002935931086540222 -0.02656367979943752
v -0.013941694051027298 -0.012935929000377655 -0.02656367979943752
v -0.013941694051027298 -0.002935931086540222 -0.02656367979943752
v -0.013941694051027298 -0.012935929000377655 -0.02656367979943752
v -0.007179472595453262 -0.002935931086540222 -0.029128251597285267
v -0.007179472595453262 -0.012935929000377655 -0.029128251597285267
v -0.007179472595453262 -0.002935931086540222 -0.029128251597285267
v -0.007179472595453262 -0.012935929000377655 -0.029128251597285267
v -3.5688980659642766e-09 -0.002935931086540222 -0.029999999329447743
v -3.5688980659642766e-09 -0.012935929000377655 -0.029999999329447743
v -0.03470000997185707 -2.8225338732923433e-11 -0.10096050798892973
v -0.03470000997185707 -2.8225338732923433e-11 -0.09396050870418547
v -0.033830005675554276 0.007721476256847382 -0.09396050870418547
v -0.033830005675554276 0.007721476256847382 -0.10096050798892973
v -0.033830005675554276 0.007721476256847382 -0.10096050798892973
v -0.033830005675554276 0.007721476256847382 -0.09396050870418547
v -0.03126363083720207 0.015055764466524124 -0.09396050870418547
v -0.03126363083720207 0.015055764466524124 -0.10096050798892973
v -0.03126363083720207 0.015055764466524124 -0.10096050798892973
v -0.03126363083720207 0.015055764466524124 -0.09396050870418547
v -0.027129564434289932 0.02163509652018547 -0.09396050870418547
v -0.027129564434289932 0.02163509652018547 -0.10096050798892973
v -0.027129564434289932 0.02163509652018547 -0.10096050798892973
v -0.027129564434289932 0.02163509652018547 -0.09396050870418547
v -0.021635103970766068 0.027129553258419037 -0.09396050870418547
v -0.021635103970766068 0.027129553258419037 -0.10096050798892973
v -0.021635103970766068 0.027129553258419037 -0.10096050798892973
v -0.021635103970766068 0.027129553258419037 -0.09396050870418547
v -0.015055771917104721 0.03126361966133118 -0.09396050870418547
v -0.015055771917104721 0.03126361966133118 -0.10096050798892973
v -0.015055771917104721 0.03126361966133118 -0.10096050798892973
v -0.015055771917104721 0.03126361966133118 -0.09396050870418547
v -0.007721487432718277 0.03382999822497368 -0.09396050870418547
v -0.007721487432718277 0.03382999822497368 -0.10096050798892973
v -0.007721487432718277 0.03382999822497368 -0.10096050798892973
v -0.007721487432718277 0.03382999822497368 -0.09396050870418547
v -1.1019478662888105e-08 0.034699998795986176 -0.09396050870418547
v -1.1019478662888105e-08 0.034699998795986176 -0.10096050798892973
v -1.1019478662888105e-08 0.034699998795986176 -0.10096050798892973
v -1.1019478662888105e-08 0.034699998795986176 -0.09396050870418547
v 0.007721468806266785 0.03382999822497368 -0.09396050870418547
v 0.007721468806266785 0.03382999822497368 -0.10096050798892973
v 0.007721468806266785 0.03382999822497368 -0.10096050798892973
v 0.007721468806266785 0.03382999822497368 -0.09396050870418547
v 0.015055757015943527 0.03126361966133118 -0.09396050870418547
v 0.015055757015943527 0.03126361966133118 -0.10096050798892973
v 0.015055757015943527 0.03126361966133118 -0.10096050798892973
v 0.015055757015943527 0.03126361966133118 -0.09396050870418547
v 0.021635089069604874 0.027129553258419037 -0.09396050870418547
v 0.021635089069604874 0.027129553258419037 -0.10096050798892973
v 0.021635089069604874 0.027129553258419037 -0.10096050798892973
v 0.021635089069604874 0.027129553258419037 -0.09396050870418547
v 0.02712954208254814 0.02163509652018547 -0.09396050870418547
v 0.02712954208254814 0.02163509652018547 -0.10096050798892973
v 0.02712954208254814 0.02163509652018547 -0.10096050798892973
v 0.02712954208254814 0.02163509652018547 -0.09396050870418547
v 0.03126361221075058 0.015055764466524124 -0.09396050870418547
v 0.03126361221075058 0.015055764466524124 -0.10096050798892973
v 0.03126361221075058 0.015055764466524124 -0.10096050798892973
v 0.03126361221075058 0.015055764466524124 -0.09396050870418547
v 0.03382999077439308 0.007721476256847382 -0.09396050870418547
v 0.03382999077439308 0.007721476256847382 -0.10096050798892973
v 0.03382999077439308 0.007721476256847382 -0.10096050798892973
v 0.03382999077439308 0.007721476256847382 -0.09396050870418547
v 0.03469999134540558 -2.8225338732923433e-11 -0.09396050870418547
v 0.03469999134540558 -2.8225338732923433e-11 -0.10096050798892973
v -3.5688980659642766e-09 -0.011435933411121368 -0.033700000494718545
v -3.5688980659642766e-09 -0.004435934126377106 -0.033700000494718545
v 0.007498953491449356 -0.004435934126377106 -0.0328550674021244
v 0.007498953491449356 -0.011435933411121368 -0.0328550674021244
v 0.007498953491449356 -0.011435933411121368 -0.0328550674021244
v 0.007498953491449356 -0.004435934126377106 -0.0328550674021244
v 0.014621883630752563 -0.004435934126377106 -0.030362648889422413
v 0.014621883630752563 -0.011435933411121368 -0.030362648889422413
v 0.014621883630752563 -0.011435933411121368 -0.030362648889422413
v 0.014621883630752563 -0.004435934126377106 -0.030362648889422413
v 0.021011605858802795 -0.004435934126377106 -0.026347724720835682
v 0.021011605858802795 -0.011435933411121368 -0.026347724720835682
v 0.021011605858802795 -0.011435933411121368 -0.026347724720835682
v 0.021011605858802795 -0.004435934126377106 -0.026347724720835682
v 0.026347719132900238 -0.004435934126377106 -0.021011603996157643
v 0.026347719132900238 -0.011435933411121368 -0.021011603996157643
v 0.026347719132900238 -0.011435933411121368 -0.021011603996157643
v 0.026347719132900238 -0.004435934126377106 -0.021011603996157643
v 0.030362650752067566 -0.004435934126377106 -0.014621881768107413
v 0.030362650752067566 -0.011435933411121368 -0.014621881768107413
v 0.030362650752067566 -0.011435933411121368 -0.014621881768107413
v 0.030362650752067566 -0.004435934126377106 -0.014621881768107413
v 0.0328550711274147 -0.004435934126377106 -0.007498954888433217
v 0.0328550711274147 -0.011435933411121368 -0.007498954888433217
v 0.0328550711274147 -0.011435933411121368 -0.007498954888433217
v 0.0328550711274147 -0.004435934126377106 -0.007498954888433217
v 0.03370000049471855 -0.004435934126377106 2.2297137469706736e-09
v 0.03370000049471855 -0.011435933411121368 2.2297137469706736e-09
v 0.03370000049471855 -0.011435933411121368 2.2297137469706736e-09
v 0.03370000049471855 -0.004435934126377106 2.2297137469706736e-09
v 0.0328550711274147 -0.004435934126377106 0.007498952094465493
v 0.0328550711274147 -0.011435933411121368 0.007498952094465493
v 0.0328550711274147 -0.011435933411121368 0.007498952094465493
v 0.0328550711274147 -0.004435934126377106 0.007498952094465493
v 0.030362650752067566 -0.004435934126377106 0.014621878042817114
v 0.030362650752067566 -0.011435933411121368 0.014621878042817114
v 0.030362650752067566 -0.011435933411121368 0.014621878042817114
v 0.030362650752067566 -0.004435934126377106 0.014621878042817114
v 0.026347719132900238 -0.004435934126377106 0.02101160772144794
v 0.026347719132900238 -0.011435933411121368 0.02101160772144794
v 0.026347719132900238 -0.011435933411121368 0.02101160772144794
v 0.026347719132900238 -0.004435934126377106 0.02101160772144794
v 0.021011605858802795 -0.004435934126377106 0.026347713544964787
v 0.021011605858802795 -0.011435933411121368 0.026347713544964787
v 0.021011605858802795 -0.011435933411121368 0.026347713544964787
v 0.021011605858802795 -0.004435934126377106 0.026347713544964787
v 0.014621883630752563 -0.004435934126377106 0.03036265261471271
v 0.014621883630752563 -0.011435933411121368 0.03036265261471271
v 0.014621883630752563 -0.011435933411121368 0.03036265261471271
v 0.014621883630752563 -0.004435934126377106 0.03036265261471271
v 0.007498953491449356 -0.004435934126377106 0.0328550674021244
v 0.007498953491449356 -0.011435933411121368 0.0328550674021244
v 0.007498953491449356 -0.011435933411121368 0.0328550674021244
v 0.007498953491449356 -0.004435934126377106 0.0328550674021244
v -3.5688980659642766e-09 -0.004435934126377106 0.03370000794529914
v -3.5688980659642766e-09 -0.011435933411121368 0.03370000794529914
v -3.5688980659642766e-09 -0.012935929000377655 -0.03399999812245368
v -3.5688980659642766e-09 -0.011435933411121368 -0.03399999812245368
v 0.007426351308822632 -0.011435933411121368 -0.033179048448801034
v 0.007426351308822632 -0.012935929000377655 -0.033179048448801034
v 0.007426351308822632 -0.012935929000377655 -0.033179048448801034
v 0.007426351308822632 -0.011435933411121368 -0.033179048448801034
v 0.014494072645902634 -0.011435933411121368 -0.03075584582984447
v 0.014494072645902634 -0.012935929000377655 -0.03075584582984447
v 0.014494072645902634 -0.012935929000377655 -0.03075584582984447
v 0.014494072645902634 -0.011435933411121368 -0.03075584582984447
v 0.020861856639385223 -0.011435933411121368 -0.02684739790856838
v 0.020861856639385223 -0.012935929000377655 -0.02684739790856838
v 0.020861856639385223 -0.012935929000377655 -0.02684739790856838
v 0.020861856639385223 -0.011435933411121368 -0.02684739790856838
v 0.026222199201583862 -0.011435933411121368 -0.021642459556460377
v 0.026222199201583862 -0.012935929000377655 -0.021642459556460377
v 0.026222199201583862 -0.012935929000377655 -0.021642459556460377
v 0.026222199201583862 -0.011435933411121368 -0.021642459556460377
v 0.030316241085529327 -0.011435933411121368 -0.01539238356053829
v 0.030316241085529327 -0.012935929000377655 -0.01539238356053829
v 0.030316241085529327 -0.012935929000377655 -0.01539238356053829
v 0.030316241085529327 -0.011435933411121368 -0.01539238356053829
v 0.03294627368450165 -0.011435933411121368 -0.008398992940783499
v 0.03294627368450165 -0.012935929000377655 -0.008398992940783499
v 0.03294627368450165 -0.012935929000377655 -0.008398992940783499
v 0.03294627368450165 -0.011435933411121368 -0.008398992940783499
v 0.03398529067635536 -0.011435933411121368 -0.0009999998146668074
v 0.03398529067635536 -0.012935929000377655 -0.0009999998146668074
v -3.5688980659642766e-09 -0.012935929000377655 0.03399999812245368
v -3.5688980659642766e-09 -0.011435933411121368 0.03399999812245368
v -0.007565710693597794 -0.011435933411121368 0.03314754739403724
v -0.007565710693597794 -0.012935929000377655 0.03314754739403724
v -0.007565710693597794 -0.012935929000377655 0.03314754739403724
v -0.007565710693597794 -0.011435933411121368 0.03314754739403724
v -0.014752048999071121 -0.011435933411121368 0.030632944777607914
v -0.014752048999071121 -0.012935929000377655 0.030632944777607914
v -0.014752048999071121 -0.012935929000377655 0.030632944777607914
v -0.014752048999071121 -0.011435933411121368 0.030632944777607914
v -0.021198656409978867 -0.011435933411121368 0.026582272723317143
v -0.021198656409978867 -0.012935929000377655 0.026582272723317143
v -0.021198656409978867 -0.012935929000377655 0.026582272723317143
v -0.021198656409978867 -0.011435933411121368 0.026582272723317143
v -0.0265822671353817 -0.011435933411121368 0.021198654547333714
v -0.0265822671353817 -0.012935929000377655 0.021198654547333714
v -0.0265822671353817 -0.012935929000377655 0.021198654547333714
v -0.0265822671353817 -0.011435933411121368 0.021198654547333714
v -0.03063293918967247 -0.011435933411121368 0.01475204713642597
v -0.03063293918967247 -0.012935929000377655 0.01475204713642597
v -0.03063293918967247 -0.012935929000377655 0.01475204713642597
v -0.03063293918967247 -0.011435933411121368 0.01475204713642597
v -0.03314754739403725 -0.011435933411121368 0.007565709296613931
v -0.03314754739403725 -0.012935929000377655 0.007565709296613931
v -0.03314754739403725 -0.012935929000377655 0.007565709296613931
v -0.03314754739403725 -0.011435933411121368 0.007565709296613931
v -0.03399999812245369 -0.011435933411121368 2.2297137469706736e-09
v -0.03399999812245369 -0.012935929000377655 2.2297137469706736e-09
v -0.03399999812245369 -0.012935929000377655 2.2297137469706736e-09
v -0.03399999812245369 -0.011435933411121368 2.2297137469706736e-09
v -0.03314754739403725 -0.011435933411121368 -0.007565712090581655
v -0.03314754739403725 -0.012935929000377655 -0.007565712090581655
v -0.03314754739403725 -0.012935929000377655 -0.007565712090581655
v -0.03314754739403725 -0.011435933411121368 -0.007565712090581655
v -0.03063293918967247 -0.011435933411121368 -0.014752050861716269
v -0.03063293918967247 -0.012935929000377655 -0.014752050861716269
v -0.03063293918967247 -0.012935929000377655 -0.014752050861716269
v -0.03063293918967247 -0.011435933411121368 -0.014752050861716269
v -0.0265822671353817 -0.011435933411121368 -0.021198650822043415
v -0.0265822671353817 -0.012935929000377655 -0.021198650822043415
v -0.0265822671353817 -0.012935929000377655 -0.021198650822043415
v -0.0265822671353817 -0.011435933411121368 -0.021198650822043415
v -0.021198656409978867 -0.011435933411121368 -0.026582268998026844
v -0.021198656409978867 -0.012935929000377655 -0.026582268998026844
v -0.021198656409978867 -0.012935929000377655 -0.026582268998026844
v -0.021198656409978867 -0.011435933411121368 -0.026582268998026844
v -0.014752048999071121 -0.011435933411121368 -0.030632941052317616
v -0.014752048999071121 -0.012935929000377655 -0.030632941052317616
v -0.014752048999071121 -0.012935929000377655 -0.030632941052317616
v -0.014752048999071121 -0.011435933411121368 -0.030632941052317616
v -0.007565710693597794 -0.011435933411121368 -0.03314754739403724
v -0.007565710693597794 -0.012935929000377655 -0.03314754739403724
v -0.007565710693597794 -0.012935929000377655 -0.03314754739403724
v -0.007565710693597794 -0.011435933411121368 -0.03314754739403724
v -3.5688980659642766e-09 -0.011435933411121368 -0.03399999812245368
v -3.5688980659642766e-09 -0.012935929000377655 -0.03399999812245368
v -1.1019478662888105e-08 -0.034999996423721313 -0.10096050798892973
v -1.1019478662888105e-08 -0.034999996423721313 -0.10350000113248824
v 0.00764886662364006 -0.03415398299694061 -0.10350000113248824
v 0.00764886662364006 -0.03415398299694061 -0.10096050798892973
v 0.00764886662364006 -0.03415398299694061 -0.10096050798892973
v 0.00764886662364006 -0.03415398299694061 -0.10350000113248824
v 0.01492796465754509 -0.031656838953495026 -0.10350000113248824
v 0.01492796465754509 -0.031656838953495026 -0.10096050798892973
v 0.01492796465754509 -0.031656838953495026 -0.10096050798892973
v 0.01492796465754509 -0.031656838953495026 -0.10350000113248824
v 0.02148539200425148 -0.02762928605079651 -0.10350000113248824
v 0.02148539200425148 -0.02762928605079651 -0.10096050798892973
v 0.02148539200425148 -0.02762928605079651 -0.10096050798892973
v 0.02148539200425148 -0.02762928605079651 -0.10350000113248824
v 0.02700413390994072 -0.02226603776216507 -0.10350000113248824
v 0.02700413390994072 -0.02226603776216507 -0.10096050798892973
v 0.02700413390994072 -0.02226603776216507 -0.10096050798892973
v 0.02700413390994072 -0.02226603776216507 -0.10350000113248824
v 0.03121739625930786 -0.015826359391212463 -0.10350000113248824
v 0.03121739625930786 -0.015826359391212463 -0.10096050798892973
v 0.03121739625930786 -0.015826359391212463 -0.10096050798892973
v 0.03121739625930786 -0.015826359391212463 -0.10350000113248824
v 0.0339214950799942 -0.00862158089876175 -0.10350000113248824
v 0.0339214950799942 -0.00862158089876175 -0.10096050798892973
v 0.0339214950799942 -0.00862158089876175 -0.10096050798892973
v 0.0339214950799942 -0.00862158089876175 -0.10350000113248824
v 0.034985702484846115 -0.000999998301267624 -0.10350000113248824
v 0.034985702484846115 -0.000999998301267624 -0.10096050798892973
v -1.1019478662888105e-08 0.03500000014901161 -0.10096050798892973
v -1.1019478662888105e-08 0.03500000014901161 -0.10350000113248824
v -0.0077882446348667145 0.03412247449159622 -0.10350000113248824
v -0.0077882446348667145 0.03412247449159622 -0.10096050798892973
v -0.0077882446348667145 0.03412247449159622 -0.10096050798892973
v -0.0077882446348667145 0.03412247449159622 -0.10350000113248824
v -0.015185941010713577 0.03153390809893608 -0.10350000113248824
v -0.015185941010713577 0.03153390809893608 -0.10096050798892973
v -0.015185941010713577 0.03153390809893608 -0.10096050798892973
v -0.015185941010713577 0.03153390809893608 -0.10350000113248824
v -0.02182215079665184 0.027364101260900497 -0.10350000113248824
v -0.02182215079665184 0.027364101260900497 -0.10096050798892973
v -0.02182215079665184 0.027364101260900497 -0.10096050798892973
v -0.02182215079665184 0.027364101260900497 -0.10350000113248824
v -0.027364108711481094 0.021822143346071243 -0.10350000113248824
v -0.027364108711481094 0.021822143346071243 -0.10096050798892973
v -0.027364108711481094 0.021822143346071243 -0.10096050798892973
v -0.027364108711481094 0.021822143346071243 -0.10350000113248824
v -0.03153391554951668 0.015185929834842682 -0.10350000113248824
v -0.03153391554951668 0.015185929834842682 -0.10096050798892973
v -0.03153391554951668 0.015185929834842682 -0.10096050798892973
v -0.03153391554951668 0.015185929834842682 -0.10350000113248824
v -0.03412248566746712 0.007788233458995819 -0.10350000113248824
v -0.03412248566746712 0.007788233458995819 -0.10096050798892973
v -0.03412248566746712 0.007788233458995819 -0.10096050798892973
v -0.03412248566746712 0.007788233458995819 -0.10350000113248824
v -0.03500000759959221 -2.8225338732923433e-11 -0.10350000113248824
v -0.03500000759959221 -2.8225338732923433e-11 -0.10096050798892973
v -0.03500000759959221 -2.8225338732923433e-11 -0.10096050798892973
v -0.03500000759959221 -2.8225338732923433e-11 -0.10350000113248824
v -0.03412248566746712 -0.007788233458995819 -0.10350000113248824
v -0.03412248566746712 -0.007788233458995819 -0.10096050798892973
v -0.03412248566746712 -0.007788233458995819 -0.10096050798892973
v -0.03412248566746712 -0.007788233458995819 -0.10350000113248824
v -0.03153391554951668 -0.015185929834842682 -0.10350000113248824
v -0.03153391554951668 -0.015185929834842682 -0.10096050798892973
v -0.03153391554951668 -0.015185929834842682 -0.10096050798892973
v -0.03153391554951668 -0.015185929834842682 -0.10350000113248824
v -0.027364108711481094 -0.021822139620780945 -0.10350000113248824
v -0.027364108711481094 -0.021822139620780945 -0.10096050798892973
v -0.027364108711481094 -0.021822139620780945 -0.10096050798892973
v -0.027364108711481094 -0.021822139620780945 -0.10350000113248824
v -0.02182215079665184 -0.027364104986190796 -0.10350000113248824
v -0.02182215079665184 -0.027364104986190796 -0.10096050798892973
v -0.02182215079665184 -0.027364104986190796 -0.10096050798892973
v -0.02182215079665184 -0.027364104986190796 -0.10350000113248824
v -0.015185941010713577 -0.03153391182422638 -0.10350000113248824
v -0.015185941010713577 -0.03153391182422638 -0.10096050798892973
v -0.015185941010713577 -0.03153391182422638 -0.10096050798892973
v -0.015185941010713577 -0.03153391182422638 -0.10350000113248824
v -0.0077882446348667145 -0.03412247449159622 -0.10350000113248824
v -0.0077882446348667145 -0.03412247449159622 -0.10096050798892973
v -0.0077882446348667145 -0.03412247449159622 -0.10096050798892973
v -0.0077882446348667145 -0.03412247449159622 -0.10350000113248824
v -1.1019478662888105e-08 -0.034999996423721313 -0.10350000113248824
v -1.1019478662888105e-08 -0.034999996423721313 -0.10096050798892973
v 0.034985702484846115 0.000999998301267624 -0.10096050798892973
v 0.034985702484846115 0.000999998301267624 -0.10350000113248824
v 0.0339214950799942 0.00862158089876175 -0.10350000113248824
v 0.0339214950799942 0.00862158089876175 -0.10096050798892973
v 0.0339214950799942 0.00862158089876175 -0.10096050798892973
v 0.0339214950799942 0.00862158089876175 -0.10350000113248824
v 0.03121739625930786 0.015826359391212463 -0.10350000113248824
v 0.03121739625930786 0.015826359391212463 -0.10096050798892973
v 0.03121739625930786 0.015826359391212463 -0.10096050798892973
v 0.03121739625930786 0.015826359391212463 -0.10350000113248824
v 0.02700413390994072 0.02226603403687477 -0.10350000113248824
v 0.02700413390994072 0.02226603403687477 -0.10096050798892973
v 0.02700413390994072 0.02226603403687477 -0.10096050798892973
v 0.02700413390994072 0.02226603403687477 -0.10350000113248824
v 0.02148539200425148 0.027629289776086807 -0.10350000113248824
v 0.02148539200425148 0.027629289776086807 -0.10096050798892973
v 0.02148539200425148 0.027629289776086807 -0.10096050798892973
v 0.02148539200425148 0.027629289776086807 -0.10350000113248824
v 0.01492796465754509 0.031656838953495026 -0.10350000113248824
v 0.01492796465754509 0.031656838953495026 -0.10096050798892973
v 0.01492796465754509 0.031656838953495026 -0.10096050798892973
v 0.01492796465754509 0.031656838953495026 -0.10350000113248824
v 0.00764886662364006 0.03415398299694061 -0.10350000113248824
v 0.00764886662364006 0.03415398299694061 -0.10096050798892973
v 0.00764886662364006 0.03415398299694061 -0.10096050798892973
v 0.00764886662364006 0.03415398299694061 -0.10350000113248824
v -1.1019478662888105e-08 0.03500000014901161 -0.10350000113248824
v -1.1019478662888105e-08 0.03500000014901161 -0.10096050798892973
v 0.02786076068878174 0.025457914918661118 -0.05379547923803329
v 0.02785957232117653 0.02512357011437416 -0.0539029948413372
v 0.028495945036411285 0.022128235548734665 -0.0594700165092945
v -1.8470059259811933e-08 0.045567698776721954 -0.05710379779338836
v -1.8470059259811933e-08 0.04871024563908577 -0.051183402538299554
v 0.0054651349782943726 0.04846850782632828 -0.05134152248501777
v 0.028495945036411285 0.022128235548734665 -0.0594700165092945
v 0.02785957232117653 0.02512357011437416 -0.0539029948413372
v 0.028468284755945206 0.0189657062292099 -0.060327287763357156
v 0.03342067077755928 0.004877626895904541 -0.08038274198770522
v 0.03321775794029236 0.008372660726308823 -0.08014703541994093
v 0.03202355280518532 0.011758703738451004 -0.07516080886125563
v 0.03198505565524101 -0.014211021363735199 -0.09396007657051085
v 0.03250996768474579 -0.012737363576889038 -0.09186944365501402
v 0.031054571270942688 -0.015936046838760376 -0.09185227751731871
v 0.003939956426620483 0.03477753698825836 -0.09396047145128249
v 0.003206938738003373 0.03517946973443031 -0.08771408349275588
v 0.006385616958141327 0.03473523631691933 -0.08781772851943968
v 0.0028725455049425364 -0.034685686230659485 -0.09132446348667143
v -1.8470059259811933e-08 -0.034798093140125275 -0.09128268808126448
v -1.1019478662888105e-08 -0.03498169034719467 -0.09316518902778624
v -1.1019478662888105e-08 -0.033207885921001434 -0.08630573004484175
v 0.0029629061464220285 -0.033120349049568176 -0.08639749139547347
v -1.1019478662888105e-08 -0.032529979944229126 -0.08507806807756423
v 0.003939956426620483 0.03477753698825836 -0.09396047145128249
v 0.006385616958141327 0.03473523631691933 -0.08781772851943968
v 0.007778678089380264 0.034124668687582016 -0.09396041184663771
v 0.007778678089380264 0.034124668687582016 -0.09396041184663771
v 0.006385616958141327 0.03473523631691933 -0.08781772851943968
v 0.009508747607469559 0.03400581702589989 -0.08792991936206816
v 0.007778678089380264 0.034124668687582016 -0.09396041184663771
v 0.009508747607469559 0.03400581702589989 -0.08792991936206816
v 0.011532850563526154 0.03304533287882805 -0.09396038204431532
v 0.011532850563526154 0.03304533287882805 -0.09396038204431532
v 0.009508747607469559 0.03400581702589989 -0.08792991936206816
v 0.012552112340927124 0.03299536928534508 -0.08805325627326964
v 0.011532850563526154 0.03304533287882805 -0.09396038204431532
v 0.012552112340927124 0.03299536928534508 -0.08805325627326964
v 0.015156451612710953 0.03154809772968292 -0.09396038204431532
v 0.03373905271291733 -0.008183538913726807 -0.08971226215362547
v 0.03427311033010483 -0.007095940411090851 -0.09396036714315413
v 0.03444766625761986 -0.004712916910648346 -0.08970142155885695
v 0.03444766625761986 -0.004712916910648346 -0.08970142155885695
v 0.03427311033010483 -0.007095940411090851 -0.09396036714315413
v 0.034852784126996994 -0.0032065436244010925 -0.09396047890186308
v 0.03444766625761986 -0.004712916910648346 -0.08970142155885695
v 0.034852784126996994 -0.0032065436244010925 -0.09396047890186308
v 0.03480098769068718 -0.001199565827846527 -0.08967375755310057
v 0.03480098769068718 -0.001199565827846527 -0.08967375755310057
v 0.034852784126996994 -0.0032065436244010925 -0.09396047890186308
v 0.03499923646450043 0.00022631135652773082 -0.09396050870418547
v 0.03480098769068718 -0.001199565827846527 -0.08967375755310057
v 0.03499923646450043 0.00022631135652773082 -0.09396050870418547
v 0.03479892760515213 0.0023164600133895874 -0.08962823450565337
v 0.03479892760515213 0.0023164600133895874 -0.08962823450565337
v 0.03499923646450043 0.00022631135652773082 -0.09396050870418547
v 0.03481151908636093 0.003627300262451172 -0.09396065771579741
v 0.03479892760515213 0.0023164600133895874 -0.08962823450565337
v 0.03481151908636093 0.003627300262451172 -0.09396065771579741
v 0.03444654494524002 0.0057949498295784 -0.08956357091665267
v 0.03444654494524002 0.0057949498295784 -0.08956357091665267
v 0.03481151908636093 0.003627300262451172 -0.09396065771579741
v 0.03430976718664169 0.0069166310131549835 -0.09396080672740935
v 0.03444654494524002 0.0057949498295784 -0.08956357091665267
v 0.03430976718664169 0.0069166310131549835 -0.09396080672740935
v 0.033753812313079834 0.00919698178768158 -0.08947897702455519
v 0.033753812313079834 0.00919698178768158 -0.08947897702455519
v 0.03430976718664169 0.0069166310131549835 -0.09396080672740935
v 0.03345825895667076 0.01027347519993782 -0.09396087378263472
v 0.033753812313079834 0.00919698178768158 -0.08947897702455519
v 0.03345825895667076 0.01027347519993782 -0.09396087378263472
v 0.0327354334294796 0.012486759573221207 -0.08937492221593855
v 0.0327354334294796 0.012486759573221207 -0.08937492221593855
v 0.03345825895667076 0.01027347519993782 -0.09396087378263472
v 0.03226394206285477 0.0135660320520401 -0.09396085143089293
v 0.0327354334294796 0.012486759573221207 -0.08937492221593855
v 0.03226394206285477 0.0135660320520401 -0.09396085143089293
v 0.031410086899995804 0.015632029622793198 -0.0892529785633087
v 0.031410086899995804 0.015632029622793198 -0.0892529785633087
v 0.03226394206285477 0.0135660320520401 -0.09396085143089293
v 0.030738044530153275 0.01673835888504982 -0.09396076202392577
v 0.031410086899995804 0.015632029622793198 -0.0892529785633087
v 0.030738044530153275 0.01673835888504982 -0.09396076202392577
v 0.0297994464635849 0.018604271113872528 -0.08911573141813277
v 0.0297994464635849 0.018604271113872528 -0.08911573141813277
v 0.030738044530153275 0.01673835888504982 -0.09396076202392577
v 0.028895895928144455 0.019749123603105545 -0.09396064281463622
v 0.0297994464635849 0.018604271113872528 -0.08911573141813277
v 0.028895895928144455 0.019749123603105545 -0.09396064281463622
v 0.027927204966545105 0.021378856152296066 -0.08896651864051817
v 0.027927204966545105 0.021378856152296066 -0.08896651864051817
v 0.028895895928144455 0.019749123603105545 -0.09396064281463622
v 0.02675621211528778 0.02256336808204651 -0.09396053850650786
v 0.027927204966545105 0.021378856152296066 -0.08896651864051817
v 0.02675621211528778 0.02256336808204651 -0.09396053850650786
v 0.02581806480884552 0.02393524721264839 -0.08880933374166487
v 0.02581806480884552 0.02393524721264839 -0.08880933374166487
v 0.02675621211528778 0.02256336808204651 -0.09396053850650786
v 0.02435753494501114 0.025133848190307617 -0.09396050870418547
v 0.02581806480884552 0.02393524721264839 -0.08880933374166487
v 0.02435753494501114 0.025133848190307617 -0.09396050870418547
v 0.02349674329161644 0.026257134974002838 -0.08864858746528624
v 0.02349674329161644 0.026257134974002838 -0.08864858746528624
v 0.02435753494501114 0.025133848190307617 -0.09396050870418547
v 0.02149926871061325 0.027618512511253357 -0.09396047145128249
v 0.02349674329161644 0.026257134974002838 -0.08864858746528624
v 0.02149926871061325 0.027618512511253357 -0.09396047145128249
v 0.020987123250961304 0.028332501649856567 -0.08848889172077178
v 0.020987123250961304 0.028332501649856567 -0.08848889172077178
v 0.02149926871061325 0.027618512511253357 -0.09396047145128249
v 0.018595438450574875 0.02965148165822029 -0.09396041929721831
v 0.020987123250961304 0.028332501649856567 -0.08848889172077178
v 0.018595438450574875 0.02965148165822029 -0.09396041929721831
v 0.018312204629182816 0.030152350664138794 -0.08833437412977217
v 0.018312204629182816 0.030152350664138794 -0.08833437412977217
v 0.018595438450574875 0.02965148165822029 -0.09396041929721831
v 0.015156451612710953 0.03154809772968292 -0.09396038204431532
v 0.018312204629182816 0.030152350664138794 -0.08833437412977217
v 0.015156451612710953 0.03154809772968292 -0.09396038204431532
v 0.015493594110012054 0.031708911061286926 -0.08818839490413664
v 0.015493594110012054 0.031708911061286926 -0.08818839490413664
v 0.015156451612710953 0.03154809772968292 -0.09396038204431532
v 0.012552112340927124 0.03299536928534508 -0.08805325627326964
v 0.03198505565524101 -0.014211021363735199 -0.09396007657051085
v 0.031054571270942688 -0.015936046838760376 -0.09185227751731871
v 0.030384883284568787 -0.017371132969856262 -0.09395999461412428
v 0.030384883284568787 -0.017371132969856262 -0.09395999461412428
v 0.031054571270942688 -0.015936046838760376 -0.09185227751731871
v 0.029283873736858368 -0.018974758684635162 -0.0918271094560623
v 0.030384883284568787 -0.017371132969856262 -0.09395999461412428
v 0.029283873736858368 -0.018974758684635162 -0.0918271094560623
v 0.02847505733370781 -0.020351126790046692 -0.09396003186702727
v 0.02847505733370781 -0.020351126790046692 -0.09396003186702727
v 0.029283873736858368 -0.018974758684635162 -0.0918271094560623
v 0.027215104550123215 -0.021821804344654083 -0.09179408103227614
v 0.02847505733370781 -0.020351126790046692 -0.09396003186702727
v 0.027215104550123215 -0.021821804344654083 -0.09179408103227614
v 0.026162374764680862 -0.023249231278896332 -0.09396025538444518
v 0.026162374764680862 -0.023249231278896332 -0.09396025538444518
v 0.027215104550123215 -0.021821804344654083 -0.09179408103227614
v 0.024868380278348923 -0.024447791278362274 -0.0917532593011856
v 0.026162374764680862 -0.023249231278896332 -0.09396025538444518
v 0.024868380278348923 -0.024447791278362274 -0.0917532593011856
v 0.023869793862104416 -0.025597475469112396 -0.0939606800675392
v 0.023869793862104416 -0.025597475469112396 -0.0939606800675392
v 0.024868380278348923 -0.024447791278362274 -0.0917532593011856
v 0.022266395390033722 -0.026825837790966034 -0.09170476347208022
v 0.023869793862104416 -0.025597475469112396 -0.0939606800675392
v 0.022266395390033722 -0.026825837790966034 -0.09170476347208022
v 0.020993221551179886 -0.02800503373146057 -0.09396108984947203
v 0.020993221551179886 -0.02800503373146057 -0.09396108984947203
v 0.022266395390033722 -0.026825837790966034 -0.09170476347208022
v 0.019434373825788498 -0.02893126755952835 -0.09164915978908537
v 0.020993221551179886 -0.02800503373146057 -0.09396108984947203
v 0.019434373825788498 -0.02893126755952835 -0.09164915978908537
v 0.017875492572784424 -0.030090898275375366 -0.09396129846572875
v 0.017875492572784424 -0.030090898275375366 -0.09396129846572875
v 0.019434373825788498 -0.02893126755952835 -0.09164915978908537
v 0.016399957239627838 -0.03074175864458084 -0.09158745408058165
v 0.017875492572784424 -0.030090898275375366 -0.09396129846572875
v 0.016399957239627838 -0.03074175864458084 -0.09158745408058165
v 0.014552779495716095 -0.03183101862668991 -0.09396129101514815
v 0.016399957239627838 -0.03074175864458084 -0.09158745408058165
v 0.013193119317293167 -0.032237596809864044 -0.09152126312255858
v 0.014552779495716095 -0.03183101862668991 -0.09396129101514815
v 0.014552779495716095 -0.03183101862668991 -0.09396129101514815
v 0.013193119317293167 -0.032237596809864044 -0.09152126312255858
v 0.009846150875091553 -0.033401958644390106 -0.09145295619964598
v 0.014552779495716095 -0.03183101862668991 -0.09396129101514815
v 0.009846150875091553 -0.033401958644390106 -0.09145295619964598
v 0.01106298342347145 -0.03320556879043579 -0.0939611569046974
v 0.01106298342347145 -0.03320556879043579 -0.0939611569046974
v 0.009846150875091553 -0.033401958644390106 -0.09145295619964598
v 0.006393659859895706 -0.03422124683856964 -0.09138588607311247
v 0.01106298342347145 -0.03320556879043579 -0.0939611569046974
v 0.006393659859895706 -0.03422124683856964 -0.09138588607311247
v 0.0074455998837947845 -0.0341988280415535 -0.09396095573902129
v 0.0074455998837947845 -0.0341988280415535 -0.09396095573902129
v 0.006393659859895706 -0.03422124683856964 -0.09138588607311247
v 0.0028725455049425364 -0.034685686230659485 -0.09132446348667143
v 0.0074455998837947845 -0.0341988280415535 -0.09396095573902129
v 0.0028725455049425364 -0.034685686230659485 -0.09132446348667143
v 0.003743324661627412 -0.034799158573150635 -0.0939606949687004
v 0.003743324661627412 -0.034799158573150635 -0.0939606949687004
v 0.0028725455049425364 -0.034685686230659485 -0.09132446348667143
v -1.1019478662888105e-08 -0.03498169034719467 -0.09316518902778624
v 0.003743324661627412 -0.034799158573150635 -0.0939606949687004
v -1.1019478662888105e-08 -0.03498169034719467 -0.09316518902778624
v -1.1019478662888105e-08 -0.03499992936849594 -0.09396050870418547
v -1.8470059259811933e-08 0.04021194204688072 -0.06869118660688399
v 0.005540359765291214 0.03958481177687645 -0.06943866610527037
v 0.0028786996845155954 0.03776760399341583 -0.07533959299325942
v -1.8470059259811933e-08 0.0363248772919178 -0.08133717626333235
v -1.8470059259811933e-08 0.037348486483097076 -0.07713087648153304
v 0.0028786996845155954 0.03776760399341583 -0.07533959299325942
v 0.0028786996845155954 0.03776760399341583 -0.07533959299325942
v -1.8470059259811933e-08 0.037348486483097076 -0.07713087648153304
v -1.8470059259811933e-08 0.037923526018857956 -0.07516100257635115
v 0.0028786996845155954 0.03776760399341583 -0.07533959299325942
v -1.8470059259811933e-08 0.037923526018857956 -0.07516100257635115
v -1.8470059259811933e-08 0.04021194204688072 -0.06869118660688399
v 0.003939956426620483 0.03477753698825836 -0.09396047145128249
v -1.1019478662888105e-08 0.035000018775463104 -0.09396050870418547
v 0.003206938738003373 0.03517946973443031 -0.08771408349275588
v 0.003206938738003373 0.03517946973443031 -0.08771408349275588
v -1.1019478662888105e-08 0.035000018775463104 -0.09396050870418547
v -1.8470059259811933e-08 0.03533520922064781 -0.08761417120695113
v 0.03202355280518532 0.011758703738451004 -0.07516080886125563
v 0.03321775794029236 0.008372660726308823 -0.08014703541994093
v 0.03148224577307701 0.015104874968528748 -0.0747508257627487
v 0.03148224577307701 0.015104874968528748 -0.0747508257627487
v 0.03321775794029236 0.008372660726308823 -0.08014703541994093
v 0.032670944929122925 0.011790025979280472 -0.07987470924854277
v 0.03148224577307701 0.015104874968528748 -0.0747508257627487
v 0.032670944929122925 0.011790025979280472 -0.07987470924854277
v 0.030628331005573273 0.018326126039028168 -0.07430830597877501
v 0.030628331005573273 0.018326126039028168 -0.07430830597877501
v 0.032670944929122925 0.011790025979280472 -0.07987470924854277
v 0.03179849684238434 0.015085052698850632 -0.07956715673208235
v 0.030628331005573273 0.018326126039028168 -0.07430830597877501
v 0.03179849684238434 0.015085052698850632 -0.07956715673208235
v 0.029486212879419327 0.021383248269557953 -0.07383970171213149
v 0.029486212879419327 0.021383248269557953 -0.07383970171213149
v 0.03179849684238434 0.015085052698850632 -0.07956715673208235
v 0.030624736100435257 0.01821928098797798 -0.07922825217247008
v 0.029486212879419327 0.021383248269557953 -0.07383970171213149
v 0.030624736100435257 0.01821928098797798 -0.07922825217247008
v 0.028084345161914825 0.02424345538020134 -0.07335304468870162
v 0.028084345161914825 0.02424345538020134 -0.07335304468870162
v 0.030624736100435257 0.01821928098797798 -0.07922825217247008
v 0.029178299009799957 0.021160591393709183 -0.0788636952638626
v 0.028084345161914825 0.02424345538020134 -0.07335304468870162
v 0.029178299009799957 0.021160591393709183 -0.0788636952638626
v 0.026453398168087006 0.026880614459514618 -0.07285740971565245
v 0.026453398168087006 0.026880614459514618 -0.07285740971565245
v 0.029178299009799957 0.021160591393709183 -0.0788636952638626
v 0.027490299195051193 0.023883357644081116 -0.07848062366247176
v 0.026453398168087006 0.026880614459514618 -0.07285740971565245
v 0.027490299195051193 0.023883357644081116 -0.07848062366247176
v 0.02462443709373474 0.02927546389400959 -0.07236250489950179
v 0.02462443709373474 0.02927546389400959 -0.07236250489950179
v 0.027490299195051193 0.023883357644081116 -0.07848062366247176
v 0.025592509657144547 0.026368550956249237 -0.07808720320463179
v 0.02462443709373474 0.02927546389400959 -0.07236250489950179
v 0.025592509657144547 0.026368550956249237 -0.07808720320463179
v 0.02262706682085991 0.03141580522060394 -0.07187817245721816
v 0.02262706682085991 0.03141580522060394 -0.07187817245721816
v 0.025592509657144547 0.026368550956249237 -0.07808720320463179
v 0.023515544831752777 0.028603896498680115 -0.07769220322370528
v 0.02262706682085991 0.03141580522060394 -0.07187817245721816
v 0.023515544831752777 0.028603896498680115 -0.07769220322370528
v 0.020487599074840546 0.03329671546816826 -0.07141393423080443
v 0.020487599074840546 0.03329671546816826 -0.07141393423080443
v 0.023515544831752777 0.028603896498680115 -0.07769220322370528
v 0.021287009119987488 0.03058396838605404 -0.0773046165704727
v 0.020487599074840546 0.03329671546816826 -0.07141393423080443
v 0.021287009119987488 0.03058396838605404 -0.0773046165704727
v 0.01822739839553833 0.03492118790745735 -0.07097871601581572
v 0.01822739839553833 0.03492118790745735 -0.07097871601581572
v 0.021287009119987488 0.03058396838605404 -0.0773046165704727
v 0.018929991871118546 0.03231053054332733 -0.07693327218294142
v 0.01822739839553833 0.03492118790745735 -0.07097871601581572
v 0.018929991871118546 0.03231053054332733 -0.07693327218294142
v 0.015862390398979187 0.03629948943853378 -0.07058090716600417
v 0.015862390398979187 0.03629948943853378 -0.07058090716600417
v 0.018929991871118546 0.03231053054332733 -0.07693327218294142
v 0.0164627805352211 0.03379103168845177 -0.07658640295267104
v 0.015862390398979187 0.03629948943853378 -0.07058090716600417
v 0.0164627805352211 0.03379103168845177 -0.07658640295267104
v 0.013403449207544327 0.037443216890096664 -0.07022680342197417
v 0.013403449207544327 0.037443216890096664 -0.07022680342197417
v 0.0164627805352211 0.03379103168845177 -0.07658640295267104
v 0.013898734003305435 0.03503350913524628 -0.0762704163789749
v 0.013403449207544327 0.037443216890096664 -0.07022680342197417
v 0.013898734003305435 0.03503350913524628 -0.0762704163789749
v 0.010858412832021713 0.03836406394839287 -0.06991959363222121
v 0.010858412832021713 0.03836406394839287 -0.06991959363222121
v 0.013898734003305435 0.03503350913524628 -0.0762704163789749
v 0.011248055845499039 0.036045562475919724 -0.07598915696144103
v 0.010858412832021713 0.03836406394839287 -0.06991959363222121
v 0.011248055845499039 0.036045562475919724 -0.07598915696144103
v 0.008234433829784393 0.0390738844871521 -0.06965861469507216
v 0.008234433829784393 0.0390738844871521 -0.06965861469507216
v 0.011248055845499039 0.036045562475919724 -0.07598915696144103
v 0.008520074188709259 0.03683430701494217 -0.07574322819709776
v 0.008234433829784393 0.0390738844871521 -0.06965861469507216
v 0.008520074188709259 0.03683430701494217 -0.07574322819709776
v 0.005540359765291214 0.03958481177687645 -0.06943866610527037
v 0.005540359765291214 0.03958481177687645 -0.06943866610527037
v 0.008520074188709259 0.03683430701494217 -0.07574322819709776
v 0.005725499242544174 0.0374063216149807 -0.07552932202816008
v 0.005540359765291214 0.03958481177687645 -0.06943866610527037
v 0.005725499242544174 0.0374063216149807 -0.07552932202816008
v 0.0028786996845155954 0.03776760399341583 -0.07533959299325942
v 0.031623322516679764 0.0014465004205703735 -0.07616559416055678
v 0.03275608271360397 -0.002151552587747574 -0.08074600249528883
v 0.032102059572935104 0.00487910583615303 -0.07586975395679472
v 0.032102059572935104 0.00487910583615303 -0.07586975395679472
v 0.03275608271360397 -0.002151552587747574 -0.08074600249528883
v 0.033268362283706665 0.0013533607125282288 -0.0805823430418968
v 0.032102059572935104 0.00487910583615303 -0.07586975395679472
v 0.033268362283706665 0.0013533607125282288 -0.0805823430418968
v 0.032233864068984985 0.008333336561918259 -0.07553426176309584
v 0.032233864068984985 0.008333336561918259 -0.07553426176309584
v 0.033268362283706665 0.0013533607125282288 -0.0805823430418968
v 0.03342067077755928 0.004877626895904541 -0.08038274198770522
v -1.8470059259811933e-08 -0.025334246456623077 -0.07752540707588194
v -1.8470059259811933e-08 -0.028154321014881134 -0.07986745238304137
v 0.00290765636600554 -0.025870561599731445 -0.07805223762989043
v 0.00290765636600554 -0.025870561599731445 -0.07805223762989043
v -1.8470059259811933e-08 -0.028154321014881134 -0.07986745238304137
v 0.002946958178654313 -0.028124049305915833 -0.0799741894006729
v 0.00290765636600554 -0.025870561599731445 -0.07805223762989043
v 0.002946958178654313 -0.028124049305915833 -0.0799741894006729
v 0.0064734406769275665 -0.02551848441362381 -0.07821936905384062
v 0.0064734406769275665 -0.02551848441362381 -0.07821936905384062
v 0.002946958178654313 -0.028124049305915833 -0.0799741894006729
v 0.0065596215426921844 -0.027738235890865326 -0.08014436811208724
v 0.0064734406769275665 -0.02551848441362381 -0.07821936905384062
v 0.0065596215426921844 -0.027738235890865326 -0.08014436811208724
v 0.009955838322639465 -0.024788938462734222 -0.07840219140052794
v 0.009955838322639465 -0.024788938462734222 -0.07840219140052794
v 0.0065596215426921844 -0.027738235890865326 -0.08014436811208724
v 0.010087892413139343 -0.02696704864501953 -0.08033268153667449
v 0.009955838322639465 -0.024788938462734222 -0.07840219140052794
v 0.010087892413139343 -0.02696704864501953 -0.08033268153667449
v 0.013306226581335068 -0.02368588000535965 -0.07857887446880339
v 0.013306226581335068 -0.02368588000535965 -0.07857887446880339
v 0.010087892413139343 -0.02696704864501953 -0.08033268153667449
v 0.013483617454767227 -0.025817744433879852 -0.08051885664463042
v 0.03188486024737358 -0.0055894553661346436 -0.08087337762117384
v 0.03079824522137642 -0.00191517174243927 -0.07641959190368651
v 0.030660726130008698 -0.008914381265640259 -0.08096373081207274
v 0.030660726130008698 -0.008914381265640259 -0.08096373081207274
v 0.03079824522137642 -0.00191517174243927 -0.07641959190368651
v 0.029632046818733215 -0.005158618092536926 -0.07662922143936156
v 0.030660726130008698 -0.008914381265640259 -0.08096373081207274
v 0.029632046818733215 -0.005158618092536926 -0.07662922143936156
v 0.029093913733959198 -0.01208283007144928 -0.08101608604192732
v 0.029093913733959198 -0.01208283007144928 -0.08101608604192732
v 0.029632046818733215 -0.005158618092536926 -0.07662922143936156
v 0.02813376858830452 -0.008239425718784332 -0.076791875064373
v 0.029093913733959198 -0.01208283007144928 -0.08101608604192732
v 0.02813376858830452 -0.008239425718784332 -0.076791875064373
v 0.02719808742403984 -0.015054486691951752 -0.08102937042713164
v 0.02719808742403984 -0.015054486691951752 -0.08102937042713164
v 0.02813376858830452 -0.008239425718784332 -0.076791875064373
v 0.02631550282239914 -0.011116892099380493 -0.0769050046801567
v 0.02719808742403984 -0.015054486691951752 -0.08102937042713164
v 0.02631550282239914 -0.011116892099380493 -0.0769050046801567
v 0.0249895378947258 -0.01779302954673767 -0.08100251853466033
v 0.0249895378947258 -0.01779302954673767 -0.08100251853466033
v 0.02631550282239914 -0.011116892099380493 -0.0769050046801567
v 0.02419157326221466 -0.01375492662191391 -0.07696637511253356
v 0.0249895378947258 -0.01779302954673767 -0.08100251853466033
v 0.02419157326221466 -0.01375492662191391 -0.07696637511253356
v 0.02248769998550415 -0.020266540348529816 -0.08093512803316115
v 0.02248769998550415 -0.020266540348529816 -0.08093512803316115
v 0.02419157326221466 -0.01375492662191391 -0.07696637511253356
v 0.021779611706733704 -0.016122527420520782 -0.07697468996047972
v 0.02248769998550415 -0.020266540348529816 -0.08093512803316115
v 0.021779611706733704 -0.016122527420520782 -0.07697468996047972
v 0.019717074930667877 -0.022445932030677795 -0.08082889020442961
v 0.019717074930667877 -0.022445932030677795 -0.08082889020442961
v 0.021779611706733704 -0.016122527420520782 -0.07697468996047972
v 0.019103437662124634 -0.01819227635860443 -0.07693120092153548
v 0.019717074930667877 -0.022445932030677795 -0.08082889020442961
v 0.019103437662124634 -0.01819227635860443 -0.07693120092153548
v 0.01670530065894127 -0.02430424839258194 -0.08068781346082686
v 0.01670530065894127 -0.02430424839258194 -0.08068781346082686
v 0.019103437662124634 -0.01819227635860443 -0.07693120092153548
v 0.016190040856599808 -0.01993965357542038 -0.07683993130922316
v 0.01670530065894127 -0.02430424839258194 -0.08068781346082686
v 0.016190040856599808 -0.01993965357542038 -0.07683993130922316
v 0.013070005923509598 -0.021344304084777832 -0.07670839130878447
v 0.013483617454767227 -0.025817744433879852 -0.08051885664463042
v 0.01670530065894127 -0.02430424839258194 -0.08068781346082686
v 0.013306226581335068 -0.02368588000535965 -0.07857887446880339
v 0.013306226581335068 -0.02368588000535965 -0.07857887446880339
v 0.01670530065894127 -0.02430424839258194 -0.08068781346082686
v 0.013070005923509598 -0.021344304084777832 -0.07670839130878447
v 0.013306226581335068 -0.02368588000535965 -0.07857887446880339
v 0.013070005923509598 -0.021344304084777832 -0.07670839130878447
v 0.009955838322639465 -0.024788938462734222 -0.07840219140052794
v 0.009955838322639465 -0.024788938462734222 -0.07840219140052794
v 0.013070005923509598 -0.021344304084777832 -0.07670839130878447
v 0.009778708219528198 -0.02239134907722473 -0.07654839009046553
v 0.009955838322639465 -0.024788938462734222 -0.07840219140052794
v 0.009778708219528198 -0.02239134907722473 -0.07654839009046553
v 0.0064734406769275665 -0.02551848441362381 -0.07821936905384062
v 0.0064734406769275665 -0.02551848441362381 -0.07821936905384062
v 0.009778708219528198 -0.02239134907722473 -0.07654839009046553
v 0.006357505917549133 -0.02307271957397461 -0.07637684792280196
v 0.0064734406769275665 -0.02551848441362381 -0.07821936905384062
v 0.006357505917549133 -0.02307271957397461 -0.07637684792280196
v 0.00290765636600554 -0.025870561599731445 -0.07805223762989043
v 0.00290765636600554 -0.025870561599731445 -0.07805223762989043
v 0.006357505917549133 -0.02307271957397461 -0.07637684792280196
v 0.002854936057701707 -0.023388519883155823 -0.07621657848358153
v 0.00290765636600554 -0.025870561599731445 -0.07805223762989043
v 0.002854936057701707 -0.023388519883155823 -0.07621657848358153
v -1.8470059259811933e-08 -0.025334246456623077 -0.07752540707588194
v -1.8470059259811933e-08 -0.025334246456623077 -0.07752540707588194
v 0.002854936057701707 -0.023388519883155823 -0.07621657848358153
v -1.8470059259811933e-08 -0.023382775485515594 -0.0761151537299156
v -1.8470059259811933e-08 -0.028154321014881134 -0.07986745238304137
v -1.8470059259811933e-08 -0.029635637998580933 -0.08132357150316237
v 0.002946958178654313 -0.028124049305915833 -0.0799741894006729
v 0.002946958178654313 -0.028124049305915833 -0.0799741894006729
v -1.8470059259811933e-08 -0.029635637998580933 -0.08132357150316237
v 0.002970554167404771 -0.030107341706752777 -0.08199761807918547
v 0.002946958178654313 -0.028124049305915833 -0.0799741894006729
v 0.002970554167404771 -0.030107341706752777 -0.08199761807918547
v 0.0065596215426921844 -0.027738235890865326 -0.08014436811208724
v 0.0065596215426921844 -0.027738235890865326 -0.08014436811208724
v 0.002970554167404771 -0.030107341706752777 -0.08199761807918547
v 0.006611134856939316 -0.029691532254219055 -0.08216557651758193
v 0.0065596215426921844 -0.027738235890865326 -0.08014436811208724
v 0.006611134856939316 -0.029691532254219055 -0.08216557651758193
v 0.010087892413139343 -0.02696704864501953 -0.08033268153667449
v 0.010087892413139343 -0.02696704864501953 -0.08033268153667449
v 0.006611134856939316 -0.029691532254219055 -0.08216557651758193
v 0.01016751304268837 -0.028886854648590088 -0.08235205709934233
v 0.010087892413139343 -0.02696704864501953 -0.08033268153667449
v 0.01016751304268837 -0.028886854648590088 -0.08235205709934233
v 0.013483617454767227 -0.025817744433879852 -0.08051885664463042
v 0.013483617454767227 -0.025817744433879852 -0.08051885664463042
v 0.01016751304268837 -0.028886854648590088 -0.08235205709934233
v 0.013592597097158432 -0.027702979743480682 -0.08253898471593855
v 0.013483617454767227 -0.025817744433879852 -0.08051885664463042
v 0.013592597097158432 -0.027702979743480682 -0.08253898471593855
v 0.01670530065894127 -0.02430424839258194 -0.08068781346082686
v 0.01670530065894127 -0.02430424839258194 -0.08068781346082686
v 0.013592597097158432 -0.027702979743480682 -0.08253898471593855
v 0.01684541255235672 -0.026155561208724976 -0.08271290361881255
v 0.01670530065894127 -0.02430424839258194 -0.08068781346082686
v 0.01684541255235672 -0.026155561208724976 -0.08271290361881255
v 0.019717074930667877 -0.022445932030677795 -0.08082889020442961
v 0.019717074930667877 -0.022445932030677795 -0.08082889020442961
v 0.01684541255235672 -0.026155561208724976 -0.08271290361881255
v 0.01989024132490158 -0.024265199899673462 -0.08286426216363905
v 0.019717074930667877 -0.022445932030677795 -0.08082889020442961
v 0.01989024132490158 -0.024265199899673462 -0.08286426216363905
v 0.02248769998550415 -0.020266540348529816 -0.08093512803316115
v 0.02248769998550415 -0.020266540348529816 -0.08093512803316115
v 0.01989024132490158 -0.024265199899673462 -0.08286426216363905
v 0.022695746272802353 -0.022056370973587036 -0.08298675715923308
v 0.02248769998550415 -0.020266540348529816 -0.08093512803316115
v 0.022695746272802353 -0.022056370973587036 -0.08298675715923308
v 0.0249895378947258 -0.01779302954673767 -0.08100251853466033
v 0.0249895378947258 -0.01779302954673767 -0.08100251853466033
v 0.022695746272802353 -0.022056370973587036 -0.08298675715923308
v 0.025234125554561615 -0.019556395709514618 -0.08307665586471556
v 0.0249895378947258 -0.01779302954673767 -0.08100251853466033
v 0.025234125554561615 -0.019556395709514618 -0.08307665586471556
v 0.02719808742403984 -0.015054486691951752 -0.08102937042713164
v 0.02719808742403984 -0.015054486691951752 -0.08102937042713164
v 0.025234125554561615 -0.019556395709514618 -0.08307665586471556
v 0.02748061716556549 -0.016794495284557343 -0.0831322595477104
v 0.02719808742403984 -0.015054486691951752 -0.08102937042713164
v 0.02748061716556549 -0.016794495284557343 -0.0831322595477104
v 0.029093913733959198 -0.01208283007144928 -0.08101608604192732
v 0.029093913733959198 -0.01208283007144928 -0.08101608604192732
v 0.02748061716556549 -0.016794495284557343 -0.0831322595477104
v 0.029414914548397064 -0.013802438974380493 -0.08315368741750716
v 0.029093913733959198 -0.01208283007144928 -0.08101608604192732
v 0.029414914548397064 -0.013802438974380493 -0.08315368741750716
v 0.030660726130008698 -0.008914381265640259 -0.08096373081207274
v 0.030660726130008698 -0.008914381265640259 -0.08096373081207274
v 0.029414914548397064 -0.013802438974380493 -0.08315368741750716
v 0.03101976588368416 -0.010616056621074677 -0.08314154297113417
v 0.030660726130008698 -0.008914381265640259 -0.08096373081207274
v 0.03101976588368416 -0.010616056621074677 -0.08314154297113417
v 0.03188486024737358 -0.0055894553661346436 -0.08087337762117384
v 0.03188486024737358 -0.0055894553661346436 -0.08087337762117384
v 0.03101976588368416 -0.010616056621074677 -0.08314154297113417
v 0.032280709594488144 -0.007274828851222992 -0.08309639245271681
v 0.03188486024737358 -0.0055894553661346436 -0.08087337762117384
v 0.032280709594488144 -0.007274828851222992 -0.08309639245271681
v 0.033503688871860504 -0.0053872764110565186 -0.085274800658226
v -1.8470059259811933e-08 -0.029635637998580933 -0.08132357150316237
v -1.1019478662888105e-08 -0.03185248374938965 -0.08403294533491133
v 0.002970554167404771 -0.030107341706752777 -0.08199761807918547
v 0.002970554167404771 -0.030107341706752777 -0.08199761807918547
v -1.1019478662888105e-08 -0.03185248374938965 -0.08403294533491133
v 0.002976436400786042 -0.031783297657966614 -0.08413530886173247
v 0.002970554167404771 -0.030107341706752777 -0.08199761807918547
v 0.002976436400786042 -0.031783297657966614 -0.08413530886173247
v 0.006611134856939316 -0.029691532254219055 -0.08216557651758193
v 0.006611134856939316 -0.029691532254219055 -0.08216557651758193
v 0.002976436400786042 -0.031783297657966614 -0.08413530886173247
v 0.006623614579439163 -0.03134264051914215 -0.08429373800754546
v 0.006611134856939316 -0.029691532254219055 -0.08216557651758193
v 0.006623614579439163 -0.03134264051914215 -0.08429373800754546
v 0.01016751304268837 -0.028886854648590088 -0.08235205709934233
v 0.01016751304268837 -0.028886854648590088 -0.08235205709934233
v 0.006623614579439163 -0.03134264051914215 -0.08429373800754546
v 0.010188162326812744 -0.030514344573020935 -0.08446919918060301
v 0.01016751304268837 -0.028886854648590088 -0.08235205709934233
v 0.010188162326812744 -0.030514344573020935 -0.08446919918060301
v 0.013592597097158432 -0.027702979743480682 -0.08253898471593855
v 0.013592597097158432 -0.027702979743480682 -0.08253898471593855
v 0.010188162326812744 -0.030514344573020935 -0.08446919918060301
v 0.013624627143144608 -0.029309555888175964 -0.08464644849300383
v 0.013592597097158432 -0.027702979743480682 -0.08253898471593855
v 0.013624627143144608 -0.029309555888175964 -0.08464644849300383
v 0.01684541255235672 -0.026155561208724976 -0.08271290361881255
v 0.01684541255235672 -0.026155561208724976 -0.08271290361881255
v 0.013624627143144608 -0.029309555888175964 -0.08464644849300383
v 0.016892965883016586 -0.027744799852371216 -0.08481407910585402
v 0.01684541255235672 -0.026155561208724976 -0.08271290361881255
v 0.016892965883016586 -0.027744799852371216 -0.08481407910585402
v 0.01989024132490158 -0.024265199899673462 -0.08286426216363905
v 0.01989024132490158 -0.024265199899673462 -0.08286426216363905
v 0.016892965883016586 -0.027744799852371216 -0.08481407910585402
v 0.01995787024497986 -0.025841079652309418 -0.08496398478746413
v 0.01989024132490158 -0.024265199899673462 -0.08286426216363905
v 0.01995787024497986 -0.025841079652309418 -0.08496398478746413
v 0.022695746272802353 -0.022056370973587036 -0.08298675715923308
v 0.022695746272802353 -0.022056370973587036 -0.08298675715923308
v 0.01995787024497986 -0.025841079652309418 -0.08496398478746413
v 0.022788092494010925 -0.023622870445251465 -0.08509076386690138
v 0.022695746272802353 -0.022056370973587036 -0.08298675715923308
v 0.022788092494010925 -0.023622870445251465 -0.08509076386690138
v 0.025234125554561615 -0.019556395709514618 -0.08307665586471556
v 0.025234125554561615 -0.019556395709514618 -0.08307665586471556
v 0.022788092494010925 -0.023622870445251465 -0.08509076386690138
v 0.025355741381645203 -0.02111724019050598 -0.08519115298986434
v 0.025234125554561615 -0.019556395709514618 -0.08307665586471556
v 0.025355741381645203 -0.02111724019050598 -0.08519115298986434
v 0.02748061716556549 -0.016794495284557343 -0.0831322595477104
v 0.02748061716556549 -0.016794495284557343 -0.0831322595477104
v 0.025355741381645203 -0.02111724019050598 -0.08519115298986434
v 0.027635853737592697 -0.018353022634983063 -0.08526355773210524
v 0.02748061716556549 -0.016794495284557343 -0.0831322595477104
v 0.027635853737592697 -0.018353022634983063 -0.08526355773210524
v 0.029414914548397064 -0.013802438974380493 -0.08315368741750716
v 0.029414914548397064 -0.013802438974380493 -0.08315368741750716
v 0.027635853737592697 -0.018353022634983063 -0.08526355773210524
v 0.029607325792312622 -0.01536143571138382 -0.08530790358781813
v 0.029414914548397064 -0.013802438974380493 -0.08315368741750716
v 0.029607325792312622 -0.01536143571138382 -0.08530790358781813
v 0.03101976588368416 -0.010616056621074677 -0.08314154297113417
v 0.03101976588368416 -0.010616056621074677 -0.08314154297113417
v 0.029607325792312622 -0.01536143571138382 -0.08530790358781813
v 0.03125201165676117 -0.012177355587482452 -0.08532447367906569
v 0.03101976588368416 -0.010616056621074677 -0.08314154297113417
v 0.03125201165676117 -0.012177355587482452 -0.08532447367906569
v 0.032280709594488144 -0.007274828851222992 -0.08309639245271681
v 0.032280709594488144 -0.007274828851222992 -0.08309639245271681
v 0.03125201165676117 -0.012177355587482452 -0.08532447367906569
v 0.032554686069488525 -0.008839011192321777 -0.08531344681978224
v 0.032280709594488144 -0.007274828851222992 -0.08309639245271681
v 0.032554686069488525 -0.008839011192321777 -0.08531344681978224
v 0.033503688871860504 -0.0053872764110565186 -0.085274800658226
v 0.033503688871860504 -0.0053872764110565186 -0.085274800658226
v 0.032554686069488525 -0.008839011192321777 -0.08531344681978224
v 0.03373905271291733 -0.008183538913726807 -0.08971226215362547
v 0.033503688871860504 -0.0053872764110565186 -0.085274800658226
v 0.03373905271291733 -0.008183538913726807 -0.08971226215362547
v 0.034091632813215256 -0.0018651261925697327 -0.08520823717117308
v 0.034091632813215256 -0.0018651261925697327 -0.08520823717117308
v 0.03373905271291733 -0.008183538913726807 -0.08971226215362547
v 0.03444766625761986 -0.004712916910648346 -0.08970142155885695
v 0.034091632813215256 -0.0018651261925697327 -0.08520823717117308
v 0.03444766625761986 -0.004712916910648346 -0.08970142155885695
v 0.03431606665253639 0.0016830787062644958 -0.08511310070753096
v 0.03431606665253639 0.0016830787062644958 -0.08511310070753096
v 0.03444766625761986 -0.004712916910648346 -0.08970142155885695
v 0.03480098769068718 -0.001199565827846527 -0.08967375755310057
v 0.03431606665253639 0.0016830787062644958 -0.08511310070753096
v 0.03480098769068718 -0.001199565827846527 -0.08967375755310057
v 0.03418019413948059 0.00521218404173851 -0.0849882885813713
v 0.03418019413948059 0.00521218404173851 -0.0849882885813713
v 0.03480098769068718 -0.001199565827846527 -0.08967375755310057
v 0.03479892760515213 0.0023164600133895874 -0.08962823450565337
v 0.03418019413948059 0.00521218404173851 -0.0849882885813713
v 0.03479892760515213 0.0023164600133895874 -0.08962823450565337
v 0.033693425357341766 0.008677072823047638 -0.08483237028121947
v 0.033693425357341766 0.008677072823047638 -0.08483237028121947
v 0.03479892760515213 0.0023164600133895874 -0.08962823450565337
v 0.03444654494524002 0.0057949498295784 -0.08956357091665267
v 0.033693425357341766 0.008677072823047638 -0.08483237028121947
v 0.03444654494524002 0.0057949498295784 -0.08956357091665267
v 0.032871320843696594 0.01203523576259613 -0.0846450701355934
v 0.032871320843696594 0.01203523576259613 -0.0846450701355934
v 0.03444654494524002 0.0057949498295784 -0.08956357091665267
v 0.033753812313079834 0.00919698178768158 -0.08947897702455519
v 0.032871320843696594 0.01203523576259613 -0.0846450701355934
v 0.033753812313079834 0.00919698178768158 -0.08947897702455519
v 0.03173506259918213 0.015249226242303848 -0.08442816883325575
v 0.03173506259918213 0.015249226242303848 -0.08442816883325575
v 0.033753812313079834 0.00919698178768158 -0.08947897702455519
v 0.0327354334294796 0.012486759573221207 -0.08937492221593855
v 0.03173506259918213 0.015249226242303848 -0.08442816883325575
v 0.0327354334294796 0.012486759573221207 -0.08937492221593855
v 0.030310168862342834 0.018287058919668198 -0.08418519049882887
v 0.030310168862342834 0.018287058919668198 -0.08418519049882887
v 0.0327354334294796 0.012486759573221207 -0.08937492221593855
v 0.031410086899995804 0.015632029622793198 -0.0892529785633087
v 0.030310168862342834 0.018287058919668198 -0.08418519049882887
v 0.031410086899995804 0.015632029622793198 -0.0892529785633087
v 0.02862491086125374 0.021122291684150696 -0.08392108976840972
v 0.02862491086125374 0.021122291684150696 -0.08392108976840972
v 0.031410086899995804 0.015632029622793198 -0.0892529785633087
v 0.0297994464635849 0.018604271113872528 -0.08911573141813277
v 0.02862491086125374 0.021122291684150696 -0.08392108976840972
v 0.0297994464635849 0.018604271113872528 -0.08911573141813277
v 0.026708737015724182 0.023734144866466522 -0.08364192396402358
v 0.026708737015724182 0.023734144866466522 -0.08364192396402358
v 0.0297994464635849 0.018604271113872528 -0.08911573141813277
v 0.027927204966545105 0.021378856152296066 -0.08896651864051817
v 0.026708737015724182 0.023734144866466522 -0.08364192396402358
v 0.027927204966545105 0.021378856152296066 -0.08896651864051817
v 0.024590741842985153 0.026107586920261383 -0.08335457742214201
v 0.024590741842985153 0.026107586920261383 -0.08335457742214201
v 0.027927204966545105 0.021378856152296066 -0.08896651864051817
v 0.02581806480884552 0.02393524721264839 -0.08880933374166487
v 0.024590741842985153 0.026107586920261383 -0.08335457742214201
v 0.02581806480884552 0.02393524721264839 -0.08880933374166487
v 0.02229808270931244 0.02823347970843315 -0.0830664038658142
v 0.02229808270931244 0.02823347970843315 -0.0830664038658142
v 0.02581806480884552 0.02393524721264839 -0.08880933374166487
v 0.02349674329161644 0.026257134974002838 -0.08864858746528624
v 0.02229808270931244 0.02823347970843315 -0.0830664038658142
v 0.02349674329161644 0.026257134974002838 -0.08864858746528624
v 0.019854824990034103 0.03010871447622776 -0.08278489857912062
v 0.019854824990034103 0.03010871447622776 -0.08278489857912062
v 0.02349674329161644 0.026257134974002838 -0.08864858746528624
v 0.020987123250961304 0.028332501649856567 -0.08848889172077178
v 0.019854824990034103 0.03010871447622776 -0.08278489857912062
v 0.020987123250961304 0.028332501649856567 -0.08848889172077178
v 0.017281755805015564 0.0317344106733799 -0.08251690864562987
v 0.017281755805015564 0.0317344106733799 -0.08251690864562987
v 0.020987123250961304 0.028332501649856567 -0.08848889172077178
v 0.018312204629182816 0.030152350664138794 -0.08833437412977217
v 0.017281755805015564 0.0317344106733799 -0.08251690864562987
v 0.018312204629182816 0.030152350664138794 -0.08833437412977217
v 0.014595873653888702 0.03311217948794365 -0.08226791024208067
v 0.014595873653888702 0.03311217948794365 -0.08226791024208067
v 0.018312204629182816 0.030152350664138794 -0.08833437412977217
v 0.015493594110012054 0.031708911061286926 -0.08818839490413664
v 0.014595873653888702 0.03311217948794365 -0.08226791024208067
v 0.015493594110012054 0.031708911061286926 -0.08818839490413664
v 0.011811729520559311 0.034243494272232056 -0.08204145729541777
v 0.011811729520559311 0.034243494272232056 -0.08204145729541777
v 0.015493594110012054 0.031708911061286926 -0.08818839490413664
v 0.012552112340927124 0.03299536928534508 -0.08805325627326964
v 0.011811729520559311 0.034243494272232056 -0.08204145729541777
v 0.012552112340927124 0.03299536928534508 -0.08805325627326964
v 0.008943259716033936 0.03512963652610779 -0.08183870464563368
v 0.008943259716033936 0.03512963652610779 -0.08183870464563368
v 0.012552112340927124 0.03299536928534508 -0.08805325627326964
v 0.009508747607469559 0.03400581702589989 -0.08792991936206816
v 0.008943259716033936 0.03512963652610779 -0.08183870464563368
v 0.009508747607469559 0.03400581702589989 -0.08792991936206816
v 0.006005600094795227 0.03577160835266113 -0.08165787905454634
v 0.006005600094795227 0.03577160835266113 -0.08165787905454634
v 0.009508747607469559 0.03400581702589989 -0.08792991936206816
v 0.006385616958141327 0.03473523631691933 -0.08781772851943968
v 0.006005600094795227 0.03577160835266113 -0.08165787905454634
v 0.006385616958141327 0.03473523631691933 -0.08781772851943968
v 0.0030168669763952494 0.03617002069950104 -0.0814937651157379
v 0.0030168669763952494 0.03617002069950104 -0.0814937651157379
v 0.006385616958141327 0.03473523631691933 -0.08781772851943968
v 0.003206938738003373 0.03517946973443031 -0.08771408349275588
v 0.0030168669763952494 0.03617002069950104 -0.0814937651157379
v 0.003206938738003373 0.03517946973443031 -0.08771408349275588
v -1.8470059259811933e-08 0.035601887851953506 -0.08545458316802977
v -1.8470059259811933e-08 0.035601887851953506 -0.08545458316802977
v 0.003206938738003373 0.03517946973443031 -0.08771408349275588
v -1.8470059259811933e-08 0.03533520922064781 -0.08761417120695113
v -1.1019478662888105e-08 -0.03185248374938965 -0.08403294533491133
v -1.1019478662888105e-08 -0.032529979944229126 -0.08507806807756423
v 0.002976436400786042 -0.031783297657966614 -0.08413530886173247
v 0.002976436400786042 -0.031783297657966614 -0.08413530886173247
v -1.1019478662888105e-08 -0.032529979944229126 -0.08507806807756423
v 0.0029629061464220285 -0.033120349049568176 -0.08639749139547347
v 0.002976436400786042 -0.031783297657966614 -0.08413530886173247
v 0.0029629061464220285 -0.033120349049568176 -0.08639749139547347
v 0.006623614579439163 -0.03134264051914215 -0.08429373800754546
v 0.006623614579439163 -0.03134264051914215 -0.08429373800754546
v 0.0029629061464220285 -0.033120349049568176 -0.08639749139547347
v 0.006593372672796249 -0.032661691308021545 -0.08653661608695982
v 0.006623614579439163 -0.03134264051914215 -0.08429373800754546
v 0.006593372672796249 -0.032661691308021545 -0.08653661608695982
v 0.010188162326812744 -0.030514344573020935 -0.08446919918060301
v 0.010188162326812744 -0.030514344573020935 -0.08446919918060301
v 0.006593372672796249 -0.032661691308021545 -0.08653661608695982
v 0.010144278407096863 -0.03182157874107361 -0.08668985217809676
v 0.010188162326812744 -0.030514344573020935 -0.08446919918060301
v 0.010144278407096863 -0.03182157874107361 -0.08668985217809676
v 0.013624627143144608 -0.029309555888175964 -0.08464644849300383
v 0.013624627143144608 -0.029309555888175964 -0.08464644849300383
v 0.010144278407096863 -0.03182157874107361 -0.08668985217809676
v 0.013572406023740768 -0.030611641705036163 -0.08684521913528441
v 0.013624627143144608 -0.029309555888175964 -0.08464644849300383
v 0.013572406023740768 -0.030611641705036163 -0.08684521913528441
v 0.016892965883016586 -0.027744799852371216 -0.08481407910585402
v 0.016892965883016586 -0.027744799852371216 -0.08481407910585402
v 0.013572406023740768 -0.030611641705036163 -0.08684521913528441
v 0.016839072108268738 -0.029048345983028412 -0.08699376881122588
v 0.016892965883016586 -0.027744799852371216 -0.08481407910585402
v 0.016839072108268738 -0.029048345983028412 -0.08699376881122588
v 0.01995787024497986 -0.025841079652309418 -0.08496398478746413
v 0.01995787024497986 -0.025841079652309418 -0.08496398478746413
v 0.016839072108268738 -0.029048345983028412 -0.08699376881122588
v 0.019909672439098358 -0.02715218812227249 -0.087129108607769
v 0.01995787024497986 -0.025841079652309418 -0.08496398478746413
v 0.019909672439098358 -0.02715218812227249 -0.087129108607769
v 0.022788092494010925 -0.023622870445251465 -0.08509076386690138
v 0.022788092494010925 -0.023622870445251465 -0.08509076386690138
v 0.019909672439098358 -0.02715218812227249 -0.087129108607769
v 0.022753197699785233 -0.024946890771389008 -0.08724693953990935
v 0.022788092494010925 -0.023622870445251465 -0.08509076386690138
v 0.022753197699785233 -0.024946890771389008 -0.08724693953990935
v 0.025355741381645203 -0.02111724019050598 -0.08519115298986434
v 0.025355741381645203 -0.02111724019050598 -0.08519115298986434
v 0.022753197699785233 -0.024946890771389008 -0.08724693953990935
v 0.025341764092445374 -0.022458575665950775 -0.08734461665153502
v 0.025355741381645203 -0.02111724019050598 -0.08519115298986434
v 0.025341764092445374 -0.022458575665950775 -0.08734461665153502
v 0.027635853737592697 -0.018353022634983063 -0.08526355773210524
v 0.027635853737592697 -0.018353022634983063 -0.08526355773210524
v 0.025341764092445374 -0.022458575665950775 -0.08734461665153502
v 0.027650263160467148 -0.019715189933776855 -0.08742077648639678
v 0.027635853737592697 -0.018353022634983063 -0.08526355773210524
v 0.027650263160467148 -0.019715189933776855 -0.08742077648639678
v 0.029607325792312622 -0.01536143571138382 -0.08530790358781813
v 0.029607325792312622 -0.01536143571138382 -0.08530790358781813
v 0.027650263160467148 -0.019715189933776855 -0.08742077648639678
v 0.02965690940618515 -0.016746938228607178 -0.08747524023056029
v 0.029607325792312622 -0.01536143571138382 -0.08530790358781813
v 0.02965690940618515 -0.016746938228607178 -0.08747524023056029
v 0.03125201165676117 -0.012177355587482452 -0.08532447367906569
v 0.03125201165676117 -0.012177355587482452 -0.08532447367906569
v 0.02965690940618515 -0.016746938228607178 -0.08747524023056029
v 0.031342774629592896 -0.013587318360805511 -0.08750808984041213
v 0.03125201165676117 -0.012177355587482452 -0.08532447367906569
v 0.031342774629592896 -0.013587318360805511 -0.08750808984041213
v 0.032554686069488525 -0.008839011192321777 -0.08531344681978224
v 0.032554686069488525 -0.008839011192321777 -0.08531344681978224
v 0.031342774629592896 -0.013587318360805511 -0.08750808984041213
v 0.032691892236471176 -0.01027282327413559 -0.08751925081014632
v 0.032554686069488525 -0.008839011192321777 -0.08531344681978224
v 0.032691892236471176 -0.01027282327413559 -0.08751925081014632
v 0.03373905271291733 -0.008183538913726807 -0.08971226215362547
v -1.1019478662888105e-08 -0.033207885921001434 -0.08630573004484175
v -1.8470059259811933e-08 -0.0342700332403183 -0.08895511925220488
v 0.0029629061464220285 -0.033120349049568176 -0.08639749139547347
v 0.0029629061464220285 -0.033120349049568176 -0.08639749139547347
v -1.8470059259811933e-08 -0.0342700332403183 -0.08895511925220488
v 0.002928611123934388 -0.03409355878829956 -0.08879195898771285
v 0.0029629061464220285 -0.033120349049568176 -0.08639749139547347
v 0.002928611123934388 -0.03409355878829956 -0.08879195898771285
v 0.006593372672796249 -0.032661691308021545 -0.08653661608695982
v 0.006593372672796249 -0.032661691308021545 -0.08653661608695982
v 0.002928611123934388 -0.03409355878829956 -0.08879195898771285
v 0.006517454981803894 -0.033625997602939606 -0.08889944851398467
v 0.006593372672796249 -0.032661691308021545 -0.08653661608695982
v 0.006517454981803894 -0.033625997602939606 -0.08889944851398467
v 0.010144278407096863 -0.03182157874107361 -0.08668985217809676
v 0.010144278407096863 -0.03182157874107361 -0.08668985217809676
v 0.006517454981803894 -0.033625997602939606 -0.08889944851398467
v 0.010031387209892273 -0.03278803825378418 -0.08901716768741606
v 0.010144278407096863 -0.03182157874107361 -0.08668985217809676
v 0.010031387209892273 -0.03278803825378418 -0.08901716768741606
v 0.013572406023740768 -0.030611641705036163 -0.08684521913528441
v 0.013572406023740768 -0.030611641705036163 -0.08684521913528441
v 0.010031387209892273 -0.03278803825378418 -0.08901716768741606
v 0.01343003660440445 -0.03159084916114807 -0.08913676440715788
v 0.013572406023740768 -0.030611641705036163 -0.08684521913528441
v 0.01343003660440445 -0.03159084916114807 -0.08913676440715788
v 0.016839072108268738 -0.029048345983028412 -0.08699376881122588
v 0.016839072108268738 -0.029048345983028412 -0.08699376881122588
v 0.01343003660440445 -0.03159084916114807 -0.08913676440715788
v 0.016676530241966248 -0.030049912631511688 -0.08925197273492812
v 0.016839072108268738 -0.029048345983028412 -0.08699376881122588
v 0.016676530241966248 -0.030049912631511688 -0.08925197273492812
v 0.019909672439098358 -0.02715218812227249 -0.087129108607769
v 0.019909672439098358 -0.02715218812227249 -0.087129108607769
v 0.016676530241966248 -0.030049912631511688 -0.08925197273492812
v 0.019737262278795242 -0.028184309601783752 -0.0893583372235298
v 0.019909672439098358 -0.02715218812227249 -0.087129108607769
v 0.019737262278795242 -0.028184309601783752 -0.0893583372235298
v 0.022753197699785233 -0.024946890771389008 -0.08724693953990935
v 0.022753197699785233 -0.024946890771389008 -0.08724693953990935
v 0.019737262278795242 -0.028184309601783752 -0.0893583372235298
v 0.02258164808154106 -0.026016123592853546 -0.08945281803607939
v 0.022753197699785233 -0.024946890771389008 -0.08724693953990935
v 0.02258164808154106 -0.026016123592853546 -0.08945281803607939
v 0.025341764092445374 -0.022458575665950775 -0.08734461665153502
v 0.025341764092445374 -0.022458575665950775 -0.08734461665153502
v 0.02258164808154106 -0.026016123592853546 -0.08945281803607939
v 0.025181882083415985 -0.023569904267787933 -0.08953352272510527
v 0.025341764092445374 -0.022458575665950775 -0.08734461665153502
v 0.025181882083415985 -0.023569904267787933 -0.08953352272510527
v 0.027650263160467148 -0.019715189933776855 -0.08742077648639678
v 0.027650263160467148 -0.019715189933776855 -0.08742077648639678
v 0.025181882083415985 -0.023569904267787933 -0.08953352272510527
v 0.027512773871421814 -0.020872212946414948 -0.08959943801164626
v 0.027650263160467148 -0.019715189933776855 -0.08742077648639678
v 0.027512773871421814 -0.020872212946414948 -0.08959943801164626
v 0.02965690940618515 -0.016746938228607178 -0.08747524023056029
v 0.02965690940618515 -0.016746938228607178 -0.08747524023056029
v 0.027512773871421814 -0.020872212946414948 -0.08959943801164626
v 0.02955201268196106 -0.01795179396867752 -0.08965038508176802
v 0.02965690940618515 -0.016746938228607178 -0.08747524023056029
v 0.02955201268196106 -0.01795179396867752 -0.08965038508176802
v 0.031342774629592896 -0.013587318360805511 -0.08750808984041213
v 0.031342774629592896 -0.013587318360805511 -0.08750808984041213
v 0.02955201268196106 -0.01795179396867752 -0.08965038508176802
v 0.03127998858690262 -0.014840304851531982 -0.08968631178140639
v 0.031342774629592896 -0.013587318360805511 -0.08750808984041213
v 0.03127998858690262 -0.014840304851531982 -0.08968631178140639
v 0.032691892236471176 -0.01027282327413559 -0.08751925081014632
v 0.032691892236471176 -0.01027282327413559 -0.08751925081014632
v 0.03127998858690262 -0.014840304851531982 -0.08968631178140639
v 0.03268006443977356 -0.011572055518627167 -0.08970704674720763
v 0.032691892236471176 -0.01027282327413559 -0.08751925081014632
v 0.03268006443977356 -0.011572055518627167 -0.08970704674720763
v 0.03373905271291733 -0.008183538913726807 -0.08971226215362547
v 0.03373905271291733 -0.008183538913726807 -0.08971226215362547
v 0.03268006443977356 -0.011572055518627167 -0.08970704674720763
v 0.03325820341706276 -0.010903626680374146 -0.09396021813154219
v 0.03373905271291733 -0.008183538913726807 -0.08971226215362547
v 0.03325820341706276 -0.010903626680374146 -0.09396021813154219
v 0.03427311033010483 -0.007095940411090851 -0.09396036714315413
v -1.8470059259811933e-08 -0.0342700332403183 -0.08895511925220488
v -1.8470059259811933e-08 -0.034798093140125275 -0.09128268808126448
v 0.002928611123934388 -0.03409355878829956 -0.08879195898771285
v 0.002928611123934388 -0.03409355878829956 -0.08879195898771285
v -1.8470059259811933e-08 -0.034798093140125275 -0.09128268808126448
v 0.0028725455049425364 -0.034685686230659485 -0.09132446348667143
v 0.002928611123934388 -0.03409355878829956 -0.08879195898771285
v 0.0028725455049425364 -0.034685686230659485 -0.09132446348667143
v 0.006517454981803894 -0.033625997602939606 -0.08889944851398467
v 0.006517454981803894 -0.033625997602939606 -0.08889944851398467
v 0.0028725455049425364 -0.034685686230659485 -0.09132446348667143
v 0.006393659859895706 -0.03422124683856964 -0.09138588607311247
v 0.006517454981803894 -0.033625997602939606 -0.08889944851398467
v 0.006393659859895706 -0.03422124683856964 -0.09138588607311247
v 0.010031387209892273 -0.03278803825378418 -0.08901716768741606
v 0.010031387209892273 -0.03278803825378418 -0.08901716768741606
v 0.006393659859895706 -0.03422124683856964 -0.09138588607311247
v 0.009846150875091553 -0.033401958644390106 -0.09145295619964598
v 0.010031387209892273 -0.03278803825378418 -0.08901716768741606
v 0.009846150875091553 -0.033401958644390106 -0.09145295619964598
v 0.01343003660440445 -0.03159084916114807 -0.08913676440715788
v 0.01343003660440445 -0.03159084916114807 -0.08913676440715788
v 0.009846150875091553 -0.033401958644390106 -0.09145295619964598
v 0.013193119317293167 -0.032237596809864044 -0.09152126312255858
v 0.01343003660440445 -0.03159084916114807 -0.08913676440715788
v 0.013193119317293167 -0.032237596809864044 -0.09152126312255858
v 0.016676530241966248 -0.030049912631511688 -0.08925197273492812
v 0.016676530241966248 -0.030049912631511688 -0.08925197273492812
v 0.013193119317293167 -0.032237596809864044 -0.09152126312255858
v 0.016399957239627838 -0.03074175864458084 -0.09158745408058165
v 0.016676530241966248 -0.030049912631511688 -0.08925197273492812
v 0.016399957239627838 -0.03074175864458084 -0.09158745408058165
v 0.019737262278795242 -0.028184309601783752 -0.0893583372235298
v 0.019737262278795242 -0.028184309601783752 -0.0893583372235298
v 0.016399957239627838 -0.03074175864458084 -0.09158745408058165
v 0.019434373825788498 -0.02893126755952835 -0.09164915978908537
v 0.019737262278795242 -0.028184309601783752 -0.0893583372235298
v 0.019434373825788498 -0.02893126755952835 -0.09164915978908537
v 0.02258164808154106 -0.026016123592853546 -0.08945281803607939
v 0.02258164808154106 -0.026016123592853546 -0.08945281803607939
v 0.019434373825788498 -0.02893126755952835 -0.09164915978908537
v 0.022266395390033722 -0.026825837790966034 -0.09170476347208022
v 0.02258164808154106 -0.026016123592853546 -0.08945281803607939
v 0.022266395390033722 -0.026825837790966034 -0.09170476347208022
v 0.025181882083415985 -0.023569904267787933 -0.08953352272510527
v 0.025181882083415985 -0.023569904267787933 -0.08953352272510527
v 0.022266395390033722 -0.026825837790966034 -0.09170476347208022
v 0.024868380278348923 -0.024447791278362274 -0.0917532593011856
v 0.025181882083415985 -0.023569904267787933 -0.08953352272510527
v 0.024868380278348923 -0.024447791278362274 -0.0917532593011856
v 0.027512773871421814 -0.020872212946414948 -0.08959943801164626
v 0.027512773871421814 -0.020872212946414948 -0.08959943801164626
v 0.024868380278348923 -0.024447791278362274 -0.0917532593011856
v 0.027215104550123215 -0.021821804344654083 -0.09179408103227614
v 0.027512773871421814 -0.020872212946414948 -0.08959943801164626
v 0.027215104550123215 -0.021821804344654083 -0.09179408103227614
v 0.02955201268196106 -0.01795179396867752 -0.08965038508176802
v 0.02955201268196106 -0.01795179396867752 -0.08965038508176802
v 0.027215104550123215 -0.021821804344654083 -0.09179408103227614
v 0.029283873736858368 -0.018974758684635162 -0.0918271094560623
v 0.02955201268196106 -0.01795179396867752 -0.08965038508176802
v 0.029283873736858368 -0.018974758684635162 -0.0918271094560623
v 0.03127998858690262 -0.014840304851531982 -0.08968631178140639
v 0.03127998858690262 -0.014840304851531982 -0.08968631178140639
v 0.029283873736858368 -0.018974758684635162 -0.0918271094560623
v 0.031054571270942688 -0.015936046838760376 -0.09185227751731871
v 0.03127998858690262 -0.014840304851531982 -0.08968631178140639
v 0.031054571270942688 -0.015936046838760376 -0.09185227751731871
v 0.03268006443977356 -0.011572055518627167 -0.08970704674720763
v 0.03268006443977356 -0.011572055518627167 -0.08970704674720763
v 0.031054571270942688 -0.015936046838760376 -0.09185227751731871
v 0.03250996768474579 -0.012737363576889038 -0.09186944365501402
v 0.03268006443977356 -0.011572055518627167 -0.08970704674720763
v 0.03250996768474579 -0.012737363576889038 -0.09186944365501402
v 0.03325820341706276 -0.010903626680374146 -0.09396021813154219
v 0.03325820341706276 -0.010903626680374146 -0.09396021813154219
v 0.03250996768474579 -0.012737363576889038 -0.09186944365501402
v 0.03198505565524101 -0.014211021363735199 -0.09396007657051085
v 0.02785957232117653 0.02512357011437416 -0.0539029948413372
v 0.02777203917503357 0.022863835096359253 -0.05462964624166488
v 0.028468284755945206 0.0189657062292099 -0.060327287763357156
v 0.028468284755945206 0.0189657062292099 -0.060327287763357156
v 0.02777203917503357 0.022863835096359253 -0.05462964624166488
v 0.02739907056093216 0.019624777138233185 -0.05567121505737304
v 0.028468284755945206 0.0189657062292099 -0.060327287763357156
v 0.02739907056093216 0.019624777138233185 -0.05567121505737304
v 0.028159648180007935 0.015826329588890076 -0.0611596256494522
v 0.02739907056093216 0.019624777138233185 -0.05567121505737304
v 0.027282126247882843 0.01894531026482582 -0.05588970705866813
v 0.028159648180007935 0.015826329588890076 -0.0611596256494522
v 0.028159648180007935 0.015826329588890076 -0.0611596256494522
v 0.027282126247882843 0.01894531026482582 -0.05588970705866813
v 0.026989173144102097 0.017514023929834366 -0.0563499592244625
v 0.028159648180007935 0.015826329588890076 -0.0611596256494522
v 0.026989173144102097 0.017514023929834366 -0.0563499592244625
v 0.027570806443691254 0.012759499251842499 -0.061955574899911874
v 0.027570806443691254 0.012759499251842499 -0.061955574899911874
v 0.026989173144102097 0.017514023929834366 -0.0563499592244625
v 0.026712603867053986 0.01638989895582199 -0.056711439043283456
v 0.027570806443691254 0.012759499251842499 -0.061955574899911874
v 0.026712603867053986 0.01638989895582199 -0.056711439043283456
v 0.026705347001552582 0.009812436997890472 -0.0627038851380348
v 0.026712603867053986 0.01638989895582199 -0.056711439043283456
v 0.02558783069252968 0.012965746223926544 -0.057812523096799844
v 0.026705347001552582 0.009812436997890472 -0.0627038851380348
v 0.026705347001552582 0.009812436997890472 -0.0627038851380348
v 0.02558783069252968 0.012965746223926544 -0.057812523096799844
v 0.024538114666938782 0.010643690824508667 -0.05855921655893325
v 0.026705347001552582 0.009812436997890472 -0.0627038851380348
v 0.024538114666938782 0.010643690824508667 -0.05855921655893325
v 0.025569383054971695 0.007029138505458832 -0.06339385360479353
v 0.021642744541168213 0.006254386156797409 -0.059970669448375695
v 0.0225212499499321 0.002107415348291397 -0.0645608827471733
v 0.022654209285974503 0.007549624890089035 -0.05955416709184646
v 0.022654209285974503 0.007549624890089035 -0.05955416709184646
v 0.0225212499499321 0.002107415348291397 -0.0645608827471733
v 0.02417125552892685 0.004449333995580673 -0.06401569396257399
v 0.022654209285974503 0.007549624890089035 -0.05955416709184646
v 0.02417125552892685 0.004449333995580673 -0.06401569396257399
v 0.02425338327884674 0.010102849453687668 -0.058733131736516946
v 0.02425338327884674 0.010102849453687668 -0.058733131736516946
v 0.02417125552892685 0.004449333995580673 -0.06401569396257399
v 0.025569383054971695 0.007029138505458832 -0.06339385360479353
v 0.02425338327884674 0.010102849453687668 -0.058733131736516946
v 0.025569383054971695 0.007029138505458832 -0.06339385360479353
v 0.024521738290786743 0.01061171293258667 -0.058569498360157006
v 0.024521738290786743 0.01061171293258667 -0.058569498360157006
v 0.025569383054971695 0.007029138505458832 -0.06339385360479353
v 0.024538114666938782 0.010643690824508667 -0.05855921655893325
v 0.021642744541168213 0.006254386156797409 -0.059970669448375695
v 0.020762454718351364 0.0052780881524086 -0.06028460711240768
v 0.0225212499499321 0.002107415348291397 -0.0645608827471733
v 0.0225212499499321 0.002107415348291397 -0.0645608827471733
v 0.020762454718351364 0.0052780881524086 -0.06028460711240768
v 0.020518481731414795 0.005028966814279556 -0.0603647157549858
v 0.0225212499499321 0.002107415348291397 -0.0645608827471733
v 0.020518481731414795 0.005028966814279556 -0.0603647157549858
v 0.020631272345781326 3.138926695100963e-05 -0.06502253562211989
v 0.03342067077755928 0.004877626895904541 -0.08038274198770522
v 0.03202355280518532 0.011758703738451004 -0.07516080886125563
v 0.032233864068984985 0.008333336561918259 -0.07553426176309584
v 0.032233864068984985 0.008333336561918259 -0.07553426176309584
v 0.03202355280518532 0.011758703738451004 -0.07516080886125563
v 0.029590457677841187 0.015546374022960663 -0.06553506106138228
v 0.032233864068984985 0.008333336561918259 -0.07553426176309584
v 0.029590457677841187 0.015546374022960663 -0.06553506106138228
v 0.032102059572935104 0.00487910583615303 -0.07586975395679472
v 0.032102059572935104 0.00487910583615303 -0.07586975395679472
v 0.029590457677841187 0.015546374022960663 -0.06553506106138228
v 0.029372531920671463 0.012303255498409271 -0.06619929522275923
v 0.032102059572935104 0.00487910583615303 -0.07586975395679472
v 0.029372531920671463 0.012303255498409271 -0.06619929522275923
v 0.031623322516679764 0.0014465004205703735 -0.07616559416055678
v 0.031623322516679764 0.0014465004205703735 -0.07616559416055678
v 0.029372531920671463 0.012303255498409271 -0.06619929522275923
v 0.028850790113210678 0.009109150618314743 -0.06682436913251875
v 0.031623322516679764 0.0014465004205703735 -0.07616559416055678
v 0.028850790113210678 0.009109150618314743 -0.06682436913251875
v 0.02802727371454239 0.006012804806232452 -0.0674023851752281
v 0.020518481731414795 0.005028966814279556 -0.0603647157549858
v 0.01957295462489128 0.004141129553318024 -0.06065020710229873
v 0.020631272345781326 3.138926695100963e-05 -0.06502253562211989
v 0.020631272345781326 3.138926695100963e-05 -0.06502253562211989
v 0.01957295462489128 0.004141129553318024 -0.06065020710229873
v 0.0185641311109066 0.0033146999776363373 -0.060915961861610406
v 0.020631272345781326 3.138926695100963e-05 -0.06502253562211989
v 0.0185641311109066 0.0033146999776363373 -0.060915961861610406
v 0.01851605996489525 -0.001758091151714325 -0.06539588421583174
v -1.1019478662888105e-08 -0.0011013224720954895 -0.06233593448996543
v -1.8470059259811933e-08 -0.006335332989692688 -0.06591024249792098
v 0.0028760621789842844 -0.0010842233896255493 -0.062330476939678185
v 0.0028760621789842844 -0.0010842233896255493 -0.062330476939678185
v -1.8470059259811933e-08 -0.006335332989692688 -0.06591024249792098
v 0.0024029503110796213 -0.006365768611431122 -0.06595893204212187
v 0.0028760621789842844 -0.0010842233896255493 -0.062330476939678185
v 0.0024029503110796213 -0.006365768611431122 -0.06595893204212187
v 0.005038779228925705 -0.0010118037462234497 -0.06230723485350608
v 0.005038779228925705 -0.0010118037462234497 -0.06230723485350608
v 0.0024029503110796213 -0.006365768611431122 -0.06595893204212187
v 0.00535237044095993 -0.006249576807022095 -0.06601061671972273
v 0.005038779228925705 -0.0010118037462234497 -0.06230723485350608
v 0.00535237044095993 -0.006249576807022095 -0.06601061671972273
v 0.009251870214939117 -0.0005652233958244324 -0.06216361001133918
v 0.009251870214939117 -0.0005652233958244324 -0.06216361001133918
v 0.00535237044095993 -0.006249576807022095 -0.06601061671972273
v 0.008240636438131332 -0.005912937223911285 -0.06602706760168074
v 0.009251870214939117 -0.0005652233958244324 -0.06216361001133918
v 0.008240636438131332 -0.005912937223911285 -0.06602706760168074
v 0.010388374328613281 -0.0003461353771854192 -0.06209314987063407
v 0.010388374328613281 -0.0003461353771854192 -0.06209314987063407
v 0.008240636438131332 -0.005912937223911285 -0.06602706760168074
v 0.01103128120303154 -0.005316063761711121 -0.06598682701587676
v 0.010388374328613281 -0.0003461353771854192 -0.06209314987063407
v 0.01103128120303154 -0.005316063761711121 -0.06598682701587676
v 0.013871502131223679 0.0006898604333400726 -0.06176002323627471
v 0.013871502131223679 0.0006898604333400726 -0.06176002323627471
v 0.01103128120303154 -0.005316063761711121 -0.06598682701587676
v 0.013692319393157959 -0.004432521760463715 -0.0658743232488632
v 0.013871502131223679 0.0006898604333400726 -0.06176002323627471
v 0.013692319393157959 -0.004432521760463715 -0.0658743232488632
v 0.014814283698797226 0.0010853111743927002 -0.06163286417722701
v 0.014814283698797226 0.0010853111743927002 -0.06163286417722701
v 0.013692319393157959 -0.004432521760463715 -0.0658743232488632
v 0.01619558036327362 -0.0032478347420692444 -0.06567924469709395
v 0.014814283698797226 0.0010853111743927002 -0.06163286417722701
v 0.01619558036327362 -0.0032478347420692444 -0.06567924469709395
v 0.01605190709233284 0.001695241779088974 -0.06143673509359359
v 0.01605190709233284 0.001695241779088974 -0.06143673509359359
v 0.01619558036327362 -0.0032478347420692444 -0.06567924469709395
v 0.01851605996489525 -0.001758091151714325 -0.06539588421583174
v 0.01605190709233284 0.001695241779088974 -0.06143673509359359
v 0.01851605996489525 -0.001758091151714325 -0.06539588421583174
v 0.018003270030021667 0.002902735024690628 -0.06104843690991401
v 0.018003270030021667 0.002902735024690628 -0.06104843690991401
v 0.01851605996489525 -0.001758091151714325 -0.06539588421583174
v 0.0185641311109066 0.0033146999776363373 -0.060915961861610406
v -1.8470059259811933e-08 -0.006335332989692688 -0.06591024249792098
v -1.8470059259811933e-08 -0.008070290088653564 -0.06696753948926924
v 0.0024029503110796213 -0.006365768611431122 -0.06595893204212187
v 0.0024029503110796213 -0.006365768611431122 -0.06595893204212187
v -1.8470059259811933e-08 -0.008070290088653564 -0.06696753948926924
v 0.0025614837650209665 -0.012112371623516083 -0.06936961412429808
v 0.0024029503110796213 -0.006365768611431122 -0.06595893204212187
v 0.0025614837650209665 -0.012112371623516083 -0.06936961412429808
v 0.00535237044095993 -0.006249576807022095 -0.06601061671972273
v 0.00535237044095993 -0.006249576807022095 -0.06601061671972273
v 0.0025614837650209665 -0.012112371623516083 -0.06936961412429808
v 0.005707483738660812 -0.011941894888877869 -0.0694729909300804
v 0.00535237044095993 -0.006249576807022095 -0.06601061671972273
v 0.005707483738660812 -0.011941894888877869 -0.0694729909300804
v 0.008240636438131332 -0.005912937223911285 -0.06602706760168074
v 0.008240636438131332 -0.005912937223911285 -0.06602706760168074
v 0.005707483738660812 -0.011941894888877869 -0.0694729909300804
v 0.008785538375377655 -0.011488795280456543 -0.06955763697624205
v 0.008240636438131332 -0.005912937223911285 -0.06602706760168074
v 0.008785538375377655 -0.011488795280456543 -0.06955763697624205
v 0.01103128120303154 -0.005316063761711121 -0.06598682701587676
v 0.01103128120303154 -0.005316063761711121 -0.06598682701587676
v 0.008785538375377655 -0.011488795280456543 -0.06955763697624205
v 0.011753056198358536 -0.01072981208562851 -0.06960050761699675
v 0.01103128120303154 -0.005316063761711121 -0.06598682701587676
v 0.011753056198358536 -0.01072981208562851 -0.06960050761699675
v 0.013692319393157959 -0.004432521760463715 -0.0658743232488632
v 0.013692319393157959 -0.004432521760463715 -0.0658743232488632
v 0.011753056198358536 -0.01072981208562851 -0.06960050761699675
v 0.01457354798913002 -0.009653106331825256 -0.06958483904600142
v 0.013692319393157959 -0.004432521760463715 -0.0658743232488632
v 0.01457354798913002 -0.009653106331825256 -0.06958483904600142
v 0.01619558036327362 -0.0032478347420692444 -0.06567924469709395
v 0.01619558036327362 -0.0032478347420692444 -0.06567924469709395
v 0.01457354798913002 -0.009653106331825256 -0.06958483904600142
v 0.017215583473443985 -0.008256800472736359 -0.06949941813945769
v 0.01619558036327362 -0.0032478347420692444 -0.06567924469709395
v 0.017215583473443985 -0.008256800472736359 -0.06949941813945769
v 0.01851605996489525 -0.001758091151714325 -0.06539588421583174
v 0.01851605996489525 -0.001758091151714325 -0.06539588421583174
v 0.017215583473443985 -0.008256800472736359 -0.06949941813945769
v 0.01965174451470375 -0.006547510623931885 -0.06933776289224623
v 0.01851605996489525 -0.001758091151714325 -0.06539588421583174
v 0.01965174451470375 -0.006547510623931885 -0.06933776289224623
v 0.020631272345781326 3.138926695100963e-05 -0.06502253562211989
v 0.020631272345781326 3.138926695100963e-05 -0.06502253562211989
v 0.01965174451470375 -0.006547510623931885 -0.06933776289224623
v 0.021857593208551407 -0.004538871347904205 -0.06909738481044768
v 0.020631272345781326 3.138926695100963e-05 -0.06502253562211989
v 0.021857593208551407 -0.004538871347904205 -0.06909738481044768
v 0.0225212499499321 0.002107415348291397 -0.0645608827471733
v 0.0225212499499321 0.002107415348291397 -0.0645608827471733
v 0.021857593208551407 -0.004538871347904205 -0.06909738481044768
v 0.023811526596546173 -0.0022502094507217407 -0.06877910345792769
v 0.0225212499499321 0.002107415348291397 -0.0645608827471733
v 0.023811526596546173 -0.0022502094507217407 -0.06877910345792769
v 0.02417125552892685 0.004449333995580673 -0.06401569396257399
v 0.02417125552892685 0.004449333995580673 -0.06401569396257399
v 0.023811526596546173 -0.0022502094507217407 -0.06877910345792769
v 0.025498639792203903 0.0002933554060291499 -0.06838668137788771
v 0.02417125552892685 0.004449333995580673 -0.06401569396257399
v 0.025498639792203903 0.0002933554060291499 -0.06838668137788771
v 0.025569383054971695 0.007029138505458832 -0.06339385360479353
v 0.025569383054971695 0.007029138505458832 -0.06339385360479353
v 0.025498639792203903 0.0002933554060291499 -0.06838668137788771
v 0.026907246559858322 0.003060154616832733 -0.06792559474706648
v 0.025569383054971695 0.007029138505458832 -0.06339385360479353
v 0.026907246559858322 0.003060154616832733 -0.06792559474706648
v 0.026705347001552582 0.009812436997890472 -0.0627038851380348
v 0.026705347001552582 0.009812436997890472 -0.0627038851380348
v 0.026907246559858322 0.003060154616832733 -0.06792559474706648
v 0.02802727371454239 0.006012804806232452 -0.0674023851752281
v 0.026705347001552582 0.009812436997890472 -0.0627038851380348
v 0.02802727371454239 0.006012804806232452 -0.0674023851752281
v 0.027570806443691254 0.012759499251842499 -0.061955574899911874
v 0.027570806443691254 0.012759499251842499 -0.061955574899911874
v 0.02802727371454239 0.006012804806232452 -0.0674023851752281
v 0.028850790113210678 0.009109150618314743 -0.06682436913251875
v 0.027570806443691254 0.012759499251842499 -0.061955574899911874
v 0.028850790113210678 0.009109150618314743 -0.06682436913251875
v 0.028159648180007935 0.015826329588890076 -0.0611596256494522
v 0.028159648180007935 0.015826329588890076 -0.0611596256494522
v 0.028850790113210678 0.009109150618314743 -0.06682436913251875
v 0.029372531920671463 0.012303255498409271 -0.06619929522275923
v 0.028159648180007935 0.015826329588890076 -0.0611596256494522
v 0.029372531920671463 0.012303255498409271 -0.06619929522275923
v 0.028468284755945206 0.0189657062292099 -0.060327287763357156
v 0.028468284755945206 0.0189657062292099 -0.060327287763357156
v 0.029372531920671463 0.012303255498409271 -0.06619929522275923
v 0.029590457677841187 0.015546374022960663 -0.06553506106138228
v 0.028468284755945206 0.0189657062292099 -0.060327287763357156
v 0.029590457677841187 0.015546374022960663 -0.06553506106138228
v 0.028495945036411285 0.022128235548734665 -0.0594700165092945
v -1.8470059259811933e-08 -0.008070290088653564 -0.06696753948926924
v -1.1019478662888105e-08 -0.018612653017044067 -0.07307168841361998
v 0.0025614837650209665 -0.012112371623516083 -0.06936961412429808
v 0.0025614837650209665 -0.012112371623516083 -0.06936961412429808
v -1.1019478662888105e-08 -0.018612653017044067 -0.07307168841361998
v 0.0027193541172891855 -0.017922043800354004 -0.07273337990045546
v 0.0025614837650209665 -0.012112371623516083 -0.06936961412429808
v 0.0027193541172891855 -0.017922043800354004 -0.07273337990045546
v 0.005707483738660812 -0.011941894888877869 -0.0694729909300804
v 0.005707483738660812 -0.011941894888877869 -0.0694729909300804
v 0.0027193541172891855 -0.017922043800354004 -0.07273337990045546
v 0.0060581788420677185 -0.017681539058685303 -0.07287123054265975
v 0.005707483738660812 -0.011941894888877869 -0.0694729909300804
v 0.0060581788420677185 -0.017681539058685303 -0.07287123054265975
v 0.008785538375377655 -0.011488795280456543 -0.06955763697624205
v 0.008785538375377655 -0.011488795280456543 -0.06955763697624205
v 0.0060581788420677185 -0.017681539058685303 -0.07287123054265975
v 0.009321741759777069 -0.017110072076320648 -0.07300692796707152
v 0.008785538375377655 -0.011488795280456543 -0.06955763697624205
v 0.009321741759777069 -0.017110072076320648 -0.07300692796707152
v 0.011753056198358536 -0.01072981208562851 -0.06960050761699675
v 0.011753056198358536 -0.01072981208562851 -0.06960050761699675
v 0.009321741759777069 -0.017110072076320648 -0.07300692796707152
v 0.012463383376598358 -0.01619737595319748 -0.07311695814132689
v 0.011753056198358536 -0.01072981208562851 -0.06960050761699675
v 0.012463383376598358 -0.01619737595319748 -0.07311695814132689
v 0.01457354798913002 -0.009653106331825256 -0.06958483904600142
v 0.01457354798913002 -0.009653106331825256 -0.06958483904600142
v 0.012463383376598358 -0.01619737595319748 -0.07311695814132689
v 0.01544344425201416 -0.014942936599254608 -0.07318408042192458
v 0.01457354798913002 -0.009653106331825256 -0.06958483904600142
v 0.01544344425201416 -0.014942936599254608 -0.07318408042192458
v 0.017215583473443985 -0.008256800472736359 -0.06949941813945769
v 0.017215583473443985 -0.008256800472736359 -0.06949941813945769
v 0.01544344425201416 -0.014942936599254608 -0.07318408042192458
v 0.018228042870759964 -0.013354584574699402 -0.07319644838571547
v 0.017215583473443985 -0.008256800472736359 -0.06949941813945769
v 0.018228042870759964 -0.013354584574699402 -0.07319644838571547
v 0.01965174451470375 -0.006547510623931885 -0.06933776289224623
v 0.01965174451470375 -0.006547510623931885 -0.06933776289224623
v 0.018228042870759964 -0.013354584574699402 -0.07319644838571547
v 0.020787879824638367 -0.011447004973888397 -0.07314685732126235
v 0.01965174451470375 -0.006547510623931885 -0.06933776289224623
v 0.020787879824638367 -0.011447004973888397 -0.07314685732126235
v 0.021857593208551407 -0.004538871347904205 -0.06909738481044768
v 0.021857593208551407 -0.004538871347904205 -0.06909738481044768
v 0.020787879824638367 -0.011447004973888397 -0.07314685732126235
v 0.023097027093172073 -0.009240232408046722 -0.07303187996149062
v 0.021857593208551407 -0.004538871347904205 -0.06909738481044768
v 0.023097027093172073 -0.009240232408046722 -0.07303187996149062
v 0.023811526596546173 -0.0022502094507217407 -0.06877910345792769
v 0.023811526596546173 -0.0022502094507217407 -0.06877910345792769
v 0.023097027093172073 -0.009240232408046722 -0.07303187996149062
v 0.025132611393928528 -0.006758362054824829 -0.07285121828317641
v 0.023811526596546173 -0.0022502094507217407 -0.06877910345792769
v 0.025132611393928528 -0.006758362054824829 -0.07285121828317641
v 0.025498639792203903 0.0002933554060291499 -0.06838668137788771
v 0.025498639792203903 0.0002933554060291499 -0.06838668137788771
v 0.025132611393928528 -0.006758362054824829 -0.07285121828317641
v 0.02687862142920494 -0.0040300264954566956 -0.0726073458790779
v 0.025498639792203903 0.0002933554060291499 -0.06838668137788771
v 0.02687862142920494 -0.0040300264954566956 -0.0726073458790779
v 0.026907246559858322 0.003060154616832733 -0.06792559474706648
v 0.026907246559858322 0.003060154616832733 -0.06792559474706648
v 0.02687862142920494 -0.0040300264954566956 -0.0726073458790779
v 0.02832242101430893 -0.0010897070169448853 -0.07230406254529952
v 0.026907246559858322 0.003060154616832733 -0.06792559474706648
v 0.02832242101430893 -0.0010897070169448853 -0.07230406254529952
v 0.02802727371454239 0.006012804806232452 -0.0674023851752281
v 0.02802727371454239 0.006012804806232452 -0.0674023851752281
v 0.02832242101430893 -0.0010897070169448853 -0.07230406254529952
v 0.029453229159116745 0.0020229965448379517 -0.07194578647613524
v 0.02802727371454239 0.006012804806232452 -0.0674023851752281
v 0.029453229159116745 0.0020229965448379517 -0.07194578647613524
v 0.031623322516679764 0.0014465004205703735 -0.07616559416055678
v -1.1019478662888105e-08 -0.018612653017044067 -0.07307168841361998
v -1.8470059259811933e-08 -0.023382775485515594 -0.0761151537299156
v 0.0027193541172891855 -0.017922043800354004 -0.07273337990045546
v 0.0027193541172891855 -0.017922043800354004 -0.07273337990045546
v -1.8470059259811933e-08 -0.023382775485515594 -0.0761151537299156
v 0.002854936057701707 -0.023388519883155823 -0.07621657848358153
v 0.0027193541172891855 -0.017922043800354004 -0.07273337990045546
v 0.002854936057701707 -0.023388519883155823 -0.07621657848358153
v 0.0060581788420677185 -0.017681539058685303 -0.07287123054265975
v 0.0060581788420677185 -0.017681539058685303 -0.07287123054265975
v 0.002854936057701707 -0.023388519883155823 -0.07621657848358153
v 0.006357505917549133 -0.02307271957397461 -0.07637684792280196
v 0.0060581788420677185 -0.017681539058685303 -0.07287123054265975
v 0.006357505917549133 -0.02307271957397461 -0.07637684792280196
v 0.009321741759777069 -0.017110072076320648 -0.07300692796707152
v 0.009321741759777069 -0.017110072076320648 -0.07300692796707152
v 0.006357505917549133 -0.02307271957397461 -0.07637684792280196
v 0.009778708219528198 -0.02239134907722473 -0.07654839009046553
v 0.009321741759777069 -0.017110072076320648 -0.07300692796707152
v 0.009778708219528198 -0.02239134907722473 -0.07654839009046553
v 0.012463383376598358 -0.01619737595319748 -0.07311695814132689
v 0.012463383376598358 -0.01619737595319748 -0.07311695814132689
v 0.009778708219528198 -0.02239134907722473 -0.07654839009046553
v 0.013070005923509598 -0.021344304084777832 -0.07670839130878447
v 0.012463383376598358 -0.01619737595319748 -0.07311695814132689
v 0.013070005923509598 -0.021344304084777832 -0.07670839130878447
v 0.01544344425201416 -0.014942936599254608 -0.07318408042192458
v 0.01544344425201416 -0.014942936599254608 -0.07318408042192458
v 0.013070005923509598 -0.021344304084777832 -0.07670839130878447
v 0.016190040856599808 -0.01993965357542038 -0.07683993130922316
v 0.01544344425201416 -0.014942936599254608 -0.07318408042192458
v 0.016190040856599808 -0.01993965357542038 -0.07683993130922316
v 0.018228042870759964 -0.013354584574699402 -0.07319644838571547
v 0.018228042870759964 -0.013354584574699402 -0.07319644838571547
v 0.016190040856599808 -0.01993965357542038 -0.07683993130922316
v 0.019103437662124634 -0.01819227635860443 -0.07693120092153548
v 0.018228042870759964 -0.013354584574699402 -0.07319644838571547
v 0.019103437662124634 -0.01819227635860443 -0.07693120092153548
v 0.020787879824638367 -0.011447004973888397 -0.07314685732126235
v 0.020787879824638367 -0.011447004973888397 -0.07314685732126235
v 0.019103437662124634 -0.01819227635860443 -0.07693120092153548
v 0.021779611706733704 -0.016122527420520782 -0.07697468996047972
v 0.020787879824638367 -0.011447004973888397 -0.07314685732126235
v 0.021779611706733704 -0.016122527420520782 -0.07697468996047972
v 0.023097027093172073 -0.009240232408046722 -0.07303187996149062
v 0.023097027093172073 -0.009240232408046722 -0.07303187996149062
v 0.021779611706733704 -0.016122527420520782 -0.07697468996047972
v 0.02419157326221466 -0.01375492662191391 -0.07696637511253356
v 0.023097027093172073 -0.009240232408046722 -0.07303187996149062
v 0.02419157326221466 -0.01375492662191391 -0.07696637511253356
v 0.025132611393928528 -0.006758362054824829 -0.07285121828317641
v 0.025132611393928528 -0.006758362054824829 -0.07285121828317641
v 0.02419157326221466 -0.01375492662191391 -0.07696637511253356
v 0.02631550282239914 -0.011116892099380493 -0.0769050046801567
v 0.025132611393928528 -0.006758362054824829 -0.07285121828317641
v 0.02631550282239914 -0.011116892099380493 -0.0769050046801567
v 0.02687862142920494 -0.0040300264954566956 -0.0726073458790779
v 0.02687862142920494 -0.0040300264954566956 -0.0726073458790779
v 0.02631550282239914 -0.011116892099380493 -0.0769050046801567
v 0.02813376858830452 -0.008239425718784332 -0.076791875064373
v 0.02687862142920494 -0.0040300264954566956 -0.0726073458790779
v 0.02813376858830452 -0.008239425718784332 -0.076791875064373
v 0.02832242101430893 -0.0010897070169448853 -0.07230406254529952
v 0.02832242101430893 -0.0010897070169448853 -0.07230406254529952
v 0.02813376858830452 -0.008239425718784332 -0.076791875064373
v 0.029632046818733215 -0.005158618092536926 -0.07662922143936156
v 0.02832242101430893 -0.0010897070169448853 -0.07230406254529952
v 0.029632046818733215 -0.005158618092536926 -0.07662922143936156
v 0.029453229159116745 0.0020229965448379517 -0.07194578647613524
v 0.029453229159116745 0.0020229965448379517 -0.07194578647613524
v 0.029632046818733215 -0.005158618092536926 -0.07662922143936156
v 0.03079824522137642 -0.00191517174243927 -0.07641959190368651
v 0.029453229159116745 0.0020229965448379517 -0.07194578647613524
v 0.03079824522137642 -0.00191517174243927 -0.07641959190368651
v 0.031623322516679764 0.0014465004205703735 -0.07616559416055678
v 0.031623322516679764 0.0014465004205703735 -0.07616559416055678
v 0.03079824522137642 -0.00191517174243927 -0.07641959190368651
v 0.03188486024737358 -0.0055894553661346436 -0.08087337762117384
v 0.031623322516679764 0.0014465004205703735 -0.07616559416055678
v 0.03188486024737358 -0.0055894553661346436 -0.08087337762117384
v 0.03275608271360397 -0.002151552587747574 -0.08074600249528883
v 0.03275608271360397 -0.002151552587747574 -0.08074600249528883
v 0.03188486024737358 -0.0055894553661346436 -0.08087337762117384
v 0.033503688871860504 -0.0053872764110565186 -0.085274800658226
v 0.03275608271360397 -0.002151552587747574 -0.08074600249528883
v 0.033503688871860504 -0.0053872764110565186 -0.085274800658226
v 0.033268362283706665 0.0013533607125282288 -0.0805823430418968
v 0.033268362283706665 0.0013533607125282288 -0.0805823430418968
v 0.033503688871860504 -0.0053872764110565186 -0.085274800658226
v 0.034091632813215256 -0.0018651261925697327 -0.08520823717117308
v 0.033268362283706665 0.0013533607125282288 -0.0805823430418968
v 0.034091632813215256 -0.0018651261925697327 -0.08520823717117308
v 0.03342067077755928 0.004877626895904541 -0.08038274198770522
v 0.03342067077755928 0.004877626895904541 -0.08038274198770522
v 0.034091632813215256 -0.0018651261925697327 -0.08520823717117308
v 0.03431606665253639 0.0016830787062644958 -0.08511310070753096
v 0.03342067077755928 0.004877626895904541 -0.08038274198770522
v 0.03431606665253639 0.0016830787062644958 -0.08511310070753096
v 0.03321775794029236 0.008372660726308823 -0.08014703541994093
v 0.03321775794029236 0.008372660726308823 -0.08014703541994093
v 0.03431606665253639 0.0016830787062644958 -0.08511310070753096
v 0.03418019413948059 0.00521218404173851 -0.0849882885813713
v 0.03321775794029236 0.008372660726308823 -0.08014703541994093
v 0.03418019413948059 0.00521218404173851 -0.0849882885813713
v 0.032670944929122925 0.011790025979280472 -0.07987470924854277
v 0.032670944929122925 0.011790025979280472 -0.07987470924854277
v 0.03418019413948059 0.00521218404173851 -0.0849882885813713
v 0.033693425357341766 0.008677072823047638 -0.08483237028121947
v 0.032670944929122925 0.011790025979280472 -0.07987470924854277
v 0.033693425357341766 0.008677072823047638 -0.08483237028121947
v 0.03179849684238434 0.015085052698850632 -0.07956715673208235
v 0.03179849684238434 0.015085052698850632 -0.07956715673208235
v 0.033693425357341766 0.008677072823047638 -0.08483237028121947
v 0.032871320843696594 0.01203523576259613 -0.0846450701355934
v 0.03179849684238434 0.015085052698850632 -0.07956715673208235
v 0.032871320843696594 0.01203523576259613 -0.0846450701355934
v 0.030624736100435257 0.01821928098797798 -0.07922825217247008
v 0.030624736100435257 0.01821928098797798 -0.07922825217247008
v 0.032871320843696594 0.01203523576259613 -0.0846450701355934
v 0.03173506259918213 0.015249226242303848 -0.08442816883325575
v 0.030624736100435257 0.01821928098797798 -0.07922825217247008
v 0.03173506259918213 0.015249226242303848 -0.08442816883325575
v 0.029178299009799957 0.021160591393709183 -0.0788636952638626
v 0.029178299009799957 0.021160591393709183 -0.0788636952638626
v 0.03173506259918213 0.015249226242303848 -0.08442816883325575
v 0.030310168862342834 0.018287058919668198 -0.08418519049882887
v 0.029178299009799957 0.021160591393709183 -0.0788636952638626
v 0.030310168862342834 0.018287058919668198 -0.08418519049882887
v 0.027490299195051193 0.023883357644081116 -0.07848062366247176
v 0.027490299195051193 0.023883357644081116 -0.07848062366247176
v 0.030310168862342834 0.018287058919668198 -0.08418519049882887
v 0.02862491086125374 0.021122291684150696 -0.08392108976840972
v 0.027490299195051193 0.023883357644081116 -0.07848062366247176
v 0.02862491086125374 0.021122291684150696 -0.08392108976840972
v 0.025592509657144547 0.026368550956249237 -0.07808720320463179
v 0.025592509657144547 0.026368550956249237 -0.07808720320463179
v 0.02862491086125374 0.021122291684150696 -0.08392108976840972
v 0.026708737015724182 0.023734144866466522 -0.08364192396402358
v 0.025592509657144547 0.026368550956249237 -0.07808720320463179
v 0.026708737015724182 0.023734144866466522 -0.08364192396402358
v 0.023515544831752777 0.028603896498680115 -0.07769220322370528
v 0.023515544831752777 0.028603896498680115 -0.07769220322370528
v 0.026708737015724182 0.023734144866466522 -0.08364192396402358
v 0.024590741842985153 0.026107586920261383 -0.08335457742214201
v 0.023515544831752777 0.028603896498680115 -0.07769220322370528
v 0.024590741842985153 0.026107586920261383 -0.08335457742214201
v 0.021287009119987488 0.03058396838605404 -0.0773046165704727
v 0.021287009119987488 0.03058396838605404 -0.0773046165704727
v 0.024590741842985153 0.026107586920261383 -0.08335457742214201
v 0.02229808270931244 0.02823347970843315 -0.0830664038658142
v 0.021287009119987488 0.03058396838605404 -0.0773046165704727
v 0.02229808270931244 0.02823347970843315 -0.0830664038658142
v 0.018929991871118546 0.03231053054332733 -0.07693327218294142
v 0.018929991871118546 0.03231053054332733 -0.07693327218294142
v 0.02229808270931244 0.02823347970843315 -0.0830664038658142
v 0.019854824990034103 0.03010871447622776 -0.08278489857912062
v 0.018929991871118546 0.03231053054332733 -0.07693327218294142
v 0.019854824990034103 0.03010871447622776 -0.08278489857912062
v 0.0164627805352211 0.03379103168845177 -0.07658640295267104
v 0.0164627805352211 0.03379103168845177 -0.07658640295267104
v 0.019854824990034103 0.03010871447622776 -0.08278489857912062
v 0.017281755805015564 0.0317344106733799 -0.08251690864562987
v 0.0164627805352211 0.03379103168845177 -0.07658640295267104
v 0.017281755805015564 0.0317344106733799 -0.08251690864562987
v 0.013898734003305435 0.03503350913524628 -0.0762704163789749
v 0.013898734003305435 0.03503350913524628 -0.0762704163789749
v 0.017281755805015564 0.0317344106733799 -0.08251690864562987
v 0.014595873653888702 0.03311217948794365 -0.08226791024208067
v 0.013898734003305435 0.03503350913524628 -0.0762704163789749
v 0.014595873653888702 0.03311217948794365 -0.08226791024208067
v 0.011248055845499039 0.036045562475919724 -0.07598915696144103
v 0.011248055845499039 0.036045562475919724 -0.07598915696144103
v 0.014595873653888702 0.03311217948794365 -0.08226791024208067
v 0.011811729520559311 0.034243494272232056 -0.08204145729541777
v 0.011248055845499039 0.036045562475919724 -0.07598915696144103
v 0.011811729520559311 0.034243494272232056 -0.08204145729541777
v 0.008520074188709259 0.03683430701494217 -0.07574322819709776
v 0.008520074188709259 0.03683430701494217 -0.07574322819709776
v 0.011811729520559311 0.034243494272232056 -0.08204145729541777
v 0.008943259716033936 0.03512963652610779 -0.08183870464563368
v 0.008520074188709259 0.03683430701494217 -0.07574322819709776
v 0.008943259716033936 0.03512963652610779 -0.08183870464563368
v 0.005725499242544174 0.0374063216149807 -0.07552932202816008
v 0.005725499242544174 0.0374063216149807 -0.07552932202816008
v 0.008943259716033936 0.03512963652610779 -0.08183870464563368
v 0.006005600094795227 0.03577160835266113 -0.08165787905454634
v 0.005725499242544174 0.0374063216149807 -0.07552932202816008
v 0.006005600094795227 0.03577160835266113 -0.08165787905454634
v 0.0028786996845155954 0.03776760399341583 -0.07533959299325942
v 0.0028786996845155954 0.03776760399341583 -0.07533959299325942
v 0.006005600094795227 0.03577160835266113 -0.08165787905454634
v 0.0030168669763952494 0.03617002069950104 -0.0814937651157379
v 0.0028786996845155954 0.03776760399341583 -0.07533959299325942
v 0.0030168669763952494 0.03617002069950104 -0.0814937651157379
v -1.8470059259811933e-08 0.0363248772919178 -0.08133717626333235
v -1.8470059259811933e-08 0.0363248772919178 -0.08133717626333235
v 0.0030168669763952494 0.03617002069950104 -0.0814937651157379
v -1.8470059259811933e-08 0.035601887851953506 -0.08545458316802977
v 0.013100452721118927 0.04684043303132057 -0.051949679851531975
v 0.010657701641321182 0.047604527324438095 -0.05167653784155845
v 0.013332776725292206 0.0503556914627552 -0.045789226889610284
v 0.013332776725292206 0.0503556914627552 -0.045789226889610284
v 0.01337587833404541 0.05034017562866211 -0.045794215053319924
v 0.013100452721118927 0.04684043303132057 -0.051949679851531975
v 0.013100452721118927 0.04684043303132057 -0.051949679851531975
v 0.01337587833404541 0.05034017562866211 -0.045794215053319924
v 0.015021927654743195 0.04966375604271889 -0.04601172730326652
v 0.013100452721118927 0.04684043303132057 -0.051949679851531975
v 0.015021927654743195 0.04966375604271889 -0.04601172730326652
v 0.015419144183397293 0.04582126811146736 -0.05230384320020675
v -1.8470059259811933e-08 0.04871024563908577 -0.051183402538299554
v -1.8470059259811933e-08 0.05194516479969025 -0.045278105884790414
v 0.0054651349782943726 0.04846850782632828 -0.05134152248501777
v 0.0054651349782943726 0.04846850782632828 -0.05134152248501777
v -1.8470059259811933e-08 0.05194516479969025 -0.045278105884790414
v 0.005472440272569656 0.051831066608428955 -0.045314796268939965
v 0.0054651349782943726 0.04846850782632828 -0.05134152248501777
v 0.005472440272569656 0.051831066608428955 -0.045314796268939965
v 0.008106596767902374 0.04813655838370323 -0.05147768557071685
v 0.008106596767902374 0.04813655838370323 -0.05147768557071685
v 0.005472440272569656 0.051831066608428955 -0.045314796268939965
v 0.009060423821210861 0.051441214978694916 -0.045440159738063805
v 0.008106596767902374 0.04813655838370323 -0.05147768557071685
v 0.009060423821210861 0.051441214978694916 -0.045440159738063805
v 0.010657701641321182 0.047604527324438095 -0.05167653784155845
v 0.010657701641321182 0.047604527324438095 -0.05167653784155845
v 0.009060423821210861 0.051441214978694916 -0.045440159738063805
v 0.010626859962940216 0.051137473434209824 -0.04553783312439918
v 0.010657701641321182 0.047604527324438095 -0.05167653784155845
v 0.010626859962940216 0.051137473434209824 -0.04553783312439918
v 0.013332776725292206 0.0503556914627552 -0.045789226889610284
v 0.015021927654743195 0.04966375604271889 -0.04601172730326652
v 0.015332221984863281 0.04951656237244606 -0.046059060841798775
v 0.015419144183397293 0.04582126811146736 -0.05230384320020675
v 0.015419144183397293 0.04582126811146736 -0.05230384320020675
v 0.015332221984863281 0.04951656237244606 -0.046059060841798775
v 0.017211146652698517 0.04847119003534317 -0.046395216137170785
v 0.015419144183397293 0.04582126811146736 -0.05230384320020675
v 0.017211146652698517 0.04847119003534317 -0.046395216137170785
v 0.017599422484636307 0.04453209787607193 -0.05274142697453498
v 0.017599422484636307 0.04453209787607193 -0.05274142697453498
v 0.017211146652698517 0.04847119003534317 -0.046395216137170785
v 0.019001517444849014 0.047185029834508896 -0.046808797866106026
v 0.017599422484636307 0.04453209787607193 -0.05274142697453498
v 0.019001517444849014 0.047185029834508896 -0.046808797866106026
v 0.019627410918474197 0.04296521097421646 -0.05326102301478385
v 0.019627410918474197 0.04296521097421646 -0.05326102301478385
v 0.019001517444849014 0.047185029834508896 -0.046808797866106026
v 0.02050478383898735 0.04582865908741951 -0.047244962304830544
v 0.019627410918474197 0.04296521097421646 -0.05326102301478385
v 0.02050478383898735 0.04582865908741951 -0.047244962304830544
v 0.021488681435585022 0.04112023115158081 -0.05385829880833625
v 0.027649208903312683 0.029363449662923813 -0.05253959819674491
v 0.02824517711997032 0.025263868272304535 -0.05859949439764022
v 0.027382493019104004 0.03132054954767227 -0.05191026255488395
v 0.027382493019104004 0.03132054954767227 -0.05191026255488395
v 0.02824517711997032 0.025263868272304535 -0.05859949439764022
v 0.0277230367064476 0.028325319290161133 -0.05772924050688743
v 0.027382493019104004 0.03132054954767227 -0.05191026255488395
v 0.0277230367064476 0.028325319290161133 -0.05772924050688743
v 0.02640153095126152 0.03554883226752281 -0.05055063590407371
v 0.0277230367064476 0.028325319290161133 -0.05772924050688743
v 0.026940133422613144 0.031268563121557236 -0.056873448193073266
v 0.02640153095126152 0.03554883226752281 -0.05055063590407371
v 0.02640153095126152 0.03554883226752281 -0.05055063590407371
v 0.026940133422613144 0.031268563121557236 -0.056873448193073266
v 0.025909636169672012 0.034053102135658264 -0.0560459978878498
v 0.02640153095126152 0.03554883226752281 -0.05055063590407371
v 0.025909636169672012 0.034053102135658264 -0.0560459978878498
v 0.02496025338768959 0.03933529928326607 -0.04933299869298934
v 0.02496025338768959 0.03933529928326607 -0.04933299869298934
v 0.025909636169672012 0.034053102135658264 -0.0560459978878498
v 0.024646606296300888 0.036642808467149734 -0.05525999516248702
v 0.02496025338768959 0.03933529928326607 -0.04933299869298934
v 0.024646606296300888 0.036642808467149734 -0.05525999516248702
v 0.023090459406375885 0.04266737028956413 -0.04826152324676513
v 0.023090459406375885 0.04266737028956413 -0.04826152324676513
v 0.024646606296300888 0.036642808467149734 -0.05525999516248702
v 0.023167330771684647 0.0390067920088768 -0.05452734231948852
v 0.023090459406375885 0.04266737028956413 -0.04826152324676513
v 0.023167330771684647 0.0390067920088768 -0.05452734231948852
v 0.022331375628709793 0.0437302365899086 -0.047919739037752145
v 0.022331375628709793 0.0437302365899086 -0.047919739037752145
v 0.023167330771684647 0.0390067920088768 -0.05452734231948852
v 0.021488681435585022 0.04112023115158081 -0.05385829880833625
v 0.022331375628709793 0.0437302365899086 -0.047919739037752145
v 0.021488681435585022 0.04112023115158081 -0.05385829880833625
v 0.02175777032971382 0.044452231377363205 -0.0476875714957714
v 0.02175777032971382 0.044452231377363205 -0.0476875714957714
v 0.021488681435585022 0.04112023115158081 -0.05385829880833625
v 0.02050478383898735 0.04582865908741951 -0.047244962304830544
v 0.029506247490644455 0.018787942826747894 -0.06483935564756392
v 0.030735239386558533 0.015276424586772919 -0.07005916535854338
v 0.029126141220331192 0.021977145224809647 -0.06411994993686675
v 0.029126141220331192 0.021977145224809647 -0.06411994993686675
v 0.030735239386558533 0.015276424586772919 -0.07005916535854338
v 0.030253775417804718 0.018541328608989716 -0.06949703395366667
v 0.029126141220331192 0.021977145224809647 -0.06411994993686675
v 0.030253775417804718 0.018541328608989716 -0.06949703395366667
v 0.0284624882042408 0.0250675231218338 -0.06338729709386824
v 0.0284624882042408 0.0250675231218338 -0.06338729709386824
v 0.030253775417804718 0.018541328608989716 -0.06949703395366667
v 0.029474366456270218 0.021689824759960175 -0.06891018897294997
v 0.0284624882042408 0.0250675231218338 -0.06338729709386824
v 0.029474366456270218 0.021689824759960175 -0.06891018897294997
v 0.027532361447811127 0.028017565608024597 -0.06265340745449065
v 0.027532361447811127 0.028017565608024597 -0.06265340745449065
v 0.029474366456270218 0.021689824759960175 -0.06891018897294997
v 0.028418835252523422 0.024681832641363144 -0.06830794364213942
v 0.027532361447811127 0.028017565608024597 -0.06265340745449065
v 0.028418835252523422 0.024681832641363144 -0.06830794364213942
v 0.026355933398008347 0.030790580436587334 -0.06193059310317039
v 0.026355933398008347 0.030790580436587334 -0.06193059310317039
v 0.028418835252523422 0.024681832641363144 -0.06830794364213942
v 0.027112647891044617 0.02748313918709755 -0.0677005648612976
v 0.026355933398008347 0.030790580436587334 -0.06193059310317039
v 0.027112647891044617 0.02748313918709755 -0.0677005648612976
v 0.024955257773399353 0.03335525095462799 -0.061230976134538644
v 0.024955257773399353 0.03335525095462799 -0.061230976134538644
v 0.027112647891044617 0.02748313918709755 -0.0677005648612976
v 0.025583267211914062 0.030065741389989853 -0.06709883362054823
v 0.024955257773399353 0.03335525095462799 -0.061230976134538644
v 0.025583267211914062 0.030065741389989853 -0.06709883362054823
v 0.023353036493062973 0.03568623587489128 -0.060566026717424386
v 0.023353036493062973 0.03568623587489128 -0.060566026717424386
v 0.025583267211914062 0.030065741389989853 -0.06709883362054823
v 0.023858528584241867 0.0324082225561142 -0.0665135085582733
v 0.023353036493062973 0.03568623587489128 -0.060566026717424386
v 0.023858528584241867 0.0324082225561142 -0.0665135085582733
v 0.021571416407823563 0.03776470571756363 -0.059946060180664056
v 0.021571416407823563 0.03776470571756363 -0.059946060180664056
v 0.023858528584241867 0.0324082225561142 -0.0665135085582733
v 0.021965019404888153 0.03449608385562897 -0.06595486402511595
v 0.021571416407823563 0.03776470571756363 -0.059946060180664056
v 0.021965019404888153 0.03449608385562897 -0.06595486402511595
v 0.019630756229162216 0.03957894816994667 -0.05937977135181426
v 0.019630756229162216 0.03957894816994667 -0.05937977135181426
v 0.021965019404888153 0.03449608385562897 -0.06595486402511595
v 0.01992645114660263 0.03632212057709694 -0.06543220579624175
v 0.019630756229162216 0.03957894816994667 -0.05937977135181426
v 0.01992645114660263 0.03632212057709694 -0.06543220579624175
v 0.01754838600754738 0.041125617921352386 -0.05887412652373313
v 0.01754838600754738 0.041125617921352386 -0.05887412652373313
v 0.01992645114660263 0.03632212057709694 -0.06543220579624175
v 0.017762131989002228 0.03788742050528526 -0.06495366245508193
v 0.01754838600754738 0.041125617921352386 -0.05887412652373313
v 0.017762131989002228 0.03788742050528526 -0.06495366245508193
v 0.015337776392698288 0.04241111874580383 -0.058435246348381036
v 0.015337776392698288 0.04241111874580383 -0.058435246348381036
v 0.017762131989002228 0.03788742050528526 -0.06495366245508193
v 0.015486221760511398 0.03920181095600128 -0.06452682614326476
v 0.015337776392698288 0.04241111874580383 -0.058435246348381036
v 0.015486221760511398 0.03920181095600128 -0.06452682614326476
v 0.01300966739654541 0.04344659298658371 -0.05806665495038032
v 0.01300966739654541 0.04344659298658371 -0.05806665495038032
v 0.015486221760511398 0.03920181095600128 -0.06452682614326476
v 0.01310858502984047 0.04027782380580902 -0.06415696442127226
v 0.01300966739654541 0.04344659298658371 -0.05806665495038032
v 0.01310858502984047 0.04027782380580902 -0.06415696442127226
v 0.01057373359799385 0.04424705728888512 -0.05776814371347427
v 0.01057373359799385 0.04424705728888512 -0.05776814371347427
v 0.01310858502984047 0.04027782380580902 -0.06415696442127226
v 0.010636802762746811 0.04112950712442398 -0.06384580582380293
v 0.01057373359799385 0.04424705728888512 -0.05776814371347427
v 0.010636802762746811 0.04112950712442398 -0.06384580582380293
v 0.008040230721235275 0.04483199119567871 -0.057535123080015176
v 0.008040230721235275 0.04483199119567871 -0.057535123080015176
v 0.010636802762746811 0.04112950712442398 -0.06384580582380293
v 0.008078321814537048 0.04177273064851761 -0.06359089165925978
v 0.008040230721235275 0.04483199119567871 -0.057535123080015176
v 0.008078321814537048 0.04177273064851761 -0.06359089165925978
v 0.005421634763479233 0.04522592946887016 -0.05735798180103301
v 0.005421634763479233 0.04522592946887016 -0.05735798180103301
v 0.008078321814537048 0.04177273064851761 -0.06359089165925978
v 0.005442589521408081 0.042225517332553864 -0.06338483840227126
v 0.005421634763479233 0.04522592946887016 -0.05735798180103301
v 0.005442589521408081 0.042225517332553864 -0.06338483840227126
v -1.8470059259811933e-08 0.04429289698600769 -0.05962678045034408
v -1.8470059259811933e-08 0.04429289698600769 -0.05962678045034408
v 0.005442589521408081 0.042225517332553864 -0.06338483840227126
v -1.8470059259811933e-08 0.04264447093009949 -0.06306088715791701
v -1.8470059259811933e-08 0.04429289698600769 -0.05962678045034408
v -1.8470059259811933e-08 0.045567698776721954 -0.05710379779338836
v 0.005421634763479233 0.04522592946887016 -0.05735798180103301
v 0.005421634763479233 0.04522592946887016 -0.05735798180103301
v -1.8470059259811933e-08 0.045567698776721954 -0.05710379779338836
v 0.0054651349782943726 0.04846850782632828 -0.05134152248501777
v 0.005421634763479233 0.04522592946887016 -0.05735798180103301
v 0.0054651349782943726 0.04846850782632828 -0.05134152248501777
v 0.008040230721235275 0.04483199119567871 -0.057535123080015176
v 0.008040230721235275 0.04483199119567871 -0.057535123080015176
v 0.0054651349782943726 0.04846850782632828 -0.05134152248501777
v 0.008106596767902374 0.04813655838370323 -0.05147768557071685
v 0.008040230721235275 0.04483199119567871 -0.057535123080015176
v 0.008106596767902374 0.04813655838370323 -0.05147768557071685
v 0.01057373359799385 0.04424705728888512 -0.05776814371347427
v 0.01057373359799385 0.04424705728888512 -0.05776814371347427
v 0.008106596767902374 0.04813655838370323 -0.05147768557071685
v 0.010657701641321182 0.047604527324438095 -0.05167653784155845
v 0.01057373359799385 0.04424705728888512 -0.05776814371347427
v 0.010657701641321182 0.047604527324438095 -0.05167653784155845
v 0.01300966739654541 0.04344659298658371 -0.05806665495038032
v 0.01300966739654541 0.04344659298658371 -0.05806665495038032
v 0.010657701641321182 0.047604527324438095 -0.05167653784155845
v 0.013100452721118927 0.04684043303132057 -0.051949679851531975
v 0.01300966739654541 0.04344659298658371 -0.05806665495038032
v 0.013100452721118927 0.04684043303132057 -0.051949679851531975
v 0.015337776392698288 0.04241111874580383 -0.058435246348381036
v 0.015337776392698288 0.04241111874580383 -0.058435246348381036
v 0.013100452721118927 0.04684043303132057 -0.051949679851531975
v 0.015419144183397293 0.04582126811146736 -0.05230384320020675
v 0.015337776392698288 0.04241111874580383 -0.058435246348381036
v 0.015419144183397293 0.04582126811146736 -0.05230384320020675
v 0.01754838600754738 0.041125617921352386 -0.05887412652373313
v 0.01754838600754738 0.041125617921352386 -0.05887412652373313
v 0.015419144183397293 0.04582126811146736 -0.05230384320020675
v 0.017599422484636307 0.04453209787607193 -0.05274142697453498
v 0.01754838600754738 0.041125617921352386 -0.05887412652373313
v 0.017599422484636307 0.04453209787607193 -0.05274142697453498
v 0.019630756229162216 0.03957894816994667 -0.05937977135181426
v 0.019630756229162216 0.03957894816994667 -0.05937977135181426
v 0.017599422484636307 0.04453209787607193 -0.05274142697453498
v 0.019627410918474197 0.04296521097421646 -0.05326102301478385
v 0.019630756229162216 0.03957894816994667 -0.05937977135181426
v 0.019627410918474197 0.04296521097421646 -0.05326102301478385
v 0.021571416407823563 0.03776470571756363 -0.059946060180664056
v 0.021571416407823563 0.03776470571756363 -0.059946060180664056
v 0.019627410918474197 0.04296521097421646 -0.05326102301478385
v 0.021488681435585022 0.04112023115158081 -0.05385829880833625
v 0.021571416407823563 0.03776470571756363 -0.059946060180664056
v 0.021488681435585022 0.04112023115158081 -0.05385829880833625
v 0.023353036493062973 0.03568623587489128 -0.060566026717424386
v 0.023353036493062973 0.03568623587489128 -0.060566026717424386
v 0.021488681435585022 0.04112023115158081 -0.05385829880833625
v 0.023167330771684647 0.0390067920088768 -0.05452734231948852
v 0.023353036493062973 0.03568623587489128 -0.060566026717424386
v 0.023167330771684647 0.0390067920088768 -0.05452734231948852
v 0.024955257773399353 0.03335525095462799 -0.061230976134538644
v 0.024955257773399353 0.03335525095462799 -0.061230976134538644
v 0.023167330771684647 0.0390067920088768 -0.05452734231948852
v 0.024646606296300888 0.036642808467149734 -0.05525999516248702
v 0.024955257773399353 0.03335525095462799 -0.061230976134538644
v 0.024646606296300888 0.036642808467149734 -0.05525999516248702
v 0.026355933398008347 0.030790580436587334 -0.06193059310317039
v 0.026355933398008347 0.030790580436587334 -0.06193059310317039
v 0.024646606296300888 0.036642808467149734 -0.05525999516248702
v 0.025909636169672012 0.034053102135658264 -0.0560459978878498
v 0.026355933398008347 0.030790580436587334 -0.06193059310317039
v 0.025909636169672012 0.034053102135658264 -0.0560459978878498
v 0.027532361447811127 0.028017565608024597 -0.06265340745449065
v 0.027532361447811127 0.028017565608024597 -0.06265340745449065
v 0.025909636169672012 0.034053102135658264 -0.0560459978878498
v 0.026940133422613144 0.031268563121557236 -0.056873448193073266
v 0.027532361447811127 0.028017565608024597 -0.06265340745449065
v 0.026940133422613144 0.031268563121557236 -0.056873448193073266
v 0.0284624882042408 0.0250675231218338 -0.06338729709386824
v 0.0284624882042408 0.0250675231218338 -0.06338729709386824
v 0.026940133422613144 0.031268563121557236 -0.056873448193073266
v 0.0277230367064476 0.028325319290161133 -0.05772924050688743
v 0.0284624882042408 0.0250675231218338 -0.06338729709386824
v 0.0277230367064476 0.028325319290161133 -0.05772924050688743
v 0.029126141220331192 0.021977145224809647 -0.06411994993686675
v 0.029126141220331192 0.021977145224809647 -0.06411994993686675
v 0.0277230367064476 0.028325319290161133 -0.05772924050688743
v 0.02824517711997032 0.025263868272304535 -0.05859949439764022
v 0.029126141220331192 0.021977145224809647 -0.06411994993686675
v 0.02824517711997032 0.025263868272304535 -0.05859949439764022
v 0.029506247490644455 0.018787942826747894 -0.06483935564756392
v 0.027649208903312683 0.029363449662923813 -0.05253959819674491
v 0.02786076068878174 0.025457914918661118 -0.05379547923803329
v 0.02824517711997032 0.025263868272304535 -0.05859949439764022
v 0.02824517711997032 0.025263868272304535 -0.05859949439764022
v 0.02786076068878174 0.025457914918661118 -0.05379547923803329
v 0.028495945036411285 0.022128235548734665 -0.0594700165092945
v 0.02824517711997032 0.025263868272304535 -0.05859949439764022
v 0.028495945036411285 0.022128235548734665 -0.0594700165092945
v 0.029506247490644455 0.018787942826747894 -0.06483935564756392
v 0.029506247490644455 0.018787942826747894 -0.06483935564756392
v 0.028495945036411285 0.022128235548734665 -0.0594700165092945
v 0.029590457677841187 0.015546374022960663 -0.06553506106138228
v 0.029506247490644455 0.018787942826747894 -0.06483935564756392
v 0.029590457677841187 0.015546374022960663 -0.06553506106138228
v 0.030735239386558533 0.015276424586772919 -0.07005916535854338
v 0.030735239386558533 0.015276424586772919 -0.07005916535854338
v 0.029590457677841187 0.015546374022960663 -0.06553506106138228
v 0.03202355280518532 0.011758703738451004 -0.07516080886125563
v 0.030735239386558533 0.015276424586772919 -0.07005916535854338
v 0.03202355280518532 0.011758703738451004 -0.07516080886125563
v 0.030253775417804718 0.018541328608989716 -0.06949703395366667
v 0.030253775417804718 0.018541328608989716 -0.06949703395366667
v 0.03202355280518532 0.011758703738451004 -0.07516080886125563
v 0.03148224577307701 0.015104874968528748 -0.0747508257627487
v 0.030253775417804718 0.018541328608989716 -0.06949703395366667
v 0.03148224577307701 0.015104874968528748 -0.0747508257627487
v 0.029474366456270218 0.021689824759960175 -0.06891018897294997
v 0.029474366456270218 0.021689824759960175 -0.06891018897294997
v 0.03148224577307701 0.015104874968528748 -0.0747508257627487
v 0.030628331005573273 0.018326126039028168 -0.07430830597877501
v 0.029474366456270218 0.021689824759960175 -0.06891018897294997
v 0.030628331005573273 0.018326126039028168 -0.07430830597877501
v 0.028418835252523422 0.024681832641363144 -0.06830794364213942
v 0.028418835252523422 0.024681832641363144 -0.06830794364213942
v 0.030628331005573273 0.018326126039028168 -0.07430830597877501
v 0.029486212879419327 0.021383248269557953 -0.07383970171213149
v 0.028418835252523422 0.024681832641363144 -0.06830794364213942
v 0.029486212879419327 0.021383248269557953 -0.07383970171213149
v 0.027112647891044617 0.02748313918709755 -0.0677005648612976
v 0.027112647891044617 0.02748313918709755 -0.0677005648612976
v 0.029486212879419327 0.021383248269557953 -0.07383970171213149
v 0.028084345161914825 0.02424345538020134 -0.07335304468870162
v 0.027112647891044617 0.02748313918709755 -0.0677005648612976
v 0.028084345161914825 0.02424345538020134 -0.07335304468870162
v 0.025583267211914062 0.030065741389989853 -0.06709883362054823
v 0.025583267211914062 0.030065741389989853 -0.06709883362054823
v 0.028084345161914825 0.02424345538020134 -0.07335304468870162
v 0.026453398168087006 0.026880614459514618 -0.07285740971565245
v 0.025583267211914062 0.030065741389989853 -0.06709883362054823
v 0.026453398168087006 0.026880614459514618 -0.07285740971565245
v 0.023858528584241867 0.0324082225561142 -0.0665135085582733
v 0.023858528584241867 0.0324082225561142 -0.0665135085582733
v 0.026453398168087006 0.026880614459514618 -0.07285740971565245
v 0.02462443709373474 0.02927546389400959 -0.07236250489950179
v 0.023858528584241867 0.0324082225561142 -0.0665135085582733
v 0.02462443709373474 0.02927546389400959 -0.07236250489950179
v 0.021965019404888153 0.03449608385562897 -0.06595486402511595
v 0.021965019404888153 0.03449608385562897 -0.06595486402511595
v 0.02462443709373474 0.02927546389400959 -0.07236250489950179
v 0.02262706682085991 0.03141580522060394 -0.07187817245721816
v 0.021965019404888153 0.03449608385562897 -0.06595486402511595
v 0.02262706682085991 0.03141580522060394 -0.07187817245721816
v 0.01992645114660263 0.03632212057709694 -0.06543220579624175
v 0.01992645114660263 0.03632212057709694 -0.06543220579624175
v 0.02262706682085991 0.03141580522060394 -0.07187817245721816
v 0.020487599074840546 0.03329671546816826 -0.07141393423080443
v 0.01992645114660263 0.03632212057709694 -0.06543220579624175
v 0.020487599074840546 0.03329671546816826 -0.07141393423080443
v 0.017762131989002228 0.03788742050528526 -0.06495366245508193
v 0.017762131989002228 0.03788742050528526 -0.06495366245508193
v 0.020487599074840546 0.03329671546816826 -0.07141393423080443
v 0.01822739839553833 0.03492118790745735 -0.07097871601581572
v 0.017762131989002228 0.03788742050528526 -0.06495366245508193
v 0.01822739839553833 0.03492118790745735 -0.07097871601581572
v 0.015486221760511398 0.03920181095600128 -0.06452682614326476
v 0.015486221760511398 0.03920181095600128 -0.06452682614326476
v 0.01822739839553833 0.03492118790745735 -0.07097871601581572
v 0.015862390398979187 0.03629948943853378 -0.07058090716600417
v 0.015486221760511398 0.03920181095600128 -0.06452682614326476
v 0.015862390398979187 0.03629948943853378 -0.07058090716600417
v 0.01310858502984047 0.04027782380580902 -0.06415696442127226
v 0.01310858502984047 0.04027782380580902 -0.06415696442127226
v 0.015862390398979187 0.03629948943853378 -0.07058090716600417
v 0.013403449207544327 0.037443216890096664 -0.07022680342197417
v 0.01310858502984047 0.04027782380580902 -0.06415696442127226
v 0.013403449207544327 0.037443216890096664 -0.07022680342197417
v 0.010636802762746811 0.04112950712442398 -0.06384580582380293
v 0.010636802762746811 0.04112950712442398 -0.06384580582380293
v 0.013403449207544327 0.037443216890096664 -0.07022680342197417
v 0.010858412832021713 0.03836406394839287 -0.06991959363222121
v 0.010636802762746811 0.04112950712442398 -0.06384580582380293
v 0.010858412832021713 0.03836406394839287 -0.06991959363222121
v 0.008078321814537048 0.04177273064851761 -0.06359089165925978
v 0.008078321814537048 0.04177273064851761 -0.06359089165925978
v 0.010858412832021713 0.03836406394839287 -0.06991959363222121
v 0.008234433829784393 0.0390738844871521 -0.06965861469507216
v 0.008078321814537048 0.04177273064851761 -0.06359089165925978
v 0.008234433829784393 0.0390738844871521 -0.06965861469507216
v 0.005442589521408081 0.042225517332553864 -0.06338483840227126
v 0.005442589521408081 0.042225517332553864 -0.06338483840227126
v 0.008234433829784393 0.0390738844871521 -0.06965861469507216
v 0.005540359765291214 0.03958481177687645 -0.06943866610527037
v 0.005442589521408081 0.042225517332553864 -0.06338483840227126
v 0.005540359765291214 0.03958481177687645 -0.06943866610527037
v -1.8470059259811933e-08 0.04264447093009949 -0.06306088715791701
v -1.8470059259811933e-08 0.04264447093009949 -0.06306088715791701
v 0.005540359765291214 0.03958481177687645 -0.06943866610527037
v -1.8470059259811933e-08 0.04021194204688072 -0.06869118660688399
v -1.1019478662888105e-08 -0.032529979944229126 -0.08507806807756423
v -1.1019478662888105e-08 -0.03185248374938965 -0.08403294533491133
v -0.003654744243249297 -0.03173132240772247 -0.08416243642568587
v -0.010598059743642807 0.047619931399822235 -0.05167075246572494
v -0.010817822068929672 0.05109364911913872 -0.04555192217230796
v -0.008860666304826736 0.05147330462932587 -0.045429840683937066
v -0.0015013701049610972 -0.03496771305799484 -0.09396028518676756
v -1.1019478662888105e-08 -0.03499992936849594 -0.09396050870418547
v -1.1019478662888105e-08 -0.03498169034719467 -0.09316518902778624
v -1.8470059259811933e-08 -0.034798093140125275 -0.09128268808126448
v -0.003526996588334441 -0.034626856446266174 -0.09133514761924742
v -1.1019478662888105e-08 -0.03498169034719467 -0.09316518902778624
v -1.1019478662888105e-08 -0.03498169034719467 -0.09316518902778624
v -0.003526996588334441 -0.034626856446266174 -0.09133514761924742
v -0.005234848707914352 -0.03460622578859329 -0.09396003186702727
v -1.1019478662888105e-08 -0.03498169034719467 -0.09316518902778624
v -0.005234848707914352 -0.03460622578859329 -0.09396003186702727
v -0.0015013701049610972 -0.03496771305799484 -0.09396028518676756
v -0.003526996588334441 -0.034626856446266174 -0.09133514761924742
v -0.007017556577920914 -0.0341004878282547 -0.09139760583639144
v -0.005234848707914352 -0.03460622578859329 -0.09396003186702727
v -0.005234848707914352 -0.03460622578859329 -0.09396003186702727
v -0.007017556577920914 -0.0341004878282547 -0.09139760583639144
v -0.010433610528707504 -0.033224910497665405 -0.0914647802710533
v -0.005234848707914352 -0.03460622578859329 -0.09396003186702727
v -0.010433610528707504 -0.033224910497665405 -0.0914647802710533
v -0.008907873183488846 -0.03384742885828018 -0.0939599722623825
v -0.008907873183488846 -0.03384742885828018 -0.0939599722623825
v -0.010433610528707504 -0.033224910497665405 -0.0914647802710533
v -0.013739321380853653 -0.03201042860746384 -0.09153252094984053
v -0.008907873183488846 -0.03384742885828018 -0.0939599722623825
v -0.013739321380853653 -0.03201042860746384 -0.09153252094984053
v -0.012478891760110855 -0.032699793577194214 -0.09396005421876906
v -0.012478891760110855 -0.032699793577194214 -0.09396005421876906
v -0.013739321380853653 -0.03201042860746384 -0.09153252094984053
v -0.016901079565286636 -0.03047098219394684 -0.0915977358818054
v -0.012478891760110855 -0.032699793577194214 -0.09396005421876906
v -0.016901079565286636 -0.03047098219394684 -0.0915977358818054
v -0.01590687409043312 -0.031176403164863586 -0.09396022558212279
v -0.01590687409043312 -0.031176403164863586 -0.09396022558212279
v -0.016901079565286636 -0.03047098219394684 -0.0915977358818054
v -0.019887540489435196 -0.028623566031455994 -0.09165820479393004
v -0.01590687409043312 -0.031176403164863586 -0.09396022558212279
v -0.019887540489435196 -0.028623566031455994 -0.09165820479393004
v -0.019151929765939713 -0.029295049607753754 -0.09396038949489592
v -0.019151929765939713 -0.029295049607753754 -0.09396038949489592
v -0.019887540489435196 -0.028623566031455994 -0.09165820479393004
v -0.02266961708664894 -0.02648797631263733 -0.09171245992183684
v -0.019151929765939713 -0.029295049607753754 -0.09396038949489592
v -0.02266961708664894 -0.02648797631263733 -0.09171245992183684
v -0.022176619619131088 -0.02707759290933609 -0.09396047890186308
v -0.022176619619131088 -0.02707759290933609 -0.09396047890186308
v -0.02266961708664894 -0.02648797631263733 -0.09171245992183684
v -0.02522052451968193 -0.02408650517463684 -0.09175956994295119
v -0.022176619619131088 -0.02707759290933609 -0.09396047890186308
v -0.02522052451968193 -0.02408650517463684 -0.09175956994295119
v -0.02471669390797615 -0.024780698120594025 -0.09396050870418547
v -0.02471669390797615 -0.024780698120594025 -0.09396050870418547
v -0.02522052451968193 -0.02408650517463684 -0.09175956994295119
v -0.027515839785337448 -0.021443702280521393 -0.09179906547069548
v -0.02471669390797615 -0.024780698120594025 -0.09396050870418547
v -0.027515839785337448 -0.021443702280521393 -0.09179906547069548
v -0.027284685522317886 -0.021921314299106598 -0.09396051615476607
v -0.027284685522317886 -0.021921314299106598 -0.09396051615476607
v -0.027515839785337448 -0.021443702280521393 -0.09179906547069548
v -0.029533620923757553 -0.018586300313472748 -0.09183084964752196
v -0.027284685522317886 -0.021921314299106598 -0.09396051615476607
v -0.029533620923757553 -0.018586300313472748 -0.09183084964752196
v -0.029461894184350967 -0.018894322216510773 -0.09396051615476607
v -0.029461894184350967 -0.018894322216510773 -0.09396051615476607
v -0.029533620923757553 -0.018586300313472748 -0.09183084964752196
v -0.031254466623067856 -0.015543505549430847 -0.09185485541820525
v -0.029461894184350967 -0.018894322216510773 -0.09396051615476607
v -0.031254466623067856 -0.015543505549430847 -0.09185485541820525
v -0.03136597201228142 -0.015529781579971313 -0.09396052360534667
v -0.03136597201228142 -0.015529781579971313 -0.09396052360534667
v -0.031254466623067856 -0.015543505549430847 -0.09185485541820525
v -0.03266185149550438 -0.012346692383289337 -0.09187093377113341
v -0.03136597201228142 -0.015529781579971313 -0.09396052360534667
v -0.03266185149550438 -0.012346692383289337 -0.09187093377113341
v -0.03289005532860756 -0.011968404054641724 -0.09396053105592726
v -0.03289005532860756 -0.011968404054641724 -0.09396053105592726
v -0.03266185149550438 -0.012346692383289337 -0.09187093377113341
v -0.033498991280794144 -0.010139837861061096 -0.09396053105592726
v -0.033498991280794144 -0.010139837861061096 -0.09396053105592726
v -0.03266185149550438 -0.012346692383289337 -0.09187093377113341
v -0.033837106078863144 -0.007793635129928589 -0.08971183001995085
v -0.033498991280794144 -0.010139837861061096 -0.09396053105592726
v -0.033837106078863144 -0.007793635129928589 -0.08971183001995085
v -0.03401331230998039 -0.008251912891864777 -0.09396053105592726
v -0.03401331230998039 -0.008251912891864777 -0.09396053105592726
v -0.033837106078863144 -0.007793635129928589 -0.08971183001995085
v -0.03450268134474754 -0.0043370723724365234 -0.08969925343990325
v -0.03401331230998039 -0.008251912891864777 -0.09396053105592726
v -0.03450268134474754 -0.0043370723724365234 -0.08969925343990325
v -0.0343317873775959 -0.006806470453739166 -0.09396053105592726
v -0.0343317873775959 -0.006806470453739166 -0.09396053105592726
v -0.03450268134474754 -0.0043370723724365234 -0.08969925343990325
v -0.034816939383745193 -0.0008425042033195496 -0.08966995775699614
v -0.0343317873775959 -0.006806470453739166 -0.09396053105592726
v -0.034816939383745193 -0.0008425042033195496 -0.08966995775699614
v -0.03471833094954491 -0.004431433975696564 -0.09396051615476607
v -0.03471833094954491 -0.004431433975696564 -0.09396051615476607
v -0.034816939383745193 -0.0008425042033195496 -0.08966995775699614
v -0.034780312329530716 0.0026506707072257996 -0.08962288498878478
v -0.03471833094954491 -0.004431433975696564 -0.09396051615476607
v -0.034780312329530716 0.0026506707072257996 -0.08962288498878478
v -0.0349876768887043 -0.0009281374514102936 -0.09396050870418547
v -0.0349876768887043 -0.0009281374514102936 -0.09396050870418547
v -0.034780312329530716 0.0026506707072257996 -0.08962288498878478
v -0.034398261457681656 0.006102986633777618 -0.08955679088830946
v -0.0349876768887043 -0.0009281374514102936 -0.09396050870418547
v -0.034398261457681656 0.006102986633777618 -0.08955679088830946
v -0.03492402657866478 0.0023048073053359985 -0.09396058320999144
v -0.03492402657866478 0.0023048073053359985 -0.09396058320999144
v -0.034398261457681656 0.006102986633777618 -0.08955679088830946
v -0.03368101641535759 0.009476453065872192 -0.08947099745273589
v -0.03492402657866478 0.0023048073053359985 -0.09396058320999144
v -0.03368101641535759 0.009476453065872192 -0.08947099745273589
v -0.034495484083890915 0.005921375006437302 -0.09396076947450636
v -0.034495484083890915 0.005921375006437302 -0.09396076947450636
v -0.03368101641535759 0.009476453065872192 -0.08947099745273589
v -0.0326433964073658 0.01273619756102562 -0.08936605602502821
v -0.034495484083890915 0.005921375006437302 -0.09396076947450636
v -0.0326433964073658 0.01273619756102562 -0.08936605602502821
v -0.0338047556579113 0.00906858965754509 -0.09396085888147353
v -0.0338047556579113 0.00906858965754509 -0.09396085888147353
v -0.0326433964073658 0.01273619756102562 -0.08936605602502821
v -0.03130402788519859 0.01585083082318306 -0.08924360573291777
v -0.0338047556579113 0.00906858965754509 -0.09396085888147353
v -0.03130402788519859 0.01585083082318306 -0.08924360573291777
v -0.032789889723062515 0.012240234762430191 -0.09396086633205412
v -0.032789889723062515 0.012240234762430191 -0.09396086633205412
v -0.03130402788519859 0.01585083082318306 -0.08924360573291777
v -0.02968437597155571 0.018792618066072464 -0.08910623937845229
v -0.032789889723062515 0.012240234762430191 -0.09396086633205412
v -0.02968437597155571 0.018792618066072464 -0.08910623937845229
v -0.031446557492017746 0.015366021543741226 -0.09396080672740935
v -0.031446557492017746 0.015366021543741226 -0.09396080672740935
v -0.02968437597155571 0.018792618066072464 -0.08910623937845229
v -0.027807820588350296 0.02153763920068741 -0.08895730227231978
v -0.031446557492017746 0.015366021543741226 -0.09396080672740935
v -0.027807820588350296 0.02153763920068741 -0.08895730227231978
v -0.02977900579571724 0.018390551209449768 -0.0939606949687004
v -0.02977900579571724 0.018390551209449768 -0.0939606949687004
v -0.027807820588350296 0.02153763920068741 -0.08895730227231978
v -0.025698643177747726 0.02406597137451172 -0.08880072832107543
v -0.02977900579571724 0.018390551209449768 -0.0939606949687004
v -0.025698643177747726 0.02406597137451172 -0.08880072832107543
v -0.027799975126981735 0.021264124661684036 -0.09396058320999144
v -0.027799975126981735 0.021264124661684036 -0.09396058320999144
v -0.025698643177747726 0.02406597137451172 -0.08880072832107543
v -0.023381102830171585 0.026361845433712006 -0.08864088356494902
v -0.027799975126981735 0.021264124661684036 -0.09396058320999144
v -0.023381102830171585 0.026361845433712006 -0.08864088356494902
v -0.02545151486992836 0.024025429040193558 -0.09396050870418547
v -0.02545151486992836 0.024025429040193558 -0.09396050870418547
v -0.023381102830171585 0.026361845433712006 -0.08864088356494902
v -0.020878609269857407 0.02841365709900856 -0.0884822830557823
v -0.02545151486992836 0.024025429040193558 -0.09396050870418547
v -0.020878609269857407 0.02841365709900856 -0.0884822830557823
v -0.023210901767015457 0.026196468621492386 -0.09396049380302428
v -0.023210901767015457 0.026196468621492386 -0.09396049380302428
v -0.020878609269857407 0.02841365709900856 -0.0884822830557823
v -0.018213707953691483 0.03021264635026455 -0.08832895755767821
v -0.023210901767015457 0.026196468621492386 -0.09396049380302428
v -0.018213707953691483 0.03021264635026455 -0.08832895755767821
v -0.020414698868989944 0.028429590165615082 -0.0939604490995407
v -0.020414698868989944 0.028429590165615082 -0.0939604490995407
v -0.018213707953691483 0.03021264635026455 -0.08832895755767821
v -0.015407558530569077 0.03175121918320656 -0.08818417042493819
v -0.020414698868989944 0.028429590165615082 -0.0939604490995407
v -0.015407558530569077 0.03175121918320656 -0.08818417042493819
v -0.017392899841070175 0.030372489243745804 -0.09396039694547652
v -0.017392899841070175 0.030372489243745804 -0.09396039694547652
v -0.015407558530569077 0.03175121918320656 -0.08818417042493819
v -0.012480620294809341 0.033022716641426086 -0.08805014193058013
v -0.017392899841070175 0.030372489243745804 -0.09396039694547652
v -0.012480620294809341 0.033022716641426086 -0.08805014193058013
v -0.01417699083685875 0.03200021758675575 -0.09396037459373473
v -0.01417699083685875 0.03200021758675575 -0.09396037459373473
v -0.012480620294809341 0.033022716641426086 -0.08805014193058013
v -0.009453509002923965 0.03402135521173477 -0.08792778849601744
v -0.01417699083685875 0.03200021758675575 -0.09396037459373473
v -0.009453509002923965 0.03402135521173477 -0.08792778849601744
v -0.010800976306200027 0.03329174220561981 -0.09396038204431532
v -0.010800976306200027 0.03329174220561981 -0.09396038204431532
v -0.009453509002923965 0.03402135521173477 -0.08792778849601744
v -0.00634799525141716 0.03474222496151924 -0.08781641721725462
v -0.010800976306200027 0.03329174220561981 -0.09396038204431532
v -0.00634799525141716 0.03474222496151924 -0.08781641721725462
v -0.007300924509763718 0.0342300683259964 -0.09396041929721831
v -0.007300924509763718 0.0342300683259964 -0.09396041929721831
v -0.00634799525141716 0.03474222496151924 -0.08781641721725462
v -0.003187883412465453 0.03518126159906387 -0.08771345019340514
v -0.007300924509763718 0.0342300683259964 -0.09396041929721831
v -0.003187883412465453 0.03518126159906387 -0.08771345019340514
v -0.0037159209605306387 0.03480219095945358 -0.09396047145128249
v -1.8470059259811933e-08 0.0363248772919178 -0.08133717626333235
v -1.8470059259811933e-08 0.035601887851953506 -0.08545458316802977
v -0.003187883412465453 0.03518126159906387 -0.08771345019340514
v -0.003187883412465453 0.03518126159906387 -0.08771345019340514
v -1.8470059259811933e-08 0.035601887851953506 -0.08545458316802977
v -1.8470059259811933e-08 0.03533520922064781 -0.08761417120695113
v -0.003187883412465453 0.03518126159906387 -0.08771345019340514
v -1.8470059259811933e-08 0.03533520922064781 -0.08761417120695113
v -0.0037159209605306387 0.03480219095945358 -0.09396047145128249
v -0.0037159209605306387 0.03480219095945358 -0.09396047145128249
v -1.8470059259811933e-08 0.03533520922064781 -0.08761417120695113
v -1.1019478662888105e-08 0.035000018775463104 -0.09396050870418547
v -1.8470059259811933e-08 0.037348486483097076 -0.07713087648153304
v -0.002861615037545562 0.03776916489005089 -0.0753384232521057
v -1.8470059259811933e-08 0.037923526018857956 -0.07516100257635115
v -1.8470059259811933e-08 0.037923526018857956 -0.07516100257635115
v -0.002861615037545562 0.03776916489005089 -0.0753384232521057
v -0.005507860332727432 0.03958980366587639 -0.06943613290786742
v -1.8470059259811933e-08 0.037923526018857956 -0.07516100257635115
v -0.005507860332727432 0.03958980366587639 -0.06943613290786742
v -1.8470059259811933e-08 0.04021194204688072 -0.06869118660688399
v -1.8470059259811933e-08 0.04021194204688072 -0.06869118660688399
v -0.005507860332727432 0.03958980366587639 -0.06943613290786742
v -0.005410749465227127 0.04222991690039635 -0.06338247656822203
v -1.8470059259811933e-08 0.04021194204688072 -0.06869118660688399
v -0.005410749465227127 0.04222991690039635 -0.06338247656822203
v -1.8470059259811933e-08 0.04264447093009949 -0.06306088715791701
v -1.8470059259811933e-08 0.04264447093009949 -0.06306088715791701
v -0.005410749465227127 0.04222991690039635 -0.06338247656822203
v -1.8470059259811933e-08 0.04429289698600769 -0.05962678045034408
v -1.8470059259811933e-08 0.04429289698600769 -0.05962678045034408
v -0.005410749465227127 0.04222991690039635 -0.06338247656822203
v -0.00538996234536171 0.04522968456149101 -0.05735597386956214
v -1.8470059259811933e-08 0.04429289698600769 -0.05962678045034408
v -0.00538996234536171 0.04522968456149101 -0.05735597386956214
v -1.8470059259811933e-08 0.045567698776721954 -0.05710379779338836
v -1.8470059259811933e-08 0.045567698776721954 -0.05710379779338836
v -0.00538996234536171 0.04522968456149101 -0.05735597386956214
v -1.8470059259811933e-08 0.04871024563908577 -0.051183402538299554
v -1.8470059259811933e-08 0.04871024563908577 -0.051183402538299554
v -0.00538996234536171 0.04522968456149101 -0.05735597386956214
v -0.0023109724279493093 0.05193624645471573 -0.04528097435832023
v -1.8470059259811933e-08 0.04871024563908577 -0.051183402538299554
v -0.0023109724279493093 0.05193624645471573 -0.04528097435832023
v -1.8470059259811933e-08 0.05194516479969025 -0.045278105884790414
v -0.010817822068929672 0.05109364911913872 -0.04555192217230796
v -0.010598059743642807 0.047619931399822235 -0.05167075246572494
v -0.013208989053964615 0.05039967596530914 -0.045775081962347024
v -0.013208989053964615 0.05039967596530914 -0.045775081962347024
v -0.010598059743642807 0.047619931399822235 -0.05167075246572494
v -0.013029355555772781 0.04686693474650383 -0.0519401729106903
v -0.013208989053964615 0.05039967596530914 -0.045775081962347024
v -0.013029355555772781 0.04686693474650383 -0.0519401729106903
v -0.013524789363145828 0.050285760313272476 -0.0458117127418518
v -0.013524789363145828 0.050285760313272476 -0.0458117127418518
v -0.013029355555772781 0.04686693474650383 -0.0519401729106903
v -0.01533849909901619 0.04586245119571686 -0.052289519459009164
v -0.013524789363145828 0.050285760313272476 -0.0458117127418518
v -0.01533849909901619 0.04586245119571686 -0.052289519459009164
v -0.015651289373636246 0.04935814440250397 -0.046110000461339944
v -0.015651289373636246 0.04935814440250397 -0.046110000461339944
v -0.01533849909901619 0.04586245119571686 -0.052289519459009164
v -0.017123710364103317 0.04852622002363205 -0.04637752100825309
v -0.017123710364103317 0.04852622002363205 -0.04637752100825309
v -0.01533849909901619 0.04586245119571686 -0.052289519459009164
v -0.01751137152314186 0.04459156468510628 -0.0527212843298912
v -0.017123710364103317 0.04852622002363205 -0.04637752100825309
v -0.01751137152314186 0.04459156468510628 -0.0527212843298912
v -0.017697211354970932 0.04815288260579109 -0.046497572213411324
v -0.017697211354970932 0.04815288260579109 -0.046497572213411324
v -0.01751137152314186 0.04459156468510628 -0.0527212843298912
v -0.018875811249017715 0.04728609696030617 -0.046776298433542245
v -0.018875811249017715 0.04728609696030617 -0.046776298433542245
v -0.01751137152314186 0.04459156468510628 -0.0527212843298912
v -0.019534338265657425 0.04304644465446472 -0.05323421210050582
v -0.018875811249017715 0.04728609696030617 -0.046776298433542245
v -0.019534338265657425 0.04304644465446472 -0.05323421210050582
v -0.01985081657767296 0.04645403102040291 -0.04704386368393897
v -0.01985081657767296 0.04645403102040291 -0.04704386368393897
v -0.019534338265657425 0.04304644465446472 -0.05323421210050582
v -0.02139328047633171 0.04122632369399071 -0.053824141621589654
v -0.01985081657767296 0.04645403102040291 -0.04704386368393897
v -0.02139328047633171 0.04122632369399071 -0.053824141621589654
v -0.021372836083173752 0.044902488589286804 -0.04754278436303138
v -0.023072656244039536 0.03914019465446472 -0.054485354572534554
v -0.023269478231668472 0.042396485805511475 -0.048348627984523766
v -0.02139328047633171 0.04122632369399071 -0.053824141621589654
v -0.02139328047633171 0.04122632369399071 -0.053824141621589654
v -0.023269478231668472 0.042396485805511475 -0.048348627984523766
v -0.023063194006681442 0.04270792752504349 -0.048248481005430215
v -0.02139328047633171 0.04122632369399071 -0.053824141621589654
v -0.023063194006681442 0.04270792752504349 -0.048248481005430215
v -0.021372836083173752 0.044902488589286804 -0.04754278436303138
v -0.026401545852422714 0.03554883226752281 -0.05055063590407371
v -0.02503223344683647 0.03917945548892021 -0.04938311129808425
v -0.02455601468682289 0.03680523484945297 -0.05520996451377868
v -0.02455601468682289 0.03680523484945297 -0.05520996451377868
v -0.02503223344683647 0.03917945548892021 -0.04938311129808425
v -0.0246489979326725 0.03998075798153877 -0.04912544414401054
v -0.02455601468682289 0.03680523484945297 -0.05520996451377868
v -0.0246489979326725 0.03998075798153877 -0.04912544414401054
v -0.023072656244039536 0.03914019465446472 -0.054485354572534554
v -0.023072656244039536 0.03914019465446472 -0.054485354572534554
v -0.0246489979326725 0.03998075798153877 -0.04912544414401054
v -0.024158868938684464 0.040913812816143036 -0.048825405538082116
v -0.023072656244039536 0.03914019465446472 -0.054485354572534554
v -0.024158868938684464 0.040913812816143036 -0.048825405538082116
v -0.023269478231668472 0.042396485805511475 -0.048348627984523766
v -0.02455601468682289 0.03680523484945297 -0.05520996451377868
v -0.02582678571343422 0.03424542769789696 -0.05598801001906394
v -0.026401545852422714 0.03554883226752281 -0.05055063590407371
v -0.026401545852422714 0.03554883226752281 -0.05055063590407371
v -0.02582678571343422 0.03424542769789696 -0.05598801001906394
v -0.026868905872106552 0.031490739434957504 -0.05680790171027183
v -0.026401545852422714 0.03554883226752281 -0.05055063590407371
v -0.026868905872106552 0.031490739434957504 -0.05680790171027183
v -0.026610825210809708 0.03482890501618385 -0.050782095640897744
v -0.026610825210809708 0.03482890501618385 -0.050782095640897744
v -0.026868905872106552 0.031490739434957504 -0.05680790171027183
v -0.027667474001646042 0.02857629582285881 -0.05765683576464652
v -0.026610825210809708 0.03482890501618385 -0.050782095640897744
v -0.027667474001646042 0.02857629582285881 -0.05765683576464652
v -0.027339767664670944 0.03157387673854828 -0.05182880163192748
v -0.027339767664670944 0.03157387673854828 -0.05182880163192748
v -0.027667474001646042 0.02857629582285881 -0.05765683576464652
v -0.028209369629621506 0.025541558861732483 -0.05852122232317924
v -0.027339767664670944 0.03157387673854828 -0.05182880163192748
v -0.028209369629621506 0.025541558861732483 -0.05852122232317924
v -0.027699116617441177 0.028870506212115288 -0.052698113024234765
v -0.027699116617441177 0.028870506212115288 -0.052698113024234765
v -0.028209369629621506 0.025541558861732483 -0.05852122232317924
v -0.02848394587635994 0.022429507225751877 -0.059387132525444024
v -0.027699116617441177 0.028870506212115288 -0.052698113024234765
v -0.02848394587635994 0.022429507225751877 -0.059387132525444024
v -0.027860794216394424 0.025421947240829468 -0.05380704626441001
v -0.027860794216394424 0.025421947240829468 -0.05380704626441001
v -0.02848394587635994 0.022429507225751877 -0.059387132525444024
v -0.028483863919973373 0.019286256283521652 -0.06024112924933433
v -0.027860794216394424 0.025421947240829468 -0.05380704626441001
v -0.028483863919973373 0.019286256283521652 -0.06024112924933433
v -0.02773115411400795 0.02233221009373665 -0.054800596088171
v -0.02668045088648796 0.016269445419311523 -0.056750170886516564
v -0.026989180594682693 0.017513975501060486 -0.056349977850913995
v -0.028206225484609604 0.016160860657691956 -0.061071630567312234
v -0.028206225484609604 0.016160860657691956 -0.061071630567312234
v -0.026989180594682693 0.017513975501060486 -0.056349977850913995
v -0.027339767664670944 0.019270021468400955 -0.05578529462218284
v -0.028206225484609604 0.016160860657691956 -0.061071630567312234
v -0.027339767664670944 0.019270021468400955 -0.05578529462218284
v -0.028483863919973373 0.019286256283521652 -0.06024112924933433
v -0.028483863919973373 0.019286256283521652 -0.06024112924933433
v -0.027339767664670944 0.019270021468400955 -0.05578529462218284
v -0.027397889643907547 0.01961740106344223 -0.05567358806729316
v -0.028483863919973373 0.019286256283521652 -0.06024112924933433
v -0.027397889643907547 0.01961740106344223 -0.05567358806729316
v -0.02773115411400795 0.02233221009373665 -0.054800596088171
v -0.028206225484609604 0.016160860657691956 -0.061071630567312234
v -0.027651499956846237 0.013101991266012192 -0.06186738982796668
v -0.02668045088648796 0.016269445419311523 -0.056750170886516564
v -0.02668045088648796 0.016269445419311523 -0.056750170886516564
v -0.027651499956846237 0.013101991266012192 -0.06186738982796668
v -0.026822905987501144 0.01015632227063179 -0.06261731684207915
v -0.02668045088648796 0.016269445419311523 -0.056750170886516564
v -0.026822905987501144 0.01015632227063179 -0.06261731684207915
v -0.025793004781007767 0.013497509062290192 -0.05764152854681014
v -0.025793004781007767 0.013497509062290192 -0.05764152854681014
v -0.026822905987501144 0.01015632227063179 -0.06261731684207915
v -0.025726187974214554 0.007367495447397232 -0.06331081688404082
v -0.025793004781007767 0.013497509062290192 -0.05764152854681014
v -0.025726187974214554 0.007367495447397232 -0.06331081688404082
v -0.02473398670554161 0.011034954339265823 -0.058433398604393
v -0.021955814212560654 0.0066337138414382935 -0.05984868854284286
v -0.022653814405202866 0.00754905492067337 -0.059554349631071084
v -0.02436928078532219 0.004775095731019974 -0.06393814086914061
v -0.02436928078532219 0.004775095731019974 -0.06393814086914061
v -0.022653814405202866 0.00754905492067337 -0.059554349631071084
v -0.022718463093042374 0.007639110088348389 -0.05952538922429084
v -0.02436928078532219 0.004775095731019974 -0.06393814086914061
v -0.022718463093042374 0.007639110088348389 -0.05952538922429084
v -0.025726187974214554 0.007367495447397232 -0.06331081688404082
v -0.025726187974214554 0.007367495447397232 -0.06331081688404082
v -0.022718463093042374 0.007639110088348389 -0.05952538922429084
v -0.02452164515852928 0.010611496865749359 -0.05856956914067268
v -0.025726187974214554 0.007367495447397232 -0.06331081688404082
v -0.02452164515852928 0.010611496865749359 -0.05856956914067268
v -0.02473398670554161 0.011034954339265823 -0.058433398604393
v -0.016567964106798172 -0.003036603331565857 -0.06564103811979292
v -0.01853558048605919 0.0032929368317127228 -0.06092295795679092
v -0.01884496584534645 -0.0015098899602890015 -0.06534577906131743
v -0.01884496584534645 -0.0015098899602890015 -0.06534577906131743
v -0.01853558048605919 0.0032929368317127228 -0.06092295795679092
v -0.01985081657767296 0.004389863461256027 -0.06057022511959075
v -0.01884496584534645 -0.0015098899602890015 -0.06534577906131743
v -0.01985081657767296 0.004389863461256027 -0.06057022511959075
v -0.020916003733873367 0.00031153109739534557 -0.06496164202690123
v -0.020916003733873367 0.00031153109739534557 -0.06496164202690123
v -0.01985081657767296 0.004389863461256027 -0.06057022511959075
v -0.021955814212560654 0.0066337138414382935 -0.05984868854284286
v -0.020916003733873367 0.00031153109739534557 -0.06496164202690123
v -0.021955814212560654 0.0066337138414382935 -0.05984868854284286
v -0.022762048989534378 0.002413637936115265 -0.06449075788259505
v -0.022762048989534378 0.002413637936115265 -0.06449075788259505
v -0.021955814212560654 0.0066337138414382935 -0.05984868854284286
v -0.02436928078532219 0.004775095731019974 -0.06393814086914061
v -0.013303343206644058 0.00047765669296495616 -0.06182825565338134
v -0.014725800603628159 0.0010457709431648254 -0.061645578593015664
v -0.016567964106798172 -0.003036603331565857 -0.06564103811979292
v -0.016567964106798172 -0.003036603331565857 -0.06564103811979292
v -0.014725800603628159 0.0010457709431648254 -0.061645578593015664
v -0.014815207570791245 0.001085720956325531 -0.06163273379206657
v -0.016567964106798172 -0.003036603331565857 -0.06564103811979292
v -0.014815207570791245 0.001085720956325531 -0.06163273379206657
v -0.01853558048605919 0.0032929368317127228 -0.06092295795679092
v -1.8470059259811933e-08 -0.006335332989692688 -0.06591024249792098
v -1.1019478662888105e-08 -0.0011013224720954895 -0.06233593448996543
v -0.0029510667081922293 -0.006358429789543152 -0.06596983969211577
v -0.0029510667081922293 -0.006358429789543152 -0.06596983969211577
v -1.1019478662888105e-08 -0.0011013224720954895 -0.06233593448996543
v -0.0050666444003582 -0.0010103397071361542 -0.062306765466928475
v -0.0029510667081922293 -0.006358429789543152 -0.06596983969211577
v -0.0050666444003582 -0.0010103397071361542 -0.062306765466928475
v -0.005874771624803543 -0.006206683814525604 -0.06601672619581221
v -0.005874771624803543 -0.006206683814525604 -0.06601672619581221
v -0.0050666444003582 -0.0010103397071361542 -0.062306765466928475
v -0.008218202739953995 -0.0007233358919620514 -0.062214463949203484
v -0.005874771624803543 -0.006206683814525604 -0.06601672619581221
v -0.008218202739953995 -0.0007233358919620514 -0.062214463949203484
v -0.008731242269277573 -0.005829028785228729 -0.06602454185485838
v -0.008731242269277573 -0.005829028785228729 -0.06602454185485838
v -0.008218202739953995 -0.0007233358919620514 -0.062214463949203484
v -0.01027839258313179 -0.00036957862903364 -0.06210068985819816
v -0.008731242269277573 -0.005829028785228729 -0.06602454185485838
v -0.01027839258313179 -0.00036957862903364 -0.06210068985819816
v -0.01148548349738121 -0.005188807845115662 -0.06597327440977095
v -0.01148548349738121 -0.005188807845115662 -0.06597327440977095
v -0.01027839258313179 -0.00036957862903364 -0.06210068985819816
v -0.013303343206644058 0.00047765669296495616 -0.06182825565338134
v -0.01148548349738121 -0.005188807845115662 -0.06597327440977095
v -0.013303343206644058 0.00047765669296495616 -0.06182825565338134
v -0.014106761664152145 -0.0042621418833732605 -0.06584855169057845
v -0.014106761664152145 -0.0042621418833732605 -0.06584855169057845
v -0.013303343206644058 0.00047765669296495616 -0.06182825565338134
v -0.016567964106798172 -0.003036603331565857 -0.06564103811979292
v -1.8470059259811933e-08 -0.025334246456623077 -0.07752540707588194
v -1.8470059259811933e-08 -0.023382775485515594 -0.0761151537299156
v -0.0035707612987607718 -0.02583373337984085 -0.07808069884777068
v -0.0035707612987607718 -0.02583373337984085 -0.07808069884777068
v -1.8470059259811933e-08 -0.023382775485515594 -0.0761151537299156
v -0.0035062020178884268 -0.023357272148132324 -0.0762440338730812
v -0.0035707612987607718 -0.02583373337984085 -0.07808069884777068
v -0.0035062020178884268 -0.023357272148132324 -0.0762440338730812
v -0.00710417702794075 -0.025415584444999695 -0.07825157791376113
v -0.00710417702794075 -0.025415584444999695 -0.07825157791376113
v -0.0035062020178884268 -0.023357272148132324 -0.0762440338730812
v -0.006977144628763199 -0.022977672517299652 -0.07640738040208815
v -0.00710417702794075 -0.025415584444999695 -0.07825157791376113
v -0.006977144628763199 -0.022977672517299652 -0.07640738040208815
v -0.010546024888753891 -0.024624556303024292 -0.07843364775180815
v -0.010546024888753891 -0.024624556303024292 -0.07843364775180815
v -0.006977144628763199 -0.022977672517299652 -0.07640738040208815
v -0.010358523577451706 -0.0222361758351326 -0.07657736539840697
v -0.010546024888753891 -0.024624556303024292 -0.07843364775180815
v -0.010358523577451706 -0.0222361758351326 -0.07657736539840697
v -0.013849858194589615 -0.02346590906381607 -0.07860650122165679
v -0.013849858194589615 -0.02346590906381607 -0.07860650122165679
v -0.010358523577451706 -0.0222361758351326 -0.07657736539840697
v -0.013603989034891129 -0.021134182810783386 -0.07673264294862746
v -0.013849858194589615 -0.02346590906381607 -0.07860650122165679
v -0.013603989034891129 -0.021134182810783386 -0.07673264294862746
v -0.01667400822043419 -0.01968085765838623 -0.0768575146794319
v -1.8470059259811933e-08 -0.029635637998580933 -0.08132357150316237
v -1.8470059259811933e-08 -0.028154321014881134 -0.07986745238304137
v -0.0036476587411016226 -0.030059948563575745 -0.08202624320983885
v -0.0036476587411016226 -0.030059948563575745 -0.08202624320983885
v -1.8470059259811933e-08 -0.028154321014881134 -0.07986745238304137
v -0.003618847345933318 -0.028081782162189484 -0.08000312000513075
v -0.0036476587411016226 -0.030059948563575745 -0.08202624320983885
v -0.003618847345933318 -0.028081782162189484 -0.08000312000513075
v -0.007255110889673233 -0.029575884342193604 -0.08219812065362929
v -0.007255110889673233 -0.029575884342193604 -0.08219812065362929
v -0.003618847345933318 -0.028081782162189484 -0.08000312000513075
v -0.007198620587587357 -0.027628377079963684 -0.08017732948064803
v -0.007255110889673233 -0.029575884342193604 -0.08219812065362929
v -0.007198620587587357 -0.027628377079963684 -0.08017732948064803
v -0.01077054813504219 -0.028708800673484802 -0.08238473534584044
v -0.01077054813504219 -0.028708800673484802 -0.08238473534584044
v -0.007198620587587357 -0.027628377079963684 -0.08017732948064803
v -0.010685954242944717 -0.026794932782649994 -0.08036546409130095
v -0.01077054813504219 -0.028708800673484802 -0.08238473534584044
v -0.010685954242944717 -0.026794932782649994 -0.08036546409130095
v -0.014148835092782974 -0.027469299733638763 -0.08256918936967848
v -0.014148835092782974 -0.027469299733638763 -0.08256918936967848
v -0.010685954242944717 -0.026794932782649994 -0.08036546409130095
v -0.014034781605005264 -0.02558980882167816 -0.08054855465888976
v -0.014148835092782974 -0.027469299733638763 -0.08256918936967848
v -0.014034781605005264 -0.02558980882167816 -0.08054855465888976
v -0.017350662499666214 -0.02587367594242096 -0.08273895084857939
v -0.017350662499666214 -0.02587367594242096 -0.08273895084857939
v -0.014034781605005264 -0.02558980882167816 -0.08054855465888976
v -0.01720535382628441 -0.024027660489082336 -0.08071257919073103
v -0.017350662499666214 -0.02587367594242096 -0.08273895084857939
v -0.01720535382628441 -0.024027660489082336 -0.08071257919073103
v -0.020341720432043076 -0.02394283562898636 -0.0828852131962776
v -0.020341720432043076 -0.02394283562898636 -0.0828852131962776
v -0.01720535382628441 -0.024027660489082336 -0.08071257919073103
v -0.02016325667500496 -0.022128306329250336 -0.08084771782159804
v -0.020341720432043076 -0.02394283562898636 -0.0828852131962776
v -0.02016325667500496 -0.022128306329250336 -0.08084771782159804
v -0.02309182658791542 -0.021701350808143616 -0.08300223946571349
v -0.02309182658791542 -0.021701350808143616 -0.08300223946571349
v -0.02016325667500496 -0.022128306329250336 -0.08084771782159804
v -0.022878427058458328 -0.01991564780473709 -0.08094764500856398
v -0.02309182658791542 -0.021701350808143616 -0.08300223946571349
v -0.022878427058458328 -0.01991564780473709 -0.08094764500856398
v -0.025574136525392532 -0.01917637139558792 -0.08308668434619902
v -0.025574136525392532 -0.01917637139558792 -0.08308668434619902
v -0.022878427058458328 -0.01991564780473709 -0.08094764500856398
v -0.025324184447526932 -0.01741652935743332 -0.08100879937410353
v -0.025574136525392532 -0.01917637139558792 -0.08308668434619902
v -0.025324184447526932 -0.01741652935743332 -0.08100879937410353
v -0.027764860540628433 -0.01639687269926071 -0.08313715457916258
v -0.027764860540628433 -0.01639687269926071 -0.08313715457916258
v -0.025324184447526932 -0.01741652935743332 -0.08100879937410353
v -0.027477052062749863 -0.014659814536571503 -0.08102983236312865
v -0.027764860540628433 -0.01639687269926071 -0.08313715457916258
v -0.027477052062749863 -0.014659814536571503 -0.08102983236312865
v -0.029644619673490524 -0.013394564390182495 -0.08315394073724745
v -0.029644619673490524 -0.013394564390182495 -0.08315394073724745
v -0.027477052062749863 -0.014659814536571503 -0.08102983236312865
v -0.029318582266569138 -0.011677421629428864 -0.08101136237382887
v -0.029644619673490524 -0.013394564390182495 -0.08315394073724745
v -0.029318582266569138 -0.011677421629428864 -0.08101136237382887
v -0.03083306923508644 -0.008505597710609436 -0.08095441013574599
v -1.1019478662888105e-08 -0.033207885921001434 -0.08630573004484175
v -1.1019478662888105e-08 -0.032529979944229126 -0.08507806807756423
v -0.0036380251403898 -0.03306463360786438 -0.08642146736383437
v -0.0036380251403898 -0.03306463360786438 -0.08642146736383437
v -1.1019478662888105e-08 -0.032529979944229126 -0.08507806807756423
v -0.003654744243249297 -0.03173132240772247 -0.08416243642568587
v -0.0036380251403898 -0.03306463360786438 -0.08642146736383437
v -0.003654744243249297 -0.03173132240772247 -0.08416243642568587
v -0.0072358958423137665 -0.032539114356040955 -0.08656334877014159
v -0.0072358958423137665 -0.032539114356040955 -0.08656334877014159
v -0.003654744243249297 -0.03173132240772247 -0.08416243642568587
v -0.007268879562616348 -0.0312226340174675 -0.08432433754205702
v -0.0072358958423137665 -0.032539114356040955 -0.08656334877014159
v -0.007268879562616348 -0.0312226340174675 -0.08432433754205702
v -0.01074715331196785 -0.031638339161872864 -0.08671682327985762
v -0.01074715331196785 -0.031638339161872864 -0.08671682327985762
v -0.007268879562616348 -0.0312226340174675 -0.08432433754205702
v -0.010792899876832962 -0.03033246099948883 -0.08450005203485488
v -0.01074715331196785 -0.031638339161872864 -0.08671682327985762
v -0.010792899876832962 -0.03033246099948883 -0.08450005203485488
v -0.014130163937807083 -0.030374623835086823 -0.0868706703186035
v -0.014130163937807083 -0.030374623835086823 -0.0868706703186035
v -0.010792899876832962 -0.03033246099948883 -0.08450005203485488
v -0.014183152467012405 -0.02907273918390274 -0.08467532694339751
v -0.014130163937807083 -0.030374623835086823 -0.0868706703186035
v -0.014183152467012405 -0.02907273918390274 -0.08467532694339751
v -0.017347652465105057 -0.028764881193637848 -0.08701656013727187
v -0.017347652465105057 -0.028764881193637848 -0.08701656013727187
v -0.014183152467012405 -0.02907273918390274 -0.08467532694339751
v -0.017401140183210373 -0.027460508048534393 -0.0848395451903343
v -0.017347652465105057 -0.028764881193637848 -0.08701656013727187
v -0.017401140183210373 -0.027460508048534393 -0.0848395451903343
v -0.02036624774336815 -0.02682981640100479 -0.08714857697486876
v -0.02036624774336815 -0.02682981640100479 -0.08714857697486876
v -0.017401140183210373 -0.027460508048534393 -0.0848395451903343
v -0.020412880927324295 -0.025517016649246216 -0.08498521894216536
v -0.02036624774336815 -0.02682981640100479 -0.08714857697486876
v -0.020412880927324295 -0.025517016649246216 -0.08498521894216536
v -0.023155998438596725 -0.02459314465522766 -0.0872627943754196
v -0.023155998438596725 -0.02459314465522766 -0.0872627943754196
v -0.020412880927324295 -0.025517016649246216 -0.08498521894216536
v -0.02318825200200081 -0.02326679229736328 -0.0851074233651161
v -0.023155998438596725 -0.02459314465522766 -0.0872627943754196
v -0.02318825200200081 -0.02326679229736328 -0.0851074233651161
v -0.025689948350191116 -0.022080831229686737 -0.08735682070255278
v -0.025689948350191116 -0.022080831229686737 -0.08735682070255278
v -0.02318825200200081 -0.02326679229736328 -0.0851074233651161
v -0.02570030465722084 -0.020736701786518097 -0.08520320802927016
v -0.025689948350191116 -0.022080831229686737 -0.08735682070255278
v -0.02570030465722084 -0.020736701786518097 -0.08520320802927016
v -0.027943860739469528 -0.01932058483362198 -0.08742949366569518
v -0.027943860739469528 -0.01932058483362198 -0.08742949366569518
v -0.02570030465722084 -0.020736701786518097 -0.08520320802927016
v -0.027925003319978714 -0.01795533299446106 -0.08527125418186186
v -0.027943860739469528 -0.01932058483362198 -0.08742949366569518
v -0.027925003319978714 -0.01795533299446106 -0.08527125418186186
v -0.029896792024374008 -0.016342483460903168 -0.08748075366020201
v -0.029896792024374008 -0.016342483460903168 -0.08748075366020201
v -0.027925003319978714 -0.01795533299446106 -0.08527125418186186
v -0.029842127114534378 -0.014953792095184326 -0.0853116139769554
v -0.029896792024374008 -0.016342483460903168 -0.08748075366020201
v -0.029842127114534378 -0.014953792095184326 -0.0853116139769554
v -0.03153050318360329 -0.013179868459701538 -0.08751065284013747
v -0.03153050318360329 -0.013179868459701538 -0.08751065284013747
v -0.029842127114534378 -0.014953792095184326 -0.0853116139769554
v -0.03143419697880745 -0.011766843497753143 -0.08532456308603285
v -0.03153050318360329 -0.013179868459701538 -0.08751065284013747
v -0.03143419697880745 -0.011766843497753143 -0.08532456308603285
v -0.03282972797751427 -0.009868912398815155 -0.08751909434795378
v -0.03282972797751427 -0.009868912398815155 -0.08751909434795378
v -0.03143419697880745 -0.011766843497753143 -0.08532456308603285
v -0.032686661928892136 -0.008432373404502869 -0.08531025052070616
v -0.03282972797751427 -0.009868912398815155 -0.08751909434795378
v -0.032686661928892136 -0.008432373404502869 -0.08531025052070616
v -0.03358856216073036 -0.004990838468074799 -0.08526862412691115
v -1.8470059259811933e-08 -0.034798093140125275 -0.09128268808126448
v -1.8470059259811933e-08 -0.0342700332403183 -0.08895511925220488
v -0.003526996588334441 -0.034626856446266174 -0.09133514761924742
v -0.003526996588334441 -0.034626856446266174 -0.09133514761924742
v -1.8470059259811933e-08 -0.0342700332403183 -0.08895511925220488
v -0.003595854854211211 -0.03403536230325699 -0.08881058543920516
v -0.003526996588334441 -0.034626856446266174 -0.09133514761924742
v -0.003595854854211211 -0.03403536230325699 -0.08881058543920516
v -0.007017556577920914 -0.0341004878282547 -0.09139760583639144
v -0.007017556577920914 -0.0341004878282547 -0.09139760583639144
v -0.003595854854211211 -0.03403536230325699 -0.08881058543920516
v -0.007152926176786423 -0.03350300341844559 -0.08892001211643218
v -0.007017556577920914 -0.0341004878282547 -0.09139760583639144
v -0.007152926176786423 -0.03350300341844559 -0.08892001211643218
v -0.010433610528707504 -0.033224910497665405 -0.0914647802710533
v -0.010433610528707504 -0.033224910497665405 -0.0914647802710533
v -0.007152926176786423 -0.03350300341844559 -0.08892001211643218
v -0.010628562420606613 -0.032606273889541626 -0.0890378952026367
v -0.010433610528707504 -0.033224910497665405 -0.0914647802710533
v -0.010628562420606613 -0.032606273889541626 -0.0890378952026367
v -0.013739321380853653 -0.03201042860746384 -0.09153252094984053
v -0.013739321380853653 -0.03201042860746384 -0.09153252094984053
v -0.010628562420606613 -0.032606273889541626 -0.0890378952026367
v -0.013983745127916336 -0.031356945633888245 -0.08915642648935317
v -0.013739321380853653 -0.03201042860746384 -0.09153252094984053
v -0.013983745127916336 -0.031356945633888245 -0.08915642648935317
v -0.016901079565286636 -0.03047098219394684 -0.0915977358818054
v -0.016901079565286636 -0.03047098219394684 -0.0915977358818054
v -0.013983745127916336 -0.031356945633888245 -0.08915642648935317
v -0.017182815819978714 -0.0297708660364151 -0.08926977217197417
v -0.016901079565286636 -0.03047098219394684 -0.0915977358818054
v -0.017182815819978714 -0.0297708660364151 -0.08926977217197417
v -0.019887540489435196 -0.028623566031455994 -0.09165820479393004
v -0.019887540489435196 -0.028623566031455994 -0.09165820479393004
v -0.017182815819978714 -0.0297708660364151 -0.08926977217197417
v -0.02019326761364937 -0.027867309749126434 -0.08937379717826842
v -0.019887540489435196 -0.028623566031455994 -0.09165820479393004
v -0.02019326761364937 -0.027867309749126434 -0.08937379717826842
v -0.02266961708664894 -0.02648797631263733 -0.09171245992183684
v -0.02266961708664894 -0.02648797631263733 -0.09171245992183684
v -0.02019326761364937 -0.027867309749126434 -0.08937379717826842
v -0.022985506802797318 -0.02566838264465332 -0.08946573734283446
v -0.02266961708664894 -0.02648797631263733 -0.09171245992183684
v -0.022985506802797318 -0.02566838264465332 -0.08946573734283446
v -0.02522052451968193 -0.02408650517463684 -0.09175956994295119
v -0.02522052451968193 -0.02408650517463684 -0.09175956994295119
v -0.022985506802797318 -0.02566838264465332 -0.08946573734283446
v -0.025532621890306473 -0.023198530077934265 -0.0895438566803932
v -0.02522052451968193 -0.02408650517463684 -0.09175956994295119
v -0.025532621890306473 -0.023198530077934265 -0.0895438566803932
v -0.027515839785337448 -0.021443702280521393 -0.09179906547069548
v -0.027515839785337448 -0.021443702280521393 -0.09179906547069548
v -0.025532621890306473 -0.023198530077934265 -0.0895438566803932
v -0.02781025692820549 -0.020484089851379395 -0.08960729092359541
v -0.027515839785337448 -0.021443702280521393 -0.09179906547069548
v -0.02781025692820549 -0.020484089851379395 -0.08960729092359541
v -0.029533620923757553 -0.018586300313472748 -0.09183084964752196
v -0.029533620923757553 -0.018586300313472748 -0.09183084964752196
v -0.02781025692820549 -0.020484089851379395 -0.08960729092359541
v -0.029796894639730453 -0.017553694546222687 -0.08965593576431273
v -0.029533620923757553 -0.018586300313472748 -0.09183084964752196
v -0.029796894639730453 -0.017553694546222687 -0.08965593576431273
v -0.031254466623067856 -0.015543505549430847 -0.09185485541820525
v -0.031254466623067856 -0.015543505549430847 -0.09185485541820525
v -0.029796894639730453 -0.017553694546222687 -0.08965593576431273
v -0.03147363290190697 -0.014438807964324951 -0.08968972414731978
v -0.031254466623067856 -0.015543505549430847 -0.09185485541820525
v -0.03147363290190697 -0.014438807964324951 -0.08968972414731978
v -0.03266185149550438 -0.012346692383289337 -0.09187093377113341
v -0.03266185149550438 -0.012346692383289337 -0.09187093377113341
v -0.03147363290190697 -0.014438807964324951 -0.08968972414731978
v -0.03282454237341881 -0.011173434555530548 -0.08970846980810164
v -0.03266185149550438 -0.012346692383289337 -0.09187093377113341
v -0.03282454237341881 -0.011173434555530548 -0.08970846980810164
v -0.033837106078863144 -0.007793635129928589 -0.08971183001995085
v -1.8470059259811933e-08 -0.028154321014881134 -0.07986745238304137
v -1.8470059259811933e-08 -0.025334246456623077 -0.07752540707588194
v -0.003618847345933318 -0.028081782162189484 -0.08000312000513075
v -0.003618847345933318 -0.028081782162189484 -0.08000312000513075
v -1.8470059259811933e-08 -0.025334246456623077 -0.07752540707588194
v -0.0035707612987607718 -0.02583373337984085 -0.07808069884777068
v -0.003618847345933318 -0.028081782162189484 -0.08000312000513075
v -0.0035707612987607718 -0.02583373337984085 -0.07808069884777068
v -0.007198620587587357 -0.027628377079963684 -0.08017732948064803
v -0.007198620587587357 -0.027628377079963684 -0.08017732948064803
v -0.0035707612987607718 -0.02583373337984085 -0.07808069884777068
v -0.00710417702794075 -0.025415584444999695 -0.07825157791376113
v -0.007198620587587357 -0.027628377079963684 -0.08017732948064803
v -0.00710417702794075 -0.025415584444999695 -0.07825157791376113
v -0.010685954242944717 -0.026794932782649994 -0.08036546409130095
v -0.010685954242944717 -0.026794932782649994 -0.08036546409130095
v -0.00710417702794075 -0.025415584444999695 -0.07825157791376113
v -0.010546024888753891 -0.024624556303024292 -0.07843364775180815
v -0.010685954242944717 -0.026794932782649994 -0.08036546409130095
v -0.010546024888753891 -0.024624556303024292 -0.07843364775180815
v -0.014034781605005264 -0.02558980882167816 -0.08054855465888976
v -0.014034781605005264 -0.02558980882167816 -0.08054855465888976
v -0.010546024888753891 -0.024624556303024292 -0.07843364775180815
v -0.013849858194589615 -0.02346590906381607 -0.07860650122165679
v -0.014034781605005264 -0.02558980882167816 -0.08054855465888976
v -0.013849858194589615 -0.02346590906381607 -0.07860650122165679
v -0.01720535382628441 -0.024027660489082336 -0.08071257919073103
v -0.01720535382628441 -0.024027660489082336 -0.08071257919073103
v -0.013849858194589615 -0.02346590906381607 -0.07860650122165679
v -0.01667400822043419 -0.01968085765838623 -0.0768575146794319
v -0.01720535382628441 -0.024027660489082336 -0.08071257919073103
v -0.01667400822043419 -0.01968085765838623 -0.0768575146794319
v -0.02016325667500496 -0.022128306329250336 -0.08084771782159804
v -0.02016325667500496 -0.022128306329250336 -0.08084771782159804
v -0.01667400822043419 -0.01968085765838623 -0.0768575146794319
v -0.01953468844294548 -0.017891772091388702 -0.07694113999605177
v -0.02016325667500496 -0.022128306329250336 -0.08084771782159804
v -0.01953468844294548 -0.017891772091388702 -0.07694113999605177
v -0.022878427058458328 -0.01991564780473709 -0.08094764500856398
v -0.022878427058458328 -0.01991564780473709 -0.08094764500856398
v -0.01953468844294548 -0.017891772091388702 -0.07694113999605177
v -0.02215662971138954 -0.015787668526172638 -0.07697672396898268
v -0.022878427058458328 -0.01991564780473709 -0.08094764500856398
v -0.02215662971138954 -0.015787668526172638 -0.07697672396898268
v -0.025324184447526932 -0.01741652935743332 -0.08100879937410353
v -0.025324184447526932 -0.01741652935743332 -0.08100879937410353
v -0.02215662971138954 -0.015787668526172638 -0.07697672396898268
v -0.024513747543096542 -0.013393141329288483 -0.07696075737476347
v -0.025324184447526932 -0.01741652935743332 -0.08100879937410353
v -0.024513747543096542 -0.013393141329288483 -0.07696075737476347
v -0.027477052062749863 -0.014659814536571503 -0.08102983236312865
v -0.027477052062749863 -0.014659814536571503 -0.08102983236312865
v -0.024513747543096542 -0.013393141329288483 -0.07696075737476347
v -0.02658335492014885 -0.01073550432920456 -0.07689242064952849
v -0.027477052062749863 -0.014659814536571503 -0.08102983236312865
v -0.02658335492014885 -0.01073550432920456 -0.07689242064952849
v -0.029318582266569138 -0.011677421629428864 -0.08101136237382887
v -0.029318582266569138 -0.011677421629428864 -0.08101136237382887
v -0.02658335492014885 -0.01073550432920456 -0.07689242064952849
v -0.028348881751298904 -0.007845863699913025 -0.0767732188105583
v -0.029318582266569138 -0.011677421629428864 -0.08101136237382887
v -0.028348881751298904 -0.007845863699913025 -0.0767732188105583
v -0.03083306923508644 -0.008505597710609436 -0.08095441013574599
v -0.03083306923508644 -0.008505597710609436 -0.08095441013574599
v -0.028348881751298904 -0.007845863699913025 -0.0767732188105583
v -0.02979651466012001 -0.004760332405567169 -0.07660540193319319
v -0.03083306923508644 -0.008505597710609436 -0.08095441013574599
v -0.02979651466012001 -0.004760332405567169 -0.07660540193319319
v -0.03200748935341835 -0.005184367299079895 -0.08086004853248595
v -0.03200748935341835 -0.005184367299079895 -0.08086004853248595
v -0.02979651466012001 -0.004760332405567169 -0.07660540193319319
v -0.03091472014784813 -0.0015194080770015717 -0.07639148831367491
v -0.03200748935341835 -0.005184367299079895 -0.08086004853248595
v -0.03091472014784813 -0.0015194080770015717 -0.07639148831367491
v -0.03283223882317543 -0.0017568133771419525 -0.08072920143604277
v -0.03283223882317543 -0.0017568133771419525 -0.08072920143604277
v -0.03091472014784813 -0.0015194080770015717 -0.07639148831367491
v -0.03169501945376396 0.0018328949809074402 -0.0761340409517288
v -0.03283223882317543 -0.0017568133771419525 -0.08072920143604277
v -0.03169501945376396 0.0018328949809074402 -0.0761340409517288
v -0.033301930874586105 0.001731686294078827 -0.08056256920099257
v -0.033301930874586105 0.001731686294078827 -0.08056256920099257
v -0.03169501945376396 0.0018328949809074402 -0.0761340409517288
v -0.03213278576731682 0.005249861627817154 -0.07583550363779067
v -0.033301930874586105 0.001731686294078827 -0.08056256920099257
v -0.03213278576731682 0.005249861627817154 -0.07583550363779067
v -0.03341614827513695 0.005234193056821823 -0.08036042749881743
v -0.03341614827513695 0.005234193056821823 -0.08036042749881743
v -0.03213278576731682 0.005249861627817154 -0.07583550363779067
v -0.03222798928618431 0.008682876825332642 -0.07549800723791121
v -0.03341614827513695 0.005234193056821823 -0.08036042749881743
v -0.03222798928618431 0.008682876825332642 -0.07549800723791121
v -0.03318018838763237 0.008702922612428665 -0.08012256026268004
v -0.03318018838763237 0.008702922612428665 -0.08012256026268004
v -0.03222798928618431 0.008682876825332642 -0.07549800723791121
v -0.031985942274332047 0.012082278728485107 -0.07512312382459639
v -0.03318018838763237 0.008702922612428665 -0.08012256026268004
v -0.031985942274332047 0.012082278728485107 -0.07512312382459639
v -0.032605838030576706 0.012090452015399933 -0.07984851300716399
v -0.032605838030576706 0.012090452015399933 -0.07984851300716399
v -0.031985942274332047 0.012082278728485107 -0.07512312382459639
v -0.03141825273633003 0.015398837625980377 -0.07471238076686858
v -0.032605838030576706 0.012090452015399933 -0.07984851300716399
v -0.03141825273633003 0.015398837625980377 -0.07471238076686858
v -0.0317116416990757 0.015353444963693619 -0.07953991740942
v -0.0317116416990757 0.015353444963693619 -0.07953991740942
v -0.03141825273633003 0.015398837625980377 -0.07471238076686858
v -0.03054361417889595 0.01858823373913765 -0.07426996529102324
v -0.0317116416990757 0.015353444963693619 -0.07953991740942
v -0.03054361417889595 0.01858823373913765 -0.07426996529102324
v -0.030521947890520096 0.018454648554325104 -0.07920074462890624
v -0.030521947890520096 0.018454648554325104 -0.07920074462890624
v -0.03054361417889595 0.01858823373913765 -0.07426996529102324
v -0.02938641980290413 0.021612495183944702 -0.07380239665508269
v -0.030521947890520096 0.018454648554325104 -0.07920074462890624
v -0.02938641980290413 0.021612495183944702 -0.07380239665508269
v -0.02906513586640358 0.0213630311191082 -0.07883672416210173
v -0.02906513586640358 0.0213630311191082 -0.07883672416210173
v -0.02938641980290413 0.021612495183944702 -0.07380239665508269
v -0.02797485515475273 0.024439938366413116 -0.07331764698028563
v -0.02906513586640358 0.0213630311191082 -0.07883672416210173
v -0.02797485515475273 0.024439938366413116 -0.07331764698028563
v -0.027371879667043686 0.024053893983364105 -0.07845495641231535
v -0.027371879667043686 0.024053893983364105 -0.07845495641231535
v -0.02797485515475273 0.024439938366413116 -0.07331764698028563
v -0.02633913978934288 0.027045391499996185 -0.07282469421625136
v -0.027371879667043686 0.024053893983364105 -0.07845495641231535
v -0.02633913978934288 0.027045391499996185 -0.07282469421625136
v -0.025473367422819138 0.026509005576372147 -0.07806351780891417
v -0.025473367422819138 0.026509005576372147 -0.07806351780891417
v -0.02633913978934288 0.027045391499996185 -0.07282469421625136
v -0.02450975403189659 0.02941039949655533 -0.07233310490846633
v -0.025473367422819138 0.026509005576372147 -0.07806351780891417
v -0.02450975403189659 0.02941039949655533 -0.07233310490846633
v -0.02339954301714897 0.028716720640659332 -0.07767104357481001
v -0.02339954301714897 0.028716720640659332 -0.07767104357481001
v -0.02450975403189659 0.02941039949655533 -0.07233310490846633
v -0.022515621036291122 0.03152342513203621 -0.07185254245996474
v -0.02339954301714897 0.028716720640659332 -0.07767104357481001
v -0.022515621036291122 0.03152342513203621 -0.07185254245996474
v -0.021177303045988083 0.0306720994412899 -0.07728637754917143
v -0.021177303045988083 0.0306720994412899 -0.07728637754917143
v -0.022515621036291122 0.03152342513203621 -0.07185254245996474
v -0.020382355898618698 0.03338004648685455 -0.07139232009649275
v -0.021177303045988083 0.0306720994412899 -0.07728637754917143
v -0.020382355898618698 0.03338004648685455 -0.07139232009649275
v -0.018829088658094406 0.03237723931670189 -0.07691816240549086
v -0.018829088658094406 0.03237723931670189 -0.07691816240549086
v -0.020382355898618698 0.03338004648685455 -0.07139232009649275
v -0.018130671232938766 0.03498363122344017 -0.07096118479967116
v -0.018829088658094406 0.03237723931670189 -0.07691816240549086
v -0.018130671232938766 0.03498363122344017 -0.07096118479967116
v -0.016372639685869217 0.03383958712220192 -0.07657443732023238
v -0.016372639685869217 0.03383958712220192 -0.07657443732023238
v -0.018130671232938766 0.03498363122344017 -0.07096118479967116
v -0.015775974839925766 0.03634444996714592 -0.07056733220815657
v -0.016372639685869217 0.03383958712220192 -0.07657443732023238
v -0.015775974839925766 0.03634444996714592 -0.07056733220815657
v -0.013820905238389969 0.03506701812148094 -0.07626142352819441
v -0.013820905238389969 0.03506701812148094 -0.07626142352819441
v -0.015775974839925766 0.03634444996714592 -0.07056733220815657
v -0.01332877203822136 0.0374738946557045 -0.07021683454513548
v -0.013820905238389969 0.03506701812148094 -0.07626142352819441
v -0.01332877203822136 0.0374738946557045 -0.07021683454513548
v -0.01118384674191475 0.03606698289513588 -0.07598279416561125
v -0.01118384674191475 0.03606698289513588 -0.07598279416561125
v -0.01332877203822136 0.0374738946557045 -0.07021683454513548
v -0.010796714574098587 0.03838345780968666 -0.06991271674633025
v -0.01118384674191475 0.03606698289513588 -0.07598279416561125
v -0.010796714574098587 0.03838345780968666 -0.06991271674633025
v -0.008470635861158371 0.03684645891189575 -0.0757390409708023
v -0.008470635861158371 0.03684645891189575 -0.0757390409708023
v -0.010796714574098587 0.03838345780968666 -0.06991271674633025
v -0.008186828345060349 0.0390847846865654 -0.06965422630310057
v -0.008470635861158371 0.03684645891189575 -0.0757390409708023
v -0.008186828345060349 0.0390847846865654 -0.06965422630310057
v -0.005691830068826675 0.0374118909239769 -0.0755268484354019
v -1.8470059259811933e-08 -0.0342700332403183 -0.08895511925220488
v -1.1019478662888105e-08 -0.033207885921001434 -0.08630573004484175
v -0.003595854854211211 -0.03403536230325699 -0.08881058543920516
v -0.003595854854211211 -0.03403536230325699 -0.08881058543920516
v -1.1019478662888105e-08 -0.033207885921001434 -0.08630573004484175
v -0.0036380251403898 -0.03306463360786438 -0.08642146736383437
v -0.003595854854211211 -0.03403536230325699 -0.08881058543920516
v -0.0036380251403898 -0.03306463360786438 -0.08642146736383437
v -0.007152926176786423 -0.03350300341844559 -0.08892001211643218
v -0.007152926176786423 -0.03350300341844559 -0.08892001211643218
v -0.0036380251403898 -0.03306463360786438 -0.08642146736383437
v -0.0072358958423137665 -0.032539114356040955 -0.08656334877014159
v -0.007152926176786423 -0.03350300341844559 -0.08892001211643218
v -0.0072358958423137665 -0.032539114356040955 -0.08656334877014159
v -0.010628562420606613 -0.032606273889541626 -0.0890378952026367
v -0.010628562420606613 -0.032606273889541626 -0.0890378952026367
v -0.0072358958423137665 -0.032539114356040955 -0.08656334877014159
v -0.01074715331196785 -0.031638339161872864 -0.08671682327985762
v -0.010628562420606613 -0.032606273889541626 -0.0890378952026367
v -0.01074715331196785 -0.031638339161872864 -0.08671682327985762
v -0.013983745127916336 -0.031356945633888245 -0.08915642648935317
v -0.013983745127916336 -0.031356945633888245 -0.08915642648935317
v -0.01074715331196785 -0.031638339161872864 -0.08671682327985762
v -0.014130163937807083 -0.030374623835086823 -0.0868706703186035
v -0.013983745127916336 -0.031356945633888245 -0.08915642648935317
v -0.014130163937807083 -0.030374623835086823 -0.0868706703186035
v -0.017182815819978714 -0.0297708660364151 -0.08926977217197417
v -0.017182815819978714 -0.0297708660364151 -0.08926977217197417
v -0.014130163937807083 -0.030374623835086823 -0.0868706703186035
v -0.017347652465105057 -0.028764881193637848 -0.08701656013727187
v -0.017182815819978714 -0.0297708660364151 -0.08926977217197417
v -0.017347652465105057 -0.028764881193637848 -0.08701656013727187
v -0.02019326761364937 -0.027867309749126434 -0.08937379717826842
v -0.02019326761364937 -0.027867309749126434 -0.08937379717826842
v -0.017347652465105057 -0.028764881193637848 -0.08701656013727187
v -0.02036624774336815 -0.02682981640100479 -0.08714857697486876
v -0.02019326761364937 -0.027867309749126434 -0.08937379717826842
v -0.02036624774336815 -0.02682981640100479 -0.08714857697486876
v -0.022985506802797318 -0.02566838264465332 -0.08946573734283446
v -0.022985506802797318 -0.02566838264465332 -0.08946573734283446
v -0.02036624774336815 -0.02682981640100479 -0.08714857697486876
v -0.023155998438596725 -0.02459314465522766 -0.0872627943754196
v -0.022985506802797318 -0.02566838264465332 -0.08946573734283446
v -0.023155998438596725 -0.02459314465522766 -0.0872627943754196
v -0.025532621890306473 -0.023198530077934265 -0.0895438566803932
v -0.025532621890306473 -0.023198530077934265 -0.0895438566803932
v -0.023155998438596725 -0.02459314465522766 -0.0872627943754196
v -0.025689948350191116 -0.022080831229686737 -0.08735682070255278
v -0.025532621890306473 -0.023198530077934265 -0.0895438566803932
v -0.025689948350191116 -0.022080831229686737 -0.08735682070255278
v -0.02781025692820549 -0.020484089851379395 -0.08960729092359541
v -0.02781025692820549 -0.020484089851379395 -0.08960729092359541
v -0.025689948350191116 -0.022080831229686737 -0.08735682070255278
v -0.027943860739469528 -0.01932058483362198 -0.08742949366569518
v -0.02781025692820549 -0.020484089851379395 -0.08960729092359541
v -0.027943860739469528 -0.01932058483362198 -0.08742949366569518
v -0.029796894639730453 -0.017553694546222687 -0.08965593576431273
v -0.029796894639730453 -0.017553694546222687 -0.08965593576431273
v -0.027943860739469528 -0.01932058483362198 -0.08742949366569518
v -0.029896792024374008 -0.016342483460903168 -0.08748075366020201
v -0.029796894639730453 -0.017553694546222687 -0.08965593576431273
v -0.029896792024374008 -0.016342483460903168 -0.08748075366020201
v -0.03147363290190697 -0.014438807964324951 -0.08968972414731978
v -0.03147363290190697 -0.014438807964324951 -0.08968972414731978
v -0.029896792024374008 -0.016342483460903168 -0.08748075366020201
v -0.03153050318360329 -0.013179868459701538 -0.08751065284013747
v -0.03147363290190697 -0.014438807964324951 -0.08968972414731978
v -0.03153050318360329 -0.013179868459701538 -0.08751065284013747
v -0.03282454237341881 -0.011173434555530548 -0.08970846980810164
v -0.03282454237341881 -0.011173434555530548 -0.08970846980810164
v -0.03153050318360329 -0.013179868459701538 -0.08751065284013747
v -0.03282972797751427 -0.009868912398815155 -0.08751909434795378
v -0.03282454237341881 -0.011173434555530548 -0.08970846980810164
v -0.03282972797751427 -0.009868912398815155 -0.08751909434795378
v -0.033837106078863144 -0.007793635129928589 -0.08971183001995085
v -0.033837106078863144 -0.007793635129928589 -0.08971183001995085
v -0.03282972797751427 -0.009868912398815155 -0.08751909434795378
v -0.03358856216073036 -0.004990838468074799 -0.08526862412691115
v -0.033837106078863144 -0.007793635129928589 -0.08971183001995085
v -0.03358856216073036 -0.004990838468074799 -0.08526862412691115
v -0.03450268134474754 -0.0043370723724365234 -0.08969925343990325
v -0.03450268134474754 -0.0043370723724365234 -0.08969925343990325
v -0.03358856216073036 -0.004990838468074799 -0.08526862412691115
v -0.034133147448301315 -0.0014846287667751312 -0.08519936352968215
v -0.03450268134474754 -0.0043370723724365234 -0.08969925343990325
v -0.034133147448301315 -0.0014846287667751312 -0.08519936352968215
v -0.034816939383745193 -0.0008425042033195496 -0.08966995775699614
v -0.034816939383745193 -0.0008425042033195496 -0.08966995775699614
v -0.034133147448301315 -0.0014846287667751312 -0.08519936352968215
v -0.03431860730051994 0.002042558044195175 -0.08510176837444304
v -0.034816939383745193 -0.0008425042033195496 -0.08966995775699614
v -0.03431860730051994 0.002042558044195175 -0.08510176837444304
v -0.034780312329530716 0.0026506707072257996 -0.08962288498878478
v -0.034780312329530716 0.0026506707072257996 -0.08962288498878478
v -0.03431860730051994 0.002042558044195175 -0.08510176837444304
v -0.034148696810007095 0.0055463314056396484 -0.08497472852468489
v -0.034780312329530716 0.0026506707072257996 -0.08962288498878478
v -0.034148696810007095 0.0055463314056396484 -0.08497472852468489
v -0.034398261457681656 0.006102986633777618 -0.08955679088830946
v -0.034398261457681656 0.006102986633777618 -0.08955679088830946
v -0.034148696810007095 0.0055463314056396484 -0.08497472852468489
v -0.033633265644311905 0.008982472121715546 -0.08481683582067488
v -0.034398261457681656 0.006102986633777618 -0.08955679088830946
v -0.033633265644311905 0.008982472121715546 -0.08481683582067488
v -0.03368101641535759 0.009476453065872192 -0.08947099745273589
v -0.03368101641535759 0.009476453065872192 -0.08947099745273589
v -0.033633265644311905 0.008982472121715546 -0.08481683582067488
v -0.03278813883662224 0.012309622019529343 -0.08462800830602644
v -0.03368101641535759 0.009476453065872192 -0.08947099745273589
v -0.03278813883662224 0.012309622019529343 -0.08462800830602644
v -0.0326433964073658 0.01273619756102562 -0.08936605602502821
v -0.0326433964073658 0.01273619756102562 -0.08936605602502821
v -0.03278813883662224 0.012309622019529343 -0.08462800830602644
v -0.03163456544280052 0.015491466969251633 -0.08441016077995299
v -0.0326433964073658 0.01273619756102562 -0.08936605602502821
v -0.03163456544280052 0.015491466969251633 -0.08441016077995299
v -0.03130402788519859 0.01585083082318306 -0.08924360573291777
v -0.03130402788519859 0.01585083082318306 -0.08924360573291777
v -0.03163456544280052 0.015491466969251633 -0.08441016077995299
v -0.030197862535715103 0.01849701628088951 -0.08416687697172164
v -0.03130402788519859 0.01585083082318306 -0.08924360573291777
v -0.030197862535715103 0.01849701628088951 -0.08416687697172164
v -0.02968437597155571 0.018792618066072464 -0.08910623937845229
v -0.02968437597155571 0.018792618066072464 -0.08910623937845229
v -0.030197862535715103 0.01849701628088951 -0.08416687697172164
v -0.028505954891443253 0.02130071446299553 -0.08390311151742934
v -0.02968437597155571 0.018792618066072464 -0.08910623937845229
v -0.028505954891443253 0.02130071446299553 -0.08390311151742934
v -0.027807820588350296 0.02153763920068741 -0.08895730227231978
v -0.027807820588350296 0.02153763920068741 -0.08895730227231978
v -0.028505954891443253 0.02130071446299553 -0.08390311151742934
v -0.026587802916765213 0.023882530629634857 -0.08362489193677901
v -0.027807820588350296 0.02153763920068741 -0.08895730227231978
v -0.026587802916765213 0.023882530629634857 -0.08362489193677901
v -0.025698643177747726 0.02406597137451172 -0.08880072832107543
v -0.025698643177747726 0.02406597137451172 -0.08880072832107543
v -0.026587802916765213 0.023882530629634857 -0.08362489193677901
v -0.024471890181303024 0.02622806280851364 -0.08333900570869444
v -0.025698643177747726 0.02406597137451172 -0.08880072832107543
v -0.024471890181303024 0.02622806280851364 -0.08333900570869444
v -0.023381102830171585 0.026361845433712006 -0.08864088356494902
v -0.023381102830171585 0.026361845433712006 -0.08864088356494902
v -0.024471890181303024 0.02622806280851364 -0.08333900570869444
v -0.02218475565314293 0.02832866832613945 -0.08305270969867705
v -0.023381102830171585 0.026361845433712006 -0.08864088356494902
v -0.02218475565314293 0.02832866832613945 -0.08305270969867705
v -0.020878609269857407 0.02841365709900856 -0.0884822830557823
v -0.020878609269857407 0.02841365709900856 -0.0884822830557823
v -0.02218475565314293 0.02832866832613945 -0.08305270969867705
v -0.019749876111745834 0.030181586742401123 -0.0827733427286148
v -0.020878609269857407 0.02841365709900856 -0.0884822830557823
v -0.019749876111745834 0.030181586742401123 -0.0827733427286148
v -0.018213707953691483 0.03021264635026455 -0.08832895755767821
v -0.018213707953691483 0.03021264635026455 -0.08832895755767821
v -0.019749876111745834 0.030181586742401123 -0.0827733427286148
v -0.01718750223517418 0.03178799897432327 -0.08250758796930312
v -0.018213707953691483 0.03021264635026455 -0.08832895755767821
v -0.01718750223517418 0.03178799897432327 -0.08250758796930312
v -0.015407558530569077 0.03175121918320656 -0.08818417042493819
v -0.015407558530569077 0.03175121918320656 -0.08818417042493819
v -0.01718750223517418 0.03178799897432327 -0.08250758796930312
v -0.014514211565256119 0.033149488270282745 -0.08226075768470763
v -0.015407558530569077 0.03175121918320656 -0.08818417042493819
v -0.014514211565256119 0.033149488270282745 -0.08226075768470763
v -0.012480620294809341 0.033022716641426086 -0.08805014193058013
v -0.012480620294809341 0.033022716641426086 -0.08805014193058013
v -0.014514211565256119 0.033149488270282745 -0.08226075768470763
v -0.011744234710931778 0.034267500042915344 -0.0820362865924835
v -0.012480620294809341 0.033022716641426086 -0.08805014193058013
v -0.011744234710931778 0.034267500042915344 -0.0820362865924835
v -0.009453509002923965 0.03402135521173477 -0.08792778849601744
v -0.009453509002923965 0.03402135521173477 -0.08792778849601744
v -0.011744234710931778 0.034267500042915344 -0.0820362865924835
v -0.008891265839338303 0.035143278539180756 -0.08183523267507552
v -0.009453509002923965 0.03402135521173477 -0.08792778849601744
v -0.008891265839338303 0.035143278539180756 -0.08183523267507552
v -0.00634799525141716 0.03474222496151924 -0.08781641721725462
v -0.00634799525141716 0.03474222496151924 -0.08781641721725462
v -0.008891265839338303 0.035143278539180756 -0.08183523267507552
v -0.005970221012830734 0.03577781096100807 -0.08165577799081801
v -0.00634799525141716 0.03474222496151924 -0.08781641721725462
v -0.005970221012830734 0.03577781096100807 -0.08165577799081801
v -0.003187883412465453 0.03518126159906387 -0.08771345019340514
v -0.003187883412465453 0.03518126159906387 -0.08771345019340514
v -0.005970221012830734 0.03577781096100807 -0.08165577799081801
v -0.002998944139108062 0.03617167845368385 -0.08149275928735732
v -0.003187883412465453 0.03518126159906387 -0.08771345019340514
v -0.002998944139108062 0.03617167845368385 -0.08149275928735732
v -1.8470059259811933e-08 0.0363248772919178 -0.08133717626333235
v -1.1019478662888105e-08 -0.03185248374938965 -0.08403294533491133
v -1.8470059259811933e-08 -0.029635637998580933 -0.08132357150316237
v -0.003654744243249297 -0.03173132240772247 -0.08416243642568587
v -0.003654744243249297 -0.03173132240772247 -0.08416243642568587
v -1.8470059259811933e-08 -0.029635637998580933 -0.08132357150316237
v -0.0036476587411016226 -0.030059948563575745 -0.08202624320983885
v -0.003654744243249297 -0.03173132240772247 -0.08416243642568587
v -0.0036476587411016226 -0.030059948563575745 -0.08202624320983885
v -0.007268879562616348 -0.0312226340174675 -0.08432433754205702
v -0.007268879562616348 -0.0312226340174675 -0.08432433754205702
v -0.0036476587411016226 -0.030059948563575745 -0.08202624320983885
v -0.007255110889673233 -0.029575884342193604 -0.08219812065362929
v -0.007268879562616348 -0.0312226340174675 -0.08432433754205702
v -0.007255110889673233 -0.029575884342193604 -0.08219812065362929
v -0.010792899876832962 -0.03033246099948883 -0.08450005203485488
v -0.010792899876832962 -0.03033246099948883 -0.08450005203485488
v -0.007255110889673233 -0.029575884342193604 -0.08219812065362929
v -0.01077054813504219 -0.028708800673484802 -0.08238473534584044
v -0.010792899876832962 -0.03033246099948883 -0.08450005203485488
v -0.01077054813504219 -0.028708800673484802 -0.08238473534584044
v -0.014183152467012405 -0.02907273918390274 -0.08467532694339751
v -0.014183152467012405 -0.02907273918390274 -0.08467532694339751
v -0.01077054813504219 -0.028708800673484802 -0.08238473534584044
v -0.014148835092782974 -0.027469299733638763 -0.08256918936967848
v -0.014183152467012405 -0.02907273918390274 -0.08467532694339751
v -0.014148835092782974 -0.027469299733638763 -0.08256918936967848
v -0.017401140183210373 -0.027460508048534393 -0.0848395451903343
v -0.017401140183210373 -0.027460508048534393 -0.0848395451903343
v -0.014148835092782974 -0.027469299733638763 -0.08256918936967848
v -0.017350662499666214 -0.02587367594242096 -0.08273895084857939
v -0.017401140183210373 -0.027460508048534393 -0.0848395451903343
v -0.017350662499666214 -0.02587367594242096 -0.08273895084857939
v -0.020412880927324295 -0.025517016649246216 -0.08498521894216536
v -0.020412880927324295 -0.025517016649246216 -0.08498521894216536
v -0.017350662499666214 -0.02587367594242096 -0.08273895084857939
v -0.020341720432043076 -0.02394283562898636 -0.0828852131962776
v -0.020412880927324295 -0.025517016649246216 -0.08498521894216536
v -0.020341720432043076 -0.02394283562898636 -0.0828852131962776
v -0.02318825200200081 -0.02326679229736328 -0.0851074233651161
v -0.02318825200200081 -0.02326679229736328 -0.0851074233651161
v -0.020341720432043076 -0.02394283562898636 -0.0828852131962776
v -0.02309182658791542 -0.021701350808143616 -0.08300223946571349
v -0.02318825200200081 -0.02326679229736328 -0.0851074233651161
v -0.02309182658791542 -0.021701350808143616 -0.08300223946571349
v -0.02570030465722084 -0.020736701786518097 -0.08520320802927016
v -0.02570030465722084 -0.020736701786518097 -0.08520320802927016
v -0.02309182658791542 -0.021701350808143616 -0.08300223946571349
v -0.025574136525392532 -0.01917637139558792 -0.08308668434619902
v -0.02570030465722084 -0.020736701786518097 -0.08520320802927016
v -0.025574136525392532 -0.01917637139558792 -0.08308668434619902
v -0.027925003319978714 -0.01795533299446106 -0.08527125418186186
v -0.027925003319978714 -0.01795533299446106 -0.08527125418186186
v -0.025574136525392532 -0.01917637139558792 -0.08308668434619902
v -0.027764860540628433 -0.01639687269926071 -0.08313715457916258
v -0.027925003319978714 -0.01795533299446106 -0.08527125418186186
v -0.027764860540628433 -0.01639687269926071 -0.08313715457916258
v -0.029842127114534378 -0.014953792095184326 -0.0853116139769554
v -0.029842127114534378 -0.014953792095184326 -0.0853116139769554
v -0.027764860540628433 -0.01639687269926071 -0.08313715457916258
v -0.029644619673490524 -0.013394564390182495 -0.08315394073724745
v -0.029842127114534378 -0.014953792095184326 -0.0853116139769554
v -0.029644619673490524 -0.013394564390182495 -0.08315394073724745
v -0.03143419697880745 -0.011766843497753143 -0.08532456308603285
v -0.03143419697880745 -0.011766843497753143 -0.08532456308603285
v -0.029644619673490524 -0.013394564390182495 -0.08315394073724745
v -0.03083306923508644 -0.008505597710609436 -0.08095441013574599
v -0.03143419697880745 -0.011766843497753143 -0.08532456308603285
v -0.03083306923508644 -0.008505597710609436 -0.08095441013574599
v -0.032686661928892136 -0.008432373404502869 -0.08531025052070616
v -0.032686661928892136 -0.008432373404502869 -0.08531025052070616
v -0.03083306923508644 -0.008505597710609436 -0.08095441013574599
v -0.03200748935341835 -0.005184367299079895 -0.08086004853248595
v -0.032686661928892136 -0.008432373404502869 -0.08531025052070616
v -0.03200748935341835 -0.005184367299079895 -0.08086004853248595
v -0.03358856216073036 -0.004990838468074799 -0.08526862412691115
v -0.03358856216073036 -0.004990838468074799 -0.08526862412691115
v -0.03200748935341835 -0.005184367299079895 -0.08086004853248595
v -0.03283223882317543 -0.0017568133771419525 -0.08072920143604277
v -0.03358856216073036 -0.004990838468074799 -0.08526862412691115
v -0.03283223882317543 -0.0017568133771419525 -0.08072920143604277
v -0.034133147448301315 -0.0014846287667751312 -0.08519936352968215
v -0.034133147448301315 -0.0014846287667751312 -0.08519936352968215
v -0.03283223882317543 -0.0017568133771419525 -0.08072920143604277
v -0.033301930874586105 0.001731686294078827 -0.08056256920099257
v -0.034133147448301315 -0.0014846287667751312 -0.08519936352968215
v -0.033301930874586105 0.001731686294078827 -0.08056256920099257
v -0.03431860730051994 0.002042558044195175 -0.08510176837444304
v -0.03431860730051994 0.002042558044195175 -0.08510176837444304
v -0.033301930874586105 0.001731686294078827 -0.08056256920099257
v -0.03341614827513695 0.005234193056821823 -0.08036042749881743
v -0.03431860730051994 0.002042558044195175 -0.08510176837444304
v -0.03341614827513695 0.005234193056821823 -0.08036042749881743
v -0.034148696810007095 0.0055463314056396484 -0.08497472852468489
v -0.034148696810007095 0.0055463314056396484 -0.08497472852468489
v -0.03341614827513695 0.005234193056821823 -0.08036042749881743
v -0.03318018838763237 0.008702922612428665 -0.08012256026268004
v -0.034148696810007095 0.0055463314056396484 -0.08497472852468489
v -0.03318018838763237 0.008702922612428665 -0.08012256026268004
v -0.033633265644311905 0.008982472121715546 -0.08481683582067488
v -0.033633265644311905 0.008982472121715546 -0.08481683582067488
v -0.03318018838763237 0.008702922612428665 -0.08012256026268004
v -0.032605838030576706 0.012090452015399933 -0.07984851300716399
v -0.033633265644311905 0.008982472121715546 -0.08481683582067488
v -0.032605838030576706 0.012090452015399933 -0.07984851300716399
v -0.03278813883662224 0.012309622019529343 -0.08462800830602644
v -0.03278813883662224 0.012309622019529343 -0.08462800830602644
v -0.032605838030576706 0.012090452015399933 -0.07984851300716399
v -0.0317116416990757 0.015353444963693619 -0.07953991740942
v -0.03278813883662224 0.012309622019529343 -0.08462800830602644
v -0.0317116416990757 0.015353444963693619 -0.07953991740942
v -0.03163456544280052 0.015491466969251633 -0.08441016077995299
v -0.03163456544280052 0.015491466969251633 -0.08441016077995299
v -0.0317116416990757 0.015353444963693619 -0.07953991740942
v -0.030521947890520096 0.018454648554325104 -0.07920074462890624
v -0.03163456544280052 0.015491466969251633 -0.08441016077995299
v -0.030521947890520096 0.018454648554325104 -0.07920074462890624
v -0.030197862535715103 0.01849701628088951 -0.08416687697172164
v -0.030197862535715103 0.01849701628088951 -0.08416687697172164
v -0.030521947890520096 0.018454648554325104 -0.07920074462890624
v -0.02906513586640358 0.0213630311191082 -0.07883672416210173
v -0.030197862535715103 0.01849701628088951 -0.08416687697172164
v -0.02906513586640358 0.0213630311191082 -0.07883672416210173
v -0.028505954891443253 0.02130071446299553 -0.08390311151742934
v -0.028505954891443253 0.02130071446299553 -0.08390311151742934
v -0.02906513586640358 0.0213630311191082 -0.07883672416210173
v -0.027371879667043686 0.024053893983364105 -0.07845495641231535
v -0.028505954891443253 0.02130071446299553 -0.08390311151742934
v -0.027371879667043686 0.024053893983364105 -0.07845495641231535
v -0.026587802916765213 0.023882530629634857 -0.08362489193677901
v -0.026587802916765213 0.023882530629634857 -0.08362489193677901
v -0.027371879667043686 0.024053893983364105 -0.07845495641231535
v -0.025473367422819138 0.026509005576372147 -0.07806351780891417
v -0.026587802916765213 0.023882530629634857 -0.08362489193677901
v -0.025473367422819138 0.026509005576372147 -0.07806351780891417
v -0.024471890181303024 0.02622806280851364 -0.08333900570869444
v -0.024471890181303024 0.02622806280851364 -0.08333900570869444
v -0.025473367422819138 0.026509005576372147 -0.07806351780891417
v -0.02339954301714897 0.028716720640659332 -0.07767104357481001
v -0.024471890181303024 0.02622806280851364 -0.08333900570869444
v -0.02339954301714897 0.028716720640659332 -0.07767104357481001
v -0.02218475565314293 0.02832866832613945 -0.08305270969867705
v -0.02218475565314293 0.02832866832613945 -0.08305270969867705
v -0.02339954301714897 0.028716720640659332 -0.07767104357481001
v -0.021177303045988083 0.0306720994412899 -0.07728637754917143
v -0.02218475565314293 0.02832866832613945 -0.08305270969867705
v -0.021177303045988083 0.0306720994412899 -0.07728637754917143
v -0.019749876111745834 0.030181586742401123 -0.0827733427286148
v -0.019749876111745834 0.030181586742401123 -0.0827733427286148
v -0.021177303045988083 0.0306720994412899 -0.07728637754917143
v -0.018829088658094406 0.03237723931670189 -0.07691816240549086
v -0.019749876111745834 0.030181586742401123 -0.0827733427286148
v -0.018829088658094406 0.03237723931670189 -0.07691816240549086
v -0.01718750223517418 0.03178799897432327 -0.08250758796930312
v -0.01718750223517418 0.03178799897432327 -0.08250758796930312
v -0.018829088658094406 0.03237723931670189 -0.07691816240549086
v -0.016372639685869217 0.03383958712220192 -0.07657443732023238
v -0.01718750223517418 0.03178799897432327 -0.08250758796930312
v -0.016372639685869217 0.03383958712220192 -0.07657443732023238
v -0.014514211565256119 0.033149488270282745 -0.08226075768470763
v -0.014514211565256119 0.033149488270282745 -0.08226075768470763
v -0.016372639685869217 0.03383958712220192 -0.07657443732023238
v -0.013820905238389969 0.03506701812148094 -0.07626142352819441
v -0.014514211565256119 0.033149488270282745 -0.08226075768470763
v -0.013820905238389969 0.03506701812148094 -0.07626142352819441
v -0.011744234710931778 0.034267500042915344 -0.0820362865924835
v -0.011744234710931778 0.034267500042915344 -0.0820362865924835
v -0.013820905238389969 0.03506701812148094 -0.07626142352819441
v -0.01118384674191475 0.03606698289513588 -0.07598279416561125
v -0.011744234710931778 0.034267500042915344 -0.0820362865924835
v -0.01118384674191475 0.03606698289513588 -0.07598279416561125
v -0.008891265839338303 0.035143278539180756 -0.08183523267507552
v -0.008891265839338303 0.035143278539180756 -0.08183523267507552
v -0.01118384674191475 0.03606698289513588 -0.07598279416561125
v -0.008470635861158371 0.03684645891189575 -0.0757390409708023
v -0.008891265839338303 0.035143278539180756 -0.08183523267507552
v -0.008470635861158371 0.03684645891189575 -0.0757390409708023
v -0.005970221012830734 0.03577781096100807 -0.08165577799081801
v -0.005970221012830734 0.03577781096100807 -0.08165577799081801
v -0.008470635861158371 0.03684645891189575 -0.0757390409708023
v -0.005691830068826675 0.0374118909239769 -0.0755268484354019
v -0.005970221012830734 0.03577781096100807 -0.08165577799081801
v -0.005691830068826675 0.0374118909239769 -0.0755268484354019
v -0.002998944139108062 0.03617167845368385 -0.08149275928735732
v -0.005507860332727432 0.03958980366587639 -0.06943613290786742
v -0.010576758533716202 0.04114728420972824 -0.06383893638849257
v -0.005410749465227127 0.04222991690039635 -0.06338247656822203
v -0.005410749465227127 0.04222991690039635 -0.06338247656822203
v -0.010576758533716202 0.04114728420972824 -0.06383893638849257
v -0.007994096726179123 0.0448407307267189 -0.057531319558620446
v -0.005410749465227127 0.04222991690039635 -0.06338247656822203
v -0.007994096726179123 0.0448407307267189 -0.057531319558620446
v -0.00538996234536171 0.04522968456149101 -0.05735597386956214
v -0.00538996234536171 0.04522968456149101 -0.05735597386956214
v -0.007994096726179123 0.0448407307267189 -0.057531319558620446
v -0.004394542425870895 0.05188541114330292 -0.04529732093214988
v -0.00538996234536171 0.04522968456149101 -0.05735597386956214
v -0.004394542425870895 0.05188541114330292 -0.04529732093214988
v -0.0023109724279493093 0.05193624645471573 -0.04528097435832023
v -1.1019478662888105e-08 -0.018612653017044067 -0.07307168841361998
v -1.8470059259811933e-08 -0.008070290088653564 -0.06696753948926924
v -0.0033399721141904593 -0.01790156215429306 -0.07275764644145964
v -0.0033399721141904593 -0.01790156215429306 -0.07275764644145964
v -1.8470059259811933e-08 -0.008070290088653564 -0.06696753948926924
v -0.003146115457639098 -0.01210051029920578 -0.06938876956701277
v -0.0033399721141904593 -0.01790156215429306 -0.07275764644145964
v -0.003146115457639098 -0.01210051029920578 -0.06938876956701277
v -0.00664910301566124 -0.01760389655828476 -0.07289635390043257
v -0.00664910301566124 -0.01760389655828476 -0.07289635390043257
v -0.003146115457639098 -0.01210051029920578 -0.06938876956701277
v -0.006264541298151016 -0.011882245540618896 -0.06949016451835631
v -0.00664910301566124 -0.01760389655828476 -0.07289635390043257
v -0.006264541298151016 -0.011882245540618896 -0.06949016451835631
v -0.009875040501356125 -0.01697661727666855 -0.07302826642990111
v -0.009875040501356125 -0.01697661727666855 -0.07302826642990111
v -0.006264541298151016 -0.011882245540618896 -0.06949016451835631
v -0.009307805448770523 -0.011379703879356384 -0.06956847757101058
v -0.009875040501356125 -0.01697661727666855 -0.07302826642990111
v -0.009307805448770523 -0.011379703879356384 -0.06956847757101058
v -0.012973267585039139 -0.01601140946149826 -0.07313144952058791
v -0.012973267585039139 -0.01601140946149826 -0.07313144952058791
v -0.009307805448770523 -0.011379703879356384 -0.06956847757101058
v -0.01223519816994667 -0.010572105646133423 -0.06960222125053404
v -0.012973267585039139 -0.01601140946149826 -0.07313144952058791
v -0.01223519816994667 -0.010572105646133423 -0.06960222125053404
v -0.015905875712633133 -0.01470927894115448 -0.07318992167711257
v -0.015905875712633133 -0.01470927894115448 -0.07318992167711257
v -0.01223519816994667 -0.010572105646133423 -0.06960222125053404
v -0.01501181349158287 -0.009449608623981476 -0.0695759132504463
v -0.015905875712633133 -0.01470927894115448 -0.07318992167711257
v -0.01501181349158287 -0.009449608623981476 -0.0695759132504463
v -0.01864040270447731 -0.013079114258289337 -0.07319285720586775
v -0.01864040270447731 -0.013079114258289337 -0.07319285720586775
v -0.01501181349158287 -0.009449608623981476 -0.0695759132504463
v -0.01760747656226158 -0.008011825382709503 -0.06947933882474898
v -0.01864040270447731 -0.013079114258289337 -0.07319285720586775
v -0.01760747656226158 -0.008011825382709503 -0.06947933882474898
v -0.0211486779153347 -0.011136278510093689 -0.07313381135463713
v -0.0211486779153347 -0.011136278510093689 -0.07313381135463713
v -0.01760747656226158 -0.008011825382709503 -0.06947933882474898
v -0.019995804876089096 -0.00626644492149353 -0.06930682063102721
v -0.0211486779153347 -0.011136278510093689 -0.07313381135463713
v -0.019995804876089096 -0.00626644492149353 -0.06930682063102721
v -0.02340563014149666 -0.008901126682758331 -0.07300992310047148
v -0.02340563014149666 -0.008901126682758331 -0.07300992310047148
v -0.019995804876089096 -0.00626644492149353 -0.06930682063102721
v -0.02215314283967018 -0.004227794706821442 -0.06905642896890639
v -0.02340563014149666 -0.008901126682758331 -0.07300992310047148
v -0.02215314283967018 -0.004227794706821442 -0.06905642896890639
v -0.025389540940523148 -0.006397858262062073 -0.07282132655382155
v -0.025389540940523148 -0.006397858262062073 -0.07282132655382155
v -0.02215314283967018 -0.004227794706821442 -0.06905642896890639
v -0.024059001356363297 -0.0019156001508235931 -0.068729430437088
v -0.025389540940523148 -0.006397858262062073 -0.07282132655382155
v -0.024059001356363297 -0.0019156001508235931 -0.068729430437088
v -0.027085531502962112 -0.0036553964018821716 -0.07257074862718581
v -0.027085531502962112 -0.0036553964018821716 -0.07257074862718581
v -0.024059001356363297 -0.0019156001508235931 -0.068729430437088
v -0.02569955214858055 0.0006445460021495819 -0.06832983344793318
v -0.027085531502962112 -0.0036553964018821716 -0.07257074862718581
v -0.02569955214858055 0.0006445460021495819 -0.06832983344793318
v -0.028481375426054 -0.0007083229720592499 -0.07226199656724928
v -0.028481375426054 -0.0007083229720592499 -0.07226199656724928
v -0.02569955214858055 0.0006445460021495819 -0.06832983344793318
v -0.027063492685556412 0.0034207329154014587 -0.06786318868398665
v -0.028481375426054 -0.0007083229720592499 -0.07226199656724928
v -0.027063492685556412 0.0034207329154014587 -0.06786318868398665
v -0.02956678345799446 0.0024038702249526978 -0.07189949601888655
v -0.02956678345799446 0.0024038702249526978 -0.07189949601888655
v -0.027063492685556412 0.0034207329154014587 -0.06786318868398665
v -0.02814118191599846 0.006375588476657867 -0.0673360303044319
v -0.02956678345799446 0.0024038702249526978 -0.07189949601888655
v -0.02814118191599846 0.006375588476657867 -0.0673360303044319
v -0.030334029346704483 0.005637664347887039 -0.07148798555135726
v -0.030334029346704483 0.005637664347887039 -0.07148798555135726
v -0.02814118191599846 0.006375588476657867 -0.0673360303044319
v -0.02892511710524559 0.009467191994190216 -0.06675560772418974
v -0.030334029346704483 0.005637664347887039 -0.07148798555135726
v -0.02892511710524559 0.009467191994190216 -0.06675560772418974
v -0.03077865019440651 0.008946418762207031 -0.07103231549262999
v -0.03077865019440651 0.008946418762207031 -0.07103231549262999
v -0.02892511710524559 0.009467191994190216 -0.06675560772418974
v -0.029410470277071 0.012650061398744583 -0.06612958014011382
v -0.03077865019440651 0.008946418762207031 -0.07103231549262999
v -0.029410470277071 0.012650061398744583 -0.06612958014011382
v -0.03090013936161995 0.01228124275803566 -0.07053713500499724
v -0.03090013936161995 0.01228124275803566 -0.07053713500499724
v -0.029410470277071 0.012650061398744583 -0.06612958014011382
v -0.029595594853162766 0.015876073390245438 -0.06546568125486373
v -0.03090013936161995 0.01228124275803566 -0.07053713500499724
v -0.029595594853162766 0.015876073390245438 -0.06546568125486373
v -0.030702639371156693 0.015591885894536972 -0.07000669091939925
v -0.030702639371156693 0.015591885894536972 -0.07000669091939925
v -0.029595594853162766 0.015876073390245438 -0.06546568125486373
v -0.029482584446668625 0.019095420837402344 -0.06477143615484236
v -0.030702639371156693 0.015591885894536972 -0.07000669091939925
v -0.029482584446668625 0.019095420837402344 -0.06477143615484236
v -0.03019588068127632 0.018828459084033966 -0.06944527477025984
v -0.03019588068127632 0.018828459084033966 -0.06944527477025984
v -0.029482584446668625 0.019095420837402344 -0.06477143615484236
v -0.029078077524900436 0.022258389741182327 -0.06405460834503172
v -0.03019588068127632 0.018828459084033966 -0.06944527477025984
v -0.029078077524900436 0.022258389741182327 -0.06405460834503172
v -0.029396455734968185 0.021946236491203308 -0.068860225379467
v -0.029396455734968185 0.021946236491203308 -0.068860225379467
v -0.029078077524900436 0.022258389741182327 -0.06405460834503172
v -0.028394747525453568 0.025319859385490417 -0.06332572549581526
v -0.029396455734968185 0.021946236491203308 -0.068860225379467
v -0.028394747525453568 0.025319859385490417 -0.06332572549581526
v -0.02832617238163948 0.024906329810619354 -0.0682607591152191
v -0.02832617238163948 0.024906329810619354 -0.0682607591152191
v -0.028394747525453568 0.025319859385490417 -0.06332572549581526
v -0.027449678629636765 0.028239436447620392 -0.06259664148092269
v -0.02832617238163948 0.024906329810619354 -0.0682607591152191
v -0.027449678629636765 0.028239436447620392 -0.06259664148092269
v -0.027010265737771988 0.02767561376094818 -0.06765703856945036
v -0.027010265737771988 0.02767561376094818 -0.06765703856945036
v -0.027449678629636765 0.028239436447620392 -0.06259664148092269
v -0.02626286819577217 0.03098149038851261 -0.06187943741679191
v -0.027010265737771988 0.02767561376094818 -0.06765703856945036
v -0.02626286819577217 0.03098149038851261 -0.06187943741679191
v -0.025475796312093735 0.03022705763578415 -0.0670596659183502
v -0.025475796312093735 0.03022705763578415 -0.0670596659183502
v -0.02626286819577217 0.03098149038851261 -0.06187943741679191
v -0.024856071919202805 0.03351568058133125 -0.061185996979475014
v -0.025475796312093735 0.03022705763578415 -0.0670596659183502
v -0.024856071919202805 0.03351568058133125 -0.061185996979475014
v -0.023750077933073044 0.03254007175564766 -0.06647919863462447
v -0.023750077933073044 0.03254007175564766 -0.06647919863462447
v -0.024856071919202805 0.03351568058133125 -0.061185996979475014
v -0.023251604288816452 0.03581753000617027 -0.060527518391609185
v -0.023750077933073044 0.03254007175564766 -0.06647919863462447
v -0.023251604288816452 0.03581753000617027 -0.060527518391609185
v -0.02185909077525139 0.03460086137056351 -0.0659256726503372
v -0.02185909077525139 0.03460086137056351 -0.0659256726503372
v -0.023251604288816452 0.03581753000617027 -0.060527518391609185
v -0.02147112414240837 0.03786897286772728 -0.05991405248641967
v -0.02185909077525139 0.03460086137056351 -0.0659256726503372
v -0.02147112414240837 0.03786897286772728 -0.05991405248641967
v -0.01982591673731804 0.03640275448560715 -0.06540815532207488
v -0.01982591673731804 0.03640275448560715 -0.06540815532207488
v -0.02147112414240837 0.03786897286772728 -0.05991405248641967
v -0.019534509629011154 0.03965890407562256 -0.05935403704643249
v -0.01982591673731804 0.03640275448560715 -0.06540815532207488
v -0.019534509629011154 0.03965890407562256 -0.05935403704643249
v -0.017669271677732468 0.03794730827212334 -0.06493461132049559
v -0.017669271677732468 0.03794730827212334 -0.06493461132049559
v -0.019534509629011154 0.03965890407562256 -0.05935403704643249
v -0.017458591610193253 0.04118454456329346 -0.05885425209999084
v -0.017669271677732468 0.03794730827212334 -0.06493461132049559
v -0.017458591610193253 0.04118454456329346 -0.05885425209999084
v -0.015402857214212418 0.03924442455172539 -0.0645124390721321
v -0.015402857214212418 0.03924442455172539 -0.0645124390721321
v -0.017458591610193253 0.04118454456329346 -0.05885425209999084
v -0.015256453305482864 0.04245251044631004 -0.05842065066099166
v -0.015402857214212418 0.03924442455172539 -0.0645124390721321
v -0.015256453305482864 0.04245251044631004 -0.05842065066099166
v -0.013036217540502548 0.040306467562913895 -0.06414668262004851
v -0.013036217540502548 0.040306467562913895 -0.06414668262004851
v -0.015256453305482864 0.04245251044631004 -0.05842065066099166
v -0.01293855533003807 0.043473877012729645 -0.05805657058954238
v -0.013036217540502548 0.040306467562913895 -0.06414668262004851
v -0.01293855533003807 0.043473877012729645 -0.05805657058954238
v -0.010576758533716202 0.04114728420972824 -0.06383893638849257
v -0.010576758533716202 0.04114728420972824 -0.06383893638849257
v -0.01293855533003807 0.043473877012729645 -0.05805657058954238
v -0.01051439717411995 0.044263530522584915 -0.05776166915893554
v -0.010576758533716202 0.04114728420972824 -0.06383893638849257
v -0.01051439717411995 0.044263530522584915 -0.05776166915893554
v -0.007994096726179123 0.0448407307267189 -0.057531319558620446
v -1.8470059259811933e-08 -0.008070290088653564 -0.06696753948926924
v -1.8470059259811933e-08 -0.006335332989692688 -0.06591024249792098
v -0.003146115457639098 -0.01210051029920578 -0.06938876956701277
v -0.003146115457639098 -0.01210051029920578 -0.06938876956701277
v -1.8470059259811933e-08 -0.006335332989692688 -0.06591024249792098
v -0.0029510667081922293 -0.006358429789543152 -0.06596983969211577
v -0.003146115457639098 -0.01210051029920578 -0.06938876956701277
v -0.0029510667081922293 -0.006358429789543152 -0.06596983969211577
v -0.006264541298151016 -0.011882245540618896 -0.06949016451835631
v -0.006264541298151016 -0.011882245540618896 -0.06949016451835631
v -0.0029510667081922293 -0.006358429789543152 -0.06596983969211577
v -0.005874771624803543 -0.006206683814525604 -0.06601672619581221
v -0.006264541298151016 -0.011882245540618896 -0.06949016451835631
v -0.005874771624803543 -0.006206683814525604 -0.06601672619581221
v -0.009307805448770523 -0.011379703879356384 -0.06956847757101058
v -0.009307805448770523 -0.011379703879356384 -0.06956847757101058
v -0.005874771624803543 -0.006206683814525604 -0.06601672619581221
v -0.008731242269277573 -0.005829028785228729 -0.06602454185485838
v -0.009307805448770523 -0.011379703879356384 -0.06956847757101058
v -0.008731242269277573 -0.005829028785228729 -0.06602454185485838
v -0.01223519816994667 -0.010572105646133423 -0.06960222125053404
v -0.01223519816994667 -0.010572105646133423 -0.06960222125053404
v -0.008731242269277573 -0.005829028785228729 -0.06602454185485838
v -0.01148548349738121 -0.005188807845115662 -0.06597327440977095
v -0.01223519816994667 -0.010572105646133423 -0.06960222125053404
v -0.01148548349738121 -0.005188807845115662 -0.06597327440977095
v -0.01501181349158287 -0.009449608623981476 -0.0695759132504463
v -0.01501181349158287 -0.009449608623981476 -0.0695759132504463
v -0.01148548349738121 -0.005188807845115662 -0.06597327440977095
v -0.014106761664152145 -0.0042621418833732605 -0.06584855169057845
v -0.01501181349158287 -0.009449608623981476 -0.0695759132504463
v -0.014106761664152145 -0.0042621418833732605 -0.06584855169057845
v -0.01760747656226158 -0.008011825382709503 -0.06947933882474898
v -0.01760747656226158 -0.008011825382709503 -0.06947933882474898
v -0.014106761664152145 -0.0042621418833732605 -0.06584855169057845
v -0.016567964106798172 -0.003036603331565857 -0.06564103811979292
v -0.01760747656226158 -0.008011825382709503 -0.06947933882474898
v -0.016567964106798172 -0.003036603331565857 -0.06564103811979292
v -0.019995804876089096 -0.00626644492149353 -0.06930682063102721
v -0.019995804876089096 -0.00626644492149353 -0.06930682063102721
v -0.016567964106798172 -0.003036603331565857 -0.06564103811979292
v -0.01884496584534645 -0.0015098899602890015 -0.06534577906131743
v -0.019995804876089096 -0.00626644492149353 -0.06930682063102721
v -0.01884496584534645 -0.0015098899602890015 -0.06534577906131743
v -0.02215314283967018 -0.004227794706821442 -0.06905642896890639
v -0.02215314283967018 -0.004227794706821442 -0.06905642896890639
v -0.01884496584534645 -0.0015098899602890015 -0.06534577906131743
v -0.020916003733873367 0.00031153109739534557 -0.06496164202690123
v -0.02215314283967018 -0.004227794706821442 -0.06905642896890639
v -0.020916003733873367 0.00031153109739534557 -0.06496164202690123
v -0.024059001356363297 -0.0019156001508235931 -0.068729430437088
v -0.024059001356363297 -0.0019156001508235931 -0.068729430437088
v -0.020916003733873367 0.00031153109739534557 -0.06496164202690123
v -0.022762048989534378 0.002413637936115265 -0.06449075788259505
v -0.024059001356363297 -0.0019156001508235931 -0.068729430437088
v -0.022762048989534378 0.002413637936115265 -0.06449075788259505
v -0.02569955214858055 0.0006445460021495819 -0.06832983344793318
v -0.02569955214858055 0.0006445460021495819 -0.06832983344793318
v -0.022762048989534378 0.002413637936115265 -0.06449075788259505
v -0.02436928078532219 0.004775095731019974 -0.06393814086914061
v -0.02569955214858055 0.0006445460021495819 -0.06832983344793318
v -0.02436928078532219 0.004775095731019974 -0.06393814086914061
v -0.027063492685556412 0.0034207329154014587 -0.06786318868398665
v -0.027063492685556412 0.0034207329154014587 -0.06786318868398665
v -0.02436928078532219 0.004775095731019974 -0.06393814086914061
v -0.025726187974214554 0.007367495447397232 -0.06331081688404082
v -0.027063492685556412 0.0034207329154014587 -0.06786318868398665
v -0.025726187974214554 0.007367495447397232 -0.06331081688404082
v -0.02814118191599846 0.006375588476657867 -0.0673360303044319
v -0.02814118191599846 0.006375588476657867 -0.0673360303044319
v -0.025726187974214554 0.007367495447397232 -0.06331081688404082
v -0.026822905987501144 0.01015632227063179 -0.06261731684207915
v -0.02814118191599846 0.006375588476657867 -0.0673360303044319
v -0.026822905987501144 0.01015632227063179 -0.06261731684207915
v -0.02892511710524559 0.009467191994190216 -0.06675560772418974
v -0.02892511710524559 0.009467191994190216 -0.06675560772418974
v -0.026822905987501144 0.01015632227063179 -0.06261731684207915
v -0.027651499956846237 0.013101991266012192 -0.06186738982796668
v -0.02892511710524559 0.009467191994190216 -0.06675560772418974
v -0.027651499956846237 0.013101991266012192 -0.06186738982796668
v -0.029410470277071 0.012650061398744583 -0.06612958014011382
v -0.029410470277071 0.012650061398744583 -0.06612958014011382
v -0.027651499956846237 0.013101991266012192 -0.06186738982796668
v -0.028206225484609604 0.016160860657691956 -0.061071630567312234
v -0.029410470277071 0.012650061398744583 -0.06612958014011382
v -0.028206225484609604 0.016160860657691956 -0.061071630567312234
v -0.029595594853162766 0.015876073390245438 -0.06546568125486373
v -0.029595594853162766 0.015876073390245438 -0.06546568125486373
v -0.028206225484609604 0.016160860657691956 -0.061071630567312234
v -0.028483863919973373 0.019286256283521652 -0.06024112924933433
v -0.029595594853162766 0.015876073390245438 -0.06546568125486373
v -0.028483863919973373 0.019286256283521652 -0.06024112924933433
v -0.029482584446668625 0.019095420837402344 -0.06477143615484236
v -0.029482584446668625 0.019095420837402344 -0.06477143615484236
v -0.028483863919973373 0.019286256283521652 -0.06024112924933433
v -0.02848394587635994 0.022429507225751877 -0.059387132525444024
v -0.029482584446668625 0.019095420837402344 -0.06477143615484236
v -0.02848394587635994 0.022429507225751877 -0.059387132525444024
v -0.029078077524900436 0.022258389741182327 -0.06405460834503172
v -0.029078077524900436 0.022258389741182327 -0.06405460834503172
v -0.02848394587635994 0.022429507225751877 -0.059387132525444024
v -0.028209369629621506 0.025541558861732483 -0.05852122232317924
v -0.029078077524900436 0.022258389741182327 -0.06405460834503172
v -0.028209369629621506 0.025541558861732483 -0.05852122232317924
v -0.028394747525453568 0.025319859385490417 -0.06332572549581526
v -0.028394747525453568 0.025319859385490417 -0.06332572549581526
v -0.028209369629621506 0.025541558861732483 -0.05852122232317924
v -0.027667474001646042 0.02857629582285881 -0.05765683576464652
v -0.028394747525453568 0.025319859385490417 -0.06332572549581526
v -0.027667474001646042 0.02857629582285881 -0.05765683576464652
v -0.027449678629636765 0.028239436447620392 -0.06259664148092269
v -0.027449678629636765 0.028239436447620392 -0.06259664148092269
v -0.027667474001646042 0.02857629582285881 -0.05765683576464652
v -0.026868905872106552 0.031490739434957504 -0.05680790171027183
v -0.027449678629636765 0.028239436447620392 -0.06259664148092269
v -0.026868905872106552 0.031490739434957504 -0.05680790171027183
v -0.02626286819577217 0.03098149038851261 -0.06187943741679191
v -0.02626286819577217 0.03098149038851261 -0.06187943741679191
v -0.026868905872106552 0.031490739434957504 -0.05680790171027183
v -0.02582678571343422 0.03424542769789696 -0.05598801001906394
v -0.02626286819577217 0.03098149038851261 -0.06187943741679191
v -0.02582678571343422 0.03424542769789696 -0.05598801001906394
v -0.024856071919202805 0.03351568058133125 -0.061185996979475014
v -0.024856071919202805 0.03351568058133125 -0.061185996979475014
v -0.02582678571343422 0.03424542769789696 -0.05598801001906394
v -0.02455601468682289 0.03680523484945297 -0.05520996451377868
v -0.024856071919202805 0.03351568058133125 -0.061185996979475014
v -0.02455601468682289 0.03680523484945297 -0.05520996451377868
v -0.023251604288816452 0.03581753000617027 -0.060527518391609185
v -0.023251604288816452 0.03581753000617027 -0.060527518391609185
v -0.02455601468682289 0.03680523484945297 -0.05520996451377868
v -0.023072656244039536 0.03914019465446472 -0.054485354572534554
v -0.023251604288816452 0.03581753000617027 -0.060527518391609185
v -0.023072656244039536 0.03914019465446472 -0.054485354572534554
v -0.02147112414240837 0.03786897286772728 -0.05991405248641967
v -0.02147112414240837 0.03786897286772728 -0.05991405248641967
v -0.023072656244039536 0.03914019465446472 -0.054485354572534554
v -0.02139328047633171 0.04122632369399071 -0.053824141621589654
v -0.02147112414240837 0.03786897286772728 -0.05991405248641967
v -0.02139328047633171 0.04122632369399071 -0.053824141621589654
v -0.019534509629011154 0.03965890407562256 -0.05935403704643249
v -0.019534509629011154 0.03965890407562256 -0.05935403704643249
v -0.02139328047633171 0.04122632369399071 -0.053824141621589654
v -0.019534338265657425 0.04304644465446472 -0.05323421210050582
v -0.019534509629011154 0.03965890407562256 -0.05935403704643249
v -0.019534338265657425 0.04304644465446472 -0.05323421210050582
v -0.017458591610193253 0.04118454456329346 -0.05885425209999084
v -0.017458591610193253 0.04118454456329346 -0.05885425209999084
v -0.019534338265657425 0.04304644465446472 -0.05323421210050582
v -0.01751137152314186 0.04459156468510628 -0.0527212843298912
v -0.017458591610193253 0.04118454456329346 -0.05885425209999084
v -0.01751137152314186 0.04459156468510628 -0.0527212843298912
v -0.015256453305482864 0.04245251044631004 -0.05842065066099166
v -0.015256453305482864 0.04245251044631004 -0.05842065066099166
v -0.01751137152314186 0.04459156468510628 -0.0527212843298912
v -0.01533849909901619 0.04586245119571686 -0.052289519459009164
v -0.015256453305482864 0.04245251044631004 -0.05842065066099166
v -0.01533849909901619 0.04586245119571686 -0.052289519459009164
v -0.01293855533003807 0.043473877012729645 -0.05805657058954238
v -0.01293855533003807 0.043473877012729645 -0.05805657058954238
v -0.01533849909901619 0.04586245119571686 -0.052289519459009164
v -0.013029355555772781 0.04686693474650383 -0.0519401729106903
v -0.01293855533003807 0.043473877012729645 -0.05805657058954238
v -0.013029355555772781 0.04686693474650383 -0.0519401729106903
v -0.01051439717411995 0.044263530522584915 -0.05776166915893554
v -0.01051439717411995 0.044263530522584915 -0.05776166915893554
v -0.013029355555772781 0.04686693474650383 -0.0519401729106903
v -0.010598059743642807 0.047619931399822235 -0.05167075246572494
v -0.01051439717411995 0.044263530522584915 -0.05776166915893554
v -0.010598059743642807 0.047619931399822235 -0.05167075246572494
v -0.007994096726179123 0.0448407307267189 -0.057531319558620446
v -0.007994096726179123 0.0448407307267189 -0.057531319558620446
v -0.010598059743642807 0.047619931399822235 -0.05167075246572494
v -0.008860666304826736 0.05147330462932587 -0.045429840683937066
v -0.007994096726179123 0.0448407307267189 -0.057531319558620446
v -0.008860666304826736 0.05147330462932587 -0.045429840683937066
v -0.004394542425870895 0.05188541114330292 -0.04529732093214988
v -1.8470059259811933e-08 -0.023382775485515594 -0.0761151537299156
v -1.1019478662888105e-08 -0.018612653017044067 -0.07307168841361998
v -0.0035062020178884268 -0.023357272148132324 -0.0762440338730812
v -0.0035062020178884268 -0.023357272148132324 -0.0762440338730812
v -1.1019478662888105e-08 -0.018612653017044067 -0.07307168841361998
v -0.0033399721141904593 -0.01790156215429306 -0.07275764644145964
v -0.0035062020178884268 -0.023357272148132324 -0.0762440338730812
v -0.0033399721141904593 -0.01790156215429306 -0.07275764644145964
v -0.006977144628763199 -0.022977672517299652 -0.07640738040208815
v -0.006977144628763199 -0.022977672517299652 -0.07640738040208815
v -0.0033399721141904593 -0.01790156215429306 -0.07275764644145964
v -0.00664910301566124 -0.01760389655828476 -0.07289635390043257
v -0.006977144628763199 -0.022977672517299652 -0.07640738040208815
v -0.00664910301566124 -0.01760389655828476 -0.07289635390043257
v -0.010358523577451706 -0.0222361758351326 -0.07657736539840697
v -0.010358523577451706 -0.0222361758351326 -0.07657736539840697
v -0.00664910301566124 -0.01760389655828476 -0.07289635390043257
v -0.009875040501356125 -0.01697661727666855 -0.07302826642990111
v -0.010358523577451706 -0.0222361758351326 -0.07657736539840697
v -0.009875040501356125 -0.01697661727666855 -0.07302826642990111
v -0.013603989034891129 -0.021134182810783386 -0.07673264294862746
v -0.013603989034891129 -0.021134182810783386 -0.07673264294862746
v -0.009875040501356125 -0.01697661727666855 -0.07302826642990111
v -0.012973267585039139 -0.01601140946149826 -0.07313144952058791
v -0.013603989034891129 -0.021134182810783386 -0.07673264294862746
v -0.012973267585039139 -0.01601140946149826 -0.07313144952058791
v -0.01667400822043419 -0.01968085765838623 -0.0768575146794319
v -0.01667400822043419 -0.01968085765838623 -0.0768575146794319
v -0.012973267585039139 -0.01601140946149826 -0.07313144952058791
v -0.015905875712633133 -0.01470927894115448 -0.07318992167711257
v -0.01667400822043419 -0.01968085765838623 -0.0768575146794319
v -0.015905875712633133 -0.01470927894115448 -0.07318992167711257
v -0.01953468844294548 -0.017891772091388702 -0.07694113999605177
v -0.01953468844294548 -0.017891772091388702 -0.07694113999605177
v -0.015905875712633133 -0.01470927894115448 -0.07318992167711257
v -0.01864040270447731 -0.013079114258289337 -0.07319285720586775
v -0.01953468844294548 -0.017891772091388702 -0.07694113999605177
v -0.01864040270447731 -0.013079114258289337 -0.07319285720586775
v -0.02215662971138954 -0.015787668526172638 -0.07697672396898268
v -0.02215662971138954 -0.015787668526172638 -0.07697672396898268
v -0.01864040270447731 -0.013079114258289337 -0.07319285720586775
v -0.0211486779153347 -0.011136278510093689 -0.07313381135463713
v -0.02215662971138954 -0.015787668526172638 -0.07697672396898268
v -0.0211486779153347 -0.011136278510093689 -0.07313381135463713
v -0.024513747543096542 -0.013393141329288483 -0.07696075737476347
v -0.024513747543096542 -0.013393141329288483 -0.07696075737476347
v -0.0211486779153347 -0.011136278510093689 -0.07313381135463713
v -0.02340563014149666 -0.008901126682758331 -0.07300992310047148
v -0.024513747543096542 -0.013393141329288483 -0.07696075737476347
v -0.02340563014149666 -0.008901126682758331 -0.07300992310047148
v -0.02658335492014885 -0.01073550432920456 -0.07689242064952849
v -0.02658335492014885 -0.01073550432920456 -0.07689242064952849
v -0.02340563014149666 -0.008901126682758331 -0.07300992310047148
v -0.025389540940523148 -0.006397858262062073 -0.07282132655382155
v -0.02658335492014885 -0.01073550432920456 -0.07689242064952849
v -0.025389540940523148 -0.006397858262062073 -0.07282132655382155
v -0.028348881751298904 -0.007845863699913025 -0.0767732188105583
v -0.028348881751298904 -0.007845863699913025 -0.0767732188105583
v -0.025389540940523148 -0.006397858262062073 -0.07282132655382155
v -0.027085531502962112 -0.0036553964018821716 -0.07257074862718581
v -0.028348881751298904 -0.007845863699913025 -0.0767732188105583
v -0.027085531502962112 -0.0036553964018821716 -0.07257074862718581
v -0.02979651466012001 -0.004760332405567169 -0.07660540193319319
v -0.02979651466012001 -0.004760332405567169 -0.07660540193319319
v -0.027085531502962112 -0.0036553964018821716 -0.07257074862718581
v -0.028481375426054 -0.0007083229720592499 -0.07226199656724928
v -0.02979651466012001 -0.004760332405567169 -0.07660540193319319
v -0.028481375426054 -0.0007083229720592499 -0.07226199656724928
v -0.03091472014784813 -0.0015194080770015717 -0.07639148831367491
v -0.03091472014784813 -0.0015194080770015717 -0.07639148831367491
v -0.028481375426054 -0.0007083229720592499 -0.07226199656724928
v -0.02956678345799446 0.0024038702249526978 -0.07189949601888655
v -0.03091472014784813 -0.0015194080770015717 -0.07639148831367491
v -0.02956678345799446 0.0024038702249526978 -0.07189949601888655
v -0.03169501945376396 0.0018328949809074402 -0.0761340409517288
v -0.03169501945376396 0.0018328949809074402 -0.0761340409517288
v -0.02956678345799446 0.0024038702249526978 -0.07189949601888655
v -0.030334029346704483 0.005637664347887039 -0.07148798555135726
v -0.03169501945376396 0.0018328949809074402 -0.0761340409517288
v -0.030334029346704483 0.005637664347887039 -0.07148798555135726
v -0.03213278576731682 0.005249861627817154 -0.07583550363779067
v -0.03213278576731682 0.005249861627817154 -0.07583550363779067
v -0.030334029346704483 0.005637664347887039 -0.07148798555135726
v -0.03077865019440651 0.008946418762207031 -0.07103231549262999
v -0.03213278576731682 0.005249861627817154 -0.07583550363779067
v -0.03077865019440651 0.008946418762207031 -0.07103231549262999
v -0.03222798928618431 0.008682876825332642 -0.07549800723791121
v -0.03222798928618431 0.008682876825332642 -0.07549800723791121
v -0.03077865019440651 0.008946418762207031 -0.07103231549262999
v -0.03090013936161995 0.01228124275803566 -0.07053713500499724
v -0.03222798928618431 0.008682876825332642 -0.07549800723791121
v -0.03090013936161995 0.01228124275803566 -0.07053713500499724
v -0.031985942274332047 0.012082278728485107 -0.07512312382459639
v -0.031985942274332047 0.012082278728485107 -0.07512312382459639
v -0.03090013936161995 0.01228124275803566 -0.07053713500499724
v -0.030702639371156693 0.015591885894536972 -0.07000669091939925
v -0.031985942274332047 0.012082278728485107 -0.07512312382459639
v -0.030702639371156693 0.015591885894536972 -0.07000669091939925
v -0.03141825273633003 0.015398837625980377 -0.07471238076686858
v -0.03141825273633003 0.015398837625980377 -0.07471238076686858
v -0.030702639371156693 0.015591885894536972 -0.07000669091939925
v -0.03019588068127632 0.018828459084033966 -0.06944527477025984
v -0.03141825273633003 0.015398837625980377 -0.07471238076686858
v -0.03019588068127632 0.018828459084033966 -0.06944527477025984
v -0.03054361417889595 0.01858823373913765 -0.07426996529102324
v -0.03054361417889595 0.01858823373913765 -0.07426996529102324
v -0.03019588068127632 0.018828459084033966 -0.06944527477025984
v -0.029396455734968185 0.021946236491203308 -0.068860225379467
v -0.03054361417889595 0.01858823373913765 -0.07426996529102324
v -0.029396455734968185 0.021946236491203308 -0.068860225379467
v -0.02938641980290413 0.021612495183944702 -0.07380239665508269
v -0.02938641980290413 0.021612495183944702 -0.07380239665508269
v -0.029396455734968185 0.021946236491203308 -0.068860225379467
v -0.02832617238163948 0.024906329810619354 -0.0682607591152191
v -0.02938641980290413 0.021612495183944702 -0.07380239665508269
v -0.02832617238163948 0.024906329810619354 -0.0682607591152191
v -0.02797485515475273 0.024439938366413116 -0.07331764698028563
v -0.02797485515475273 0.024439938366413116 -0.07331764698028563
v -0.02832617238163948 0.024906329810619354 -0.0682607591152191
v -0.027010265737771988 0.02767561376094818 -0.06765703856945036
v -0.02797485515475273 0.024439938366413116 -0.07331764698028563
v -0.027010265737771988 0.02767561376094818 -0.06765703856945036
v -0.02633913978934288 0.027045391499996185 -0.07282469421625136
v -0.02633913978934288 0.027045391499996185 -0.07282469421625136
v -0.027010265737771988 0.02767561376094818 -0.06765703856945036
v -0.025475796312093735 0.03022705763578415 -0.0670596659183502
v -0.02633913978934288 0.027045391499996185 -0.07282469421625136
v -0.025475796312093735 0.03022705763578415 -0.0670596659183502
v -0.02450975403189659 0.02941039949655533 -0.07233310490846633
v -0.02450975403189659 0.02941039949655533 -0.07233310490846633
v -0.025475796312093735 0.03022705763578415 -0.0670596659183502
v -0.023750077933073044 0.03254007175564766 -0.06647919863462447
v -0.02450975403189659 0.02941039949655533 -0.07233310490846633
v -0.023750077933073044 0.03254007175564766 -0.06647919863462447
v -0.022515621036291122 0.03152342513203621 -0.07185254245996474
v -0.022515621036291122 0.03152342513203621 -0.07185254245996474
v -0.023750077933073044 0.03254007175564766 -0.06647919863462447
v -0.02185909077525139 0.03460086137056351 -0.0659256726503372
v -0.022515621036291122 0.03152342513203621 -0.07185254245996474
v -0.02185909077525139 0.03460086137056351 -0.0659256726503372
v -0.020382355898618698 0.03338004648685455 -0.07139232009649275
v -0.020382355898618698 0.03338004648685455 -0.07139232009649275
v -0.02185909077525139 0.03460086137056351 -0.0659256726503372
v -0.01982591673731804 0.03640275448560715 -0.06540815532207488
v -0.020382355898618698 0.03338004648685455 -0.07139232009649275
v -0.01982591673731804 0.03640275448560715 -0.06540815532207488
v -0.018130671232938766 0.03498363122344017 -0.07096118479967116
v -0.018130671232938766 0.03498363122344017 -0.07096118479967116
v -0.01982591673731804 0.03640275448560715 -0.06540815532207488
v -0.017669271677732468 0.03794730827212334 -0.06493461132049559
v -0.018130671232938766 0.03498363122344017 -0.07096118479967116
v -0.017669271677732468 0.03794730827212334 -0.06493461132049559
v -0.015775974839925766 0.03634444996714592 -0.07056733220815657
v -0.015775974839925766 0.03634444996714592 -0.07056733220815657
v -0.017669271677732468 0.03794730827212334 -0.06493461132049559
v -0.015402857214212418 0.03924442455172539 -0.0645124390721321
v -0.015775974839925766 0.03634444996714592 -0.07056733220815657
v -0.015402857214212418 0.03924442455172539 -0.0645124390721321
v -0.01332877203822136 0.0374738946557045 -0.07021683454513548
v -0.01332877203822136 0.0374738946557045 -0.07021683454513548
v -0.015402857214212418 0.03924442455172539 -0.0645124390721321
v -0.013036217540502548 0.040306467562913895 -0.06414668262004851
v -0.01332877203822136 0.0374738946557045 -0.07021683454513548
v -0.013036217540502548 0.040306467562913895 -0.06414668262004851
v -0.010796714574098587 0.03838345780968666 -0.06991271674633025
v -0.010796714574098587 0.03838345780968666 -0.06991271674633025
v -0.013036217540502548 0.040306467562913895 -0.06414668262004851
v -0.010576758533716202 0.04114728420972824 -0.06383893638849257
v -0.010796714574098587 0.03838345780968666 -0.06991271674633025
v -0.010576758533716202 0.04114728420972824 -0.06383893638849257
v -0.008186828345060349 0.0390847846865654 -0.06965422630310057
v -0.008186828345060349 0.0390847846865654 -0.06965422630310057
v -0.010576758533716202 0.04114728420972824 -0.06383893638849257
v -0.005507860332727432 0.03958980366587639 -0.06943613290786742
v -0.008186828345060349 0.0390847846865654 -0.06965422630310057
v -0.005507860332727432 0.03958980366587639 -0.06943613290786742
v -0.005691830068826675 0.0374118909239769 -0.0755268484354019
v -0.005691830068826675 0.0374118909239769 -0.0755268484354019
v -0.005507860332727432 0.03958980366587639 -0.06943613290786742
v -0.002861615037545562 0.03776916489005089 -0.0753384232521057
v -0.005691830068826675 0.0374118909239769 -0.0755268484354019
v -0.002861615037545562 0.03776916489005089 -0.0753384232521057
v -0.002998944139108062 0.03617167845368385 -0.08149275928735732
v -0.002998944139108062 0.03617167845368385 -0.08149275928735732
v -0.002861615037545562 0.03776916489005089 -0.0753384232521057
v -1.8470059259811933e-08 0.037348486483097076 -0.07713087648153304
v -0.002998944139108062 0.03617167845368385 -0.08149275928735732
v -1.8470059259811933e-08 0.037348486483097076 -0.07713087648153304
v -1.8470059259811933e-08 0.0363248772919178 -0.08133717626333235
v -0.03401331230998039 -0.008251912891864777 -0.09396053105592726
v -0.0343317873775959 -0.006806470453739166 -0.09396053105592726
v -0.033830005675554276 -0.007721476256847382 -0.09396050870418547
v -0.03471833094954491 -0.004431433975696564 -0.09396051615476607
v -0.033830005675554276 -0.007721476256847382 -0.09396050870418547
v -0.03471833094954491 -0.004431433975696564 -0.09396051615476607
v -0.03470000997185707 -2.8225338732923433e-11 -0.09396050870418547
v -0.034495484083890915 0.005921375006437302 -0.09396076947450636
v -0.033830005675554276 0.007721476256847382 -0.09396050870418547
v -0.03492402657866478 0.0023048073053359985 -0.09396058320999144
v -0.03492402657866478 0.0023048073053359985 -0.09396058320999144
v -0.033830005675554276 0.007721476256847382 -0.09396050870418547
v -0.03470000997185707 -2.8225338732923433e-11 -0.09396050870418547
v -0.03492402657866478 0.0023048073053359985 -0.09396058320999144
v -0.03470000997185707 -2.8225338732923433e-11 -0.09396050870418547
v -0.0349876768887043 -0.0009281374514102936 -0.09396050870418547
v -0.0349876768887043 -0.0009281374514102936 -0.09396050870418547
v -0.03470000997185707 -2.8225338732923433e-11 -0.09396050870418547
v -0.03471833094954491 -0.004431433975696564 -0.09396051615476607
v 0.03469999134540558 -2.8225338732923433e-11 -0.09396050870418547
v 0.03499923646450043 0.00022631135652773082 -0.09396050870418547
v 0.034852784126996994 -0.0032065436244010925 -0.09396047890186308
v -0.012478891760110855 -0.032699793577194214 -0.09396005421876906
v -0.015055771917104721 -0.03126361966133118 -0.09396050870418547
v -0.007721487432718277 -0.03383000195026398 -0.09396050870418547
v -1.1019478662888105e-08 -0.03499992936849594 -0.09396050870418547
v -1.1019478662888105e-08 -0.034699998795986176 -0.09396050870418547
v 0.003743324661627412 -0.034799158573150635 -0.0939606949687004
v 0.003743324661627412 -0.034799158573150635 -0.0939606949687004
v -1.1019478662888105e-08 -0.034699998795986176 -0.09396050870418547
v 0.007721468806266785 -0.03383000195026398 -0.09396050870418547
v 0.03469999134540558 -2.8225338732923433e-11 -0.09396050870418547
v 0.034852784126996994 -0.0032065436244010925 -0.09396047890186308
v 0.03382999077439308 -0.007721476256847382 -0.09396050870418547
v 0.03499923646450043 0.00022631135652773082 -0.09396050870418547
v 0.03469999134540558 -2.8225338732923433e-11 -0.09396050870418547
v 0.03481151908636093 0.003627300262451172 -0.09396065771579741
v 0.03481151908636093 0.003627300262451172 -0.09396065771579741
v 0.03469999134540558 -2.8225338732923433e-11 -0.09396050870418547
v 0.03382999077439308 0.007721476256847382 -0.09396050870418547
v 0.03481151908636093 0.003627300262451172 -0.09396065771579741
v 0.03382999077439308 0.007721476256847382 -0.09396050870418547
v 0.03430976718664169 0.0069166310131549835 -0.09396080672740935
v -0.027129564434289932 -0.021635092794895172 -0.09396050870418547
v -0.021635103970766068 -0.027129553258419037 -0.09396050870418547
v -0.02471669390797615 -0.024780698120594025 -0.09396050870418547
v -0.012478891760110855 -0.032699793577194214 -0.09396005421876906
v -0.01590687409043312 -0.031176403164863586 -0.09396022558212279
v -0.015055771917104721 -0.03126361966133118 -0.09396050870418547
v -0.015055771917104721 -0.03126361966133118 -0.09396050870418547
v -0.01590687409043312 -0.031176403164863586 -0.09396022558212279
v -0.019151929765939713 -0.029295049607753754 -0.09396038949489592
v -0.015055771917104721 -0.03126361966133118 -0.09396050870418547
v -0.019151929765939713 -0.029295049607753754 -0.09396038949489592
v -0.021635103970766068 -0.027129553258419037 -0.09396050870418547
v -0.021635103970766068 -0.027129553258419037 -0.09396050870418547
v -0.019151929765939713 -0.029295049607753754 -0.09396038949489592
v -0.022176619619131088 -0.02707759290933609 -0.09396047890186308
v -0.021635103970766068 -0.027129553258419037 -0.09396050870418547
v -0.022176619619131088 -0.02707759290933609 -0.09396047890186308
v -0.02471669390797615 -0.024780698120594025 -0.09396050870418547
v 0.015055757015943527 -0.03126361966133118 -0.09396050870418547
v 0.01106298342347145 -0.03320556879043579 -0.0939611569046974
v 0.007721468806266785 -0.03383000195026398 -0.09396050870418547
v 0.007721468806266785 -0.03383000195026398 -0.09396050870418547
v 0.01106298342347145 -0.03320556879043579 -0.0939611569046974
v 0.0074455998837947845 -0.0341988280415535 -0.09396095573902129
v 0.007721468806266785 -0.03383000195026398 -0.09396050870418547
v 0.0074455998837947845 -0.0341988280415535 -0.09396095573902129
v 0.003743324661627412 -0.034799158573150635 -0.0939606949687004
v -0.034495484083890915 0.005921375006437302 -0.09396076947450636
v -0.0338047556579113 0.00906858965754509 -0.09396085888147353
v -0.033830005675554276 0.007721476256847382 -0.09396050870418547
v -0.033830005675554276 0.007721476256847382 -0.09396050870418547
v -0.0338047556579113 0.00906858965754509 -0.09396085888147353
v -0.032789889723062515 0.012240234762430191 -0.09396086633205412
v -0.033830005675554276 0.007721476256847382 -0.09396050870418547
v -0.032789889723062515 0.012240234762430191 -0.09396086633205412
v -0.03126363083720207 0.015055764466524124 -0.09396050870418547
v -0.02471669390797615 -0.024780698120594025 -0.09396050870418547
v -0.027284685522317886 -0.021921314299106598 -0.09396051615476607
v -0.027129564434289932 -0.021635092794895172 -0.09396050870418547
v -0.029461894184350967 -0.018894322216510773 -0.09396051615476607
v -0.03126363083720207 -0.015055768191814423 -0.09396050870418547
v -1.1019478662888105e-08 -0.03499992936849594 -0.09396050870418547
v -0.0015013701049610972 -0.03496771305799484 -0.09396028518676756
v -1.1019478662888105e-08 -0.034699998795986176 -0.09396050870418547
v -1.1019478662888105e-08 -0.034699998795986176 -0.09396050870418547
v -0.0015013701049610972 -0.03496771305799484 -0.09396028518676756
v -0.005234848707914352 -0.03460622578859329 -0.09396003186702727
v -1.1019478662888105e-08 -0.034699998795986176 -0.09396050870418547
v -0.005234848707914352 -0.03460622578859329 -0.09396003186702727
v -0.007721487432718277 -0.03383000195026398 -0.09396050870418547
v -0.007721487432718277 -0.03383000195026398 -0.09396050870418547
v -0.005234848707914352 -0.03460622578859329 -0.09396003186702727
v -0.008907873183488846 -0.03384742885828018 -0.0939599722623825
v -0.007721487432718277 -0.03383000195026398 -0.09396050870418547
v -0.008907873183488846 -0.03384742885828018 -0.0939599722623825
v -0.012478891760110855 -0.032699793577194214 -0.09396005421876906
v 0.021635089069604874 -0.027129553258419037 -0.09396050870418547
v 0.017875492572784424 -0.030090898275375366 -0.09396129846572875
v 0.015055757015943527 -0.03126361966133118 -0.09396050870418547
v 0.015055757015943527 -0.03126361966133118 -0.09396050870418547
v 0.017875492572784424 -0.030090898275375366 -0.09396129846572875
v 0.014552779495716095 -0.03183101862668991 -0.09396129101514815
v 0.015055757015943527 -0.03126361966133118 -0.09396050870418547
v 0.014552779495716095 -0.03183101862668991 -0.09396129101514815
v 0.01106298342347145 -0.03320556879043579 -0.0939611569046974
v 0.02847505733370781 -0.020351126790046692 -0.09396003186702727
v 0.02712954208254814 -0.021635092794895172 -0.09396050870418547
v 0.030384883284568787 -0.017371132969856262 -0.09395999461412428
v 0.03126361221075058 -0.015055768191814423 -0.09396050870418547
v 0.034852784126996994 -0.0032065436244010925 -0.09396047890186308
v 0.03427311033010483 -0.007095940411090851 -0.09396036714315413
v 0.03382999077439308 -0.007721476256847382 -0.09396050870418547
v 0.03382999077439308 -0.007721476256847382 -0.09396050870418547
v 0.03427311033010483 -0.007095940411090851 -0.09396036714315413
v 0.03325820341706276 -0.010903626680374146 -0.09396021813154219
v 0.03382999077439308 -0.007721476256847382 -0.09396050870418547
v 0.03325820341706276 -0.010903626680374146 -0.09396021813154219
v 0.03126361221075058 -0.015055768191814423 -0.09396050870418547
v 0.03126361221075058 -0.015055768191814423 -0.09396050870418547
v 0.03325820341706276 -0.010903626680374146 -0.09396021813154219
v 0.03198505565524101 -0.014211021363735199 -0.09396007657051085
v 0.03126361221075058 -0.015055768191814423 -0.09396050870418547
v 0.03198505565524101 -0.014211021363735199 -0.09396007657051085
v 0.030384883284568787 -0.017371132969856262 -0.09395999461412428
v 0.03430976718664169 0.0069166310131549835 -0.09396080672740935
v 0.03382999077439308 0.007721476256847382 -0.09396050870418547
v 0.03345825895667076 0.01027347519993782 -0.09396087378263472
v 0.03345825895667076 0.01027347519993782 -0.09396087378263472
v 0.03382999077439308 0.007721476256847382 -0.09396050870418547
v 0.03126361221075058 0.015055764466524124 -0.09396050870418547
v 0.03345825895667076 0.01027347519993782 -0.09396087378263472
v 0.03126361221075058 0.015055764466524124 -0.09396050870418547
v 0.03226394206285477 0.0135660320520401 -0.09396085143089293
v -0.015055771917104721 0.03126361966133118 -0.09396050870418547
v -0.021635103970766068 0.027129553258419037 -0.09396050870418547
v -0.017392899841070175 0.030372489243745804 -0.09396039694547652
v -0.017392899841070175 0.030372489243745804 -0.09396039694547652
v -0.021635103970766068 0.027129553258419037 -0.09396050870418547
v -0.020414698868989944 0.028429590165615082 -0.0939604490995407
v -0.029461894184350967 -0.018894322216510773 -0.09396051615476607
v -0.03136597201228142 -0.015529781579971313 -0.09396052360534667
v -0.03126363083720207 -0.015055768191814423 -0.09396050870418547
v -0.03126363083720207 -0.015055768191814423 -0.09396050870418547
v -0.03136597201228142 -0.015529781579971313 -0.09396052360534667
v -0.03289005532860756 -0.011968404054641724 -0.09396053105592726
v -0.03289005532860756 -0.011968404054641724 -0.09396053105592726
v -0.033830005675554276 -0.007721476256847382 -0.09396050870418547
v -0.033830005675554276 -0.007721476256847382 -0.09396050870418547
v -0.03289005532860756 -0.011968404054641724 -0.09396053105592726
v -0.033498991280794144 -0.010139837861061096 -0.09396053105592726
v -0.033498991280794144 -0.010139837861061096 -0.09396053105592726
v 0.02712954208254814 0.02163509652018547 -0.09396050870418547
v 0.028895895928144455 0.019749123603105545 -0.09396064281463622
v 0.03126361221075058 0.015055764466524124 -0.09396050870418547
v 0.03126361221075058 0.015055764466524124 -0.09396050870418547
v 0.028895895928144455 0.019749123603105545 -0.09396064281463622
v 0.030738044530153275 0.01673835888504982 -0.09396076202392577
v 0.03126361221075058 0.015055764466524124 -0.09396050870418547
v 0.030738044530153275 0.01673835888504982 -0.09396076202392577
v 0.03226394206285477 0.0135660320520401 -0.09396085143089293
v 0.018595438450574875 0.02965148165822029 -0.09396041929721831
v 0.021635089069604874 0.027129553258419037 -0.09396050870418547
v 0.015055757015943527 0.03126361966133118 -0.09396050870418547
v -0.0037159209605306387 0.03480219095945358 -0.09396047145128249
v -1.1019478662888105e-08 0.034699998795986176 -0.09396050870418547
v -0.007721487432718277 0.03382999822497368 -0.09396050870418547
v -0.032789889723062515 0.012240234762430191 -0.09396086633205412
v -0.031446557492017746 0.015366021543741226 -0.09396080672740935
v -0.03126363083720207 0.015055764466524124 -0.09396050870418547
v -0.03126363083720207 0.015055764466524124 -0.09396050870418547
v -0.031446557492017746 0.015366021543741226 -0.09396080672740935
v -0.02977900579571724 0.018390551209449768 -0.0939606949687004
v -0.03126363083720207 0.015055764466524124 -0.09396050870418547
v -0.02977900579571724 0.018390551209449768 -0.0939606949687004
v -0.027129564434289932 0.02163509652018547 -0.09396050870418547
v 0.02847505733370781 -0.020351126790046692 -0.09396003186702727
v 0.026162374764680862 -0.023249231278896332 -0.09396025538444518
v 0.02712954208254814 -0.021635092794895172 -0.09396050870418547
v 0.02712954208254814 -0.021635092794895172 -0.09396050870418547
v 0.026162374764680862 -0.023249231278896332 -0.09396025538444518
v 0.023869793862104416 -0.025597475469112396 -0.0939606800675392
v 0.02712954208254814 -0.021635092794895172 -0.09396050870418547
v 0.023869793862104416 -0.025597475469112396 -0.0939606800675392
v 0.021635089069604874 -0.027129553258419037 -0.09396050870418547
v 0.021635089069604874 -0.027129553258419037 -0.09396050870418547
v 0.023869793862104416 -0.025597475469112396 -0.0939606800675392
v 0.020993221551179886 -0.02800503373146057 -0.09396108984947203
v 0.021635089069604874 -0.027129553258419037 -0.09396050870418547
v 0.020993221551179886 -0.02800503373146057 -0.09396108984947203
v 0.017875492572784424 -0.030090898275375366 -0.09396129846572875
v 0.018595438450574875 0.02965148165822029 -0.09396041929721831
v 0.02149926871061325 0.027618512511253357 -0.09396047145128249
v 0.021635089069604874 0.027129553258419037 -0.09396050870418547
v 0.021635089069604874 0.027129553258419037 -0.09396050870418547
v 0.02149926871061325 0.027618512511253357 -0.09396047145128249
v 0.02435753494501114 0.025133848190307617 -0.09396050870418547
v 0.021635089069604874 0.027129553258419037 -0.09396050870418547
v 0.02435753494501114 0.025133848190307617 -0.09396050870418547
v 0.02712954208254814 0.02163509652018547 -0.09396050870418547
v 0.02712954208254814 0.02163509652018547 -0.09396050870418547
v 0.02435753494501114 0.025133848190307617 -0.09396050870418547
v 0.02675621211528778 0.02256336808204651 -0.09396053850650786
v 0.02712954208254814 0.02163509652018547 -0.09396050870418547
v 0.02675621211528778 0.02256336808204651 -0.09396053850650786
v 0.028895895928144455 0.019749123603105545 -0.09396064281463622
v 0.007721468806266785 0.03382999822497368 -0.09396050870418547
v 0.011532850563526154 0.03304533287882805 -0.09396038204431532
v 0.015055757015943527 0.03126361966133118 -0.09396050870418547
v 0.015055757015943527 0.03126361966133118 -0.09396050870418547
v 0.011532850563526154 0.03304533287882805 -0.09396038204431532
v 0.015156451612710953 0.03154809772968292 -0.09396038204431532
v 0.015055757015943527 0.03126361966133118 -0.09396050870418547
v 0.015156451612710953 0.03154809772968292 -0.09396038204431532
v 0.018595438450574875 0.02965148165822029 -0.09396041929721831
v -0.0037159209605306387 0.03480219095945358 -0.09396047145128249
v -1.1019478662888105e-08 0.035000018775463104 -0.09396050870418547
v -1.1019478662888105e-08 0.034699998795986176 -0.09396050870418547
v -1.1019478662888105e-08 0.034699998795986176 -0.09396050870418547
v -1.1019478662888105e-08 0.035000018775463104 -0.09396050870418547
v 0.003939956426620483 0.03477753698825836 -0.09396047145128249
v -1.1019478662888105e-08 0.034699998795986176 -0.09396050870418547
v 0.003939956426620483 0.03477753698825836 -0.09396047145128249
v 0.007721468806266785 0.03382999822497368 -0.09396050870418547
v 0.007721468806266785 0.03382999822497368 -0.09396050870418547
v 0.003939956426620483 0.03477753698825836 -0.09396047145128249
v 0.007778678089380264 0.034124668687582016 -0.09396041184663771
v 0.007721468806266785 0.03382999822497368 -0.09396050870418547
v 0.007778678089380264 0.034124668687582016 -0.09396041184663771
v 0.011532850563526154 0.03304533287882805 -0.09396038204431532
v -0.017392899841070175 0.030372489243745804 -0.09396039694547652
v -0.01417699083685875 0.03200021758675575 -0.09396037459373473
v -0.015055771917104721 0.03126361966133118 -0.09396050870418547
v -0.015055771917104721 0.03126361966133118 -0.09396050870418547
v -0.01417699083685875 0.03200021758675575 -0.09396037459373473
v -0.010800976306200027 0.03329174220561981 -0.09396038204431532
v -0.015055771917104721 0.03126361966133118 -0.09396050870418547
v -0.010800976306200027 0.03329174220561981 -0.09396038204431532
v -0.007721487432718277 0.03382999822497368 -0.09396050870418547
v -0.007721487432718277 0.03382999822497368 -0.09396050870418547
v -0.010800976306200027 0.03329174220561981 -0.09396038204431532
v -0.007300924509763718 0.0342300683259964 -0.09396041929721831
v -0.007721487432718277 0.03382999822497368 -0.09396050870418547
v -0.007300924509763718 0.0342300683259964 -0.09396041929721831
v -0.0037159209605306387 0.03480219095945358 -0.09396047145128249
v -0.02977900579571724 0.018390551209449768 -0.0939606949687004
v -0.027799975126981735 0.021264124661684036 -0.09396058320999144
v -0.027129564434289932 0.02163509652018547 -0.09396050870418547
v -0.027129564434289932 0.02163509652018547 -0.09396050870418547
v -0.027799975126981735 0.021264124661684036 -0.09396058320999144
v -0.02545151486992836 0.024025429040193558 -0.09396050870418547
v -0.027129564434289932 0.02163509652018547 -0.09396050870418547
v -0.02545151486992836 0.024025429040193558 -0.09396050870418547
v -0.021635103970766068 0.027129553258419037 -0.09396050870418547
v -0.021635103970766068 0.027129553258419037 -0.09396050870418547
v -0.02545151486992836 0.024025429040193558 -0.09396050870418547
v -0.023210901767015457 0.026196468621492386 -0.09396049380302428
v -0.021635103970766068 0.027129553258419037 -0.09396050870418547
v -0.023210901767015457 0.026196468621492386 -0.09396049380302428
v -0.020414698868989944 0.028429590165615082 -0.0939604490995407
v 0.014095611870288849 0.00875965878367424 -0.037937004119157784
v 0.0149676613509655 0.009814266115427017 -0.03909796848893165
v 0.017141133546829224 0.010213781148195267 -0.036930333822965615
v 0.026712603867053986 0.01638989895582199 -0.056711439043283456
v 0.026989173144102097 0.017514023929834366 -0.0563499592244625
v 0.026027649641036987 0.01678035780787468 -0.05424152314662933
v 0.02679368108510971 0.03736771270632744 -0.04607985168695449
v 0.027078453451395035 0.03348126262426376 -0.050293520092964165
v 0.02640153095126152 0.03554883226752281 -0.05055063590407371
v 0.03268808498978615 0.0525718554854393 -0.015020711347460745
v 0.03328479826450348 0.0538627915084362 -0.010922363027930258
v 0.033481158316135406 0.051361508667469025 -0.009903488680720328
v 0.03392495959997177 0.05522185191512108 -0.003541221376508474
v 0.033855654299259186 0.05421113222837448 -0.0050853840075433246
v 0.03368976339697838 0.05472530797123909 -0.007137236651033162
v 0.033999983221292496 0.006931640207767487 2.2297137469706736e-09
v 0.0339997224509716 0.006486948579549789 -0.0001129560259869322
v 0.03393276408314705 0.015384025871753693 -0.002605927642434835
v 0.0339997224509716 0.006486948579549789 -0.0001129560259869322
v 0.033999983221292496 0.006931640207767487 2.2297137469706736e-09
v 0.033999983221292496 0.004948388785123825 2.2297137469706736e-09
v 0.0321800634264946 -0.004436001181602478 -0.011213114485144613
v 0.03211376816034317 -0.004435986280441284 -0.011409750208258627
v 0.03206893056631088 -0.0032804980874061584 -0.01159997098147869
v 0.03206893056631088 -0.0032804980874061584 -0.01159997098147869
v 0.03211376816034317 -0.004435986280441284 -0.011409750208258627
v 0.031352706253528595 -0.004435919225215912 -0.013431867584586142
v 0.030790157616138458 -0.004435740411281586 -0.014714552089571951
v 0.029071461409330368 -0.004435807466506958 -0.017934171482920643
v 0.029866211116313934 -0.001003991812467575 -0.01681610010564327
v -1.9728399536234065e-07 0.006580449640750885 -0.0396738089621067
v 0.0006386974710039794 0.007319498807191849 -0.041052874177694314
v 0.0034612903837114573 0.00653509795665741 -0.03939038142561912
v -2.1963573715311213e-07 0.008235014975070953 -0.048337686806917184
v 0.0007180461543612182 0.00836794450879097 -0.046841841191053384
v -2.592063985673576e-08 0.008379526436328888 -0.04571116715669631
v -1.2277818939310237e-07 0.006874483078718185 -0.053101647645235055
v 9.00366940186359e-05 0.007738206535577774 -0.05075500532984733
v -1.8470059259811933e-08 0.007717583328485489 -0.05082780122756957
v 2.646520158577914e-07 0.0018892474472522736 -0.059803914278745644
v 9.821743151405826e-05 0.003843512386083603 -0.05776147916913032
v 1.4544271209615545e-07 0.004043150693178177 -0.05752639099955558
v 1.4544271209615545e-07 0.004043150693178177 -0.05752639099955558
v 9.821743151405826e-05 0.003843512386083603 -0.05776147916913032
v 0.001959678018465638 0.005123410373926163 -0.05610971897840499
v 1.4544271209615545e-07 0.004043150693178177 -0.05752639099955558
v 0.001959678018465638 0.005123410373926163 -0.05610971897840499
v -4.0821802826940257e-08 0.0055861696600914 -0.05544419214129447
v -4.0821802826940257e-08 0.0055861696600914 -0.05544419214129447
v 0.001959678018465638 0.005123410373926163 -0.05610971897840499
v 0.0019277596147730947 0.0070915184915065765 -0.052590113133192055
v -1.8470059259811933e-08 0.007717583328485489 -0.05082780122756957
v 9.00366940186359e-05 0.007738206535577774 -0.05075500532984733
v -2.1963573715311213e-07 0.008235014975070953 -0.048337686806917184
v -1.9728399536234065e-07 0.008259288966655731 -0.04427534714341163
v -2.592063985673576e-08 0.008379526436328888 -0.04571116715669631
v 0.003155201906338334 0.008370157331228256 -0.044779404997825616
v -5.572296402078791e-08 0.007559128105640411 -0.04162952303886413
v -2.419874647330289e-07 0.008118763566017151 -0.04349402710795402
v 0.0018359461100772023 0.007995732128620148 -0.04290542751550674
v 3.8816825309595515e-09 0.004601903259754181 -0.03725600615143775
v -1.600310923777215e-07 0.005254335701465607 -0.037918690592050545
v 0.0025439525488764048 0.005328584462404251 -0.03790386393666267
v -4.580543020438199e-07 0.002048950642347336 -0.03542161360383033
v -1.8983341476541682e-07 0.0036478564143180847 -0.036448638886213296
v 0.00175185885746032 0.003902226686477661 -0.036609243601560586
v 0.010368742048740387 -0.003309592604637146 -0.032673444598913186
v 0.009368471801280975 -0.004436098039150238 -0.03283214941620826
v 0.006959177553653717 -0.004435934126377106 -0.03335965052247047
v 0.01338028535246849 -0.00400872528553009 -0.031564977020025246
v 0.012718785554170609 -0.0044359490275382996 -0.03178053721785545
v 0.009368471801280975 -0.004436098039150238 -0.03283214941620826
v 0.019097719341516495 1.7739803297445178e-05 -0.029124548658728596
v 0.018859323114156723 -0.004435934126377106 -0.028640782460570332
v 0.016508109867572784 -0.0044359490275382996 -0.030051557347178456
v 0.023521509021520615 0.0005525350570678711 -0.025520673021674153
v 0.023441128432750702 -0.004213832318782806 -0.024988574907183644
v 0.02182883769273758 -0.004435725510120392 -0.026419213041663166
v 0.02702692523598671 -0.004435516893863678 -0.020931376144289967
v 0.024569913744926453 -0.0044358596205711365 -0.02383204363286495
v 0.025370042771100998 -0.0037040188908576965 -0.023019311949610707
v 0.028566498309373856 -0.0020941048860549927 -0.018931245431303974
v 0.029071461409330368 -0.004435807466506958 -0.017934171482920643
v 0.02702692523598671 -0.004435516893863678 -0.020931376144289967
v 0.030972763895988464 0.00026622411678545177 -0.014654679223895071
v 0.0311356820166111 -0.0044358596205711365 -0.013944437727332113
v 0.030790157616138458 -0.004435740411281586 -0.014714552089571951
v 0.031352706253528595 -0.004435919225215912 -0.013431867584586142
v 0.0311356820166111 -0.0044358596205711365 -0.013944437727332113
v 0.03206893056631088 -0.0032804980874061584 -0.01159997098147869
v 0.03206893056631088 -0.0032804980874061584 -0.01159997098147869
v 0.0311356820166111 -0.0044358596205711365 -0.013944437727332113
v 0.030972763895988464 0.00026622411678545177 -0.014654679223895071
v 0.03206893056631088 -0.0032804980874061584 -0.01159997098147869
v 0.030972763895988464 0.00026622411678545177 -0.014654679223895071
v 0.03175009414553642 0.006556451320648193 -0.013376994058489798
v 0.033716678619384766 0.00219712033867836 -0.004656953271478414
v 0.03385798633098602 -0.004436619579792023 -0.00316804414615035
v 0.03379266709089279 -0.004436515271663666 -0.003831928130239248
v 0.033926259726285934 0.035786256194114685 -0.0036999410949647422
v 0.033999983221292496 0.03863352909684181 2.2297137469706736e-09
v 0.033999983221292496 0.02865750715136528 2.2297137469706736e-09
v 0.033999983221292496 0.04811232164502144 2.2297137469706736e-09
v 0.033999983221292496 0.04114975780248642 2.2297137469706736e-09
v 0.033980462700128555 0.0467984639108181 -0.002044369932264089
v 0.033980462700128555 0.0467984639108181 -0.002044369932264089
v 0.033999983221292496 0.04114975780248642 2.2297137469706736e-09
v 0.03379126638174057 0.04371520131826401 -0.006664653774350881
v 0.033980462700128555 0.0467984639108181 -0.002044369932264089
v 0.03379126638174057 0.04371520131826401 -0.006664653774350881
v 0.033481158316135406 0.051361508667469025 -0.009903488680720328
v 0.033481158316135406 0.051361508667469025 -0.009903488680720328
v 0.03379126638174057 0.04371520131826401 -0.006664653774350881
v 0.03294413909316063 0.048365212976932526 -0.014450317248702048
v 0.033481158316135406 0.051361508667469025 -0.009903488680720328
v 0.03294413909316063 0.048365212976932526 -0.014450317248702048
v 0.03268808498978615 0.0525718554854393 -0.015020711347460745
v 0.03247566148638725 0.052106793969869614 -0.01628385297954082
v 0.031772956252098083 0.0489027313888073 -0.02060551010072231
v 0.03188163414597511 0.05078858137130737 -0.019515803083777424
v 0.03188163414597511 0.05078858137130737 -0.019515803083777424
v 0.031772956252098083 0.0489027313888073 -0.02060551010072231
v 0.03175840154290199 0.050512153655290604 -0.020146010443568226
v 0.03175840154290199 0.050512153655290604 -0.020146010443568226
v 0.031772956252098083 0.0489027313888073 -0.02060551010072231
v 0.030575599521398544 0.047793347388505936 -0.025819635018706318
v 0.030575599521398544 0.047793347388505936 -0.025819635018706318
v 0.031772956252098083 0.0489027313888073 -0.02060551010072231
v 0.031091611832380295 0.04539824649691582 -0.02468602173030376
v 0.030575599521398544 0.047793347388505936 -0.025819635018706318
v 0.031091611832380295 0.04539824649691582 -0.02468602173030376
v 0.030528947710990906 0.04768340289592743 -0.02603526227176189
v 0.02802879363298416 0.04132040962576866 -0.037995908409357064
v 0.028629720211029053 0.04296372830867767 -0.03490616008639335
v 0.02898348495364189 0.040408551692962646 -0.0352090261876583
v 0.02898348495364189 0.040408551692962646 -0.0352090261876583
v 0.028629720211029053 0.04296372830867767 -0.03490616008639335
v 0.029440607875585556 0.045048218220472336 -0.03104099445044994
v 0.02898348495364189 0.040408551692962646 -0.0352090261876583
v 0.029440607875585556 0.045048218220472336 -0.03104099445044994
v 0.029508501291275024 0.04488695040345192 -0.030899195000529286
v 0.029508501291275024 0.04488695040345192 -0.030899195000529286
v 0.029440607875585556 0.045048218220472336 -0.03104099445044994
v 0.029659368097782135 0.04559066891670227 -0.030029563233256337
v 0.02802879363298416 0.04132040962576866 -0.037995908409357064
v 0.02898348495364189 0.040408551692962646 -0.0352090261876583
v 0.027415286749601364 0.03950231894850731 -0.041546944528818124
v 0.027415286749601364 0.03950231894850731 -0.041546944528818124
v 0.02898348495364189 0.040408551692962646 -0.0352090261876583
v 0.02847498282790184 0.035464975982904434 -0.04008172079920768
v 0.027415286749601364 0.03950231894850731 -0.041546944528818124
v 0.02847498282790184 0.035464975982904434 -0.04008172079920768
v 0.02739683911204338 0.038156911730766296 -0.04289289936423301
v 0.027078453451395035 0.03348126262426376 -0.050293520092964165
v 0.02679368108510971 0.03736771270632744 -0.04607985168695449
v 0.027514390647411346 0.0323357991874218 -0.048662334680557244
v 0.027514390647411346 0.0323357991874218 -0.048662334680557244
v 0.02679368108510971 0.03736771270632744 -0.04607985168695449
v 0.027025341987609863 0.03821805492043495 -0.04420913383364677
v 0.027514390647411346 0.0323357991874218 -0.048662334680557244
v 0.027025341987609863 0.03821805492043495 -0.04420913383364677
v 0.02739683911204338 0.038156911730766296 -0.04289289936423301
v 0.02739683911204338 0.038156911730766296 -0.04289289936423301
v 0.027025341987609863 0.03821805492043495 -0.04420913383364677
v 0.027403846383094788 0.03946652263402939 -0.04161912202835082
v 0.02739683911204338 0.038156911730766296 -0.04289289936423301
v 0.027403846383094788 0.03946652263402939 -0.04161912202835082
v 0.027415286749601364 0.03950231894850731 -0.041546944528818124
v 0.02786076068878174 0.025457914918661118 -0.05379547923803329
v 0.027649208903312683 0.029363449662923813 -0.05253959819674491
v 0.02780059725046158 0.031189611181616783 -0.0470978133380413
v 0.02739907056093216 0.019624777138233185 -0.05567121505737304
v 0.02777203917503357 0.022863835096359253 -0.05462964624166488
v 0.027551524341106415 0.024149373173713684 -0.05143350362777709
v 0.027551524341106415 0.024149373173713684 -0.05143350362777709
v 0.02777203917503357 0.022863835096359253 -0.05462964624166488
v 0.02785957232117653 0.02512357011437416 -0.0539029948413372
v 0.027551524341106415 0.024149373173713684 -0.05143350362777709
v 0.02785957232117653 0.02512357011437416 -0.0539029948413372
v 0.027778085321187973 0.025019854307174683 -0.052995853126049035
v 0.026989173144102097 0.017514023929834366 -0.0563499592244625
v 0.027282126247882843 0.01894531026482582 -0.05588970705866813
v 0.026027649641036987 0.01678035780787468 -0.05424152314662933
v 0.026027649641036987 0.01678035780787468 -0.05424152314662933
v 0.027282126247882843 0.01894531026482582 -0.05588970705866813
v 0.02739907056093216 0.019624777138233185 -0.05567121505737304
v 0.026027649641036987 0.01678035780787468 -0.05424152314662933
v 0.02739907056093216 0.019624777138233185 -0.05567121505737304
v 0.02687842771410942 0.022466104477643967 -0.048506502062082284
v 0.02687842771410942 0.022466104477643967 -0.048506502062082284
v 0.02739907056093216 0.019624777138233185 -0.05567121505737304
v 0.027551524341106415 0.024149373173713684 -0.05143350362777709
v 0.02687842771410942 0.022466104477643967 -0.048506502062082284
v 0.027551524341106415 0.024149373173713684 -0.05143350362777709
v 0.02789628505706787 0.02776898443698883 -0.04282474517822265
v 0.02425338327884674 0.010102849453687668 -0.058733131736516946
v 0.024521738290786743 0.01061171293258667 -0.058569498360157006
v 0.02432553842663765 0.010582327842712402 -0.0582996979355812
v 0.02432553842663765 0.010582327842712402 -0.0582996979355812
v 0.024521738290786743 0.01061171293258667 -0.058569498360157006
v 0.024538114666938782 0.010643690824508667 -0.05855921655893325
v 0.02432553842663765 0.010582327842712402 -0.0582996979355812
v 0.024538114666938782 0.010643690824508667 -0.05855921655893325
v 0.025300074368715286 0.01628522202372551 -0.05281952396035194
v 0.025300074368715286 0.01628522202372551 -0.05281952396035194
v 0.024538114666938782 0.010643690824508667 -0.05855921655893325
v 0.02558783069252968 0.012965746223926544 -0.057812523096799844
v 0.023254752159118652 0.010439302772283554 -0.05688849464058875
v 0.022654209285974503 0.007549624890089035 -0.05955416709184646
v 0.02425338327884674 0.010102849453687668 -0.058733131736516946
v 0.0221308171749115 0.010319557040929794 -0.05551080778241157
v 0.020762454718351364 0.0052780881524086 -0.06028460711240768
v 0.021642744541168213 0.006254386156797409 -0.059970669448375695
v 0.020518481731414795 0.005028966814279556 -0.0603647157549858
v 0.01920204982161522 0.00527862086892128 -0.059162173420190804
v 0.01957295462489128 0.004141129553318024 -0.06065020710229873
v 0.01957295462489128 0.004141129553318024 -0.06065020710229873
v 0.01920204982161522 0.00527862086892128 -0.059162173420190804
v 0.0185641311109066 0.0033146999776363373 -0.060915961861610406
v 0.010388374328613281 -0.0003461353771854192 -0.06209314987063407
v 0.013871502131223679 0.0006898604333400726 -0.06176002323627471
v 0.013754680752754211 0.0015385039150714874 -0.06091721355915069
v 0.013754680752754211 0.0015385039150714874 -0.06091721355915069
v 0.013871502131223679 0.0006898604333400726 -0.06176002323627471
v 0.014814283698797226 0.0010853111743927002 -0.06163286417722701
v 0.013754680752754211 0.0015385039150714874 -0.06091721355915069
v 0.014814283698797226 0.0010853111743927002 -0.06163286417722701
v 0.01605190709233284 0.001695241779088974 -0.06143673509359359
v 0.0185641311109066 0.0033146999776363373 -0.060915961861610406
v 0.01920204982161522 0.00527862086892128 -0.059162173420190804
v 0.018003270030021667 0.002902735024690628 -0.06104843690991401
v 0.018003270030021667 0.002902735024690628 -0.06104843690991401
v 0.01920204982161522 0.00527862086892128 -0.059162173420190804
v 0.01765291392803192 0.005611982196569443 -0.05783299356698989
v 0.018003270030021667 0.002902735024690628 -0.06104843690991401
v 0.01765291392803192 0.005611982196569443 -0.05783299356698989
v 0.01605190709233284 0.001695241779088974 -0.06143673509359359
v 0.01605190709233284 0.001695241779088974 -0.06143673509359359
v 0.01765291392803192 0.005611982196569443 -0.05783299356698989
v 0.016049128025770187 0.006000183522701263 -0.05653529614210128
v 0.01605190709233284 0.001695241779088974 -0.06143673509359359
v 0.016049128025770187 0.006000183522701263 -0.05653529614210128
v 0.013754680752754211 0.0015385039150714874 -0.06091721355915069
v 0.009251870214939117 -0.0005652233958244324 -0.06216361001133918
v 0.006914246827363968 -0.0005205161869525909 -0.06197232753038406
v 0.005038779228925705 -0.0010118037462234497 -0.06230723485350608
v 0.005038779228925705 -0.0010118037462234497 -0.06230723485350608
v 0.006914246827363968 -0.0005205161869525909 -0.06197232753038406
v 0.0028760621789842844 -0.0010842233896255493 -0.062330476939678185
v 0.03079461306333542 0.014387737959623337 -0.017471460625529286
v 0.03161300718784332 0.015795860439538956 -0.015482714399695395
v 0.030790124088525772 0.009859513491392136 -0.01642011664807796
v 0.030790124088525772 0.009859513491392136 -0.01642011664807796
v 0.03161300718784332 0.015795860439538956 -0.015482714399695395
v 0.03175009414553642 0.006556451320648193 -0.013376994058489798
v 0.030790124088525772 0.009859513491392136 -0.01642011664807796
v 0.03175009414553642 0.006556451320648193 -0.013376994058489798
v 0.030850879848003387 0.0051494017243385315 -0.01548614166676998
v 0.030850879848003387 0.0051494017243385315 -0.01548614166676998
v 0.03175009414553642 0.006556451320648193 -0.013376994058489798
v 0.030972763895988464 0.00026622411678545177 -0.014654679223895071
v 0.02702692523598671 -0.004435516893863678 -0.020931376144289967
v 0.027069978415966034 -0.002996087074279785 -0.020997336134314534
v 0.028566498309373856 -0.0020941048860549927 -0.018931245431303974
v 0.028566498309373856 -0.0020941048860549927 -0.018931245431303974
v 0.027069978415966034 -0.002996087074279785 -0.020997336134314534
v 0.027056757360696793 0.0018695332109928131 -0.02162121050059795
v 0.028566498309373856 -0.0020941048860549927 -0.018931245431303974
v 0.027056757360696793 0.0018695332109928131 -0.02162121050059795
v 0.028512079268693924 0.0027964822947978973 -0.019612004980444905
v 0.028512079268693924 0.0027964822947978973 -0.019612004980444905
v 0.027056757360696793 0.0018695332109928131 -0.02162121050059795
v 0.027152501046657562 0.006486877799034119 -0.022411724552512165
v 0.028512079268693924 0.0027964822947978973 -0.019612004980444905
v 0.027152501046657562 0.006486877799034119 -0.022411724552512165
v 0.02854788675904274 0.00746551901102066 -0.02043601684272289
v 0.02854788675904274 0.00746551901102066 -0.02043601684272289
v 0.027152501046657562 0.006486877799034119 -0.022411724552512165
v 0.027367375791072845 0.0108376145362854 -0.023385195061564442
v 0.02854788675904274 0.00746551901102066 -0.02043601684272289
v 0.027367375791072845 0.0108376145362854 -0.023385195061564442
v 0.028681442141532898 0.011899072676897049 -0.021418472751975056
v 0.028681442141532898 0.011899072676897049 -0.021418472751975056
v 0.027367375791072845 0.0108376145362854 -0.023385195061564442
v 0.02890823781490326 0.016093730926513672 -0.02256488613784313
v 0.030790157616138458 -0.004435740411281586 -0.014714552089571951
v 0.029866211116313934 -0.001003991812467575 -0.01681610010564327
v 0.030972763895988464 0.00026622411678545177 -0.014654679223895071
v 0.030972763895988464 0.00026622411678545177 -0.014654679223895071
v 0.029866211116313934 -0.001003991812467575 -0.01681610010564327
v 0.02977413311600685 0.0038927271962165833 -0.017566090449690815
v 0.030972763895988464 0.00026622411678545177 -0.014654679223895071
v 0.02977413311600685 0.0038927271962165833 -0.017566090449690815
v 0.030850879848003387 0.0051494017243385315 -0.01548614166676998
v 0.030850879848003387 0.0051494017243385315 -0.01548614166676998
v 0.02977413311600685 0.0038927271962165833 -0.017566090449690815
v 0.029757339507341385 0.008592862635850906 -0.018438694998621937
v 0.030850879848003387 0.0051494017243385315 -0.01548614166676998
v 0.029757339507341385 0.008592862635850906 -0.018438694998621937
v 0.030790124088525772 0.009859513491392136 -0.01642011664807796
v 0.030790124088525772 0.009859513491392136 -0.01642011664807796
v 0.029757339507341385 0.008592862635850906 -0.018438694998621937
v 0.02982085570693016 0.013085518032312393 -0.019448494538664814
v 0.030790124088525772 0.009859513491392136 -0.01642011664807796
v 0.02982085570693016 0.013085518032312393 -0.019448494538664814
v 0.03079461306333542 0.014387737959623337 -0.017471460625529286
v 0.03079461306333542 0.014387737959623337 -0.017471460625529286
v 0.02982085570693016 0.013085518032312393 -0.019448494538664814
v 0.03086019679903984 0.01873256266117096 -0.01864952407777309
v 0.03079461306333542 0.014387737959623337 -0.017471460625529286
v 0.03086019679903984 0.01873256266117096 -0.01864952407777309
v 0.03161300718784332 0.015795860439538956 -0.015482714399695395
v 0.029071461409330368 -0.004435807466506958 -0.017934171482920643
v 0.028566498309373856 -0.0020941048860549927 -0.018931245431303974
v 0.029866211116313934 -0.001003991812467575 -0.01681610010564327
v 0.029866211116313934 -0.001003991812467575 -0.01681610010564327
v 0.028566498309373856 -0.0020941048860549927 -0.018931245431303974
v 0.028512079268693924 0.0027964822947978973 -0.019612004980444905
v 0.029866211116313934 -0.001003991812467575 -0.01681610010564327
v 0.028512079268693924 0.0027964822947978973 -0.019612004980444905
v 0.02977413311600685 0.0038927271962165833 -0.017566090449690815
v 0.02977413311600685 0.0038927271962165833 -0.017566090449690815
v 0.028512079268693924 0.0027964822947978973 -0.019612004980444905
v 0.02854788675904274 0.00746551901102066 -0.02043601684272289
v 0.02977413311600685 0.0038927271962165833 -0.017566090449690815
v 0.02854788675904274 0.00746551901102066 -0.02043601684272289
v 0.029757339507341385 0.008592862635850906 -0.018438694998621937
v 0.029757339507341385 0.008592862635850906 -0.018438694998621937
v 0.02854788675904274 0.00746551901102066 -0.02043601684272289
v 0.028681442141532898 0.011899072676897049 -0.021418472751975056
v 0.029757339507341385 0.008592862635850906 -0.018438694998621937
v 0.028681442141532898 0.011899072676897049 -0.021418472751975056
v 0.02982085570693016 0.013085518032312393 -0.019448494538664814
v 0.02982085570693016 0.013085518032312393 -0.019448494538664814
v 0.028681442141532898 0.011899072676897049 -0.021418472751975056
v 0.02890823781490326 0.016093730926513672 -0.02256488613784313
v 0.02982085570693016 0.013085518032312393 -0.019448494538664814
v 0.02890823781490326 0.016093730926513672 -0.02256488613784313
v 0.03086019679903984 0.01873256266117096 -0.01864952407777309
v 0.03086019679903984 0.01873256266117096 -0.01864952407777309
v 0.02890823781490326 0.016093730926513672 -0.02256488613784313
v 0.02920711785554886 0.02005823329091072 -0.023873297497630116
v 0.03086019679903984 0.01873256266117096 -0.01864952407777309
v 0.02920711785554886 0.02005823329091072 -0.023873297497630116
v 0.03097028285264969 0.022899553179740906 -0.019960073754191395
v 0.03325271233916283 0.02054780349135399 -0.009399620816111563
v 0.03347310423851013 0.0115567147731781 -0.006937434431165456
v 0.033050570636987686 0.009774129837751389 -0.009096248075366018
v 0.033050570636987686 0.009774129837751389 -0.009096248075366018
v 0.03347310423851013 0.0115567147731781 -0.006937434431165456
v 0.033716678619384766 0.00219712033867836 -0.004656953271478414
v 0.033050570636987686 0.009774129837751389 -0.009096248075366018
v 0.033716678619384766 0.00219712033867836 -0.004656953271478414
v 0.03334379941225052 0.00022198629449121654 -0.006961119826883077
v 0.03334379941225052 0.00022198629449121654 -0.006961119826883077
v 0.033716678619384766 0.00219712033867836 -0.004656953271478414
v 0.03379266709089279 -0.004436515271663666 -0.003831928130239248
v 0.03334379941225052 0.00022198629449121654 -0.006961119826883077
v 0.03379266709089279 -0.004436515271663666 -0.003831928130239248
v 0.03318207338452339 -0.00443597137928009 -0.0075730583630502215
v 0.03287730738520622 0.03737024590373039 -0.015207691118121145
v 0.03363088145852089 0.03244493529200554 -0.008007360622286795
v 0.03308708220720291 0.029152218252420425 -0.01212639920413494
v 0.03308708220720291 0.029152218252420425 -0.01212639920413494
v 0.03363088145852089 0.03244493529200554 -0.008007360622286795
v 0.03379180654883385 0.0240384079515934 -0.005215255077928304
v 0.03308708220720291 0.029152218252420425 -0.01212639920413494
v 0.03379180654883385 0.0240384079515934 -0.005215255077928304
v 0.03325271233916283 0.02054780349135399 -0.009399620816111563
v 0.03325271233916283 0.02054780349135399 -0.009399620816111563
v 0.03379180654883385 0.0240384079515934 -0.005215255077928304
v 0.03393276408314705 0.015384025871753693 -0.002605927642434835
v 0.03325271233916283 0.02054780349135399 -0.009399620816111563
v 0.03393276408314705 0.015384025871753693 -0.002605927642434835
v 0.03347310423851013 0.0115567147731781 -0.006937434431165456
v 0.03347310423851013 0.0115567147731781 -0.006937434431165456
v 0.03393276408314705 0.015384025871753693 -0.002605927642434835
v 0.0339997224509716 0.006486948579549789 -0.0001129560259869322
v 0.03347310423851013 0.0115567147731781 -0.006937434431165456
v 0.0339997224509716 0.006486948579549789 -0.0001129560259869322
v 0.033716678619384766 0.00219712033867836 -0.004656953271478414
v 0.033716678619384766 0.00219712033867836 -0.004656953271478414
v 0.0339997224509716 0.006486948579549789 -0.0001129560259869322
v 0.033999983221292496 0.004948388785123825 2.2297137469706736e-09
v 0.033716678619384766 0.00219712033867836 -0.004656953271478414
v 0.033999983221292496 0.004948388785123825 2.2297137469706736e-09
v 0.03385798633098602 -0.004436619579792023 -0.00316804414615035
v 0.03385798633098602 -0.004436619579792023 -0.00316804414615035
v 0.033999983221292496 0.004948388785123825 2.2297137469706736e-09
v 0.033999986946582794 -0.004435934126377106 2.2297137469706736e-09
v 0.03363088145852089 0.03244493529200554 -0.008007360622286795
v 0.033994823694229126 0.027677278965711594 -0.0009239368373528122
v 0.03379180654883385 0.0240384079515934 -0.005215255077928304
v 0.03379180654883385 0.0240384079515934 -0.005215255077928304
v 0.033994823694229126 0.027677278965711594 -0.0009239368373528122
v 0.033999983221292496 0.0239437036216259 2.2297137469706736e-09
v 0.03379180654883385 0.0240384079515934 -0.005215255077928304
v 0.033999983221292496 0.0239437036216259 2.2297137469706736e-09
v 0.03393276408314705 0.015384025871753693 -0.002605927642434835
v 0.03393276408314705 0.015384025871753693 -0.002605927642434835
v 0.033999983221292496 0.0239437036216259 2.2297137469706736e-09
v 0.033999983221292496 0.01813366264104843 2.2297137469706736e-09
v 0.033999983221292496 0.006931640207767487 2.2297137469706736e-09
v 0.026872478425502777 0.017486494034528732 -0.027938431128859516
v 0.02748347446322441 0.020866375416517258 -0.029505131766200062
v 0.029538631439208984 0.02381221577525139 -0.025339333340525624
v 0.02702692523598671 -0.004435516893863678 -0.020931376144289967
v 0.025370042771100998 -0.0037040188908576965 -0.023019311949610707
v 0.027069978415966034 -0.002996087074279785 -0.020997336134314534
v 0.027069978415966034 -0.002996087074279785 -0.020997336134314534
v 0.025370042771100998 -0.0037040188908576965 -0.023019311949610707
v 0.025398187339305878 0.0011193826794624329 -0.023593461140990254
v 0.027069978415966034 -0.002996087074279785 -0.020997336134314534
v 0.025398187339305878 0.0011193826794624329 -0.023593461140990254
v 0.027056757360696793 0.0018695332109928131 -0.02162121050059795
v 0.027056757360696793 0.0018695332109928131 -0.02162121050059795
v 0.025398187339305878 0.0011193826794624329 -0.023593461140990254
v 0.025561772286891937 0.0056653618812561035 -0.024364924058318135
v 0.027056757360696793 0.0018695332109928131 -0.02162121050059795
v 0.025561772286891937 0.0056653618812561035 -0.024364924058318135
v 0.027152501046657562 0.006486877799034119 -0.022411724552512165
v 0.027152501046657562 0.006486877799034119 -0.022411724552512165
v 0.025561772286891937 0.0056653618812561035 -0.024364924058318135
v 0.025871261954307556 0.00990946963429451 -0.025350591167807576
v 0.027152501046657562 0.006486877799034119 -0.022411724552512165
v 0.025871261954307556 0.00990946963429451 -0.025350591167807576
v 0.027367375791072845 0.0108376145362854 -0.023385195061564442
v 0.027367375791072845 0.0108376145362854 -0.023385195061564442
v 0.025871261954307556 0.00990946963429451 -0.025350591167807576
v 0.026318203657865524 0.013845138251781464 -0.02654733322560787
v 0.027367375791072845 0.0108376145362854 -0.023385195061564442
v 0.026318203657865524 0.013845138251781464 -0.02654733322560787
v 0.02890823781490326 0.016093730926513672 -0.02256488613784313
v 0.02890823781490326 0.016093730926513672 -0.02256488613784313
v 0.026318203657865524 0.013845138251781464 -0.02654733322560787
v 0.026872478425502777 0.017486494034528732 -0.027938431128859516
v 0.02890823781490326 0.016093730926513672 -0.02256488613784313
v 0.026872478425502777 0.017486494034528732 -0.027938431128859516
v 0.02920711785554886 0.02005823329091072 -0.023873297497630116
v 0.02920711785554886 0.02005823329091072 -0.023873297497630116
v 0.026872478425502777 0.017486494034528732 -0.027938431128859516
v 0.029538631439208984 0.02381221577525139 -0.025339333340525624
v 0.02920711785554886 0.02005823329091072 -0.023873297497630116
v 0.029538631439208984 0.02381221577525139 -0.025339333340525624
v 0.03097028285264969 0.022899553179740906 -0.019960073754191395
v 0.031179632991552353 0.0307505801320076 -0.02299549244344234
v 0.03215663135051727 0.03409181535243988 -0.019143005833029744
v 0.03223077207803726 0.025951974093914032 -0.01608355157077312
v 0.03318207338452339 -0.00443597137928009 -0.0075730583630502215
v 0.032798267900943756 -0.0016099214553833008 -0.009280217811465262
v 0.03334379941225052 0.00022198629449121654 -0.006961119826883077
v 0.03334379941225052 0.00022198629449121654 -0.006961119826883077
v 0.032798267900943756 -0.0016099214553833008 -0.009280217811465262
v 0.03248011693358421 0.00810239464044571 -0.011244824156165121
v 0.03334379941225052 0.00022198629449121654 -0.006961119826883077
v 0.03248011693358421 0.00810239464044571 -0.011244824156165121
v 0.033050570636987686 0.009774129837751389 -0.009096248075366018
v 0.033050570636987686 0.009774129837751389 -0.009096248075366018
v 0.03248011693358421 0.00810239464044571 -0.011244824156165121
v 0.0322873629629612 0.017299387603998184 -0.013477353379130362
v 0.033050570636987686 0.009774129837751389 -0.009096248075366018
v 0.0322873629629612 0.017299387603998184 -0.013477353379130362
v 0.03325271233916283 0.02054780349135399 -0.009399620816111563
v 0.03325271233916283 0.02054780349135399 -0.009399620816111563
v 0.0322873629629612 0.017299387603998184 -0.013477353379130362
v 0.03223077207803726 0.025951974093914032 -0.01608355157077312
v 0.03325271233916283 0.02054780349135399 -0.009399620816111563
v 0.03223077207803726 0.025951974093914032 -0.01608355157077312
v 0.03308708220720291 0.029152218252420425 -0.01212639920413494
v 0.03308708220720291 0.029152218252420425 -0.01212639920413494
v 0.03223077207803726 0.025951974093914032 -0.01608355157077312
v 0.03215663135051727 0.03409181535243988 -0.019143005833029744
v 0.03308708220720291 0.029152218252420425 -0.01212639920413494
v 0.03215663135051727 0.03409181535243988 -0.019143005833029744
v 0.03287730738520622 0.03737024590373039 -0.015207691118121145
v 0.03400007262825966 0.05538341403007507 2.2297137469706736e-09
v 0.033999983221292496 0.04811232164502144 2.2297137469706736e-09
v 0.03392495959997177 0.05522185191512108 -0.003541221376508474
v 0.03392495959997177 0.05522185191512108 -0.003541221376508474
v 0.033999983221292496 0.04811232164502144 2.2297137469706736e-09
v 0.033980462700128555 0.0467984639108181 -0.002044369932264089
v 0.03392495959997177 0.05522185191512108 -0.003541221376508474
v 0.033980462700128555 0.0467984639108181 -0.002044369932264089
v 0.033855654299259186 0.05421113222837448 -0.0050853840075433246
v 0.033855654299259186 0.05421113222837448 -0.0050853840075433246
v 0.033980462700128555 0.0467984639108181 -0.002044369932264089
v 0.033481158316135406 0.051361508667469025 -0.009903488680720328
v 0.033855654299259186 0.05421113222837448 -0.0050853840075433246
v 0.033481158316135406 0.051361508667469025 -0.009903488680720328
v 0.03368976339697838 0.05472530797123909 -0.007137236651033162
v 0.03368976339697838 0.05472530797123909 -0.007137236651033162
v 0.033481158316135406 0.051361508667469025 -0.009903488680720328
v 0.03328479826450348 0.0538627915084362 -0.010922363027930258
v -1.1019478662888105e-08 -0.0011013224720954895 -0.06233593448996543
v 0.004624065011739731 0.0009377859532833099 -0.06066096574068069
v 0.0023451189044862986 0.0024130940437316895 -0.05927987024188041
v 0.0023451189044862986 0.0024130940437316895 -0.05927987024188041
v 0.004624065011739731 0.0009377859532833099 -0.06066096574068069
v 0.008360099047422409 0.001464005559682846 -0.060267683118581765
v 0.0023451189044862986 0.0024130940437316895 -0.05927987024188041
v 0.008360099047422409 0.001464005559682846 -0.060267683118581765
v 0.004069332033395767 0.003935758024454117 -0.05760789290070533
v 0.004069332033395767 0.003935758024454117 -0.05760789290070533
v 0.008360099047422409 0.001464005559682846 -0.060267683118581765
v 0.005804460495710373 0.005353473126888275 -0.05572263896465301
v 0.005804460495710373 0.005353473126888275 -0.05572263896465301
v 0.008360099047422409 0.001464005559682846 -0.060267683118581765
v 0.009802978485822678 0.0033720768988132477 -0.05836795270442962
v 0.005804460495710373 0.005353473126888275 -0.05572263896465301
v 0.009802978485822678 0.0033720768988132477 -0.05836795270442962
v 0.007562406361103058 0.006644777953624725 -0.0536157265305519
v 0.007562406361103058 0.006644777953624725 -0.0536157265305519
v 0.009802978485822678 0.0033720768988132477 -0.05836795270442962
v 0.011253345757722855 0.005188286304473877 -0.05626706033945083
v 0.007562406361103058 0.006644777953624725 -0.0536157265305519
v 0.011253345757722855 0.005188286304473877 -0.05626706033945083
v 0.01272473856806755 0.006901238113641739 -0.05398052185773849
v -1.1019478662888105e-08 -0.0011013224720954895 -0.06233593448996543
v 0.0028760621789842844 -0.0010842233896255493 -0.062330476939678185
v 0.004624065011739731 0.0009377859532833099 -0.06066096574068069
v 0.004624065011739731 0.0009377859532833099 -0.06066096574068069
v 0.0028760621789842844 -0.0010842233896255493 -0.062330476939678185
v 0.006914246827363968 -0.0005205161869525909 -0.06197232753038406
v 0.004624065011739731 0.0009377859532833099 -0.06066096574068069
v 0.006914246827363968 -0.0005205161869525909 -0.06197232753038406
v 0.008360099047422409 0.001464005559682846 -0.060267683118581765
v 0.008360099047422409 0.001464005559682846 -0.060267683118581765
v 0.006914246827363968 -0.0005205161869525909 -0.06197232753038406
v 0.009251870214939117 -0.0005652233958244324 -0.06216361001133918
v 0.008360099047422409 0.001464005559682846 -0.060267683118581765
v 0.009251870214939117 -0.0005652233958244324 -0.06216361001133918
v 0.009802978485822678 0.0033720768988132477 -0.05836795270442962
v 0.009802978485822678 0.0033720768988132477 -0.05836795270442962
v 0.009251870214939117 -0.0005652233958244324 -0.06216361001133918
v 0.011794071644544601 0.0024213269352912903 -0.05963720008730888
v 0.009802978485822678 0.0033720768988132477 -0.05836795270442962
v 0.011794071644544601 0.0024213269352912903 -0.05963720008730888
v 0.011253345757722855 0.005188286304473877 -0.05626706033945083
v 0.011253345757722855 0.005188286304473877 -0.05626706033945083
v 0.011794071644544601 0.0024213269352912903 -0.05963720008730888
v 0.013090357184410095 0.004474382847547531 -0.05753690749406814
v 0.011253345757722855 0.005188286304473877 -0.05626706033945083
v 0.013090357184410095 0.004474382847547531 -0.05753690749406814
v 0.01272473856806755 0.006901238113641739 -0.05398052185773849
v 0.01272473856806755 0.006901238113641739 -0.05398052185773849
v 0.013090357184410095 0.004474382847547531 -0.05753690749406814
v 0.014401514083147049 0.006435520946979523 -0.05525752902030944
v 0.01272473856806755 0.006901238113641739 -0.05398052185773849
v 0.014401514083147049 0.006435520946979523 -0.05525752902030944
v 0.014227505773305893 0.008507627993822098 -0.05154730007052421
v 0.009356886148452759 0.0078077055513858795 -0.0513165034353733
v 0.007562406361103058 0.006644777953624725 -0.0536157265305519
v 0.011036522686481476 0.007370885461568832 -0.05267789587378501
v 0.011036522686481476 0.007370885461568832 -0.05267789587378501
v 0.007562406361103058 0.006644777953624725 -0.0536157265305519
v 0.01272473856806755 0.006901238113641739 -0.05398052185773849
v 0.011036522686481476 0.007370885461568832 -0.05267789587378501
v 0.01272473856806755 0.006901238113641739 -0.05398052185773849
v 0.012706443667411804 0.00870196521282196 -0.05024171993136405
v 0.012706443667411804 0.00870196521282196 -0.05024171993136405
v 0.01272473856806755 0.006901238113641739 -0.05398052185773849
v 0.014227505773305893 0.008507627993822098 -0.05154730007052421
v 0.012706443667411804 0.00870196521282196 -0.05024171993136405
v 0.014227505773305893 0.008507627993822098 -0.05154730007052421
v 0.014412827789783478 0.009931441396474838 -0.0477277748286724
v 0.009356886148452759 0.0078077055513858795 -0.0513165034353733
v 0.011036522686481476 0.007370885461568832 -0.05267789587378501
v 0.011195268481969833 0.008848890662193298 -0.04888766258955001
v 0.011195268481969833 0.008848890662193298 -0.04888766258955001
v 0.011036522686481476 0.007370885461568832 -0.05267789587378501
v 0.012706443667411804 0.00870196521282196 -0.05024171993136405
v 0.011195268481969833 0.008848890662193298 -0.04888766258955001
v 0.012706443667411804 0.00870196521282196 -0.05024171993136405
v 0.013073194772005081 0.009788069874048233 -0.04640302062034606
v 0.013073194772005081 0.009788069874048233 -0.04640302062034606
v 0.012706443667411804 0.00870196521282196 -0.05024171993136405
v 0.014412827789783478 0.009931441396474838 -0.0477277748286724
v 0.013073194772005081 0.009788069874048233 -0.04640302062034606
v 0.014412827789783478 0.009931441396474838 -0.0477277748286724
v 0.014974873512983322 0.010660678148269653 -0.04392105713486671
v 0.014974873512983322 0.010660678148269653 -0.04392105713486671
v 0.014412827789783478 0.009931441396474838 -0.0477277748286724
v 0.01788419857621193 0.012190405279397964 -0.04267176240682601
v 0.014974873512983322 0.010660678148269653 -0.04392105713486671
v 0.01788419857621193 0.012190405279397964 -0.04267176240682601
v 0.016877170652151108 0.01150709018111229 -0.041475687175989144
v 0.016877170652151108 0.01150709018111229 -0.041475687175989144
v 0.01788419857621193 0.012190405279397964 -0.04267176240682601
v 0.018753647804260254 0.012362848967313766 -0.039079669862985604
v 0.018753647804260254 0.012362848967313766 -0.039079669862985604
v 0.01788419857621193 0.012190405279397964 -0.04267176240682601
v 0.021293025463819504 0.014382071793079376 -0.03775970265269279
v 0.018753647804260254 0.012362848967313766 -0.039079669862985604
v 0.021293025463819504 0.014382071793079376 -0.03775970265269279
v 0.020577188581228256 0.013255272060632706 -0.03673693910241126
v 0.020577188581228256 0.013255272060632706 -0.03673693910241126
v 0.021293025463819504 0.014382071793079376 -0.03775970265269279
v 0.024447202682495117 0.016688507050275803 -0.0330885462462902
v 0.020577188581228256 0.013255272060632706 -0.03673693910241126
v 0.024447202682495117 0.016688507050275803 -0.0330885462462902
v 0.02396509423851967 0.015221308916807175 -0.03222150728106498
v 0.009251870214939117 -0.0005652233958244324 -0.06216361001133918
v 0.010388374328613281 -0.0003461353771854192 -0.06209314987063407
v 0.011794071644544601 0.0024213269352912903 -0.05963720008730888
v 0.011794071644544601 0.0024213269352912903 -0.05963720008730888
v 0.010388374328613281 -0.0003461353771854192 -0.06209314987063407
v 0.013754680752754211 0.0015385039150714874 -0.06091721355915069
v 0.011794071644544601 0.0024213269352912903 -0.05963720008730888
v 0.013754680752754211 0.0015385039150714874 -0.06091721355915069
v 0.013090357184410095 0.004474382847547531 -0.05753690749406814
v 0.013090357184410095 0.004474382847547531 -0.05753690749406814
v 0.013754680752754211 0.0015385039150714874 -0.06091721355915069
v 0.016049128025770187 0.006000183522701263 -0.05653529614210128
v 0.013090357184410095 0.004474382847547531 -0.05753690749406814
v 0.016049128025770187 0.006000183522701263 -0.05653529614210128
v 0.014401514083147049 0.006435520946979523 -0.05525752902030944
v 0.014401514083147049 0.006435520946979523 -0.05525752902030944
v 0.016049128025770187 0.006000183522701263 -0.05653529614210128
v 0.01573915407061577 0.00829850509762764 -0.052829213440418236
v 0.014401514083147049 0.006435520946979523 -0.05525752902030944
v 0.01573915407061577 0.00829850509762764 -0.052829213440418236
v 0.014227505773305893 0.008507627993822098 -0.05154730007052421
v 0.014227505773305893 0.008507627993822098 -0.05154730007052421
v 0.01573915407061577 0.00829850509762764 -0.052829213440418236
v 0.015763945877552032 0.010013863444328308 -0.0490192137658596
v 0.014227505773305893 0.008507627993822098 -0.05154730007052421
v 0.015763945877552032 0.010013863444328308 -0.0490192137658596
v 0.014412827789783478 0.009931441396474838 -0.0477277748286724
v 0.014412827789783478 0.009931441396474838 -0.0477277748286724
v 0.015763945877552032 0.010013863444328308 -0.0490192137658596
v 0.018904265016317368 0.012796632945537567 -0.04387065395712852
v 0.014412827789783478 0.009931441396474838 -0.0477277748286724
v 0.018904265016317368 0.012796632945537567 -0.04387065395712852
v 0.01788419857621193 0.012190405279397964 -0.04267176240682601
v 0.01788419857621193 0.012190405279397964 -0.04267176240682601
v 0.018904265016317368 0.012796632945537567 -0.04387065395712852
v 0.0220210961997509 0.015430867671966553 -0.03881241008639335
v 0.01788419857621193 0.012190405279397964 -0.04267176240682601
v 0.0220210961997509 0.015430867671966553 -0.03881241008639335
v 0.021293025463819504 0.014382071793079376 -0.03775970265269279
v 0.021293025463819504 0.014382071793079376 -0.03775970265269279
v 0.0220210961997509 0.015430867671966553 -0.03881241008639335
v 0.024939116090536118 0.018085099756717682 -0.03399692848324775
v 0.021293025463819504 0.014382071793079376 -0.03775970265269279
v 0.024939116090536118 0.018085099756717682 -0.03399692848324775
v 0.024447202682495117 0.016688507050275803 -0.0330885462462902
v 0.025908373296260834 0.020703338086605072 -0.0359317697584629
v 0.02274809405207634 0.01641613245010376 -0.039893787354230874
v 0.023460987955331802 0.017351150512695312 -0.04100488126277923
v 0.023460987955331802 0.017351150512695312 -0.04100488126277923
v 0.02274809405207634 0.01641613245010376 -0.039893787354230874
v 0.019921474158763885 0.013347432017326355 -0.04507644847035407
v 0.023460987955331802 0.017351150512695312 -0.04100488126277923
v 0.019921474158763885 0.013347432017326355 -0.04507644847035407
v 0.020921513438224792 0.013861414045095444 -0.046295404434204095
v 0.020921513438224792 0.013861414045095444 -0.046295404434204095
v 0.019921474158763885 0.013347432017326355 -0.04507644847035407
v 0.01710827276110649 0.010064516216516495 -0.050293933600187295
v 0.020921513438224792 0.013861414045095444 -0.046295404434204095
v 0.01710827276110649 0.010064516216516495 -0.050293933600187295
v 0.018429402261972427 0.010106317698955536 -0.05156787857413291
v 0.018429402261972427 0.010106317698955536 -0.05156787857413291
v 0.01971343904733658 0.010156206786632538 -0.05285519734025001
v 0.021891769021749496 0.014353882521390915 -0.047534827142953866
v 0.02678225189447403 0.023147590458393097 -0.03802883997559547
v 0.02414752170443535 0.018247876316308975 -0.042148478329181664
v 0.024796761572360992 0.0191168412566185 -0.043328564614057534
v 0.024796761572360992 0.0191168412566185 -0.043328564614057534
v 0.02414752170443535 0.018247876316308975 -0.042148478329181664
v 0.021891769021749496 0.014353882521390915 -0.047534827142953866
v 0.024796761572360992 0.0191168412566185 -0.043328564614057534
v 0.021891769021749496 0.014353882521390915 -0.047534827142953866
v 0.02282145619392395 0.014836497604846954 -0.048801936209201806
v 0.02282145619392395 0.014836497604846954 -0.048801936209201806
v 0.021891769021749496 0.014353882521390915 -0.047534827142953866
v 0.01971343904733658 0.010156206786632538 -0.05285519734025001
v 0.02282145619392395 0.014836497604846954 -0.048801936209201806
v 0.01971343904733658 0.010156206786632538 -0.05285519734025001
v 0.0209495946764946 0.01022537425160408 -0.05416711047291755
v 0.018429402261972427 0.010106317698955536 -0.05156787857413291
v 0.021891769021749496 0.014353882521390915 -0.047534827142953866
v 0.020921513438224792 0.013861414045095444 -0.046295404434204095
v 0.020921513438224792 0.013861414045095444 -0.046295404434204095
v 0.021891769021749496 0.014353882521390915 -0.047534827142953866
v 0.02414752170443535 0.018247876316308975 -0.042148478329181664
v 0.020921513438224792 0.013861414045095444 -0.046295404434204095
v 0.02414752170443535 0.018247876316308975 -0.042148478329181664
v 0.023460987955331802 0.017351150512695312 -0.04100488126277923
v 0.023460987955331802 0.017351150512695312 -0.04100488126277923
v 0.02414752170443535 0.018247876316308975 -0.042148478329181664
v 0.02678225189447403 0.023147590458393097 -0.03802883997559547
v 0.023460987955331802 0.017351150512695312 -0.04100488126277923
v 0.02678225189447403 0.023147590458393097 -0.03802883997559547
v 0.025908373296260834 0.020703338086605072 -0.0359317697584629
v 0.025908373296260834 0.020703338086605072 -0.0359317697584629
v 0.02678225189447403 0.023147590458393097 -0.03802883997559547
v 0.028082914650440216 0.024029526859521866 -0.031237235292792317
v 0.025908373296260834 0.020703338086605072 -0.0359317697584629
v 0.028082914650440216 0.024029526859521866 -0.031237235292792317
v 0.02748347446322441 0.020866375416517258 -0.029505131766200062
v 0.02748347446322441 0.020866375416517258 -0.029505131766200062
v 0.028082914650440216 0.024029526859521866 -0.031237235292792317
v 0.02984623983502388 0.02738325297832489 -0.026961585506796833
v 0.02748347446322441 0.020866375416517258 -0.029505131766200062
v 0.02984623983502388 0.02738325297832489 -0.026961585506796833
v 0.029538631439208984 0.02381221577525139 -0.025339333340525624
v 0.029538631439208984 0.02381221577525139 -0.025339333340525624
v 0.02984623983502388 0.02738325297832489 -0.026961585506796833
v 0.031179632991552353 0.0307505801320076 -0.02299549244344234
v 0.029538631439208984 0.02381221577525139 -0.025339333340525624
v 0.031179632991552353 0.0307505801320076 -0.02299549244344234
v 0.03097028285264969 0.022899553179740906 -0.019960073754191395
v 0.03097028285264969 0.022899553179740906 -0.019960073754191395
v 0.031179632991552353 0.0307505801320076 -0.02299549244344234
v 0.03223077207803726 0.025951974093914032 -0.01608355157077312
v 0.03097028285264969 0.022899553179740906 -0.019960073754191395
v 0.03223077207803726 0.025951974093914032 -0.01608355157077312
v 0.03086019679903984 0.01873256266117096 -0.01864952407777309
v 0.03086019679903984 0.01873256266117096 -0.01864952407777309
v 0.03223077207803726 0.025951974093914032 -0.01608355157077312
v 0.0322873629629612 0.017299387603998184 -0.013477353379130362
v 0.03086019679903984 0.01873256266117096 -0.01864952407777309
v 0.0322873629629612 0.017299387603998184 -0.013477353379130362
v 0.03161300718784332 0.015795860439538956 -0.015482714399695395
v 0.03161300718784332 0.015795860439538956 -0.015482714399695395
v 0.0322873629629612 0.017299387603998184 -0.013477353379130362
v 0.03248011693358421 0.00810239464044571 -0.011244824156165121
v 0.03161300718784332 0.015795860439538956 -0.015482714399695395
v 0.03248011693358421 0.00810239464044571 -0.011244824156165121
v 0.03175009414553642 0.006556451320648193 -0.013376994058489798
v 0.03175009414553642 0.006556451320648193 -0.013376994058489798
v 0.03248011693358421 0.00810239464044571 -0.011244824156165121
v 0.032798267900943756 -0.0016099214553833008 -0.009280217811465262
v 0.03175009414553642 0.006556451320648193 -0.013376994058489798
v 0.032798267900943756 -0.0016099214553833008 -0.009280217811465262
v 0.03206893056631088 -0.0032804980874061584 -0.01159997098147869
v 0.03206893056631088 -0.0032804980874061584 -0.01159997098147869
v 0.032798267900943756 -0.0016099214553833008 -0.009280217811465262
v 0.03318207338452339 -0.00443597137928009 -0.0075730583630502215
v 0.03206893056631088 -0.0032804980874061584 -0.01159997098147869
v 0.03318207338452339 -0.00443597137928009 -0.0075730583630502215
v 0.0321800634264946 -0.004436001181602478 -0.011213114485144613
v 0.02747265249490738 0.0254838764667511 -0.04031258448958396
v 0.025399602949619293 0.019967034459114075 -0.04454975947737693
v 0.025949522852897644 0.020805541425943375 -0.045816786587238305
v 0.025949522852897644 0.020805541425943375 -0.045816786587238305
v 0.025399602949619293 0.019967034459114075 -0.04454975947737693
v 0.023701708763837814 0.015317011624574661 -0.05010274797677993
v 0.025949522852897644 0.020805541425943375 -0.045816786587238305
v 0.023701708763837814 0.015317011624574661 -0.05010274797677993
v 0.024526692926883698 0.015799112617969513 -0.05144107341766357
v 0.024526692926883698 0.015799112617969513 -0.05144107341766357
v 0.023701708763837814 0.015317011624574661 -0.05010274797677993
v 0.0221308171749115 0.010319557040929794 -0.05551080778241157
v 0.024526692926883698 0.015799112617969513 -0.05144107341766357
v 0.0221308171749115 0.010319557040929794 -0.05551080778241157
v 0.023254752159118652 0.010439302772283554 -0.05688849464058875
v 0.023254752159118652 0.010439302772283554 -0.05688849464058875
v 0.0221308171749115 0.010319557040929794 -0.05551080778241157
v 0.021642744541168213 0.006254386156797409 -0.059970669448375695
v 0.023254752159118652 0.010439302772283554 -0.05688849464058875
v 0.021642744541168213 0.006254386156797409 -0.059970669448375695
v 0.022654209285974503 0.007549624890089035 -0.05955416709184646
v 0.02789628505706787 0.02776898443698883 -0.04282474517822265
v 0.026443522423505783 0.02163676917552948 -0.047134179621934884
v 0.02687842771410942 0.022466104477643967 -0.048506502062082284
v 0.02687842771410942 0.022466104477643967 -0.048506502062082284
v 0.026443522423505783 0.02163676917552948 -0.047134179621934884
v 0.025300074368715286 0.01628522202372551 -0.05281952396035194
v 0.02687842771410942 0.022466104477643967 -0.048506502062082284
v 0.025300074368715286 0.01628522202372551 -0.05281952396035194
v 0.026027649641036987 0.01678035780787468 -0.05424152314662933
v 0.026027649641036987 0.01678035780787468 -0.05424152314662933
v 0.025300074368715286 0.01628522202372551 -0.05281952396035194
v 0.02558783069252968 0.012965746223926544 -0.057812523096799844
v 0.026027649641036987 0.01678035780787468 -0.05424152314662933
v 0.02558783069252968 0.012965746223926544 -0.057812523096799844
v 0.026712603867053986 0.01638989895582199 -0.056711439043283456
v 0.02425338327884674 0.010102849453687668 -0.058733131736516946
v 0.02432553842663765 0.010582327842712402 -0.0582996979355812
v 0.023254752159118652 0.010439302772283554 -0.05688849464058875
v 0.023254752159118652 0.010439302772283554 -0.05688849464058875
v 0.02432553842663765 0.010582327842712402 -0.0582996979355812
v 0.025300074368715286 0.01628522202372551 -0.05281952396035194
v 0.023254752159118652 0.010439302772283554 -0.05688849464058875
v 0.025300074368715286 0.01628522202372551 -0.05281952396035194
v 0.024526692926883698 0.015799112617969513 -0.05144107341766357
v 0.024526692926883698 0.015799112617969513 -0.05144107341766357
v 0.025300074368715286 0.01628522202372551 -0.05281952396035194
v 0.026443522423505783 0.02163676917552948 -0.047134179621934884
v 0.024526692926883698 0.015799112617969513 -0.05144107341766357
v 0.026443522423505783 0.02163676917552948 -0.047134179621934884
v 0.025949522852897644 0.020805541425943375 -0.045816786587238305
v 0.025949522852897644 0.020805541425943375 -0.045816786587238305
v 0.026443522423505783 0.02163676917552948 -0.047134179621934884
v 0.02789628505706787 0.02776898443698883 -0.04282474517822265
v 0.025949522852897644 0.020805541425943375 -0.045816786587238305
v 0.02789628505706787 0.02776898443698883 -0.04282474517822265
v 0.02747265249490738 0.0254838764667511 -0.04031258448958396
v 0.02890361100435257 0.02989843674004078 -0.03522027656435966
v 0.02747265249490738 0.0254838764667511 -0.04031258448958396
v 0.02890361100435257 0.02989843674004078 -0.03522027656435966
v 0.028589393943548203 0.02702518180012703 -0.03313732519745826
v 0.028589393943548203 0.02702518180012703 -0.03313732519745826
v 0.02890361100435257 0.02989843674004078 -0.03522027656435966
v 0.030062571167945862 0.03409609943628311 -0.030699482187628743
v 0.028589393943548203 0.02702518180012703 -0.03313732519745826
v 0.030062571167945862 0.03409609943628311 -0.030699482187628743
v 0.030053161084651947 0.030801478773355484 -0.028744583949446675
v 0.030053161084651947 0.030801478773355484 -0.028744583949446675
v 0.030062571167945862 0.03409609943628311 -0.030699482187628743
v 0.030952125787734985 0.03805972635746002 -0.02662350051105022
v 0.030053161084651947 0.030801478773355484 -0.028744583949446675
v 0.030952125787734985 0.03805972635746002 -0.02662350051105022
v 0.031161412596702576 0.03446568548679352 -0.024731306359171864
v 0.031161412596702576 0.03446568548679352 -0.024731306359171864
v 0.030952125787734985 0.03805972635746002 -0.02662350051105022
v 0.03167695924639702 0.041755154728889465 -0.02270945720374584
v 0.031161412596702576 0.03446568548679352 -0.024731306359171864
v 0.03167695924639702 0.041755154728889465 -0.02270945720374584
v 0.03200235217809677 0.03798322379589081 -0.020861169323325154
v 0.03200235217809677 0.03798322379589081 -0.020861169323325154
v 0.03167695924639702 0.041755154728889465 -0.02270945720374584
v 0.03232859820127487 0.0451781265437603 -0.01870220713317394
v 0.03200235217809677 0.03798322379589081 -0.020861169323325154
v 0.03232859820127487 0.0451781265437603 -0.01870220713317394
v 0.032672811299562454 0.041329097002744675 -0.01690173707902431
v 0.032672811299562454 0.041329097002744675 -0.01690173707902431
v 0.03232859820127487 0.0451781265437603 -0.01870220713317394
v 0.03294413909316063 0.048365212976932526 -0.014450317248702048
v 0.032672811299562454 0.041329097002744675 -0.01690173707902431
v 0.03294413909316063 0.048365212976932526 -0.014450317248702048
v 0.03341786935925484 0.0405750535428524 -0.011062225326895712
v 0.03341786935925484 0.0405750535428524 -0.011062225326895712
v 0.03294413909316063 0.048365212976932526 -0.014450317248702048
v 0.03379126638174057 0.04371520131826401 -0.006664653774350881
v 0.03341786935925484 0.0405750535428524 -0.011062225326895712
v 0.03379126638174057 0.04371520131826401 -0.006664653774350881
v 0.033926259726285934 0.035786256194114685 -0.0036999410949647422
v 0.033926259726285934 0.035786256194114685 -0.0036999410949647422
v 0.03379126638174057 0.04371520131826401 -0.006664653774350881
v 0.033999983221292496 0.04114975780248642 2.2297137469706736e-09
v 0.033999983221292496 0.04114975780248642 2.2297137469706736e-09
v 0.030528947710990906 0.04768340289592743 -0.02603526227176189
v 0.031091611832380295 0.04539824649691582 -0.02468602173030376
v 0.029659368097782135 0.04559066891670227 -0.030029563233256337
v 0.029659368097782135 0.04559066891670227 -0.030029563233256337
v 0.031091611832380295 0.04539824649691582 -0.02468602173030376
v 0.030444089323282242 0.041537415236234665 -0.02867963723838329
v 0.029659368097782135 0.04559066891670227 -0.030029563233256337
v 0.030444089323282242 0.041537415236234665 -0.02867963723838329
v 0.029508501291275024 0.04488695040345192 -0.030899195000529286
v 0.029508501291275024 0.04488695040345192 -0.030899195000529286
v 0.030444089323282242 0.041537415236234665 -0.02867963723838329
v 0.02975837141275406 0.037297509610652924 -0.032849144190549844
v 0.029508501291275024 0.04488695040345192 -0.030899195000529286
v 0.02975837141275406 0.037297509610652924 -0.032849144190549844
v 0.02898348495364189 0.040408551692962646 -0.0352090261876583
v 0.02898348495364189 0.040408551692962646 -0.0352090261876583
v 0.02975837141275406 0.037297509610652924 -0.032849144190549844
v 0.028914999216794968 0.032701652497053146 -0.037523370236158364
v 0.02898348495364189 0.040408551692962646 -0.0352090261876583
v 0.028914999216794968 0.032701652497053146 -0.037523370236158364
v 0.02847498282790184 0.035464975982904434 -0.04008172079920768
v 0.02847498282790184 0.035464975982904434 -0.04008172079920768
v 0.028914999216794968 0.032701652497053146 -0.037523370236158364
v 0.027949895709753036 0.030046312138438225 -0.04560308530926704
v 0.02847498282790184 0.035464975982904434 -0.04008172079920768
v 0.027949895709753036 0.030046312138438225 -0.04560308530926704
v 0.02739683911204338 0.038156911730766296 -0.04289289936423301
v 0.02739683911204338 0.038156911730766296 -0.04289289936423301
v 0.027949895709753036 0.030046312138438225 -0.04560308530926704
v 0.02780059725046158 0.031189611181616783 -0.0470978133380413
v 0.02739683911204338 0.038156911730766296 -0.04289289936423301
v 0.02780059725046158 0.031189611181616783 -0.0470978133380413
v 0.027514390647411346 0.0323357991874218 -0.048662334680557244
v 0.027514390647411346 0.0323357991874218 -0.048662334680557244
v 0.02780059725046158 0.031189611181616783 -0.0470978133380413
v 0.027649208903312683 0.029363449662923813 -0.05253959819674491
v 0.027514390647411346 0.0323357991874218 -0.048662334680557244
v 0.027649208903312683 0.029363449662923813 -0.05253959819674491
v 0.027078453451395035 0.03348126262426376 -0.050293520092964165
v 0.027078453451395035 0.03348126262426376 -0.050293520092964165
v 0.027649208903312683 0.029363449662923813 -0.05253959819674491
v 0.027382493019104004 0.03132054954767227 -0.05191026255488395
v 0.027078453451395035 0.03348126262426376 -0.050293520092964165
v 0.027382493019104004 0.03132054954767227 -0.05191026255488395
v 0.02640153095126152 0.03554883226752281 -0.05055063590407371
v 0.02785957232117653 0.02512357011437416 -0.0539029948413372
v 0.02786076068878174 0.025457914918661118 -0.05379547923803329
v 0.027778085321187973 0.025019854307174683 -0.052995853126049035
v 0.027778085321187973 0.025019854307174683 -0.052995853126049035
v 0.02786076068878174 0.025457914918661118 -0.05379547923803329
v 0.02780059725046158 0.031189611181616783 -0.0470978133380413
v 0.027778085321187973 0.025019854307174683 -0.052995853126049035
v 0.02780059725046158 0.031189611181616783 -0.0470978133380413
v 0.027551524341106415 0.024149373173713684 -0.05143350362777709
v 0.027551524341106415 0.024149373173713684 -0.05143350362777709
v 0.02780059725046158 0.031189611181616783 -0.0470978133380413
v 0.027949895709753036 0.030046312138438225 -0.04560308530926704
v 0.027551524341106415 0.024149373173713684 -0.05143350362777709
v 0.027949895709753036 0.030046312138438225 -0.04560308530926704
v 0.02789628505706787 0.02776898443698883 -0.04282474517822265
v 0.02789628505706787 0.02776898443698883 -0.04282474517822265
v 0.027949895709753036 0.030046312138438225 -0.04560308530926704
v 0.028914999216794968 0.032701652497053146 -0.037523370236158364
v 0.02789628505706787 0.02776898443698883 -0.04282474517822265
v 0.028914999216794968 0.032701652497053146 -0.037523370236158364
v 0.02890361100435257 0.02989843674004078 -0.03522027656435966
v 0.02890361100435257 0.02989843674004078 -0.03522027656435966
v 0.028914999216794968 0.032701652497053146 -0.037523370236158364
v 0.02975837141275406 0.037297509610652924 -0.032849144190549844
v 0.02890361100435257 0.02989843674004078 -0.03522027656435966
v 0.02975837141275406 0.037297509610652924 -0.032849144190549844
v 0.030062571167945862 0.03409609943628311 -0.030699482187628743
v 0.030062571167945862 0.03409609943628311 -0.030699482187628743
v 0.02975837141275406 0.037297509610652924 -0.032849144190549844
v 0.030444089323282242 0.041537415236234665 -0.02867963723838329
v 0.030062571167945862 0.03409609943628311 -0.030699482187628743
v 0.030444089323282242 0.041537415236234665 -0.02867963723838329
v 0.030952125787734985 0.03805972635746002 -0.02662350051105022
v 0.030952125787734985 0.03805972635746002 -0.02662350051105022
v 0.030444089323282242 0.041537415236234665 -0.02867963723838329
v 0.031091611832380295 0.04539824649691582 -0.02468602173030376
v 0.030952125787734985 0.03805972635746002 -0.02662350051105022
v 0.031091611832380295 0.04539824649691582 -0.02468602173030376
v 0.03167695924639702 0.041755154728889465 -0.02270945720374584
v 0.03167695924639702 0.041755154728889465 -0.02270945720374584
v 0.031091611832380295 0.04539824649691582 -0.02468602173030376
v 0.031772956252098083 0.0489027313888073 -0.02060551010072231
v 0.03167695924639702 0.041755154728889465 -0.02270945720374584
v 0.031772956252098083 0.0489027313888073 -0.02060551010072231
v 0.03232859820127487 0.0451781265437603 -0.01870220713317394
v 0.03232859820127487 0.0451781265437603 -0.01870220713317394
v 0.031772956252098083 0.0489027313888073 -0.02060551010072231
v 0.03247566148638725 0.052106793969869614 -0.01628385297954082
v 0.03232859820127487 0.0451781265437603 -0.01870220713317394
v 0.03247566148638725 0.052106793969869614 -0.01628385297954082
v 0.03294413909316063 0.048365212976932526 -0.014450317248702048
v 0.03294413909316063 0.048365212976932526 -0.014450317248702048
v 0.03247566148638725 0.052106793969869614 -0.01628385297954082
v 0.032478250563144684 0.05211248993873596 -0.01626886241137981
v 0.03294413909316063 0.048365212976932526 -0.014450317248702048
v 0.032478250563144684 0.05211248993873596 -0.01626886241137981
v 0.03268808498978615 0.0525718554854393 -0.015020711347460745
v 0.020762454718351364 0.0052780881524086 -0.06028460711240768
v 0.0221308171749115 0.010319557040929794 -0.05551080778241157
v 0.0209495946764946 0.01022537425160408 -0.05416711047291755
v 0.0209495946764946 0.01022537425160408 -0.05416711047291755
v 0.0221308171749115 0.010319557040929794 -0.05551080778241157
v 0.023701708763837814 0.015317011624574661 -0.05010274797677993
v 0.0209495946764946 0.01022537425160408 -0.05416711047291755
v 0.023701708763837814 0.015317011624574661 -0.05010274797677993
v 0.02282145619392395 0.014836497604846954 -0.048801936209201806
v 0.02282145619392395 0.014836497604846954 -0.048801936209201806
v 0.023701708763837814 0.015317011624574661 -0.05010274797677993
v 0.025399602949619293 0.019967034459114075 -0.04454975947737693
v 0.02282145619392395 0.014836497604846954 -0.048801936209201806
v 0.025399602949619293 0.019967034459114075 -0.04454975947737693
v 0.024796761572360992 0.0191168412566185 -0.043328564614057534
v 0.024796761572360992 0.0191168412566185 -0.043328564614057534
v 0.025399602949619293 0.019967034459114075 -0.04454975947737693
v 0.02747265249490738 0.0254838764667511 -0.04031258448958396
v 0.024796761572360992 0.0191168412566185 -0.043328564614057534
v 0.02747265249490738 0.0254838764667511 -0.04031258448958396
v 0.02678225189447403 0.023147590458393097 -0.03802883997559547
v 0.02678225189447403 0.023147590458393097 -0.03802883997559547
v 0.02747265249490738 0.0254838764667511 -0.04031258448958396
v 0.028589393943548203 0.02702518180012703 -0.03313732519745826
v 0.02678225189447403 0.023147590458393097 -0.03802883997559547
v 0.028589393943548203 0.02702518180012703 -0.03313732519745826
v 0.028082914650440216 0.024029526859521866 -0.031237235292792317
v 0.028082914650440216 0.024029526859521866 -0.031237235292792317
v 0.028589393943548203 0.02702518180012703 -0.03313732519745826
v 0.030053161084651947 0.030801478773355484 -0.028744583949446675
v 0.028082914650440216 0.024029526859521866 -0.031237235292792317
v 0.030053161084651947 0.030801478773355484 -0.028744583949446675
v 0.02984623983502388 0.02738325297832489 -0.026961585506796833
v 0.02984623983502388 0.02738325297832489 -0.026961585506796833
v 0.030053161084651947 0.030801478773355484 -0.028744583949446675
v 0.031161412596702576 0.03446568548679352 -0.024731306359171864
v 0.02984623983502388 0.02738325297832489 -0.026961585506796833
v 0.031161412596702576 0.03446568548679352 -0.024731306359171864
v 0.031179632991552353 0.0307505801320076 -0.02299549244344234
v 0.031179632991552353 0.0307505801320076 -0.02299549244344234
v 0.031161412596702576 0.03446568548679352 -0.024731306359171864
v 0.03200235217809677 0.03798322379589081 -0.020861169323325154
v 0.031179632991552353 0.0307505801320076 -0.02299549244344234
v 0.03200235217809677 0.03798322379589081 -0.020861169323325154
v 0.03215663135051727 0.03409181535243988 -0.019143005833029744
v 0.03215663135051727 0.03409181535243988 -0.019143005833029744
v 0.03200235217809677 0.03798322379589081 -0.020861169323325154
v 0.032672811299562454 0.041329097002744675 -0.01690173707902431
v 0.03215663135051727 0.03409181535243988 -0.019143005833029744
v 0.032672811299562454 0.041329097002744675 -0.01690173707902431
v 0.03287730738520622 0.03737024590373039 -0.015207691118121145
v 0.03287730738520622 0.03737024590373039 -0.015207691118121145
v 0.032672811299562454 0.041329097002744675 -0.01690173707902431
v 0.03341786935925484 0.0405750535428524 -0.011062225326895712
v 0.03287730738520622 0.03737024590373039 -0.015207691118121145
v 0.03341786935925484 0.0405750535428524 -0.011062225326895712
v 0.03363088145852089 0.03244493529200554 -0.008007360622286795
v 0.03363088145852089 0.03244493529200554 -0.008007360622286795
v 0.03341786935925484 0.0405750535428524 -0.011062225326895712
v 0.033926259726285934 0.035786256194114685 -0.0036999410949647422
v 0.03363088145852089 0.03244493529200554 -0.008007360622286795
v 0.033926259726285934 0.035786256194114685 -0.0036999410949647422
v 0.033994823694229126 0.027677278965711594 -0.0009239368373528122
v 0.033994823694229126 0.027677278965711594 -0.0009239368373528122
v 0.033926259726285934 0.035786256194114685 -0.0036999410949647422
v 0.033999983221292496 0.02865750715136528 2.2297137469706736e-09
v 0.033994823694229126 0.027677278965711594 -0.0009239368373528122
v 0.033999983221292496 0.02865750715136528 2.2297137469706736e-09
v 0.033999983221292496 0.0239437036216259 2.2297137469706736e-09
v 0.0005351418512873352 0.00046543029020540416 -0.034714009612798684
v 0.003909599035978317 -0.0010525211691856384 -0.034156430512666695
v 9.499133011559024e-05 -0.0015294663608074188 -0.03418296948075294
v 9.499133011559024e-05 -0.0015294663608074188 -0.03418296948075294
v 0.003909599035978317 -0.0010525211691856384 -0.034156430512666695
v 0.0035738127771764994 -0.0031824931502342224 -0.033880200237035744
v 0.007212746888399124 0.0069535039365291595 -0.0392010174691677
v 0.006321471184492111 0.0057638660073280334 -0.03782644495368003
v 0.0045025162398815155 0.007488522678613663 -0.041010532528161996
v 0.0045025162398815155 0.007488522678613663 -0.041010532528161996
v 0.006321471184492111 0.0057638660073280334 -0.03782644495368003
v 0.0034612903837114573 0.00653509795665741 -0.03939038142561912
v 0.0045025162398815155 0.007488522678613663 -0.041010532528161996
v 0.0034612903837114573 0.00653509795665741 -0.03939038142561912
v 0.0018359461100772023 0.007995732128620148 -0.04290542751550674
v 0.0018359461100772023 0.007995732128620148 -0.04290542751550674
v 0.0034612903837114573 0.00653509795665741 -0.03939038142561912
v 0.0006386974710039794 0.007319498807191849 -0.041052874177694314
v 0.0018359461100772023 0.007995732128620148 -0.04290542751550674
v 0.0006386974710039794 0.007319498807191849 -0.041052874177694314
v -5.572296402078791e-08 0.007559128105640411 -0.04162952303886413
v -5.572296402078791e-08 0.007559128105640411 -0.04162952303886413
v 0.0006386974710039794 0.007319498807191849 -0.041052874177694314
v -1.9728399536234065e-07 0.006580449640750885 -0.0396738089621067
v 0.0061095841228961945 0.008407138288021088 -0.04828797280788421
v 0.0023073742631822824 0.008190881460905075 -0.04875844344496726
v 0.003991931676864624 0.007823396474123001 -0.05053133517503738
v 0.003991931676864624 0.007823396474123001 -0.05053133517503738
v 0.0023073742631822824 0.008190881460905075 -0.04875844344496726
v 9.00366940186359e-05 0.007738206535577774 -0.05075500532984733
v 0.003991931676864624 0.007823396474123001 -0.05053133517503738
v 9.00366940186359e-05 0.007738206535577774 -0.05075500532984733
v 0.0019277596147730947 0.0070915184915065765 -0.052590113133192055
v 0.0019277596147730947 0.0070915184915065765 -0.052590113133192055
v 9.00366940186359e-05 0.007738206535577774 -0.05075500532984733
v -1.2277818939310237e-07 0.006874483078718185 -0.053101647645235055
v 0.0019277596147730947 0.0070915184915065765 -0.052590113133192055
v -1.2277818939310237e-07 0.006874483078718185 -0.053101647645235055
v -4.0821802826940257e-08 0.0055861696600914 -0.05544419214129447
v 0.016568828374147415 8.082759450189769e-05 -0.030727734789252278
v 0.016217228025197983 -0.004431761801242828 -0.030207423493266102
v 0.01338028535246849 -0.00400872528553009 -0.031564977020025246
v 0.01338028535246849 -0.00400872528553009 -0.031564977020025246
v 0.016217228025197983 -0.004431761801242828 -0.030207423493266102
v 0.015953760594129562 -0.004435963928699493 -0.030344387516379353
v 0.01338028535246849 -0.00400872528553009 -0.031564977020025246
v 0.015953760594129562 -0.004435963928699493 -0.030344387516379353
v 0.012718785554170609 -0.0044359490275382996 -0.03178053721785545
v 0.009368471801280975 -0.004436098039150238 -0.03283214941620826
v 0.010368742048740387 -0.003309592604637146 -0.032673444598913186
v 0.01338028535246849 -0.00400872528553009 -0.031564977020025246
v 0.01338028535246849 -0.00400872528553009 -0.031564977020025246
v 0.010368742048740387 -0.003309592604637146 -0.032673444598913186
v 0.013581231236457825 -0.001756463199853897 -0.031796310096979134
v 0.01338028535246849 -0.00400872528553009 -0.031564977020025246
v 0.013581231236457825 -0.001756463199853897 -0.031796310096979134
v 0.016568828374147415 8.082759450189769e-05 -0.030727734789252278
v 0.0005351418512873352 0.00046543029020540416 -0.034714009612798684
v 0.001083899405784905 0.00228007510304451 -0.03553763404488563
v 0.003909599035978317 -0.0010525211691856384 -0.034156430512666695
v 0.003909599035978317 -0.0010525211691856384 -0.034156430512666695
v 0.001083899405784905 0.00228007510304451 -0.03553763404488563
v 0.004344619810581207 0.0009290874004364014 -0.034720789641141885
v 0.003909599035978317 -0.0010525211691856384 -0.034156430512666695
v 0.004344619810581207 0.0009290874004364014 -0.034720789641141885
v 0.007543247193098068 -0.00022526088287122548 -0.03390991315245628
v 0.007543247193098068 -0.00022526088287122548 -0.03390991315245628
v 0.004344619810581207 0.0009290874004364014 -0.034720789641141885
v 0.007980618625879288 0.001723121851682663 -0.0345168150961399
v 0.007543247193098068 -0.00022526088287122548 -0.03390991315245628
v 0.007980618625879288 0.001723121851682663 -0.0345168150961399
v 0.010981526225805283 0.0009309239685535431 -0.03341411426663398
v 0.010981526225805283 0.0009309239685535431 -0.03341411426663398
v 0.007980618625879288 0.001723121851682663 -0.0345168150961399
v 0.011420883238315582 0.0028377100825309753 -0.03404827043414115
v 0.010981526225805283 0.0009309239685535431 -0.03341411426663398
v 0.011420883238315582 0.0028377100825309753 -0.03404827043414115
v 0.01420549675822258 0.002392549067735672 -0.03266553208231925
v 0.01420549675822258 0.002392549067735672 -0.03266553208231925
v 0.011420883238315582 0.0028377100825309753 -0.03404827043414115
v 0.014637548476457596 0.004259981215000153 -0.03331054374575614
v -1.8983341476541682e-07 0.0036478564143180847 -0.036448638886213296
v 3.8816825309595515e-09 0.004601903259754181 -0.03725600615143775
v 0.00175185885746032 0.003902226686477661 -0.036609243601560586
v 0.00175185885746032 0.003902226686477661 -0.036609243601560586
v 3.8816825309595515e-09 0.004601903259754181 -0.03725600615143775
v 0.0025439525488764048 0.005328584462404251 -0.03790386393666267
v 0.00175185885746032 0.003902226686477661 -0.036609243601560586
v 0.0025439525488764048 0.005328584462404251 -0.03790386393666267
v 0.004888176918029785 0.002734571695327759 -0.03554426506161689
v 0.004888176918029785 0.002734571695327759 -0.03554426506161689
v 0.0025439525488764048 0.005328584462404251 -0.03790386393666267
v 0.005546268075704575 0.004351343959569931 -0.03659155592322349
v 0.004888176918029785 0.002734571695327759 -0.03554426506161689
v 0.005546268075704575 0.004351343959569931 -0.03659155592322349
v 0.008521340787410736 0.0035010091960430145 -0.035333443433046334
v 0.008521340787410736 0.0035010091960430145 -0.035333443433046334
v 0.005546268075704575 0.004351343959569931 -0.03659155592322349
v 0.009168185293674469 0.005093112587928772 -0.03633082285523414
v 0.008521340787410736 0.0035010091960430145 -0.035333443433046334
v 0.009168185293674469 0.005093112587928772 -0.03633082285523414
v 0.011953767389059067 0.004580717533826828 -0.03484546020627021
v 0.011953767389059067 0.004580717533826828 -0.03484546020627021
v 0.009168185293674469 0.005093112587928772 -0.03633082285523414
v 0.01258009672164917 0.006150055676698685 -0.03578029945492744
v 0.011953767389059067 0.004580717533826828 -0.03484546020627021
v 0.01258009672164917 0.006150055676698685 -0.03578029945492744
v 0.015151146799325943 0.005976557731628418 -0.034080620855092995
v 0.015151146799325943 0.005976557731628418 -0.034080620855092995
v 0.01258009672164917 0.006150055676698685 -0.03578029945492744
v 0.015743792057037354 0.007538795471191406 -0.03495551273226737
v 0.017185237258672714 0.004144508391618729 -0.031689401715993874
v 0.016568828374147415 8.082759450189769e-05 -0.030727734789252278
v 0.013854477554559708 0.00038276982377283275 -0.03215957805514335
v 0.013854477554559708 0.00038276982377283275 -0.03215957805514335
v 0.016568828374147415 8.082759450189769e-05 -0.030727734789252278
v 0.013581231236457825 -0.001756463199853897 -0.031796310096979134
v 0.013854477554559708 0.00038276982377283275 -0.03215957805514335
v 0.013581231236457825 -0.001756463199853897 -0.031796310096979134
v 0.010632690042257309 -0.0011247582733631134 -0.03295712545514106
v 0.010632690042257309 -0.0011247582733631134 -0.03295712545514106
v 0.013581231236457825 -0.001756463199853897 -0.031796310096979134
v 0.010368742048740387 -0.003309592604637146 -0.032673444598913186
v 0.010632690042257309 -0.0011247582733631134 -0.03295712545514106
v 0.010368742048740387 -0.003309592604637146 -0.032673444598913186
v 0.007203448563814163 -0.0023239627480506897 -0.03352775052189826
v 0.007203448563814163 -0.0023239627480506897 -0.03352775052189826
v 0.010368742048740387 -0.003309592604637146 -0.032673444598913186
v 0.006959177553653717 -0.004435934126377106 -0.03335965052247047
v 0.007203448563814163 -0.0023239627480506897 -0.03352775052189826
v 0.006959177553653717 -0.004435934126377106 -0.03335965052247047
v 0.0058228857815265656 -0.0044357553124427795 -0.033550318330526345
v -2.1963573715311213e-07 0.008235014975070953 -0.048337686806917184
v 9.00366940186359e-05 0.007738206535577774 -0.05075500532984733
v 0.0007180461543612182 0.00836794450879097 -0.046841841191053384
v 0.0007180461543612182 0.00836794450879097 -0.046841841191053384
v 9.00366940186359e-05 0.007738206535577774 -0.05075500532984733
v 0.0023073742631822824 0.008190881460905075 -0.04875844344496726
v 0.0007180461543612182 0.00836794450879097 -0.046841841191053384
v 0.0023073742631822824 0.008190881460905075 -0.04875844344496726
v 0.004585474729537964 0.008487951010465622 -0.04658900573849677
v 0.004585474729537964 0.008487951010465622 -0.04658900573849677
v 0.0023073742631822824 0.008190881460905075 -0.04875844344496726
v 0.0061095841228961945 0.008407138288021088 -0.04828797280788421
v 0.004585474729537964 0.008487951010465622 -0.04658900573849677
v 0.0061095841228961945 0.008407138288021088 -0.04828797280788421
v 0.006928164511919022 0.008614148944616318 -0.04434909671545028
v 0.006928164511919022 0.008614148944616318 -0.04434909671545028
v 0.0061095841228961945 0.008407138288021088 -0.04828797280788421
v 0.008285373449325562 0.00884503498673439 -0.045947827398777
v 0.006928164511919022 0.008614148944616318 -0.04434909671545028
v 0.008285373449325562 0.00884503498673439 -0.045947827398777
v 0.009317204356193542 0.008645426481962204 -0.042141012847423547
v 0.009317204356193542 0.008645426481962204 -0.042141012847423547
v 0.008285373449325562 0.00884503498673439 -0.045947827398777
v 0.010506156831979752 0.009180650115013123 -0.043607361614704125
v 0.009317204356193542 0.008645426481962204 -0.042141012847423547
v 0.010506156831979752 0.009180650115013123 -0.043607361614704125
v 0.012744668871164322 0.009483754634857178 -0.04131984710693359
v -2.592063985673576e-08 0.008379526436328888 -0.04571116715669631
v 0.0007180461543612182 0.00836794450879097 -0.046841841191053384
v 0.003155201906338334 0.008370157331228256 -0.044779404997825616
v 0.003155201906338334 0.008370157331228256 -0.044779404997825616
v 0.0007180461543612182 0.00836794450879097 -0.046841841191053384
v 0.004585474729537964 0.008487951010465622 -0.04658900573849677
v 0.003155201906338334 0.008370157331228256 -0.044779404997825616
v 0.004585474729537964 0.008487951010465622 -0.04658900573849677
v 0.005661904811859131 0.00817510113120079 -0.04268724471330642
v 0.005661904811859131 0.00817510113120079 -0.04268724471330642
v 0.004585474729537964 0.008487951010465622 -0.04658900573849677
v 0.006928164511919022 0.008614148944616318 -0.04434909671545028
v 0.005661904811859131 0.00817510113120079 -0.04268724471330642
v 0.006928164511919022 0.008614148944616318 -0.04434909671545028
v 0.008214682340621948 0.00791114941239357 -0.04065780714154243
v 0.008214682340621948 0.00791114941239357 -0.04065780714154243
v 0.006928164511919022 0.008614148944616318 -0.04434909671545028
v 0.009317204356193542 0.008645426481962204 -0.042141012847423547
v 0.008214682340621948 0.00791114941239357 -0.04065780714154243
v 0.009317204356193542 0.008645426481962204 -0.042141012847423547
v 0.014095611870288849 0.00875965878367424 -0.037937004119157784
v 0.014095611870288849 0.00875965878367424 -0.037937004119157784
v 0.009317204356193542 0.008645426481962204 -0.042141012847423547
v 0.012744668871164322 0.009483754634857178 -0.04131984710693359
v 0.014095611870288849 0.00875965878367424 -0.037937004119157784
v 0.012744668871164322 0.009483754634857178 -0.04131984710693359
v 0.0149676613509655 0.009814266115427017 -0.03909796848893165
v -2.419874647330289e-07 0.008118763566017151 -0.04349402710795402
v -1.9728399536234065e-07 0.008259288966655731 -0.04427534714341163
v 0.0018359461100772023 0.007995732128620148 -0.04290542751550674
v 0.0018359461100772023 0.007995732128620148 -0.04290542751550674
v -1.9728399536234065e-07 0.008259288966655731 -0.04427534714341163
v 0.003155201906338334 0.008370157331228256 -0.044779404997825616
v 0.0018359461100772023 0.007995732128620148 -0.04290542751550674
v 0.003155201906338334 0.008370157331228256 -0.044779404997825616
v 0.0045025162398815155 0.007488522678613663 -0.041010532528161996
v 0.0045025162398815155 0.007488522678613663 -0.041010532528161996
v 0.003155201906338334 0.008370157331228256 -0.044779404997825616
v 0.005661904811859131 0.00817510113120079 -0.04268724471330642
v 0.0045025162398815155 0.007488522678613663 -0.041010532528161996
v 0.005661904811859131 0.00817510113120079 -0.04268724471330642
v 0.007212746888399124 0.0069535039365291595 -0.0392010174691677
v 0.007212746888399124 0.0069535039365291595 -0.0392010174691677
v 0.005661904811859131 0.00817510113120079 -0.04268724471330642
v 0.008214682340621948 0.00791114941239357 -0.04065780714154243
v 0.007212746888399124 0.0069535039365291595 -0.0392010174691677
v 0.008214682340621948 0.00791114941239357 -0.04065780714154243
v 0.013296365737915039 0.00754188746213913 -0.03682154044508933
v 0.013296365737915039 0.00754188746213913 -0.03682154044508933
v 0.008214682340621948 0.00791114941239357 -0.04065780714154243
v 0.014095611870288849 0.00875965878367424 -0.037937004119157784
v 0.013296365737915039 0.00754188746213913 -0.03682154044508933
v 0.014095611870288849 0.00875965878367424 -0.037937004119157784
v 0.016409918665885925 0.008948694914579391 -0.03591263666749
v 0.016409918665885925 0.008948694914579391 -0.03591263666749
v 0.014095611870288849 0.00875965878367424 -0.037937004119157784
v 0.017141133546829224 0.010213781148195267 -0.036930333822965615
v 0.001959678018465638 0.005123410373926163 -0.05610971897840499
v 0.0038398096803575754 0.006280861794948578 -0.054240509867668145
v 0.0019277596147730947 0.0070915184915065765 -0.052590113133192055
v 0.0019277596147730947 0.0070915184915065765 -0.052590113133192055
v 0.0038398096803575754 0.006280861794948578 -0.054240509867668145
v 0.005750976502895355 0.007293909788131714 -0.05214614793658256
v 0.0019277596147730947 0.0070915184915065765 -0.052590113133192055
v 0.005750976502895355 0.007293909788131714 -0.05214614793658256
v 0.003991931676864624 0.007823396474123001 -0.05053133517503738
v 0.003991931676864624 0.007823396474123001 -0.05053133517503738
v 0.005750976502895355 0.007293909788131714 -0.05214614793658256
v 0.007707260549068451 0.008167486637830734 -0.0498613379895687
v 0.003991931676864624 0.007823396474123001 -0.05053133517503738
v 0.007707260549068451 0.008167486637830734 -0.0498613379895687
v 0.0061095841228961945 0.008407138288021088 -0.04828797280788421
v 0.0061095841228961945 0.008407138288021088 -0.04828797280788421
v 0.007707260549068451 0.008167486637830734 -0.0498613379895687
v 0.009714584797620773 0.008909802883863449 -0.047461077570915215
v 0.0061095841228961945 0.008407138288021088 -0.04828797280788421
v 0.009714584797620773 0.008909802883863449 -0.047461077570915215
v 0.008285373449325562 0.00884503498673439 -0.045947827398777
v 0.008285373449325562 0.00884503498673439 -0.045947827398777
v 0.009714584797620773 0.008909802883863449 -0.047461077570915215
v 0.011764444410800934 0.00954965129494667 -0.045031029731035226
v 0.008285373449325562 0.00884503498673439 -0.045947827398777
v 0.011764444410800934 0.00954965129494667 -0.045031029731035226
v 0.010506156831979752 0.009180650115013123 -0.043607361614704125
v 0.010506156831979752 0.009180650115013123 -0.043607361614704125
v 0.011764444410800934 0.00954965129494667 -0.045031029731035226
v 0.013835545629262924 0.0101371631026268 -0.0426296442747116
v 0.010506156831979752 0.009180650115013123 -0.043607361614704125
v 0.013835545629262924 0.0101371631026268 -0.0426296442747116
v 0.012744668871164322 0.009483754634857178 -0.04131984710693359
v 0.012744668871164322 0.009483754634857178 -0.04131984710693359
v 0.013835545629262924 0.0101371631026268 -0.0426296442747116
v 0.015899736434221268 0.010722912847995758 -0.040282275527715676
v 0.012744668871164322 0.009483754634857178 -0.04131984710693359
v 0.015899736434221268 0.010722912847995758 -0.040282275527715676
v 0.0149676613509655 0.009814266115427017 -0.03909796848893165
v 0.0149676613509655 0.009814266115427017 -0.03909796848893165
v 0.015899736434221268 0.010722912847995758 -0.040282275527715676
v 0.01792660728096962 0.011346470564603806 -0.03799042478203773
v 0.0149676613509655 0.009814266115427017 -0.03909796848893165
v 0.01792660728096962 0.011346470564603806 -0.03799042478203773
v 0.017141133546829224 0.010213781148195267 -0.036930333822965615
v 0.002014253521338105 -0.004435747861862183 -0.033943023532629006
v 0.0035738127771764994 -0.0031824931502342224 -0.033880200237035744
v 0.0058228857815265656 -0.0044357553124427795 -0.033550318330526345
v 0.0058228857815265656 -0.0044357553124427795 -0.033550318330526345
v 0.0035738127771764994 -0.0031824931502342224 -0.033880200237035744
v 0.003909599035978317 -0.0010525211691856384 -0.034156430512666695
v 0.0058228857815265656 -0.0044357553124427795 -0.033550318330526345
v 0.003909599035978317 -0.0010525211691856384 -0.034156430512666695
v 0.007203448563814163 -0.0023239627480506897 -0.03352775052189826
v 0.007203448563814163 -0.0023239627480506897 -0.03352775052189826
v 0.003909599035978317 -0.0010525211691856384 -0.034156430512666695
v 0.007543247193098068 -0.00022526088287122548 -0.03390991315245628
v 0.007203448563814163 -0.0023239627480506897 -0.03352775052189826
v 0.007543247193098068 -0.00022526088287122548 -0.03390991315245628
v 0.010632690042257309 -0.0011247582733631134 -0.03295712545514106
v 0.010632690042257309 -0.0011247582733631134 -0.03295712545514106
v 0.007543247193098068 -0.00022526088287122548 -0.03390991315245628
v 0.010981526225805283 0.0009309239685535431 -0.03341411426663398
v 0.010632690042257309 -0.0011247582733631134 -0.03295712545514106
v 0.010981526225805283 0.0009309239685535431 -0.03341411426663398
v 0.013854477554559708 0.00038276982377283275 -0.03215957805514335
v 0.013854477554559708 0.00038276982377283275 -0.03215957805514335
v 0.010981526225805283 0.0009309239685535431 -0.03341411426663398
v 0.01420549675822258 0.002392549067735672 -0.03266553208231925
v 0.013854477554559708 0.00038276982377283275 -0.03215957805514335
v 0.01420549675822258 0.002392549067735672 -0.03266553208231925
v 0.017185237258672714 0.004144508391618729 -0.031689401715993874
v 0.017185237258672714 0.004144508391618729 -0.031689401715993874
v 0.01420549675822258 0.002392549067735672 -0.03266553208231925
v 0.014637548476457596 0.004259981215000153 -0.03331054374575614
v 0.017185237258672714 0.004144508391618729 -0.031689401715993874
v 0.014637548476457596 0.004259981215000153 -0.03331054374575614
v 0.018081732094287872 0.0076902806758880615 -0.03308100625872611
v -2.592063985673576e-08 -0.004435934126377106 -0.03400017693638801
v -2.592063985673576e-08 -0.0037762820720672607 -0.03399993851780891
v 0.002014253521338105 -0.004435747861862183 -0.033943023532629006
v 0.002014253521338105 -0.004435747861862183 -0.033943023532629006
v -2.592063985673576e-08 -0.0037762820720672607 -0.03399993851780891
v 0.0035738127771764994 -0.0031824931502342224 -0.033880200237035744
v 0.0035738127771764994 -0.0031824931502342224 -0.033880200237035744
v -2.592063985673576e-08 -0.0037762820720672607 -0.03399993851780891
v -2.0473457595926448e-07 -0.0020226091146469116 -0.03410638496279716
v 0.0035738127771764994 -0.0031824931502342224 -0.033880200237035744
v -2.0473457595926448e-07 -0.0020226091146469116 -0.03410638496279716
v 9.499133011559024e-05 -0.0015294663608074188 -0.03418296948075294
v 9.499133011559024e-05 -0.0015294663608074188 -0.03418296948075294
v -2.0473457595926448e-07 -0.0020226091146469116 -0.03410638496279716
v 7.093690612691717e-08 2.44378752540797e-05 -0.03456569090485572
v 9.499133011559024e-05 -0.0015294663608074188 -0.03418296948075294
v 7.093690612691717e-08 2.44378752540797e-05 -0.03456569090485572
v 0.0005351418512873352 0.00046543029020540416 -0.034714009612798684
v 0.0005351418512873352 0.00046543029020540416 -0.034714009612798684
v 7.093690612691717e-08 2.44378752540797e-05 -0.03456569090485572
v -4.580543020438199e-07 0.002048950642347336 -0.03542161360383033
v 0.0005351418512873352 0.00046543029020540416 -0.034714009612798684
v -4.580543020438199e-07 0.002048950642347336 -0.03542161360383033
v 0.001083899405784905 0.00228007510304451 -0.03553763404488563
v 0.001083899405784905 0.00228007510304451 -0.03553763404488563
v -4.580543020438199e-07 0.002048950642347336 -0.03542161360383033
v 0.00175185885746032 0.003902226686477661 -0.036609243601560586
v 0.001083899405784905 0.00228007510304451 -0.03553763404488563
v 0.00175185885746032 0.003902226686477661 -0.036609243601560586
v 0.004344619810581207 0.0009290874004364014 -0.034720789641141885
v 0.004344619810581207 0.0009290874004364014 -0.034720789641141885
v 0.00175185885746032 0.003902226686477661 -0.036609243601560586
v 0.004888176918029785 0.002734571695327759 -0.03554426506161689
v 0.004344619810581207 0.0009290874004364014 -0.034720789641141885
v 0.004888176918029785 0.002734571695327759 -0.03554426506161689
v 0.007980618625879288 0.001723121851682663 -0.0345168150961399
v 0.007980618625879288 0.001723121851682663 -0.0345168150961399
v 0.004888176918029785 0.002734571695327759 -0.03554426506161689
v 0.008521340787410736 0.0035010091960430145 -0.035333443433046334
v 0.007980618625879288 0.001723121851682663 -0.0345168150961399
v 0.008521340787410736 0.0035010091960430145 -0.035333443433046334
v 0.011420883238315582 0.0028377100825309753 -0.03404827043414115
v 0.011420883238315582 0.0028377100825309753 -0.03404827043414115
v 0.008521340787410736 0.0035010091960430145 -0.035333443433046334
v 0.011953767389059067 0.004580717533826828 -0.03484546020627021
v 0.011420883238315582 0.0028377100825309753 -0.03404827043414115
v 0.011953767389059067 0.004580717533826828 -0.03484546020627021
v 0.014637548476457596 0.004259981215000153 -0.03331054374575614
v 0.014637548476457596 0.004259981215000153 -0.03331054374575614
v 0.011953767389059067 0.004580717533826828 -0.03484546020627021
v 0.015151146799325943 0.005976557731628418 -0.034080620855092995
v 0.014637548476457596 0.004259981215000153 -0.03331054374575614
v 0.015151146799325943 0.005976557731628418 -0.034080620855092995
v 0.018081732094287872 0.0076902806758880615 -0.03308100625872611
v 0.018081732094287872 0.0076902806758880615 -0.03308100625872611
v 0.015151146799325943 0.005976557731628418 -0.034080620855092995
v 0.015743792057037354 0.007538795471191406 -0.03495551273226737
v 0.018081732094287872 0.0076902806758880615 -0.03308100625872611
v 0.015743792057037354 0.007538795471191406 -0.03495551273226737
v 0.01923353597521782 0.01070883497595787 -0.03480154648423194
v 0.02141987904906273 0.00018025931785814464 -0.027376597747206684
v 0.019097719341516495 1.7739803297445178e-05 -0.029124548658728596
v 0.01956895738840103 0.004236012697219849 -0.02997144870460033
v 0.02141987904906273 0.00018025931785814464 -0.027376597747206684
v 0.01956895738840103 0.004236012697219849 -0.02997144870460033
v 0.02176762744784355 0.004527900367975235 -0.028164802119135853
v 0.02176762744784355 0.004527900367975235 -0.028164802119135853
v 0.01956895738840103 0.004236012697219849 -0.02997144870460033
v 0.020282097160816193 0.008005436509847641 -0.031182868406176564
v 0.02176762744784355 0.004527900367975235 -0.028164802119135853
v 0.020282097160816193 0.008005436509847641 -0.031182868406176564
v 0.022323034703731537 0.008484598249197006 -0.029257928952574726
v 0.022323034703731537 0.008484598249197006 -0.029257928952574726
v 0.020282097160816193 0.008005436509847641 -0.031182868406176564
v 0.021217476576566696 0.011315185576677322 -0.032702047377824776
v 0.022323034703731537 0.008484598249197006 -0.029257928952574726
v 0.021217476576566696 0.011315185576677322 -0.032702047377824776
v 0.023070279508829117 0.012040089815855026 -0.030627084895968434
v 0.02396509423851967 0.015221308916807175 -0.03222150728106498
v 0.024774454534053802 0.012884482741355896 -0.02857532165944576
v 0.023070279508829117 0.012040089815855026 -0.030627084895968434
v 0.023070279508829117 0.012040089815855026 -0.030627084895968434
v 0.024774454534053802 0.012884482741355896 -0.02857532165944576
v 0.024189066141843796 0.00912216305732727 -0.027310965582728382
v 0.023070279508829117 0.012040089815855026 -0.030627084895968434
v 0.024189066141843796 0.00912216305732727 -0.027310965582728382
v 0.022323034703731537 0.008484598249197006 -0.029257928952574726
v 0.022323034703731537 0.008484598249197006 -0.029257928952574726
v 0.024189066141843796 0.00912216305732727 -0.027310965582728382
v 0.023767348378896713 0.005008675158023834 -0.026288529857993122
v 0.022323034703731537 0.008484598249197006 -0.029257928952574726
v 0.023767348378896713 0.005008675158023834 -0.026288529857993122
v 0.02176762744784355 0.004527900367975235 -0.028164802119135853
v 0.02176762744784355 0.004527900367975235 -0.028164802119135853
v 0.023767348378896713 0.005008675158023834 -0.026288529857993122
v 0.023521509021520615 0.0005525350570678711 -0.025520673021674153
v 0.02176762744784355 0.004527900367975235 -0.028164802119135853
v 0.023521509021520615 0.0005525350570678711 -0.025520673021674153
v 0.02141987904906273 0.00018025931785814464 -0.027376597747206684
v 0.02141987904906273 0.00018025931785814464 -0.027376597747206684
v 0.023521509021520615 0.0005525350570678711 -0.025520673021674153
v 0.02182883769273758 -0.004435725510120392 -0.026419213041663166
v 0.02141987904906273 0.00018025931785814464 -0.027376597747206684
v 0.02182883769273758 -0.004435725510120392 -0.026419213041663166
v 0.019097719341516495 1.7739803297445178e-05 -0.029124548658728596
v 0.019097719341516495 1.7739803297445178e-05 -0.029124548658728596
v 0.02182883769273758 -0.004435725510120392 -0.026419213041663166
v 0.019034743309020996 -0.004435926675796509 -0.02852392755448818
v 0.019097719341516495 1.7739803297445178e-05 -0.029124548658728596
v 0.019034743309020996 -0.004435926675796509 -0.02852392755448818
v 0.018859323114156723 -0.004435934126377106 -0.028640782460570332
v 0.02396509423851967 0.015221308916807175 -0.03222150728106498
v 0.023070279508829117 0.012040089815855026 -0.030627084895968434
v 0.020577188581228256 0.013255272060632706 -0.03673693910241126
v 0.020577188581228256 0.013255272060632706 -0.03673693910241126
v 0.023070279508829117 0.012040089815855026 -0.030627084895968434
v 0.021217476576566696 0.011315185576677322 -0.032702047377824776
v 0.020577188581228256 0.013255272060632706 -0.03673693910241126
v 0.021217476576566696 0.011315185576677322 -0.032702047377824776
v 0.01923353597521782 0.01070883497595787 -0.03480154648423194
v 0.01923353597521782 0.01070883497595787 -0.03480154648423194
v 0.021217476576566696 0.011315185576677322 -0.032702047377824776
v 0.020282097160816193 0.008005436509847641 -0.031182868406176564
v 0.01923353597521782 0.01070883497595787 -0.03480154648423194
v 0.020282097160816193 0.008005436509847641 -0.031182868406176564
v 0.018081732094287872 0.0076902806758880615 -0.03308100625872611
v 0.018081732094287872 0.0076902806758880615 -0.03308100625872611
v 0.020282097160816193 0.008005436509847641 -0.031182868406176564
v 0.01956895738840103 0.004236012697219849 -0.02997144870460033
v 0.018081732094287872 0.0076902806758880615 -0.03308100625872611
v 0.01956895738840103 0.004236012697219849 -0.02997144870460033
v 0.017185237258672714 0.004144508391618729 -0.031689401715993874
v 0.017185237258672714 0.004144508391618729 -0.031689401715993874
v 0.01956895738840103 0.004236012697219849 -0.02997144870460033
v 0.019097719341516495 1.7739803297445178e-05 -0.029124548658728596
v 0.017185237258672714 0.004144508391618729 -0.031689401715993874
v 0.019097719341516495 1.7739803297445178e-05 -0.029124548658728596
v 0.016568828374147415 8.082759450189769e-05 -0.030727734789252278
v 0.016568828374147415 8.082759450189769e-05 -0.030727734789252278
v 0.019097719341516495 1.7739803297445178e-05 -0.029124548658728596
v 0.016508109867572784 -0.0044359490275382996 -0.030051557347178456
v 0.016568828374147415 8.082759450189769e-05 -0.030727734789252278
v 0.016508109867572784 -0.0044359490275382996 -0.030051557347178456
v 0.016217228025197983 -0.004431761801242828 -0.030207423493266102
v 0.016217228025197983 -0.004431761801242828 -0.030207423493266102
v 0.016508109867572784 -0.0044359490275382996 -0.030051557347178456
v 0.016216941177845 -0.0044359564781188965 -0.030207170173525807
v 0.016217228025197983 -0.004431761801242828 -0.030207423493266102
v 0.016216941177845 -0.0044359564781188965 -0.030207170173525807
v 0.015953760594129562 -0.004435963928699493 -0.030344387516379353
v -1.600310923777215e-07 0.005254335701465607 -0.037918690592050545
v -1.9728399536234065e-07 0.006580449640750885 -0.0396738089621067
v 0.0025439525488764048 0.005328584462404251 -0.03790386393666267
v 0.0025439525488764048 0.005328584462404251 -0.03790386393666267
v -1.9728399536234065e-07 0.006580449640750885 -0.0396738089621067
v 0.0034612903837114573 0.00653509795665741 -0.03939038142561912
v 0.0025439525488764048 0.005328584462404251 -0.03790386393666267
v 0.0034612903837114573 0.00653509795665741 -0.03939038142561912
v 0.005546268075704575 0.004351343959569931 -0.03659155592322349
v 0.005546268075704575 0.004351343959569931 -0.03659155592322349
v 0.0034612903837114573 0.00653509795665741 -0.03939038142561912
v 0.006321471184492111 0.0057638660073280334 -0.03782644495368003
v 0.005546268075704575 0.004351343959569931 -0.03659155592322349
v 0.006321471184492111 0.0057638660073280334 -0.03782644495368003
v 0.009168185293674469 0.005093112587928772 -0.03633082285523414
v 0.009168185293674469 0.005093112587928772 -0.03633082285523414
v 0.006321471184492111 0.0057638660073280334 -0.03782644495368003
v 0.007212746888399124 0.0069535039365291595 -0.0392010174691677
v 0.009168185293674469 0.005093112587928772 -0.03633082285523414
v 0.007212746888399124 0.0069535039365291595 -0.0392010174691677
v 0.01258009672164917 0.006150055676698685 -0.03578029945492744
v 0.01258009672164917 0.006150055676698685 -0.03578029945492744
v 0.007212746888399124 0.0069535039365291595 -0.0392010174691677
v 0.013296365737915039 0.00754188746213913 -0.03682154044508933
v 0.01258009672164917 0.006150055676698685 -0.03578029945492744
v 0.013296365737915039 0.00754188746213913 -0.03682154044508933
v 0.015743792057037354 0.007538795471191406 -0.03495551273226737
v 0.015743792057037354 0.007538795471191406 -0.03495551273226737
v 0.013296365737915039 0.00754188746213913 -0.03682154044508933
v 0.016409918665885925 0.008948694914579391 -0.03591263666749
v 0.015743792057037354 0.007538795471191406 -0.03495551273226737
v 0.016409918665885925 0.008948694914579391 -0.03591263666749
v 0.01923353597521782 0.01070883497595787 -0.03480154648423194
v 0.01923353597521782 0.01070883497595787 -0.03480154648423194
v 0.016409918665885925 0.008948694914579391 -0.03591263666749
v 0.017141133546829224 0.010213781148195267 -0.036930333822965615
v 0.01923353597521782 0.01070883497595787 -0.03480154648423194
v 0.017141133546829224 0.010213781148195267 -0.036930333822965615
v 0.020577188581228256 0.013255272060632706 -0.03673693910241126
v 0.020577188581228256 0.013255272060632706 -0.03673693910241126
v 0.017141133546829224 0.010213781148195267 -0.036930333822965615
v 0.01792660728096962 0.011346470564603806 -0.03799042478203773
v 0.020577188581228256 0.013255272060632706 -0.03673693910241126
v 0.01792660728096962 0.011346470564603806 -0.03799042478203773
v 0.018753647804260254 0.012362848967313766 -0.039079669862985604
v 0.018753647804260254 0.012362848967313766 -0.039079669862985604
v 0.01792660728096962 0.011346470564603806 -0.03799042478203773
v 0.015899736434221268 0.010722912847995758 -0.040282275527715676
v 0.018753647804260254 0.012362848967313766 -0.039079669862985604
v 0.015899736434221268 0.010722912847995758 -0.040282275527715676
v 0.016877170652151108 0.01150709018111229 -0.041475687175989144
v 0.016877170652151108 0.01150709018111229 -0.041475687175989144
v 0.015899736434221268 0.010722912847995758 -0.040282275527715676
v 0.013835545629262924 0.0101371631026268 -0.0426296442747116
v 0.016877170652151108 0.01150709018111229 -0.041475687175989144
v 0.013835545629262924 0.0101371631026268 -0.0426296442747116
v 0.014974873512983322 0.010660678148269653 -0.04392105713486671
v 0.014974873512983322 0.010660678148269653 -0.04392105713486671
v 0.013835545629262924 0.0101371631026268 -0.0426296442747116
v 0.011764444410800934 0.00954965129494667 -0.045031029731035226
v 0.014974873512983322 0.010660678148269653 -0.04392105713486671
v 0.011764444410800934 0.00954965129494667 -0.045031029731035226
v 0.013073194772005081 0.009788069874048233 -0.04640302062034606
v 0.013073194772005081 0.009788069874048233 -0.04640302062034606
v 0.011764444410800934 0.00954965129494667 -0.045031029731035226
v 0.009714584797620773 0.008909802883863449 -0.047461077570915215
v 0.013073194772005081 0.009788069874048233 -0.04640302062034606
v 0.009714584797620773 0.008909802883863449 -0.047461077570915215
v 0.011195268481969833 0.008848890662193298 -0.04888766258955001
v 0.011195268481969833 0.008848890662193298 -0.04888766258955001
v 0.009714584797620773 0.008909802883863449 -0.047461077570915215
v 0.007707260549068451 0.008167486637830734 -0.0498613379895687
v 0.011195268481969833 0.008848890662193298 -0.04888766258955001
v 0.007707260549068451 0.008167486637830734 -0.0498613379895687
v 0.009356886148452759 0.0078077055513858795 -0.0513165034353733
v 0.009356886148452759 0.0078077055513858795 -0.0513165034353733
v 0.007707260549068451 0.008167486637830734 -0.0498613379895687
v 0.005750976502895355 0.007293909788131714 -0.05214614793658256
v 0.009356886148452759 0.0078077055513858795 -0.0513165034353733
v 0.005750976502895355 0.007293909788131714 -0.05214614793658256
v 0.007562406361103058 0.006644777953624725 -0.0536157265305519
v 0.007562406361103058 0.006644777953624725 -0.0536157265305519
v 0.005750976502895355 0.007293909788131714 -0.05214614793658256
v 0.0038398096803575754 0.006280861794948578 -0.054240509867668145
v 0.007562406361103058 0.006644777953624725 -0.0536157265305519
v 0.0038398096803575754 0.006280861794948578 -0.054240509867668145
v 0.005804460495710373 0.005353473126888275 -0.05572263896465301
v 0.005804460495710373 0.005353473126888275 -0.05572263896465301
v 0.0038398096803575754 0.006280861794948578 -0.054240509867668145
v 0.001959678018465638 0.005123410373926163 -0.05610971897840499
v 0.005804460495710373 0.005353473126888275 -0.05572263896465301
v 0.001959678018465638 0.005123410373926163 -0.05610971897840499
v 0.004069332033395767 0.003935758024454117 -0.05760789290070533
v 0.004069332033395767 0.003935758024454117 -0.05760789290070533
v 0.001959678018465638 0.005123410373926163 -0.05610971897840499
v 9.821743151405826e-05 0.003843512386083603 -0.05776147916913032
v 0.004069332033395767 0.003935758024454117 -0.05760789290070533
v 9.821743151405826e-05 0.003843512386083603 -0.05776147916913032
v 0.0023451189044862986 0.0024130940437316895 -0.05927987024188041
v 0.0023451189044862986 0.0024130940437316895 -0.05927987024188041
v 9.821743151405826e-05 0.003843512386083603 -0.05776147916913032
v 2.646520158577914e-07 0.0018892474472522736 -0.059803914278745644
v 0.0023451189044862986 0.0024130940437316895 -0.05927987024188041
v 2.646520158577914e-07 0.0018892474472522736 -0.059803914278745644
v -1.1019478662888105e-08 -0.0011013224720954895 -0.06233593448996543
v 0.020518481731414795 0.005028966814279556 -0.0603647157549858
v 0.020762454718351364 0.0052780881524086 -0.06028460711240768
v 0.01920204982161522 0.00527862086892128 -0.059162173420190804
v 0.01920204982161522 0.00527862086892128 -0.059162173420190804
v 0.020762454718351364 0.0052780881524086 -0.06028460711240768
v 0.0209495946764946 0.01022537425160408 -0.05416711047291755
v 0.01920204982161522 0.00527862086892128 -0.059162173420190804
v 0.0209495946764946 0.01022537425160408 -0.05416711047291755
v 0.01765291392803192 0.005611982196569443 -0.05783299356698989
v 0.01765291392803192 0.005611982196569443 -0.05783299356698989
v 0.0209495946764946 0.01022537425160408 -0.05416711047291755
v 0.01971343904733658 0.010156206786632538 -0.05285519734025001
v 0.01765291392803192 0.005611982196569443 -0.05783299356698989
v 0.01971343904733658 0.010156206786632538 -0.05285519734025001
v 0.016049128025770187 0.006000183522701263 -0.05653529614210128
v 0.016049128025770187 0.006000183522701263 -0.05653529614210128
v 0.01971343904733658 0.010156206786632538 -0.05285519734025001
v 0.018429402261972427 0.010106317698955536 -0.05156787857413291
v 0.016049128025770187 0.006000183522701263 -0.05653529614210128
v 0.018429402261972427 0.010106317698955536 -0.05156787857413291
v 0.01573915407061577 0.00829850509762764 -0.052829213440418236
v 0.01573915407061577 0.00829850509762764 -0.052829213440418236
v 0.018429402261972427 0.010106317698955536 -0.05156787857413291
v 0.01710827276110649 0.010064516216516495 -0.050293933600187295
v 0.01573915407061577 0.00829850509762764 -0.052829213440418236
v 0.01710827276110649 0.010064516216516495 -0.050293933600187295
v 0.015763945877552032 0.010013863444328308 -0.0490192137658596
v 0.015763945877552032 0.010013863444328308 -0.0490192137658596
v 0.01710827276110649 0.010064516216516495 -0.050293933600187295
v 0.019921474158763885 0.013347432017326355 -0.04507644847035407
v 0.015763945877552032 0.010013863444328308 -0.0490192137658596
v 0.019921474158763885 0.013347432017326355 -0.04507644847035407
v 0.018904265016317368 0.012796632945537567 -0.04387065395712852
v 0.018904265016317368 0.012796632945537567 -0.04387065395712852
v 0.019921474158763885 0.013347432017326355 -0.04507644847035407
v 0.02274809405207634 0.01641613245010376 -0.039893787354230874
v 0.018904265016317368 0.012796632945537567 -0.04387065395712852
v 0.02274809405207634 0.01641613245010376 -0.039893787354230874
v 0.0220210961997509 0.015430867671966553 -0.03881241008639335
v 0.0220210961997509 0.015430867671966553 -0.03881241008639335
v 0.02274809405207634 0.01641613245010376 -0.039893787354230874
v 0.025908373296260834 0.020703338086605072 -0.0359317697584629
v 0.0220210961997509 0.015430867671966553 -0.03881241008639335
v 0.025908373296260834 0.020703338086605072 -0.0359317697584629
v 0.024939116090536118 0.018085099756717682 -0.03399692848324775
v 0.024939116090536118 0.018085099756717682 -0.03399692848324775
v 0.025908373296260834 0.020703338086605072 -0.0359317697584629
v 0.02748347446322441 0.020866375416517258 -0.029505131766200062
v 0.024939116090536118 0.018085099756717682 -0.03399692848324775
v 0.02748347446322441 0.020866375416517258 -0.029505131766200062
v 0.024447202682495117 0.016688507050275803 -0.0330885462462902
v 0.024447202682495117 0.016688507050275803 -0.0330885462462902
v 0.02748347446322441 0.020866375416517258 -0.029505131766200062
v 0.026872478425502777 0.017486494034528732 -0.027938431128859516
v 0.024447202682495117 0.016688507050275803 -0.0330885462462902
v 0.026872478425502777 0.017486494034528732 -0.027938431128859516
v 0.02396509423851967 0.015221308916807175 -0.03222150728106498
v 0.02396509423851967 0.015221308916807175 -0.03222150728106498
v 0.026872478425502777 0.017486494034528732 -0.027938431128859516
v 0.026318203657865524 0.013845138251781464 -0.02654733322560787
v 0.02396509423851967 0.015221308916807175 -0.03222150728106498
v 0.026318203657865524 0.013845138251781464 -0.02654733322560787
v 0.024774454534053802 0.012884482741355896 -0.02857532165944576
v 0.024774454534053802 0.012884482741355896 -0.02857532165944576
v 0.026318203657865524 0.013845138251781464 -0.02654733322560787
v 0.025871261954307556 0.00990946963429451 -0.025350591167807576
v 0.024774454534053802 0.012884482741355896 -0.02857532165944576
v 0.025871261954307556 0.00990946963429451 -0.025350591167807576
v 0.024189066141843796 0.00912216305732727 -0.027310965582728382
v 0.024189066141843796 0.00912216305732727 -0.027310965582728382
v 0.025871261954307556 0.00990946963429451 -0.025350591167807576
v 0.025561772286891937 0.0056653618812561035 -0.024364924058318135
v 0.024189066141843796 0.00912216305732727 -0.027310965582728382
v 0.025561772286891937 0.0056653618812561035 -0.024364924058318135
v 0.023767348378896713 0.005008675158023834 -0.026288529857993122
v 0.023767348378896713 0.005008675158023834 -0.026288529857993122
v 0.025561772286891937 0.0056653618812561035 -0.024364924058318135
v 0.025398187339305878 0.0011193826794624329 -0.023593461140990254
v 0.023767348378896713 0.005008675158023834 -0.026288529857993122
v 0.025398187339305878 0.0011193826794624329 -0.023593461140990254
v 0.023521509021520615 0.0005525350570678711 -0.025520673021674153
v 0.023521509021520615 0.0005525350570678711 -0.025520673021674153
v 0.025398187339305878 0.0011193826794624329 -0.023593461140990254
v 0.025370042771100998 -0.0037040188908576965 -0.023019311949610707
v 0.023521509021520615 0.0005525350570678711 -0.025520673021674153
v 0.025370042771100998 -0.0037040188908576965 -0.023019311949610707
v 0.023441128432750702 -0.004213832318782806 -0.024988574907183644
v 0.023441128432750702 -0.004213832318782806 -0.024988574907183644
v 0.025370042771100998 -0.0037040188908576965 -0.023019311949610707
v 0.024569913744926453 -0.0044358596205711365 -0.02383204363286495
v 0.023441128432750702 -0.004213832318782806 -0.024988574907183644
v 0.024569913744926453 -0.0044358596205711365 -0.02383204363286495
v 0.02182883769273758 -0.004435725510120392 -0.026419213041663166
v 9.799077815841883e-07 0.06500527262687683 -0.015554113313555716
v 9.426548217561503e-07 0.06579022109508514 -0.012115968391299246
v 0.004789896309375763 0.06573280692100525 -0.012127047404646872
v 0.004699982702732086 0.060251057147979736 -0.028925603255629536
v 0.004699546843767166 0.06248549744486809 -0.0234424527734518
v 0.00939883291721344 0.062249407172203064 -0.023528909310698506
v 0.03247566148638725 0.052106793969869614 -0.01628385297954082
v 0.03188163414597511 0.05078858137130737 -0.019515803083777424
v 0.03153466433286667 0.05297040194272995 -0.0193492230027914
v 0.02679368108510971 0.03736771270632744 -0.04607985168695449
v 0.02640153095126152 0.03554883226752281 -0.05055063590407371
v 0.02496025338768959 0.03933529928326607 -0.04933299869298934
v 0.017211146652698517 0.04847119003534317 -0.046395216137170785
v 0.017765570431947708 0.05159401893615723 -0.04069618508219718
v 0.01959487795829773 0.050337422639131546 -0.041003979742527
v 0.033720411360263824 0.05754037946462631 3.948261806385744e-08
v 0.033808957785367966 0.05718627944588661 1.5124132346500116e-07
v 0.03362315148115158 0.057440176606178284 -0.0033881790004670616
v 0.03362315148115158 0.057440176606178284 -0.0033881790004670616
v 0.033808957785367966 0.05718627944588661 1.5124132346500116e-07
v 0.03386774659156799 0.05689754709601402 2.480988712250109e-07
v 0.033720411360263824 0.05754037946462631 3.948261806385744e-08
v 0.03362315148115158 0.057440176606178284 -0.0033881790004670616
v 0.03322497755289078 0.05883071571588516 -7.972667503963747e-08
v 0.03322497755289078 0.05883071571588516 -7.972667503963747e-08
v 0.03362315148115158 0.057440176606178284 -0.0033881790004670616
v 0.03258123621344566 0.059621039777994156 -0.0033923736773431297
v 0.03322497755289078 0.05883071571588516 -7.972667503963747e-08
v 0.03258123621344566 0.059621039777994156 -0.0033923736773431297
v 0.032730698585510254 0.05967063456773758 -9.462783623348513e-08
v 0.032730698585510254 0.05967063456773758 -9.462783623348513e-08
v 0.03258123621344566 0.059621039777994156 -0.0033923736773431297
v 0.03222169727087021 0.06033702939748764 -7.227609444271364e-08
v 0.03222169727087021 0.06033702939748764 -7.227609444271364e-08
v 0.03258123621344566 0.059621039777994156 -0.0033923736773431297
v 0.030932124704122543 0.0613706149160862 -0.0033868155442178245
v 0.03222169727087021 0.06033702939748764 -7.227609444271364e-08
v 0.030932124704122543 0.0613706149160862 -0.0033868155442178245
v 0.031149379909038544 0.061396971344947815 -7.227609444271364e-08
v 0.031149379909038544 0.061396971344947815 -7.227609444271364e-08
v 0.030932124704122543 0.0613706149160862 -0.0033868155442178245
v 0.03077644109725952 0.06169659644365311 -8.71772556365613e-08
v 0.03077644109725952 0.06169659644365311 -8.71772556365613e-08
v 0.030932124704122543 0.0613706149160862 -0.0033868155442178245
v 0.028923839330673218 0.06270580738782883 -0.0033641508780419822
v 0.03077644109725952 0.06169659644365311 -8.71772556365613e-08
v 0.028923839330673218 0.06270580738782883 -0.0033641508780419822
v 0.02872277796268463 0.06298105418682098 -1.2443015862118043e-07
v 0.02872277796268463 0.06298105418682098 -1.2443015862118043e-07
v 0.028923839330673218 0.06270580738782883 -0.0033641508780419822
v 0.026736225932836533 0.06371783465147018 -0.0033302656374871726
v 0.02872277796268463 0.06298105418682098 -1.2443015862118043e-07
v 0.026736225932836533 0.06371783465147018 -0.0033302656374871726
v 0.0263197161257267 0.06401779502630234 -9.462783623348513e-08
v 0.0263197161257267 0.06401779502630234 -9.462783623348513e-08
v 0.026736225932836533 0.06371783465147018 -0.0033302656374871726
v 0.02445824444293976 0.06449409574270248 -0.003292945679277181
v 0.0263197161257267 0.06401779502630234 -9.462783623348513e-08
v 0.02445824444293976 0.06449409574270248 -0.003292945679277181
v 0.023216627538204193 0.06495211273431778 -6.482551384578982e-08
v 0.009812284260988235 0.06642089784145355 -0.006217171903699636
v 6.744339202668925e-07 0.06668676435947418 -0.006186043377965688
v 0.007956549525260925 0.06682155281305313 4.6933198660781266e-08
v 0.007956549525260925 0.06682155281305313 4.6933198660781266e-08
v 6.744339202668925e-07 0.06668676435947418 -0.006186043377965688
v 7.838748672384099e-08 0.06700009852647781 9.908725928653438e-08
v 0.009358208626508713 0.057370174676179886 -0.034477155655622475
v 0.009060423821210861 0.051441214978694916 -0.045440159738063805
v 0.005472440272569656 0.051831066608428955 -0.045314796268939965
v 0.01606125384569168 0.0556657537817955 -0.03489244356751441
v 0.01337587833404541 0.05034017562866211 -0.045794215053319924
v 0.013897377997636795 0.05642985180020332 -0.034718681126832955
v 0.013897377997636795 0.05642985180020332 -0.034718681126832955
v 0.01337587833404541 0.05034017562866211 -0.045794215053319924
v 0.013332776725292206 0.0503556914627552 -0.045789226889610284
v 0.013897377997636795 0.05642985180020332 -0.034718681126832955
v 0.013332776725292206 0.0503556914627552 -0.045789226889610284
v 0.010626859962940216 0.051137473434209824 -0.04553783312439918
v 0.018124107271432877 0.054689548909664154 -0.03510176762938499
v 0.015332221984863281 0.04951656237244606 -0.046059060841798775
v 0.01606125384569168 0.0556657537817955 -0.03489244356751441
v 0.01606125384569168 0.0556657537817955 -0.03489244356751441
v 0.015332221984863281 0.04951656237244606 -0.046059060841798775
v 0.015021927654743195 0.04966375604271889 -0.04601172730326652
v 0.01606125384569168 0.0556657537817955 -0.03489244356751441
v 0.015021927654743195 0.04966375604271889 -0.04601172730326652
v 0.01337587833404541 0.05034017562866211 -0.045794215053319924
v 0.017211146652698517 0.04847119003534317 -0.046395216137170785
v 0.01959487795829773 0.050337422639131546 -0.041003979742527
v 0.019001517444849014 0.047185029834508896 -0.046808797866106026
v 0.019001517444849014 0.047185029834508896 -0.046808797866106026
v 0.01959487795829773 0.050337422639131546 -0.041003979742527
v 0.021241910755634308 0.04890350624918938 -0.04135018959641456
v 0.019001517444849014 0.047185029834508896 -0.046808797866106026
v 0.021241910755634308 0.04890350624918938 -0.04135018959641456
v 0.02050478383898735 0.04582865908741951 -0.047244962304830544
v 0.02050478383898735 0.04582865908741951 -0.047244962304830544
v 0.021241910755634308 0.04890350624918938 -0.04135018959641456
v 0.02175777032971382 0.044452231377363205 -0.0476875714957714
v 0.02175777032971382 0.044452231377363205 -0.0476875714957714
v 0.021241910755634308 0.04890350624918938 -0.04135018959641456
v 0.02269113063812256 0.047328632324934006 -0.041729852557182305
v 0.02175777032971382 0.044452231377363205 -0.0476875714957714
v 0.02269113063812256 0.047328632324934006 -0.041729852557182305
v 0.022331375628709793 0.0437302365899086 -0.047919739037752145
v 0.022331375628709793 0.0437302365899086 -0.047919739037752145
v 0.02269113063812256 0.047328632324934006 -0.041729852557182305
v 0.023949410766363144 0.045628972351551056 -0.042147140949964516
v 0.022331375628709793 0.0437302365899086 -0.047919739037752145
v 0.023949410766363144 0.045628972351551056 -0.042147140949964516
v 0.023090459406375885 0.04266737028956413 -0.04826152324676513
v 0.023090459406375885 0.04266737028956413 -0.04826152324676513
v 0.023949410766363144 0.045628972351551056 -0.042147140949964516
v 0.025013606995344162 0.043829433619976044 -0.042609304189682
v 0.023090459406375885 0.04266737028956413 -0.04826152324676513
v 0.025013606995344162 0.043829433619976044 -0.042609304189682
v 0.02496025338768959 0.03933529928326607 -0.04933299869298934
v 0.027025341987609863 0.03821805492043495 -0.04420913383364677
v 0.02679368108510971 0.03736771270632744 -0.04607985168695449
v 0.02655939757823944 0.04001736268401146 -0.043682467192411416
v 0.02655939757823944 0.04001736268401146 -0.043682467192411416
v 0.02679368108510971 0.03736771270632744 -0.04607985168695449
v 0.02496025338768959 0.03933529928326607 -0.04933299869298934
v 0.02655939757823944 0.04001736268401146 -0.043682467192411416
v 0.02496025338768959 0.03933529928326607 -0.04933299869298934
v 0.025881212204694748 0.04195482283830643 -0.04312328249216079
v 0.025881212204694748 0.04195482283830643 -0.04312328249216079
v 0.02496025338768959 0.03933529928326607 -0.04933299869298934
v 0.025013606995344162 0.043829433619976044 -0.042609304189682
v 0.02802879363298416 0.04132040962576866 -0.037995908409357064
v 0.027415286749601364 0.03950231894850731 -0.041546944528818124
v 0.02655939757823944 0.04001736268401146 -0.043682467192411416
v 0.02655939757823944 0.04001736268401146 -0.043682467192411416
v 0.027415286749601364 0.03950231894850731 -0.041546944528818124
v 0.027403846383094788 0.03946652263402939 -0.04161912202835082
v 0.02655939757823944 0.04001736268401146 -0.043682467192411416
v 0.027403846383094788 0.03946652263402939 -0.04161912202835082
v 0.027025341987609863 0.03821805492043495 -0.04420913383364677
v 0.03175840154290199 0.050512153655290604 -0.020146010443568226
v 0.030575599521398544 0.047793347388505936 -0.025819635018706318
v 0.03025316447019577 0.04994247853755951 -0.025444841012358662
v 0.03025316447019577 0.04994247853755951 -0.025444841012358662
v 0.030575599521398544 0.047793347388505936 -0.025819635018706318
v 0.030528947710990906 0.04768340289592743 -0.02603526227176189
v 0.03025316447019577 0.04994247853755951 -0.025444841012358662
v 0.030528947710990906 0.04768340289592743 -0.02603526227176189
v 0.029659368097782135 0.04559066891670227 -0.030029563233256337
v 0.029440607875585556 0.045048218220472336 -0.03104099445044994
v 0.028629720211029053 0.04296372830867767 -0.03490616008639335
v 0.02763628214597702 0.04320364072918892 -0.03753907606005668
v 0.03305972367525101 0.05634764954447746 -0.009941613301634787
v 0.03328479826450348 0.0538627915084362 -0.010922363027930258
v 0.03268808498978615 0.0525718554854393 -0.015020711347460745
v 0.03368976339697838 0.05472530797123909 -0.007137236651033162
v 0.03362315148115158 0.057440176606178284 -0.0033881790004670616
v 0.03392495959997177 0.05522185191512108 -0.003541221376508474
v 0.03392495959997177 0.05522185191512108 -0.003541221376508474
v 0.03362315148115158 0.057440176606178284 -0.0033881790004670616
v 0.03386774659156799 0.05689754709601402 2.480988712250109e-07
v 0.03392495959997177 0.05522185191512108 -0.003541221376508474
v 0.03386774659156799 0.05689754709601402 2.480988712250109e-07
v 0.03400007262825966 0.05538341403007507 2.2297137469706736e-09
v 7.936432098176738e-07 0.06233477592468262 -0.02390390448272228
v 0.004699546843767166 0.06248549744486809 -0.0234424527734518
v 5.626752113130351e-07 0.060276616364717484 -0.02889757417142391
v 5.626752113130351e-07 0.060276616364717484 -0.02889757417142391
v 0.004699546843767166 0.06248549744486809 -0.0234424527734518
v 0.004699982702732086 0.060251057147979736 -0.028925603255629536
v 5.626752113130351e-07 0.060276616364717484 -0.02889757417142391
v 0.004699982702732086 0.060251057147979736 -0.028925603255629536
v 3.5405898302087735e-07 0.05838197097182274 -0.032984290271997445
v -1.8470059259811933e-08 0.05194516479969025 -0.045278105884790414
v 2.944543382454867e-07 0.05772252008318901 -0.034331765025854104
v 0.004697650671005249 0.05769529566168785 -0.03436161950230598
v 2.944543382454867e-07 0.05772252008318901 -0.034331765025854104
v 3.5405898302087735e-07 0.05838197097182274 -0.032984290271997445
v 0.004697650671005249 0.05769529566168785 -0.03436161950230598
v 0.004697650671005249 0.05769529566168785 -0.03436161950230598
v 3.5405898302087735e-07 0.05838197097182274 -0.032984290271997445
v 0.004699982702732086 0.060251057147979736 -0.028925603255629536
v 0.004697650671005249 0.05769529566168785 -0.03436161950230598
v 0.004699982702732086 0.060251057147979736 -0.028925603255629536
v 0.0093868188560009 0.05997471511363983 -0.029027385637164112
v 0.0093868188560009 0.05997471511363983 -0.029027385637164112
v 0.004699982702732086 0.060251057147979736 -0.028925603255629536
v 0.00939883291721344 0.062249407172203064 -0.023528909310698506
v 0.0093868188560009 0.05997471511363983 -0.029027385637164112
v 0.00939883291721344 0.062249407172203064 -0.023528909310698506
v 0.014048710465431213 0.061570171266794205 -0.023698916658759114
v 0.018533341586589813 0.060293447226285934 -0.02396021597087383
v 0.016213271766901016 0.05849155783653259 -0.02937418036162853
v 0.014048710465431213 0.061570171266794205 -0.023698916658759114
v 0.014048710465431213 0.061570171266794205 -0.023698916658759114
v 0.016213271766901016 0.05849155783653259 -0.02937418036162853
v 0.01399194821715355 0.05915979668498039 -0.029230756685137745
v 0.014048710465431213 0.061570171266794205 -0.023698916658759114
v 0.01399194821715355 0.05915979668498039 -0.029230756685137745
v 0.0093868188560009 0.05997471511363983 -0.029027385637164112
v 0.0093868188560009 0.05997471511363983 -0.029027385637164112
v 0.01399194821715355 0.05915979668498039 -0.029230756685137745
v 0.009358208626508713 0.057370174676179886 -0.034477155655622475
v 0.0093868188560009 0.05997471511363983 -0.029027385637164112
v 0.009358208626508713 0.057370174676179886 -0.034477155655622475
v 0.004697650671005249 0.05769529566168785 -0.03436161950230598
v 0.004697650671005249 0.05769529566168785 -0.03436161950230598
v 0.009358208626508713 0.057370174676179886 -0.034477155655622475
v 0.005472440272569656 0.051831066608428955 -0.045314796268939965
v 0.004697650671005249 0.05769529566168785 -0.03436161950230598
v 0.005472440272569656 0.051831066608428955 -0.045314796268939965
v -1.8470059259811933e-08 0.05194516479969025 -0.045278105884790414
v 0.02646477147936821 0.05568939447402954 -0.024715101346373555
v 0.025649216026067734 0.052384380251169205 -0.030470302328467366
v 0.024664275348186493 0.057113029062747955 -0.024502864107489582
v 0.024664275348186493 0.057113029062747955 -0.024502864107489582
v 0.025649216026067734 0.052384380251169205 -0.030470302328467366
v 0.02406037598848343 0.05395013093948364 -0.030203906819224354
v 0.024664275348186493 0.057113029062747955 -0.024502864107489582
v 0.02406037598848343 0.05395013093948364 -0.030203906819224354
v 0.0227329283952713 0.058341171592473984 -0.024305632337927815
v 0.0227329283952713 0.058341171592473984 -0.024305632337927815
v 0.02406037598848343 0.05395013093948364 -0.030203906819224354
v 0.022308483719825745 0.05534481629729271 -0.0299628060311079
v 0.0227329283952713 0.058341171592473984 -0.024305632337927815
v 0.022308483719825745 0.05534481629729271 -0.0299628060311079
v 0.020682506263256073 0.059401217848062515 -0.024123786017298695
v 0.020682506263256073 0.059401217848062515 -0.024123786017298695
v 0.022308483719825745 0.05534481629729271 -0.0299628060311079
v 0.020400404930114746 0.056577086448669434 -0.029742708429694172
v 0.020682506263256073 0.059401217848062515 -0.024123786017298695
v 0.020400404930114746 0.056577086448669434 -0.029742708429694172
v 0.018533341586589813 0.060293447226285934 -0.02396021597087383
v 0.018533341586589813 0.060293447226285934 -0.02396021597087383
v 0.020400404930114746 0.056577086448669434 -0.029742708429694172
v 0.01835671067237854 0.057631462812423706 -0.029545327648520466
v 0.018533341586589813 0.060293447226285934 -0.02396021597087383
v 0.01835671067237854 0.057631462812423706 -0.029545327648520466
v 0.016213271766901016 0.05849155783653259 -0.02937418036162853
v 0.029659368097782135 0.04559066891670227 -0.030029563233256337
v 0.029440607875585556 0.045048218220472336 -0.03104099445044994
v 0.03025316447019577 0.04994247853755951 -0.025444841012358662
v 0.03025316447019577 0.04994247853755951 -0.025444841012358662
v 0.029440607875585556 0.045048218220472336 -0.03104099445044994
v 0.02763628214597702 0.04320364072918892 -0.03753907606005668
v 0.03025316447019577 0.04994247853755951 -0.025444841012358662
v 0.02763628214597702 0.04320364072918892 -0.03753907606005668
v 0.029388166964054108 0.05212812125682831 -0.025182096287608143
v 0.029388166964054108 0.05212812125682831 -0.025182096287608143
v 0.02763628214597702 0.04320364072918892 -0.03753907606005668
v 0.026950258761644363 0.04523080214858055 -0.037057947367429726
v 0.029388166964054108 0.05212812125682831 -0.025182096287608143
v 0.026950258761644363 0.04523080214858055 -0.037057947367429726
v 0.028075531125068665 0.05403943359851837 -0.024941107258200642
v 0.028075531125068665 0.05403943359851837 -0.024941107258200642
v 0.026950258761644363 0.04523080214858055 -0.037057947367429726
v 0.02599666267633438 0.0471496507525444 -0.0366259254515171
v 0.028075531125068665 0.05403943359851837 -0.024941107258200642
v 0.02599666267633438 0.0471496507525444 -0.0366259254515171
v 0.024806559085845947 0.04894945025444031 -0.03624885156750678
v 0.02646477147936821 0.05568939447402954 -0.024715101346373555
v 0.028075531125068665 0.05403943359851837 -0.024941107258200642
v 0.025649216026067734 0.052384380251169205 -0.030470302328467366
v 0.025649216026067734 0.052384380251169205 -0.030470302328467366
v 0.028075531125068665 0.05403943359851837 -0.024941107258200642
v 0.024806559085845947 0.04894945025444031 -0.03624885156750678
v 0.025649216026067734 0.052384380251169205 -0.030470302328467366
v 0.024806559085845947 0.04894945025444031 -0.03624885156750678
v 0.02406037598848343 0.05395013093948364 -0.030203906819224354
v 0.02406037598848343 0.05395013093948364 -0.030203906819224354
v 0.024806559085845947 0.04894945025444031 -0.03624885156750678
v 0.023410126566886902 0.05061659589409828 -0.03591607138514518
v 0.02406037598848343 0.05395013093948364 -0.030203906819224354
v 0.023410126566886902 0.05061659589409828 -0.03591607138514518
v 0.022308483719825745 0.05534481629729271 -0.0299628060311079
v 0.022308483719825745 0.05534481629729271 -0.0299628060311079
v 0.023410126566886902 0.05061659589409828 -0.03591607138514518
v 0.021827325224876404 0.05213725566864014 -0.03561688587069511
v 0.022308483719825745 0.05534481629729271 -0.0299628060311079
v 0.021827325224876404 0.05213725566864014 -0.03561688587069511
v 0.020400404930114746 0.056577086448669434 -0.029742708429694172
v 0.020400404930114746 0.056577086448669434 -0.029742708429694172
v 0.021827325224876404 0.05213725566864014 -0.03561688587069511
v 0.02005886286497116 0.05350443720817566 -0.035344775766134255
v 0.020400404930114746 0.056577086448669434 -0.029742708429694172
v 0.02005886286497116 0.05350443720817566 -0.035344775766134255
v 0.01835671067237854 0.057631462812423706 -0.029545327648520466
v 0.01835671067237854 0.057631462812423706 -0.029545327648520466
v 0.02005886286497116 0.05350443720817566 -0.035344775766134255
v 0.018124107271432877 0.054689548909664154 -0.03510176762938499
v 0.01835671067237854 0.057631462812423706 -0.029545327648520466
v 0.018124107271432877 0.054689548909664154 -0.03510176762938499
v 0.016213271766901016 0.05849155783653259 -0.02937418036162853
v 0.016213271766901016 0.05849155783653259 -0.02937418036162853
v 0.018124107271432877 0.054689548909664154 -0.03510176762938499
v 0.01606125384569168 0.0556657537817955 -0.03489244356751441
v 0.016213271766901016 0.05849155783653259 -0.02937418036162853
v 0.01606125384569168 0.0556657537817955 -0.03489244356751441
v 0.01399194821715355 0.05915979668498039 -0.029230756685137745
v 0.01399194821715355 0.05915979668498039 -0.029230756685137745
v 0.01606125384569168 0.0556657537817955 -0.03489244356751441
v 0.013897377997636795 0.05642985180020332 -0.034718681126832955
v 0.01399194821715355 0.05915979668498039 -0.029230756685137745
v 0.013897377997636795 0.05642985180020332 -0.034718681126832955
v 0.009358208626508713 0.057370174676179886 -0.034477155655622475
v 0.009358208626508713 0.057370174676179886 -0.034477155655622475
v 0.013897377997636795 0.05642985180020332 -0.034718681126832955
v 0.010626859962940216 0.051137473434209824 -0.04553783312439918
v 0.009358208626508713 0.057370174676179886 -0.034477155655622475
v 0.010626859962940216 0.051137473434209824 -0.04553783312439918
v 0.009060423821210861 0.051441214978694916 -0.045440159738063805
v 0.028629720211029053 0.04296372830867767 -0.03490616008639335
v 0.02802879363298416 0.04132040962576866 -0.037995908409357064
v 0.02763628214597702 0.04320364072918892 -0.03753907606005668
v 0.02763628214597702 0.04320364072918892 -0.03753907606005668
v 0.02802879363298416 0.04132040962576866 -0.037995908409357064
v 0.02655939757823944 0.04001736268401146 -0.043682467192411416
v 0.02763628214597702 0.04320364072918892 -0.03753907606005668
v 0.02655939757823944 0.04001736268401146 -0.043682467192411416
v 0.026950258761644363 0.04523080214858055 -0.037057947367429726
v 0.026950258761644363 0.04523080214858055 -0.037057947367429726
v 0.02655939757823944 0.04001736268401146 -0.043682467192411416
v 0.025881212204694748 0.04195482283830643 -0.04312328249216079
v 0.026950258761644363 0.04523080214858055 -0.037057947367429726
v 0.025881212204694748 0.04195482283830643 -0.04312328249216079
v 0.02599666267633438 0.0471496507525444 -0.0366259254515171
v 0.02599666267633438 0.0471496507525444 -0.0366259254515171
v 0.025881212204694748 0.04195482283830643 -0.04312328249216079
v 0.025013606995344162 0.043829433619976044 -0.042609304189682
v 0.02599666267633438 0.0471496507525444 -0.0366259254515171
v 0.025013606995344162 0.043829433619976044 -0.042609304189682
v 0.024806559085845947 0.04894945025444031 -0.03624885156750678
v 0.024806559085845947 0.04894945025444031 -0.03624885156750678
v 0.025013606995344162 0.043829433619976044 -0.042609304189682
v 0.023949410766363144 0.045628972351551056 -0.042147140949964516
v 0.024806559085845947 0.04894945025444031 -0.03624885156750678
v 0.023949410766363144 0.045628972351551056 -0.042147140949964516
v 0.023410126566886902 0.05061659589409828 -0.03591607138514518
v 0.023410126566886902 0.05061659589409828 -0.03591607138514518
v 0.023949410766363144 0.045628972351551056 -0.042147140949964516
v 0.02269113063812256 0.047328632324934006 -0.041729852557182305
v 0.023410126566886902 0.05061659589409828 -0.03591607138514518
v 0.02269113063812256 0.047328632324934006 -0.041729852557182305
v 0.021827325224876404 0.05213725566864014 -0.03561688587069511
v 0.021827325224876404 0.05213725566864014 -0.03561688587069511
v 0.02269113063812256 0.047328632324934006 -0.041729852557182305
v 0.021241910755634308 0.04890350624918938 -0.04135018959641456
v 0.021827325224876404 0.05213725566864014 -0.03561688587069511
v 0.021241910755634308 0.04890350624918938 -0.04135018959641456
v 0.02005886286497116 0.05350443720817566 -0.035344775766134255
v 0.02005886286497116 0.05350443720817566 -0.035344775766134255
v 0.021241910755634308 0.04890350624918938 -0.04135018959641456
v 0.01959487795829773 0.050337422639131546 -0.041003979742527
v 0.02005886286497116 0.05350443720817566 -0.035344775766134255
v 0.01959487795829773 0.050337422639131546 -0.041003979742527
v 0.018124107271432877 0.054689548909664154 -0.03510176762938499
v 0.018124107271432877 0.054689548909664154 -0.03510176762938499
v 0.01959487795829773 0.050337422639131546 -0.041003979742527
v 0.017765570431947708 0.05159401893615723 -0.04069618508219718
v 0.018124107271432877 0.054689548909664154 -0.03510176762938499
v 0.017765570431947708 0.05159401893615723 -0.04069618508219718
v 0.015332221984863281 0.04951656237244606 -0.046059060841798775
v 0.015332221984863281 0.04951656237244606 -0.046059060841798775
v 0.017765570431947708 0.05159401893615723 -0.04069618508219718
v 0.017211146652698517 0.04847119003534317 -0.046395216137170785
v 0.019278019666671753 0.06575261801481247 -7.972667503963747e-08
v 0.023216627538204193 0.06495211273431778 -6.482551384578982e-08
v 0.01972072198987007 0.06558231264352798 -0.0032242364250123496
v 0.01972072198987007 0.06558231264352798 -0.0032242364250123496
v 0.023216627538204193 0.06495211273431778 -6.482551384578982e-08
v 0.02445824444293976 0.06449409574270248 -0.003292945679277181
v 0.01972072198987007 0.06558231264352798 -0.0032242364250123496
v 0.02445824444293976 0.06449409574270248 -0.003292945679277181
v 0.01942693069577217 0.0653366968035698 -0.006366325076669454
v 0.01942693069577217 0.0653366968035698 -0.006366325076669454
v 0.02445824444293976 0.06449409574270248 -0.003292945679277181
v 0.02414139360189438 0.06421291083097458 -0.00649254536256194
v 0.02414139360189438 0.06421291083097458 -0.00649254536256194
v 0.02445824444293976 0.06449409574270248 -0.003292945679277181
v 0.026736225932836533 0.06371783465147018 -0.0033302656374871726
v 0.02414139360189438 0.06421291083097458 -0.00649254536256194
v 0.026736225932836533 0.06371783465147018 -0.0033302656374871726
v 0.026421811431646347 0.0634157732129097 -0.006561507936567067
v 0.026421811431646347 0.0634157732129097 -0.006561507936567067
v 0.026736225932836533 0.06371783465147018 -0.0033302656374871726
v 0.028923839330673218 0.06270580738782883 -0.0033641508780419822
v 0.026421811431646347 0.0634157732129097 -0.006561507936567067
v 0.028923839330673218 0.06270580738782883 -0.0033641508780419822
v 0.02862280234694481 0.06238127127289772 -0.006625702138990163
v 0.02862280234694481 0.06238127127289772 -0.006625702138990163
v 0.028923839330673218 0.06270580738782883 -0.0033641508780419822
v 0.030932124704122543 0.0613706149160862 -0.0033868155442178245
v 0.02862280234694481 0.06238127127289772 -0.006625702138990163
v 0.030932124704122543 0.0613706149160862 -0.0033868155442178245
v 0.0306534543633461 0.06102278083562851 -0.006672678049653768
v 0.0306534543633461 0.06102278083562851 -0.006672678049653768
v 0.030932124704122543 0.0613706149160862 -0.0033868155442178245
v 0.03258123621344566 0.059621039777994156 -0.0033923736773431297
v 0.0306534543633461 0.06102278083562851 -0.006672678049653768
v 0.03258123621344566 0.059621039777994156 -0.0033923736773431297
v 0.0323307029902935 0.05924808606505394 -0.00669301813468337
v 0.0323307029902935 0.05924808606505394 -0.00669301813468337
v 0.03258123621344566 0.059621039777994156 -0.0033923736773431297
v 0.03362315148115158 0.057440176606178284 -0.0033881790004670616
v 0.0323307029902935 0.05924808606505394 -0.00669301813468337
v 0.03362315148115158 0.057440176606178284 -0.0033881790004670616
v 0.03339753672480583 0.05703166872262955 -0.00669909780845046
v 0.03339753672480583 0.05703166872262955 -0.00669909780845046
v 0.03362315148115158 0.057440176606178284 -0.0033881790004670616
v 0.03368976339697838 0.05472530797123909 -0.007137236651033162
v 0.03339753672480583 0.05703166872262955 -0.00669909780845046
v 0.03368976339697838 0.05472530797123909 -0.007137236651033162
v 0.03328479826450348 0.0538627915084362 -0.010922363027930258
v 0.032625872641801834 0.055420905351638794 -0.013124777004122732
v 0.03153466433286667 0.05297040194272995 -0.0193492230027914
v 0.031575221568346024 0.057668402791023254 -0.013062736019492148
v 0.031575221568346024 0.057668402791023254 -0.013062736019492148
v 0.03153466433286667 0.05297040194272995 -0.0193492230027914
v 0.030561845749616623 0.055204205214977264 -0.019196597859263417
v 0.031575221568346024 0.057668402791023254 -0.013062736019492148
v 0.030561845749616623 0.055204205214977264 -0.019196597859263417
v 0.029939286410808563 0.059495147317647934 -0.01298951171338558
v 0.029939286410808563 0.059495147317647934 -0.01298951171338558
v 0.030561845749616623 0.055204205214977264 -0.019196597859263417
v 0.029061708599328995 0.05707903578877449 -0.01904685609042644
v 0.029939286410808563 0.059495147317647934 -0.01298951171338558
v 0.029061708599328995 0.05707903578877449 -0.01904685609042644
v 0.027964167296886444 0.0609322115778923 -0.012889189645648001
v 0.027964167296886444 0.0609322115778923 -0.012889189645648001
v 0.029061708599328995 0.05707903578877449 -0.01904685609042644
v 0.02724062278866768 0.05862012878060341 -0.0188868623226881
v 0.027964167296886444 0.0609322115778923 -0.012889189645648001
v 0.02724062278866768 0.05862012878060341 -0.0188868623226881
v 0.025822602212429047 0.062062062323093414 -0.012772163376212118
v 0.025822602212429047 0.062062062323093414 -0.012772163376212118
v 0.02724062278866768 0.05862012878060341 -0.0188868623226881
v 0.025244221091270447 0.05988907814025879 -0.01872245036065578
v 0.025822602212429047 0.062062062323093414 -0.012772163376212118
v 0.025244221091270447 0.05988907814025879 -0.01872245036065578
v 0.023601841181516647 0.06296022981405258 -0.012652805075049399
v 9.426548217561503e-07 0.06579022109508514 -0.012115968391299246
v 7.638408874299785e-07 0.06652967631816864 -0.007571285124868154
v 0.004789896309375763 0.06573280692100525 -0.012127047404646872
v 0.004789896309375763 0.06573280692100525 -0.012127047404646872
v 7.638408874299785e-07 0.06652967631816864 -0.007571285124868154
v 6.744339202668925e-07 0.06668676435947418 -0.006186043377965688
v 0.004789896309375763 0.06573280692100525 -0.012127047404646872
v 6.744339202668925e-07 0.06668676435947418 -0.006186043377965688
v 0.009563863277435303 0.06553985178470612 -0.012176213786005972
v 0.009563863277435303 0.06553985178470612 -0.012176213786005972
v 6.744339202668925e-07 0.06668676435947418 -0.006186043377965688
v 0.009812284260988235 0.06642089784145355 -0.006217171903699636
v 0.009563863277435303 0.06553985178470612 -0.012176213786005972
v 0.009812284260988235 0.06642089784145355 -0.006217171903699636
v 0.014310959726572037 0.06508799642324448 -0.01227699778974056
v 0.025244221091270447 0.05988907814025879 -0.01872245036065578
v 0.023148197680711746 0.060941312462091446 -0.01856306008994579
v 0.023601841181516647 0.06296022981405258 -0.012652805075049399
v 0.023601841181516647 0.06296022981405258 -0.012652805075049399
v 0.023148197680711746 0.060941312462091446 -0.01856306008994579
v 0.02096816897392273 0.06182268634438515 -0.01841403357684612
v 0.023601841181516647 0.06296022981405258 -0.012652805075049399
v 0.02096816897392273 0.06182268634438515 -0.01841403357684612
v 0.018998492509126663 0.06427237391471863 -0.01243736408650875
v 0.018998492509126663 0.06427237391471863 -0.01243736408650875
v 0.02096816897392273 0.06182268634438515 -0.01841403357684612
v 0.018723949790000916 0.06254918873310089 -0.018279774114489552
v 0.018998492509126663 0.06427237391471863 -0.01243736408650875
v 0.018723949790000916 0.06254918873310089 -0.018279774114489552
v 0.014310959726572037 0.06508799642324448 -0.01227699778974056
v 0.014310959726572037 0.06508799642324448 -0.01227699778974056
v 0.018723949790000916 0.06254918873310089 -0.018279774114489552
v 0.014133203774690628 0.06357491761445999 -0.018066538497805592
v 0.014310959726572037 0.06508799642324448 -0.01227699778974056
v 0.014133203774690628 0.06357491761445999 -0.018066538497805592
v 0.009563863277435303 0.06553985178470612 -0.012176213786005972
v 0.009563863277435303 0.06553985178470612 -0.012176213786005972
v 0.014133203774690628 0.06357491761445999 -0.018066538497805592
v 0.00944194570183754 0.06412690877914429 -0.017929321154952046
v 0.009563863277435303 0.06553985178470612 -0.012176213786005972
v 0.00944194570183754 0.06412690877914429 -0.017929321154952046
v 0.004789896309375763 0.06573280692100525 -0.012127047404646872
v 0.004789896309375763 0.06573280692100525 -0.012127047404646872
v 0.00944194570183754 0.06412690877914429 -0.017929321154952046
v 0.004721224308013916 0.0643342137336731 -0.017860239371657368
v 0.004789896309375763 0.06573280692100525 -0.012127047404646872
v 0.004721224308013916 0.0643342137336731 -0.017860239371657368
v 9.799077815841883e-07 0.06500527262687683 -0.015554113313555716
v 9.799077815841883e-07 0.06500527262687683 -0.015554113313555716
v 0.004721224308013916 0.0643342137336731 -0.017860239371657368
v 9.650066203903407e-07 0.06437800079584122 -0.017842588946223256
v 0.03328479826450348 0.0538627915084362 -0.010922363027930258
v 0.03305972367525101 0.05634764954447746 -0.009941613301634787
v 0.03339753672480583 0.05703166872262955 -0.00669909780845046
v 0.03339753672480583 0.05703166872262955 -0.00669909780845046
v 0.03305972367525101 0.05634764954447746 -0.009941613301634787
v 0.031991299241781235 0.05858584865927696 -0.009912824258208273
v 0.03339753672480583 0.05703166872262955 -0.00669909780845046
v 0.031991299241781235 0.05858584865927696 -0.009912824258208273
v 0.0323307029902935 0.05924808606505394 -0.00669301813468337
v 0.0323307029902935 0.05924808606505394 -0.00669301813468337
v 0.031991299241781235 0.05858584865927696 -0.009912824258208273
v 0.030320223420858383 0.06038658320903778 -0.009869558736681936
v 0.0323307029902935 0.05924808606505394 -0.00669301813468337
v 0.030320223420858383 0.06038658320903778 -0.009869558736681936
v 0.0306534543633461 0.06102278083562851 -0.006672678049653768
v 0.0306534543633461 0.06102278083562851 -0.006672678049653768
v 0.030320223420858383 0.06038658320903778 -0.009869558736681936
v 0.0283023864030838 0.06177989020943642 -0.009796699509024618
v 0.0306534543633461 0.06102278083562851 -0.006672678049653768
v 0.0283023864030838 0.06177989020943642 -0.009796699509024618
v 0.02862280234694481 0.06238127127289772 -0.006625702138990163
v 0.02862280234694481 0.06238127127289772 -0.006625702138990163
v 0.0283023864030838 0.06177989020943642 -0.009796699509024618
v 0.026118203997612 0.0628548413515091 -0.009705035015940664
v 0.02862280234694481 0.06238127127289772 -0.006625702138990163
v 0.026118203997612 0.0628548413515091 -0.009705035015940664
v 0.026421811431646347 0.0634157732129097 -0.006561507936567067
v 0.026421811431646347 0.0634157732129097 -0.006561507936567067
v 0.026118203997612 0.0628548413515091 -0.009705035015940664
v 0.023857906460762024 0.06369391083717346 -0.009609064087271689
v 0.026421811431646347 0.0634157732129097 -0.006561507936567067
v 0.023857906460762024 0.06369391083717346 -0.009609064087271689
v 0.02414139360189438 0.06421291083097458 -0.00649254536256194
v 0.02414139360189438 0.06421291083097458 -0.00649254536256194
v 0.023857906460762024 0.06369391083717346 -0.009609064087271689
v 0.019189104437828064 0.06489478796720505 -0.009434586390852926
v 0.02414139360189438 0.06421291083097458 -0.00649254536256194
v 0.019189104437828064 0.06489478796720505 -0.009434586390852926
v 0.01942693069577217 0.0653366968035698 -0.006366325076669454
v 0.01942693069577217 0.0653366968035698 -0.006366325076669454
v 0.019189104437828064 0.06489478796720505 -0.009434586390852926
v 0.014647513628005981 0.0660233423113823 -0.006273654755204915
v 0.01942693069577217 0.0653366968035698 -0.006366325076669454
v 0.014647513628005981 0.0660233423113823 -0.006273654755204915
v 0.01972072198987007 0.06558231264352798 -0.0032242364250123496
v 0.01972072198987007 0.06558231264352798 -0.0032242364250123496
v 0.014647513628005981 0.0660233423113823 -0.006273654755204915
v 0.014320116490125656 0.06638530641794205 9.908725928653438e-08
v 0.01972072198987007 0.06558231264352798 -0.0032242364250123496
v 0.014320116490125656 0.06638530641794205 9.908725928653438e-08
v 0.019278019666671753 0.06575261801481247 -7.972667503963747e-08
v 0.007956549525260925 0.06682155281305313 4.6933198660781266e-08
v 0.014320116490125656 0.06638530641794205 9.908725928653438e-08
v 0.009812284260988235 0.06642089784145355 -0.006217171903699636
v 0.009812284260988235 0.06642089784145355 -0.006217171903699636
v 0.014320116490125656 0.06638530641794205 9.908725928653438e-08
v 0.014647513628005981 0.0660233423113823 -0.006273654755204915
v 0.009812284260988235 0.06642089784145355 -0.006217171903699636
v 0.014647513628005981 0.0660233423113823 -0.006273654755204915
v 0.014310959726572037 0.06508799642324448 -0.01227699778974056
v 0.014310959726572037 0.06508799642324448 -0.01227699778974056
v 0.014647513628005981 0.0660233423113823 -0.006273654755204915
v 0.019189104437828064 0.06489478796720505 -0.009434586390852926
v 0.014310959726572037 0.06508799642324448 -0.01227699778974056
v 0.019189104437828064 0.06489478796720505 -0.009434586390852926
v 0.018998492509126663 0.06427237391471863 -0.01243736408650875
v 0.018998492509126663 0.06427237391471863 -0.01243736408650875
v 0.019189104437828064 0.06489478796720505 -0.009434586390852926
v 0.023857906460762024 0.06369391083717346 -0.009609064087271689
v 0.018998492509126663 0.06427237391471863 -0.01243736408650875
v 0.023857906460762024 0.06369391083717346 -0.009609064087271689
v 0.023601841181516647 0.06296022981405258 -0.012652805075049399
v 0.023601841181516647 0.06296022981405258 -0.012652805075049399
v 0.023857906460762024 0.06369391083717346 -0.009609064087271689
v 0.026118203997612 0.0628548413515091 -0.009705035015940664
v 0.023601841181516647 0.06296022981405258 -0.012652805075049399
v 0.026118203997612 0.0628548413515091 -0.009705035015940664
v 0.025822602212429047 0.062062062323093414 -0.012772163376212118
v 0.025822602212429047 0.062062062323093414 -0.012772163376212118
v 0.026118203997612 0.0628548413515091 -0.009705035015940664
v 0.0283023864030838 0.06177989020943642 -0.009796699509024618
v 0.025822602212429047 0.062062062323093414 -0.012772163376212118
v 0.0283023864030838 0.06177989020943642 -0.009796699509024618
v 0.027964167296886444 0.0609322115778923 -0.012889189645648001
v 0.027964167296886444 0.0609322115778923 -0.012889189645648001
v 0.0283023864030838 0.06177989020943642 -0.009796699509024618
v 0.030320223420858383 0.06038658320903778 -0.009869558736681936
v 0.027964167296886444 0.0609322115778923 -0.012889189645648001
v 0.030320223420858383 0.06038658320903778 -0.009869558736681936
v 0.029939286410808563 0.059495147317647934 -0.01298951171338558
v 0.029939286410808563 0.059495147317647934 -0.01298951171338558
v 0.030320223420858383 0.06038658320903778 -0.009869558736681936
v 0.031991299241781235 0.05858584865927696 -0.009912824258208273
v 0.029939286410808563 0.059495147317647934 -0.01298951171338558
v 0.031991299241781235 0.05858584865927696 -0.009912824258208273
v 0.031575221568346024 0.057668402791023254 -0.013062736019492148
v 0.031575221568346024 0.057668402791023254 -0.013062736019492148
v 0.031991299241781235 0.05858584865927696 -0.009912824258208273
v 0.03305972367525101 0.05634764954447746 -0.009941613301634787
v 0.031575221568346024 0.057668402791023254 -0.013062736019492148
v 0.03305972367525101 0.05634764954447746 -0.009941613301634787
v 0.032625872641801834 0.055420905351638794 -0.013124777004122732
v 0.032625872641801834 0.055420905351638794 -0.013124777004122732
v 0.03305972367525101 0.05634764954447746 -0.009941613301634787
v 0.03268808498978615 0.0525718554854393 -0.015020711347460745
v 0.032625872641801834 0.055420905351638794 -0.013124777004122732
v 0.03268808498978615 0.0525718554854393 -0.015020711347460745
v 0.03153466433286667 0.05297040194272995 -0.0193492230027914
v 0.03153466433286667 0.05297040194272995 -0.0193492230027914
v 0.03268808498978615 0.0525718554854393 -0.015020711347460745
v 0.032478250563144684 0.05211248993873596 -0.01626886241137981
v 0.03153466433286667 0.05297040194272995 -0.0193492230027914
v 0.032478250563144684 0.05211248993873596 -0.01626886241137981
v 0.03247566148638725 0.052106793969869614 -0.01628385297954082
v 0.03188163414597511 0.05078858137130737 -0.019515803083777424
v 0.03175840154290199 0.050512153655290604 -0.020146010443568226
v 0.03153466433286667 0.05297040194272995 -0.0193492230027914
v 0.03153466433286667 0.05297040194272995 -0.0193492230027914
v 0.03175840154290199 0.050512153655290604 -0.020146010443568226
v 0.03025316447019577 0.04994247853755951 -0.025444841012358662
v 0.03153466433286667 0.05297040194272995 -0.0193492230027914
v 0.03025316447019577 0.04994247853755951 -0.025444841012358662
v 0.030561845749616623 0.055204205214977264 -0.019196597859263417
v 0.030561845749616623 0.055204205214977264 -0.019196597859263417
v 0.03025316447019577 0.04994247853755951 -0.025444841012358662
v 0.029388166964054108 0.05212812125682831 -0.025182096287608143
v 0.030561845749616623 0.055204205214977264 -0.019196597859263417
v 0.029388166964054108 0.05212812125682831 -0.025182096287608143
v 0.029061708599328995 0.05707903578877449 -0.01904685609042644
v 0.029061708599328995 0.05707903578877449 -0.01904685609042644
v 0.029388166964054108 0.05212812125682831 -0.025182096287608143
v 0.028075531125068665 0.05403943359851837 -0.024941107258200642
v 0.029061708599328995 0.05707903578877449 -0.01904685609042644
v 0.028075531125068665 0.05403943359851837 -0.024941107258200642
v 0.02724062278866768 0.05862012878060341 -0.0188868623226881
v 0.02724062278866768 0.05862012878060341 -0.0188868623226881
v 0.028075531125068665 0.05403943359851837 -0.024941107258200642
v 0.02646477147936821 0.05568939447402954 -0.024715101346373555
v 0.02724062278866768 0.05862012878060341 -0.0188868623226881
v 0.02646477147936821 0.05568939447402954 -0.024715101346373555
v 0.025244221091270447 0.05988907814025879 -0.01872245036065578
v 0.025244221091270447 0.05988907814025879 -0.01872245036065578
v 0.02646477147936821 0.05568939447402954 -0.024715101346373555
v 0.024664275348186493 0.057113029062747955 -0.024502864107489582
v 0.025244221091270447 0.05988907814025879 -0.01872245036065578
v 0.024664275348186493 0.057113029062747955 -0.024502864107489582
v 0.023148197680711746 0.060941312462091446 -0.01856306008994579
v 0.023148197680711746 0.060941312462091446 -0.01856306008994579
v 0.024664275348186493 0.057113029062747955 -0.024502864107489582
v 0.0227329283952713 0.058341171592473984 -0.024305632337927815
v 0.023148197680711746 0.060941312462091446 -0.01856306008994579
v 0.0227329283952713 0.058341171592473984 -0.024305632337927815
v 0.02096816897392273 0.06182268634438515 -0.01841403357684612
v 0.02096816897392273 0.06182268634438515 -0.01841403357684612
v 0.0227329283952713 0.058341171592473984 -0.024305632337927815
v 0.020682506263256073 0.059401217848062515 -0.024123786017298695
v 0.02096816897392273 0.06182268634438515 -0.01841403357684612
v 0.020682506263256073 0.059401217848062515 -0.024123786017298695
v 0.018723949790000916 0.06254918873310089 -0.018279774114489552
v 0.018723949790000916 0.06254918873310089 -0.018279774114489552
v 0.020682506263256073 0.059401217848062515 -0.024123786017298695
v 0.018533341586589813 0.060293447226285934 -0.02396021597087383
v 0.018723949790000916 0.06254918873310089 -0.018279774114489552
v 0.018533341586589813 0.060293447226285934 -0.02396021597087383
v 0.014133203774690628 0.06357491761445999 -0.018066538497805592
v 0.014133203774690628 0.06357491761445999 -0.018066538497805592
v 0.018533341586589813 0.060293447226285934 -0.02396021597087383
v 0.014048710465431213 0.061570171266794205 -0.023698916658759114
v 0.014133203774690628 0.06357491761445999 -0.018066538497805592
v 0.014048710465431213 0.061570171266794205 -0.023698916658759114
v 0.00944194570183754 0.06412690877914429 -0.017929321154952046
v 0.00944194570183754 0.06412690877914429 -0.017929321154952046
v 0.014048710465431213 0.061570171266794205 -0.023698916658759114
v 0.00939883291721344 0.062249407172203064 -0.023528909310698506
v 0.00944194570183754 0.06412690877914429 -0.017929321154952046
v 0.00939883291721344 0.062249407172203064 -0.023528909310698506
v 0.004721224308013916 0.0643342137336731 -0.017860239371657368
v 0.004721224308013916 0.0643342137336731 -0.017860239371657368
v 0.00939883291721344 0.062249407172203064 -0.023528909310698506
v 0.004699546843767166 0.06248549744486809 -0.0234424527734518
v 0.004721224308013916 0.0643342137336731 -0.017860239371657368
v 0.004699546843767166 0.06248549744486809 -0.0234424527734518
v 9.650066203903407e-07 0.06437800079584122 -0.017842588946223256
v 9.650066203903407e-07 0.06437800079584122 -0.017842588946223256
v 0.004699546843767166 0.06248549744486809 -0.0234424527734518
v 7.936432098176738e-07 0.06233477592468262 -0.02390390448272228
v -0.023441147059202194 -0.004213832318782806 -0.024988574907183644
v -0.025370057672262192 -0.0037040188908576965 -0.023019311949610707
v -0.02539820596575737 0.0011193826794624329 -0.023593461140990254
v -0.015743810683488846 0.007538795471191406 -0.03495551273226737
v -0.018081750720739365 0.0076902806758880615 -0.03308100625872611
v -0.018628884106874466 0.009263411164283752 -0.03390778973698615
v -0.031613025814294815 0.015795860439538956 -0.015482714399695395
v -0.03228737786412239 0.017299387603998184 -0.013477353379130362
v -0.030860211700201035 0.01873256266117096 -0.01864952407777309
v -0.030790146440267563 0.009859513491392136 -0.01642011664807796
v -0.03085089847445488 0.0051494017243385315 -0.015486134216189383
v -0.03175010904669762 0.006556451320648193 -0.013376994058489798
v -0.03085089847445488 0.0051494017243385315 -0.015486134216189383
v -0.030790146440267563 0.009859513491392136 -0.01642011664807796
v -0.029774155467748642 0.0038927271962165833 -0.017566090449690815
v -0.027069997042417526 -0.002996087074279785 -0.020997336134314534
v -0.02856651321053505 -0.0020941048860549927 -0.018931245431303974
v -0.028512094169855118 0.0027964822947978973 -0.019612004980444905
v -0.031093057245016098 0.026900380849838257 -0.02140717767179012
v -0.03097030147910118 0.022899553179740906 -0.019960073754191395
v -0.032230790704488754 0.025951974093914032 -0.01608355157077312
v -0.03097030147910118 0.022899553179740906 -0.019960073754191395
v -0.031093057245016098 0.026900380849838257 -0.02140717767179012
v -0.02920713648200035 0.02005823329091072 -0.023873297497630116
v -0.029538650065660477 0.02381221577525139 -0.025339333340525624
v -0.027483489364385605 0.020866375416517258 -0.029505131766200062
v -0.02687249705195427 0.017486494034528732 -0.027938431128859516
v -0.0050666444003582 -0.0010103397071361542 -0.062306765466928475
v -0.0006261801463551819 0.0008131004869937897 -0.06077627465128898
v -0.002345133339986205 0.0024130940437316895 -0.05927987024188041
v -2.592063985673576e-08 0.008379526436328888 -0.04571116715669631
v -0.0007180681568570435 0.00836794450879097 -0.046841841191053384
v -2.1963573715311213e-07 0.008235014975070953 -0.048337686806917184
v -1.9728399536234065e-07 0.006580449640750885 -0.0396738089621067
v -0.0006387194734998047 0.007319498807191849 -0.041052870452404015
v -5.572296402078791e-08 0.007559128105640411 -0.04162952303886413
v -2.0473457595926448e-07 -0.0020226091146469116 -0.03410638496279716
v -9.501337626716122e-05 -0.0015294663608074188 -0.03418296948075294
v 7.093690612691717e-08 2.44378752540797e-05 -0.03456569090485572
v -0.006767947226762772 -0.004435934126377106 -0.03339427337050437
v -0.007643077522516251 -0.004435963928699493 -0.033227313309907906
v -0.007203463464975357 -0.0023239627480506897 -0.03352775052189826
v -0.03399999812245369 0.04811232164502144 2.2297137469706736e-09
v -0.03398047760128975 0.0467984639108181 -0.002044369932264089
v -0.03399999812245369 0.04114975780248642 2.2297137469706736e-09
v -0.03399999812245369 0.03863352909684181 2.2297137469706736e-09
v -0.03399999812245369 0.04114975780248642 2.2297137469706736e-09
v -0.03379128500819206 0.04371520131826401 -0.006664653774350881
v -0.03379128500819206 0.04371520131826401 -0.006664653774350881
v -0.03392627462744713 0.035786256194114685 -0.0036999410949647422
v -0.03399999812245369 0.03863352909684181 2.2297137469706736e-09
v -0.03399999812245369 0.03863352909684181 2.2297137469706736e-09
v -0.03392627462744713 0.035786256194114685 -0.0036999410949647422
v -0.03399484232068062 0.027677278965711594 -0.0009239368373528122
v -0.03399999812245369 0.03863352909684181 2.2297137469706736e-09
v -0.03399484232068062 0.027677278965711594 -0.0009239368373528122
v -0.03399999812245369 0.02865750715136528 2.2297137469706736e-09
v -0.03399999812245369 0.0239437036216259 2.2297137469706736e-09
v -0.03379182144999504 0.0240384079515934 -0.005215255077928304
v -0.03399999812245369 0.01813366264104843 2.2297137469706736e-09
v -0.03399999812245369 0.01813366264104843 2.2297137469706736e-09
v -0.03379182144999504 0.0240384079515934 -0.005215255077928304
v -0.03393277898430824 0.015384025871753693 -0.002605927642434835
v -0.03399999812245369 0.01813366264104843 2.2297137469706736e-09
v -0.03393277898430824 0.015384025871753693 -0.002605927642434835
v -0.03399999812245369 0.006931640207767487 2.2297137469706736e-09
v -0.03399999812245369 0.006931640207767487 2.2297137469706736e-09
v -0.03393277898430824 0.015384025871753693 -0.002605927642434835
v -0.0339997373521328 0.006486948579549789 -0.0001129560259869322
v -0.033501457422971725 -0.004436001181602478 -0.005930764134973287
v -0.03279828652739525 -0.0016099214553833008 -0.009280217811465262
v -0.03268919512629509 -0.004436060786247253 -0.009551553055644034
v -0.03268919512629509 -0.004436060786247253 -0.009551553055644034
v -0.03279828652739525 -0.0016099214553833008 -0.009280217811465262
v -0.032068949192762375 -0.0032804980874061584 -0.01159997098147869
v -0.03268919512629509 -0.004436060786247253 -0.009551553055644034
v -0.032068949192762375 -0.0032804980874061584 -0.01159997098147869
v -0.03152891620993614 -0.004435934126377106 -0.012997170910239218
v -0.02053781971335411 -0.0044358521699905396 -0.027450954541563984
v -0.023265313357114792 -0.0044358521699905396 -0.02513685636222362
v -0.023441147059202194 -0.004213832318782806 -0.024988574907183644
v -0.023441147059202194 -0.004213832318782806 -0.024988574907183644
v -0.023265313357114792 -0.0044358521699905396 -0.02513685636222362
v -0.025788333266973495 -0.004435315728187561 -0.022473348304629322
v -0.023441147059202194 -0.004213832318782806 -0.024988574907183644
v -0.025788333266973495 -0.004435315728187561 -0.022473348304629322
v -0.025370057672262192 -0.0037040188908576965 -0.023019311949610707
v -0.025370057672262192 -0.0037040188908576965 -0.023019311949610707
v -0.025788333266973495 -0.004435315728187561 -0.022473348304629322
v -0.02798604592680931 -0.00443587452173233 -0.019608249887824055
v -0.017612922936677933 -0.004436060786247253 -0.02942370437085628
v -0.01909773424267769 1.7739803297445178e-05 -0.029124548658728596
v -0.016362246125936508 -0.0021254047751426697 -0.030417000874876973
v -0.016362246125936508 -0.0021254047751426697 -0.030417000874876973
v -0.01909773424267769 1.7739803297445178e-05 -0.029124548658728596
v -0.01656884327530861 8.082759450189769e-05 -0.030727734789252278
v -0.016362246125936508 -0.0021254047751426697 -0.030417000874876973
v -0.01656884327530861 8.082759450189769e-05 -0.030727734789252278
v -0.013581249862909317 -0.001756463199853897 -0.031796310096979134
v -0.01036876067519188 -0.003309592604637146 -0.032673444598913186
v -0.011035319417715073 -0.004436090588569641 -0.03235958144068717
v -0.013380307704210281 -0.00400872528553009 -0.031564977020025246
v -0.013380307704210281 -0.00400872528553009 -0.031564977020025246
v -0.011035319417715073 -0.004436090588569641 -0.03235958144068717
v -0.01447426900267601 -0.0044360533356666565 -0.03105705045163631
v -0.013380307704210281 -0.00400872528553009 -0.031564977020025246
v -0.01447426900267601 -0.0044360533356666565 -0.03105705045163631
v -0.015781830996274948 -0.003841087222099304 -0.030493481084704396
v -2.592063985673576e-08 -0.004435934126377106 -0.03400017693638801
v -0.0013845524517819285 -0.004435993731021881 -0.033973593264818185
v -2.592063985673576e-08 -0.0037762820720672607 -0.03399993851780891
v -2.592063985673576e-08 -0.0037762820720672607 -0.03399993851780891
v -0.0013845524517819285 -0.004435993731021881 -0.033973593264818185
v -0.0035738309379667044 -0.0031824931502342224 -0.033880200237035744
v -9.501337626716122e-05 -0.0015294663608074188 -0.03418296948075294
v -0.0005351564032025635 0.00046543029020540416 -0.034714009612798684
v 7.093690612691717e-08 2.44378752540797e-05 -0.03456569090485572
v 7.093690612691717e-08 2.44378752540797e-05 -0.03456569090485572
v -0.0005351564032025635 0.00046543029020540416 -0.034714009612798684
v -0.001083921524696052 0.00228007510304451 -0.03553763404488563
v 7.093690612691717e-08 2.44378752540797e-05 -0.03456569090485572
v -0.001083921524696052 0.00228007510304451 -0.03553763404488563
v -4.580543020438199e-07 0.002048950642347336 -0.03542161360383033
v -4.580543020438199e-07 0.002048950642347336 -0.03542161360383033
v -0.001083921524696052 0.00228007510304451 -0.03553763404488563
v -1.8983341476541682e-07 0.0036478564143180847 -0.036448638886213296
v -1.8983341476541682e-07 0.0036478564143180847 -0.036448638886213296
v -0.001083921524696052 0.00228007510304451 -0.03553763404488563
v -0.0017518735257908702 0.0039022229611873627 -0.036609243601560586
v -1.8983341476541682e-07 0.0036478564143180847 -0.036448638886213296
v -0.0017518735257908702 0.0039022229611873627 -0.036609243601560586
v 3.8816825309595515e-09 0.004601903259754181 -0.03725600615143775
v -5.572296402078791e-08 0.007559128105640411 -0.04162952303886413
v -0.0006387194734998047 0.007319498807191849 -0.041052870452404015
v -2.419874647330289e-07 0.008118763566017151 -0.04349402710795402
v -2.419874647330289e-07 0.008118763566017151 -0.04349402710795402
v -0.0006387194734998047 0.007319498807191849 -0.041052870452404015
v -0.0018359607784077525 0.007995732128620148 -0.04290542751550674
v -2.419874647330289e-07 0.008118763566017151 -0.04349402710795402
v -0.0018359607784077525 0.007995732128620148 -0.04290542751550674
v -1.9728399536234065e-07 0.008259288966655731 -0.04427534714341163
v -1.9728399536234065e-07 0.008259288966655731 -0.04427534714341163
v -0.0018359607784077525 0.007995732128620148 -0.04290542751550674
v -2.592063985673576e-08 0.008379526436328888 -0.04571116715669631
v -2.592063985673576e-08 0.008379526436328888 -0.04571116715669631
v -0.0018359607784077525 0.007995732128620148 -0.04290542751550674
v -0.003155220067128539 0.008370157331228256 -0.044779404997825616
v -2.592063985673576e-08 0.008379526436328888 -0.04571116715669631
v -0.003155220067128539 0.008370157331228256 -0.044779404997825616
v -0.0007180681568570435 0.00836794450879097 -0.046841841191053384
v -0.0019277742831036448 0.0070915184915065765 -0.052590113133192055
v -0.0019596924539655447 0.005123410373926163 -0.05610971897840499
v -4.0821802826940257e-08 0.0055861696600914 -0.05544419214129447
v -4.0821802826940257e-08 0.0055861696600914 -0.05544419214129447
v -0.0019596924539655447 0.005123410373926163 -0.05610971897840499
v 1.4544271209615545e-07 0.004043150693178177 -0.05752639099955558
v 1.4544271209615545e-07 0.004043150693178177 -0.05752639099955558
v -0.0019596924539655447 0.005123410373926163 -0.05610971897840499
v -9.823947766562924e-05 0.003843512386083603 -0.05776147916913032
v 1.4544271209615545e-07 0.004043150693178177 -0.05752639099955558
v -9.823947766562924e-05 0.003843512386083603 -0.05776147916913032
v 2.646520158577914e-07 0.0018892474472522736 -0.059803914278745644
v -0.014815207570791245 0.001085720956325531 -0.06163273379206657
v -0.014725800603628159 0.0010457709431648254 -0.061645578593015664
v -0.013754699379205704 0.0015385039150714874 -0.06091721355915069
v -0.013754699379205704 0.0015385039150714874 -0.06091721355915069
v -0.014725800603628159 0.0010457709431648254 -0.061645578593015664
v -0.013303343206644058 0.00047765669296495616 -0.06182825565338134
v -0.014896828681230545 0.003811165690422058 -0.058812990784645074
v -0.01853558048605919 0.0032929368317127228 -0.06092295795679092
v -0.014815207570791245 0.001085720956325531 -0.06163273379206657
v -0.021955814212560654 0.0066337138414382935 -0.05984868854284286
v -0.01985081657767296 0.004389863461256027 -0.06057022511959075
v -0.01920207217335701 0.00527862086892128 -0.059162173420190804
v -0.01920207217335701 0.00527862086892128 -0.059162173420190804
v -0.01985081657767296 0.004389863461256027 -0.06057022511959075
v -0.01853558048605919 0.0032929368317127228 -0.06092295795679092
v -0.01920207217335701 0.00527862086892128 -0.059162173420190804
v -0.01853558048605919 0.0032929368317127228 -0.06092295795679092
v -0.01604914292693138 0.006000183522701263 -0.05653529614210128
v -0.01604914292693138 0.006000183522701263 -0.05653529614210128
v -0.01853558048605919 0.0032929368317127228 -0.06092295795679092
v -0.014896828681230545 0.003811165690422058 -0.058812990784645074
v -0.01604914292693138 0.006000183522701263 -0.05653529614210128
v -0.014896828681230545 0.003811165690422058 -0.058812990784645074
v -0.012724753469228745 0.006901241838932037 -0.05398052185773849
v -0.020061131566762924 0.007792472839355469 -0.05672605708241462
v -0.022718463093042374 0.007639110088348389 -0.05952538922429084
v -0.022653814405202866 0.00754905492067337 -0.059554349631071084
v -0.02668045088648796 0.016269445419311523 -0.056750170886516564
v -0.025793004781007767 0.013497509062290192 -0.05764152854681014
v -0.02567233517765999 0.013803679496049881 -0.05703675746917724
v -0.02567233517765999 0.013803679496049881 -0.05703675746917724
v -0.025793004781007767 0.013497509062290192 -0.05764152854681014
v -0.02473398670554161 0.011034954339265823 -0.058433398604393
v -0.02567233517765999 0.013803679496049881 -0.05703675746917724
v -0.02473398670554161 0.011034954339265823 -0.058433398604393
v -0.02387382462620735 0.01316126063466072 -0.05420270562171935
v -0.02602766826748848 0.01678035780787468 -0.05424152314662933
v -0.026989180594682693 0.017513975501060486 -0.056349977850913995
v -0.02668045088648796 0.016269445419311523 -0.056750170886516564
v -0.02642691507935524 0.019670113921165466 -0.0513872280716896
v -0.027397889643907547 0.01961740106344223 -0.05567358806729316
v -0.027339767664670944 0.019270021468400955 -0.05578529462218284
v -0.02773115411400795 0.02233221009373665 -0.054800596088171
v -0.02768716588616371 0.029197972267866135 -0.05164574831724166
v -0.027860794216394424 0.025421947240829468 -0.05380704626441001
v -0.027860794216394424 0.025421947240829468 -0.05380704626441001
v -0.02768716588616371 0.029197972267866135 -0.05164574831724166
v -0.027699116617441177 0.028870506212115288 -0.052698113024234765
v -0.02751440927386284 0.0323357991874218 -0.048662334680557244
v -0.027416769415140152 0.0353231206536293 -0.045725714415311806
v -0.02649795636534691 0.036080505698919296 -0.04915731772780418
v -0.027699116617441177 0.028870506212115288 -0.052698113024234765
v -0.02768716588616371 0.029197972267866135 -0.05164574831724166
v -0.027339767664670944 0.03157387673854828 -0.05182880163192748
v -0.027339767664670944 0.03157387673854828 -0.05182880163192748
v -0.02768716588616371 0.029197972267866135 -0.05164574831724166
v -0.02751440927386284 0.0323357991874218 -0.048662334680557244
v -0.027339767664670944 0.03157387673854828 -0.05182880163192748
v -0.02751440927386284 0.0323357991874218 -0.048662334680557244
v -0.026610825210809708 0.03482890501618385 -0.050782095640897744
v -0.026610825210809708 0.03482890501618385 -0.050782095640897744
v -0.02751440927386284 0.0323357991874218 -0.048662334680557244
v -0.02649795636534691 0.036080505698919296 -0.04915731772780418
v -0.026610825210809708 0.03482890501618385 -0.050782095640897744
v -0.02649795636534691 0.036080505698919296 -0.04915731772780418
v -0.026401545852422714 0.03554883226752281 -0.05055063590407371
v -0.029653247445821762 0.045573726296424866 -0.030058776959776875
v -0.029441583901643753 0.04504894092679024 -0.031037425622344014
v -0.029508519917726517 0.04488695040345192 -0.030899195000529286
v -0.029508519917726517 0.04488695040345192 -0.030899195000529286
v -0.029441583901643753 0.04504894092679024 -0.031037425622344014
v -0.028834667056798935 0.043502625077962875 -0.0339052565395832
v -0.029508519917726517 0.04488695040345192 -0.030899195000529286
v -0.028834667056798935 0.043502625077962875 -0.0339052565395832
v -0.028983499854803085 0.040408551692962646 -0.0352090261876583
v -0.028983499854803085 0.040408551692962646 -0.0352090261876583
v -0.028834667056798935 0.043502625077962875 -0.0339052565395832
v -0.02802881971001625 0.041320618242025375 -0.03799572214484214
v -0.028983499854803085 0.040408551692962646 -0.0352090261876583
v -0.02802881971001625 0.041320618242025375 -0.03799572214484214
v -0.028474997729063034 0.035464975982904434 -0.04008172079920768
v -0.028474997729063034 0.035464975982904434 -0.04008172079920768
v -0.02802881971001625 0.041320618242025375 -0.03799572214484214
v -0.027701277285814285 0.040372926741838455 -0.03982259705662727
v -0.03247569873929024 0.052106671035289764 -0.016283800825476643
v -0.03190459683537483 0.05084019526839256 -0.019397100433707234
v -0.031772974878549576 0.0489027313888073 -0.02060551010072231
v -0.031772974878549576 0.0489027313888073 -0.02060551010072231
v -0.03190459683537483 0.05084019526839256 -0.019397100433707234
v -0.0307333804666996 0.04816374555230141 -0.025087682530283924
v -0.031772974878549576 0.0489027313888073 -0.02060551010072231
v -0.0307333804666996 0.04816374555230141 -0.025087682530283924
v -0.03109162673354149 0.04539824649691582 -0.02468602173030376
v -0.03399999812245369 0.04811232164502144 2.2297137469706736e-09
v -0.03400008752942085 0.05538341403007507 2.2297137469706736e-09
v -0.03398047760128975 0.0467984639108181 -0.002044369932264089
v -0.03398047760128975 0.0467984639108181 -0.002044369932264089
v -0.03400008752942085 0.05538341403007507 2.2297137469706736e-09
v -0.033917952328920364 0.05520704388618469 -0.003698696848005056
v -0.03398047760128975 0.0467984639108181 -0.002044369932264089
v -0.033917952328920364 0.05520704388618469 -0.003698696848005056
v -0.03385567292571068 0.05421113222837448 -0.0050853840075433246
v -0.03385567292571068 0.05421113222837448 -0.0050853840075433246
v -0.033917952328920364 0.05520704388618469 -0.003698696848005056
v -0.033671651035547256 0.054687075316905975 -0.007344094570726155
v -0.03385567292571068 0.05421113222837448 -0.0050853840075433246
v -0.033671651035547256 0.054687075316905975 -0.007344094570726155
v -0.033265430480241776 0.05382129177451134 -0.011074563488364218
v -0.004069346934556961 0.003935761749744415 -0.05760789290070533
v -0.008360113948583603 0.001464005559682846 -0.060267679393291466
v -0.002345133339986205 0.0024130940437316895 -0.05927987024188041
v -0.002345133339986205 0.0024130940437316895 -0.05927987024188041
v -0.008360113948583603 0.001464005559682846 -0.060267679393291466
v -0.006914269179105759 -0.0005205161869525909 -0.06197232753038406
v -0.002345133339986205 0.0024130940437316895 -0.05927987024188041
v -0.006914269179105759 -0.0005205161869525909 -0.06197232753038406
v -0.0050666444003582 -0.0010103397071361542 -0.062306765466928475
v -0.011764463037252426 0.00954965129494667 -0.04503102600574493
v -0.014974888414144516 0.010660678148269653 -0.04392105713486671
v -0.013073209673166275 0.009788069874048233 -0.046403016895055764
v -0.013073209673166275 0.009788069874048233 -0.046403016895055764
v -0.014974888414144516 0.010660678148269653 -0.04392105713486671
v -0.01441284641623497 0.009931441396474838 -0.0477277748286724
v -0.013073209673166275 0.009788069874048233 -0.046403016895055764
v -0.01441284641623497 0.009931441396474838 -0.0477277748286724
v -0.012706462293863297 0.00870196521282196 -0.05024171993136405
v -0.012706462293863297 0.00870196521282196 -0.05024171993136405
v -0.01441284641623497 0.009931441396474838 -0.0477277748286724
v -0.014227520674467087 0.008507631719112396 -0.05154730007052421
v -0.012706462293863297 0.00870196521282196 -0.05024171993136405
v -0.014227520674467087 0.008507631719112396 -0.05154730007052421
v -0.012724753469228745 0.006901241838932037 -0.05398052185773849
v -0.012724753469228745 0.006901241838932037 -0.05398052185773849
v -0.014227520674467087 0.008507631719112396 -0.05154730007052421
v -0.0172242633998394 0.008099336177110672 -0.054108966141939156
v -0.012724753469228745 0.006901241838932037 -0.05398052185773849
v -0.0172242633998394 0.008099336177110672 -0.054108966141939156
v -0.01604914292693138 0.006000183522701263 -0.05653529614210128
v -0.01604914292693138 0.006000183522701263 -0.05653529614210128
v -0.0172242633998394 0.008099336177110672 -0.054108966141939156
v -0.020061131566762924 0.007792472839355469 -0.05672605708241462
v -0.01604914292693138 0.006000183522701263 -0.05653529614210128
v -0.020061131566762924 0.007792472839355469 -0.05672605708241462
v -0.01920207217335701 0.00527862086892128 -0.059162173420190804
v -0.01920207217335701 0.00527862086892128 -0.059162173420190804
v -0.020061131566762924 0.007792472839355469 -0.05672605708241462
v -0.022653814405202866 0.00754905492067337 -0.059554349631071084
v -0.01920207217335701 0.00527862086892128 -0.059162173420190804
v -0.022653814405202866 0.00754905492067337 -0.059554349631071084
v -0.021955814212560654 0.0066337138414382935 -0.05984868854284286
v -0.016144853085279465 0.01108393445611 -0.04519153386354446
v -0.017327453941106796 0.011435989290475845 -0.04644679278135299
v -0.015763964504003525 0.010013863444328308 -0.0490192137658596
v -0.015763964504003525 0.010013863444328308 -0.0490192137658596
v -0.017327453941106796 0.011435989290475845 -0.04644679278135299
v -0.019664090126752853 0.012024220079183578 -0.048950675874948495
v -0.015763964504003525 0.010013863444328308 -0.0490192137658596
v -0.019664090126752853 0.012024220079183578 -0.048950675874948495
v -0.01842941716313362 0.010106317698955536 -0.05156787857413291
v -0.01842941716313362 0.010106317698955536 -0.05156787857413291
v -0.019664090126752853 0.012024220079183578 -0.048950675874948495
v -0.021870750933885574 0.012574423104524612 -0.0515151135623455
v -0.01842941716313362 0.010106317698955536 -0.05156787857413291
v -0.021870750933885574 0.012574423104524612 -0.0515151135623455
v -0.02094961330294609 0.010225377976894379 -0.05416711047291755
v -0.02094961330294609 0.010225377976894379 -0.05416711047291755
v -0.021870750933885574 0.012574423104524612 -0.0515151135623455
v -0.02387382462620735 0.01316126063466072 -0.05420270562171935
v -0.02094961330294609 0.010225377976894379 -0.05416711047291755
v -0.02387382462620735 0.01316126063466072 -0.05420270562171935
v -0.023254770785570145 0.010439302772283554 -0.05688849464058875
v -0.023254770785570145 0.010439302772283554 -0.05688849464058875
v -0.02387382462620735 0.01316126063466072 -0.05420270562171935
v -0.02473398670554161 0.011034954339265823 -0.058433398604393
v -0.023254770785570145 0.010439302772283554 -0.05688849464058875
v -0.02473398670554161 0.011034954339265823 -0.058433398604393
v -0.02452164515852928 0.010611496865749359 -0.05856956914067268
v -0.02668045088648796 0.016269445419311523 -0.056750170886516564
v -0.02567233517765999 0.013803679496049881 -0.05703675746917724
v -0.02602766826748848 0.01678035780787468 -0.05424152314662933
v -0.02602766826748848 0.01678035780787468 -0.05424152314662933
v -0.02567233517765999 0.013803679496049881 -0.05703675746917724
v -0.02387382462620735 0.01316126063466072 -0.05420270562171935
v -0.02602766826748848 0.01678035780787468 -0.05424152314662933
v -0.02387382462620735 0.01316126063466072 -0.05420270562171935
v -0.02452671155333519 0.01579911634325981 -0.05144107341766357
v -0.02452671155333519 0.01579911634325981 -0.05144107341766357
v -0.02387382462620735 0.01316126063466072 -0.05420270562171935
v -0.021870750933885574 0.012574423104524612 -0.0515151135623455
v -0.02452671155333519 0.01579911634325981 -0.05144107341766357
v -0.021870750933885574 0.012574423104524612 -0.0515151135623455
v -0.022821474820375443 0.014836497604846954 -0.048801936209201806
v -0.022821474820375443 0.014836497604846954 -0.048801936209201806
v -0.021870750933885574 0.012574423104524612 -0.0515151135623455
v -0.019664090126752853 0.012024220079183578 -0.048950675874948495
v -0.022821474820375443 0.014836497604846954 -0.048801936209201806
v -0.019664090126752853 0.012024220079183578 -0.048950675874948495
v -0.020921532064676285 0.013861417770385742 -0.046295404434204095
v -0.020921532064676285 0.013861417770385742 -0.046295404434204095
v -0.019664090126752853 0.012024220079183578 -0.048950675874948495
v -0.017327453941106796 0.011435989290475845 -0.04644679278135299
v -0.020921532064676285 0.013861417770385742 -0.046295404434204095
v -0.017327453941106796 0.011435989290475845 -0.04644679278135299
v -0.01890427991747856 0.012796632945537567 -0.04387065395712852
v -0.01890427991747856 0.012796632945537567 -0.04387065395712852
v -0.017327453941106796 0.011435989290475845 -0.04644679278135299
v -0.016144853085279465 0.01108393445611 -0.04519153386354446
v -0.01890427991747856 0.012796632945537567 -0.04387065395712852
v -0.016144853085279465 0.01108393445611 -0.04519153386354446
v -0.0168771855533123 0.01150709018111229 -0.041475683450698846
v -0.01589975878596306 0.010722912847995758 -0.040282275527715676
v -0.018753666430711746 0.012362848967313766 -0.039079669862985604
v -0.0168771855533123 0.01150709018111229 -0.041475683450698846
v -0.0168771855533123 0.01150709018111229 -0.041475683450698846
v -0.018753666430711746 0.012362848967313766 -0.039079669862985604
v -0.02047594264149666 0.014120511710643768 -0.041318982839584344
v -0.0168771855533123 0.01150709018111229 -0.041475683450698846
v -0.02047594264149666 0.014120511710643768 -0.041318982839584344
v -0.01890427991747856 0.012796632945537567 -0.04387065395712852
v -0.01890427991747856 0.012796632945537567 -0.04387065395712852
v -0.02047594264149666 0.014120511710643768 -0.041318982839584344
v -0.022192198783159256 0.01563161611557007 -0.04363643005490302
v -0.01890427991747856 0.012796632945537567 -0.04387065395712852
v -0.022192198783159256 0.01563161611557007 -0.04363643005490302
v -0.020921532064676285 0.013861417770385742 -0.046295404434204095
v -0.020921532064676285 0.013861417770385742 -0.046295404434204095
v -0.022192198783159256 0.01563161611557007 -0.04363643005490302
v -0.02379881963133812 0.017014112323522568 -0.04606115072965621
v -0.020921532064676285 0.013861417770385742 -0.046295404434204095
v -0.02379881963133812 0.017014112323522568 -0.04606115072965621
v -0.022821474820375443 0.014836497604846954 -0.048801936209201806
v -0.022821474820375443 0.014836497604846954 -0.048801936209201806
v -0.02379881963133812 0.017014112323522568 -0.04606115072965621
v -0.0252179317176342 0.01834658905863762 -0.04863374307751655
v -0.022821474820375443 0.014836497604846954 -0.048801936209201806
v -0.0252179317176342 0.01834658905863762 -0.04863374307751655
v -0.02452671155333519 0.01579911634325981 -0.05144107341766357
v -0.02452671155333519 0.01579911634325981 -0.05144107341766357
v -0.0252179317176342 0.01834658905863762 -0.04863374307751655
v -0.02642691507935524 0.019670113921165466 -0.0513872280716896
v -0.02452671155333519 0.01579911634325981 -0.05144107341766357
v -0.02642691507935524 0.019670113921165466 -0.0513872280716896
v -0.02602766826748848 0.01678035780787468 -0.05424152314662933
v -0.02602766826748848 0.01678035780787468 -0.05424152314662933
v -0.02642691507935524 0.019670113921165466 -0.0513872280716896
v -0.027339767664670944 0.019270021468400955 -0.05578529462218284
v -0.02602766826748848 0.01678035780787468 -0.05424152314662933
v -0.027339767664670944 0.019270021468400955 -0.05578529462218284
v -0.026989180594682693 0.017513975501060486 -0.056349977850913995
v -0.027896303683519363 0.02776898443698883 -0.04282474517822265
v -0.026878442615270615 0.022466104477643967 -0.048506502062082284
v -0.02747267112135887 0.025483880192041397 -0.04031258448958396
v -0.02747267112135887 0.025483880192041397 -0.04031258448958396
v -0.026878442615270615 0.022466104477643967 -0.048506502062082284
v -0.025949541479349136 0.020805545151233673 -0.045816786587238305
v -0.02747267112135887 0.025483880192041397 -0.04031258448958396
v -0.025949541479349136 0.020805545151233673 -0.045816786587238305
v -0.026782270520925522 0.023147590458393097 -0.03802883997559547
v -0.026782270520925522 0.023147590458393097 -0.03802883997559547
v -0.025949541479349136 0.020805545151233673 -0.045816786587238305
v -0.024796780198812485 0.019116844981908798 -0.043328564614057534
v -0.026782270520925522 0.023147590458393097 -0.03802883997559547
v -0.024796780198812485 0.019116844981908798 -0.043328564614057534
v -0.025908391922712326 0.020703338086605072 -0.0359317697584629
v -0.027896303683519363 0.02776898443698883 -0.04282474517822265
v -0.02794991061091423 0.030046312138438225 -0.04560308530926704
v -0.026878442615270615 0.022466104477643967 -0.048506502062082284
v -0.026878442615270615 0.022466104477643967 -0.048506502062082284
v -0.02794991061091423 0.030046312138438225 -0.04560308530926704
v -0.027726832777261734 0.027155347168445587 -0.04850237444043159
v -0.026878442615270615 0.022466104477643967 -0.048506502062082284
v -0.027726832777261734 0.027155347168445587 -0.04850237444043159
v -0.027551542967557907 0.024149373173713684 -0.051433499902486794
v -0.02773115411400795 0.02233221009373665 -0.054800596088171
v -0.027551542967557907 0.024149373173713684 -0.051433499902486794
v -0.02768716588616371 0.029197972267866135 -0.05164574831724166
v -0.02768716588616371 0.029197972267866135 -0.05164574831724166
v -0.027551542967557907 0.024149373173713684 -0.051433499902486794
v -0.027726832777261734 0.027155347168445587 -0.04850237444043159
v -0.02768716588616371 0.029197972267866135 -0.05164574831724166
v -0.027726832777261734 0.027155347168445587 -0.04850237444043159
v -0.02751440927386284 0.0323357991874218 -0.048662334680557244
v -0.02751440927386284 0.0323357991874218 -0.048662334680557244
v -0.027726832777261734 0.027155347168445587 -0.04850237444043159
v -0.02794991061091423 0.030046312138438225 -0.04560308530926704
v -0.02751440927386284 0.0323357991874218 -0.048662334680557244
v -0.02794991061091423 0.030046312138438225 -0.04560308530926704
v -0.027416769415140152 0.0353231206536293 -0.045725714415311806
v -0.027416769415140152 0.0353231206536293 -0.045725714415311806
v -0.02794991061091423 0.030046312138438225 -0.04560308530926704
v -0.027396854013204575 0.038156911730766296 -0.04289289936423301
v -0.027416769415140152 0.0353231206536293 -0.045725714415311806
v -0.027396854013204575 0.038156911730766296 -0.04289289936423301
v -0.02649795636534691 0.036080505698919296 -0.04915731772780418
v -0.02649795636534691 0.036080505698919296 -0.04915731772780418
v -0.027396854013204575 0.038156911730766296 -0.04289289936423301
v -0.026957932859659195 0.03797978535294533 -0.044723492115736
v -0.02808293327689171 0.024029526859521866 -0.03123722784221172
v -0.027483489364385605 0.020866375416517258 -0.029505131766200062
v -0.029846254736185074 0.02738325297832489 -0.026961585506796833
v -0.029846254736185074 0.02738325297832489 -0.026961585506796833
v -0.027483489364385605 0.020866375416517258 -0.029505131766200062
v -0.029538650065660477 0.02381221577525139 -0.025339333340525624
v -0.029846254736185074 0.02738325297832489 -0.026961585506796833
v -0.029538650065660477 0.02381221577525139 -0.025339333340525624
v -0.031179647892713547 0.030750581994652748 -0.022995484992861744
v -0.028589408844709396 0.02702518180012703 -0.03313732519745826
v -0.02808293327689171 0.024029526859521866 -0.03123722784221172
v -0.03005317971110344 0.030801480636000633 -0.028744583949446675
v -0.03005317971110344 0.030801480636000633 -0.028744583949446675
v -0.02808293327689171 0.024029526859521866 -0.03123722784221172
v -0.029846254736185074 0.02738325297832489 -0.026961585506796833
v -0.03005317971110344 0.030801480636000633 -0.028744583949446675
v -0.029846254736185074 0.02738325297832489 -0.026961585506796833
v -0.031161431223154068 0.03446568548679352 -0.024731306359171864
v -0.031161431223154068 0.03446568548679352 -0.024731306359171864
v -0.029846254736185074 0.02738325297832489 -0.026961585506796833
v -0.031179647892713547 0.030750581994652748 -0.022995484992861744
v -0.031161431223154068 0.03446568548679352 -0.024731306359171864
v -0.031179647892713547 0.030750581994652748 -0.022995484992861744
v -0.032002370804548264 0.03798322379589081 -0.020861169323325154
v -0.032002370804548264 0.03798322379589081 -0.020861169323325154
v -0.031179647892713547 0.030750581994652748 -0.022995484992861744
v -0.032156649976968765 0.03409181535243988 -0.019143005833029744
v -0.032002370804548264 0.03798322379589081 -0.020861169323325154
v -0.032156649976968765 0.03409181535243988 -0.019143005833029744
v -0.03267282620072365 0.041329097002744675 -0.01690173707902431
v -0.02687249705195427 0.017486494034528732 -0.027938431128859516
v -0.02920713648200035 0.02005823329091072 -0.023873297497630116
v -0.029538650065660477 0.02381221577525139 -0.025339333340525624
v -0.029538650065660477 0.02381221577525139 -0.025339333340525624
v -0.02920713648200035 0.02005823329091072 -0.023873297497630116
v -0.031093057245016098 0.026900380849838257 -0.02140717767179012
v -0.029538650065660477 0.02381221577525139 -0.025339333340525624
v -0.031093057245016098 0.026900380849838257 -0.02140717767179012
v -0.031179647892713547 0.030750581994652748 -0.022995484992861744
v -0.031179647892713547 0.030750581994652748 -0.022995484992861744
v -0.031093057245016098 0.026900380849838257 -0.02140717767179012
v -0.032230790704488754 0.025951974093914032 -0.01608355157077312
v -0.031179647892713547 0.030750581994652748 -0.022995484992861744
v -0.032230790704488754 0.025951974093914032 -0.01608355157077312
v -0.032156649976968765 0.03409181535243988 -0.019143005833029744
v -0.032156649976968765 0.03409181535243988 -0.019143005833029744
v -0.032230790704488754 0.025951974093914032 -0.01608355157077312
v -0.032877322286367416 0.03737024590373039 -0.015207691118121145
v -0.032156649976968765 0.03409181535243988 -0.019143005833029744
v -0.032877322286367416 0.03737024590373039 -0.015207691118121145
v -0.03267282620072365 0.041329097002744675 -0.01690173707902431
v -0.03341788426041603 0.0405750535428524 -0.011062225326895712
v -0.03294415399432182 0.048365212976932526 -0.01445030979812145
v -0.032328616827726364 0.0451781265437603 -0.01870220713317394
v -0.03399999812245369 0.04114975780248642 2.2297137469706736e-09
v -0.03398047760128975 0.0467984639108181 -0.002044369932264089
v -0.03379128500819206 0.04371520131826401 -0.006664653774350881
v -0.03379128500819206 0.04371520131826401 -0.006664653774350881
v -0.03398047760128975 0.0467984639108181 -0.002044369932264089
v -0.03385567292571068 0.05421113222837448 -0.0050853840075433246
v -0.03379128500819206 0.04371520131826401 -0.006664653774350881
v -0.03385567292571068 0.05421113222837448 -0.0050853840075433246
v -0.0334811769425869 0.051361508667469025 -0.009903488680720328
v -0.0334811769425869 0.051361508667469025 -0.009903488680720328
v -0.03385567292571068 0.05421113222837448 -0.0050853840075433246
v -0.033265430480241776 0.05382129177451134 -0.011074563488364218
v -0.0334811769425869 0.051361508667469025 -0.009903488680720328
v -0.033265430480241776 0.05382129177451134 -0.011074563488364218
v -0.03269222751259804 0.05258115753531456 -0.014995357021689413
v -0.028474997729063034 0.035464975982904434 -0.04008172079920768
v -0.02891501411795616 0.032701652497053146 -0.037523370236158364
v -0.028983499854803085 0.040408551692962646 -0.0352090261876583
v -0.028983499854803085 0.040408551692962646 -0.0352090261876583
v -0.02891501411795616 0.032701652497053146 -0.037523370236158364
v -0.02975839003920555 0.037297509610652924 -0.032849144190549844
v -0.028983499854803085 0.040408551692962646 -0.0352090261876583
v -0.02975839003920555 0.037297509610652924 -0.032849144190549844
v -0.029508519917726517 0.04488695040345192 -0.030899195000529286
v -0.029508519917726517 0.04488695040345192 -0.030899195000529286
v -0.02975839003920555 0.037297509610652924 -0.032849144190549844
v -0.030444104224443436 0.041537415236234665 -0.02867963723838329
v -0.029508519917726517 0.04488695040345192 -0.030899195000529286
v -0.030444104224443436 0.041537415236234665 -0.02867963723838329
v -0.029653247445821762 0.045573726296424866 -0.030058776959776875
v -0.029653247445821762 0.045573726296424866 -0.030058776959776875
v -0.030444104224443436 0.041537415236234665 -0.02867963723838329
v -0.03109162673354149 0.04539824649691582 -0.02468602173030376
v -0.029653247445821762 0.045573726296424866 -0.030058776959776875
v -0.03109162673354149 0.04539824649691582 -0.02468602173030376
v -0.030528169125318527 0.047681938856840134 -0.026038756594061848
v -0.030528169125318527 0.047681938856840134 -0.026038756594061848
v -0.03109162673354149 0.04539824649691582 -0.02468602173030376
v -0.0307333804666996 0.04816374555230141 -0.025087682530283924
v -0.02891501411795616 0.032701652497053146 -0.037523370236158364
v -0.028903629630804062 0.02989843674004078 -0.03522027656435966
v -0.02975839003920555 0.037297509610652924 -0.032849144190549844
v -0.02975839003920555 0.037297509610652924 -0.032849144190549844
v -0.028903629630804062 0.02989843674004078 -0.03522027656435966
v -0.030062589794397354 0.03409609943628311 -0.030699482187628743
v -0.02975839003920555 0.037297509610652924 -0.032849144190549844
v -0.030062589794397354 0.03409609943628311 -0.030699482187628743
v -0.030444104224443436 0.041537415236234665 -0.02867963723838329
v -0.030444104224443436 0.041537415236234665 -0.02867963723838329
v -0.030062589794397354 0.03409609943628311 -0.030699482187628743
v -0.030952144414186478 0.03805972635746002 -0.02662350051105022
v -0.030444104224443436 0.041537415236234665 -0.02867963723838329
v -0.030952144414186478 0.03805972635746002 -0.02662350051105022
v -0.03109162673354149 0.04539824649691582 -0.02468602173030376
v -0.03109162673354149 0.04539824649691582 -0.02468602173030376
v -0.030952144414186478 0.03805972635746002 -0.02662350051105022
v -0.03167698159813881 0.041755154728889465 -0.02270945720374584
v -0.03109162673354149 0.04539824649691582 -0.02468602173030376
v -0.03167698159813881 0.041755154728889465 -0.02270945720374584
v -0.031772974878549576 0.0489027313888073 -0.02060551010072231
v -0.031772974878549576 0.0489027313888073 -0.02060551010072231
v -0.03167698159813881 0.041755154728889465 -0.02270945720374584
v -0.032328616827726364 0.0451781265437603 -0.01870220713317394
v -0.031772974878549576 0.0489027313888073 -0.02060551010072231
v -0.032328616827726364 0.0451781265437603 -0.01870220713317394
v -0.03247569873929024 0.052106671035289764 -0.016283800825476643
v -0.03247569873929024 0.052106671035289764 -0.016283800825476643
v -0.032328616827726364 0.0451781265437603 -0.01870220713317394
v -0.03294415399432182 0.048365212976932526 -0.01445030979812145
v -0.03247569873929024 0.052106671035289764 -0.016283800825476643
v -0.03294415399432182 0.048365212976932526 -0.01445030979812145
v -0.03269222751259804 0.05258115753531456 -0.014995357021689413
v -0.03279828652739525 -0.0016099214553833008 -0.009280217811465262
v -0.03248013183474541 0.00810239464044571 -0.011244824156165121
v -0.032068949192762375 -0.0032804980874061584 -0.01159997098147869
v -0.032068949192762375 -0.0032804980874061584 -0.01159997098147869
v -0.03248013183474541 0.00810239464044571 -0.011244824156165121
v -0.03175010904669762 0.006556451320648193 -0.013376994058489798
v -0.032068949192762375 -0.0032804980874061584 -0.01159997098147869
v -0.03175010904669762 0.006556451320648193 -0.013376994058489798
v -0.03152891620993614 -0.004435934126377106 -0.012997170910239218
v -0.03152891620993614 -0.004435934126377106 -0.012997170910239218
v -0.03175010904669762 0.006556451320648193 -0.013376994058489798
v -0.03085089847445488 0.0051494017243385315 -0.015486134216189383
v -0.03152891620993614 -0.004435934126377106 -0.012997170910239218
v -0.03085089847445488 0.0051494017243385315 -0.015486134216189383
v -0.031135868281126022 -0.004435867071151733 -0.013944042846560476
v -0.031135868281126022 -0.004435867071151733 -0.013944042846560476
v -0.03085089847445488 0.0051494017243385315 -0.015486134216189383
v -0.029774155467748642 0.0038927271962165833 -0.017566090449690815
v -0.031135868281126022 -0.004435867071151733 -0.013944042846560476
v -0.029774155467748642 0.0038927271962165833 -0.017566090449690815
v -0.029986891895532608 -0.004435598850250244 -0.01632720790803432
v -0.029820870608091354 0.013085518032312393 -0.019448494538664814
v -0.02868146076798439 0.011899072676897049 -0.021418472751975056
v -0.028547901660203934 0.00746551901102066 -0.02043601684272289
v -0.028547901660203934 0.00746551901102066 -0.02043601684272289
v -0.02868146076798439 0.011899072676897049 -0.021418472751975056
v -0.027152519673109055 0.006486877799034119 -0.022411724552512165
v -0.028547901660203934 0.00746551901102066 -0.02043601684272289
v -0.027152519673109055 0.006486877799034119 -0.022411724552512165
v -0.027056772261857986 0.0018695332109928131 -0.02162121050059795
v -0.03079463168978691 0.014387737959623337 -0.017471460625529286
v -0.029820870608091354 0.013085518032312393 -0.019448494538664814
v -0.02975735440850258 0.008592862635850906 -0.018438694998621937
v -0.02975735440850258 0.008592862635850906 -0.018438694998621937
v -0.029820870608091354 0.013085518032312393 -0.019448494538664814
v -0.028547901660203934 0.00746551901102066 -0.02043601684272289
v -0.02975735440850258 0.008592862635850906 -0.018438694998621937
v -0.028547901660203934 0.00746551901102066 -0.02043601684272289
v -0.028512094169855118 0.0027964822947978973 -0.019612004980444905
v -0.028512094169855118 0.0027964822947978973 -0.019612004980444905
v -0.028547901660203934 0.00746551901102066 -0.02043601684272289
v -0.027056772261857986 0.0018695332109928131 -0.02162121050059795
v -0.028512094169855118 0.0027964822947978973 -0.019612004980444905
v -0.027056772261857986 0.0018695332109928131 -0.02162121050059795
v -0.027069997042417526 -0.002996087074279785 -0.020997336134314534
v -0.027152519673109055 0.006486877799034119 -0.022411724552512165
v -0.02539820596575737 0.0011193826794624329 -0.023593461140990254
v -0.027056772261857986 0.0018695332109928131 -0.02162121050059795
v -0.027056772261857986 0.0018695332109928131 -0.02162121050059795
v -0.02539820596575737 0.0011193826794624329 -0.023593461140990254
v -0.025370057672262192 -0.0037040188908576965 -0.023019311949610707
v -0.027056772261857986 0.0018695332109928131 -0.02162121050059795
v -0.025370057672262192 -0.0037040188908576965 -0.023019311949610707
v -0.027069997042417526 -0.002996087074279785 -0.020997336134314534
v -0.027069997042417526 -0.002996087074279785 -0.020997336134314534
v -0.025370057672262192 -0.0037040188908576965 -0.023019311949610707
v -0.02798604592680931 -0.00443587452173233 -0.019608249887824055
v -0.027069997042417526 -0.002996087074279785 -0.020997336134314534
v -0.02798604592680931 -0.00443587452173233 -0.019608249887824055
v -0.02856651321053505 -0.0020941048860549927 -0.018931245431303974
v -0.02856651321053505 -0.0020941048860549927 -0.018931245431303974
v -0.02798604592680931 -0.00443587452173233 -0.019608249887824055
v -0.029986891895532608 -0.004435598850250244 -0.01632720790803432
v -0.02856651321053505 -0.0020941048860549927 -0.018931245431303974
v -0.029986891895532608 -0.004435598850250244 -0.01632720790803432
v -0.028512094169855118 0.0027964822947978973 -0.019612004980444905
v -0.028512094169855118 0.0027964822947978973 -0.019612004980444905
v -0.029986891895532608 -0.004435598850250244 -0.01632720790803432
v -0.029774155467748642 0.0038927271962165833 -0.017566090449690815
v -0.028512094169855118 0.0027964822947978973 -0.019612004980444905
v -0.029774155467748642 0.0038927271962165833 -0.017566090449690815
v -0.02975735440850258 0.008592862635850906 -0.018438694998621937
v -0.02975735440850258 0.008592862635850906 -0.018438694998621937
v -0.029774155467748642 0.0038927271962165833 -0.017566090449690815
v -0.030790146440267563 0.009859513491392136 -0.01642011664807796
v -0.02975735440850258 0.008592862635850906 -0.018438694998621937
v -0.030790146440267563 0.009859513491392136 -0.01642011664807796
v -0.03079463168978691 0.014387737959623337 -0.017471460625529286
v -0.03079463168978691 0.014387737959623337 -0.017471460625529286
v -0.030790146440267563 0.009859513491392136 -0.01642011664807796
v -0.03175010904669762 0.006556451320648193 -0.013376994058489798
v -0.033087100833654404 0.029152218252420425 -0.01212639920413494
v -0.03228737786412239 0.017299387603998184 -0.013477353379130362
v -0.03325272724032402 0.02054780349135399 -0.009399620816111563
v -0.03325272724032402 0.02054780349135399 -0.009399620816111563
v -0.03228737786412239 0.017299387603998184 -0.013477353379130362
v -0.03305058553814888 0.009774129837751389 -0.009096248075366018
v -0.03325272724032402 0.02054780349135399 -0.009399620816111563
v -0.03305058553814888 0.009774129837751389 -0.009096248075366018
v -0.033473122864961624 0.0115567147731781 -0.006937434431165456
v -0.033473122864961624 0.0115567147731781 -0.006937434431165456
v -0.03305058553814888 0.009774129837751389 -0.009096248075366018
v -0.03334381803870201 0.00022198629449121654 -0.006961119826883077
v -0.033473122864961624 0.0115567147731781 -0.006937434431165456
v -0.03334381803870201 0.00022198629449121654 -0.006961119826883077
v -0.03371669724583626 0.00219712033867836 -0.004656953271478414
v -0.03371669724583626 0.00219712033867836 -0.004656953271478414
v -0.03334381803870201 0.00022198629449121654 -0.006961119826883077
v -0.03393438830971718 -0.004436559975147247 -0.0021413839422166343
v -0.03371669724583626 0.00219712033867836 -0.004656953271478414
v -0.03393438830971718 -0.004436559975147247 -0.0021413839422166343
v -0.03399999812245369 0.004948388785123825 2.2297137469706736e-09
v -0.03399999812245369 0.004948388785123825 2.2297137469706736e-09
v -0.03393438830971718 -0.004436559975147247 -0.0021413839422166343
v -0.034000005573034286 -0.004435934126377106 2.2297137469706736e-09
v -0.03341788426041603 0.0405750535428524 -0.011062225326895712
v -0.033087100833654404 0.029152218252420425 -0.01212639920413494
v -0.03363089635968208 0.03244493529200554 -0.008007360622286795
v -0.03363089635968208 0.03244493529200554 -0.008007360622286795
v -0.033087100833654404 0.029152218252420425 -0.01212639920413494
v -0.03325272724032402 0.02054780349135399 -0.009399620816111563
v -0.03363089635968208 0.03244493529200554 -0.008007360622286795
v -0.03325272724032402 0.02054780349135399 -0.009399620816111563
v -0.03379182144999504 0.0240384079515934 -0.005215255077928304
v -0.03379182144999504 0.0240384079515934 -0.005215255077928304
v -0.03325272724032402 0.02054780349135399 -0.009399620816111563
v -0.033473122864961624 0.0115567147731781 -0.006937434431165456
v -0.03379182144999504 0.0240384079515934 -0.005215255077928304
v -0.033473122864961624 0.0115567147731781 -0.006937434431165456
v -0.03393277898430824 0.015384025871753693 -0.002605927642434835
v -0.03393277898430824 0.015384025871753693 -0.002605927642434835
v -0.033473122864961624 0.0115567147731781 -0.006937434431165456
v -0.03371669724583626 0.00219712033867836 -0.004656953271478414
v -0.03393277898430824 0.015384025871753693 -0.002605927642434835
v -0.03371669724583626 0.00219712033867836 -0.004656953271478414
v -0.0339997373521328 0.006486948579549789 -0.0001129560259869322
v -0.0339997373521328 0.006486948579549789 -0.0001129560259869322
v -0.03371669724583626 0.00219712033867836 -0.004656953271478414
v -0.03399999812245369 0.004948388785123825 2.2297137469706736e-09
v -0.0339997373521328 0.006486948579549789 -0.0001129560259869322
v -0.03399999812245369 0.004948388785123825 2.2297137469706736e-09
v -0.03399999812245369 0.006931640207767487 2.2297137469706736e-09
v -0.03269222751259804 0.05258115753531456 -0.014995357021689413
v -0.03294415399432182 0.048365212976932526 -0.01445030979812145
v -0.0334811769425869 0.051361508667469025 -0.009903488680720328
v -0.0334811769425869 0.051361508667469025 -0.009903488680720328
v -0.03294415399432182 0.048365212976932526 -0.01445030979812145
v -0.03341788426041603 0.0405750535428524 -0.011062225326895712
v -0.0334811769425869 0.051361508667469025 -0.009903488680720328
v -0.03341788426041603 0.0405750535428524 -0.011062225326895712
v -0.03379128500819206 0.04371520131826401 -0.006664653774350881
v -0.03379128500819206 0.04371520131826401 -0.006664653774350881
v -0.03341788426041603 0.0405750535428524 -0.011062225326895712
v -0.03363089635968208 0.03244493529200554 -0.008007360622286795
v -0.03379128500819206 0.04371520131826401 -0.006664653774350881
v -0.03363089635968208 0.03244493529200554 -0.008007360622286795
v -0.03392627462744713 0.035786256194114685 -0.0036999410949647422
v -0.03392627462744713 0.035786256194114685 -0.0036999410949647422
v -0.03363089635968208 0.03244493529200554 -0.008007360622286795
v -0.03379182144999504 0.0240384079515934 -0.005215255077928304
v -0.03392627462744713 0.035786256194114685 -0.0036999410949647422
v -0.03379182144999504 0.0240384079515934 -0.005215255077928304
v -0.03399484232068062 0.027677278965711594 -0.0009239368373528122
v -0.03399484232068062 0.027677278965711594 -0.0009239368373528122
v -0.03379182144999504 0.0240384079515934 -0.005215255077928304
v -0.03399999812245369 0.0239437036216259 2.2297137469706736e-09
v -0.03399999812245369 0.0239437036216259 2.2297137469706736e-09
v -0.01447426900267601 -0.0044360533356666565 -0.03105705045163631
v -0.017612922936677933 -0.004436060786247253 -0.02942370437085628
v -0.015781830996274948 -0.003841087222099304 -0.030493481084704396
v -0.015781830996274948 -0.003841087222099304 -0.030493481084704396
v -0.017612922936677933 -0.004436060786247253 -0.02942370437085628
v -0.016362246125936508 -0.0021254047751426697 -0.030417000874876973
v -0.015781830996274948 -0.003841087222099304 -0.030493481084704396
v -0.016362246125936508 -0.0021254047751426697 -0.030417000874876973
v -0.013380307704210281 -0.00400872528553009 -0.031564977020025246
v -0.013380307704210281 -0.00400872528553009 -0.031564977020025246
v -0.016362246125936508 -0.0021254047751426697 -0.030417000874876973
v -0.013581249862909317 -0.001756463199853897 -0.031796310096979134
v -0.013380307704210281 -0.00400872528553009 -0.031564977020025246
v -0.013581249862909317 -0.001756463199853897 -0.031796310096979134
v -0.01036876067519188 -0.003309592604637146 -0.032673444598913186
v -0.0050666444003582 -0.0010103397071361542 -0.062306765466928475
v -1.1019478662888105e-08 -0.0011013224720954895 -0.06233593448996543
v -0.0006261801463551819 0.0008131004869937897 -0.06077627465128898
v -0.0006261801463551819 0.0008131004869937897 -0.06077627465128898
v -1.1019478662888105e-08 -0.0011013224720954895 -0.06233593448996543
v 2.646520158577914e-07 0.0018892474472522736 -0.059803914278745644
v -0.0006261801463551819 0.0008131004869937897 -0.06077627465128898
v 2.646520158577914e-07 0.0018892474472522736 -0.059803914278745644
v -0.002345133339986205 0.0024130940437316895 -0.05927987024188041
v -0.002345133339986205 0.0024130940437316895 -0.05927987024188041
v 2.646520158577914e-07 0.0018892474472522736 -0.059803914278745644
v -9.823947766562924e-05 0.003843512386083603 -0.05776147916913032
v -0.002345133339986205 0.0024130940437316895 -0.05927987024188041
v -9.823947766562924e-05 0.003843512386083603 -0.05776147916913032
v -0.004069346934556961 0.003935761749744415 -0.05760789290070533
v -0.004069346934556961 0.003935761749744415 -0.05760789290070533
v -9.823947766562924e-05 0.003843512386083603 -0.05776147916913032
v -0.0019596924539655447 0.005123410373926163 -0.05610971897840499
v -0.003155220067128539 0.008370157331228256 -0.044779404997825616
v -0.004585493355989456 0.008487951010465622 -0.046589002013206475
v -0.0007180681568570435 0.00836794450879097 -0.046841841191053384
v -0.0007180681568570435 0.00836794450879097 -0.046841841191053384
v -0.004585493355989456 0.008487951010465622 -0.046589002013206475
v -0.002307388698682189 0.008190881460905075 -0.04875844344496726
v -0.0007180681568570435 0.00836794450879097 -0.046841841191053384
v -0.002307388698682189 0.008190881460905075 -0.04875844344496726
v -2.1963573715311213e-07 0.008235014975070953 -0.048337686806917184
v -2.1963573715311213e-07 0.008235014975070953 -0.048337686806917184
v -0.002307388698682189 0.008190881460905075 -0.04875844344496726
v -9.005874017020687e-05 0.007738206535577774 -0.05075500532984733
v -2.1963573715311213e-07 0.008235014975070953 -0.048337686806917184
v -9.005874017020687e-05 0.007738206535577774 -0.05075500532984733
v -1.8470059259811933e-08 0.007717583328485489 -0.05082780122756957
v -1.8470059259811933e-08 0.007717583328485489 -0.05082780122756957
v -9.005874017020687e-05 0.007738206535577774 -0.05075500532984733
v -1.2277818939310237e-07 0.006874483078718185 -0.053101647645235055
v 3.8816825309595515e-09 0.004601903259754181 -0.03725600615143775
v -0.0017518735257908702 0.0039022229611873627 -0.036609243601560586
v -1.600310923777215e-07 0.005254335701465607 -0.037918690592050545
v -1.600310923777215e-07 0.005254335701465607 -0.037918690592050545
v -0.0017518735257908702 0.0039022229611873627 -0.036609243601560586
v -0.0025439669843763113 0.005328580737113953 -0.03790386393666267
v -1.600310923777215e-07 0.005254335701465607 -0.037918690592050545
v -0.0025439669843763113 0.005328580737113953 -0.03790386393666267
v -1.9728399536234065e-07 0.006580449640750885 -0.0396738089621067
v -1.9728399536234065e-07 0.006580449640750885 -0.0396738089621067
v -0.0025439669843763113 0.005328580737113953 -0.03790386393666267
v -0.003461304819211364 0.00653509795665741 -0.03939038142561912
v -1.9728399536234065e-07 0.006580449640750885 -0.0396738089621067
v -0.003461304819211364 0.00653509795665741 -0.03939038142561912
v -0.0006387194734998047 0.007319498807191849 -0.041052870452404015
v -0.0006387194734998047 0.007319498807191849 -0.041052870452404015
v -0.003461304819211364 0.00653509795665741 -0.03939038142561912
v -0.004502531141042709 0.007488522678613663 -0.041010532528161996
v -0.0006387194734998047 0.007319498807191849 -0.041052870452404015
v -0.004502531141042709 0.007488522678613663 -0.041010532528161996
v -0.0018359607784077525 0.007995732128620148 -0.04290542751550674
v -0.0018359607784077525 0.007995732128620148 -0.04290542751550674
v -0.004502531141042709 0.007488522678613663 -0.041010532528161996
v -0.005661923438310623 0.00817510113120079 -0.04268724098801612
v -0.0018359607784077525 0.007995732128620148 -0.04290542751550674
v -0.005661923438310623 0.00817510113120079 -0.04268724098801612
v -0.003155220067128539 0.008370157331228256 -0.044779404997825616
v -0.003155220067128539 0.008370157331228256 -0.044779404997825616
v -0.005661923438310623 0.00817510113120079 -0.04268724098801612
v -0.0069281794130802155 0.008614148944616318 -0.04434909671545028
v -0.003155220067128539 0.008370157331228256 -0.044779404997825616
v -0.0069281794130802155 0.008614148944616318 -0.04434909671545028
v -0.004585493355989456 0.008487951010465622 -0.046589002013206475
v -0.0069281794130802155 0.008614148944616318 -0.04434909671545028
v -0.008285392075777054 0.00884503498673439 -0.045947827398777
v -0.004585493355989456 0.008487951010465622 -0.046589002013206475
v -0.004585493355989456 0.008487951010465622 -0.046589002013206475
v -0.008285392075777054 0.00884503498673439 -0.045947827398777
v -0.006109599024057388 0.008407138288021088 -0.04828797280788421
v -0.004585493355989456 0.008487951010465622 -0.046589002013206475
v -0.006109599024057388 0.008407138288021088 -0.04828797280788421
v -0.002307388698682189 0.008190881460905075 -0.04875844344496726
v -0.002307388698682189 0.008190881460905075 -0.04875844344496726
v -0.006109599024057388 0.008407138288021088 -0.04828797280788421
v -0.003991950303316116 0.0078234001994133 -0.05053133517503738
v -0.002307388698682189 0.008190881460905075 -0.04875844344496726
v -0.003991950303316116 0.0078234001994133 -0.05053133517503738
v -9.005874017020687e-05 0.007738206535577774 -0.05075500532984733
v -9.005874017020687e-05 0.007738206535577774 -0.05075500532984733
v -0.003991950303316116 0.0078234001994133 -0.05053133517503738
v -0.0019277742831036448 0.0070915184915065765 -0.052590113133192055
v -9.005874017020687e-05 0.007738206535577774 -0.05075500532984733
v -0.0019277742831036448 0.0070915184915065765 -0.052590113133192055
v -1.2277818939310237e-07 0.006874483078718185 -0.053101647645235055
v -1.2277818939310237e-07 0.006874483078718185 -0.053101647645235055
v -0.0019277742831036448 0.0070915184915065765 -0.052590113133192055
v -4.0821802826940257e-08 0.0055861696600914 -0.05544419214129447
v -0.009803000837564468 0.0033720768988132477 -0.05836795270442962
v -0.005804475396871567 0.005353473126888275 -0.05572263896465301
v -0.00756242498755455 0.006644777953624725 -0.0536157265305519
v -0.00756242498755455 0.006644777953624725 -0.0536157265305519
v -0.005804475396871567 0.005353473126888275 -0.05572263896465301
v -0.003839824115857482 0.006280861794948578 -0.054240509867668145
v -0.00756242498755455 0.006644777953624725 -0.0536157265305519
v -0.003839824115857482 0.006280861794948578 -0.054240509867668145
v -0.0057509951293468475 0.007293909788131714 -0.05214614421129226
v -0.009356904774904251 0.0078077055513858795 -0.0513165034353733
v -0.007707279175519943 0.008167486637830734 -0.049861334264278405
v -0.011195283383131027 0.008848894387483597 -0.04888765886425971
v -0.011195283383131027 0.008848894387483597 -0.04888765886425971
v -0.007707279175519943 0.008167486637830734 -0.049861334264278405
v -0.009714599698781967 0.008909802883863449 -0.04746107384562492
v -0.013303343206644058 0.00047765669296495616 -0.06182825565338134
v -0.01027839258313179 -0.00036957862903364 -0.06210068985819816
v -0.013754699379205704 0.0015385039150714874 -0.06091721355915069
v -0.013754699379205704 0.0015385039150714874 -0.06091721355915069
v -0.01027839258313179 -0.00036957862903364 -0.06210068985819816
v -0.009803000837564468 0.0033720768988132477 -0.05836795270442962
v -0.013754699379205704 0.0015385039150714874 -0.06091721355915069
v -0.009803000837564468 0.0033720768988132477 -0.05836795270442962
v -0.011253360658884048 0.005188286304473877 -0.05626706033945083
v -0.011253360658884048 0.005188286304473877 -0.05626706033945083
v -0.009803000837564468 0.0033720768988132477 -0.05836795270442962
v -0.00756242498755455 0.006644777953624725 -0.0536157265305519
v -0.011253360658884048 0.005188286304473877 -0.05626706033945083
v -0.00756242498755455 0.006644777953624725 -0.0536157265305519
v -0.009356904774904251 0.0078077055513858795 -0.0513165034353733
v -0.009356904774904251 0.0078077055513858795 -0.0513165034353733
v -0.00756242498755455 0.006644777953624725 -0.0536157265305519
v -0.0057509951293468475 0.007293909788131714 -0.05214614421129226
v -0.009356904774904251 0.0078077055513858795 -0.0513165034353733
v -0.0057509951293468475 0.007293909788131714 -0.05214614421129226
v -0.007707279175519943 0.008167486637830734 -0.049861334264278405
v -0.008285392075777054 0.00884503498673439 -0.045947827398777
v -0.009714599698781967 0.008909802883863449 -0.04746107384562492
v -0.006109599024057388 0.008407138288021088 -0.04828797280788421
v -0.006109599024057388 0.008407138288021088 -0.04828797280788421
v -0.009714599698781967 0.008909802883863449 -0.04746107384562492
v -0.007707279175519943 0.008167486637830734 -0.049861334264278405
v -0.006109599024057388 0.008407138288021088 -0.04828797280788421
v -0.007707279175519943 0.008167486637830734 -0.049861334264278405
v -0.003991950303316116 0.0078234001994133 -0.05053133517503738
v -0.003991950303316116 0.0078234001994133 -0.05053133517503738
v -0.007707279175519943 0.008167486637830734 -0.049861334264278405
v -0.0057509951293468475 0.007293909788131714 -0.05214614421129226
v -0.003991950303316116 0.0078234001994133 -0.05053133517503738
v -0.0057509951293468475 0.007293909788131714 -0.05214614421129226
v -0.0019277742831036448 0.0070915184915065765 -0.052590113133192055
v -0.0019277742831036448 0.0070915184915065765 -0.052590113133192055
v -0.0057509951293468475 0.007293909788131714 -0.05214614421129226
v -0.003839824115857482 0.006280861794948578 -0.054240509867668145
v -0.0019277742831036448 0.0070915184915065765 -0.052590113133192055
v -0.003839824115857482 0.006280861794948578 -0.054240509867668145
v -0.0019596924539655447 0.005123410373926163 -0.05610971897840499
v -0.0019596924539655447 0.005123410373926163 -0.05610971897840499
v -0.003839824115857482 0.006280861794948578 -0.054240509867668145
v -0.005804475396871567 0.005353473126888275 -0.05572263896465301
v -0.0019596924539655447 0.005123410373926163 -0.05610971897840499
v -0.005804475396871567 0.005353473126888275 -0.05572263896465301
v -0.004069346934556961 0.003935761749744415 -0.05760789290070533
v -0.004069346934556961 0.003935761749744415 -0.05760789290070533
v -0.005804475396871567 0.005353473126888275 -0.05572263896465301
v -0.009803000837564468 0.0033720768988132477 -0.05836795270442962
v -0.004069346934556961 0.003935761749744415 -0.05760789290070533
v -0.009803000837564468 0.0033720768988132477 -0.05836795270442962
v -0.008360113948583603 0.001464005559682846 -0.060267679393291466
v -0.008360113948583603 0.001464005559682846 -0.060267679393291466
v -0.009803000837564468 0.0033720768988132477 -0.05836795270442962
v -0.01027839258313179 -0.00036957862903364 -0.06210068985819816
v -0.008360113948583603 0.001464005559682846 -0.060267679393291466
v -0.01027839258313179 -0.00036957862903364 -0.06210068985819816
v -0.006914269179105759 -0.0005205161869525909 -0.06197232753038406
v -0.006914269179105759 -0.0005205161869525909 -0.06197232753038406
v -0.01027839258313179 -0.00036957862903364 -0.06210068985819816
v -0.008218202739953995 -0.0007233358919620514 -0.062214463949203484
v -0.006914269179105759 -0.0005205161869525909 -0.06197232753038406
v -0.008218202739953995 -0.0007233358919620514 -0.062214463949203484
v -0.0050666444003582 -0.0010103397071361542 -0.062306765466928475
v -0.01463756337761879 0.004259981215000153 -0.03331054374575614
v -0.01195378229022026 0.004580717533826828 -0.03484546020627021
v -0.011420901864767075 0.0028377100825309753 -0.03404827043414115
v -0.011420901864767075 0.0028377100825309753 -0.03404827043414115
v -0.01195378229022026 0.004580717533826828 -0.03484546020627021
v -0.008521359413862228 0.0035010091960430145 -0.035333443433046334
v -0.011420901864767075 0.0028377100825309753 -0.03404827043414115
v -0.008521359413862228 0.0035010091960430145 -0.035333443433046334
v -0.007980633527040482 0.001723121851682663 -0.0345168150961399
v -0.0043446384370327 0.0009290874004364014 -0.034720789641141885
v -0.007980633527040482 0.001723121851682663 -0.0345168150961399
v -0.0048881955444812775 0.002734571695327759 -0.03554426506161689
v -0.0048881955444812775 0.002734571695327759 -0.03554426506161689
v -0.007980633527040482 0.001723121851682663 -0.0345168150961399
v -0.008521359413862228 0.0035010091960430145 -0.035333443433046334
v -0.0048881955444812775 0.002734571695327759 -0.03554426506161689
v -0.008521359413862228 0.0035010091960430145 -0.035333443433046334
v -0.005546282976865768 0.004351343959569931 -0.03659155592322349
v -0.005546282976865768 0.004351343959569931 -0.03659155592322349
v -0.008521359413862228 0.0035010091960430145 -0.035333443433046334
v -0.01195378229022026 0.004580717533826828 -0.03484546020627021
v -0.005546282976865768 0.004351343959569931 -0.03659155592322349
v -0.01195378229022026 0.004580717533826828 -0.03484546020627021
v -0.006321486085653305 0.0057638660073280334 -0.03782644495368003
v -0.013296384364366531 0.00754188746213913 -0.03682154044508933
v -0.012580115348100662 0.006150055676698685 -0.03578029945492744
v -0.015151161700487137 0.005976557731628418 -0.0340806134045124
v -0.017185252159833908 0.004144508391618729 -0.031689401715993874
v -0.01463756337761879 0.004259981215000153 -0.03331054374575614
v -0.014205511659383774 0.002392549067735672 -0.03266553208231925
v -0.014205511659383774 0.002392549067735672 -0.03266553208231925
v -0.01463756337761879 0.004259981215000153 -0.03331054374575614
v -0.011420901864767075 0.0028377100825309753 -0.03404827043414115
v -0.014205511659383774 0.002392549067735672 -0.03266553208231925
v -0.011420901864767075 0.0028377100825309753 -0.03404827043414115
v -0.010981548577547073 0.0009309239685535431 -0.03341411426663398
v -0.010981548577547073 0.0009309239685535431 -0.03341411426663398
v -0.011420901864767075 0.0028377100825309753 -0.03404827043414115
v -0.007980633527040482 0.001723121851682663 -0.0345168150961399
v -0.010981548577547073 0.0009309239685535431 -0.03341411426663398
v -0.007980633527040482 0.001723121851682663 -0.0345168150961399
v -0.007543269544839859 -0.00022526088287122548 -0.03390991315245628
v -0.007543269544839859 -0.00022526088287122548 -0.03390991315245628
v -0.007980633527040482 0.001723121851682663 -0.0345168150961399
v -0.0043446384370327 0.0009290874004364014 -0.034720789641141885
v -0.007543269544839859 -0.00022526088287122548 -0.03390991315245628
v -0.0043446384370327 0.0009290874004364014 -0.034720789641141885
v -0.003909613937139511 -0.0010525211691856384 -0.034156430512666695
v -0.027367394417524338 0.0108376145362854 -0.023385195061564442
v -0.02587128058075905 0.00990946963429451 -0.025350591167807576
v -0.02556179091334343 0.0056653618812561035 -0.024364924058318135
v -0.02556179091334343 0.0056653618812561035 -0.024364924058318135
v -0.02587128058075905 0.00990946963429451 -0.025350591167807576
v -0.023767363280057907 0.005008675158023834 -0.026288529857993122
v -0.02556179091334343 0.0056653618812561035 -0.024364924058318135
v -0.023767363280057907 0.005008675158023834 -0.026288529857993122
v -0.02352152392268181 0.0005525350570678711 -0.025520665571093556
v -0.02352152392268181 0.0005525350570678711 -0.025520665571093556
v -0.023767363280057907 0.005008675158023834 -0.026288529857993122
v -0.021419893950223923 0.00018025931785814464 -0.027376597747206684
v -0.02352152392268181 0.0005525350570678711 -0.025520665571093556
v -0.021419893950223923 0.00018025931785814464 -0.027376597747206684
v -0.02053781971335411 -0.0044358521699905396 -0.027450954541563984
v -0.007212769240140915 0.0069535039365291595 -0.0392010174691677
v -0.012580115348100662 0.006150055676698685 -0.03578029945492744
v -0.00821470096707344 0.00791114941239357 -0.04065780714154243
v -0.00821470096707344 0.00791114941239357 -0.04065780714154243
v -0.012580115348100662 0.006150055676698685 -0.03578029945492744
v -0.013296384364366531 0.00754188746213913 -0.03682154044508933
v -0.00821470096707344 0.00791114941239357 -0.04065780714154243
v -0.013296384364366531 0.00754188746213913 -0.03682154044508933
v -0.009317222982645035 0.008645426481962204 -0.042141012847423547
v -0.009317222982645035 0.008645426481962204 -0.042141012847423547
v -0.013296384364366531 0.00754188746213913 -0.03682154044508933
v -0.014095630496740341 0.00875965878367424 -0.037937004119157784
v -0.009317222982645035 0.008645426481962204 -0.042141012847423547
v -0.014095630496740341 0.00875965878367424 -0.037937004119157784
v -0.010506171733140945 0.009180650115013123 -0.043607361614704125
v -0.011764463037252426 0.00954965129494667 -0.04503102600574493
v -0.010506171733140945 0.009180650115013123 -0.043607361614704125
v -0.01496768370270729 0.009814266115427017 -0.03909796848893165
v -0.01496768370270729 0.009814266115427017 -0.03909796848893165
v -0.010506171733140945 0.009180650115013123 -0.043607361614704125
v -0.014095630496740341 0.00875965878367424 -0.037937004119157784
v -0.01496768370270729 0.009814266115427017 -0.03909796848893165
v -0.014095630496740341 0.00875965878367424 -0.037937004119157784
v -0.018628884106874466 0.009263411164283752 -0.03390778973698615
v -0.018628884106874466 0.009263411164283752 -0.03390778973698615
v -0.014095630496740341 0.00875965878367424 -0.037937004119157784
v -0.013296384364366531 0.00754188746213913 -0.03682154044508933
v -0.018628884106874466 0.009263411164283752 -0.03390778973698615
v -0.013296384364366531 0.00754188746213913 -0.03682154044508933
v -0.015743810683488846 0.007538795471191406 -0.03495551273226737
v -0.015743810683488846 0.007538795471191406 -0.03495551273226737
v -0.013296384364366531 0.00754188746213913 -0.03682154044508933
v -0.015151161700487137 0.005976557731628418 -0.0340806134045124
v -0.015743810683488846 0.007538795471191406 -0.03495551273226737
v -0.015151161700487137 0.005976557731628418 -0.0340806134045124
v -0.018081750720739365 0.0076902806758880615 -0.03308100625872611
v -0.02452164515852928 0.010611496865749359 -0.05856956914067268
v -0.022718463093042374 0.007639110088348389 -0.05952538922429084
v -0.023254770785570145 0.010439302772283554 -0.05688849464058875
v -0.023254770785570145 0.010439302772283554 -0.05688849464058875
v -0.022718463093042374 0.007639110088348389 -0.05952538922429084
v -0.020061131566762924 0.007792472839355469 -0.05672605708241462
v -0.023254770785570145 0.010439302772283554 -0.05688849464058875
v -0.020061131566762924 0.007792472839355469 -0.05672605708241462
v -0.02094961330294609 0.010225377976894379 -0.05416711047291755
v -0.02094961330294609 0.010225377976894379 -0.05416711047291755
v -0.020061131566762924 0.007792472839355469 -0.05672605708241462
v -0.0172242633998394 0.008099336177110672 -0.054108966141939156
v -0.02094961330294609 0.010225377976894379 -0.05416711047291755
v -0.0172242633998394 0.008099336177110672 -0.054108966141939156
v -0.01842941716313362 0.010106317698955536 -0.05156787857413291
v -0.01842941716313362 0.010106317698955536 -0.05156787857413291
v -0.0172242633998394 0.008099336177110672 -0.054108966141939156
v -0.014227520674467087 0.008507631719112396 -0.05154730007052421
v -0.01842941716313362 0.010106317698955536 -0.05156787857413291
v -0.014227520674467087 0.008507631719112396 -0.05154730007052421
v -0.015763964504003525 0.010013863444328308 -0.0490192137658596
v -0.015763964504003525 0.010013863444328308 -0.0490192137658596
v -0.014227520674467087 0.008507631719112396 -0.05154730007052421
v -0.01441284641623497 0.009931441396474838 -0.0477277748286724
v -0.015763964504003525 0.010013863444328308 -0.0490192137658596
v -0.01441284641623497 0.009931441396474838 -0.0477277748286724
v -0.016144853085279465 0.01108393445611 -0.04519153386354446
v -0.016144853085279465 0.01108393445611 -0.04519153386354446
v -0.01441284641623497 0.009931441396474838 -0.0477277748286724
v -0.014974888414144516 0.010660678148269653 -0.04392105713486671
v -0.016144853085279465 0.01108393445611 -0.04519153386354446
v -0.014974888414144516 0.010660678148269653 -0.04392105713486671
v -0.0168771855533123 0.01150709018111229 -0.041475683450698846
v -0.0168771855533123 0.01150709018111229 -0.041475683450698846
v -0.014974888414144516 0.010660678148269653 -0.04392105713486671
v -0.011764463037252426 0.00954965129494667 -0.04503102600574493
v -0.0168771855533123 0.01150709018111229 -0.041475683450698846
v -0.011764463037252426 0.00954965129494667 -0.04503102600574493
v -0.01589975878596306 0.010722912847995758 -0.040282275527715676
v -0.01589975878596306 0.010722912847995758 -0.040282275527715676
v -0.011764463037252426 0.00954965129494667 -0.04503102600574493
v -0.01496768370270729 0.009814266115427017 -0.03909796848893165
v -0.01589975878596306 0.010722912847995758 -0.040282275527715676
v -0.01496768370270729 0.009814266115427017 -0.03909796848893165
v -0.019233550876379013 0.01070883497595787 -0.03480154648423194
v -0.019233550876379013 0.01070883497595787 -0.03480154648423194
v -0.01496768370270729 0.009814266115427017 -0.03909796848893165
v -0.018628884106874466 0.009263411164283752 -0.03390778973698615
v -0.019233550876379013 0.01070883497595787 -0.03480154648423194
v -0.018628884106874466 0.009263411164283752 -0.03390778973698615
v -0.020282115787267685 0.008005436509847641 -0.031182868406176564
v -0.020282115787267685 0.008005436509847641 -0.031182868406176564
v -0.018628884106874466 0.009263411164283752 -0.03390778973698615
v -0.018081750720739365 0.0076902806758880615 -0.03308100625872611
v -0.020282115787267685 0.008005436509847641 -0.031182868406176564
v -0.018081750720739365 0.0076902806758880615 -0.03308100625872611
v -0.017185252159833908 0.004144508391618729 -0.031689401715993874
v -0.017185252159833908 0.004144508391618729 -0.031689401715993874
v -0.018081750720739365 0.0076902806758880615 -0.03308100625872611
v -0.015151161700487137 0.005976557731628418 -0.0340806134045124
v -0.017185252159833908 0.004144508391618729 -0.031689401715993874
v -0.015151161700487137 0.005976557731628418 -0.0340806134045124
v -0.01463756337761879 0.004259981215000153 -0.03331054374575614
v -0.01463756337761879 0.004259981215000153 -0.03331054374575614
v -0.015151161700487137 0.005976557731628418 -0.0340806134045124
v -0.012580115348100662 0.006150055676698685 -0.03578029945492744
v -0.01463756337761879 0.004259981215000153 -0.03331054374575614
v -0.012580115348100662 0.006150055676698685 -0.03578029945492744
v -0.01195378229022026 0.004580717533826828 -0.03484546020627021
v -0.01195378229022026 0.004580717533826828 -0.03484546020627021
v -0.012580115348100662 0.006150055676698685 -0.03578029945492744
v -0.007212769240140915 0.0069535039365291595 -0.0392010174691677
v -0.01195378229022026 0.004580717533826828 -0.03484546020627021
v -0.007212769240140915 0.0069535039365291595 -0.0392010174691677
v -0.006321486085653305 0.0057638660073280334 -0.03782644495368003
v -0.025908391922712326 0.020703338086605072 -0.0359317697584629
v -0.023516591638326645 0.01674722507596016 -0.03636756911873817
v -0.02493913844227791 0.018085099756717682 -0.03399692848324775
v -0.02493913844227791 0.018085099756717682 -0.03399692848324775
v -0.023516591638326645 0.01674722507596016 -0.03636756911873817
v -0.022322077304124832 0.014203846454620361 -0.034450296312570565
v -0.02493913844227791 0.018085099756717682 -0.03399692848324775
v -0.022322077304124832 0.014203846454620361 -0.034450296312570565
v -0.02396511659026146 0.015221308916807175 -0.03222150728106498
v -0.02396511659026146 0.015221308916807175 -0.03222150728106498
v -0.022322077304124832 0.014203846454620361 -0.034450296312570565
v -0.02307029440999031 0.012040089815855026 -0.030627084895968434
v -0.021217498928308487 0.011315185576677322 -0.032702047377824776
v -0.02307029440999031 0.012040089815855026 -0.030627084895968434
v -0.01988663151860237 0.012035485357046127 -0.03574832156300544
v -0.01988663151860237 0.012035485357046127 -0.03574832156300544
v -0.02307029440999031 0.012040089815855026 -0.030627084895968434
v -0.022322077304124832 0.014203846454620361 -0.034450296312570565
v -0.01988663151860237 0.012035485357046127 -0.03574832156300544
v -0.022322077304124832 0.014203846454620361 -0.034450296312570565
v -0.02057720348238945 0.013255272060632706 -0.03673693910241126
v -0.02057720348238945 0.013255272060632706 -0.03673693910241126
v -0.022322077304124832 0.014203846454620361 -0.034450296312570565
v -0.023516591638326645 0.01674722507596016 -0.03636756911873817
v -0.02057720348238945 0.013255272060632706 -0.03673693910241126
v -0.023516591638326645 0.01674722507596016 -0.03636756911873817
v -0.022021111100912094 0.015430867671966553 -0.03881241008639335
v -0.022021111100912094 0.015430867671966553 -0.03881241008639335
v -0.023516591638326645 0.01674722507596016 -0.03636756911873817
v -0.025908391922712326 0.020703338086605072 -0.0359317697584629
v -0.022021111100912094 0.015430867671966553 -0.03881241008639335
v -0.025908391922712326 0.020703338086605072 -0.0359317697584629
v -0.023461002856492996 0.017351150512695312 -0.04100488126277923
v -0.023461002856492996 0.017351150512695312 -0.04100488126277923
v -0.025908391922712326 0.020703338086605072 -0.0359317697584629
v -0.024796780198812485 0.019116844981908798 -0.043328564614057534
v -0.007643077522516251 -0.004435963928699493 -0.033227313309907906
v -0.011035319417715073 -0.004436090588569641 -0.03235958144068717
v -0.007203463464975357 -0.0023239627480506897 -0.03352775052189826
v -0.007203463464975357 -0.0023239627480506897 -0.03352775052189826
v -0.011035319417715073 -0.004436090588569641 -0.03235958144068717
v -0.01036876067519188 -0.003309592604637146 -0.032673444598913186
v -0.007203463464975357 -0.0023239627480506897 -0.03352775052189826
v -0.01036876067519188 -0.003309592604637146 -0.032673444598913186
v -0.0106327123939991 -0.0011247582733631134 -0.03295712545514106
v -0.0106327123939991 -0.0011247582733631134 -0.03295712545514106
v -0.01036876067519188 -0.003309592604637146 -0.032673444598913186
v -0.013581249862909317 -0.001756463199853897 -0.031796310096979134
v -0.0106327123939991 -0.0011247582733631134 -0.03295712545514106
v -0.013581249862909317 -0.001756463199853897 -0.031796310096979134
v -0.013854492455720901 0.00038276982377283275 -0.03215957805514335
v -0.013854492455720901 0.00038276982377283275 -0.03215957805514335
v -0.013581249862909317 -0.001756463199853897 -0.031796310096979134
v -0.01656884327530861 8.082759450189769e-05 -0.030727734789252278
v -0.013854492455720901 0.00038276982377283275 -0.03215957805514335
v -0.01656884327530861 8.082759450189769e-05 -0.030727734789252278
v -0.016842123121023178 0.0021742768585681915 -0.031151136383414265
v -0.016842123121023178 0.0021742768585681915 -0.031151136383414265
v -0.01656884327530861 8.082759450189769e-05 -0.030727734789252278
v -0.01909773424267769 1.7739803297445178e-05 -0.029124548658728596
v -0.016842123121023178 0.0021742768585681915 -0.031151136383414265
v -0.01909773424267769 1.7739803297445178e-05 -0.029124548658728596
v -0.019568976014852524 0.004236012697219849 -0.02997144870460033
v -0.019568976014852524 0.004236012697219849 -0.02997144870460033
v -0.01909773424267769 1.7739803297445178e-05 -0.029124548658728596
v -0.021767642349004745 0.004527900367975235 -0.028164802119135853
v -0.019568976014852524 0.004236012697219849 -0.02997144870460033
v -0.021767642349004745 0.004527900367975235 -0.028164802119135853
v -0.02232305333018303 0.008484598249197006 -0.029257928952574726
v -0.02232305333018303 0.008484598249197006 -0.029257928952574726
v -0.021767642349004745 0.004527900367975235 -0.028164802119135853
v -0.02418908104300499 0.00912216305732727 -0.027310965582728382
v -0.02232305333018303 0.008484598249197006 -0.029257928952574726
v -0.02418908104300499 0.00912216305732727 -0.027310965582728382
v -0.024774473160505295 0.012884482741355896 -0.02857532165944576
v -0.024774473160505295 0.012884482741355896 -0.02857532165944576
v -0.02418908104300499 0.00912216305732727 -0.027310965582728382
v -0.026318218559026718 0.013845138251781464 -0.02654733322560787
v -0.024774473160505295 0.012884482741355896 -0.02857532165944576
v -0.026318218559026718 0.013845138251781464 -0.02654733322560787
v -0.02687249705195427 0.017486494034528732 -0.027938431128859516
v -0.02687249705195427 0.017486494034528732 -0.027938431128859516
v -0.026318218559026718 0.013845138251781464 -0.02654733322560787
v -0.02890825644135475 0.016093730926513672 -0.02256488613784313
v -0.02687249705195427 0.017486494034528732 -0.027938431128859516
v -0.02890825644135475 0.016093730926513672 -0.02256488613784313
v -0.02920713648200035 0.02005823329091072 -0.023873297497630116
v -0.02920713648200035 0.02005823329091072 -0.023873297497630116
v -0.02890825644135475 0.016093730926513672 -0.02256488613784313
v -0.030860211700201035 0.01873256266117096 -0.01864952407777309
v -0.02920713648200035 0.02005823329091072 -0.023873297497630116
v -0.030860211700201035 0.01873256266117096 -0.01864952407777309
v -0.03097030147910118 0.022899553179740906 -0.019960073754191395
v -0.03097030147910118 0.022899553179740906 -0.019960073754191395
v -0.030860211700201035 0.01873256266117096 -0.01864952407777309
v -0.03228737786412239 0.017299387603998184 -0.013477353379130362
v -0.03097030147910118 0.022899553179740906 -0.019960073754191395
v -0.03228737786412239 0.017299387603998184 -0.013477353379130362
v -0.032230790704488754 0.025951974093914032 -0.01608355157077312
v -0.032230790704488754 0.025951974093914032 -0.01608355157077312
v -0.03228737786412239 0.017299387603998184 -0.013477353379130362
v -0.033087100833654404 0.029152218252420425 -0.01212639920413494
v -0.032230790704488754 0.025951974093914032 -0.01608355157077312
v -0.033087100833654404 0.029152218252420425 -0.01212639920413494
v -0.032877322286367416 0.03737024590373039 -0.015207691118121145
v -0.032877322286367416 0.03737024590373039 -0.015207691118121145
v -0.033087100833654404 0.029152218252420425 -0.01212639920413494
v -0.03341788426041603 0.0405750535428524 -0.011062225326895712
v -0.032877322286367416 0.03737024590373039 -0.015207691118121145
v -0.03341788426041603 0.0405750535428524 -0.011062225326895712
v -0.03267282620072365 0.041329097002744675 -0.01690173707902431
v -0.03267282620072365 0.041329097002744675 -0.01690173707902431
v -0.03341788426041603 0.0405750535428524 -0.011062225326895712
v -0.032328616827726364 0.0451781265437603 -0.01870220713317394
v -0.03267282620072365 0.041329097002744675 -0.01690173707902431
v -0.032328616827726364 0.0451781265437603 -0.01870220713317394
v -0.032002370804548264 0.03798322379589081 -0.020861169323325154
v -0.032002370804548264 0.03798322379589081 -0.020861169323325154
v -0.032328616827726364 0.0451781265437603 -0.01870220713317394
v -0.03167698159813881 0.041755154728889465 -0.02270945720374584
v -0.032002370804548264 0.03798322379589081 -0.020861169323325154
v -0.03167698159813881 0.041755154728889465 -0.02270945720374584
v -0.031161431223154068 0.03446568548679352 -0.024731306359171864
v -0.031161431223154068 0.03446568548679352 -0.024731306359171864
v -0.03167698159813881 0.041755154728889465 -0.02270945720374584
v -0.030952144414186478 0.03805972635746002 -0.02662350051105022
v -0.031161431223154068 0.03446568548679352 -0.024731306359171864
v -0.030952144414186478 0.03805972635746002 -0.02662350051105022
v -0.03005317971110344 0.030801480636000633 -0.028744583949446675
v -0.03005317971110344 0.030801480636000633 -0.028744583949446675
v -0.030952144414186478 0.03805972635746002 -0.02662350051105022
v -0.030062589794397354 0.03409609943628311 -0.030699482187628743
v -0.03005317971110344 0.030801480636000633 -0.028744583949446675
v -0.030062589794397354 0.03409609943628311 -0.030699482187628743
v -0.028589408844709396 0.02702518180012703 -0.03313732519745826
v -0.028589408844709396 0.02702518180012703 -0.03313732519745826
v -0.030062589794397354 0.03409609943628311 -0.030699482187628743
v -0.028903629630804062 0.02989843674004078 -0.03522027656435966
v -0.02773115411400795 0.02233221009373665 -0.054800596088171
v -0.027397889643907547 0.01961740106344223 -0.05567358806729316
v -0.027551542967557907 0.024149373173713684 -0.051433499902486794
v -0.027551542967557907 0.024149373173713684 -0.051433499902486794
v -0.027397889643907547 0.01961740106344223 -0.05567358806729316
v -0.02642691507935524 0.019670113921165466 -0.0513872280716896
v -0.027551542967557907 0.024149373173713684 -0.051433499902486794
v -0.02642691507935524 0.019670113921165466 -0.0513872280716896
v -0.026878442615270615 0.022466104477643967 -0.048506502062082284
v -0.026878442615270615 0.022466104477643967 -0.048506502062082284
v -0.02642691507935524 0.019670113921165466 -0.0513872280716896
v -0.0252179317176342 0.01834658905863762 -0.04863374307751655
v -0.026878442615270615 0.022466104477643967 -0.048506502062082284
v -0.0252179317176342 0.01834658905863762 -0.04863374307751655
v -0.025949541479349136 0.020805545151233673 -0.045816786587238305
v -0.025949541479349136 0.020805545151233673 -0.045816786587238305
v -0.0252179317176342 0.01834658905863762 -0.04863374307751655
v -0.02379881963133812 0.017014112323522568 -0.04606115072965621
v -0.025949541479349136 0.020805545151233673 -0.045816786587238305
v -0.02379881963133812 0.017014112323522568 -0.04606115072965621
v -0.024796780198812485 0.019116844981908798 -0.043328564614057534
v -0.024796780198812485 0.019116844981908798 -0.043328564614057534
v -0.02379881963133812 0.017014112323522568 -0.04606115072965621
v -0.022192198783159256 0.01563161611557007 -0.04363643005490302
v -0.024796780198812485 0.019116844981908798 -0.043328564614057534
v -0.022192198783159256 0.01563161611557007 -0.04363643005490302
v -0.023461002856492996 0.017351150512695312 -0.04100488126277923
v -0.023461002856492996 0.017351150512695312 -0.04100488126277923
v -0.022192198783159256 0.01563161611557007 -0.04363643005490302
v -0.02047594264149666 0.014120511710643768 -0.041318982839584344
v -0.023461002856492996 0.017351150512695312 -0.04100488126277923
v -0.02047594264149666 0.014120511710643768 -0.041318982839584344
v -0.022021111100912094 0.015430867671966553 -0.03881241008639335
v -0.022021111100912094 0.015430867671966553 -0.03881241008639335
v -0.02047594264149666 0.014120511710643768 -0.041318982839584344
v -0.018753666430711746 0.012362848967313766 -0.039079669862985604
v -0.022021111100912094 0.015430867671966553 -0.03881241008639335
v -0.018753666430711746 0.012362848967313766 -0.039079669862985604
v -0.02057720348238945 0.013255272060632706 -0.03673693910241126
v -0.02057720348238945 0.013255272060632706 -0.03673693910241126
v -0.018753666430711746 0.012362848967313766 -0.039079669862985604
v -0.01589975878596306 0.010722912847995758 -0.040282275527715676
v -0.02057720348238945 0.013255272060632706 -0.03673693910241126
v -0.01589975878596306 0.010722912847995758 -0.040282275527715676
v -0.01988663151860237 0.012035485357046127 -0.03574832156300544
v -0.01988663151860237 0.012035485357046127 -0.03574832156300544
v -0.01589975878596306 0.010722912847995758 -0.040282275527715676
v -0.019233550876379013 0.01070883497595787 -0.03480154648423194
v -0.01988663151860237 0.012035485357046127 -0.03574832156300544
v -0.019233550876379013 0.01070883497595787 -0.03480154648423194
v -0.021217498928308487 0.011315185576677322 -0.032702047377824776
v -0.021217498928308487 0.011315185576677322 -0.032702047377824776
v -0.019233550876379013 0.01070883497595787 -0.03480154648423194
v -0.020282115787267685 0.008005436509847641 -0.031182868406176564
v -0.021217498928308487 0.011315185576677322 -0.032702047377824776
v -0.020282115787267685 0.008005436509847641 -0.031182868406176564
v -0.02307029440999031 0.012040089815855026 -0.030627084895968434
v -0.017612922936677933 -0.004436060786247253 -0.02942370437085628
v -0.02053781971335411 -0.0044358521699905396 -0.027450954541563984
v -0.01909773424267769 1.7739803297445178e-05 -0.029124548658728596
v -0.01909773424267769 1.7739803297445178e-05 -0.029124548658728596
v -0.02053781971335411 -0.0044358521699905396 -0.027450954541563984
v -0.021419893950223923 0.00018025931785814464 -0.027376597747206684
v -0.01909773424267769 1.7739803297445178e-05 -0.029124548658728596
v -0.021419893950223923 0.00018025931785814464 -0.027376597747206684
v -0.021767642349004745 0.004527900367975235 -0.028164802119135853
v -0.021767642349004745 0.004527900367975235 -0.028164802119135853
v -0.021419893950223923 0.00018025931785814464 -0.027376597747206684
v -0.023767363280057907 0.005008675158023834 -0.026288529857993122
v -0.021767642349004745 0.004527900367975235 -0.028164802119135853
v -0.023767363280057907 0.005008675158023834 -0.026288529857993122
v -0.02418908104300499 0.00912216305732727 -0.027310965582728382
v -0.02418908104300499 0.00912216305732727 -0.027310965582728382
v -0.023767363280057907 0.005008675158023834 -0.026288529857993122
v -0.02587128058075905 0.00990946963429451 -0.025350591167807576
v -0.02418908104300499 0.00912216305732727 -0.027310965582728382
v -0.02587128058075905 0.00990946963429451 -0.025350591167807576
v -0.026318218559026718 0.013845138251781464 -0.02654733322560787
v -0.026318218559026718 0.013845138251781464 -0.02654733322560787
v -0.02587128058075905 0.00990946963429451 -0.025350591167807576
v -0.027367394417524338 0.0108376145362854 -0.023385195061564442
v -0.026318218559026718 0.013845138251781464 -0.02654733322560787
v -0.027367394417524338 0.0108376145362854 -0.023385195061564442
v -0.02890825644135475 0.016093730926513672 -0.02256488613784313
v -0.014815207570791245 0.001085720956325531 -0.06163273379206657
v -0.013754699379205704 0.0015385039150714874 -0.06091721355915069
v -0.014896828681230545 0.003811165690422058 -0.058812990784645074
v -0.014896828681230545 0.003811165690422058 -0.058812990784645074
v -0.013754699379205704 0.0015385039150714874 -0.06091721355915069
v -0.011253360658884048 0.005188286304473877 -0.05626706033945083
v -0.014896828681230545 0.003811165690422058 -0.058812990784645074
v -0.011253360658884048 0.005188286304473877 -0.05626706033945083
v -0.012724753469228745 0.006901241838932037 -0.05398052185773849
v -0.012724753469228745 0.006901241838932037 -0.05398052185773849
v -0.011253360658884048 0.005188286304473877 -0.05626706033945083
v -0.009356904774904251 0.0078077055513858795 -0.0513165034353733
v -0.012724753469228745 0.006901241838932037 -0.05398052185773849
v -0.009356904774904251 0.0078077055513858795 -0.0513165034353733
v -0.012706462293863297 0.00870196521282196 -0.05024171993136405
v -0.012706462293863297 0.00870196521282196 -0.05024171993136405
v -0.009356904774904251 0.0078077055513858795 -0.0513165034353733
v -0.011195283383131027 0.008848894387483597 -0.04888765886425971
v -0.012706462293863297 0.00870196521282196 -0.05024171993136405
v -0.011195283383131027 0.008848894387483597 -0.04888765886425971
v -0.013073209673166275 0.009788069874048233 -0.046403016895055764
v -0.013073209673166275 0.009788069874048233 -0.046403016895055764
v -0.011195283383131027 0.008848894387483597 -0.04888765886425971
v -0.009714599698781967 0.008909802883863449 -0.04746107384562492
v -0.013073209673166275 0.009788069874048233 -0.046403016895055764
v -0.009714599698781967 0.008909802883863449 -0.04746107384562492
v -0.011764463037252426 0.00954965129494667 -0.04503102600574493
v -0.011764463037252426 0.00954965129494667 -0.04503102600574493
v -0.009714599698781967 0.008909802883863449 -0.04746107384562492
v -0.008285392075777054 0.00884503498673439 -0.045947827398777
v -0.011764463037252426 0.00954965129494667 -0.04503102600574493
v -0.008285392075777054 0.00884503498673439 -0.045947827398777
v -0.010506171733140945 0.009180650115013123 -0.043607361614704125
v -0.010506171733140945 0.009180650115013123 -0.043607361614704125
v -0.008285392075777054 0.00884503498673439 -0.045947827398777
v -0.0069281794130802155 0.008614148944616318 -0.04434909671545028
v -0.010506171733140945 0.009180650115013123 -0.043607361614704125
v -0.0069281794130802155 0.008614148944616318 -0.04434909671545028
v -0.009317222982645035 0.008645426481962204 -0.042141012847423547
v -0.009317222982645035 0.008645426481962204 -0.042141012847423547
v -0.0069281794130802155 0.008614148944616318 -0.04434909671545028
v -0.005661923438310623 0.00817510113120079 -0.04268724098801612
v -0.009317222982645035 0.008645426481962204 -0.042141012847423547
v -0.005661923438310623 0.00817510113120079 -0.04268724098801612
v -0.00821470096707344 0.00791114941239357 -0.04065780714154243
v -0.00821470096707344 0.00791114941239357 -0.04065780714154243
v -0.005661923438310623 0.00817510113120079 -0.04268724098801612
v -0.004502531141042709 0.007488522678613663 -0.041010532528161996
v -0.00821470096707344 0.00791114941239357 -0.04065780714154243
v -0.004502531141042709 0.007488522678613663 -0.041010532528161996
v -0.007212769240140915 0.0069535039365291595 -0.0392010174691677
v -0.007212769240140915 0.0069535039365291595 -0.0392010174691677
v -0.004502531141042709 0.007488522678613663 -0.041010532528161996
v -0.003461304819211364 0.00653509795665741 -0.03939038142561912
v -0.007212769240140915 0.0069535039365291595 -0.0392010174691677
v -0.003461304819211364 0.00653509795665741 -0.03939038142561912
v -0.006321486085653305 0.0057638660073280334 -0.03782644495368003
v -0.006321486085653305 0.0057638660073280334 -0.03782644495368003
v -0.003461304819211364 0.00653509795665741 -0.03939038142561912
v -0.0025439669843763113 0.005328580737113953 -0.03790386393666267
v -0.006321486085653305 0.0057638660073280334 -0.03782644495368003
v -0.0025439669843763113 0.005328580737113953 -0.03790386393666267
v -0.005546282976865768 0.004351343959569931 -0.03659155592322349
v -0.005546282976865768 0.004351343959569931 -0.03659155592322349
v -0.0025439669843763113 0.005328580737113953 -0.03790386393666267
v -0.0017518735257908702 0.0039022229611873627 -0.036609243601560586
v -0.005546282976865768 0.004351343959569931 -0.03659155592322349
v -0.0017518735257908702 0.0039022229611873627 -0.036609243601560586
v -0.0048881955444812775 0.002734571695327759 -0.03554426506161689
v -0.0048881955444812775 0.002734571695327759 -0.03554426506161689
v -0.0017518735257908702 0.0039022229611873627 -0.036609243601560586
v -0.001083921524696052 0.00228007510304451 -0.03553763404488563
v -0.0048881955444812775 0.002734571695327759 -0.03554426506161689
v -0.001083921524696052 0.00228007510304451 -0.03553763404488563
v -0.0043446384370327 0.0009290874004364014 -0.034720789641141885
v -0.0043446384370327 0.0009290874004364014 -0.034720789641141885
v -0.001083921524696052 0.00228007510304451 -0.03553763404488563
v -0.0005351564032025635 0.00046543029020540416 -0.034714009612798684
v -0.0043446384370327 0.0009290874004364014 -0.034720789641141885
v -0.0005351564032025635 0.00046543029020540416 -0.034714009612798684
v -0.003909613937139511 -0.0010525211691856384 -0.034156430512666695
v -0.003909613937139511 -0.0010525211691856384 -0.034156430512666695
v -0.0005351564032025635 0.00046543029020540416 -0.034714009612798684
v -9.501337626716122e-05 -0.0015294663608074188 -0.03418296948075294
v -0.003909613937139511 -0.0010525211691856384 -0.034156430512666695
v -9.501337626716122e-05 -0.0015294663608074188 -0.03418296948075294
v -0.0035738309379667044 -0.0031824931502342224 -0.033880200237035744
v -0.0035738309379667044 -0.0031824931502342224 -0.033880200237035744
v -9.501337626716122e-05 -0.0015294663608074188 -0.03418296948075294
v -2.0473457595926448e-07 -0.0020226091146469116 -0.03410638496279716
v -0.0035738309379667044 -0.0031824931502342224 -0.033880200237035744
v -2.0473457595926448e-07 -0.0020226091146469116 -0.03410638496279716
v -2.592063985673576e-08 -0.0037762820720672607 -0.03399993851780891
v -0.02053781971335411 -0.0044358521699905396 -0.027450954541563984
v -0.023441147059202194 -0.004213832318782806 -0.024988574907183644
v -0.02352152392268181 0.0005525350570678711 -0.025520665571093556
v -0.02352152392268181 0.0005525350570678711 -0.025520665571093556
v -0.023441147059202194 -0.004213832318782806 -0.024988574907183644
v -0.02539820596575737 0.0011193826794624329 -0.023593461140990254
v -0.02352152392268181 0.0005525350570678711 -0.025520665571093556
v -0.02539820596575737 0.0011193826794624329 -0.023593461140990254
v -0.02556179091334343 0.0056653618812561035 -0.024364924058318135
v -0.02556179091334343 0.0056653618812561035 -0.024364924058318135
v -0.02539820596575737 0.0011193826794624329 -0.023593461140990254
v -0.027152519673109055 0.006486877799034119 -0.022411724552512165
v -0.02556179091334343 0.0056653618812561035 -0.024364924058318135
v -0.027152519673109055 0.006486877799034119 -0.022411724552512165
v -0.027367394417524338 0.0108376145362854 -0.023385195061564442
v -0.027367394417524338 0.0108376145362854 -0.023385195061564442
v -0.027152519673109055 0.006486877799034119 -0.022411724552512165
v -0.02868146076798439 0.011899072676897049 -0.021418472751975056
v -0.027367394417524338 0.0108376145362854 -0.023385195061564442
v -0.02868146076798439 0.011899072676897049 -0.021418472751975056
v -0.02890825644135475 0.016093730926513672 -0.02256488613784313
v -0.02890825644135475 0.016093730926513672 -0.02256488613784313
v -0.02868146076798439 0.011899072676897049 -0.021418472751975056
v -0.029820870608091354 0.013085518032312393 -0.019448494538664814
v -0.02890825644135475 0.016093730926513672 -0.02256488613784313
v -0.029820870608091354 0.013085518032312393 -0.019448494538664814
v -0.030860211700201035 0.01873256266117096 -0.01864952407777309
v -0.030860211700201035 0.01873256266117096 -0.01864952407777309
v -0.029820870608091354 0.013085518032312393 -0.019448494538664814
v -0.03079463168978691 0.014387737959623337 -0.017471460625529286
v -0.030860211700201035 0.01873256266117096 -0.01864952407777309
v -0.03079463168978691 0.014387737959623337 -0.017471460625529286
v -0.031613025814294815 0.015795860439538956 -0.015482714399695395
v -0.031613025814294815 0.015795860439538956 -0.015482714399695395
v -0.03079463168978691 0.014387737959623337 -0.017471460625529286
v -0.03175010904669762 0.006556451320648193 -0.013376994058489798
v -0.031613025814294815 0.015795860439538956 -0.015482714399695395
v -0.03175010904669762 0.006556451320648193 -0.013376994058489798
v -0.03228737786412239 0.017299387603998184 -0.013477353379130362
v -0.03228737786412239 0.017299387603998184 -0.013477353379130362
v -0.03175010904669762 0.006556451320648193 -0.013376994058489798
v -0.03248013183474541 0.00810239464044571 -0.011244824156165121
v -0.03228737786412239 0.017299387603998184 -0.013477353379130362
v -0.03248013183474541 0.00810239464044571 -0.011244824156165121
v -0.03305058553814888 0.009774129837751389 -0.009096248075366018
v -0.03305058553814888 0.009774129837751389 -0.009096248075366018
v -0.03248013183474541 0.00810239464044571 -0.011244824156165121
v -0.03279828652739525 -0.0016099214553833008 -0.009280217811465262
v -0.03305058553814888 0.009774129837751389 -0.009096248075366018
v -0.03279828652739525 -0.0016099214553833008 -0.009280217811465262
v -0.03334381803870201 0.00022198629449121654 -0.006961119826883077
v -0.03334381803870201 0.00022198629449121654 -0.006961119826883077
v -0.03279828652739525 -0.0016099214553833008 -0.009280217811465262
v -0.033501457422971725 -0.004436001181602478 -0.005930764134973287
v -0.03334381803870201 0.00022198629449121654 -0.006961119826883077
v -0.033501457422971725 -0.004436001181602478 -0.005930764134973287
v -0.03393438830971718 -0.004436559975147247 -0.0021413839422166343
v -0.0013845524517819285 -0.004435993731021881 -0.033973593264818185
v -0.0037718748208135366 -0.004435278475284576 -0.03380674496293067
v -0.0035738309379667044 -0.0031824931502342224 -0.033880200237035744
v -0.0035738309379667044 -0.0031824931502342224 -0.033880200237035744
v -0.0037718748208135366 -0.004435278475284576 -0.03380674496293067
v -0.006767947226762772 -0.004435934126377106 -0.03339427337050437
v -0.0035738309379667044 -0.0031824931502342224 -0.033880200237035744
v -0.006767947226762772 -0.004435934126377106 -0.03339427337050437
v -0.003909613937139511 -0.0010525211691856384 -0.034156430512666695
v -0.003909613937139511 -0.0010525211691856384 -0.034156430512666695
v -0.006767947226762772 -0.004435934126377106 -0.03339427337050437
v -0.007203463464975357 -0.0023239627480506897 -0.03352775052189826
v -0.003909613937139511 -0.0010525211691856384 -0.034156430512666695
v -0.007203463464975357 -0.0023239627480506897 -0.03352775052189826
v -0.007543269544839859 -0.00022526088287122548 -0.03390991315245628
v -0.007543269544839859 -0.00022526088287122548 -0.03390991315245628
v -0.007203463464975357 -0.0023239627480506897 -0.03352775052189826
v -0.0106327123939991 -0.0011247582733631134 -0.03295712545514106
v -0.007543269544839859 -0.00022526088287122548 -0.03390991315245628
v -0.0106327123939991 -0.0011247582733631134 -0.03295712545514106
v -0.010981548577547073 0.0009309239685535431 -0.03341411426663398
v -0.010981548577547073 0.0009309239685535431 -0.03341411426663398
v -0.0106327123939991 -0.0011247582733631134 -0.03295712545514106
v -0.013854492455720901 0.00038276982377283275 -0.03215957805514335
v -0.010981548577547073 0.0009309239685535431 -0.03341411426663398
v -0.013854492455720901 0.00038276982377283275 -0.03215957805514335
v -0.014205511659383774 0.002392549067735672 -0.03266553208231925
v -0.014205511659383774 0.002392549067735672 -0.03266553208231925
v -0.013854492455720901 0.00038276982377283275 -0.03215957805514335
v -0.016842123121023178 0.0021742768585681915 -0.031151136383414265
v -0.014205511659383774 0.002392549067735672 -0.03266553208231925
v -0.016842123121023178 0.0021742768585681915 -0.031151136383414265
v -0.017185252159833908 0.004144508391618729 -0.031689401715993874
v -0.017185252159833908 0.004144508391618729 -0.031689401715993874
v -0.016842123121023178 0.0021742768585681915 -0.031151136383414265
v -0.019568976014852524 0.004236012697219849 -0.02997144870460033
v -0.017185252159833908 0.004144508391618729 -0.031689401715993874
v -0.019568976014852524 0.004236012697219849 -0.02997144870460033
v -0.020282115787267685 0.008005436509847641 -0.031182868406176564
v -0.020282115787267685 0.008005436509847641 -0.031182868406176564
v -0.019568976014852524 0.004236012697219849 -0.02997144870460033
v -0.02232305333018303 0.008484598249197006 -0.029257928952574726
v -0.020282115787267685 0.008005436509847641 -0.031182868406176564
v -0.02232305333018303 0.008484598249197006 -0.029257928952574726
v -0.02307029440999031 0.012040089815855026 -0.030627084895968434
v -0.02307029440999031 0.012040089815855026 -0.030627084895968434
v -0.02232305333018303 0.008484598249197006 -0.029257928952574726
v -0.024774473160505295 0.012884482741355896 -0.02857532165944576
v -0.02307029440999031 0.012040089815855026 -0.030627084895968434
v -0.024774473160505295 0.012884482741355896 -0.02857532165944576
v -0.02396511659026146 0.015221308916807175 -0.03222150728106498
v -0.02396511659026146 0.015221308916807175 -0.03222150728106498
v -0.024774473160505295 0.012884482741355896 -0.02857532165944576
v -0.02687249705195427 0.017486494034528732 -0.027938431128859516
v -0.02396511659026146 0.015221308916807175 -0.03222150728106498
v -0.02687249705195427 0.017486494034528732 -0.027938431128859516
v -0.02493913844227791 0.018085099756717682 -0.03399692848324775
v -0.02493913844227791 0.018085099756717682 -0.03399692848324775
v -0.02687249705195427 0.017486494034528732 -0.027938431128859516
v -0.027483489364385605 0.020866375416517258 -0.029505131766200062
v -0.02493913844227791 0.018085099756717682 -0.03399692848324775
v -0.027483489364385605 0.020866375416517258 -0.029505131766200062
v -0.025908391922712326 0.020703338086605072 -0.0359317697584629
v -0.025908391922712326 0.020703338086605072 -0.0359317697584629
v -0.027483489364385605 0.020866375416517258 -0.029505131766200062
v -0.02808293327689171 0.024029526859521866 -0.03123722784221172
v -0.025908391922712326 0.020703338086605072 -0.0359317697584629
v -0.02808293327689171 0.024029526859521866 -0.03123722784221172
v -0.026782270520925522 0.023147590458393097 -0.03802883997559547
v -0.026782270520925522 0.023147590458393097 -0.03802883997559547
v -0.02808293327689171 0.024029526859521866 -0.03123722784221172
v -0.028589408844709396 0.02702518180012703 -0.03313732519745826
v -0.026782270520925522 0.023147590458393097 -0.03802883997559547
v -0.028589408844709396 0.02702518180012703 -0.03313732519745826
v -0.02747267112135887 0.025483880192041397 -0.04031258448958396
v -0.02747267112135887 0.025483880192041397 -0.04031258448958396
v -0.028589408844709396 0.02702518180012703 -0.03313732519745826
v -0.028903629630804062 0.02989843674004078 -0.03522027656435966
v -0.02747267112135887 0.025483880192041397 -0.04031258448958396
v -0.028903629630804062 0.02989843674004078 -0.03522027656435966
v -0.027896303683519363 0.02776898443698883 -0.04282474517822265
v -0.027896303683519363 0.02776898443698883 -0.04282474517822265
v -0.028903629630804062 0.02989843674004078 -0.03522027656435966
v -0.02891501411795616 0.032701652497053146 -0.037523370236158364
v -0.027896303683519363 0.02776898443698883 -0.04282474517822265
v -0.02891501411795616 0.032701652497053146 -0.037523370236158364
v -0.02794991061091423 0.030046312138438225 -0.04560308530926704
v -0.02794991061091423 0.030046312138438225 -0.04560308530926704
v -0.02891501411795616 0.032701652497053146 -0.037523370236158364
v -0.028474997729063034 0.035464975982904434 -0.04008172079920768
v -0.02794991061091423 0.030046312138438225 -0.04560308530926704
v -0.028474997729063034 0.035464975982904434 -0.04008172079920768
v -0.027396854013204575 0.038156911730766296 -0.04289289936423301
v -0.027396854013204575 0.038156911730766296 -0.04289289936423301
v -0.028474997729063034 0.035464975982904434 -0.04008172079920768
v -0.027701277285814285 0.040372926741838455 -0.03982259705662727
v -0.027396854013204575 0.038156911730766296 -0.04289289936423301
v -0.027701277285814285 0.040372926741838455 -0.03982259705662727
v -0.026957932859659195 0.03797978535294533 -0.044723492115736
v -0.015651289373636246 0.04935814440250397 -0.046110000461339944
v -0.017123710364103317 0.04852622002363205 -0.04637752100825309
v -0.01767350360751152 0.05164944380521774 -0.040682371705770486
v -0.010817822068929672 0.05109364911913872 -0.04555192217230796
v -0.013208989053964615 0.05039967596530914 -0.045775081962347024
v -0.013764362782239914 0.056469351053237915 -0.03470919653773307
v -0.01985081657767296 0.04645403102040291 -0.04704386368393897
v -0.021372836083173752 0.044902488589286804 -0.04754278436303138
v -0.02118586376309395 0.04895799607038498 -0.04133699089288711
v -0.017697211354970932 0.04815288260579109 -0.046497572213411324
v -0.018875811249017715 0.04728609696030617 -0.046776298433542245
v -0.01952126994729042 0.05039430782198906 -0.04099008068442344
v -0.023520436137914658 0.06298936903476715 -0.012648051604628561
v -0.01888616755604744 0.0642973855137825 -0.012432282790541647
v -0.01861478015780449 0.06258052587509155 -0.01827333681285381
v -0.03382823243737221 0.05709785968065262 1.8104364585269647e-07
v -0.033716630190610886 0.05755407363176346 3.203203746693361e-08
v -0.033619191497564316 0.057454295456409454 -0.0033874786458909507
v -0.03324577584862709 0.05878888815641403 -7.972667503963747e-08
v -0.03271469846367836 0.059694044291973114 -9.462783623348513e-08
v -0.032564494758844376 0.0596449188888073 -0.0033916882239282127
v -0.03231311962008476 0.060227684676647186 -7.227609444271364e-08
v -0.031089026480913162 0.0614473819732666 -7.227609444271364e-08
v -0.03089849278330803 0.06139814481139183 -0.0033858469687402244
v 9.799077815841883e-07 0.06500527262687683 -0.015554113313555716
v 9.650066203903407e-07 0.06437800079584122 -0.017842588946223256
v -0.004522945731878281 0.06433796137571335 -0.017858160659670826
v -0.004394542425870895 0.05188541114330292 -0.04529732093214988
v -0.004500929266214371 0.05769988149404526 -0.034358818084001534
v -0.0023109724279493093 0.05193624645471573 -0.04528097435832023
v -0.0023109724279493093 0.05193624645471573 -0.04528097435832023
v -0.004500929266214371 0.05769988149404526 -0.034358818084001534
v 2.944543382454867e-07 0.05772252008318901 -0.034331765025854104
v -0.0023109724279493093 0.05193624645471573 -0.04528097435832023
v 2.944543382454867e-07 0.05772252008318901 -0.034331765025854104
v -1.8470059259811933e-08 0.05194516479969025 -0.045278105884790414
v 9.650066203903407e-07 0.06437800079584122 -0.017842588946223256
v 7.936432098176738e-07 0.06233477592468262 -0.02390390448272228
v -0.0045021213591098785 0.06248907372355461 -0.0234400313347578
v -0.0045021213591098785 0.06248907372355461 -0.0234400313347578
v 7.936432098176738e-07 0.06233477592468262 -0.02390390448272228
v 5.626752113130351e-07 0.060276616364717484 -0.02889757417142391
v -0.0045021213591098785 0.06248907372355461 -0.0234400313347578
v 5.626752113130351e-07 0.060276616364717484 -0.02889757417142391
v -0.004502739757299423 0.06025488302111626 -0.02892292849719524
v -0.004502739757299423 0.06025488302111626 -0.02892292849719524
v 5.626752113130351e-07 0.060276616364717484 -0.02889757417142391
v 3.5405898302087735e-07 0.05838197097182274 -0.032984290271997445
v -0.004502739757299423 0.06025488302111626 -0.02892292849719524
v 3.5405898302087735e-07 0.05838197097182274 -0.032984290271997445
v -0.004500929266214371 0.05769988149404526 -0.034358818084001534
v -0.004500929266214371 0.05769988149404526 -0.034358818084001534
v 3.5405898302087735e-07 0.05838197097182274 -0.032984290271997445
v 2.944543382454867e-07 0.05772252008318901 -0.034331765025854104
v 9.426548217561503e-07 0.06579022109508514 -0.012115968391299246
v -0.00458909198641777 0.06573706120252609 -0.012125385925173758
v 7.638408874299785e-07 0.06652967631816864 -0.007571285124868154
v 7.638408874299785e-07 0.06652967631816864 -0.007571285124868154
v -0.00458909198641777 0.06573706120252609 -0.012125385925173758
v 6.744339202668925e-07 0.06668676435947418 -0.006186043377965688
v -0.009271290153265 0.06413963437080383 -0.0179253127425909
v -0.0093914233148098 0.0655508041381836 -0.012173114344477652
v -0.00458909198641777 0.06573706120252609 -0.012125385925173758
v -0.00458909198641777 0.06573706120252609 -0.012125385925173758
v -0.0093914233148098 0.0655508041381836 -0.012173114344477652
v -0.009636428207159042 0.06643111258745193 -0.006215152796357869
v -0.00458909198641777 0.06573706120252609 -0.012125385925173758
v -0.009636428207159042 0.06643111258745193 -0.006215152796357869
v 6.744339202668925e-07 0.06668676435947418 -0.006186043377965688
v 6.744339202668925e-07 0.06668676435947418 -0.006186043377965688
v -0.009636428207159042 0.06643111258745193 -0.006215152796357869
v -0.007195722311735153 0.06685351580381393 -5.220866849953153e-09
v 6.744339202668925e-07 0.06668676435947418 -0.006186043377965688
v -0.007195722311735153 0.06685351580381393 -5.220866849953153e-09
v 7.838748672384099e-08 0.06700009852647781 9.908725928653438e-08
v -0.0196051187813282 0.06560257822275162 -0.0032221130095422264
v -0.014154132455587387 0.06640125811100006 1.065378398834582e-07
v -0.014502961188554764 0.06603904813528061 -0.006270838435739278
v -0.014154132455587387 0.06640125811100006 1.065378398834582e-07
v -0.0196051187813282 0.06560257822275162 -0.0032221130095422264
v -0.019518669694662094 0.06571273505687714 -7.972667503963747e-08
v -0.019518669694662094 0.06571273505687714 -7.972667503963747e-08
v -0.0196051187813282 0.06560257822275162 -0.0032221130095422264
v -0.024374622851610184 0.06451874226331711 -0.003290911670774221
v -0.019518669694662094 0.06571273505687714 -7.972667503963747e-08
v -0.024374622851610184 0.06451874226331711 -0.003290911670774221
v -0.023680564016103745 0.0648331418633461 -7.227609444271364e-08
v -0.03382823243737221 0.05709785968065262 1.8104364585269647e-07
v -0.033619191497564316 0.057454295456409454 -0.0033874786458909507
v -0.033868398517370224 0.056894078850746155 2.5554945182193473e-07
v -0.033917952328920364 0.05520704388618469 -0.003698696848005056
v -0.0333934910595417 0.057046085596084595 -0.006698382552713155
v -0.033671651035547256 0.054687075316905975 -0.007344094570726155
v -0.033671651035547256 0.054687075316905975 -0.007344094570726155
v -0.0333934910595417 0.057046085596084595 -0.006698382552713155
v -0.03305566683411598 0.056362222880125046 -0.009940808638930319
v -0.033671651035547256 0.054687075316905975 -0.007344094570726155
v -0.03305566683411598 0.056362222880125046 -0.009940808638930319
v -0.033265430480241776 0.05382129177451134 -0.011074563488364218
v -0.033265430480241776 0.05382129177451134 -0.011074563488364218
v -0.03305566683411598 0.056362222880125046 -0.009940808638930319
v -0.032621871680021286 0.05543551966547966 -0.01312381587922573
v -0.033265430480241776 0.05382129177451134 -0.011074563488364218
v -0.032621871680021286 0.05543551966547966 -0.01312381587922573
v -0.03269222751259804 0.05258115753531456 -0.014995357021689413
v -0.03269222751259804 0.05258115753531456 -0.014995357021689413
v -0.032621871680021286 0.05543551966547966 -0.01312381587922573
v -0.03247569873929024 0.052106671035289764 -0.016283800825476643
v -0.03247569873929024 0.052106671035289764 -0.016283800825476643
v -0.032621871680021286 0.05543551966547966 -0.01312381587922573
v -0.03153089061379433 0.05298479646444321 -0.019347807392477986
v -0.03247569873929024 0.052106671035289764 -0.016283800825476643
v -0.03153089061379433 0.05298479646444321 -0.019347807392477986
v -0.03190459683537483 0.05084019526839256 -0.019397100433707234
v -0.03190459683537483 0.05084019526839256 -0.019397100433707234
v -0.03153089061379433 0.05298479646444321 -0.019347807392477986
v -0.0307333804666996 0.04816374555230141 -0.025087682530283924
v -0.0307333804666996 0.04816374555230141 -0.025087682530283924
v -0.03153089061379433 0.05298479646444321 -0.019347807392477986
v -0.030249688774347305 0.04995636269450188 -0.02544283680617809
v -0.0307333804666996 0.04816374555230141 -0.025087682530283924
v -0.030249688774347305 0.04995636269450188 -0.02544283680617809
v -0.030528169125318527 0.047681938856840134 -0.026038756594061848
v -0.02802881971001625 0.041320618242025375 -0.03799572214484214
v -0.028834667056798935 0.043502625077962875 -0.0339052565395832
v -0.027633074671030045 0.043216098099946976 -0.037535917013883584
v -0.027633074671030045 0.043216098099946976 -0.037535917013883584
v -0.028834667056798935 0.043502625077962875 -0.0339052565395832
v -0.029441583901643753 0.04504894092679024 -0.031037425622344014
v -0.027633074671030045 0.043216098099946976 -0.037535917013883584
v -0.029441583901643753 0.04504894092679024 -0.031037425622344014
v -0.030249688774347305 0.04995636269450188 -0.02544283680617809
v -0.030249688774347305 0.04995636269450188 -0.02544283680617809
v -0.029441583901643753 0.04504894092679024 -0.031037425622344014
v -0.029653247445821762 0.045573726296424866 -0.030058776959776875
v -0.030249688774347305 0.04995636269450188 -0.02544283680617809
v -0.029653247445821762 0.045573726296424866 -0.030058776959776875
v -0.030528169125318527 0.047681938856840134 -0.026038756594061848
v -0.026401545852422714 0.03554883226752281 -0.05055063590407371
v -0.02649795636534691 0.036080505698919296 -0.04915731772780418
v -0.02503223344683647 0.03917945548892021 -0.04938311129808425
v -0.02503223344683647 0.03917945548892021 -0.04938311129808425
v -0.02649795636534691 0.036080505698919296 -0.04915731772780418
v -0.026957932859659195 0.03797978535294533 -0.044723492115736
v -0.02688317373394966 0.06380569189786911 -1.0207841683040896e-07
v -0.023680564016103745 0.0648331418633461 -7.227609444271364e-08
v -0.026668909937143326 0.06374423950910568 -0.003328470047563314
v -0.026668909937143326 0.06374423950910568 -0.003328470047563314
v -0.023680564016103745 0.0648331418633461 -7.227609444271364e-08
v -0.024374622851610184 0.06451874226331711 -0.003290911670774221
v -0.026668909937143326 0.06374423950910568 -0.003328470047563314
v -0.024374622851610184 0.06451874226331711 -0.003290911670774221
v -0.02405787631869316 0.06423833221197128 -0.006489438470453023
v -0.02405787631869316 0.06423833221197128 -0.006489438470453023
v -0.024374622851610184 0.06451874226331711 -0.003290911670774221
v -0.0196051187813282 0.06560257822275162 -0.0032221130095422264
v -0.02405787631869316 0.06423833221197128 -0.006489438470453023
v -0.0196051187813282 0.06560257822275162 -0.0032221130095422264
v -0.019312206655740738 0.06535771489143372 -0.00636303937062621
v -0.019312206655740738 0.06535771489143372 -0.00636303937062621
v -0.0196051187813282 0.06560257822275162 -0.0032221130095422264
v -0.014502961188554764 0.06603904813528061 -0.006270838435739278
v -0.031089026480913162 0.0614473819732666 -7.227609444271364e-08
v -0.029310863465070724 0.06266260892152786 -1.2443015862118043e-07
v -0.03089849278330803 0.06139814481139183 -0.0033858469687402244
v -0.03089849278330803 0.06139814481139183 -0.0033858469687402244
v -0.029310863465070724 0.06266260892152786 -1.2443015862118043e-07
v -0.028872746974229813 0.06273367255926132 -0.0033627352677285667
v -0.03089849278330803 0.06139814481139183 -0.0033858469687402244
v -0.028872746974229813 0.06273367255926132 -0.0033627352677285667
v -0.028571266680955887 0.06240975484251976 -0.006623668130487203
v -0.028571266680955887 0.06240975484251976 -0.006623668130487203
v -0.028872746974229813 0.06273367255926132 -0.0033627352677285667
v -0.026354249566793442 0.06344287842512131 -0.006558825727552175
v -0.028571266680955887 0.06240975484251976 -0.006623668130487203
v -0.026354249566793442 0.06344287842512131 -0.006558825727552175
v -0.026051197201013565 0.06288324296474457 -0.009701585397124289
v -0.026051197201013565 0.06288324296474457 -0.009701585397124289
v -0.026354249566793442 0.06344287842512131 -0.006558825727552175
v -0.02377515658736229 0.06372087448835373 -0.009605070576071737
v -0.026051197201013565 0.06288324296474457 -0.009701585397124289
v -0.02377515658736229 0.06372087448835373 -0.009605070576071737
v -0.023520436137914658 0.06298936903476715 -0.012648051604628561
v -0.023520436137914658 0.06298936903476715 -0.012648051604628561
v -0.02377515658736229 0.06372087448835373 -0.009605070576071737
v -0.01907547190785408 0.0649174377322197 -0.009430332109332083
v -0.023520436137914658 0.06298936903476715 -0.012648051604628561
v -0.01907547190785408 0.0649174377322197 -0.009430332109332083
v -0.01888616755604744 0.0642973855137825 -0.012432282790541647
v -0.03271469846367836 0.059694044291973114 -9.462783623348513e-08
v -0.03231311962008476 0.060227684676647186 -7.227609444271364e-08
v -0.032564494758844376 0.0596449188888073 -0.0033916882239282127
v -0.032564494758844376 0.0596449188888073 -0.0033916882239282127
v -0.03231311962008476 0.060227684676647186 -7.227609444271364e-08
v -0.03089849278330803 0.06139814481139183 -0.0033858469687402244
v -0.032564494758844376 0.0596449188888073 -0.0033916882239282127
v -0.03089849278330803 0.06139814481139183 -0.0033858469687402244
v -0.030619364231824875 0.061050791293382645 -0.006671411450952291
v -0.030619364231824875 0.061050791293382645 -0.006671411450952291
v -0.03089849278330803 0.06139814481139183 -0.0033858469687402244
v -0.028571266680955887 0.06240975484251976 -0.006623668130487203
v -0.030619364231824875 0.061050791293382645 -0.006671411450952291
v -0.028571266680955887 0.06240975484251976 -0.006623668130487203
v -0.02825121209025383 0.061809346079826355 -0.009794069454073904
v -0.02825121209025383 0.061809346079826355 -0.009794069454073904
v -0.028571266680955887 0.06240975484251976 -0.006623668130487203
v -0.026051197201013565 0.06288324296474457 -0.009701585397124289
v -0.02825121209025383 0.061809346079826355 -0.009794069454073904
v -0.026051197201013565 0.06288324296474457 -0.009701585397124289
v -0.0257568322122097 0.062092237174510956 -0.012768035754561423
v -0.0257568322122097 0.062092237174510956 -0.012768035754561423
v -0.026051197201013565 0.06288324296474457 -0.009701585397124289
v -0.023520436137914658 0.06298936903476715 -0.012648051604628561
v -0.0257568322122097 0.062092237174510956 -0.012768035754561423
v -0.023520436137914658 0.06298936903476715 -0.012648051604628561
v -0.023070868104696274 0.06097613275051117 -0.01855705492198467
v -0.023070868104696274 0.06097613275051117 -0.01855705492198467
v -0.023520436137914658 0.06298936903476715 -0.012648051604628561
v -0.01861478015780449 0.06258052587509155 -0.01827333681285381
v -0.018515173345804214 0.06151497736573219 -0.021129025146365162
v -0.018427927047014236 0.06033220887184143 -0.0239525344222784
v -0.02286394312977791 0.059740372002124786 -0.02144358120858669
v -0.02286394312977791 0.059740372002124786 -0.02144358120858669
v -0.018427927047014236 0.06033220887184143 -0.0239525344222784
v -0.02059374377131462 0.059442415833473206 -0.02411617152392864
v -0.033716630190610886 0.05755407363176346 3.203203746693361e-08
v -0.03324577584862709 0.05878888815641403 -7.972667503963747e-08
v -0.033619191497564316 0.057454295456409454 -0.0033874786458909507
v -0.033619191497564316 0.057454295456409454 -0.0033874786458909507
v -0.03324577584862709 0.05878888815641403 -7.972667503963747e-08
v -0.032564494758844376 0.0596449188888073 -0.0033916882239282127
v -0.033619191497564316 0.057454295456409454 -0.0033874786458909507
v -0.032564494758844376 0.0596449188888073 -0.0033916882239282127
v -0.032313618808984756 0.05927237123250961 -0.00669226562604308
v -0.032313618808984756 0.05927237123250961 -0.00669226562604308
v -0.032564494758844376 0.0596449188888073 -0.0033916882239282127
v -0.030619364231824875 0.061050791293382645 -0.006671411450952291
v -0.032313618808984756 0.05927237123250961 -0.00669226562604308
v -0.030619364231824875 0.061050791293382645 -0.006671411450952291
v -0.03028632327914238 0.06041518598794937 -0.009867912158370016
v -0.03028632327914238 0.06041518598794937 -0.009867912158370016
v -0.030619364231824875 0.061050791293382645 -0.006671411450952291
v -0.02825121209025383 0.061809346079826355 -0.009794069454073904
v -0.03028632327914238 0.06041518598794937 -0.009867912158370016
v -0.02825121209025383 0.061809346079826355 -0.009794069454073904
v -0.02791404351592064 0.060962919145822525 -0.012885985895991324
v -0.02791404351592064 0.060962919145822525 -0.012885985895991324
v -0.02825121209025383 0.061809346079826355 -0.009794069454073904
v -0.0257568322122097 0.062092237174510956 -0.012768035754561423
v -0.02791404351592064 0.060962919145822525 -0.012885985895991324
v -0.0257568322122097 0.062092237174510956 -0.012768035754561423
v -0.025182519108057022 0.05992377921938896 -0.018717130646109578
v -0.025182519108057022 0.05992377921938896 -0.018717130646109578
v -0.0257568322122097 0.062092237174510956 -0.012768035754561423
v -0.023070868104696274 0.06097613275051117 -0.01855705492198467
v -0.025182519108057022 0.05992377921938896 -0.018717130646109578
v -0.023070868104696274 0.06097613275051117 -0.01855705492198467
v -0.02286394312977791 0.059740372002124786 -0.02144358120858669
v -0.02286394312977791 0.059740372002124786 -0.02144358120858669
v -0.023070868104696274 0.06097613275051117 -0.01855705492198467
v -0.01861478015780449 0.06258052587509155 -0.01827333681285381
v -0.02286394312977791 0.059740372002124786 -0.02144358120858669
v -0.01861478015780449 0.06258052587509155 -0.01827333681285381
v -0.018515173345804214 0.06151497736573219 -0.021129025146365162
v -0.02719416841864586 0.058653898537158966 -0.018882488831877705
v -0.024608012288808823 0.05715281143784523 -0.02449638210237026
v -0.02642330899834633 0.05572645738720894 -0.024709483608603474
v -0.02642330899834633 0.05572645738720894 -0.024709483608603474
v -0.024608012288808823 0.05715281143784523 -0.02449638210237026
v -0.02401002123951912 0.05399464815855026 -0.03019606880843639
v -0.02642330899834633 0.05572645738720894 -0.024709483608603474
v -0.02401002123951912 0.05399464815855026 -0.03019606880843639
v -0.02561311051249504 0.052424367517232895 -0.030463283881545063
v -0.02031681314110756 0.056625403463840485 -0.02973365597426891
v -0.018027398735284805 0.05474157631397247 -0.03509071096777915
v -0.019980479031801224 0.05355839803814888 -0.03533374145627021
v -0.019980479031801224 0.05355839803814888 -0.03533374145627021
v -0.018027398735284805 0.05474157631397247 -0.03509071096777915
v -0.01767350360751152 0.05164944380521774 -0.040682371705770486
v -0.019980479031801224 0.05355839803814888 -0.03533374145627021
v -0.01767350360751152 0.05164944380521774 -0.040682371705770486
v -0.01952126994729042 0.05039430782198906 -0.04099008068442344
v -0.01952126994729042 0.05039430782198906 -0.04099008068442344
v -0.01767350360751152 0.05164944380521774 -0.040682371705770486
v -0.017123710364103317 0.04852622002363205 -0.04637752100825309
v -0.01952126994729042 0.05039430782198906 -0.04099008068442344
v -0.017123710364103317 0.04852622002363205 -0.04637752100825309
v -0.017697211354970932 0.04815288260579109 -0.046497572213411324
v -0.023921359330415726 0.045671310275793076 -0.04213647916913032
v -0.024775248020887375 0.04899139702320099 -0.036240179091691964
v -0.022650379687547684 0.047377943992614746 -0.04171782359480857
v -0.022650379687547684 0.047377943992614746 -0.04171782359480857
v -0.024775248020887375 0.04899139702320099 -0.036240179091691964
v -0.02336524799466133 0.05066458880901337 -0.03590645268559455
v -0.022660892456769943 0.05838249623775482 -0.02429844997823238
v -0.02031681314110756 0.056625403463840485 -0.02973365597426891
v -0.022242244333028793 0.055392343550920486 -0.029954237863421437
v -0.022242244333028793 0.055392343550920486 -0.029954237863421437
v -0.02031681314110756 0.056625403463840485 -0.02973365597426891
v -0.019980479031801224 0.05355839803814888 -0.03533374145627021
v -0.022242244333028793 0.055392343550920486 -0.029954237863421437
v -0.019980479031801224 0.05355839803814888 -0.03533374145627021
v -0.021766651421785355 0.05218954756855965 -0.03560641780495643
v -0.021766651421785355 0.05218954756855965 -0.03560641780495643
v -0.019980479031801224 0.05355839803814888 -0.03533374145627021
v -0.01952126994729042 0.05039430782198906 -0.04099008068442344
v -0.021766651421785355 0.05218954756855965 -0.03560641780495643
v -0.01952126994729042 0.05039430782198906 -0.04099008068442344
v -0.02118586376309395 0.04895799607038498 -0.04133699089288711
v -0.02118586376309395 0.04895799607038498 -0.04133699089288711
v -0.01952126994729042 0.05039430782198906 -0.04099008068442344
v -0.018875811249017715 0.04728609696030617 -0.046776298433542245
v -0.02118586376309395 0.04895799607038498 -0.04133699089288711
v -0.018875811249017715 0.04728609696030617 -0.046776298433542245
v -0.01985081657767296 0.04645403102040291 -0.04704386368393897
v -0.029906127601861954 0.05952442064881325 -0.012987410649657248
v -0.02719416841864586 0.058653898537158966 -0.018882488831877705
v -0.029031265527009964 0.0571097731590271 -0.01904363743960857
v -0.029031265527009964 0.0571097731590271 -0.01904363743960857
v -0.02719416841864586 0.058653898537158966 -0.018882488831877705
v -0.02642330899834633 0.05572645738720894 -0.024709483608603474
v -0.029031265527009964 0.0571097731590271 -0.01904363743960857
v -0.02642330899834633 0.05572645738720894 -0.024709483608603474
v -0.028048817068338394 0.05407155305147171 -0.024936577305197712
v -0.028048817068338394 0.05407155305147171 -0.024936577305197712
v -0.02642330899834633 0.05572645738720894 -0.024709483608603474
v -0.02561311051249504 0.052424367517232895 -0.030463283881545063
v -0.028048817068338394 0.05407155305147171 -0.024936577305197712
v -0.02561311051249504 0.052424367517232895 -0.030463283881545063
v -0.025977257639169693 0.04718327522277832 -0.03661848977208137
v -0.02401002123951912 0.05399464815855026 -0.03019606880843639
v -0.02336524799466133 0.05066458880901337 -0.03590645268559455
v -0.02561311051249504 0.052424367517232895 -0.030463283881545063
v -0.02561311051249504 0.052424367517232895 -0.030463283881545063
v -0.02336524799466133 0.05066458880901337 -0.03590645268559455
v -0.024775248020887375 0.04899139702320099 -0.036240179091691964
v -0.02561311051249504 0.052424367517232895 -0.030463283881545063
v -0.024775248020887375 0.04899139702320099 -0.036240179091691964
v -0.025977257639169693 0.04718327522277832 -0.03661848977208137
v -0.025977257639169693 0.04718327522277832 -0.03661848977208137
v -0.024775248020887375 0.04899139702320099 -0.036240179091691964
v -0.023921359330415726 0.045671310275793076 -0.04213647916913032
v -0.025977257639169693 0.04718327522277832 -0.03661848977208137
v -0.023921359330415726 0.045671310275793076 -0.04213647916913032
v -0.024996202439069748 0.04386264085769653 -0.042600426822900765
v -0.031974244862794876 0.058610450476408005 -0.009911870583891867
v -0.029906127601861954 0.05952442064881325 -0.012987410649657248
v -0.03155850991606712 0.0576932393014431 -0.013061461970210074
v -0.03155850991606712 0.0576932393014431 -0.013061461970210074
v -0.029906127601861954 0.05952442064881325 -0.012987410649657248
v -0.029031265527009964 0.0571097731590271 -0.01904363743960857
v -0.03155850991606712 0.0576932393014431 -0.013061461970210074
v -0.029031265527009964 0.0571097731590271 -0.01904363743960857
v -0.030546512454748154 0.05522926524281502 -0.019194392487406727
v -0.030546512454748154 0.05522926524281502 -0.019194392487406727
v -0.029031265527009964 0.0571097731590271 -0.01904363743960857
v -0.028048817068338394 0.05407155305147171 -0.024936577305197712
v -0.030546512454748154 0.05522926524281502 -0.019194392487406727
v -0.028048817068338394 0.05407155305147171 -0.024936577305197712
v -0.029374737292528152 0.0521530956029892 -0.02517873607575893
v -0.029374737292528152 0.0521530956029892 -0.02517873607575893
v -0.028048817068338394 0.05407155305147171 -0.024936577305197712
v -0.025977257639169693 0.04718327522277832 -0.03661848977208137
v -0.029374737292528152 0.0521530956029892 -0.02517873607575893
v -0.025977257639169693 0.04718327522277832 -0.03661848977208137
v -0.026940327137708664 0.045254770666360855 -0.037052210420370095
v -0.026940327137708664 0.045254770666360855 -0.037052210420370095
v -0.025977257639169693 0.04718327522277832 -0.03661848977208137
v -0.024996202439069748 0.04386264085769653 -0.042600426822900765
v -0.026940327137708664 0.045254770666360855 -0.037052210420370095
v -0.024996202439069748 0.04386264085769653 -0.042600426822900765
v -0.025871913880109787 0.0419779047369957 -0.04311666265130042
v -0.0333934910595417 0.057046085596084595 -0.006698382552713155
v -0.031974244862794876 0.058610450476408005 -0.009911870583891867
v -0.03305566683411598 0.056362222880125046 -0.009940808638930319
v -0.03305566683411598 0.056362222880125046 -0.009940808638930319
v -0.031974244862794876 0.058610450476408005 -0.009911870583891867
v -0.03155850991606712 0.0576932393014431 -0.013061461970210074
v -0.03305566683411598 0.056362222880125046 -0.009940808638930319
v -0.03155850991606712 0.0576932393014431 -0.013061461970210074
v -0.032621871680021286 0.05543551966547966 -0.01312381587922573
v -0.032621871680021286 0.05543551966547966 -0.01312381587922573
v -0.03155850991606712 0.0576932393014431 -0.013061461970210074
v -0.030546512454748154 0.05522926524281502 -0.019194392487406727
v -0.032621871680021286 0.05543551966547966 -0.01312381587922573
v -0.030546512454748154 0.05522926524281502 -0.019194392487406727
v -0.03153089061379433 0.05298479646444321 -0.019347807392477986
v -0.03153089061379433 0.05298479646444321 -0.019347807392477986
v -0.030546512454748154 0.05522926524281502 -0.019194392487406727
v -0.029374737292528152 0.0521530956029892 -0.02517873607575893
v -0.03153089061379433 0.05298479646444321 -0.019347807392477986
v -0.029374737292528152 0.0521530956029892 -0.02517873607575893
v -0.030249688774347305 0.04995636269450188 -0.02544283680617809
v -0.030249688774347305 0.04995636269450188 -0.02544283680617809
v -0.029374737292528152 0.0521530956029892 -0.02517873607575893
v -0.026940327137708664 0.045254770666360855 -0.037052210420370095
v -0.030249688774347305 0.04995636269450188 -0.02544283680617809
v -0.026940327137708664 0.045254770666360855 -0.037052210420370095
v -0.027633074671030045 0.043216098099946976 -0.037535917013883584
v -0.027633074671030045 0.043216098099946976 -0.037535917013883584
v -0.026940327137708664 0.045254770666360855 -0.037052210420370095
v -0.025871913880109787 0.0419779047369957 -0.04311666265130042
v -0.027633074671030045 0.043216098099946976 -0.037535917013883584
v -0.025871913880109787 0.0419779047369957 -0.04311666265130042
v -0.02655591443181038 0.04002915695309639 -0.043678931891918175
v -0.024158868938684464 0.040913812816143036 -0.048825405538082116
v -0.0246489979326725 0.03998075798153877 -0.04912544414401054
v -0.025871913880109787 0.0419779047369957 -0.04311666265130042
v -0.025871913880109787 0.0419779047369957 -0.04311666265130042
v -0.0246489979326725 0.03998075798153877 -0.04912544414401054
v -0.02503223344683647 0.03917945548892021 -0.04938311129808425
v -0.025871913880109787 0.0419779047369957 -0.04311666265130042
v -0.02503223344683647 0.03917945548892021 -0.04938311129808425
v -0.02655591443181038 0.04002915695309639 -0.043678931891918175
v -0.02655591443181038 0.04002915695309639 -0.043678931891918175
v -0.02503223344683647 0.03917945548892021 -0.04938311129808425
v -0.026957932859659195 0.03797978535294533 -0.044723492115736
v -0.02655591443181038 0.04002915695309639 -0.043678931891918175
v -0.026957932859659195 0.03797978535294533 -0.044723492115736
v -0.027633074671030045 0.043216098099946976 -0.037535917013883584
v -0.027633074671030045 0.043216098099946976 -0.037535917013883584
v -0.026957932859659195 0.03797978535294533 -0.044723492115736
v -0.027701277285814285 0.040372926741838455 -0.03982259705662727
v -0.027633074671030045 0.043216098099946976 -0.037535917013883584
v -0.027701277285814285 0.040372926741838455 -0.03982259705662727
v -0.02802881971001625 0.041320618242025375 -0.03799572214484214
v -0.024158868938684464 0.040913812816143036 -0.048825405538082116
v -0.025871913880109787 0.0419779047369957 -0.04311666265130042
v -0.023269478231668472 0.042396485805511475 -0.048348627984523766
v -0.023269478231668472 0.042396485805511475 -0.048348627984523766
v -0.025871913880109787 0.0419779047369957 -0.04311666265130042
v -0.024996202439069748 0.04386264085769653 -0.042600426822900765
v -0.023269478231668472 0.042396485805511475 -0.048348627984523766
v -0.024996202439069748 0.04386264085769653 -0.042600426822900765
v -0.023063194006681442 0.04270792752504349 -0.048248481005430215
v -0.023063194006681442 0.04270792752504349 -0.048248481005430215
v -0.024996202439069748 0.04386264085769653 -0.042600426822900765
v -0.023921359330415726 0.045671310275793076 -0.04213647916913032
v -0.023063194006681442 0.04270792752504349 -0.048248481005430215
v -0.023921359330415726 0.045671310275793076 -0.04213647916913032
v -0.021372836083173752 0.044902488589286804 -0.04754278436303138
v -0.021372836083173752 0.044902488589286804 -0.04754278436303138
v -0.023921359330415726 0.045671310275793076 -0.04213647916913032
v -0.022650379687547684 0.047377943992614746 -0.04171782359480857
v -0.021372836083173752 0.044902488589286804 -0.04754278436303138
v -0.022650379687547684 0.047377943992614746 -0.04171782359480857
v -0.02118586376309395 0.04895799607038498 -0.04133699089288711
v -0.02118586376309395 0.04895799607038498 -0.04133699089288711
v -0.022650379687547684 0.047377943992614746 -0.04171782359480857
v -0.02336524799466133 0.05066458880901337 -0.03590645268559455
v -0.02118586376309395 0.04895799607038498 -0.04133699089288711
v -0.02336524799466133 0.05066458880901337 -0.03590645268559455
v -0.021766651421785355 0.05218954756855965 -0.03560641780495643
v -0.021766651421785355 0.05218954756855965 -0.03560641780495643
v -0.02336524799466133 0.05066458880901337 -0.03590645268559455
v -0.02401002123951912 0.05399464815855026 -0.03019606880843639
v -0.021766651421785355 0.05218954756855965 -0.03560641780495643
v -0.02401002123951912 0.05399464815855026 -0.03019606880843639
v -0.022242244333028793 0.055392343550920486 -0.029954237863421437
v -0.022242244333028793 0.055392343550920486 -0.029954237863421437
v -0.02401002123951912 0.05399464815855026 -0.03019606880843639
v -0.024608012288808823 0.05715281143784523 -0.02449638210237026
v -0.022242244333028793 0.055392343550920486 -0.029954237863421437
v -0.024608012288808823 0.05715281143784523 -0.02449638210237026
v -0.022660892456769943 0.05838249623775482 -0.02429844997823238
v -0.004522945731878281 0.06433796137571335 -0.017858160659670826
v 9.650066203903407e-07 0.06437800079584122 -0.017842588946223256
v -0.0045021213591098785 0.06248907372355461 -0.0234400313347578
v -0.004522945731878281 0.06433796137571335 -0.017858160659670826
v -0.0045021213591098785 0.06248907372355461 -0.0234400313347578
v -0.009229090064764023 0.062264617532491684 -0.023524096235632893
v -0.009229090064764023 0.062264617532491684 -0.023524096235632893
v -0.0045021213591098785 0.06248907372355461 -0.0234400313347578
v -0.004502739757299423 0.06025488302111626 -0.02892292849719524
v -0.009229090064764023 0.062264617532491684 -0.023524096235632893
v -0.004502739757299423 0.06025488302111626 -0.02892292849719524
v -0.009217899292707443 0.05999279394745827 -0.029021805152297016
v -0.009217899292707443 0.05999279394745827 -0.029021805152297016
v -0.004502739757299423 0.06025488302111626 -0.02892292849719524
v -0.004500929266214371 0.05769988149404526 -0.034358818084001534
v -0.009217899292707443 0.05999279394745827 -0.029021805152297016
v -0.004500929266214371 0.05769988149404526 -0.034358818084001534
v -0.009190786629915237 0.05739118531346321 -0.0344707928597927
v -0.009190786629915237 0.05739118531346321 -0.0344707928597927
v -0.004500929266214371 0.05769988149404526 -0.034358818084001534
v -0.004394542425870895 0.05188541114330292 -0.04529732093214988
v -0.009190786629915237 0.05739118531346321 -0.0344707928597927
v -0.004394542425870895 0.05188541114330292 -0.04529732093214988
v -0.008860666304826736 0.05147330462932587 -0.045429840683937066
v -0.02059374377131462 0.059442415833473206 -0.02411617152392864
v -0.018427927047014236 0.06033220887184143 -0.0239525344222784
v -0.018255505710840225 0.057677529752254486 -0.02953621558845043
v -0.018255505710840225 0.057677529752254486 -0.02953621558845043
v -0.018427927047014236 0.06033220887184143 -0.0239525344222784
v -0.01609475538134575 0.058532726019620895 -0.029365448281168934
v -0.018255505710840225 0.057677529752254486 -0.02953621558845043
v -0.01609475538134575 0.058532726019620895 -0.029365448281168934
v -0.0159463994204998 0.05571264028549194 -0.03488193824887275
v -0.014154132455587387 0.06640125811100006 1.065378398834582e-07
v -0.007195722311735153 0.06685351580381393 -5.220866849953153e-09
v -0.014502961188554764 0.06603904813528061 -0.006270838435739278
v -0.014502961188554764 0.06603904813528061 -0.006270838435739278
v -0.007195722311735153 0.06685351580381393 -5.220866849953153e-09
v -0.009636428207159042 0.06643111258745193 -0.006215152796357869
v -0.014502961188554764 0.06603904813528061 -0.006270838435739278
v -0.009636428207159042 0.06643111258745193 -0.006215152796357869
v -0.01416897401213646 0.06510645151138306 -0.012272609397768973
v -0.01416897401213646 0.06510645151138306 -0.012272609397768973
v -0.009636428207159042 0.06643111258745193 -0.006215152796357869
v -0.0093914233148098 0.0655508041381836 -0.012173114344477652
v -0.01416897401213646 0.06510645151138306 -0.012272609397768973
v -0.0093914233148098 0.0655508041381836 -0.012173114344477652
v -0.01399325206875801 0.06359799951314926 -0.018060905858874318
v -0.01399325206875801 0.06359799951314926 -0.018060905858874318
v -0.0093914233148098 0.0655508041381836 -0.012173114344477652
v -0.009271290153265 0.06413963437080383 -0.0179253127425909
v -0.01399325206875801 0.06359799951314926 -0.018060905858874318
v -0.009271290153265 0.06413963437080383 -0.0179253127425909
v -0.013910677284002304 0.06159886717796326 -0.023692151531577107
v 9.426548217561503e-07 0.06579022109508514 -0.012115968391299246
v 9.799077815841883e-07 0.06500527262687683 -0.015554113313555716
v -0.00458909198641777 0.06573706120252609 -0.012125385925173758
v -0.00458909198641777 0.06573706120252609 -0.012125385925173758
v 9.799077815841883e-07 0.06500527262687683 -0.015554113313555716
v -0.004522945731878281 0.06433796137571335 -0.017858160659670826
v -0.00458909198641777 0.06573706120252609 -0.012125385925173758
v -0.004522945731878281 0.06433796137571335 -0.017858160659670826
v -0.009271290153265 0.06413963437080383 -0.0179253127425909
v -0.009271290153265 0.06413963437080383 -0.0179253127425909
v -0.004522945731878281 0.06433796137571335 -0.017858160659670826
v -0.009229090064764023 0.062264617532491684 -0.023524096235632893
v -0.009271290153265 0.06413963437080383 -0.0179253127425909
v -0.009229090064764023 0.062264617532491684 -0.023524096235632893
v -0.013910677284002304 0.06159886717796326 -0.023692151531577107
v -0.013910677284002304 0.06159886717796326 -0.023692151531577107
v -0.009229090064764023 0.062264617532491684 -0.023524096235632893
v -0.009217899292707443 0.05999279394745827 -0.029021805152297016
v -0.013910677284002304 0.06159886717796326 -0.023692151531577107
v -0.009217899292707443 0.05999279394745827 -0.029021805152297016
v -0.01385609433054924 0.059194255620241165 -0.029222769662737843
v -0.01385609433054924 0.059194255620241165 -0.029222769662737843
v -0.009217899292707443 0.05999279394745827 -0.029021805152297016
v -0.009190786629915237 0.05739118531346321 -0.0344707928597927
v -0.01385609433054924 0.059194255620241165 -0.029222769662737843
v -0.009190786629915237 0.05739118531346321 -0.0344707928597927
v -0.013764362782239914 0.056469351053237915 -0.03470919653773307
v -0.013764362782239914 0.056469351053237915 -0.03470919653773307
v -0.009190786629915237 0.05739118531346321 -0.0344707928597927
v -0.008860666304826736 0.05147330462932587 -0.045429840683937066
v -0.013764362782239914 0.056469351053237915 -0.03470919653773307
v -0.008860666304826736 0.05147330462932587 -0.045429840683937066
v -0.010817822068929672 0.05109364911913872 -0.04555192217230796
v -0.03400008752942085 0.05538341403007507 2.2297137469706736e-09
v -0.033868398517370224 0.056894078850746155 2.5554945182193473e-07
v -0.033917952328920364 0.05520704388618469 -0.003698696848005056
v -0.033917952328920364 0.05520704388618469 -0.003698696848005056
v -0.033868398517370224 0.056894078850746155 2.5554945182193473e-07
v -0.033619191497564316 0.057454295456409454 -0.0033874786458909507
v -0.033917952328920364 0.05520704388618469 -0.003698696848005056
v -0.033619191497564316 0.057454295456409454 -0.0033874786458909507
v -0.0333934910595417 0.057046085596084595 -0.006698382552713155
v -0.0333934910595417 0.057046085596084595 -0.006698382552713155
v -0.033619191497564316 0.057454295456409454 -0.0033874786458909507
v -0.032313618808984756 0.05927237123250961 -0.00669226562604308
v -0.0333934910595417 0.057046085596084595 -0.006698382552713155
v -0.032313618808984756 0.05927237123250961 -0.00669226562604308
v -0.031974244862794876 0.058610450476408005 -0.009911870583891867
v -0.031974244862794876 0.058610450476408005 -0.009911870583891867
v -0.032313618808984756 0.05927237123250961 -0.00669226562604308
v -0.03028632327914238 0.06041518598794937 -0.009867912158370016
v -0.031974244862794876 0.058610450476408005 -0.009911870583891867
v -0.03028632327914238 0.06041518598794937 -0.009867912158370016
v -0.029906127601861954 0.05952442064881325 -0.012987410649657248
v -0.029906127601861954 0.05952442064881325 -0.012987410649657248
v -0.03028632327914238 0.06041518598794937 -0.009867912158370016
v -0.02791404351592064 0.060962919145822525 -0.012885985895991324
v -0.029906127601861954 0.05952442064881325 -0.012987410649657248
v -0.02791404351592064 0.060962919145822525 -0.012885985895991324
v -0.02719416841864586 0.058653898537158966 -0.018882488831877705
v -0.02719416841864586 0.058653898537158966 -0.018882488831877705
v -0.02791404351592064 0.060962919145822525 -0.012885985895991324
v -0.025182519108057022 0.05992377921938896 -0.018717130646109578
v -0.02719416841864586 0.058653898537158966 -0.018882488831877705
v -0.025182519108057022 0.05992377921938896 -0.018717130646109578
v -0.024608012288808823 0.05715281143784523 -0.02449638210237026
v -0.024608012288808823 0.05715281143784523 -0.02449638210237026
v -0.025182519108057022 0.05992377921938896 -0.018717130646109578
v -0.02286394312977791 0.059740372002124786 -0.02144358120858669
v -0.024608012288808823 0.05715281143784523 -0.02449638210237026
v -0.02286394312977791 0.059740372002124786 -0.02144358120858669
v -0.022660892456769943 0.05838249623775482 -0.02429844997823238
v -0.022660892456769943 0.05838249623775482 -0.02429844997823238
v -0.02286394312977791 0.059740372002124786 -0.02144358120858669
v -0.02059374377131462 0.059442415833473206 -0.02411617152392864
v -0.022660892456769943 0.05838249623775482 -0.02429844997823238
v -0.02059374377131462 0.059442415833473206 -0.02411617152392864
v -0.02031681314110756 0.056625403463840485 -0.02973365597426891
v -0.02031681314110756 0.056625403463840485 -0.02973365597426891
v -0.02059374377131462 0.059442415833473206 -0.02411617152392864
v -0.018255505710840225 0.057677529752254486 -0.02953621558845043
v -0.02031681314110756 0.056625403463840485 -0.02973365597426891
v -0.018255505710840225 0.057677529752254486 -0.02953621558845043
v -0.018027398735284805 0.05474157631397247 -0.03509071096777915
v -0.018027398735284805 0.05474157631397247 -0.03509071096777915
v -0.018255505710840225 0.057677529752254486 -0.02953621558845043
v -0.0159463994204998 0.05571264028549194 -0.03488193824887275
v -0.018027398735284805 0.05474157631397247 -0.03509071096777915
v -0.0159463994204998 0.05571264028549194 -0.03488193824887275
v -0.01767350360751152 0.05164944380521774 -0.040682371705770486
v -0.01767350360751152 0.05164944380521774 -0.040682371705770486
v -0.0159463994204998 0.05571264028549194 -0.03488193824887275
v -0.013524789363145828 0.050285760313272476 -0.0458117127418518
v -0.01767350360751152 0.05164944380521774 -0.040682371705770486
v -0.013524789363145828 0.050285760313272476 -0.0458117127418518
v -0.015651289373636246 0.04935814440250397 -0.046110000461339944
v -0.029310863465070724 0.06266260892152786 -1.2443015862118043e-07
v -0.02688317373394966 0.06380569189786911 -1.0207841683040896e-07
v -0.028872746974229813 0.06273367255926132 -0.0033627352677285667
v -0.028872746974229813 0.06273367255926132 -0.0033627352677285667
v -0.02688317373394966 0.06380569189786911 -1.0207841683040896e-07
v -0.026668909937143326 0.06374423950910568 -0.003328470047563314
v -0.028872746974229813 0.06273367255926132 -0.0033627352677285667
v -0.026668909937143326 0.06374423950910568 -0.003328470047563314
v -0.026354249566793442 0.06344287842512131 -0.006558825727552175
v -0.026354249566793442 0.06344287842512131 -0.006558825727552175
v -0.026668909937143326 0.06374423950910568 -0.003328470047563314
v -0.02405787631869316 0.06423833221197128 -0.006489438470453023
v -0.026354249566793442 0.06344287842512131 -0.006558825727552175
v -0.02405787631869316 0.06423833221197128 -0.006489438470453023
v -0.02377515658736229 0.06372087448835373 -0.009605070576071737
v -0.02377515658736229 0.06372087448835373 -0.009605070576071737
v -0.02405787631869316 0.06423833221197128 -0.006489438470453023
v -0.019312206655740738 0.06535771489143372 -0.00636303937062621
v -0.02377515658736229 0.06372087448835373 -0.009605070576071737
v -0.019312206655740738 0.06535771489143372 -0.00636303937062621
v -0.01907547190785408 0.0649174377322197 -0.009430332109332083
v -0.01907547190785408 0.0649174377322197 -0.009430332109332083
v -0.019312206655740738 0.06535771489143372 -0.00636303937062621
v -0.014502961188554764 0.06603904813528061 -0.006270838435739278
v -0.01907547190785408 0.0649174377322197 -0.009430332109332083
v -0.014502961188554764 0.06603904813528061 -0.006270838435739278
v -0.01888616755604744 0.0642973855137825 -0.012432282790541647
v -0.01888616755604744 0.0642973855137825 -0.012432282790541647
v -0.014502961188554764 0.06603904813528061 -0.006270838435739278
v -0.01416897401213646 0.06510645151138306 -0.012272609397768973
v -0.01888616755604744 0.0642973855137825 -0.012432282790541647
v -0.01416897401213646 0.06510645151138306 -0.012272609397768973
v -0.01861478015780449 0.06258052587509155 -0.01827333681285381
v -0.01861478015780449 0.06258052587509155 -0.01827333681285381
v -0.01416897401213646 0.06510645151138306 -0.012272609397768973
v -0.01399325206875801 0.06359799951314926 -0.018060905858874318
v -0.01861478015780449 0.06258052587509155 -0.01827333681285381
v -0.01399325206875801 0.06359799951314926 -0.018060905858874318
v -0.018515173345804214 0.06151497736573219 -0.021129025146365162
v -0.018515173345804214 0.06151497736573219 -0.021129025146365162
v -0.01399325206875801 0.06359799951314926 -0.018060905858874318
v -0.013910677284002304 0.06159886717796326 -0.023692151531577107
v -0.018515173345804214 0.06151497736573219 -0.021129025146365162
v -0.013910677284002304 0.06159886717796326 -0.023692151531577107
v -0.018427927047014236 0.06033220887184143 -0.0239525344222784
v -0.018427927047014236 0.06033220887184143 -0.0239525344222784
v -0.013910677284002304 0.06159886717796326 -0.023692151531577107
v -0.01385609433054924 0.059194255620241165 -0.029222769662737843
v -0.018427927047014236 0.06033220887184143 -0.0239525344222784
v -0.01385609433054924 0.059194255620241165 -0.029222769662737843
v -0.01609475538134575 0.058532726019620895 -0.029365448281168934
v -0.01609475538134575 0.058532726019620895 -0.029365448281168934
v -0.01385609433054924 0.059194255620241165 -0.029222769662737843
v -0.013764362782239914 0.056469351053237915 -0.03470919653773307
v -0.01609475538134575 0.058532726019620895 -0.029365448281168934
v -0.013764362782239914 0.056469351053237915 -0.03470919653773307
v -0.0159463994204998 0.05571264028549194 -0.03488193824887275
v -0.0159463994204998 0.05571264028549194 -0.03488193824887275
v -0.013764362782239914 0.056469351053237915 -0.03470919653773307
v -0.013208989053964615 0.05039967596530914 -0.045775081962347024
v -0.0159463994204998 0.05571264028549194 -0.03488193824887275
v -0.013208989053964615 0.05039967596530914 -0.045775081962347024
v -0.013524789363145828 0.050285760313272476 -0.0458117127418518
v 0.03469999134540558 -2.8225338732923433e-11 -0.10096050798892973
v 0.03469999134540558 -2.8225338732923433e-11 -0.09396050870418547
v 0.03382999077439308 -0.007721476256847382 -0.09396050870418547
v 0.03382999077439308 -0.007721476256847382 -0.10096050798892973
v 0.03382999077439308 -0.007721476256847382 -0.10096050798892973
v 0.03382999077439308 -0.007721476256847382 -0.09396050870418547
v 0.03126361221075058 -0.015055768191814423 -0.09396050870418547
v 0.03126361221075058 -0.015055768191814423 -0.10096050798892973
v 0.03126361221075058 -0.015055768191814423 -0.10096050798892973
v 0.03126361221075058 -0.015055768191814423 -0.09396050870418547
v 0.02712954208254814 -0.021635092794895172 -0.09396050870418547
v 0.02712954208254814 -0.021635092794895172 -0.10096050798892973
v 0.02712954208254814 -0.021635092794895172 -0.10096050798892973
v 0.02712954208254814 -0.021635092794895172 -0.09396050870418547
v 0.021635089069604874 -0.027129553258419037 -0.09396050870418547
v 0.021635089069604874 -0.027129553258419037 -0.10096050798892973
v 0.021635089069604874 -0.027129553258419037 -0.10096050798892973
v 0.021635089069604874 -0.027129553258419037 -0.09396050870418547
v 0.015055757015943527 -0.03126361966133118 -0.09396050870418547
v 0.015055757015943527 -0.03126361966133118 -0.10096050798892973
v 0.015055757015943527 -0.03126361966133118 -0.10096050798892973
v 0.015055757015943527 -0.03126361966133118 -0.09396050870418547
v 0.007721468806266785 -0.03383000195026398 -0.09396050870418547
v 0.007721468806266785 -0.03383000195026398 -0.10096050798892973
v 0.007721468806266785 -0.03383000195026398 -0.10096050798892973
v 0.007721468806266785 -0.03383000195026398 -0.09396050870418547
v -1.1019478662888105e-08 -0.034699998795986176 -0.09396050870418547
v -1.1019478662888105e-08 -0.034699998795986176 -0.10096050798892973
v -1.1019478662888105e-08 -0.034699998795986176 -0.10096050798892973
v -1.1019478662888105e-08 -0.034699998795986176 -0.09396050870418547
v -0.007721487432718277 -0.03383000195026398 -0.09396050870418547
v -0.007721487432718277 -0.03383000195026398 -0.10096050798892973
v -0.007721487432718277 -0.03383000195026398 -0.10096050798892973
v -0.007721487432718277 -0.03383000195026398 -0.09396050870418547
v -0.015055771917104721 -0.03126361966133118 -0.09396050870418547
v -0.015055771917104721 -0.03126361966133118 -0.10096050798892973
v -0.015055771917104721 -0.03126361966133118 -0.10096050798892973
v -0.015055771917104721 -0.03126361966133118 -0.09396050870418547
v -0.021635103970766068 -0.027129553258419037 -0.09396050870418547
v -0.021635103970766068 -0.027129553258419037 -0.10096050798892973
v -0.021635103970766068 -0.027129553258419037 -0.10096050798892973
v -0.021635103970766068 -0.027129553258419037 -0.09396050870418547
v -0.027129564434289932 -0.021635092794895172 -0.09396050870418547
v -0.027129564434289932 -0.021635092794895172 -0.10096050798892973
v -0.027129564434289932 -0.021635092794895172 -0.10096050798892973
v -0.027129564434289932 -0.021635092794895172 -0.09396050870418547
v -0.03126363083720207 -0.015055768191814423 -0.09396050870418547
v -0.03126363083720207 -0.015055768191814423 -0.10096050798892973
v -0.03126363083720207 -0.015055768191814423 -0.10096050798892973
v -0.03126363083720207 -0.015055768191814423 -0.09396050870418547
v -0.033830005675554276 -0.007721476256847382 -0.09396050870418547
v -0.033830005675554276 -0.007721476256847382 -0.10096050798892973
v -0.033830005675554276 -0.007721476256847382 -0.10096050798892973
v -0.033830005675554276 -0.007721476256847382 -0.09396050870418547
v -0.03470000997185707 -2.8225338732923433e-11 -0.09396050870418547
v -0.03470000997185707 -2.8225338732923433e-11 -0.10096050798892973
v -0.030362654477357864 -0.004435934126377106 -0.014621881768107413
v -0.031135868281126022 -0.004435867071151733 -0.013944042846560476
v -0.029986891895532608 -0.004435598850250244 -0.01632720790803432
v -0.030362654477357864 -0.004435934126377106 -0.014621881768107413
v -0.029986891895532608 -0.004435598850250244 -0.01632720790803432
v -0.026347722858190536 -0.004435934126377106 -0.021011603996157643
v -0.032855067402124405 -0.004435934126377106 -0.007498954888433217
v -0.03370000049471855 -0.004435934126377106 2.2297137469706736e-09
v -0.03393438830971718 -0.004436559975147247 -0.0021413839422166343
v 0.03379266709089279 -0.004436515271663666 -0.003831928130239248
v 0.03385798633098602 -0.004436619579792023 -0.00316804414615035
v 0.0328550711274147 -0.004435934126377106 -0.007498954888433217
v -0.007643077522516251 -0.004435963928699493 -0.033227313309907906
v -0.007498953491449356 -0.004435934126377106 -0.0328550674021244
v -0.011035319417715073 -0.004436090588569641 -0.03235958144068717
v -0.011035319417715073 -0.004436090588569641 -0.03235958144068717
v -0.007498953491449356 -0.004435934126377106 -0.0328550674021244
v -0.014621879905462265 -0.004435934126377106 -0.030362648889422413
v -0.011035319417715073 -0.004436090588569641 -0.03235958144068717
v -0.014621879905462265 -0.004435934126377106 -0.030362648889422413
v -0.01447426900267601 -0.0044360533356666565 -0.03105705045163631
v -0.01447426900267601 -0.0044360533356666565 -0.03105705045163631
v -0.014621879905462265 -0.004435934126377106 -0.030362648889422413
v -0.017612922936677933 -0.004436060786247253 -0.02942370437085628
v -0.017612922936677933 -0.004436060786247253 -0.02942370437085628
v -0.014621879905462265 -0.004435934126377106 -0.030362648889422413
v -0.021011609584093094 -0.004435934126377106 -0.026347724720835682
v -0.017612922936677933 -0.004436060786247253 -0.02942370437085628
v -0.021011609584093094 -0.004435934126377106 -0.026347724720835682
v -0.02053781971335411 -0.0044358521699905396 -0.027450954541563984
v -0.029986891895532608 -0.004435598850250244 -0.01632720790803432
v -0.02798604592680931 -0.00443587452173233 -0.019608249887824055
v -0.026347722858190536 -0.004435934126377106 -0.021011603996157643
v -0.026347722858190536 -0.004435934126377106 -0.021011603996157643
v -0.02798604592680931 -0.00443587452173233 -0.019608249887824055
v -0.025788333266973495 -0.004435315728187561 -0.022473348304629322
v -0.026347722858190536 -0.004435934126377106 -0.021011603996157643
v -0.025788333266973495 -0.004435315728187561 -0.022473348304629322
v -0.021011609584093094 -0.004435934126377106 -0.026347724720835682
v -0.021011609584093094 -0.004435934126377106 -0.026347724720835682
v -0.025788333266973495 -0.004435315728187561 -0.022473348304629322
v -0.023265313357114792 -0.0044358521699905396 -0.02513685636222362
v -0.021011609584093094 -0.004435934126377106 -0.026347724720835682
v -0.023265313357114792 -0.0044358521699905396 -0.02513685636222362
v -0.02053781971335411 -0.0044358521699905396 -0.027450954541563984
v -0.03393438830971718 -0.004436559975147247 -0.0021413839422166343
v -0.033501457422971725 -0.004436001181602478 -0.005930764134973287
v -0.032855067402124405 -0.004435934126377106 -0.007498954888433217
v -0.032855067402124405 -0.004435934126377106 -0.007498954888433217
v -0.033501457422971725 -0.004436001181602478 -0.005930764134973287
v -0.03268919512629509 -0.004436060786247253 -0.009551553055644034
v -0.032855067402124405 -0.004435934126377106 -0.007498954888433217
v -0.03268919512629509 -0.004436060786247253 -0.009551553055644034
v -0.030362654477357864 -0.004435934126377106 -0.014621881768107413
v -0.030362654477357864 -0.004435934126377106 -0.014621881768107413
v -0.03268919512629509 -0.004436060786247253 -0.009551553055644034
v -0.03152891620993614 -0.004435934126377106 -0.012997170910239218
v -0.030362654477357864 -0.004435934126377106 -0.014621881768107413
v -0.03152891620993614 -0.004435934126377106 -0.012997170910239218
v -0.031135868281126022 -0.004435867071151733 -0.013944042846560476
v -3.5688980659642766e-09 -0.004435934126377106 0.03370000794529914
v -0.0046584345400333405 -0.004435934126377106 0.03367935493588447
v -0.007498953491449356 -0.004435934126377106 0.0328550674021244
v -0.011767987161874771 -0.004435934126377106 0.03189850226044654
v -0.014621879905462265 -0.004435934126377106 0.03036265261471271
v -0.018330711871385574 -0.004435934126377106 0.02863538451492786
v -0.021011609584093094 -0.004435934126377106 0.026347713544964787
v -0.024041634052991867 -0.004435934126377106 0.024041624739766117
v -0.026347722858190536 -0.004435934126377106 0.02101160772144794
v -0.028635386377573013 -0.004435934126377106 0.018330695107579228
v -0.030362654477357864 -0.004435934126377106 0.014621878042817114
v -0.031898509711027145 -0.004435934126377106 0.011767977848649023
v -0.032855067402124405 -0.004435934126377106 0.007498952094465493
v -0.033679354935884476 -0.004435934126377106 0.004658418241888284
v -0.03370000049471855 -0.004435934126377106 2.2297137469706736e-09
v -0.034000005573034286 -0.004435934126377106 2.2297137469706736e-09
v -0.03370000049471855 -0.004435934126377106 2.2297137469706736e-09
v -0.034000005573034286 -0.004435934126377106 2.2297137469706736e-09
v -0.03393438830971718 -0.004436559975147247 -0.0021413839422166343
v 0.0328550711274147 -0.004435934126377106 -0.007498954888433217
v 0.03385798633098602 -0.004436619579792023 -0.00316804414615035
v 0.03370000049471855 -0.004435934126377106 2.2297137469706736e-09
v 0.014621883630752563 -0.004435934126377106 -0.030362648889422413
v 0.015953760594129562 -0.004435963928699493 -0.030344387516379353
v 0.016216941177845 -0.0044359564781188965 -0.030207170173525807
v 0.0058228857815265656 -0.0044357553124427795 -0.033550318330526345
v 0.007498953491449356 -0.004435934126377106 -0.0328550674021244
v 0.002014253521338105 -0.004435747861862183 -0.033943023532629006
v 0.002014253521338105 -0.004435747861862183 -0.033943023532629006
v 0.007498953491449356 -0.004435934126377106 -0.0328550674021244
v -3.5688980659642766e-09 -0.004435934126377106 -0.033700000494718545
v 0.002014253521338105 -0.004435747861862183 -0.033943023532629006
v -3.5688980659642766e-09 -0.004435934126377106 -0.033700000494718545
v -2.592063985673576e-08 -0.004435934126377106 -0.03400017693638801
v 0.030790157616138458 -0.004435740411281586 -0.014714552089571951
v 0.0311356820166111 -0.0044358596205711365 -0.013944437727332113
v 0.030362650752067566 -0.004435934126377106 -0.014621881768107413
v 0.030362650752067566 -0.004435934126377106 -0.014621881768107413
v 0.0311356820166111 -0.0044358596205711365 -0.013944437727332113
v 0.031352706253528595 -0.004435919225215912 -0.013431867584586142
v 0.030790157616138458 -0.004435740411281586 -0.014714552089571951
v 0.030362650752067566 -0.004435934126377106 -0.014621881768107413
v 0.029071461409330368 -0.004435807466506958 -0.017934171482920643
v 0.029071461409330368 -0.004435807466506958 -0.017934171482920643
v 0.030362650752067566 -0.004435934126377106 -0.014621881768107413
v 0.026347719132900238 -0.004435934126377106 -0.021011603996157643
v 0.029071461409330368 -0.004435807466506958 -0.017934171482920643
v 0.026347719132900238 -0.004435934126377106 -0.021011603996157643
v 0.02702692523598671 -0.004435516893863678 -0.020931376144289967
v 0.02702692523598671 -0.004435516893863678 -0.020931376144289967
v 0.026347719132900238 -0.004435934126377106 -0.021011603996157643
v 0.024569913744926453 -0.0044358596205711365 -0.02383204363286495
v 0.024569913744926453 -0.0044358596205711365 -0.02383204363286495
v 0.026347719132900238 -0.004435934126377106 -0.021011603996157643
v 0.021011605858802795 -0.004435934126377106 -0.026347724720835682
v 0.024569913744926453 -0.0044358596205711365 -0.02383204363286495
v 0.021011605858802795 -0.004435934126377106 -0.026347724720835682
v 0.02182883769273758 -0.004435725510120392 -0.026419213041663166
v -0.006767947226762772 -0.004435934126377106 -0.03339427337050437
v -0.007498953491449356 -0.004435934126377106 -0.0328550674021244
v -0.006767947226762772 -0.004435934126377106 -0.03339427337050437
v -0.0037718748208135366 -0.004435278475284576 -0.03380674496293067
v -0.007498953491449356 -0.004435934126377106 -0.0328550674021244
v -0.0037718748208135366 -0.004435278475284576 -0.03380674496293067
v -3.5688980659642766e-09 -0.004435934126377106 -0.033700000494718545
v -3.5688980659642766e-09 -0.004435934126377106 -0.033700000494718545
v -0.0037718748208135366 -0.004435278475284576 -0.03380674496293067
v -0.0013845524517819285 -0.004435993731021881 -0.033973593264818185
v -3.5688980659642766e-09 -0.004435934126377106 -0.033700000494718545
v -0.0013845524517819285 -0.004435993731021881 -0.033973593264818185
v -2.592063985673576e-08 -0.004435934126377106 -0.03400017693638801
v 0.03385798633098602 -0.004436619579792023 -0.00316804414615035
v 0.033999986946582794 -0.004435934126377106 2.2297137469706736e-09
v 0.03370000049471855 -0.004435934126377106 2.2297137469706736e-09
v 0.03370000049471855 -0.004435934126377106 2.2297137469706736e-09
v 0.033999986946582794 -0.004435934126377106 2.2297137469706736e-09
v 0.03367934003472328 -0.004435934126377106 0.004658418241888284
v 0.0328550711274147 -0.004435934126377106 0.007498952094465493
v 0.031898487359285355 -0.004435934126377106 0.011767977848649023
v 0.030362650752067566 -0.004435934126377106 0.014621878042817114
v 0.02863537147641182 -0.004435934126377106 0.018330702558159825
v 0.026347719132900238 -0.004435934126377106 0.02101160772144794
v 0.024041615426540375 -0.004435934126377106 0.024041624739766117
v 0.021011605858802795 -0.004435934126377106 0.026347713544964787
v 0.018330689519643784 -0.004435934126377106 0.02863538451492786
v 0.014621883630752563 -0.004435934126377106 0.03036265261471271
v 0.01176796481013298 -0.004435934126377106 0.03189850226044654
v 0.007498953491449356 -0.004435934126377106 0.0328550674021244
v 0.004658404737710953 -0.004435934126377106 0.03367935493588447
v -1.1019478662888105e-08 -0.004435934126377106 0.03399999812245368
v 0.031352706253528595 -0.004435919225215912 -0.013431867584586142
v 0.03211376816034317 -0.004435986280441284 -0.011409750208258627
v 0.030362650752067566 -0.004435934126377106 -0.014621881768107413
v 0.030362650752067566 -0.004435934126377106 -0.014621881768107413
v 0.03211376816034317 -0.004435986280441284 -0.011409750208258627
v 0.0321800634264946 -0.004436001181602478 -0.011213114485144613
v 0.030362650752067566 -0.004435934126377106 -0.014621881768107413
v 0.0321800634264946 -0.004436001181602478 -0.011213114485144613
v 0.0328550711274147 -0.004435934126377106 -0.007498954888433217
v 0.03318207338452339 -0.00443597137928009 -0.0075730583630502215
v 0.0328550711274147 -0.004435934126377106 -0.007498954888433217
v 0.03318207338452339 -0.00443597137928009 -0.0075730583630502215
v 0.03379266709089279 -0.004436515271663666 -0.003831928130239248
v 0.0058228857815265656 -0.0044357553124427795 -0.033550318330526345
v 0.006959177553653717 -0.004435934126377106 -0.03335965052247047
v 0.007498953491449356 -0.004435934126377106 -0.0328550674021244
v 0.007498953491449356 -0.004435934126377106 -0.0328550674021244
v 0.006959177553653717 -0.004435934126377106 -0.03335965052247047
v 0.009368471801280975 -0.004436098039150238 -0.03283214941620826
v 0.007498953491449356 -0.004435934126377106 -0.0328550674021244
v 0.009368471801280975 -0.004436098039150238 -0.03283214941620826
v 0.014621883630752563 -0.004435934126377106 -0.030362648889422413
v 0.014621883630752563 -0.004435934126377106 -0.030362648889422413
v 0.009368471801280975 -0.004436098039150238 -0.03283214941620826
v 0.012718785554170609 -0.0044359490275382996 -0.03178053721785545
v 0.014621883630752563 -0.004435934126377106 -0.030362648889422413
v 0.012718785554170609 -0.0044359490275382996 -0.03178053721785545
v 0.015953760594129562 -0.004435963928699493 -0.030344387516379353
v 0.016508109867572784 -0.0044359490275382996 -0.030051557347178456
v 0.014621883630752563 -0.004435934126377106 -0.030362648889422413
v 0.016508109867572784 -0.0044359490275382996 -0.030051557347178456
v 0.018859323114156723 -0.004435934126377106 -0.028640782460570332
v 0.014621883630752563 -0.004435934126377106 -0.030362648889422413
v 0.018859323114156723 -0.004435934126377106 -0.028640782460570332
v 0.021011605858802795 -0.004435934126377106 -0.026347724720835682
v 0.021011605858802795 -0.004435934126377106 -0.026347724720835682
v 0.018859323114156723 -0.004435934126377106 -0.028640782460570332
v 0.019034743309020996 -0.004435926675796509 -0.02852392755448818
v 0.021011605858802795 -0.004435934126377106 -0.026347724720835682
v 0.019034743309020996 -0.004435926675796509 -0.02852392755448818
v 0.02182883769273758 -0.004435725510120392 -0.026419213041663166
v 0.004658404737710953 -0.004435934126377106 0.03367935493588447
v 0.004658404737710953 0.05538341403007507 0.03367935493588447
v -1.1019478662888105e-08 -0.004435934126377106 0.03399999812245368
v -1.1019478662888105e-08 -0.004435934126377106 0.03399999812245368
v 0.004658404737710953 0.05538341403007507 0.03367935493588447
v 0.0007140377420000732 0.05538341403007507 0.03399250283837318
v -1.1019478662888105e-08 -0.004435934126377106 0.03399999812245368
v 0.0007140377420000732 0.05538341403007507 0.03399250283837318
v -1.8470059259811933e-08 0.05538341403007507 0.03400007262825965
v 0.033999983221292496 0.04114975780248642 2.2297137469706736e-09
v 0.033999983221292496 0.04811232164502144 2.2297137469706736e-09
v 0.03367934003472328 0.05538341403007507 0.004658418241888284
v 0.033999983221292496 0.03863352909684181 2.2297137469706736e-09
v 0.033999986946582794 -0.004435934126377106 2.2297137469706736e-09
v 0.033999983221292496 0.004948388785123825 2.2297137469706736e-09
v 0.03367934003472328 -0.004435934126377106 0.004658418241888284
v 0.033999983221292496 0.006931640207767487 2.2297137469706736e-09
v 0.033999983221292496 0.01813366264104843 2.2297137469706736e-09
v 0.033999983221292496 0.0239437036216259 2.2297137469706736e-09
v 0.033999983221292496 0.02865750715136528 2.2297137469706736e-09
v 0.033999983221292496 0.04811232164502144 2.2297137469706736e-09
v 0.03400007262825966 0.05538341403007507 2.2297137469706736e-09
v 0.033965595066547394 0.05538341403007507 0.0015287868445739148
v 0.033965595066547394 0.05538341403007507 0.0015287868445739148
v 0.03395718336105347 0.05538341403007507 0.001705425209365785
v 0.033999983221292496 0.04811232164502144 2.2297137469706736e-09
v 0.033999983221292496 0.04811232164502144 2.2297137469706736e-09
v 0.03395718336105347 0.05538341403007507 0.001705425209365785
v 0.03379765897989273 0.05538341403007507 0.0037036635912954803
v 0.033999983221292496 0.04811232164502144 2.2297137469706736e-09
v 0.03379765897989273 0.05538341403007507 0.0037036635912954803
v 0.03367934003472328 0.05538341403007507 0.004658418241888284
v 0.03367934003472328 0.05538341403007507 0.004658418241888284
v 0.03332214057445526 0.05538341403007507 0.006755287293344735
v 0.03367934003472328 -0.004435934126377106 0.004658418241888284
v 0.03367934003472328 -0.004435934126377106 0.004658418241888284
v 0.03332214057445526 0.05538341403007507 0.006755287293344735
v 0.03318445757031441 0.05538341403007507 0.007402064744383096
v 0.03367934003472328 -0.004435934126377106 0.004658418241888284
v 0.03318445757031441 0.05538341403007507 0.007402064744383096
v 0.031898487359285355 -0.004435934126377106 0.011767977848649023
v 0.031898487359285355 -0.004435934126377106 0.011767977848649023
v 0.03318445757031441 0.05538341403007507 0.007402064744383096
v 0.032247040420770645 0.05538341403007507 0.01077623851597309
v 0.031898487359285355 -0.004435934126377106 0.011767977848649023
v 0.032247040420770645 0.05538341403007507 0.01077623851597309
v 0.031898487359285355 0.05538341403007507 0.011767977848649023
v 0.031898487359285355 0.05538341403007507 0.011767977848649023
v 0.03142635524272919 0.05538341403007507 0.012976253405213354
v 0.031898487359285355 -0.004435934126377106 0.011767977848649023
v 0.031898487359285355 -0.004435934126377106 0.011767977848649023
v 0.03142635524272919 0.05538341403007507 0.012976253405213354
v 0.031039301306009293 0.05538341403007507 0.013876626268029211
v 0.031898487359285355 -0.004435934126377106 0.011767977848649023
v 0.031039301306009293 0.05538341403007507 0.013876626268029211
v 0.02863537147641182 -0.004435934126377106 0.018330702558159825
v 0.031039301306009293 0.05538341403007507 0.013876626268029211
v 0.029594235122203827 0.05538341403007507 0.016738587990403172
v 0.02863537147641182 -0.004435934126377106 0.018330702558159825
v 0.02863537147641182 -0.004435934126377106 0.018330702558159825
v 0.029594235122203827 0.05538341403007507 0.016738587990403172
v 0.02863537147641182 0.05538341403007507 0.018330702558159825
v 0.02863537147641182 -0.004435934126377106 0.018330702558159825
v 0.02863537147641182 0.05538341403007507 0.018330702558159825
v 0.024041615426540375 -0.004435934126377106 0.024041624739766117
v 0.024041615426540375 -0.004435934126377106 0.024041624739766117
v 0.02863537147641182 0.05538341403007507 0.018330702558159825
v 0.026071026921272278 0.05538341403007507 0.021824317052960392
v 0.026071026921272278 0.05538341403007507 0.021824317052960392
v 0.024041615426540375 0.05538341403007507 0.024041624739766117
v 0.024041615426540375 -0.004435934126377106 0.024041624739766117
v 0.024041615426540375 -0.004435934126377106 0.024041624739766117
v 0.024041615426540375 0.05538341403007507 0.024041624739766117
v 0.02176440879702568 0.05538341403007507 0.026121066883206364
v 0.024041615426540375 -0.004435934126377106 0.024041624739766117
v 0.02176440879702568 0.05538341403007507 0.026121066883206364
v 0.018330689519643784 -0.004435934126377106 0.02863538451492786
v 0.018330689519643784 -0.004435934126377106 0.02863538451492786
v 0.02176440879702568 0.05538341403007507 0.026121066883206364
v 0.01932060718536377 0.05538341403007507 0.027977021411061283
v 0.018330689519643784 -0.004435934126377106 0.02863538451492786
v 0.01932060718536377 0.05538341403007507 0.027977021411061283
v 0.018330689519643784 0.05538341403007507 0.02863538451492786
v 0.018330689519643784 0.05538341403007507 0.02863538451492786
v 0.016675569117069244 0.05538341403007507 0.02962979860603809
v 0.018330689519643784 -0.004435934126377106 0.02863538451492786
v 0.018330689519643784 -0.004435934126377106 0.02863538451492786
v 0.016675569117069244 0.05538341403007507 0.02962979860603809
v 0.01381586492061615 0.05538341403007507 0.03106640465557575
v 0.018330689519643784 -0.004435934126377106 0.02863538451492786
v 0.01381586492061615 0.05538341403007507 0.03106640465557575
v 0.01176796481013298 -0.004435934126377106 0.03189850226044654
v 0.01176796481013298 -0.004435934126377106 0.03189850226044654
v 0.01381586492061615 0.05538341403007507 0.03106640465557575
v 0.012067671865224838 0.05538341403007507 0.031786326318979256
v 0.01176796481013298 -0.004435934126377106 0.03189850226044654
v 0.012067671865224838 0.05538341403007507 0.031786326318979256
v 0.01176796481013298 0.05538341403007507 0.03189850226044654
v 0.01176796481013298 0.05538341403007507 0.03189850226044654
v 0.01072043925523758 0.05538341403007507 0.032265651971101754
v 0.01176796481013298 -0.004435934126377106 0.03189850226044654
v 0.01176796481013298 -0.004435934126377106 0.03189850226044654
v 0.01072043925523758 0.05538341403007507 0.032265651971101754
v 0.007356952875852585 0.05538341403007507 0.033194500952959054
v 0.01176796481013298 -0.004435934126377106 0.03189850226044654
v 0.007356952875852585 0.05538341403007507 0.033194500952959054
v 0.004658404737710953 -0.004435934126377106 0.03367935493588447
v 0.004658404737710953 -0.004435934126377106 0.03367935493588447
v 0.007356952875852585 0.05538341403007507 0.033194500952959054
v 0.00590834766626358 0.05538341403007507 0.03348270431160926
v 0.004658404737710953 -0.004435934126377106 0.03367935493588447
v 0.00590834766626358 0.05538341403007507 0.03348270431160926
v 0.004658404737710953 0.05538341403007507 0.03367935493588447
v 0.014929644763469696 0.06158878654241562 0.02782507427036762
v 0.017391055822372437 0.061875514686107635 0.025985108688473698
v 0.01628243178129196 0.06301461905241013 0.024859698489308354
v 0.004477567970752716 0.06447699666023254 0.02590866573154926
v 0.001782287028618157 0.06395640224218369 0.027514772489666935
v 0.0032610672060400248 0.06318745762109756 0.029010327532887455
v 0.033965595066547394 0.05538341403007507 0.0015287868445739148
v 0.03395652025938034 0.05553373321890831 0.0017041586106643079
v 0.03395718336105347 0.05538341403007507 0.001705425209365785
v 0.02872277796268463 0.06298105418682098 -1.2443015862118043e-07
v 0.030351944267749786 0.06200741231441498 0.00018315984925720838
v 0.03077644109725952 0.06169659644365311 -8.71772556365613e-08
v 0.0263197161257267 0.06401779502630234 -9.462783623348513e-08
v 0.023216627538204193 0.06495211273431778 -6.482551384578982e-08
v 0.02747674658894539 0.06355462968349457 0.0015925712650641797
v 0.019278019666671753 0.06575261801481247 -7.972667503963747e-08
v 0.02057851105928421 0.06550122797489166 0.0032635577954351898
v 0.023216627538204193 0.06495211273431778 -6.482551384578982e-08
v 0.007956549525260925 0.06682155281305313 4.6933198660781266e-08
v 0.012735825031995773 0.0665033683180809 0.0039900937117636195
v 0.014320116490125656 0.06638530641794205 9.908725928653438e-08
v 7.265879844453593e-07 0.05725468695163727 0.033825460821390145
v -1.3767935058695002e-07 0.055818941444158554 0.03399113193154334
v 0.003464337671175599 0.057698361575603485 0.03357372060418128
v 0.0036142359022051096 0.05672439560294151 0.03373200073838233
v 0.003464337671175599 0.057698361575603485 0.03357372060418128
v 0.0007140377420000732 0.05538341403007507 0.03399250283837318
v 0.0007140377420000732 0.05538341403007507 0.03399250283837318
v 0.003464337671175599 0.057698361575603485 0.03357372060418128
v -1.3767935058695002e-07 0.055818941444158554 0.03399113193154334
v 0.0007140377420000732 0.05538341403007507 0.03399250283837318
v -1.3767935058695002e-07 0.055818941444158554 0.03399113193154334
v -1.8470059259811933e-08 0.05538341403007507 0.03400007262825965
v 1.0073922851461248e-07 0.06330504268407822 0.028922872617840763
v -3.5688980659642766e-09 0.06217542290687561 0.030686514452099797
v 0.00031362115987576544 0.06241469830274582 0.03036427684128284
v 0.00031362115987576544 0.06241469830274582 0.03036427684128284
v -3.5688980659642766e-09 0.06217542290687561 0.030686514452099797
v 1.6779445388692693e-07 0.060836099088191986 0.03210255876183509
v 4.858516433614568e-08 0.06597107648849487 0.019783632829785344
v 7.838748672384099e-08 0.06521126627922058 0.023683967068791386
v 0.00100320961792022 0.06549809128046036 0.022400753572583195
v 4.858516433614568e-08 0.06597107648849487 0.019783632829785344
v 0.00100320961792022 0.06549809128046036 0.022400753572583195
v 1.133226312788338e-08 0.06652042269706726 0.014989422634243963
v 1.133226312788338e-08 0.06652042269706726 0.014989422634243963
v 0.004178009927272797 0.06664429605007172 0.01263783313333988
v 1.8782843724807208e-08 0.06685487926006317 0.009168485179543493
v 1.8782843724807208e-08 0.06685487926006317 0.009168485179543493
v 0.004178009927272797 0.06664429605007172 0.01263783313333988
v 0.008566237986087799 0.06668315082788467 0.008423278108239172
v 1.8782843724807208e-08 0.06685487926006317 0.009168485179543493
v 0.008566237986087799 0.06668315082788467 0.008423278108239172
v 7.838748672384099e-08 0.06700009852647781 9.908725928653438e-08
v 0.02747674658894539 0.06355462968349457 0.0015925712650641797
v 0.023216627538204193 0.06495211273431778 -6.482551384578982e-08
v 0.02586343139410019 0.06411600112915039 0.004280651453882455
v 0.02586343139410019 0.06411600112915039 0.004280651453882455
v 0.023216627538204193 0.06495211273431778 -6.482551384578982e-08
v 0.02057851105928421 0.06550122797489166 0.0032635577954351898
v 0.02586343139410019 0.06411600112915039 0.004280651453882455
v 0.02057851105928421 0.06550122797489166 0.0032635577954351898
v 0.02413209155201912 0.06455934792757034 0.006850691977888345
v 0.030351944267749786 0.06200741231441498 0.00018315984925720838
v 0.02872277796268463 0.06298105418682098 -1.2443015862118043e-07
v 0.02897372469305992 0.06280387938022614 0.0031063281930983062
v 0.03158629685640335 0.06099403649568558 0.0014342911308631299
v 0.03222169727087021 0.06033702939748764 -7.227609444271364e-08
v 0.031149379909038544 0.061396971344947815 -7.227609444271364e-08
v 0.03386774659156799 0.05689754709601402 2.480988712250109e-07
v 0.033808957785367966 0.05718627944588661 1.5124132346500116e-07
v 0.03370596840977669 0.05753090977668762 0.001436831778846681
v 0.03370596840977669 0.05753090977668762 0.001436831778846681
v 0.033808957785367966 0.05718627944588661 1.5124132346500116e-07
v 0.033720411360263824 0.05754037946462631 3.948261806385744e-08
v 0.03332214057445526 0.05538341403007507 0.006755287293344735
v 0.033179301768541336 0.055770814418792725 0.007395798806101083
v 0.03318445757031441 0.05538341403007507 0.007402064744383096
v 0.03318445757031441 0.05538341403007507 0.007402064744383096
v 0.033179301768541336 0.055770814418792725 0.007395798806101083
v 0.03216029703617096 0.05692649632692337 0.010678181424736975
v 0.03318445757031441 0.05538341403007507 0.007402064744383096
v 0.03216029703617096 0.05692649632692337 0.010678181424736975
v 0.032247040420770645 0.05538341403007507 0.01077623851597309
v 0.02926528826355934 0.0583808571100235 0.016385952010750767
v 0.031035400927066803 0.05572855845093727 0.013871455565094946
v 0.03082996979355812 0.057770851999521255 0.013649241998791693
v 0.03082996979355812 0.057770851999521255 0.013649241998791693
v 0.031035400927066803 0.05572855845093727 0.013871455565094946
v 0.03142635524272919 0.05538341403007507 0.012976253405213354
v 0.03082996979355812 0.057770851999521255 0.013649241998791693
v 0.03142635524272919 0.05538341403007507 0.012976253405213354
v 0.03216029703617096 0.05692649632692337 0.010678181424736975
v 0.03216029703617096 0.05692649632692337 0.010678181424736975
v 0.03142635524272919 0.05538341403007507 0.012976253405213354
v 0.031898487359285355 0.05538341403007507 0.011767977848649023
v 0.03216029703617096 0.05692649632692337 0.010678181424736975
v 0.031898487359285355 0.05538341403007507 0.011767977848649023
v 0.032247040420770645 0.05538341403007507 0.01077623851597309
v 0.019244682043790817 0.05698595568537712 0.027889074757695195
v 0.02176440879702568 0.05538341403007507 0.026121066883206364
v 0.021661359816789627 0.05722794681787491 0.02600436098873615
v 0.021661359816789627 0.05722794681787491 0.02600436098873615
v 0.02176440879702568 0.05538341403007507 0.026121066883206364
v 0.024041615426540375 0.05538341403007507 0.024041624739766117
v 0.021661359816789627 0.05722794681787491 0.02600436098873615
v 0.024041615426540375 0.05538341403007507 0.024041624739766117
v 0.023901507258415222 0.05729340761899948 0.02394311316311359
v 0.023901507258415222 0.05729340761899948 0.02394311316311359
v 0.024041615426540375 0.05538341403007507 0.024041624739766117
v 0.026071026921272278 0.05538341403007507 0.021824317052960392
v 0.016675569117069244 0.05538341403007507 0.02962979860603809
v 0.018330689519643784 0.05538341403007507 0.02863538451492786
v 0.019244682043790817 0.05698595568537712 0.027889074757695195
v 0.019244682043790817 0.05698595568537712 0.027889074757695195
v 0.018330689519643784 0.05538341403007507 0.02863538451492786
v 0.01932060718536377 0.05538341403007507 0.027977021411061283
v 0.019244682043790817 0.05698595568537712 0.027889074757695195
v 0.01932060718536377 0.05538341403007507 0.027977021411061283
v 0.02176440879702568 0.05538341403007507 0.026121066883206364
v 0.012067671865224838 0.05538341403007507 0.031786326318979256
v 0.01381586492061615 0.05538341403007507 0.03106640465557575
v 0.013809286057949066 0.055899929255247116 0.03105645067989826
v 0.013809286057949066 0.055899929255247116 0.03105645067989826
v 0.01381586492061615 0.05538341403007507 0.03106640465557575
v 0.016675569117069244 0.05538341403007507 0.02962979860603809
v 0.013809286057949066 0.055899929255247116 0.03105645067989826
v 0.016675569117069244 0.05538341403007507 0.02962979860603809
v 0.016636908054351807 0.05655286833643913 0.029582681134343144
v 0.016636908054351807 0.05655286833643913 0.029582681134343144
v 0.016675569117069244 0.05538341403007507 0.02962979860603809
v 0.019244682043790817 0.05698595568537712 0.027889074757695195
v 0.00590834766626358 0.05538341403007507 0.03348270431160926
v 0.007356952875852585 0.05538341403007507 0.033194500952959054
v 0.007346581667661667 0.05603432655334473 0.033179748803377145
v 0.007346581667661667 0.05603432655334473 0.033179748803377145
v 0.007356952875852585 0.05538341403007507 0.033194500952959054
v 0.01072043925523758 0.05538341403007507 0.032265651971101754
v 0.007346581667661667 0.05603432655334473 0.033179748803377145
v 0.01072043925523758 0.05538341403007507 0.032265651971101754
v 0.010622940957546234 0.05713599920272827 0.03215471282601356
v 0.007956549525260925 0.06682155281305313 4.6933198660781266e-08
v 7.838748672384099e-08 0.06700009852647781 9.908725928653438e-08
v 0.012735825031995773 0.0665033683180809 0.0039900937117636195
v 0.012735825031995773 0.0665033683180809 0.0039900937117636195
v 7.838748672384099e-08 0.06700009852647781 9.908725928653438e-08
v 0.008566237986087799 0.06668315082788467 0.008423278108239172
v 0.012735825031995773 0.0665033683180809 0.0039900937117636195
v 0.008566237986087799 0.06668315082788467 0.008423278108239172
v 0.012589294463396072 0.06621075421571732 0.012479895725846289
v 0.012589294463396072 0.06621075421571732 0.012479895725846289
v 0.008566237986087799 0.06668315082788467 0.008423278108239172
v 0.004178009927272797 0.06664429605007172 0.01263783313333988
v 0.012589294463396072 0.06621075421571732 0.012479895725846289
v 0.004178009927272797 0.06664429605007172 0.01263783313333988
v 0.008188106119632721 0.06615893542766571 0.01668147929012775
v 0.008188106119632721 0.06615893542766571 0.01668147929012775
v 0.004178009927272797 0.06664429605007172 0.01263783313333988
v 1.133226312788338e-08 0.06652042269706726 0.014989422634243963
v 0.008188106119632721 0.06615893542766571 0.01668147929012775
v 1.133226312788338e-08 0.06652042269706726 0.014989422634243963
v 0.0034839848522096872 0.06580418348312378 0.020580137148499485
v 0.0034839848522096872 0.06580418348312378 0.020580137148499485
v 1.133226312788338e-08 0.06652042269706726 0.014989422634243963
v 0.00100320961792022 0.06549809128046036 0.022400753572583195
v 0.0034839848522096872 0.06580418348312378 0.020580137148499485
v 0.00100320961792022 0.06549809128046036 0.022400753572583195
v 0.004477567970752716 0.06447699666023254 0.02590866573154926
v 0.004477567970752716 0.06447699666023254 0.02590866573154926
v 0.00100320961792022 0.06549809128046036 0.022400753572583195
v 7.838748672384099e-08 0.06521126627922058 0.023683967068791386
v 0.004477567970752716 0.06447699666023254 0.02590866573154926
v 7.838748672384099e-08 0.06521126627922058 0.023683967068791386
v 0.001782287028618157 0.06395640224218369 0.027514772489666935
v 0.02413209155201912 0.06455934792757034 0.006850691977888345
v 0.02057851105928421 0.06550122797489166 0.0032635577954351898
v 0.020371485501527786 0.06514811515808105 0.011692868545651434
v 0.020371485501527786 0.06514811515808105 0.011692868545651434
v 0.02057851105928421 0.06550122797489166 0.0032635577954351898
v 0.016719818115234375 0.06599190086126328 0.00800764001905918
v 0.020371485501527786 0.06514811515808105 0.011692868545651434
v 0.016719818115234375 0.06599190086126328 0.00800764001905918
v 0.01626811921596527 0.06539411842823029 0.016192274168133732
v 0.02485889196395874 0.06289233267307281 0.016230607405304905
v 0.020787402987480164 0.06317021697759628 0.020761894062161442
v 0.024017054587602615 0.06197745352983475 0.01970693655312061
v 0.026876449584960938 0.06041443347930908 0.018281722441315647
v 0.02926528826355934 0.0583808571100235 0.016385952010750767
v 0.0286790169775486 0.06004231795668602 0.015782902017235752
v 0.0286790169775486 0.06004231795668602 0.015782902017235752
v 0.02926528826355934 0.0583808571100235 0.016385952010750767
v 0.03082996979355812 0.057770851999521255 0.013649241998791693
v 0.0286790169775486 0.06004231795668602 0.015782902017235752
v 0.03082996979355812 0.057770851999521255 0.013649241998791693
v 0.030317183583974838 0.05950579792261124 0.013119684532284735
v 0.030317183583974838 0.05950579792261124 0.013119684532284735
v 0.03082996979355812 0.057770851999521255 0.013649241998791693
v 0.03216029703617096 0.05692649632692337 0.010678181424736975
v 0.030317183583974838 0.05950579792261124 0.013119684532284735
v 0.03216029703617096 0.05692649632692337 0.010678181424736975
v 0.0317576639354229 0.05877159163355827 0.010258773341774939
v 0.0317576639354229 0.05877159163355827 0.010258773341774939
v 0.03216029703617096 0.05692649632692337 0.010678181424736975
v 0.033179301768541336 0.055770814418792725 0.007395798806101083
v 0.0317576639354229 0.05877159163355827 0.010258773341774939
v 0.033179301768541336 0.055770814418792725 0.007395798806101083
v 0.032941222190856934 0.05778046324849129 0.007140944246202706
v 0.032941222190856934 0.05778046324849129 0.007140944246202706
v 0.033179301768541336 0.055770814418792725 0.007395798806101083
v 0.03332214057445526 0.05538341403007507 0.006755287293344735
v 0.032941222190856934 0.05778046324849129 0.007140944246202706
v 0.03332214057445526 0.05538341403007507 0.006755287293344735
v 0.03375387191772461 0.05641842633485794 0.0036522024311125274
v 0.03375387191772461 0.05641842633485794 0.0036522024311125274
v 0.03332214057445526 0.05538341403007507 0.006755287293344735
v 0.03367934003472328 0.05538341403007507 0.004658418241888284
v 0.03375387191772461 0.05641842633485794 0.0036522024311125274
v 0.03367934003472328 0.05538341403007507 0.004658418241888284
v 0.03379765897989273 0.05538341403007507 0.0037036635912954803
v 0.03400007262825966 0.05538341403007507 2.2297137469706736e-09
v 0.03386774659156799 0.05689754709601402 2.480988712250109e-07
v 0.033965595066547394 0.05538341403007507 0.0015287868445739148
v 0.033965595066547394 0.05538341403007507 0.0015287868445739148
v 0.03386774659156799 0.05689754709601402 2.480988712250109e-07
v 0.03370596840977669 0.05753090977668762 0.001436831778846681
v 0.033965595066547394 0.05538341403007507 0.0015287868445739148
v 0.03370596840977669 0.05753090977668762 0.001436831778846681
v 0.03395652025938034 0.05553373321890831 0.0017041586106643079
v 0.03395652025938034 0.05553373321890831 0.0017041586106643079
v 0.03370596840977669 0.05753090977668762 0.001436831778846681
v 0.03375387191772461 0.05641842633485794 0.0036522024311125274
v 0.03395652025938034 0.05553373321890831 0.0017041586106643079
v 0.03375387191772461 0.05641842633485794 0.0036522024311125274
v 0.03395718336105347 0.05538341403007507 0.001705425209365785
v 0.03395718336105347 0.05538341403007507 0.001705425209365785
v 0.03375387191772461 0.05641842633485794 0.0036522024311125274
v 0.03379765897989273 0.05538341403007507 0.0037036635912954803
v 0.03322497755289078 0.05883071571588516 -7.972667503963747e-08
v 0.032730698585510254 0.05967063456773758 -9.462783623348513e-08
v 0.033061303198337555 0.059133972972631454 0.0007753841346129774
v 0.033061303198337555 0.059133972972631454 0.0007753841346129774
v 0.032730698585510254 0.05967063456773758 -9.462783623348513e-08
v 0.032611120492219925 0.059771131724119186 0.0024758973158895965
v 0.033061303198337555 0.059133972972631454 0.0007753841346129774
v 0.032611120492219925 0.059771131724119186 0.0024758973158895965
v 0.03336304798722267 0.05827533081173897 0.0032446035183966155
v 0.03336304798722267 0.05827533081173897 0.0032446035183966155
v 0.032611120492219925 0.059771131724119186 0.0024758973158895965
v 0.03146117925643921 0.06079587712883949 0.005627343896776437
v 0.03336304798722267 0.05827533081173897 0.0032446035183966155
v 0.03146117925643921 0.06079587712883949 0.005627343896776437
v 0.03235568851232529 0.059442661702632904 0.006538631860166787
v 0.03235568851232529 0.059442661702632904 0.006538631860166787
v 0.03146117925643921 0.06079587712883949 0.005627343896776437
v 0.030056960880756378 0.061566345393657684 0.008524509146809576
v 0.03235568851232529 0.059442661702632904 0.006538631860166787
v 0.030056960880756378 0.061566345393657684 0.008524509146809576
v 0.031045246869325638 0.06030690297484398 0.009529577568173407
v 0.031045246869325638 0.06030690297484398 0.009529577568173407
v 0.030056960880756378 0.061566345393657684 0.008524509146809576
v 0.02846577763557434 0.06214984878897667 0.011234717443585394
v 0.031045246869325638 0.06030690297484398 0.009529577568173407
v 0.02846577763557434 0.06214984878897667 0.011234717443585394
v 0.029518932104110718 0.06095527485013008 0.012304650619626043
v 0.029518932104110718 0.06095527485013008 0.012304650619626043
v 0.02846577763557434 0.06214984878897667 0.011234717443585394
v 0.026725787669420242 0.0625845417380333 0.013796115294098852
v 0.029518932104110718 0.06095527485013008 0.012304650619626043
v 0.026725787669420242 0.0625845417380333 0.013796115294098852
v 0.027823157608509064 0.06143418699502945 0.014910267665982245
v 0.027823157608509064 0.06143418699502945 0.014910267665982245
v 0.026725787669420242 0.0625845417380333 0.013796115294098852
v 0.02485889196395874 0.06289233267307281 0.016230607405304905
v 0.027823157608509064 0.06143418699502945 0.014910267665982245
v 0.02485889196395874 0.06289233267307281 0.016230607405304905
v 0.02598423883318901 0.06176995113492012 0.017372736707329747
v 0.02598423883318901 0.06176995113492012 0.017372736707329747
v 0.02485889196395874 0.06289233267307281 0.016230607405304905
v 0.024017054587602615 0.06197745352983475 0.01970693655312061
v 0.024017054587602615 0.06197745352983475 0.01970693655312061
v 0.026876449584960938 0.06041443347930908 0.018281722441315647
v 0.02598423883318901 0.06176995113492012 0.017372736707329747
v 0.02598423883318901 0.06176995113492012 0.017372736707329747
v 0.026876449584960938 0.06041443347930908 0.018281722441315647
v 0.0286790169775486 0.06004231795668602 0.015782902017235752
v 0.02598423883318901 0.06176995113492012 0.017372736707329747
v 0.0286790169775486 0.06004231795668602 0.015782902017235752
v 0.027823157608509064 0.06143418699502945 0.014910267665982245
v 0.027823157608509064 0.06143418699502945 0.014910267665982245
v 0.0286790169775486 0.06004231795668602 0.015782902017235752
v 0.030317183583974838 0.05950579792261124 0.013119684532284735
v 0.027823157608509064 0.06143418699502945 0.014910267665982245
v 0.030317183583974838 0.05950579792261124 0.013119684532284735
v 0.029518932104110718 0.06095527485013008 0.012304650619626043
v 0.029518932104110718 0.06095527485013008 0.012304650619626043
v 0.030317183583974838 0.05950579792261124 0.013119684532284735
v 0.0317576639354229 0.05877159163355827 0.010258773341774939
v 0.029518932104110718 0.06095527485013008 0.012304650619626043
v 0.0317576639354229 0.05877159163355827 0.010258773341774939
v 0.031045246869325638 0.06030690297484398 0.009529577568173407
v 0.031045246869325638 0.06030690297484398 0.009529577568173407
v 0.0317576639354229 0.05877159163355827 0.010258773341774939
v 0.032941222190856934 0.05778046324849129 0.007140944246202706
v 0.031045246869325638 0.06030690297484398 0.009529577568173407
v 0.032941222190856934 0.05778046324849129 0.007140944246202706
v 0.03235568851232529 0.059442661702632904 0.006538631860166787
v 0.03235568851232529 0.059442661702632904 0.006538631860166787
v 0.032941222190856934 0.05778046324849129 0.007140944246202706
v 0.03375387191772461 0.05641842633485794 0.0036522024311125274
v 0.03235568851232529 0.059442661702632904 0.006538631860166787
v 0.03375387191772461 0.05641842633485794 0.0036522024311125274
v 0.03336304798722267 0.05827533081173897 0.0032446035183966155
v 0.03336304798722267 0.05827533081173897 0.0032446035183966155
v 0.03375387191772461 0.05641842633485794 0.0036522024311125274
v 0.03370596840977669 0.05753090977668762 0.001436831778846681
v 0.03336304798722267 0.05827533081173897 0.0032446035183966155
v 0.03370596840977669 0.05753090977668762 0.001436831778846681
v 0.033061303198337555 0.059133972972631454 0.0007753841346129774
v 0.033061303198337555 0.059133972972631454 0.0007753841346129774
v 0.03370596840977669 0.05753090977668762 0.001436831778846681
v 0.033720411360263824 0.05754037946462631 3.948261806385744e-08
v 0.033061303198337555 0.059133972972631454 0.0007753841346129774
v 0.033720411360263824 0.05754037946462631 3.948261806385744e-08
v 0.03322497755289078 0.05883071571588516 -7.972667503963747e-08
v 0.025737740099430084 0.06391726434230804 0.008473122492432593
v 0.028835907578468323 0.0625930204987526 0.0072866776026785365
v 0.02742559090256691 0.06343042850494385 0.0058595859445631495
v 0.02742559090256691 0.06343042850494385 0.0058595859445631495
v 0.028835907578468323 0.0625930204987526 0.0072866776026785365
v 0.030315667390823364 0.06189809367060661 0.00446505332365632
v 0.02742559090256691 0.06343042850494385 0.0058595859445631495
v 0.030315667390823364 0.06189809367060661 0.00446505332365632
v 0.02897372469305992 0.06280387938022614 0.0031063281930983062
v 0.02897372469305992 0.06280387938022614 0.0031063281930983062
v 0.030315667390823364 0.06189809367060661 0.00446505332365632
v 0.03158629685640335 0.06099403649568558 0.0014342911308631299
v 0.02897372469305992 0.06280387938022614 0.0031063281930983062
v 0.03158629685640335 0.06099403649568558 0.0014342911308631299
v 0.030351944267749786 0.06200741231441498 0.00018315984925720838
v 0.030351944267749786 0.06200741231441498 0.00018315984925720838
v 0.03158629685640335 0.06099403649568558 0.0014342911308631299
v 0.031149379909038544 0.061396971344947815 -7.227609444271364e-08
v 0.030351944267749786 0.06200741231441498 0.00018315984925720838
v 0.031149379909038544 0.061396971344947815 -7.227609444271364e-08
v 0.03077644109725952 0.06169659644365311 -8.71772556365613e-08
v 0.0007140377420000732 0.05538341403007507 0.03399250283837318
v 0.004658404737710953 0.05538341403007507 0.03367935493588447
v 0.0036142359022051096 0.05672439560294151 0.03373200073838233
v 0.0036142359022051096 0.05672439560294151 0.03373200073838233
v 0.004658404737710953 0.05538341403007507 0.03367935493588447
v 0.0070996880531311035 0.05803516134619713 0.03291607275605201
v 0.0036142359022051096 0.05672439560294151 0.03373200073838233
v 0.0070996880531311035 0.05803516134619713 0.03291607275605201
v 0.003464337671175599 0.057698361575603485 0.03357372060418128
v 0.003464337671175599 0.057698361575603485 0.03357372060418128
v 0.0070996880531311035 0.05803516134619713 0.03291607275605201
v 0.0032245295587927103 0.05858241766691208 0.033325526863336556
v 0.003464337671175599 0.057698361575603485 0.03357372060418128
v 0.0032245295587927103 0.05858241766691208 0.033325526863336556
v 7.265879844453593e-07 0.05725468695163727 0.033825460821390145
v 7.265879844453593e-07 0.05725468695163727 0.033825460821390145
v 0.0032245295587927103 0.05858241766691208 0.033325526863336556
v 7.116868232515117e-07 0.057639122009277344 0.03374033048748969
v 0.004658404737710953 0.05538341403007507 0.03367935493588447
v 0.00590834766626358 0.05538341403007507 0.03348270431160926
v 0.0070996880531311035 0.05803516134619713 0.03291607275605201
v 0.0070996880531311035 0.05803516134619713 0.03291607275605201
v 0.00590834766626358 0.05538341403007507 0.03348270431160926
v 0.007346581667661667 0.05603432655334473 0.033179748803377145
v 0.0070996880531311035 0.05803516134619713 0.03291607275605201
v 0.007346581667661667 0.05603432655334473 0.033179748803377145
v 0.010225176811218262 0.058985963463783264 0.03174017742276191
v 0.010225176811218262 0.058985963463783264 0.03174017742276191
v 0.007346581667661667 0.05603432655334473 0.033179748803377145
v 0.010622940957546234 0.05713599920272827 0.03215471282601356
v 0.010225176811218262 0.058985963463783264 0.03174017742276191
v 0.010622940957546234 0.05713599920272827 0.03215471282601356
v 0.013095799833536148 0.05968190357089043 0.030309410765767094
v 0.013095799833536148 0.05968190357089043 0.030309410765767094
v 0.010622940957546234 0.05713599920272827 0.03215471282601356
v 0.013598185032606125 0.05793656036257744 0.030828567221760746
v 0.013095799833536148 0.05968190357089043 0.030309410765767094
v 0.013598185032606125 0.05793656036257744 0.030828567221760746
v 0.0157662034034729 0.06017762050032616 0.028678419068455693
v 0.0157662034034729 0.06017762050032616 0.028678419068455693
v 0.013598185032606125 0.05793656036257744 0.030828567221760746
v 0.01634172722697258 0.05850541591644287 0.029270725324749943
v 0.0157662034034729 0.06017762050032616 0.028678419068455693
v 0.01634172722697258 0.05850541591644287 0.029270725324749943
v 0.018269527703523636 0.06050625815987587 0.02688035555183887
v 0.018269527703523636 0.06050625815987587 0.02688035555183887
v 0.01634172722697258 0.05850541591644287 0.029270725324749943
v 0.018893931061029434 0.058882929384708405 0.027521537616848942
v 0.018269527703523636 0.06050625815987587 0.02688035555183887
v 0.018893931061029434 0.058882929384708405 0.027521537616848942
v 0.020625118166208267 0.06068716198205948 0.024934561923146244
v 0.020625118166208267 0.06068716198205948 0.024934561923146244
v 0.018893931061029434 0.058882929384708405 0.027521537616848942
v 0.021278467029333115 0.05909278243780136 0.025604682043194767
v 0.020625118166208267 0.06068716198205948 0.024934561923146244
v 0.021278467029333115 0.05909278243780136 0.025604682043194767
v 0.02284349873661995 0.06073085963726044 0.022851543501019474
v 0.02284349873661995 0.06073085963726044 0.022851543501019474
v 0.021278467029333115 0.05909278243780136 0.025604682043194767
v 0.023507799953222275 0.0591474287211895 0.02353263087570667
v 0.02284349873661995 0.06073085963726044 0.022851543501019474
v 0.023507799953222275 0.0591474287211895 0.02353263087570667
v 0.025586150586605072 0.059051092714071274 0.02130959369242191
v 0.025586150586605072 0.059051092714071274 0.02130959369242191
v 0.023507799953222275 0.0591474287211895 0.02353263087570667
v 0.025970056653022766 0.057187270373106 0.021710278466343876
v 0.025586150586605072 0.059051092714071274 0.02130959369242191
v 0.025970056653022766 0.057187270373106 0.021710278466343876
v 0.027861356735229492 0.05690388381481171 0.019300187006592747
v 0.027861356735229492 0.05690388381481171 0.019300187006592747
v 0.025970056653022766 0.057187270373106 0.021710278466343876
v 0.02863537147641182 0.05538341403007507 0.018330702558159825
v 0.027861356735229492 0.05690388381481171 0.019300187006592747
v 0.02863537147641182 0.05538341403007507 0.018330702558159825
v 0.029594235122203827 0.05538341403007507 0.016738587990403172
v 0.01072043925523758 0.05538341403007507 0.032265651971101754
v 0.01176796481013298 0.05538341403007507 0.03189850226044654
v 0.010622940957546234 0.05713599920272827 0.03215471282601356
v 0.010622940957546234 0.05713599920272827 0.03215471282601356
v 0.01176796481013298 0.05538341403007507 0.03189850226044654
v 0.012067671865224838 0.05538341403007507 0.031786326318979256
v 0.010622940957546234 0.05713599920272827 0.03215471282601356
v 0.012067671865224838 0.05538341403007507 0.031786326318979256
v 0.013598185032606125 0.05793656036257744 0.030828567221760746
v 0.013598185032606125 0.05793656036257744 0.030828567221760746
v 0.012067671865224838 0.05538341403007507 0.031786326318979256
v 0.013809286057949066 0.055899929255247116 0.03105645067989826
v 0.013598185032606125 0.05793656036257744 0.030828567221760746
v 0.013809286057949066 0.055899929255247116 0.03105645067989826
v 0.01634172722697258 0.05850541591644287 0.029270725324749943
v 0.01634172722697258 0.05850541591644287 0.029270725324749943
v 0.013809286057949066 0.055899929255247116 0.03105645067989826
v 0.016636908054351807 0.05655286833643913 0.029582681134343144
v 0.01634172722697258 0.05850541591644287 0.029270725324749943
v 0.016636908054351807 0.05655286833643913 0.029582681134343144
v 0.018893931061029434 0.058882929384708405 0.027521537616848942
v 0.018893931061029434 0.058882929384708405 0.027521537616848942
v 0.016636908054351807 0.05655286833643913 0.029582681134343144
v 0.019244682043790817 0.05698595568537712 0.027889074757695195
v 0.018893931061029434 0.058882929384708405 0.027521537616848942
v 0.019244682043790817 0.05698595568537712 0.027889074757695195
v 0.021278467029333115 0.05909278243780136 0.025604682043194767
v 0.021278467029333115 0.05909278243780136 0.025604682043194767
v 0.019244682043790817 0.05698595568537712 0.027889074757695195
v 0.021661359816789627 0.05722794681787491 0.02600436098873615
v 0.021278467029333115 0.05909278243780136 0.025604682043194767
v 0.021661359816789627 0.05722794681787491 0.02600436098873615
v 0.023507799953222275 0.0591474287211895 0.02353263087570667
v 0.023507799953222275 0.0591474287211895 0.02353263087570667
v 0.021661359816789627 0.05722794681787491 0.02600436098873615
v 0.023901507258415222 0.05729340761899948 0.02394311316311359
v 0.023507799953222275 0.0591474287211895 0.02353263087570667
v 0.023901507258415222 0.05729340761899948 0.02394311316311359
v 0.025970056653022766 0.057187270373106 0.021710278466343876
v 0.025970056653022766 0.057187270373106 0.021710278466343876
v 0.023901507258415222 0.05729340761899948 0.02394311316311359
v 0.026071026921272278 0.05538341403007507 0.021824317052960392
v 0.025970056653022766 0.057187270373106 0.021710278466343876
v 0.026071026921272278 0.05538341403007507 0.021824317052960392
v 0.02863537147641182 0.05538341403007507 0.018330702558159825
v 7.838748672384099e-08 0.06521126627922058 0.023683967068791386
v 1.8782843724807208e-08 0.06433290988206863 0.02660019882023334
v 0.001782287028618157 0.06395640224218369 0.027514772489666935
v 0.001782287028618157 0.06395640224218369 0.027514772489666935
v 1.8782843724807208e-08 0.06433290988206863 0.02660019882023334
v 1.0073922851461248e-07 0.06330504268407822 0.028922872617840763
v 0.001782287028618157 0.06395640224218369 0.027514772489666935
v 1.0073922851461248e-07 0.06330504268407822 0.028922872617840763
v 0.0032610672060400248 0.06318745762109756 0.029010327532887455
v 0.0032610672060400248 0.06318745762109756 0.029010327532887455
v 1.0073922851461248e-07 0.06330504268407822 0.028922872617840763
v 0.00031362115987576544 0.06241469830274582 0.03036427684128284
v 0.0032610672060400248 0.06318745762109756 0.029010327532887455
v 0.00031362115987576544 0.06241469830274582 0.03036427684128284
v 0.0015180670889094472 0.061371415853500366 0.03158550336956977
v 0.0015180670889094472 0.061371415853500366 0.03158550336956977
v 0.00031362115987576544 0.06241469830274582 0.03036427684128284
v 1.6779445388692693e-07 0.060836099088191986 0.03210255876183509
v 0.0015180670889094472 0.061371415853500366 0.03158550336956977
v 1.6779445388692693e-07 0.060836099088191986 0.03210255876183509
v 4.113458373922185e-08 0.059343546628952026 0.03310540691018104
v 0.01628243178129196 0.06301461905241013 0.024859698489308354
v 0.017391055822372437 0.061875514686107635 0.025985108688473698
v 0.020787402987480164 0.06317021697759628 0.020761894062161442
v 0.017391055822372437 0.061875514686107635 0.025985108688473698
v 0.01972104236483574 0.062030814588069916 0.024013699963688847
v 0.020787402987480164 0.06317021697759628 0.020761894062161442
v 0.020787402987480164 0.06317021697759628 0.020761894062161442
v 0.01972104236483574 0.062030814588069916 0.024013699963688847
v 0.021928630769252777 0.06206372007727623 0.021919908002018925
v 0.020787402987480164 0.06317021697759628 0.020761894062161442
v 0.021928630769252777 0.06206372007727623 0.021919908002018925
v 0.024017054587602615 0.06197745352983475 0.01970693655312061
v 0.024017054587602615 0.06197745352983475 0.01970693655312061
v 0.021928630769252777 0.06206372007727623 0.021919908002018925
v 0.024928271770477295 0.06064094603061676 0.02063493616878986
v 0.024017054587602615 0.06197745352983475 0.01970693655312061
v 0.024928271770477295 0.06064094603061676 0.02063493616878986
v 0.026876449584960938 0.06041443347930908 0.018281722441315647
v 0.026876449584960938 0.06041443347930908 0.018281722441315647
v 0.024928271770477295 0.06064094603061676 0.02063493616878986
v 0.027509257197380066 0.058799516409635544 0.01893130876123905
v 0.026876449584960938 0.06041443347930908 0.018281722441315647
v 0.027509257197380066 0.058799516409635544 0.01893130876123905
v 0.02926528826355934 0.0583808571100235 0.016385952010750767
v 0.02926528826355934 0.0583808571100235 0.016385952010750767
v 0.027509257197380066 0.058799516409635544 0.01893130876123905
v 0.029560044407844543 0.056427888572216034 0.01669749058783054
v 0.02926528826355934 0.0583808571100235 0.016385952010750767
v 0.029560044407844543 0.056427888572216034 0.01669749058783054
v 0.031035400927066803 0.05572855845093727 0.013871455565094946
v 0.031035400927066803 0.05572855845093727 0.013871455565094946
v 0.029560044407844543 0.056427888572216034 0.01669749058783054
v 0.031039301306009293 0.05538341403007507 0.013876626268029211
v 0.031035400927066803 0.05572855845093727 0.013871455565094946
v 0.031039301306009293 0.05538341403007507 0.013876626268029211
v 0.03142635524272919 0.05538341403007507 0.012976253405213354
v 0.01347961276769638 0.06470725685358047 0.022023322060704228
v 0.008628368377685547 0.06420538574457169 0.025774853304028508
v 0.010056853294372559 0.06338614225387573 0.027220116928219792
v 0.010056853294372559 0.06338614225387573 0.027220116928219792
v 0.008628368377685547 0.06420538574457169 0.025774853304028508
v 0.007400128990411758 0.06290410459041595 0.028864787891507145
v 0.010056853294372559 0.06338614225387573 0.027220116928219792
v 0.007400128990411758 0.06290410459041595 0.028864787891507145
v 0.008583664894104004 0.061839908361434937 0.030065091326832768
v 0.008583664894104004 0.061839908361434937 0.030065091326832768
v 0.007400128990411758 0.06290410459041595 0.028864787891507145
v 0.005674973130226135 0.06110590696334839 0.0314578004181385
v 0.008583664894104004 0.061839908361434937 0.030065091326832768
v 0.005674973130226135 0.06110590696334839 0.0314578004181385
v 0.006532691419124603 0.05971589311957359 0.03233228996396064
v 0.006532691419124603 0.05971589311957359 0.03233228996396064
v 0.009536534547805786 0.06054505333304405 0.031034754589200016
v 0.008583664894104004 0.061839908361434937 0.030065091326832768
v 0.008583664894104004 0.061839908361434937 0.030065091326832768
v 0.009536534547805786 0.06054505333304405 0.031034754589200016
v 0.011297643184661865 0.062379203736782074 0.02847768552601337
v 0.008583664894104004 0.061839908361434937 0.030065091326832768
v 0.011297643184661865 0.062379203736782074 0.02847768552601337
v 0.010056853294372559 0.06338614225387573 0.027220116928219792
v 0.010056853294372559 0.06338614225387573 0.027220116928219792
v 0.011297643184661865 0.062379203736782074 0.02847768552601337
v 0.01257360726594925 0.0637282058596611 0.025435479357838627
v 0.010056853294372559 0.06338614225387573 0.027220116928219792
v 0.01257360726594925 0.0637282058596611 0.025435479357838627
v 0.01347961276769638 0.06470725685358047 0.022023322060704228
v 0.009536534547805786 0.06054505333304405 0.031034754589200016
v 0.012320466339588165 0.06115429848432541 0.02951729483902454
v 0.011297643184661865 0.062379203736782074 0.02847768552601337
v 0.011297643184661865 0.062379203736782074 0.02847768552601337
v 0.012320466339588165 0.06115429848432541 0.02951729483902454
v 0.013856388628482819 0.0627632588148117 0.02673503942787647
v 0.011297643184661865 0.062379203736782074 0.02847768552601337
v 0.013856388628482819 0.0627632588148117 0.02673503942787647
v 0.01257360726594925 0.0637282058596611 0.025435479357838627
v 0.01257360726594925 0.0637282058596611 0.025435479357838627
v 0.013856388628482819 0.0627632588148117 0.02673503942787647
v 0.01496976986527443 0.06394968181848526 0.023530261591076847
v 0.01257360726594925 0.0637282058596611 0.025435479357838627
v 0.01496976986527443 0.06394968181848526 0.023530261591076847
v 0.01347961276769638 0.06470725685358047 0.022023322060704228
v 0.01347961276769638 0.06470725685358047 0.022023322060704228
v 0.01496976986527443 0.06394968181848526 0.023530261591076847
v 0.019446056336164474 0.06407660245895386 0.01940377242863178
v 0.01347961276769638 0.06470725685358047 0.022023322060704228
v 0.019446056336164474 0.06407660245895386 0.01940377242863178
v 0.017931140959262848 0.0648094117641449 0.01787207461893558
v 0.017931140959262848 0.0648094117641449 0.01787207461893558
v 0.019446056336164474 0.06407660245895386 0.01940377242863178
v 0.023529179394245148 0.06381034851074219 0.014884116128087042
v 0.017931140959262848 0.0648094117641449 0.01787207461893558
v 0.023529179394245148 0.06381034851074219 0.014884116128087042
v 0.022024180740118027 0.06455308198928833 0.013362342491745947
v 0.022024180740118027 0.06455308198928833 0.013362342491745947
v 0.023529179394245148 0.06381034851074219 0.014884116128087042
v 0.025418255478143692 0.06352473795413971 0.01247180439531803
v 0.022024180740118027 0.06455308198928833 0.013362342491745947
v 0.025418255478143692 0.06352473795413971 0.01247180439531803
v 0.025737740099430084 0.06391726434230804 0.008473122492432593
v 0.025737740099430084 0.06391726434230804 0.008473122492432593
v 0.025418255478143692 0.06352473795413971 0.01247180439531803
v 0.02719331532716751 0.0631251111626625 0.009945476427674292
v 0.025737740099430084 0.06391726434230804 0.008473122492432593
v 0.02719331532716751 0.0631251111626625 0.009945476427674292
v 0.028835907578468323 0.0625930204987526 0.0072866776026785365
v 0.012320466339588165 0.06115429848432541 0.02951729483902454
v 0.014929644763469696 0.06158878654241562 0.02782507427036762
v 0.013856388628482819 0.0627632588148117 0.02673503942787647
v 0.013856388628482819 0.0627632588148117 0.02673503942787647
v 0.014929644763469696 0.06158878654241562 0.02782507427036762
v 0.01628243178129196 0.06301461905241013 0.024859698489308354
v 0.013856388628482819 0.0627632588148117 0.02673503942787647
v 0.01628243178129196 0.06301461905241013 0.024859698489308354
v 0.01496976986527443 0.06394968181848526 0.023530261591076847
v 0.01496976986527443 0.06394968181848526 0.023530261591076847
v 0.01628243178129196 0.06301461905241013 0.024859698489308354
v 0.020787402987480164 0.06317021697759628 0.020761894062161442
v 0.01496976986527443 0.06394968181848526 0.023530261591076847
v 0.020787402987480164 0.06317021697759628 0.020761894062161442
v 0.019446056336164474 0.06407660245895386 0.01940377242863178
v 0.019446056336164474 0.06407660245895386 0.01940377242863178
v 0.020787402987480164 0.06317021697759628 0.020761894062161442
v 0.02485889196395874 0.06289233267307281 0.016230607405304905
v 0.019446056336164474 0.06407660245895386 0.01940377242863178
v 0.02485889196395874 0.06289233267307281 0.016230607405304905
v 0.023529179394245148 0.06381034851074219 0.014884116128087042
v 0.023529179394245148 0.06381034851074219 0.014884116128087042
v 0.02485889196395874 0.06289233267307281 0.016230607405304905
v 0.026725787669420242 0.0625845417380333 0.013796115294098852
v 0.023529179394245148 0.06381034851074219 0.014884116128087042
v 0.026725787669420242 0.0625845417380333 0.013796115294098852
v 0.025418255478143692 0.06352473795413971 0.01247180439531803
v 0.025418255478143692 0.06352473795413971 0.01247180439531803
v 0.026725787669420242 0.0625845417380333 0.013796115294098852
v 0.02846577763557434 0.06214984878897667 0.011234717443585394
v 0.025418255478143692 0.06352473795413971 0.01247180439531803
v 0.02846577763557434 0.06214984878897667 0.011234717443585394
v 0.02719331532716751 0.0631251111626625 0.009945476427674292
v 0.02719331532716751 0.0631251111626625 0.009945476427674292
v 0.02846577763557434 0.06214984878897667 0.011234717443585394
v 0.030056960880756378 0.061566345393657684 0.008524509146809576
v 0.02719331532716751 0.0631251111626625 0.009945476427674292
v 0.030056960880756378 0.061566345393657684 0.008524509146809576
v 0.028835907578468323 0.0625930204987526 0.0072866776026785365
v 0.028835907578468323 0.0625930204987526 0.0072866776026785365
v 0.030056960880756378 0.061566345393657684 0.008524509146809576
v 0.03146117925643921 0.06079587712883949 0.005627343896776437
v 0.028835907578468323 0.0625930204987526 0.0072866776026785365
v 0.03146117925643921 0.06079587712883949 0.005627343896776437
v 0.030315667390823364 0.06189809367060661 0.00446505332365632
v 0.030315667390823364 0.06189809367060661 0.00446505332365632
v 0.03146117925643921 0.06079587712883949 0.005627343896776437
v 0.032611120492219925 0.059771131724119186 0.0024758973158895965
v 0.030315667390823364 0.06189809367060661 0.00446505332365632
v 0.032611120492219925 0.059771131724119186 0.0024758973158895965
v 0.03158629685640335 0.06099403649568558 0.0014342911308631299
v 0.03158629685640335 0.06099403649568558 0.0014342911308631299
v 0.032611120492219925 0.059771131724119186 0.0024758973158895965
v 0.032730698585510254 0.05967063456773758 -9.462783623348513e-08
v 0.03158629685640335 0.06099403649568558 0.0014342911308631299
v 0.032730698585510254 0.05967063456773758 -9.462783623348513e-08
v 0.03222169727087021 0.06033702939748764 -7.227609444271364e-08
v 0.019278019666671753 0.06575261801481247 -7.972667503963747e-08
v 0.014320116490125656 0.06638530641794205 9.908725928653438e-08
v 0.02057851105928421 0.06550122797489166 0.0032635577954351898
v 0.02057851105928421 0.06550122797489166 0.0032635577954351898
v 0.014320116490125656 0.06638530641794205 9.908725928653438e-08
v 0.012735825031995773 0.0665033683180809 0.0039900937117636195
v 0.02057851105928421 0.06550122797489166 0.0032635577954351898
v 0.012735825031995773 0.0665033683180809 0.0039900937117636195
v 0.016719818115234375 0.06599190086126328 0.00800764001905918
v 0.016719818115234375 0.06599190086126328 0.00800764001905918
v 0.012735825031995773 0.0665033683180809 0.0039900937117636195
v 0.012589294463396072 0.06621075421571732 0.012479895725846289
v 0.016719818115234375 0.06599190086126328 0.00800764001905918
v 0.012589294463396072 0.06621075421571732 0.012479895725846289
v 0.01626811921596527 0.06539411842823029 0.016192274168133732
v 0.01626811921596527 0.06539411842823029 0.016192274168133732
v 0.012589294463396072 0.06621075421571732 0.012479895725846289
v 0.008188106119632721 0.06615893542766571 0.01668147929012775
v 0.01626811921596527 0.06539411842823029 0.016192274168133732
v 0.008188106119632721 0.06615893542766571 0.01668147929012775
v 0.011837415397167206 0.06531278789043427 0.02036434598267078
v 0.011837415397167206 0.06531278789043427 0.02036434598267078
v 0.008188106119632721 0.06615893542766571 0.01668147929012775
v 0.0034839848522096872 0.06580418348312378 0.020580137148499485
v 0.011837415397167206 0.06531278789043427 0.02036434598267078
v 0.0034839848522096872 0.06580418348312378 0.020580137148499485
v 0.007040433585643768 0.06486517935991287 0.024170147255063053
v 0.007040433585643768 0.06486517935991287 0.024170147255063053
v 0.0034839848522096872 0.06580418348312378 0.020580137148499485
v 0.004477567970752716 0.06447699666023254 0.02590866573154926
v 0.007040433585643768 0.06486517935991287 0.024170147255063053
v 0.004477567970752716 0.06447699666023254 0.02590866573154926
v 0.006020832806825638 0.0637725368142128 0.027468713000416752
v 0.006020832806825638 0.0637725368142128 0.027468713000416752
v 0.004477567970752716 0.06447699666023254 0.02590866573154926
v 0.0032610672060400248 0.06318745762109756 0.029010327532887455
v 0.006020832806825638 0.0637725368142128 0.027468713000416752
v 0.0032610672060400248 0.06318745762109756 0.029010327532887455
v 0.004570219665765762 0.06224887818098068 0.030336262658238407
v 0.004570219665765762 0.06224887818098068 0.030336262658238407
v 0.0032610672060400248 0.06318745762109756 0.029010327532887455
v 0.0015180670889094472 0.061371415853500366 0.03158550336956977
v 0.004570219665765762 0.06224887818098068 0.030336262658238407
v 0.0015180670889094472 0.061371415853500366 0.03158550336956977
v 0.002504613483324647 0.06011022999882698 0.03258882835507392
v 0.002504613483324647 0.06011022999882698 0.03258882835507392
v 0.0015180670889094472 0.061371415853500366 0.03158550336956977
v 4.113458373922185e-08 0.059343546628952026 0.03310540691018104
v 0.002504613483324647 0.06011022999882698 0.03258882835507392
v 4.113458373922185e-08 0.059343546628952026 0.03310540691018104
v 7.116868232515117e-07 0.057639122009277344 0.03374033048748969
v 0.005674973130226135 0.06110590696334839 0.0314578004181385
v 0.0032245295587927103 0.05858241766691208 0.033325526863336556
v 0.006532691419124603 0.05971589311957359 0.03233228996396064
v 0.006532691419124603 0.05971589311957359 0.03233228996396064
v 0.0032245295587927103 0.05858241766691208 0.033325526863336556
v 0.0070996880531311035 0.05803516134619713 0.03291607275605201
v 0.006532691419124603 0.05971589311957359 0.03233228996396064
v 0.0070996880531311035 0.05803516134619713 0.03291607275605201
v 0.009536534547805786 0.06054505333304405 0.031034754589200016
v 0.009536534547805786 0.06054505333304405 0.031034754589200016
v 0.0070996880531311035 0.05803516134619713 0.03291607275605201
v 0.010225176811218262 0.058985963463783264 0.03174017742276191
v 0.009536534547805786 0.06054505333304405 0.031034754589200016
v 0.010225176811218262 0.058985963463783264 0.03174017742276191
v 0.012320466339588165 0.06115429848432541 0.02951729483902454
v 0.012320466339588165 0.06115429848432541 0.02951729483902454
v 0.010225176811218262 0.058985963463783264 0.03174017742276191
v 0.013095799833536148 0.05968190357089043 0.030309410765767094
v 0.012320466339588165 0.06115429848432541 0.02951729483902454
v 0.013095799833536148 0.05968190357089043 0.030309410765767094
v 0.014929644763469696 0.06158878654241562 0.02782507427036762
v 0.014929644763469696 0.06158878654241562 0.02782507427036762
v 0.013095799833536148 0.05968190357089043 0.030309410765767094
v 0.0157662034034729 0.06017762050032616 0.028678419068455693
v 0.014929644763469696 0.06158878654241562 0.02782507427036762
v 0.0157662034034729 0.06017762050032616 0.028678419068455693
v 0.017391055822372437 0.061875514686107635 0.025985108688473698
v 0.017391055822372437 0.061875514686107635 0.025985108688473698
v 0.0157662034034729 0.06017762050032616 0.028678419068455693
v 0.018269527703523636 0.06050625815987587 0.02688035555183887
v 0.017391055822372437 0.061875514686107635 0.025985108688473698
v 0.018269527703523636 0.06050625815987587 0.02688035555183887
v 0.01972104236483574 0.062030814588069916 0.024013699963688847
v 0.01972104236483574 0.062030814588069916 0.024013699963688847
v 0.018269527703523636 0.06050625815987587 0.02688035555183887
v 0.020625118166208267 0.06068716198205948 0.024934561923146244
v 0.01972104236483574 0.062030814588069916 0.024013699963688847
v 0.020625118166208267 0.06068716198205948 0.024934561923146244
v 0.021928630769252777 0.06206372007727623 0.021919908002018925
v 0.021928630769252777 0.06206372007727623 0.021919908002018925
v 0.020625118166208267 0.06068716198205948 0.024934561923146244
v 0.02284349873661995 0.06073085963726044 0.022851543501019474
v 0.021928630769252777 0.06206372007727623 0.021919908002018925
v 0.02284349873661995 0.06073085963726044 0.022851543501019474
v 0.024928271770477295 0.06064094603061676 0.02063493616878986
v 0.024928271770477295 0.06064094603061676 0.02063493616878986
v 0.02284349873661995 0.06073085963726044 0.022851543501019474
v 0.025586150586605072 0.059051092714071274 0.02130959369242191
v 0.024928271770477295 0.06064094603061676 0.02063493616878986
v 0.025586150586605072 0.059051092714071274 0.02130959369242191
v 0.027509257197380066 0.058799516409635544 0.01893130876123905
v 0.027509257197380066 0.058799516409635544 0.01893130876123905
v 0.025586150586605072 0.059051092714071274 0.02130959369242191
v 0.027861356735229492 0.05690388381481171 0.019300187006592747
v 0.027509257197380066 0.058799516409635544 0.01893130876123905
v 0.027861356735229492 0.05690388381481171 0.019300187006592747
v 0.029560044407844543 0.056427888572216034 0.01669749058783054
v 0.029560044407844543 0.056427888572216034 0.01669749058783054
v 0.027861356735229492 0.05690388381481171 0.019300187006592747
v 0.029594235122203827 0.05538341403007507 0.016738587990403172
v 0.029560044407844543 0.056427888572216034 0.01669749058783054
v 0.029594235122203827 0.05538341403007507 0.016738587990403172
v 0.031039301306009293 0.05538341403007507 0.013876626268029211
v 7.116868232515117e-07 0.057639122009277344 0.03374033048748969
v 0.0032245295587927103 0.05858241766691208 0.033325526863336556
v 0.002504613483324647 0.06011022999882698 0.03258882835507392
v 0.002504613483324647 0.06011022999882698 0.03258882835507392
v 0.0032245295587927103 0.05858241766691208 0.033325526863336556
v 0.005674973130226135 0.06110590696334839 0.0314578004181385
v 0.002504613483324647 0.06011022999882698 0.03258882835507392
v 0.005674973130226135 0.06110590696334839 0.0314578004181385
v 0.004570219665765762 0.06224887818098068 0.030336262658238407
v 0.004570219665765762 0.06224887818098068 0.030336262658238407
v 0.005674973130226135 0.06110590696334839 0.0314578004181385
v 0.007400128990411758 0.06290410459041595 0.028864787891507145
v 0.004570219665765762 0.06224887818098068 0.030336262658238407
v 0.007400128990411758 0.06290410459041595 0.028864787891507145
v 0.006020832806825638 0.0637725368142128 0.027468713000416752
v 0.006020832806825638 0.0637725368142128 0.027468713000416752
v 0.007400128990411758 0.06290410459041595 0.028864787891507145
v 0.008628368377685547 0.06420538574457169 0.025774853304028508
v 0.006020832806825638 0.0637725368142128 0.027468713000416752
v 0.008628368377685547 0.06420538574457169 0.025774853304028508
v 0.007040433585643768 0.06486517935991287 0.024170147255063053
v 0.007040433585643768 0.06486517935991287 0.024170147255063053
v 0.008628368377685547 0.06420538574457169 0.025774853304028508
v 0.01347961276769638 0.06470725685358047 0.022023322060704228
v 0.007040433585643768 0.06486517935991287 0.024170147255063053
v 0.01347961276769638 0.06470725685358047 0.022023322060704228
v 0.011837415397167206 0.06531278789043427 0.02036434598267078
v 0.011837415397167206 0.06531278789043427 0.02036434598267078
v 0.01347961276769638 0.06470725685358047 0.022023322060704228
v 0.017931140959262848 0.0648094117641449 0.01787207461893558
v 0.011837415397167206 0.06531278789043427 0.02036434598267078
v 0.017931140959262848 0.0648094117641449 0.01787207461893558
v 0.01626811921596527 0.06539411842823029 0.016192274168133732
v 0.01626811921596527 0.06539411842823029 0.016192274168133732
v 0.017931140959262848 0.0648094117641449 0.01787207461893558
v 0.022024180740118027 0.06455308198928833 0.013362342491745947
v 0.01626811921596527 0.06539411842823029 0.016192274168133732
v 0.022024180740118027 0.06455308198928833 0.013362342491745947
v 0.020371485501527786 0.06514811515808105 0.011692868545651434
v 0.020371485501527786 0.06514811515808105 0.011692868545651434
v 0.022024180740118027 0.06455308198928833 0.013362342491745947
v 0.025737740099430084 0.06391726434230804 0.008473122492432593
v 0.020371485501527786 0.06514811515808105 0.011692868545651434
v 0.025737740099430084 0.06391726434230804 0.008473122492432593
v 0.02413209155201912 0.06455934792757034 0.006850691977888345
v 0.02413209155201912 0.06455934792757034 0.006850691977888345
v 0.025737740099430084 0.06391726434230804 0.008473122492432593
v 0.02742559090256691 0.06343042850494385 0.0058595859445631495
v 0.02413209155201912 0.06455934792757034 0.006850691977888345
v 0.02742559090256691 0.06343042850494385 0.0058595859445631495
v 0.02586343139410019 0.06411600112915039 0.004280651453882455
v 0.02586343139410019 0.06411600112915039 0.004280651453882455
v 0.02742559090256691 0.06343042850494385 0.0058595859445631495
v 0.02897372469305992 0.06280387938022614 0.0031063281930983062
v 0.02586343139410019 0.06411600112915039 0.004280651453882455
v 0.02897372469305992 0.06280387938022614 0.0031063281930983062
v 0.02747674658894539 0.06355462968349457 0.0015925712650641797
v 0.02747674658894539 0.06355462968349457 0.0015925712650641797
v 0.02897372469305992 0.06280387938022614 0.0031063281930983062
v 0.02872277796268463 0.06298105418682098 -1.2443015862118043e-07
v 0.02747674658894539 0.06355462968349457 0.0015925712650641797
v 0.02872277796268463 0.06298105418682098 -1.2443015862118043e-07
v 0.0263197161257267 0.06401779502630234 -9.462783623348513e-08
v -0.033322159200906754 0.05538341403007507 0.0067552649416029445
v -0.033679354935884476 0.05538341403007507 0.004658418241888284
v -0.033679354935884476 -0.004435934126377106 0.004658418241888284
v -0.03399999812245369 0.004948388785123825 2.2297137469706736e-09
v -0.034000005573034286 -0.004435934126377106 2.2297137469706736e-09
v -0.033679354935884476 -0.004435934126377106 0.004658418241888284
v -0.033797722309827805 0.05538341403007507 0.0037032687105238433
v -0.033957209438085556 0.05538341403007507 0.0017052314942702649
v -0.03399999812245369 0.04811232164502144 2.2297137469706736e-09
v -0.03399999812245369 0.04811232164502144 2.2297137469706736e-09
v -0.033957209438085556 0.05538341403007507 0.0017052314942702649
v -0.033965613692998886 0.05538341403007507 0.001528757042251527
v -0.03399999812245369 0.04811232164502144 2.2297137469706736e-09
v -0.033965613692998886 0.05538341403007507 0.001528757042251527
v -0.03400008752942085 0.05538341403007507 2.2297137469706736e-09
v -0.03399999812245369 0.006931640207767487 2.2297137469706736e-09
v -0.033797722309827805 0.05538341403007507 0.0037032687105238433
v -0.03399999812245369 0.04811232164502144 2.2297137469706736e-09
v -0.033679354935884476 0.05538341403007507 0.004658418241888284
v -0.033679354935884476 0.05538341403007507 0.004658418241888284
v -0.03399999812245369 0.04811232164502144 2.2297137469706736e-09
v -0.03399999812245369 0.04114975780248642 2.2297137469706736e-09
v -0.03399999812245369 0.03863352909684181 2.2297137469706736e-09
v -0.03399999812245369 0.02865750715136528 2.2297137469706736e-09
v -0.03399999812245369 0.0239437036216259 2.2297137469706736e-09
v -0.03399999812245369 0.01813366264104843 2.2297137469706736e-09
v -1.1019478662888105e-08 -0.004435934126377106 0.03399999812245368
v -1.8470059259811933e-08 0.05538341403007507 0.03400007262825965
v -0.0036797483917325735 0.05538341403007507 0.033800292760133736
v -0.03142637386918068 0.05538341403007507 0.012976253405213354
v -0.031898509711027145 0.05538341403007507 0.011767977848649023
v -0.031898509711027145 -0.004435934126377106 0.011767977848649023
v -0.031898509711027145 -0.004435934126377106 0.011767977848649023
v -0.031898509711027145 0.05538341403007507 0.011767977848649023
v -0.03224741294980049 0.05538341403007507 0.01077517308294773
v -0.031898509711027145 -0.004435934126377106 0.011767977848649023
v -0.03224741294980049 0.05538341403007507 0.01077517308294773
v -0.033679354935884476 -0.004435934126377106 0.004658418241888284
v -0.033679354935884476 -0.004435934126377106 0.004658418241888284
v -0.03224741294980049 0.05538341403007507 0.01077517308294773
v -0.03318464383482933 0.05538341403007507 0.00740130478516221
v -0.033679354935884476 -0.004435934126377106 0.004658418241888284
v -0.03318464383482933 0.05538341403007507 0.00740130478516221
v -0.033322159200906754 0.05538341403007507 0.0067552649416029445
v -0.028635386377573013 -0.004435934126377106 0.018330695107579228
v -0.028635386377573013 0.05538341403007507 0.018330695107579228
v -0.029595118016004562 0.05538341403007507 0.016737060621380802
v -0.028635386377573013 -0.004435934126377106 0.018330695107579228
v -0.029595118016004562 0.05538341403007507 0.016737060621380802
v -0.031898509711027145 -0.004435934126377106 0.011767977848649023
v -0.031898509711027145 -0.004435934126377106 0.011767977848649023
v -0.029595118016004562 0.05538341403007507 0.016737060621380802
v -0.031039904803037643 0.05538341403007507 0.013875307515263556
v -0.031898509711027145 -0.004435934126377106 0.011767977848649023
v -0.031039904803037643 0.05538341403007507 0.013875307515263556
v -0.03142637386918068 0.05538341403007507 0.012976253405213354
v -0.028635386377573013 0.05538341403007507 0.018330695107579228
v -0.028635386377573013 -0.004435934126377106 0.018330695107579228
v -0.02607257291674614 0.05538341403007507 0.02182248421013355
v -0.02607257291674614 0.05538341403007507 0.02182248421013355
v -0.028635386377573013 -0.004435934126377106 0.018330695107579228
v -0.024041634052991867 -0.004435934126377106 0.024041624739766117
v -0.02607257291674614 0.05538341403007507 0.02182248421013355
v -0.024041634052991867 -0.004435934126377106 0.024041624739766117
v -0.024041634052991867 0.05538341403007507 0.024041624739766117
v -0.018330711871385574 -0.004435934126377106 0.02863538451492786
v -0.019323471933603287 0.05538341403007507 0.027975054457783696
v -0.024041634052991867 -0.004435934126377106 0.024041624739766117
v -0.024041634052991867 -0.004435934126377106 0.024041624739766117
v -0.019323471933603287 0.05538341403007507 0.027975054457783696
v -0.0217667855322361 0.05538341403007507 0.026119099929928776
v -0.024041634052991867 -0.004435934126377106 0.024041624739766117
v -0.0217667855322361 0.05538341403007507 0.026119099929928776
v -0.024041634052991867 0.05538341403007507 0.024041624739766117
v -0.012067671865224838 0.05538341403007507 0.03178634122014045
v -0.01381988450884819 0.05538341403007507 0.031064616516232487
v -0.011767987161874771 -0.004435934126377106 0.03189850226044654
v -0.011767987161874771 -0.004435934126377106 0.03189850226044654
v -0.01381988450884819 0.05538341403007507 0.031064616516232487
v -0.016678977757692337 0.05538341403007507 0.029627891257405278
v -0.011767987161874771 -0.004435934126377106 0.03189850226044654
v -0.016678977757692337 0.05538341403007507 0.029627891257405278
v -0.018330711871385574 -0.004435934126377106 0.02863538451492786
v -0.018330711871385574 -0.004435934126377106 0.02863538451492786
v -0.016678977757692337 0.05538341403007507 0.029627891257405278
v -0.018330711871385574 0.05538341403007507 0.02863538451492786
v -0.018330711871385574 -0.004435934126377106 0.02863538451492786
v -0.018330711871385574 0.05538341403007507 0.02863538451492786
v -0.019323471933603287 0.05538341403007507 0.027975054457783696
v -1.1019478662888105e-08 -0.004435934126377106 0.03399999812245368
v -0.0036797483917325735 0.05538341403007507 0.033800292760133736
v -0.0046584345400333405 -0.004435934126377106 0.03367935493588447
v -0.0046584345400333405 -0.004435934126377106 0.03367935493588447
v -0.0036797483917325735 0.05538341403007507 0.033800292760133736
v -0.0046584345400333405 0.05538341403007507 0.03367935493588447
v -0.0046584345400333405 -0.004435934126377106 0.03367935493588447
v -0.0046584345400333405 0.05538341403007507 0.03367935493588447
v -0.005908336490392685 0.05538341403007507 0.03348270431160926
v -0.005908336490392685 0.05538341403007507 0.03348270431160926
v -0.007362496107816696 0.05538341403007507 0.03319327905774116
v -0.0046584345400333405 -0.004435934126377106 0.03367935493588447
v -0.0046584345400333405 -0.004435934126377106 0.03367935493588447
v -0.007362496107816696 0.05538341403007507 0.03319327905774116
v -0.01072515919804573 0.05538341403007507 0.0322640873491764
v -0.0046584345400333405 -0.004435934126377106 0.03367935493588447
v -0.01072515919804573 0.05538341403007507 0.0322640873491764
v -0.011767987161874771 -0.004435934126377106 0.03189850226044654
v -0.011767987161874771 -0.004435934126377106 0.03189850226044654
v -0.01072515919804573 0.05538341403007507 0.0322640873491764
v -0.011767987161874771 0.05538341403007507 0.03189850226044654
v -0.011767987161874771 -0.004435934126377106 0.03189850226044654
v -0.011767987161874771 0.05538341403007507 0.03189850226044654
v -0.012067671865224838 0.05538341403007507 0.03178634122014045
v -0.025863971561193466 0.06411585211753845 0.004279757384210824
v -0.027477066963911057 0.06355451047420502 0.001591952866874635
v -0.028974037617444992 0.0628037378191948 0.0031056948937475677
v 1.0073922851461248e-07 0.06330504268407822 0.028922872617840763
v -0.00031876922002993524 0.0624161958694458 0.030362160876393315
v -3.5688980659642766e-09 0.06217542290687561 0.030686514452099797
v 1.8782843724807208e-08 0.06685487926006317 0.009168485179543493
v -0.004180487245321274 0.06664439290761948 0.012635471299290655
v 1.133226312788338e-08 0.06652042269706726 0.014989422634243963
v -0.031089026480913162 0.0614473819732666 -7.227609444271364e-08
v -0.030352067202329636 0.06200733780860901 0.00018283202371094373
v -0.029310863465070724 0.06266260892152786 -1.2443015862118043e-07
v -0.033957209438085556 0.05538341403007507 0.0017052314942702649
v -0.03395654633641243 0.05553365498781204 0.0017039723461493848
v -0.033965613692998886 0.05538341403007507 0.001528757042251527
v -0.03318464383482933 0.05538341403007507 0.00740130478516221
v -0.033179495483636856 0.05577053129673004 0.0073950537480413905
v -0.033322159200906754 0.05538341403007507 0.0067552649416029445
v -0.031039904803037643 0.05538341403007507 0.013875307515263556
v -0.03103601559996605 0.05572819337248802 0.013870151713490484
v -0.03142637386918068 0.05538341403007507 0.012976253405213354
v -0.0016876942245289683 0.05588140711188316 0.033948648720979684
v -1.8470059259811933e-08 0.05538341403007507 0.03400007262825965
v -1.3767935058695002e-07 0.055818941444158554 0.03399113193154334
v -1.8470059259811933e-08 0.05538341403007507 0.03400007262825965
v -0.0016876942245289683 0.05588140711188316 0.033948648720979684
v -0.0036797483917325735 0.05538341403007507 0.033800292760133736
v -0.005908336490392685 0.05538341403007507 0.03348270431160926
v -0.007352042943239212 0.05603636056184769 0.03317842260003089
v -0.007362496107816696 0.05538341403007507 0.03319327905774116
v -0.007362496107816696 0.05538341403007507 0.03319327905774116
v -0.007352042943239212 0.05603636056184769 0.03317842260003089
v -0.010627496987581253 0.057137373834848404 0.03215296939015388
v -0.007362496107816696 0.05538341403007507 0.03319327905774116
v -0.010627496987581253 0.057137373834848404 0.03215296939015388
v -0.01072515919804573 0.05538341403007507 0.0322640873491764
v -0.012067671865224838 0.05538341403007507 0.03178634122014045
v -0.013813275843858719 0.055900976061820984 0.03105463273823261
v -0.01381988450884819 0.05538341403007507 0.031064616516232487
v -0.01381988450884819 0.05538341403007507 0.031064616516232487
v -0.013813275843858719 0.055900976061820984 0.03105463273823261
v -0.016640271991491318 0.05655353143811226 0.029580714181065556
v -0.01381988450884819 0.05538341403007507 0.031064616516232487
v -0.016640271991491318 0.05655353143811226 0.029580714181065556
v -0.016678977757692337 0.05538341403007507 0.029627891257405278
v -0.016678977757692337 0.05538341403007507 0.029627891257405278
v -0.016640271991491318 0.05655353143811226 0.029580714181065556
v -0.018330711871385574 0.05538341403007507 0.02863538451492786
v -0.018330711871385574 0.05538341403007507 0.02863538451492786
v -0.016640271991491318 0.05655353143811226 0.029580714181065556
v -0.01924751326441765 0.056986331939697266 0.027887063100934025
v -0.018330711871385574 0.05538341403007507 0.02863538451492786
v -0.01924751326441765 0.056986331939697266 0.027887063100934025
v -0.019323471933603287 0.05538341403007507 0.027975054457783696
v -0.019323471933603287 0.05538341403007507 0.027975054457783696
v -0.01924751326441765 0.056986331939697266 0.027887063100934025
v -0.021663721650838852 0.057228103280067444 0.026002364233136174
v -0.019323471933603287 0.05538341403007507 0.027975054457783696
v -0.021663721650838852 0.057228103280067444 0.026002364233136174
v -0.0217667855322361 0.05538341403007507 0.026119099929928776
v -0.0217667855322361 0.05538341403007507 0.026119099929928776
v -0.021663721650838852 0.057228103280067444 0.026002364233136174
v -0.02390344813466072 0.05729339271783829 0.023941190913319584
v -0.0217667855322361 0.05538341403007507 0.026119099929928776
v -0.02390344813466072 0.05729339271783829 0.023941190913319584
v -0.024041634052991867 0.05538341403007507 0.024041624739766117
v -0.031898509711027145 0.05538341403007507 0.011767977848649023
v -0.03142637386918068 0.05538341403007507 0.012976253405213354
v -0.03083062544465065 0.05777054280042648 0.01364799030125141
v -0.033679354935884476 0.05538341403007507 0.004658418241888284
v -0.033322159200906754 0.05538341403007507 0.0067552649416029445
v -0.03294145688414574 0.057780224829912186 0.007140236441045999
v -0.03400008752942085 0.05538341403007507 2.2297137469706736e-09
v -0.033965613692998886 0.05538341403007507 0.001528757042251527
v -0.033868398517370224 0.056894078850746155 2.5554945182193473e-07
v -0.033868398517370224 0.056894078850746155 2.5554945182193473e-07
v -0.033965613692998886 0.05538341403007507 0.001528757042251527
v -0.03370600566267967 0.05753085017204285 0.0014366529649123547
v -0.033868398517370224 0.056894078850746155 2.5554945182193473e-07
v -0.03370600566267967 0.05753085017204285 0.0014366529649123547
v -0.03302653506398201 0.05906246230006218 0.0028992393054068084
v -0.03271469846367836 0.059694044291973114 -9.462783623348513e-08
v -0.03324577584862709 0.05878888815641403 -7.972667503963747e-08
v -0.03261122480034828 0.05977102741599083 0.002475547138601541
v -0.03261122480034828 0.05977102741599083 0.002475547138601541
v -0.03324577584862709 0.05878888815641403 -7.972667503963747e-08
v -0.033716630190610886 0.05755407363176346 3.203203746693361e-08
v -0.03261122480034828 0.05977102741599083 0.002475547138601541
v -0.033716630190610886 0.05755407363176346 3.203203746693361e-08
v -0.03302653506398201 0.05906246230006218 0.0028992393054068084
v -0.03302653506398201 0.05906246230006218 0.0028992393054068084
v -0.033716630190610886 0.05755407363176346 3.203203746693361e-08
v -0.03382823243737221 0.05709785968065262 1.8104364585269647e-07
v -0.03302653506398201 0.05906246230006218 0.0028992393054068084
v -0.03382823243737221 0.05709785968065262 1.8104364585269647e-07
v -0.033868398517370224 0.056894078850746155 2.5554945182193473e-07
v -0.027477066963911057 0.06355451047420502 0.001591952866874635
v -0.025863971561193466 0.06411585211753845 0.004279757384210824
v -0.023680564016103745 0.0648331418633461 -7.227609444271364e-08
v -0.023680564016103745 0.0648331418633461 -7.227609444271364e-08
v -0.025863971561193466 0.06411585211753845 0.004279757384210824
v -0.020579304546117783 0.06550109386444092 0.0032624327577650543
v -0.023680564016103745 0.0648331418633461 -7.227609444271364e-08
v -0.020579304546117783 0.06550109386444092 0.0032624327577650543
v -0.019518669694662094 0.06571273505687714 -7.972667503963747e-08
v -0.019518669694662094 0.06571273505687714 -7.972667503963747e-08
v -0.020579304546117783 0.06550109386444092 0.0032624327577650543
v -0.014154132455587387 0.06640125811100006 1.065378398834582e-07
v -0.014154132455587387 0.06640125811100006 1.065378398834582e-07
v -0.020579304546117783 0.06550109386444092 0.0032624327577650543
v -0.012737136334180832 0.06650327891111374 0.003988514188677072
v -0.014154132455587387 0.06640125811100006 1.065378398834582e-07
v -0.012737136334180832 0.06650327891111374 0.003988514188677072
v -0.007195722311735153 0.06685351580381393 -5.220866849953153e-09
v -0.007195722311735153 0.06685351580381393 -5.220866849953153e-09
v -0.012737136334180832 0.06650327891111374 0.003988514188677072
v -0.008568104356527328 0.06668312102556229 0.008421281352639197
v -0.007195722311735153 0.06685351580381393 -5.220866849953153e-09
v -0.008568104356527328 0.06668312102556229 0.008421281352639197
v 7.838748672384099e-08 0.06700009852647781 9.908725928653438e-08
v -0.008190620690584183 0.06615905463695526 0.016679162159562107
v -0.0034872328396886587 0.06580454856157303 0.02057758159935474
v 1.133226312788338e-08 0.06652042269706726 0.014989422634243963
v 1.133226312788338e-08 0.06652042269706726 0.014989422634243963
v -0.0034872328396886587 0.06580454856157303 0.02057758159935474
v 4.858516433614568e-08 0.06597107648849487 0.019783632829785344
v 4.858516433614568e-08 0.06597107648849487 0.019783632829785344
v -0.0034872328396886587 0.06580454856157303 0.02057758159935474
v -0.0010068676201626658 0.06549862027168274 0.022398116067051884
v 4.858516433614568e-08 0.06597107648849487 0.019783632829785344
v -0.0010068676201626658 0.06549862027168274 0.022398116067051884
v 7.838748672384099e-08 0.06521126627922058 0.023683967068791386
v -0.001786623033694923 0.0639573484659195 0.027512328699231144
v 1.8782843724807208e-08 0.06433290988206863 0.02660019882023334
v 7.838748672384099e-08 0.06521126627922058 0.023683967068791386
v -0.00031876922002993524 0.0624161958694458 0.030362160876393315
v 1.0073922851461248e-07 0.06330504268407822 0.028922872617840763
v -0.00326554081402719 0.06318852305412292 0.02900801785290241
v -1.3767935058695002e-07 0.055818941444158554 0.03399113193154334
v 7.265879844453593e-07 0.05725468695163727 0.033825460821390145
v -0.001419339212588966 0.057860784232616425 0.03366351500153541
v -0.001419339212588966 0.057860784232616425 0.03366351500153541
v 7.265879844453593e-07 0.05725468695163727 0.033825460821390145
v 7.116868232515117e-07 0.057639122009277344 0.03374033048748969
v -0.033957209438085556 0.05538341403007507 0.0017052314942702649
v -0.033797722309827805 0.05538341403007507 0.0037032687105238433
v -0.03395654633641243 0.05553365498781204 0.0017039723461493848
v -0.03395654633641243 0.05553365498781204 0.0017039723461493848
v -0.033797722309827805 0.05538341403007507 0.0037032687105238433
v -0.03375394269824028 0.056418273597955704 0.0036518224515020843
v -0.03395654633641243 0.05553365498781204 0.0017039723461493848
v -0.03375394269824028 0.056418273597955704 0.0036518224515020843
v -0.033363137394189835 0.05827520415186882 0.0032442384399473663
v -0.033363137394189835 0.05827520415186882 0.0032442384399473663
v -0.03375394269824028 0.056418273597955704 0.0036518224515020843
v -0.03235595300793648 0.05944245681166649 0.006537953857332467
v -0.03224741294980049 0.05538341403007507 0.01077517308294773
v -0.031898509711027145 0.05538341403007507 0.011767977848649023
v -0.03216070309281349 0.056926179677248 0.010677160695195196
v -0.03216070309281349 0.056926179677248 0.010677160695195196
v -0.031898509711027145 0.05538341403007507 0.011767977848649023
v -0.03083062544465065 0.05777054280042648 0.01364799030125141
v -0.03216070309281349 0.056926179677248 0.010677160695195196
v -0.03083062544465065 0.05777054280042648 0.01364799030125141
v -0.03031788393855095 0.05950552970170975 0.01311846263706684
v -0.03031788393855095 0.05950552970170975 0.01311846263706684
v -0.03083062544465065 0.05777054280042648 0.01364799030125141
v -0.0286799855530262 0.06004207581281662 0.015781471505761143
v -0.03031788393855095 0.05950552970170975 0.01311846263706684
v -0.0286799855530262 0.06004207581281662 0.015781471505761143
v -0.027824152261018753 0.06143397465348244 0.01490885205566883
v -0.027824152261018753 0.06143397465348244 0.01490885205566883
v -0.0286799855530262 0.06004207581281662 0.015781471505761143
v -0.02598552033305168 0.06176978349685669 0.01737112738192081
v -0.027824152261018753 0.06143397465348244 0.01490885205566883
v -0.02598552033305168 0.06176978349685669 0.01737112738192081
v -0.02486017718911171 0.06289217621088028 0.016229005530476567
v -0.02486017718911171 0.06289217621088028 0.016229005530476567
v -0.02598552033305168 0.06176978349685669 0.01737112738192081
v -0.02078932151198387 0.06317020207643509 0.020759949460625645
v -0.03142637386918068 0.05538341403007507 0.012976253405213354
v -0.03103601559996605 0.05572819337248802 0.013870151713490484
v -0.03083062544465065 0.05777054280042648 0.01364799030125141
v -0.03083062544465065 0.05777054280042648 0.01364799030125141
v -0.03103601559996605 0.05572819337248802 0.013870151713490484
v -0.029266227036714554 0.05838058143854141 0.016384484246373173
v -0.03083062544465065 0.05777054280042648 0.01364799030125141
v -0.029266227036714554 0.05838058143854141 0.016384484246373173
v -0.0286799855530262 0.06004207581281662 0.015781471505761143
v -0.0286799855530262 0.06004207581281662 0.015781471505761143
v -0.029266227036714554 0.05838058143854141 0.016384484246373173
v -0.026877712458372116 0.06041424348950386 0.018280098214745518
v -0.0286799855530262 0.06004207581281662 0.015781471505761143
v -0.026877712458372116 0.06041424348950386 0.018280098214745518
v -0.02598552033305168 0.06176978349685669 0.01737112738192081
v -0.02598552033305168 0.06176978349685669 0.01737112738192081
v -0.026877712458372116 0.06041424348950386 0.018280098214745518
v -0.024018649011850357 0.06197734922170639 0.019705155864357945
v -0.02598552033305168 0.06176978349685669 0.01737112738192081
v -0.024018649011850357 0.06197734922170639 0.019705155864357945
v -0.02078932151198387 0.06317020207643509 0.020759949460625645
v -0.033322159200906754 0.05538341403007507 0.0067552649416029445
v -0.033179495483636856 0.05577053129673004 0.0073950537480413905
v -0.03294145688414574 0.057780224829912186 0.007140236441045999
v -0.03294145688414574 0.057780224829912186 0.007140236441045999
v -0.033179495483636856 0.05577053129673004 0.0073950537480413905
v -0.03175811097025871 0.058771323412656784 0.010257789865136145
v -0.03294145688414574 0.057780224829912186 0.007140236441045999
v -0.03175811097025871 0.058771323412656784 0.010257789865136145
v -0.03104572370648384 0.060306668281555176 0.009528623893857
v -0.03104572370648384 0.060306668281555176 0.009528623893857
v -0.03175811097025871 0.058771323412656784 0.010257789865136145
v -0.029519658535718918 0.06095504015684128 0.012303458526730536
v -0.03104572370648384 0.060306668281555176 0.009528623893857
v -0.029519658535718918 0.06095504015684128 0.012303458526730536
v -0.028466518968343735 0.06214963644742966 0.01123354025185108
v -0.028466518968343735 0.06214963644742966 0.01123354025185108
v -0.029519658535718918 0.06095504015684128 0.012303458526730536
v -0.026726793497800827 0.06258434802293777 0.01379471458494663
v -0.028466518968343735 0.06214963644742966 0.01123354025185108
v -0.026726793497800827 0.06258434802293777 0.01379471458494663
v -0.023530472069978714 0.06381020694971085 0.0148825217038393
v -0.023530472069978714 0.06381020694971085 0.0148825217038393
v -0.0271940715610981 0.06312492489814758 0.009944314137101172
v -0.028466518968343735 0.06214963644742966 0.01123354025185108
v -0.028466518968343735 0.06214963644742966 0.01123354025185108
v -0.0271940715610981 0.06312492489814758 0.009944314137101172
v -0.030057456344366074 0.06156613677740097 0.008523585274815558
v -0.028466518968343735 0.06214963644742966 0.01123354025185108
v -0.030057456344366074 0.06156613677740097 0.008523585274815558
v -0.03104572370648384 0.060306668281555176 0.009528623893857
v -0.03104572370648384 0.060306668281555176 0.009528623893857
v -0.030057456344366074 0.06156613677740097 0.008523585274815558
v -0.03235595300793648 0.05944245681166649 0.006537953857332467
v -0.03104572370648384 0.060306668281555176 0.009528623893857
v -0.03235595300793648 0.05944245681166649 0.006537953857332467
v -0.03294145688414574 0.057780224829912186 0.007140236441045999
v -0.03294145688414574 0.057780224829912186 0.007140236441045999
v -0.03235595300793648 0.05944245681166649 0.006537953857332467
v -0.03375394269824028 0.056418273597955704 0.0036518224515020843
v -0.03294145688414574 0.057780224829912186 0.007140236441045999
v -0.03375394269824028 0.056418273597955704 0.0036518224515020843
v -0.033679354935884476 0.05538341403007507 0.004658418241888284
v -0.033679354935884476 0.05538341403007507 0.004658418241888284
v -0.03375394269824028 0.056418273597955704 0.0036518224515020843
v -0.033797722309827805 0.05538341403007507 0.0037032687105238433
v -0.023680564016103745 0.0648331418633461 -7.227609444271364e-08
v -0.02688317373394966 0.06380569189786911 -1.0207841683040896e-07
v -0.027477066963911057 0.06355451047420502 0.001591952866874635
v -0.027477066963911057 0.06355451047420502 0.001591952866874635
v -0.02688317373394966 0.06380569189786911 -1.0207841683040896e-07
v -0.029310863465070724 0.06266260892152786 -1.2443015862118043e-07
v -0.027477066963911057 0.06355451047420502 0.001591952866874635
v -0.029310863465070724 0.06266260892152786 -1.2443015862118043e-07
v -0.028974037617444992 0.0628037378191948 0.0031056948937475677
v -0.028974037617444992 0.0628037378191948 0.0031056948937475677
v -0.029310863465070724 0.06266260892152786 -1.2443015862118043e-07
v -0.030352067202329636 0.06200733780860901 0.00018283202371094373
v -0.028974037617444992 0.0628037378191948 0.0031056948937475677
v -0.030352067202329636 0.06200733780860901 0.00018283202371094373
v -0.0315864123404026 0.060993947088718414 0.0014339558547362683
v -0.0315864123404026 0.060993947088718414 0.0014339558547362683
v -0.030352067202329636 0.06200733780860901 0.00018283202371094373
v -0.031089026480913162 0.0614473819732666 -7.227609444271364e-08
v -0.0315864123404026 0.060993947088718414 0.0014339558547362683
v -0.031089026480913162 0.0614473819732666 -7.227609444271364e-08
v -0.03231311962008476 0.060227684676647186 -7.227609444271364e-08
v -0.020579304546117783 0.06550109386444092 0.0032624327577650543
v -0.016721125692129135 0.06599179655313492 0.008006060495972632
v -0.012737136334180832 0.06650327891111374 0.003988514188677072
v -0.012737136334180832 0.06650327891111374 0.003988514188677072
v -0.016721125692129135 0.06599179655313492 0.008006060495972632
v -0.012591172009706497 0.06621072441339493 0.01247790642082691
v -0.012737136334180832 0.06650327891111374 0.003988514188677072
v -0.012591172009706497 0.06621072441339493 0.01247790642082691
v -0.008568104356527328 0.06668312102556229 0.008421281352639197
v -0.008568104356527328 0.06668312102556229 0.008421281352639197
v -0.012591172009706497 0.06621072441339493 0.01247790642082691
v -0.004180487245321274 0.06664439290761948 0.012635471299290655
v -0.008568104356527328 0.06668312102556229 0.008421281352639197
v -0.004180487245321274 0.06664439290761948 0.012635471299290655
v 7.838748672384099e-08 0.06700009852647781 9.908725928653438e-08
v 7.838748672384099e-08 0.06700009852647781 9.908725928653438e-08
v -0.004180487245321274 0.06664439290761948 0.012635471299290655
v 1.8782843724807208e-08 0.06685487926006317 0.009168485179543493
v -0.001786623033694923 0.0639573484659195 0.027512328699231144
v 7.838748672384099e-08 0.06521126627922058 0.023683967068791386
v -0.0044813863933086395 0.06447766721248627 0.02590619213879108
v -0.0044813863933086395 0.06447766721248627 0.02590619213879108
v 7.838748672384099e-08 0.06521126627922058 0.023683967068791386
v -0.0010068676201626658 0.06549862027168274 0.022398116067051884
v -0.0044813863933086395 0.06447766721248627 0.02590619213879108
v -0.0010068676201626658 0.06549862027168274 0.022398116067051884
v -0.0070437900722026825 0.06486563384532928 0.02416768856346607
v -0.0070437900722026825 0.06486563384532928 0.02416768856346607
v -0.0010068676201626658 0.06549862027168274 0.022398116067051884
v -0.0034872328396886587 0.06580454856157303 0.02057758159935474
v -0.0070437900722026825 0.06486563384532928 0.02416768856346607
v -0.0034872328396886587 0.06580454856157303 0.02057758159935474
v -0.01183997467160225 0.0653129369020462 0.02036207355558872
v -0.01183997467160225 0.0653129369020462 0.02036207355558872
v -0.0034872328396886587 0.06580454856157303 0.02057758159935474
v -0.008190620690584183 0.06615905463695526 0.016679162159562107
v -0.01183997467160225 0.0653129369020462 0.02036207355558872
v -0.008190620690584183 0.06615905463695526 0.016679162159562107
v -0.01627000793814659 0.0653940960764885 0.016190307214856144
v 1.133226312788338e-08 0.06652042269706726 0.014989422634243963
v -0.004180487245321274 0.06664439290761948 0.012635471299290655
v -0.008190620690584183 0.06615905463695526 0.016679162159562107
v -0.008190620690584183 0.06615905463695526 0.016679162159562107
v -0.004180487245321274 0.06664439290761948 0.012635471299290655
v -0.012591172009706497 0.06621072441339493 0.01247790642082691
v -0.008190620690584183 0.06615905463695526 0.016679162159562107
v -0.012591172009706497 0.06621072441339493 0.01247790642082691
v -0.01627000793814659 0.0653940960764885 0.016190307214856144
v -0.01627000793814659 0.0653940960764885 0.016190307214856144
v -0.012591172009706497 0.06621072441339493 0.01247790642082691
v -0.016721125692129135 0.06599179655313492 0.008006060495972632
v -0.01627000793814659 0.0653940960764885 0.016190307214856144
v -0.016721125692129135 0.06599179655313492 0.008006060495972632
v -0.02037278190255165 0.06514798849821091 0.011691274121403692
v -0.02037278190255165 0.06514798849821091 0.011691274121403692
v -0.016721125692129135 0.06599179655313492 0.008006060495972632
v -0.020579304546117783 0.06550109386444092 0.0032624327577650543
v -0.02037278190255165 0.06514798849821091 0.011691274121403692
v -0.020579304546117783 0.06550109386444092 0.0032624327577650543
v -0.0241328664124012 0.06455918401479721 0.0068495520390570155
v -0.0241328664124012 0.06455918401479721 0.0068495520390570155
v -0.020579304546117783 0.06550109386444092 0.0032624327577650543
v -0.025863971561193466 0.06411585211753845 0.004279757384210824
v -0.0241328664124012 0.06455918401479721 0.0068495520390570155
v -0.025863971561193466 0.06411585211753845 0.004279757384210824
v -0.027426112443208694 0.06343026459217072 0.005858676973730325
v -0.027426112443208694 0.06343026459217072 0.005858676973730325
v -0.025863971561193466 0.06411585211753845 0.004279757384210824
v -0.028974037617444992 0.0628037378191948 0.0031056948937475677
v -0.027426112443208694 0.06343026459217072 0.005858676973730325
v -0.028974037617444992 0.0628037378191948 0.0031056948937475677
v -0.03031596913933754 0.06189793720841408 0.004464405123144387
v -0.03031596913933754 0.06189793720841408 0.004464405123144387
v -0.028974037617444992 0.0628037378191948 0.0031056948937475677
v -0.0315864123404026 0.060993947088718414 0.0014339558547362683
v -0.03031596913933754 0.06189793720841408 0.004464405123144387
v -0.0315864123404026 0.060993947088718414 0.0014339558547362683
v -0.03261122480034828 0.05977102741599083 0.002475547138601541
v -0.03261122480034828 0.05977102741599083 0.002475547138601541
v -0.0315864123404026 0.060993947088718414 0.0014339558547362683
v -0.03231311962008476 0.060227684676647186 -7.227609444271364e-08
v -0.03261122480034828 0.05977102741599083 0.002475547138601541
v -0.03231311962008476 0.060227684676647186 -7.227609444271364e-08
v -0.03271469846367836 0.059694044291973114 -9.462783623348513e-08
v -1.3767935058695002e-07 0.055818941444158554 0.03399113193154334
v -0.001419339212588966 0.057860784232616425 0.03366351500153541
v -0.0016876942245289683 0.05588140711188316 0.033948648720979684
v -0.0016876942245289683 0.05588140711188316 0.033948648720979684
v -0.001419339212588966 0.057860784232616425 0.03366351500153541
v -0.003620523726567626 0.05672701075673103 0.03373101726174354
v -0.0016876942245289683 0.05588140711188316 0.033948648720979684
v -0.003620523726567626 0.05672701075673103 0.03373101726174354
v -0.0036797483917325735 0.05538341403007507 0.033800292760133736
v -3.5688980659642766e-09 0.06217542290687561 0.030686514452099797
v -0.00031876922002993524 0.0624161958694458 0.030362160876393315
v -0.0015234387246891856 0.06137313321232796 0.03158361092209815
v -0.0015234387246891856 0.06137313321232796 0.03158361092209815
v -0.00031876922002993524 0.0624161958694458 0.030362160876393315
v -0.00326554081402719 0.06318852305412292 0.02900801785290241
v -0.0015234387246891856 0.06137313321232796 0.03158361092209815
v -0.00326554081402719 0.06318852305412292 0.02900801785290241
v -0.004574831575155258 0.062250081449747086 0.030334087088704106
v -0.004574831575155258 0.062250081449747086 0.030334087088704106
v -0.00326554081402719 0.06318852305412292 0.02900801785290241
v -0.006024736911058426 0.06377328187227249 0.027466313913464543
v -0.004574831575155258 0.062250081449747086 0.030334087088704106
v -0.006024736911058426 0.06377328187227249 0.027466313913464543
v -0.00740412250161171 0.06290493160486221 0.0288624782115221
v -0.00740412250161171 0.06290493160486221 0.0288624782115221
v -0.006024736911058426 0.06377328187227249 0.027466313913464543
v -0.00863177701830864 0.06420588493347168 0.025772454217076298
v -0.00740412250161171 0.06290493160486221 0.0288624782115221
v -0.00863177701830864 0.06420588493347168 0.025772454217076298
v -0.010060328990221024 0.0633867010474205 0.02721779234707355
v -0.028635386377573013 0.05538341403007507 0.018330695107579228
v -0.02607257291674614 0.05538341403007507 0.02182248421013355
v -0.02786257490515709 0.05690363422036171 0.019298518076539036
v -0.02786257490515709 0.05690363422036171 0.019298518076539036
v -0.02607257291674614 0.05538341403007507 0.02182248421013355
v -0.02597161754965782 0.057187121361494064 0.021708460524678227
v -0.02786257490515709 0.05690363422036171 0.019298518076539036
v -0.02597161754965782 0.057187121361494064 0.021708460524678227
v -0.02558772638440132 0.059050966054201126 0.02130779810249805
v -0.02558772638440132 0.059050966054201126 0.02130779810249805
v -0.02597161754965782 0.057187121361494064 0.021708460524678227
v -0.023509744554758072 0.059147417545318604 0.023530708625912663
v -0.02558772638440132 0.059050966054201126 0.02130779810249805
v -0.023509744554758072 0.059147417545318604 0.023530708625912663
v -0.02284543588757515 0.06073084473609924 0.022849621251225468
v -0.02284543588757515 0.06073084473609924 0.022849621251225468
v -0.023509744554758072 0.059147417545318604 0.023530708625912663
v -0.021280799061059952 0.059092916548252106 0.025602670386433598
v -0.02284543588757515 0.06073084473609924 0.022849621251225468
v -0.021280799061059952 0.059092916548252106 0.025602670386433598
v -0.02062743529677391 0.06068728491663933 0.024932520464062687
v -0.02062743529677391 0.06068728491663933 0.024932520464062687
v -0.021280799061059952 0.059092916548252106 0.025602670386433598
v -0.018896710127592087 0.058883264660835266 0.02751948125660419
v -0.02062743529677391 0.06068728491663933 0.024932520464062687
v -0.018896710127592087 0.058883264660835266 0.02751948125660419
v -0.01827225461602211 0.06050654873251915 0.02687825448811054
v -0.01827225461602211 0.06050654873251915 0.02687825448811054
v -0.018896710127592087 0.058883264660835266 0.02751948125660419
v -0.01634499803185463 0.05850599706172943 0.029268668964505192
v -0.01827225461602211 0.06050654873251915 0.02687825448811054
v -0.01634499803185463 0.05850599706172943 0.029268668964505192
v -0.01576940342783928 0.060178130865097046 0.028676288202404972
v -0.01576940342783928 0.060178130865097046 0.028676288202404972
v -0.01634499803185463 0.05850599706172943 0.029268668964505192
v -0.013602036982774734 0.05793747678399086 0.030826615169644352
v -0.01576940342783928 0.060178130865097046 0.028676288202404972
v -0.013602036982774734 0.05793747678399086 0.030826615169644352
v -0.013099532574415207 0.059682704508304596 0.030307324603199955
v -0.013099532574415207 0.059682704508304596 0.030307324603199955
v -0.013602036982774734 0.05793747678399086 0.030826615169644352
v -0.010627496987581253 0.057137373834848404 0.03215296939015388
v -0.013099532574415207 0.059682704508304596 0.030307324603199955
v -0.010627496987581253 0.057137373834848404 0.03215296939015388
v -0.010229546576738358 0.05898715928196907 0.03173824027180671
v -0.010229546576738358 0.05898715928196907 0.03173824027180671
v -0.010627496987581253 0.057137373834848404 0.03215296939015388
v -0.007352042943239212 0.05603636056184769 0.03317842260003089
v -0.010229546576738358 0.05898715928196907 0.03173824027180671
v -0.007352042943239212 0.05603636056184769 0.03317842260003089
v -0.007104862481355667 0.058036912232637405 0.032914463430643075
v -0.007104862481355667 0.058036912232637405 0.032914463430643075
v -0.007352042943239212 0.05603636056184769 0.03317842260003089
v -0.005908336490392685 0.05538341403007507 0.03348270431160926
v -0.007104862481355667 0.058036912232637405 0.032914463430643075
v -0.005908336490392685 0.05538341403007507 0.03348270431160926
v -0.003620523726567626 0.05672701075673103 0.03373101726174354
v -0.003620523726567626 0.05672701075673103 0.03373101726174354
v -0.005908336490392685 0.05538341403007507 0.03348270431160926
v -0.0046584345400333405 0.05538341403007507 0.03367935493588447
v -0.003620523726567626 0.05672701075673103 0.03373101726174354
v -0.0046584345400333405 0.05538341403007507 0.03367935493588447
v -0.0036797483917325735 0.05538341403007507 0.033800292760133736
v -0.02607257291674614 0.05538341403007507 0.02182248421013355
v -0.024041634052991867 0.05538341403007507 0.024041624739766117
v -0.02597161754965782 0.057187121361494064 0.021708460524678227
v -0.02597161754965782 0.057187121361494064 0.021708460524678227
v -0.024041634052991867 0.05538341403007507 0.024041624739766117
v -0.02390344813466072 0.05729339271783829 0.023941190913319584
v -0.02597161754965782 0.057187121361494064 0.021708460524678227
v -0.02390344813466072 0.05729339271783829 0.023941190913319584
v -0.023509744554758072 0.059147417545318604 0.023530708625912663
v -0.023509744554758072 0.059147417545318604 0.023530708625912663
v -0.02390344813466072 0.05729339271783829 0.023941190913319584
v -0.021663721650838852 0.057228103280067444 0.026002364233136174
v -0.023509744554758072 0.059147417545318604 0.023530708625912663
v -0.021663721650838852 0.057228103280067444 0.026002364233136174
v -0.021280799061059952 0.059092916548252106 0.025602670386433598
v -0.021280799061059952 0.059092916548252106 0.025602670386433598
v -0.021663721650838852 0.057228103280067444 0.026002364233136174
v -0.01924751326441765 0.056986331939697266 0.027887063100934025
v -0.021280799061059952 0.059092916548252106 0.025602670386433598
v -0.01924751326441765 0.056986331939697266 0.027887063100934025
v -0.018896710127592087 0.058883264660835266 0.02751948125660419
v -0.018896710127592087 0.058883264660835266 0.02751948125660419
v -0.01924751326441765 0.056986331939697266 0.027887063100934025
v -0.016640271991491318 0.05655353143811226 0.029580714181065556
v -0.018896710127592087 0.058883264660835266 0.02751948125660419
v -0.016640271991491318 0.05655353143811226 0.029580714181065556
v -0.01634499803185463 0.05850599706172943 0.029268668964505192
v -0.01634499803185463 0.05850599706172943 0.029268668964505192
v -0.016640271991491318 0.05655353143811226 0.029580714181065556
v -0.013813275843858719 0.055900976061820984 0.03105463273823261
v -0.01634499803185463 0.05850599706172943 0.029268668964505192
v -0.013813275843858719 0.055900976061820984 0.03105463273823261
v -0.013602036982774734 0.05793747678399086 0.030826615169644352
v -0.013602036982774734 0.05793747678399086 0.030826615169644352
v -0.013813275843858719 0.055900976061820984 0.03105463273823261
v -0.012067671865224838 0.05538341403007507 0.03178634122014045
v -0.013602036982774734 0.05793747678399086 0.030826615169644352
v -0.012067671865224838 0.05538341403007507 0.03178634122014045
v -0.010627496987581253 0.057137373834848404 0.03215296939015388
v -0.010627496987581253 0.057137373834848404 0.03215296939015388
v -0.012067671865224838 0.05538341403007507 0.03178634122014045
v -0.011767987161874771 0.05538341403007507 0.03189850226044654
v -0.010627496987581253 0.057137373834848404 0.03215296939015388
v -0.011767987161874771 0.05538341403007507 0.03189850226044654
v -0.01072515919804573 0.05538341403007507 0.0322640873491764
v -0.016285080462694168 0.06301484256982803 0.024857522919774052
v -0.014932770282030106 0.06158923730254173 0.027822883799672123
v -0.01385946199297905 0.06276366114616394 0.026732804253697392
v -0.01385946199297905 0.06276366114616394 0.026732804253697392
v -0.014932770282030106 0.06158923730254173 0.027822883799672123
v -0.012324098497629166 0.06115500256419182 0.02951511926949024
v -0.01385946199297905 0.06276366114616394 0.026732804253697392
v -0.012324098497629166 0.06115500256419182 0.02951511926949024
v -0.0113011933863163 0.062379829585552216 0.0284754354506731
v -0.0113011933863163 0.062379829585552216 0.0284754354506731
v -0.012324098497629166 0.06115500256419182 0.02951511926949024
v -0.009540755301713943 0.06054610013961792 0.031032668426632878
v -0.0113011933863163 0.062379829585552216 0.0284754354506731
v -0.009540755301713943 0.06054610013961792 0.031032668426632878
v -0.008587758988142014 0.06184083968400955 0.030062900856137272
v -0.008587758988142014 0.06184083968400955 0.030062900856137272
v -0.009540755301713943 0.06054610013961792 0.031032668426632878
v -0.006537634879350662 0.05971742048859596 0.0323304571211338
v -0.008587758988142014 0.06184083968400955 0.030062900856137272
v -0.006537634879350662 0.05971742048859596 0.0323304571211338
v -0.005679737776517868 0.06110725924372673 0.03145578876137733
v -0.005679737776517868 0.06110725924372673 0.03145578876137733
v -0.006537634879350662 0.05971742048859596 0.0323304571211338
v -0.003230448579415679 0.05858467146754265 0.033324170857667916
v -0.005679737776517868 0.06110725924372673 0.03145578876137733
v -0.003230448579415679 0.05858467146754265 0.033324170857667916
v -0.002510238206014037 0.06011219695210457 0.0325871892273426
v -0.002510238206014037 0.06011219695210457 0.0325871892273426
v -0.003230448579415679 0.05858467146754265 0.033324170857667916
v 4.113458373922185e-08 0.059343546628952026 0.03310540691018104
v -0.002510238206014037 0.06011219695210457 0.0325871892273426
v 4.113458373922185e-08 0.059343546628952026 0.03310540691018104
v 1.6779445388692693e-07 0.060836099088191986 0.03210255876183509
v -0.031039904803037643 0.05538341403007507 0.013875307515263556
v -0.029595118016004562 0.05538341403007507 0.016737060621380802
v -0.03103601559996605 0.05572819337248802 0.013870151713490484
v -0.03103601559996605 0.05572819337248802 0.013870151713490484
v -0.029595118016004562 0.05538341403007507 0.016737060621380802
v -0.029560942202806473 0.056427568197250366 0.01669598557054996
v -0.03103601559996605 0.05572819337248802 0.013870151713490484
v -0.029560942202806473 0.056427568197250366 0.01669598557054996
v -0.029266227036714554 0.05838058143854141 0.016384484246373173
v -0.029266227036714554 0.05838058143854141 0.016384484246373173
v -0.029560942202806473 0.056427568197250366 0.01669598557054996
v -0.02751050516963005 0.05879930034279823 0.018929669633507725
v -0.029266227036714554 0.05838058143854141 0.016384484246373173
v -0.02751050516963005 0.05879930034279823 0.018929669633507725
v -0.026877712458372116 0.06041424348950386 0.018280098214745518
v -0.026877712458372116 0.06041424348950386 0.018280098214745518
v -0.02751050516963005 0.05879930034279823 0.018929669633507725
v -0.024929862469434738 0.06064083054661751 0.0206331480294466
v -0.026877712458372116 0.06041424348950386 0.018280098214745518
v -0.024929862469434738 0.06064083054661751 0.0206331480294466
v -0.024018649011850357 0.06197734922170639 0.019705155864357945
v -0.024018649011850357 0.06197734922170639 0.019705155864357945
v -0.024929862469434738 0.06064083054661751 0.0206331480294466
v -0.02193056419491768 0.062063705176115036 0.021917970851063725
v -0.024018649011850357 0.06197734922170639 0.019705155864357945
v -0.02193056419491768 0.062063705176115036 0.021917970851063725
v -0.02078932151198387 0.06317020207643509 0.020759949460625645
v -0.02078932151198387 0.06317020207643509 0.020759949460625645
v -0.02193056419491768 0.062063705176115036 0.021917970851063725
v -0.01972333714365959 0.06203091889619827 0.024011643603444096
v -0.02078932151198387 0.06317020207643509 0.020759949460625645
v -0.01972333714365959 0.06203091889619827 0.024011643603444096
v -0.016285080462694168 0.06301484256982803 0.024857522919774052
v -0.016285080462694168 0.06301484256982803 0.024857522919774052
v -0.01972333714365959 0.06203091889619827 0.024011643603444096
v -0.017393741756677628 0.06187576800584793 0.025982962921261784
v -0.016285080462694168 0.06301484256982803 0.024857522919774052
v -0.017393741756677628 0.06187576800584793 0.025982962921261784
v -0.014932770282030106 0.06158923730254173 0.027822883799672123
v -0.010060328990221024 0.0633867010474205 0.02721779234707355
v -0.00863177701830864 0.06420588493347168 0.025772454217076298
v -0.012576628476381302 0.06372856348752975 0.025433184579014775
v -0.012576628476381302 0.06372856348752975 0.025433184579014775
v -0.00863177701830864 0.06420588493347168 0.025772454217076298
v -0.013482201844453812 0.0647074282169342 0.02202108688652515
v -0.012576628476381302 0.06372856348752975 0.025433184579014775
v -0.013482201844453812 0.0647074282169342 0.02202108688652515
v -0.01497238501906395 0.06394988298416138 0.023528041318058964
v -0.01497238501906395 0.06394988298416138 0.023528041318058964
v -0.013482201844453812 0.0647074282169342 0.02202108688652515
v -0.017933037132024765 0.0648093894124031 0.01787011511623859
v -0.01497238501906395 0.06394988298416138 0.023528041318058964
v -0.017933037132024765 0.0648093894124031 0.01787011511623859
v -0.019447963684797287 0.06407658010721207 0.019401820376515385
v -0.019447963684797287 0.06407658010721207 0.019401820376515385
v -0.017933037132024765 0.0648093894124031 0.01787011511623859
v -0.02202547714114189 0.06455294787883759 0.013360748067498205
v -0.019447963684797287 0.06407658010721207 0.019401820376515385
v -0.02202547714114189 0.06455294787883759 0.013360748067498205
v -0.023530472069978714 0.06381020694971085 0.0148825217038393
v -0.023530472069978714 0.06381020694971085 0.0148825217038393
v -0.02202547714114189 0.06455294787883759 0.013360748067498205
v -0.02573850378394127 0.06391709297895432 0.00847196765244007
v -0.023530472069978714 0.06381020694971085 0.0148825217038393
v -0.02573850378394127 0.06391709297895432 0.00847196765244007
v -0.0271940715610981 0.06312492489814758 0.009944314137101172
v -0.0271940715610981 0.06312492489814758 0.009944314137101172
v -0.02573850378394127 0.06391709297895432 0.00847196765244007
v -0.028836417943239212 0.06259283423423767 0.007285761181265115
v -0.0271940715610981 0.06312492489814758 0.009944314137101172
v -0.028836417943239212 0.06259283423423767 0.007285761181265115
v -0.030057456344366074 0.06156613677740097 0.008523585274815558
v -0.030057456344366074 0.06156613677740097 0.008523585274815558
v -0.028836417943239212 0.06259283423423767 0.007285761181265115
v -0.031461458653211594 0.060795702040195465 0.005626680795103311
v -0.030057456344366074 0.06156613677740097 0.008523585274815558
v -0.031461458653211594 0.060795702040195465 0.005626680795103311
v -0.03235595300793648 0.05944245681166649 0.006537953857332467
v -0.03318464383482933 0.05538341403007507 0.00740130478516221
v -0.03224741294980049 0.05538341403007507 0.01077517308294773
v -0.033179495483636856 0.05577053129673004 0.0073950537480413905
v -0.033179495483636856 0.05577053129673004 0.0073950537480413905
v -0.03224741294980049 0.05538341403007507 0.01077517308294773
v -0.03216070309281349 0.056926179677248 0.010677160695195196
v -0.033179495483636856 0.05577053129673004 0.0073950537480413905
v -0.03216070309281349 0.056926179677248 0.010677160695195196
v -0.03175811097025871 0.058771323412656784 0.010257789865136145
v -0.03175811097025871 0.058771323412656784 0.010257789865136145
v -0.03216070309281349 0.056926179677248 0.010677160695195196
v -0.03031788393855095 0.05950552970170975 0.01311846263706684
v -0.03175811097025871 0.058771323412656784 0.010257789865136145
v -0.03031788393855095 0.05950552970170975 0.01311846263706684
v -0.029519658535718918 0.06095504015684128 0.012303458526730536
v -0.029519658535718918 0.06095504015684128 0.012303458526730536
v -0.03031788393855095 0.05950552970170975 0.01311846263706684
v -0.027824152261018753 0.06143397465348244 0.01490885205566883
v -0.029519658535718918 0.06095504015684128 0.012303458526730536
v -0.027824152261018753 0.06143397465348244 0.01490885205566883
v -0.026726793497800827 0.06258434802293777 0.01379471458494663
v -0.026726793497800827 0.06258434802293777 0.01379471458494663
v -0.027824152261018753 0.06143397465348244 0.01490885205566883
v -0.02486017718911171 0.06289217621088028 0.016229005530476567
v -0.026726793497800827 0.06258434802293777 0.01379471458494663
v -0.02486017718911171 0.06289217621088028 0.016229005530476567
v -0.023530472069978714 0.06381020694971085 0.0148825217038393
v -0.023530472069978714 0.06381020694971085 0.0148825217038393
v -0.02486017718911171 0.06289217621088028 0.016229005530476567
v -0.02078932151198387 0.06317020207643509 0.020759949460625645
v -0.023530472069978714 0.06381020694971085 0.0148825217038393
v -0.02078932151198387 0.06317020207643509 0.020759949460625645
v -0.019447963684797287 0.06407658010721207 0.019401820376515385
v -0.019447963684797287 0.06407658010721207 0.019401820376515385
v -0.02078932151198387 0.06317020207643509 0.020759949460625645
v -0.016285080462694168 0.06301484256982803 0.024857522919774052
v -0.019447963684797287 0.06407658010721207 0.019401820376515385
v -0.016285080462694168 0.06301484256982803 0.024857522919774052
v -0.01497238501906395 0.06394988298416138 0.023528041318058964
v -0.01497238501906395 0.06394988298416138 0.023528041318058964
v -0.016285080462694168 0.06301484256982803 0.024857522919774052
v -0.01385946199297905 0.06276366114616394 0.026732804253697392
v -0.01497238501906395 0.06394988298416138 0.023528041318058964
v -0.01385946199297905 0.06276366114616394 0.026732804253697392
v -0.012576628476381302 0.06372856348752975 0.025433184579014775
v -0.012576628476381302 0.06372856348752975 0.025433184579014775
v -0.01385946199297905 0.06276366114616394 0.026732804253697392
v -0.0113011933863163 0.062379829585552216 0.0284754354506731
v -0.012576628476381302 0.06372856348752975 0.025433184579014775
v -0.0113011933863163 0.062379829585552216 0.0284754354506731
v -0.010060328990221024 0.0633867010474205 0.02721779234707355
v -0.010060328990221024 0.0633867010474205 0.02721779234707355
v -0.0113011933863163 0.062379829585552216 0.0284754354506731
v -0.008587758988142014 0.06184083968400955 0.030062900856137272
v -0.010060328990221024 0.0633867010474205 0.02721779234707355
v -0.008587758988142014 0.06184083968400955 0.030062900856137272
v -0.00740412250161171 0.06290493160486221 0.0288624782115221
v -0.00740412250161171 0.06290493160486221 0.0288624782115221
v -0.008587758988142014 0.06184083968400955 0.030062900856137272
v -0.005679737776517868 0.06110725924372673 0.03145578876137733
v -0.00740412250161171 0.06290493160486221 0.0288624782115221
v -0.005679737776517868 0.06110725924372673 0.03145578876137733
v -0.004574831575155258 0.062250081449747086 0.030334087088704106
v -0.004574831575155258 0.062250081449747086 0.030334087088704106
v -0.005679737776517868 0.06110725924372673 0.03145578876137733
v -0.002510238206014037 0.06011219695210457 0.0325871892273426
v -0.004574831575155258 0.062250081449747086 0.030334087088704106
v -0.002510238206014037 0.06011219695210457 0.0325871892273426
v -0.0015234387246891856 0.06137313321232796 0.03158361092209815
v -0.0015234387246891856 0.06137313321232796 0.03158361092209815
v -0.002510238206014037 0.06011219695210457 0.0325871892273426
v 1.6779445388692693e-07 0.060836099088191986 0.03210255876183509
v -0.0015234387246891856 0.06137313321232796 0.03158361092209815
v 1.6779445388692693e-07 0.060836099088191986 0.03210255876183509
v -3.5688980659642766e-09 0.06217542290687561 0.030686514452099797
v -0.029595118016004562 0.05538341403007507 0.016737060621380802
v -0.028635386377573013 0.05538341403007507 0.018330695107579228
v -0.029560942202806473 0.056427568197250366 0.01669598557054996
v -0.029560942202806473 0.056427568197250366 0.01669598557054996
v -0.028635386377573013 0.05538341403007507 0.018330695107579228
v -0.02786257490515709 0.05690363422036171 0.019298518076539036
v -0.029560942202806473 0.056427568197250366 0.01669598557054996
v -0.02786257490515709 0.05690363422036171 0.019298518076539036
v -0.02751050516963005 0.05879930034279823 0.018929669633507725
v -0.02751050516963005 0.05879930034279823 0.018929669633507725
v -0.02786257490515709 0.05690363422036171 0.019298518076539036
v -0.02558772638440132 0.059050966054201126 0.02130779810249805
v -0.02751050516963005 0.05879930034279823 0.018929669633507725
v -0.02558772638440132 0.059050966054201126 0.02130779810249805
v -0.024929862469434738 0.06064083054661751 0.0206331480294466
v -0.024929862469434738 0.06064083054661751 0.0206331480294466
v -0.02558772638440132 0.059050966054201126 0.02130779810249805
v -0.02284543588757515 0.06073084473609924 0.022849621251225468
v -0.024929862469434738 0.06064083054661751 0.0206331480294466
v -0.02284543588757515 0.06073084473609924 0.022849621251225468
v -0.02193056419491768 0.062063705176115036 0.021917970851063725
v -0.02193056419491768 0.062063705176115036 0.021917970851063725
v -0.02284543588757515 0.06073084473609924 0.022849621251225468
v -0.02062743529677391 0.06068728491663933 0.024932520464062687
v -0.02193056419491768 0.062063705176115036 0.021917970851063725
v -0.02062743529677391 0.06068728491663933 0.024932520464062687
v -0.01972333714365959 0.06203091889619827 0.024011643603444096
v -0.01972333714365959 0.06203091889619827 0.024011643603444096
v -0.02062743529677391 0.06068728491663933 0.024932520464062687
v -0.01827225461602211 0.06050654873251915 0.02687825448811054
v -0.01972333714365959 0.06203091889619827 0.024011643603444096
v -0.01827225461602211 0.06050654873251915 0.02687825448811054
v -0.017393741756677628 0.06187576800584793 0.025982962921261784
v -0.017393741756677628 0.06187576800584793 0.025982962921261784
v -0.01827225461602211 0.06050654873251915 0.02687825448811054
v -0.01576940342783928 0.060178130865097046 0.028676288202404972
v -0.017393741756677628 0.06187576800584793 0.025982962921261784
v -0.01576940342783928 0.060178130865097046 0.028676288202404972
v -0.014932770282030106 0.06158923730254173 0.027822883799672123
v -0.014932770282030106 0.06158923730254173 0.027822883799672123
v -0.01576940342783928 0.060178130865097046 0.028676288202404972
v -0.013099532574415207 0.059682704508304596 0.030307324603199955
v -0.014932770282030106 0.06158923730254173 0.027822883799672123
v -0.013099532574415207 0.059682704508304596 0.030307324603199955
v -0.012324098497629166 0.06115500256419182 0.02951511926949024
v -0.012324098497629166 0.06115500256419182 0.02951511926949024
v -0.013099532574415207 0.059682704508304596 0.030307324603199955
v -0.010229546576738358 0.05898715928196907 0.03173824027180671
v -0.012324098497629166 0.06115500256419182 0.02951511926949024
v -0.010229546576738358 0.05898715928196907 0.03173824027180671
v -0.009540755301713943 0.06054610013961792 0.031032668426632878
v -0.009540755301713943 0.06054610013961792 0.031032668426632878
v -0.010229546576738358 0.05898715928196907 0.03173824027180671
v -0.007104862481355667 0.058036912232637405 0.032914463430643075
v -0.009540755301713943 0.06054610013961792 0.031032668426632878
v -0.007104862481355667 0.058036912232637405 0.032914463430643075
v -0.006537634879350662 0.05971742048859596 0.0323304571211338
v -0.006537634879350662 0.05971742048859596 0.0323304571211338
v -0.007104862481355667 0.058036912232637405 0.032914463430643075
v -0.003620523726567626 0.05672701075673103 0.03373101726174354
v -0.006537634879350662 0.05971742048859596 0.0323304571211338
v -0.003620523726567626 0.05672701075673103 0.03373101726174354
v -0.003230448579415679 0.05858467146754265 0.033324170857667916
v -0.003230448579415679 0.05858467146754265 0.033324170857667916
v -0.003620523726567626 0.05672701075673103 0.03373101726174354
v -0.001419339212588966 0.057860784232616425 0.03366351500153541
v -0.003230448579415679 0.05858467146754265 0.033324170857667916
v -0.001419339212588966 0.057860784232616425 0.03366351500153541
v 4.113458373922185e-08 0.059343546628952026 0.03310540691018104
v 4.113458373922185e-08 0.059343546628952026 0.03310540691018104
v -0.001419339212588966 0.057860784232616425 0.03366351500153541
v 7.116868232515117e-07 0.057639122009277344 0.03374033048748969
v -0.033965613692998886 0.05538341403007507 0.001528757042251527
v -0.03395654633641243 0.05553365498781204 0.0017039723461493848
v -0.03370600566267967 0.05753085017204285 0.0014366529649123547
v -0.03370600566267967 0.05753085017204285 0.0014366529649123547
v -0.03395654633641243 0.05553365498781204 0.0017039723461493848
v -0.033363137394189835 0.05827520415186882 0.0032442384399473663
v -0.03370600566267967 0.05753085017204285 0.0014366529649123547
v -0.033363137394189835 0.05827520415186882 0.0032442384399473663
v -0.03302653506398201 0.05906246230006218 0.0028992393054068084
v -0.03302653506398201 0.05906246230006218 0.0028992393054068084
v -0.033363137394189835 0.05827520415186882 0.0032442384399473663
v -0.03235595300793648 0.05944245681166649 0.006537953857332467
v -0.03302653506398201 0.05906246230006218 0.0028992393054068084
v -0.03235595300793648 0.05944245681166649 0.006537953857332467
v -0.03261122480034828 0.05977102741599083 0.002475547138601541
v -0.03261122480034828 0.05977102741599083 0.002475547138601541
v -0.03235595300793648 0.05944245681166649 0.006537953857332467
v -0.031461458653211594 0.060795702040195465 0.005626680795103311
v -0.03261122480034828 0.05977102741599083 0.002475547138601541
v -0.031461458653211594 0.060795702040195465 0.005626680795103311
v -0.03031596913933754 0.06189793720841408 0.004464405123144387
v -0.03031596913933754 0.06189793720841408 0.004464405123144387
v -0.031461458653211594 0.060795702040195465 0.005626680795103311
v -0.028836417943239212 0.06259283423423767 0.007285761181265115
v -0.03031596913933754 0.06189793720841408 0.004464405123144387
v -0.028836417943239212 0.06259283423423767 0.007285761181265115
v -0.027426112443208694 0.06343026459217072 0.005858676973730325
v -0.027426112443208694 0.06343026459217072 0.005858676973730325
v -0.028836417943239212 0.06259283423423767 0.007285761181265115
v -0.02573850378394127 0.06391709297895432 0.00847196765244007
v -0.027426112443208694 0.06343026459217072 0.005858676973730325
v -0.02573850378394127 0.06391709297895432 0.00847196765244007
v -0.0241328664124012 0.06455918401479721 0.0068495520390570155
v -0.0241328664124012 0.06455918401479721 0.0068495520390570155
v -0.02573850378394127 0.06391709297895432 0.00847196765244007
v -0.02202547714114189 0.06455294787883759 0.013360748067498205
v -0.0241328664124012 0.06455918401479721 0.0068495520390570155
v -0.02202547714114189 0.06455294787883759 0.013360748067498205
v -0.02037278190255165 0.06514798849821091 0.011691274121403692
v -0.02037278190255165 0.06514798849821091 0.011691274121403692
v -0.02202547714114189 0.06455294787883759 0.013360748067498205
v -0.017933037132024765 0.0648093894124031 0.01787011511623859
v -0.02037278190255165 0.06514798849821091 0.011691274121403692
v -0.017933037132024765 0.0648093894124031 0.01787011511623859
v -0.01627000793814659 0.0653940960764885 0.016190307214856144
v -0.01627000793814659 0.0653940960764885 0.016190307214856144
v -0.017933037132024765 0.0648093894124031 0.01787011511623859
v -0.013482201844453812 0.0647074282169342 0.02202108688652515
v -0.01627000793814659 0.0653940960764885 0.016190307214856144
v -0.013482201844453812 0.0647074282169342 0.02202108688652515
v -0.01183997467160225 0.0653129369020462 0.02036207355558872
v -0.01183997467160225 0.0653129369020462 0.02036207355558872
v -0.013482201844453812 0.0647074282169342 0.02202108688652515
v -0.00863177701830864 0.06420588493347168 0.025772454217076298
v -0.01183997467160225 0.0653129369020462 0.02036207355558872
v -0.00863177701830864 0.06420588493347168 0.025772454217076298
v -0.0070437900722026825 0.06486563384532928 0.02416768856346607
v -0.0070437900722026825 0.06486563384532928 0.02416768856346607
v -0.00863177701830864 0.06420588493347168 0.025772454217076298
v -0.006024736911058426 0.06377328187227249 0.027466313913464543
v -0.0070437900722026825 0.06486563384532928 0.02416768856346607
v -0.006024736911058426 0.06377328187227249 0.027466313913464543
v -0.0044813863933086395 0.06447766721248627 0.02590619213879108
v -0.0044813863933086395 0.06447766721248627 0.02590619213879108
v -0.006024736911058426 0.06377328187227249 0.027466313913464543
v -0.00326554081402719 0.06318852305412292 0.02900801785290241
v -0.0044813863933086395 0.06447766721248627 0.02590619213879108
v -0.00326554081402719 0.06318852305412292 0.02900801785290241
v -0.001786623033694923 0.0639573484659195 0.027512328699231144
v -0.001786623033694923 0.0639573484659195 0.027512328699231144
v -0.00326554081402719 0.06318852305412292 0.02900801785290241
v 1.0073922851461248e-07 0.06330504268407822 0.028922872617840763
v -0.001786623033694923 0.0639573484659195 0.027512328699231144
v 1.0073922851461248e-07 0.06330504268407822 0.028922872617840763
v 1.8782843724807208e-08 0.06433290988206863 0.02660019882023334
v 0.03469999134540558 -0.000999998301267624 -0.10096050798892973
v 0.03469999134540558 -2.8225338732923433e-11 -0.10096050798892973
v 0.03382999077439308 -0.007721476256847382 -0.10096050798892973
v 0.03382999077439308 0.007721476256847382 -0.10096050798892973
v 0.03469999134540558 0.000999998301267624 -0.10096050798892973
v 0.03126361221075058 -0.015055768191814423 -0.10096050798892973
v 0.0339214950799942 -0.00862158089876175 -0.10096050798892973
v 0.034985702484846115 -0.000999998301267624 -0.10096050798892973
v 0.034985702484846115 0.000999998301267624 -0.10096050798892973
v 0.0339214950799942 0.00862158089876175 -0.10096050798892973
v 0.03126361221075058 0.015055764466524124 -0.10096050798892973
v 0.03121739625930786 0.015826359391212463 -0.10096050798892973
v 0.02712954208254814 0.02163509652018547 -0.10096050798892973
v 0.02700413390994072 0.02226603403687477 -0.10096050798892973
v 0.021635089069604874 0.027129553258419037 -0.10096050798892973
v 0.02148539200425148 0.027629289776086807 -0.10096050798892973
v 0.015055757015943527 0.03126361966133118 -0.10096050798892973
v 0.01492796465754509 0.031656838953495026 -0.10096050798892973
v 0.007721468806266785 0.03382999822497368 -0.10096050798892973
v 0.00764886662364006 0.03415398299694061 -0.10096050798892973
v -1.1019478662888105e-08 0.034699998795986176 -0.10096050798892973
v -1.1019478662888105e-08 0.03500000014901161 -0.10096050798892973
v -0.007721487432718277 0.03382999822497368 -0.10096050798892973
v -0.0077882446348667145 0.03412247449159622 -0.10096050798892973
v -0.015055771917104721 0.03126361966133118 -0.10096050798892973
v -0.015185941010713577 0.03153390809893608 -0.10096050798892973
v -0.021635103970766068 0.027129553258419037 -0.10096050798892973
v -0.02182215079665184 0.027364101260900497 -0.10096050798892973
v -0.027129564434289932 0.02163509652018547 -0.10096050798892973
v -0.027364108711481094 0.021822143346071243 -0.10096050798892973
v -0.03126363083720207 0.015055764466524124 -0.10096050798892973
v -0.03153391554951668 0.015185929834842682 -0.10096050798892973
v -0.033830005675554276 0.007721476256847382 -0.10096050798892973
v -0.03412248566746712 0.007788233458995819 -0.10096050798892973
v -0.03470000997185707 -2.8225338732923433e-11 -0.10096050798892973
v -0.03500000759959221 -2.8225338732923433e-11 -0.10096050798892973
v -0.033830005675554276 -0.007721476256847382 -0.10096050798892973
v -0.03412248566746712 -0.007788233458995819 -0.10096050798892973
v -0.03126363083720207 -0.015055768191814423 -0.10096050798892973
v -0.03153391554951668 -0.015185929834842682 -0.10096050798892973
v -0.027129564434289932 -0.021635092794895172 -0.10096050798892973
v -0.027364108711481094 -0.021822139620780945 -0.10096050798892973
v -0.021635103970766068 -0.027129553258419037 -0.10096050798892973
v -0.02182215079665184 -0.027364104986190796 -0.10096050798892973
v -0.015055771917104721 -0.03126361966133118 -0.10096050798892973
v -0.015185941010713577 -0.03153391182422638 -0.10096050798892973
v -0.007721487432718277 -0.03383000195026398 -0.10096050798892973
v -0.0077882446348667145 -0.03412247449159622 -0.10096050798892973
v -1.1019478662888105e-08 -0.034699998795986176 -0.10096050798892973
v -1.1019478662888105e-08 -0.034999996423721313 -0.10096050798892973
v 0.007721468806266785 -0.03383000195026398 -0.10096050798892973
v 0.00764886662364006 -0.03415398299694061 -0.10096050798892973
v 0.015055757015943527 -0.03126361966133118 -0.10096050798892973
v 0.01492796465754509 -0.031656838953495026 -0.10096050798892973
v 0.021635089069604874 -0.027129553258419037 -0.10096050798892973
v 0.02148539200425148 -0.02762928605079651 -0.10096050798892973
v 0.02712954208254814 -0.021635092794895172 -0.10096050798892973
v 0.02700413390994072 -0.02226603776216507 -0.10096050798892973
v 0.03121739625930786 -0.015826359391212463 -0.10096050798892973
v -3.5688980659642766e-09 -0.011435933411121368 0.03370000794529914
v -3.5688980659642766e-09 -0.004435934126377106 0.03370000794529914
v -0.007498953491449356 -0.004435934126377106 0.0328550674021244
v -0.007498953491449356 -0.011435933411121368 0.0328550674021244
v -0.007498953491449356 -0.011435933411121368 0.0328550674021244
v -0.007498953491449356 -0.004435934126377106 0.0328550674021244
v -0.014621879905462265 -0.004435934126377106 0.03036265261471271
v -0.014621879905462265 -0.011435933411121368 0.03036265261471271
v -0.014621879905462265 -0.011435933411121368 0.03036265261471271
v -0.014621879905462265 -0.004435934126377106 0.03036265261471271
v -0.021011609584093094 -0.004435934126377106 0.026347713544964787
v -0.021011609584093094 -0.011435933411121368 0.026347713544964787
v -0.021011609584093094 -0.011435933411121368 0.026347713544964787
v -0.021011609584093094 -0.004435934126377106 0.026347713544964787
v -0.026347722858190536 -0.004435934126377106 0.02101160772144794
v -0.026347722858190536 -0.011435933411121368 0.02101160772144794
v -0.026347722858190536 -0.011435933411121368 0.02101160772144794
v -0.026347722858190536 -0.004435934126377106 0.02101160772144794
v -0.030362654477357864 -0.004435934126377106 0.014621878042817114
v -0.030362654477357864 -0.011435933411121368 0.014621878042817114
v -0.030362654477357864 -0.011435933411121368 0.014621878042817114
v -0.030362654477357864 -0.004435934126377106 0.014621878042817114
v -0.032855067402124405 -0.004435934126377106 0.007498952094465493
v -0.032855067402124405 -0.011435933411121368 0.007498952094465493
v -0.032855067402124405 -0.011435933411121368 0.007498952094465493
v -0.032855067402124405 -0.004435934126377106 0.007498952094465493
v -0.03370000049471855 -0.004435934126377106 2.2297137469706736e-09
v -0.03370000049471855 -0.011435933411121368 2.2297137469706736e-09
v -0.03370000049471855 -0.011435933411121368 2.2297137469706736e-09
v -0.03370000049471855 -0.004435934126377106 2.2297137469706736e-09
v -0.032855067402124405 -0.004435934126377106 -0.007498954888433217
v -0.032855067402124405 -0.011435933411121368 -0.007498954888433217
v -0.032855067402124405 -0.011435933411121368 -0.007498954888433217
v -0.032855067402124405 -0.004435934126377106 -0.007498954888433217
v -0.030362654477357864 -0.004435934126377106 -0.014621881768107413
v -0.030362654477357864 -0.011435933411121368 -0.014621881768107413
v -0.030362654477357864 -0.011435933411121368 -0.014621881768107413
v -0.030362654477357864 -0.004435934126377106 -0.014621881768107413
v -0.026347722858190536 -0.004435934126377106 -0.021011603996157643
v -0.026347722858190536 -0.011435933411121368 -0.021011603996157643
v -0.026347722858190536 -0.011435933411121368 -0.021011603996157643
v -0.026347722858190536 -0.004435934126377106 -0.021011603996157643
v -0.021011609584093094 -0.004435934126377106 -0.026347724720835682
v -0.021011609584093094 -0.011435933411121368 -0.026347724720835682
v -0.021011609584093094 -0.011435933411121368 -0.026347724720835682
v -0.021011609584093094 -0.004435934126377106 -0.026347724720835682
v -0.014621879905462265 -0.004435934126377106 -0.030362648889422413
v -0.014621879905462265 -0.011435933411121368 -0.030362648889422413
v -0.014621879905462265 -0.011435933411121368 -0.030362648889422413
v -0.014621879905462265 -0.004435934126377106 -0.030362648889422413
v -0.007498953491449356 -0.004435934126377106 -0.0328550674021244
v -0.007498953491449356 -0.011435933411121368 -0.0328550674021244
v -0.007498953491449356 -0.011435933411121368 -0.0328550674021244
v -0.007498953491449356 -0.004435934126377106 -0.0328550674021244
v -3.5688980659642766e-09 -0.004435934126377106 -0.033700000494718545
v -3.5688980659642766e-09 -0.011435933411121368 -0.033700000494718545
v 0.03370000049471855 -0.011435933411121368 0.00099999678786844
v 0.03370000049471855 -0.011435933411121368 2.2297137469706736e-09
v 0.0328550711274147 -0.011435933411121368 0.007498952094465493
v 0.0328550711274147 -0.011435933411121368 -0.007498954888433217
v 0.03370000049471855 -0.011435933411121368 -0.0009999998146668074
v 0.030362650752067566 -0.011435933411121368 0.014621878042817114
v 0.03294627368450165 -0.011435933411121368 0.0083989892154932
v 0.03398529067635536 -0.011435933411121368 0.00099999678786844
v 0.03398529067635536 -0.011435933411121368 -0.0009999998146668074
v 0.03294627368450165 -0.011435933411121368 -0.008398992940783499
v 0.030362650752067566 -0.011435933411121368 -0.014621881768107413
v 0.030316241085529327 -0.011435933411121368 -0.01539238356053829
v 0.026347719132900238 -0.011435933411121368 -0.021011603996157643
v 0.026222199201583862 -0.011435933411121368 -0.021642459556460377
v 0.021011605858802795 -0.011435933411121368 -0.026347724720835682
v 0.020861856639385223 -0.011435933411121368 -0.02684739790856838
v 0.014621883630752563 -0.011435933411121368 -0.030362648889422413
v 0.014494072645902634 -0.011435933411121368 -0.03075584582984447
v 0.007498953491449356 -0.011435933411121368 -0.0328550674021244
v 0.007426351308822632 -0.011435933411121368 -0.033179048448801034
v -3.5688980659642766e-09 -0.011435933411121368 -0.033700000494718545
v -3.5688980659642766e-09 -0.011435933411121368 -0.03399999812245368
v -0.007498953491449356 -0.011435933411121368 -0.0328550674021244
v -0.007565710693597794 -0.011435933411121368 -0.03314754739403724
v -0.014621879905462265 -0.011435933411121368 -0.030362648889422413
v -0.014752048999071121 -0.011435933411121368 -0.030632941052317616
v -0.021011609584093094 -0.011435933411121368 -0.026347724720835682
v -0.021198656409978867 -0.011435933411121368 -0.026582268998026844
v -0.026347722858190536 -0.011435933411121368 -0.021011603996157643
v -0.0265822671353817 -0.011435933411121368 -0.021198650822043415
v -0.030362654477357864 -0.011435933411121368 -0.014621881768107413
v -0.03063293918967247 -0.011435933411121368 -0.014752050861716269
v -0.032855067402124405 -0.011435933411121368 -0.007498954888433217
v -0.03314754739403725 -0.011435933411121368 -0.007565712090581655
v -0.03370000049471855 -0.011435933411121368 2.2297137469706736e-09
v -0.03399999812245369 -0.011435933411121368 2.2297137469706736e-09
v -0.032855067402124405 -0.011435933411121368 0.007498952094465493
v -0.03314754739403725 -0.011435933411121368 0.007565709296613931
v -0.030362654477357864 -0.011435933411121368 0.014621878042817114
v -0.03063293918967247 -0.011435933411121368 0.01475204713642597
v -0.026347722858190536 -0.011435933411121368 0.02101160772144794
v -0.0265822671353817 -0.011435933411121368 0.021198654547333714
v -0.021011609584093094 -0.011435933411121368 0.026347713544964787
v -0.021198656409978867 -0.011435933411121368 0.026582272723317143
v -0.014621879905462265 -0.011435933411121368 0.03036265261471271
v -0.014752048999071121 -0.011435933411121368 0.030632944777607914
v -0.007498953491449356 -0.011435933411121368 0.0328550674021244
v -0.007565710693597794 -0.011435933411121368 0.03314754739403724
v -3.5688980659642766e-09 -0.011435933411121368 0.03370000794529914
v -3.5688980659642766e-09 -0.011435933411121368 0.03399999812245368
v 0.007498953491449356 -0.011435933411121368 0.0328550674021244
v 0.007426351308822632 -0.011435933411121368 0.033179048448801034
v 0.014621883630752563 -0.011435933411121368 0.03036265261471271
v 0.014494072645902634 -0.011435933411121368 0.03075584955513477
v 0.021011605858802795 -0.011435933411121368 0.026347713544964787
v 0.020861856639385223 -0.011435933411121368 0.02684739418327808
v 0.026347719132900238 -0.011435933411121368 0.02101160772144794
v 0.026222199201583862 -0.011435933411121368 0.021642463281750676
v 0.030316241085529327 -0.011435933411121368 0.015392387285828589
v 0.03398529067635536 -0.012935929000377655 0.00099999678786844
v 0.03398529067635536 -0.011435933411121368 0.00099999678786844
v 0.03294627368450165 -0.011435933411121368 0.0083989892154932
v 0.03294627368450165 -0.012935929000377655 0.0083989892154932
v 0.03294627368450165 -0.012935929000377655 0.0083989892154932
v 0.03294627368450165 -0.011435933411121368 0.0083989892154932
v 0.030316241085529327 -0.011435933411121368 0.015392387285828589
v 0.030316241085529327 -0.012935929000377655 0.015392387285828589
v 0.030316241085529327 -0.012935929000377655 0.015392387285828589
v 0.030316241085529327 -0.011435933411121368 0.015392387285828589
v 0.026222199201583862 -0.011435933411121368 0.021642463281750676
v 0.026222199201583862 -0.012935929000377655 0.021642463281750676
v 0.026222199201583862 -0.012935929000377655 0.021642463281750676
v 0.026222199201583862 -0.011435933411121368 0.021642463281750676
v 0.020861856639385223 -0.011435933411121368 0.02684739418327808
v 0.020861856639385223 -0.012935929000377655 0.02684739418327808
v 0.020861856639385223 -0.012935929000377655 0.02684739418327808
v 0.020861856639385223 -0.011435933411121368 0.02684739418327808
v 0.014494072645902634 -0.011435933411121368 0.03075584955513477
v 0.014494072645902634 -0.012935929000377655 0.03075584955513477
v 0.014494072645902634 -0.012935929000377655 0.03075584955513477
v 0.014494072645902634 -0.011435933411121368 0.03075584955513477
v 0.007426351308822632 -0.011435933411121368 0.033179048448801034
v 0.007426351308822632 -0.012935929000377655 0.033179048448801034
v 0.007426351308822632 -0.012935929000377655 0.033179048448801034
v 0.007426351308822632 -0.011435933411121368 0.033179048448801034
v -3.5688980659642766e-09 -0.011435933411121368 0.03399999812245368
v -3.5688980659642766e-09 -0.012935929000377655 0.03399999812245368
v 0.029781267046928406 -0.012935929000377655 -0.0036160997115075584
v 0.028050485998392105 -0.012935929000377655 -0.010638145729899405
v 0.03370000049471855 -0.012935929000377655 -0.0009999998146668074
v 0.03294627368450165 -0.012935929000377655 -0.008398992940783499
v 0.03398529067635536 -0.012935929000377655 -0.0009999998146668074
v -0.029781263321638107 -0.012935929000377655 -0.0036160997115075584
v -0.029781263321638107 -0.012935929000377655 0.0036160969175398345
v -0.03314754739403725 -0.012935929000377655 0.007565709296613931
v 0.03370000049471855 -0.012935929000377655 0.00099999678786844
v 0.028050485998392105 -0.012935929000377655 0.010638149455189703
v 0.029781267046928406 -0.012935929000377655 0.0036160969175398345
v -0.03063293918967247 -0.012935929000377655 0.01475204713642597
v -0.028050485998392105 -0.012935929000377655 0.010638149455189703
v -0.0265822671353817 -0.012935929000377655 0.021198654547333714
v -0.024689514189958572 -0.012935929000377655 0.017041938379406926
v -0.021198656409978867 -0.012935929000377655 0.026582272723317143
v -0.01989367976784706 -0.012935929000377655 0.022455321624875065
v -0.014752048999071121 -0.012935929000377655 0.030632944777607914
v -0.013941694051027298 -0.012935929000377655 0.02656367607414722
v -0.007565710693597794 -0.012935929000377655 0.03314754739403724
v -0.007179472595453262 -0.012935929000377655 0.029128255322575566
v -3.5688980659642766e-09 -0.012935929000377655 0.03399999812245368
v -3.5688980659642766e-09 -0.012935929000377655 0.03000000305473804
v 0.007426351308822632 -0.012935929000377655 0.033179048448801034
v 0.007179468870162964 -0.012935929000377655 0.029128255322575566
v 0.014494072645902634 -0.012935929000377655 0.03075584955513477
v 0.013941694051027298 -0.012935929000377655 0.02656367607414722
v 0.020861856639385223 -0.012935929000377655 0.02684739418327808
v 0.01989367976784706 -0.012935929000377655 0.022455321624875065
v 0.026222199201583862 -0.012935929000377655 0.021642463281750676
v 0.024689514189958572 -0.012935929000377655 0.017041938379406926
v 0.030316241085529327 -0.012935929000377655 0.015392387285828589
v 0.03294627368450165 -0.012935929000377655 0.0083989892154932
v 0.03398529067635536 -0.012935929000377655 0.00099999678786844
v -0.03399999812245369 -0.012935929000377655 2.2297137469706736e-09
v -0.03314754739403725 -0.012935929000377655 -0.007565712090581655
v -0.028050485998392105 -0.012935929000377655 -0.010638145729899405
v -0.03063293918967247 -0.012935929000377655 -0.014752050861716269
v -0.024689514189958572 -0.012935929000377655 -0.017041942104697224
v -0.0265822671353817 -0.012935929000377655 -0.021198650822043415
v -0.01989367976784706 -0.012935929000377655 -0.022455325350165364
v -0.021198656409978867 -0.012935929000377655 -0.026582268998026844
v -0.013941694051027298 -0.012935929000377655 -0.02656367979943752
v -0.014752048999071121 -0.012935929000377655 -0.030632941052317616
v -0.007179472595453262 -0.012935929000377655 -0.029128251597285267
v -0.007565710693597794 -0.012935929000377655 -0.03314754739403724
v -3.5688980659642766e-09 -0.012935929000377655 -0.029999999329447743
v -3.5688980659642766e-09 -0.012935929000377655 -0.03399999812245368
v 0.007179468870162964 -0.012935929000377655 -0.029128251597285267
v 0.007426351308822632 -0.012935929000377655 -0.033179048448801034
v 0.013941694051027298 -0.012935929000377655 -0.02656367979943752
v 0.014494072645902634 -0.012935929000377655 -0.03075584582984447
v 0.01989367976784706 -0.012935929000377655 -0.022455325350165364
v 0.020861856639385223 -0.012935929000377655 -0.02684739790856838
v 0.024689514189958572 -0.012935929000377655 -0.017041942104697224
v 0.026222199201583862 -0.012935929000377655 -0.021642459556460377
v 0.030316241085529327 -0.012935929000377655 -0.01539238356053829
v -3.5688980659642766e-09 -0.002935931086540222 -0.029999999329447743
v -3.5688980659642766e-09 -0.012935929000377655 -0.029999999329447743
v 0.007179468870162964 -0.002935931086540222 -0.029128251597285267
v 0.007179468870162964 -0.012935929000377655 -0.029128251597285267
v 0.007179468870162964 -0.002935931086540222 -0.029128251597285267
v 0.007179468870162964 -0.012935929000377655 -0.029128251597285267
v 0.013941694051027298 -0.002935931086540222 -0.02656367979943752
v 0.013941694051027298 -0.012935929000377655 -0.02656367979943752
v 0.013941694051027298 -0.002935931086540222 -0.02656367979943752
v 0.013941694051027298 -0.012935929000377655 -0.02656367979943752
v 0.01989367976784706 -0.002935931086540222 -0.022455325350165364
v 0.01989367976784706 -0.012935929000377655 -0.022455325350165364
v 0.01989367976784706 -0.002935931086540222 -0.022455325350165364
v 0.01989367976784706 -0.012935929000377655 -0.022455325350165364
v 0.024689514189958572 -0.002935931086540222 -0.017041942104697224
v 0.024689514189958572 -0.012935929000377655 -0.017041942104697224
v 0.024689514189958572 -0.002935931086540222 -0.017041942104697224
v 0.024689514189958572 -0.012935929000377655 -0.017041942104697224
v 0.028050485998392105 -0.002935931086540222 -0.010638145729899405
v 0.028050485998392105 -0.012935929000377655 -0.010638145729899405
v 0.028050485998392105 -0.002935931086540222 -0.010638145729899405
v 0.028050485998392105 -0.012935929000377655 -0.010638145729899405
v 0.029781267046928406 -0.002935931086540222 -0.0036160997115075584
v 0.029781267046928406 -0.012935929000377655 -0.0036160997115075584
v 0.029781267046928406 -0.002935931086540222 -0.0036160997115075584
v 0.029781267046928406 -0.012935929000377655 -0.0036160997115075584
v 0.029781267046928406 -0.002935931086540222 0.0036160969175398345
v 0.029781267046928406 -0.012935929000377655 0.0036160969175398345
v 0.029781267046928406 -0.002935931086540222 0.0036160969175398345
v 0.029781267046928406 -0.012935929000377655 0.0036160969175398345
v 0.028050485998392105 -0.002935931086540222 0.010638149455189703
v 0.028050485998392105 -0.012935929000377655 0.010638149455189703
v 0.028050485998392105 -0.002935931086540222 0.010638149455189703
v 0.028050485998392105 -0.012935929000377655 0.010638149455189703
v 0.024689514189958572 -0.002935931086540222 0.017041938379406926
v 0.024689514189958572 -0.012935929000377655 0.017041938379406926
v 0.024689514189958572 -0.002935931086540222 0.017041938379406926
v 0.024689514189958572 -0.012935929000377655 0.017041938379406926
v 0.01989367976784706 -0.002935931086540222 0.022455321624875065
v 0.01989367976784706 -0.012935929000377655 0.022455321624875065
v 0.01989367976784706 -0.002935931086540222 0.022455321624875065
v 0.01989367976784706 -0.012935929000377655 0.022455321624875065
v 0.013941694051027298 -0.002935931086540222 0.02656367607414722
v 0.013941694051027298 -0.012935929000377655 0.02656367607414722
v 0.013941694051027298 -0.002935931086540222 0.02656367607414722
v 0.013941694051027298 -0.012935929000377655 0.02656367607414722
v 0.007179468870162964 -0.002935931086540222 0.029128255322575566
v 0.007179468870162964 -0.012935929000377655 0.029128255322575566
v 0.007179468870162964 -0.002935931086540222 0.029128255322575566
v 0.007179468870162964 -0.012935929000377655 0.029128255322575566
v -3.5688980659642766e-09 -0.002935931086540222 0.03000000305473804
v -3.5688980659642766e-09 -0.012935929000377655 0.03000000305473804
v 0.007179468870162964 -0.002935931086540222 0.029128255322575566
v -3.5688980659642766e-09 -0.002935931086540222 0.03000000305473804
v -3.5688980659642766e-09 -0.002935931086540222 -0.029999999329447743
v -0.007179472595453262 -0.002935931086540222 0.029128255322575566
v -0.013941694051027298 -0.002935931086540222 0.02656367607414722
v -0.01989367976784706 -0.002935931086540222 0.022455321624875065
v -0.024689514189958572 -0.002935931086540222 0.017041938379406926
v -0.028050485998392105 -0.002935931086540222 0.010638149455189703
v -0.029781263321638107 -0.002935931086540222 0.0036160969175398345
v -0.029781263321638107 -0.002935931086540222 -0.0036160997115075584
v -0.007179472595453262 -0.002935931086540222 -0.029128251597285267
v 0.007179468870162964 -0.002935931086540222 -0.029128251597285267
v 0.013941694051027298 -0.002935931086540222 -0.02656367979943752
v 0.01989367976784706 -0.002935931086540222 -0.022455325350165364
v 0.028050485998392105 -0.002935931086540222 -0.010638145729899405
v 0.029781267046928406 -0.002935931086540222 -0.0036160997115075584
v 0.029781267046928406 -0.002935931086540222 0.0036160969175398345
v 0.028050485998392105 -0.002935931086540222 0.010638149455189703
v 0.024689514189958572 -0.002935931086540222 0.017041938379406926
v 0.01989367976784706 -0.002935931086540222 0.022455321624875065
v -0.028050485998392105 -0.002935931086540222 -0.010638145729899405
v -0.024689514189958572 -0.002935931086540222 -0.017041942104697224
v 0.013941694051027298 -0.002935931086540222 0.02656367607414722
v 0.024689514189958572 -0.002935931086540222 -0.017041942104697224
v -0.01989367976784706 -0.002935931086540222 -0.022455325350165364
v -0.013941694051027298 -0.002935931086540222 -0.02656367979943752
v 0.03370000049471855 -0.011435933411121368 -0.0009999998146668074
v 0.03370000049471855 -0.012935929000377655 -0.0009999998146668074
v 0.03398529067635536 -0.011435933411121368 -0.0009999998146668074
v 0.03398529067635536 -0.012935929000377655 -0.0009999998146668074
v 0.03370000049471855 -0.012935929000377655 0.00099999678786844
v 0.03370000049471855 -0.011435933411121368 0.00099999678786844
v 0.03398529067635536 -0.012935929000377655 0.00099999678786844
v 0.03398529067635536 -0.011435933411121368 0.00099999678786844
v 0.03370000049471855 -0.012935929000377655 -0.0009999998146668074
v 0.03370000049471855 -0.011435933411121368 -0.0009999998146668074
v 0.03370000049471855 -0.012935929000377655 0.00099999678786844
v 0.03370000049471855 -0.011435933411121368 2.2297137469706736e-09
v 0.03370000049471855 -0.011435933411121368 0.00099999678786844
v 0.03469999134540558 -0.000999998301267624 -0.10350000113248824
v 0.03469999134540558 -0.000999998301267624 -0.10096050798892973
v 0.034985702484846115 -0.000999998301267624 -0.10350000113248824
v 0.034985702484846115 -0.000999998301267624 -0.10096050798892973
v 0.03469999134540558 -0.000999998301267624 -0.10096050798892973
v 0.03469999134540558 -0.000999998301267624 -0.10350000113248824
v 0.03469999134540558 -2.8225338732923433e-11 -0.10096050798892973
v 0.03469999134540558 0.000999998301267624 -0.10350000113248824
v 0.03469999134540558 0.000999998301267624 -0.10096050798892973
v 0.03469999134540558 0.000999998301267624 -0.10096050798892973
v 0.03469999134540558 0.000999998301267624 -0.10350000113248824
v 0.034985702484846115 0.000999998301267624 -0.10096050798892973
v 0.034985702484846115 0.000999998301267624 -0.10350000113248824
v 0.034985702484846115 -0.000999998301267624 -0.10350000113248824
v 0.02793002501130104 -0.013450399041175842 -0.10350000113248824
v 0.03469999134540558 -0.000999998301267624 -0.10350000113248824
v 0.030222754925489426 -0.006898149847984314 -0.10350000113248824
v 0.03469999134540558 0.000999998301267624 -0.10350000113248824
v 0.030999992042779922 -2.8225338732923433e-11 -0.10350000113248824
v 0.030222754925489426 0.006898149847984314 -0.10350000113248824
v 0.0339214950799942 -0.00862158089876175 -0.10350000113248824
v 0.03121739625930786 -0.015826359391212463 -0.10350000113248824
v 0.0242367684841156 -0.01932818442583084 -0.10350000113248824
v 0.02700413390994072 -0.02226603776216507 -0.10350000113248824
v 0.019328176975250244 -0.024236775934696198 -0.10350000113248824
v 0.02148539200425148 -0.02762928605079651 -0.10350000113248824
v 0.013450387865304947 -0.027930036187171936 -0.10350000113248824
v 0.01492796465754509 -0.031656838953495026 -0.10350000113248824
v 0.006898138672113419 -0.03022276610136032 -0.10350000113248824
v 0.00764886662364006 -0.03415398299694061 -0.10350000113248824
v -1.1019478662888105e-08 -0.031000003218650818 -0.10350000113248824
v -1.1019478662888105e-08 -0.034999996423721313 -0.10350000113248824
v -0.006898161023855209 -0.03022276610136032 -0.10350000113248824
v -0.0077882446348667145 -0.03412247449159622 -0.10350000113248824
v -0.01345040276646614 -0.027930036187171936 -0.10350000113248824
v -0.015185941010713577 -0.03153391182422638 -0.10350000113248824
v -0.019328195601701736 -0.024236775934696198 -0.10350000113248824
v -0.02182215079665184 -0.027364104986190796 -0.10350000113248824
v -0.024236787110567093 -0.01932818442583084 -0.10350000113248824
v -0.027364108711481094 -0.021822139620780945 -0.10350000113248824
v -0.027930039912462234 -0.013450399041175842 -0.10350000113248824
v -0.03153391554951668 -0.015185929834842682 -0.10350000113248824
v -0.030222777277231216 -0.006898149847984314 -0.10350000113248824
v -0.03412248566746712 -0.007788233458995819 -0.10350000113248824
v -0.031000006943941116 -2.8225338732923433e-11 -0.10350000113248824
v -0.03500000759959221 -2.8225338732923433e-11 -0.10350000113248824
v -0.030222777277231216 0.006898149847984314 -0.10350000113248824
v -0.03412248566746712 0.007788233458995819 -0.10350000113248824
v -0.027930039912462234 0.013450395315885544 -0.10350000113248824
v -0.03153391554951668 0.015185929834842682 -0.10350000113248824
v -0.024236787110567093 0.01932818442583084 -0.10350000113248824
v -0.027364108711481094 0.021822143346071243 -0.10350000113248824
v -0.019328195601701736 0.024236775934696198 -0.10350000113248824
v -0.02182215079665184 0.027364101260900497 -0.10350000113248824
v -0.01345040276646614 0.027930036187171936 -0.10350000113248824
v -0.015185941010713577 0.03153390809893608 -0.10350000113248824
v -0.006898161023855209 0.03022276610136032 -0.10350000113248824
v -0.0077882446348667145 0.03412247449159622 -0.10350000113248824
v -1.1019478662888105e-08 0.03099999949336052 -0.10350000113248824
v -1.1019478662888105e-08 0.03500000014901161 -0.10350000113248824
v 0.006898138672113419 0.03022276610136032 -0.10350000113248824
v 0.00764886662364006 0.03415398299694061 -0.10350000113248824
v 0.013450387865304947 0.027930036187171936 -0.10350000113248824
v 0.01492796465754509 0.031656838953495026 -0.10350000113248824
v 0.019328176975250244 0.024236775934696198 -0.10350000113248824
v 0.02148539200425148 0.027629289776086807 -0.10350000113248824
v 0.0242367684841156 0.01932818442583084 -0.10350000113248824
v 0.02700413390994072 0.02226603403687477 -0.10350000113248824
v 0.02793002501130104 0.013450395315885544 -0.10350000113248824
v 0.03121739625930786 0.015826359391212463 -0.10350000113248824
v 0.0339214950799942 0.00862158089876175 -0.10350000113248824
v 0.034985702484846115 0.000999998301267624 -0.10350000113248824
v -1.1019478662888105e-08 0.03099999949336052 -0.0935000032186508
v 0.006898138672113419 0.03022276610136032 -0.0935000032186508
v -0.031000006943941116 -2.8225338732923433e-11 -0.0935000032186508
v 0.013450387865304947 0.027930036187171936 -0.0935000032186508
v -0.006898161023855209 0.03022276610136032 -0.0935000032186508
v -0.030222777277231216 0.006898149847984314 -0.0935000032186508
v -0.027930039912462234 0.013450395315885544 -0.0935000032186508
v 0.019328176975250244 0.024236775934696198 -0.0935000032186508
v 0.0242367684841156 0.01932818442583084 -0.0935000032186508
v 0.02793002501130104 0.013450395315885544 -0.0935000032186508
v 0.030222754925489426 0.006898149847984314 -0.0935000032186508
v 0.030999992042779922 -2.8225338732923433e-11 -0.0935000032186508
v 0.030222754925489426 -0.006898149847984314 -0.0935000032186508
v -0.024236787110567093 -0.01932818442583084 -0.0935000032186508
v -1.1019478662888105e-08 -0.031000003218650818 -0.0935000032186508
v -0.019328195601701736 -0.024236775934696198 -0.0935000032186508
v -0.006898161023855209 -0.03022276610136032 -0.0935000032186508
v -0.01345040276646614 -0.027930036187171936 -0.0935000032186508
v -0.024236787110567093 0.01932818442583084 -0.0935000032186508
v -0.019328195601701736 0.024236775934696198 -0.0935000032186508
v -0.01345040276646614 0.027930036187171936 -0.0935000032186508
v 0.02793002501130104 -0.013450399041175842 -0.0935000032186508
v 0.0242367684841156 -0.01932818442583084 -0.0935000032186508
v -0.030222777277231216 -0.006898149847984314 -0.0935000032186508
v 0.019328176975250244 -0.024236775934696198 -0.0935000032186508
v 0.013450387865304947 -0.027930036187171936 -0.0935000032186508
v 0.006898138672113419 -0.03022276610136032 -0.0935000032186508
v -0.027930039912462234 -0.013450399041175842 -0.0935000032186508
v -0.031000006943941116 -2.8225338732923433e-11 -0.0935000032186508
v -0.031000006943941116 -2.8225338732923433e-11 -0.10350000113248824
v -0.030222777277231216 0.006898149847984314 -0.0935000032186508
v -0.030222777277231216 0.006898149847984314 -0.10350000113248824
v -0.030222777277231216 0.006898149847984314 -0.0935000032186508
v -0.030222777277231216 0.006898149847984314 -0.10350000113248824
v -0.027930039912462234 0.013450395315885544 -0.0935000032186508
v -0.027930039912462234 0.013450395315885544 -0.10350000113248824
v -0.027930039912462234 0.013450395315885544 -0.0935000032186508
v -0.027930039912462234 0.013450395315885544 -0.10350000113248824
v -0.024236787110567093 0.01932818442583084 -0.0935000032186508
v -0.024236787110567093 0.01932818442583084 -0.10350000113248824
v -0.024236787110567093 0.01932818442583084 -0.0935000032186508
v -0.024236787110567093 0.01932818442583084 -0.10350000113248824
v -0.019328195601701736 0.024236775934696198 -0.0935000032186508
v -0.019328195601701736 0.024236775934696198 -0.10350000113248824
v -0.019328195601701736 0.024236775934696198 -0.0935000032186508
v -0.019328195601701736 0.024236775934696198 -0.10350000113248824
v -0.01345040276646614 0.027930036187171936 -0.0935000032186508
v -0.01345040276646614 0.027930036187171936 -0.10350000113248824
v -0.01345040276646614 0.027930036187171936 -0.0935000032186508
v -0.01345040276646614 0.027930036187171936 -0.10350000113248824
v -0.006898161023855209 0.03022276610136032 -0.0935000032186508
v -0.006898161023855209 0.03022276610136032 -0.10350000113248824
v -0.006898161023855209 0.03022276610136032 -0.0935000032186508
v -0.006898161023855209 0.03022276610136032 -0.10350000113248824
v -1.1019478662888105e-08 0.03099999949336052 -0.0935000032186508
v -1.1019478662888105e-08 0.03099999949336052 -0.10350000113248824
v -1.1019478662888105e-08 0.03099999949336052 -0.0935000032186508
v -1.1019478662888105e-08 0.03099999949336052 -0.10350000113248824
v 0.006898138672113419 0.03022276610136032 -0.0935000032186508
v 0.006898138672113419 0.03022276610136032 -0.10350000113248824
v 0.006898138672113419 0.03022276610136032 -0.0935000032186508
v 0.006898138672113419 0.03022276610136032 -0.10350000113248824
v 0.013450387865304947 0.027930036187171936 -0.0935000032186508
v 0.013450387865304947 0.027930036187171936 -0.10350000113248824
v 0.013450387865304947 0.027930036187171936 -0.0935000032186508
v 0.013450387865304947 0.027930036187171936 -0.10350000113248824
v 0.019328176975250244 0.024236775934696198 -0.0935000032186508
v 0.019328176975250244 0.024236775934696198 -0.10350000113248824
v 0.019328176975250244 0.024236775934696198 -0.0935000032186508
v 0.019328176975250244 0.024236775934696198 -0.10350000113248824
v 0.0242367684841156 0.01932818442583084 -0.0935000032186508
v 0.0242367684841156 0.01932818442583084 -0.10350000113248824
v 0.0242367684841156 0.01932818442583084 -0.0935000032186508
v 0.0242367684841156 0.01932818442583084 -0.10350000113248824
v 0.02793002501130104 0.013450395315885544 -0.0935000032186508
v 0.02793002501130104 0.013450395315885544 -0.10350000113248824
v 0.02793002501130104 0.013450395315885544 -0.0935000032186508
v 0.02793002501130104 0.013450395315885544 -0.10350000113248824
v 0.030222754925489426 0.006898149847984314 -0.0935000032186508
v 0.030222754925489426 0.006898149847984314 -0.10350000113248824
v 0.030222754925489426 0.006898149847984314 -0.0935000032186508
v 0.030222754925489426 0.006898149847984314 -0.10350000113248824
v 0.030999992042779922 -2.8225338732923433e-11 -0.0935000032186508
v 0.030999992042779922 -2.8225338732923433e-11 -0.10350000113248824
f 1 2 3
f 3 2 4
f 5 6 7
f 7 6 8
f 9 10 11
f 11 10 12
f 13 14 15
f 15 14 16
f 17 18 19
f 19 18 20
f 21 22 23
f 23 22 24
f 25 26 27
f 27 26 28
f 29 30 31
f 31 30 32
f 33 34 35
f 35 34 36
f 37 38 39
f 39 38 40
f 41 42 43
f 43 42 44
f 45 46 47
f 47 46 48
f 49 50 51
f 51 50 52
f 53 54 55
f 55 54 56
f 57 58 59
f 59 58 60
f 61 62 63
f 63 62 64
f 65 66 67
f 67 66 68
f 69 70 71
f 71 70 72
f 73 74 75
f 75 74 76
f 77 78 79
f 79 78 80
f 81 82 83
f 83 82 84
f 85 86 87
f 87 86 88
f 89 90 91
f 91 90 92
f 93 94 95
f 95 94 96
f 97 98 99
f 99 98 100
f 101 102 103
f 103 102 104
f 105 106 107
f 107 106 108
f 109 110 111
f 109 111 112
f 113 114 115
f 113 115 116
f 117 118 119
f 117 119 120
f 121 122 123
f 121 123 124
f 125 126 127
f 125 127 128
f 129 130 131
f 129 131 132
f 133 134 135
f 133 135 136
f 137 138 139
f 137 139 140
f 141 142 143
f 141 143 144
f 145 146 147
f 145 147 148
f 149 150 151
f 149 151 152
f 153 154 155
f 153 155 156
f 157 158 159
f 157 159 160
f 161 162 163
f 161 163 164
f 165 166 167
f 165 167 168
f 169 170 171
f 169 171 172
f 173 174 175
f 173 175 176
f 177 178 179
f 177 179 180
f 181 182 183
f 181 183 184
f 185 186 187
f 185 187 188
f 189 190 191
f 189 191 192
f 193 194 195
f 193 195 196
f 197 198 199
f 197 199 200
f 201 202 203
f 201 203 204
f 205 206 207
f 205 207 208
f 209 210 211
f 209 211 212
f 213 214 215
f 213 215 216
f 217 218 219
f 217 219 220
f 221 222 223
f 221 223 224
f 225 226 227
f 225 227 228
f 229 230 231
f 229 231 232
f 233 234 235
f 233 235 236
f 237 238 239
f 237 239 240
f 241 242 243
f 241 243 244
f 245 246 247
f 245 247 248
f 249 250 251
f 249 251 252
f 253 254 255
f 253 255 256
f 257 258 259
f 257 259 260
f 261 262 263
f 261 263 264
f 265 266 267
f 265 267 268
f 269 270 271
f 269 271 272
f 273 274 275
f 273 275 276
f 277 278 279
f 277 279 280
f 281 282 283
f 281 283 284
f 285 286 287
f 285 287 288
f 289 290 291
f 289 291 292
f 293 294 295
f 293 295 296
f 297 298 299
f 297 299 300
f 301 302 303
f 301 303 304
f 305 306 307
f 305 307 308
f 309 310 311
f 309 311 312
f 313 314 315
f 313 315 316
f 317 318 319
f 317 319 320
f 321 322 323
f 321 323 324
f 325 326 327
f 325 327 328
f 329 330 331
f 329 331 332
f 333 334 335
f 333 335 336
f 337 338 339
f 337 339 340
f 341 342 343
f 341 343 344
f 345 346 347
f 345 347 348
f 349 350 351
f 349 351 352
f 353 354 355
f 353 355 356
f 357 358 359
f 357 359 360
f 361 362 363
f 361 363 364
f 365 366 367
f 365 367 368
f 369 370 371
f 369 371 372
f 373 374 375
f 373 375 376
f 377 378 379
f 377 379 380
f 381 382 383
f 381 383 384
f 385 386 387
f 385 387 388
f 389 390 391
f 389 391 392
f 393 394 395
f 393 395 396
f 397 398 399
f 397 399 400
f 401 402 403
f 401 403 404
f 405 406 407
f 405 407 408
f 409 410 411
f 409 411 412
f 413 414 415
f 413 415 416
f 417 418 419
f 420 421 422
f 423 424 425
f 426 427 428
f 429 430 431
f 432 433 434
f 435 436 437
f 438 439 440
f 441 442 443
f 444 445 446
f 447 448 449
f 450 451 452
f 453 454 455
f 456 457 458
f 459 460 461
f 462 463 464
f 465 466 467
f 468 469 470
f 471 472 473
f 474 475 476
f 477 478 479
f 480 481 482
f 483 484 485
f 486 487 488
f 489 490 491
f 492 493 494
f 495 496 497
f 498 499 500
f 501 502 503
f 504 505 506
f 507 508 509
f 510 511 512
f 513 514 515
f 516 517 518
f 519 520 521
f 522 523 524
f 525 526 527
f 528 529 530
f 531 532 533
f 534 535 536
f 537 538 539
f 540 541 542
f 543 544 545
f 546 547 548
f 549 550 551
f 552 553 554
f 555 556 557
f 558 559 560
f 561 562 563
f 564 565 566
f 567 568 569
f 570 571 572
f 573 574 575
f 576 577 578
f 579 580 581
f 582 583 584
f 585 586 587
f 588 589 590
f 591 592 593
f 594 595 596
f 597 598 599
f 600 601 602
f 603 604 605
f 606 607 608
f 609 610 611
f 612 613 614
f 615 616 617
f 618 619 620
f 621 622 623
f 624 625 626
f 627 628 629
f 630 631 632
f 633 634 635
f 636 637 638
f 639 640 641
f 642 643 644
f 645 646 647
f 648 649 650
f 651 652 653
f 654 655 656
f 657 658 659
f 660 661 662
f 663 664 665
f 666 667 668
f 669 670 671
f 672 673 674
f 675 676 677
f 678 679 680
f 681 682 683
f 684 685 686
f 687 688 689
f 690 691 692
f 693 694 695
f 696 697 698
f 699 700 701
f 702 703 704
f 705 706 707
f 708 709 710
f 711 712 713
f 714 715 716
f 717 718 719
f 720 721 722
f 723 724 725
f 726 727 728
f 729 730 731
f 732 733 734
f 735 736 737
f 738 739 740
f 741 742 743
f 744 745 746
f 747 748 749
f 750 751 752
f 753 754 755
f 756 757 758
f 759 760 761
f 762 763 764
f 765 766 767
f 768 769 770
f 771 772 773
f 774 775 776
f 777 778 779
f 780 781 782
f 783 784 785
f 786 787 788
f 789 790 791
f 792 793 794
f 795 796 797
f 798 799 800
f 801 802 803
f 804 805 806
f 807 808 809
f 810 811 812
f 813 814 815
f 816 817 818
f 819 820 821
f 822 823 824
f 825 826 827
f 828 829 830
f 831 832 833
f 834 835 836
f 837 838 839
f 840 841 842
f 843 844 845
f 846 847 848
f 849 850 851
f 852 853 854
f 855 856 857
f 858 859 860
f 861 862 863
f 864 865 866
f 867 868 869
f 870 871 872
f 873 874 875
f 876 877 878
f 879 880 881
f 882 883 884
f 885 886 887
f 888 889 890
f 891 892 893
f 894 895 896
f 897 898 899
f 900 901 902
f 903 904 905
f 906 907 908
f 909 910 911
f 912 913 914
f 915 916 917
f 918 919 920
f 921 922 923
f 924 925 926
f 927 928 929
f 930 931 932
f 933 934 935
f 936 937 938
f 939 940 941
f 942 943 944
f 945 946 947
f 948 949 950
f 951 952 953
f 954 955 956
f 957 958 959
f 960 961 962
f 963 964 965
f 966 967 968
f 969 970 971
f 972 973 974
f 975 976 977
f 978 979 980
f 981 982 983
f 984 985 986
f 987 988 989
f 990 991 992
f 993 994 995
f 996 997 998
f 999 1000 1001
f 1002 1003 1004
f 1005 1006 1007
f 1008 1009 1010
f 1011 1012 1013
f 1014 1015 1016
f 1017 1018 1019
f 1020 1021 1022
f 1023 1024 1025
f 1026 1027 1028
f 1029 1030 1031
f 1032 1033 1034
f 1035 1036 1037
f 1038 1039 1040
f 1041 1042 1043
f 1044 1045 1046
f 1047 1048 1049
f 1050 1051 1052
f 1053 1054 1055
f 1056 1057 1058
f 1059 1060 1061
f 1062 1063 1064
f 1065 1066 1067
f 1068 1069 1070
f 1071 1072 1073
f 1074 1075 1076
f 1077 1078 1079
f 1080 1081 1082
f 1083 1084 1085
f 1086 1087 1088
f 1089 1090 1091
f 1092 1093 1094
f 1095 1096 1097
f 1098 1099 1100
f 1101 1102 1103
f 1104 1105 1106
f 1107 1108 1109
f 1110 1111 1112
f 1113 1114 1115
f 1116 1117 1118
f 1119 1120 1121
f 1122 1123 1124
f 1125 1126 1127
f 1128 1129 1130
f 1131 1132 1133
f 1134 1135 1136
f 1137 1138 1139
f 1140 1141 1142
f 1143 1144 1145
f 1146 1147 1148
f 1149 1150 1151
f 1152 1153 1154
f 1155 1156 1157
f 1158 1159 1160
f 1161 1162 1163
f 1164 1165 1166
f 1167 1168 1169
f 1170 1171 1172
f 1173 1174 1175
f 1176 1177 1178
f 1179 1180 1181
f 1182 1183 1184
f 1185 1186 1187
f 1188 1189 1190
f 1191 1192 1193
f 1194 1195 1196
f 1197 1198 1199
f 1200 1201 1202
f 1203 1204 1205
f 1206 1207 1208
f 1209 1210 1211
f 1212 1213 1214
f 1215 1216 1217
f 1218 1219 1220
f 1221 1222 1223
f 1224 1225 1226
f 1227 1228 1229
f 1230 1231 1232
f 1233 1234 1235
f 1236 1237 1238
f 1239 1240 1241
f 1242 1243 1244
f 1245 1246 1247
f 1248 1249 1250
f 1251 1252 1253
f 1254 1255 1256
f 1257 1258 1259
f 1260 1261 1262
f 1263 1264 1265
f 1266 1267 1268
f 1269 1270 1271
f 1272 1273 1274
f 1275 1276 1277
f 1278 1279 1280
f 1281 1282 1283
f 1284 1285 1286
f 1287 1288 1289
f 1290 1291 1292
f 1293 1294 1295
f 1296 1297 1298
f 1299 1300 1301
f 1302 1303 1304
f 1305 1306 1307
f 1308 1309 1310
f 1311 1312 1313
f 1314 1315 1316
f 1317 1318 1319
f 1320 1321 1322
f 1323 1324 1325
f 1326 1327 1328
f 1329 1330 1331
f 1332 1333 1334
f 1335 1336 1337
f 1338 1339 1340
f 1341 1342 1343
f 1344 1345 1346
f 1347 1348 1349
f 1350 1351 1352
f 1353 1354 1355
f 1356 1357 1358
f 1359 1360 1361
f 1362 1363 1364
f 1365 1366 1367
f 1368 1369 1370
f 1371 1372 1373
f 1374 1375 1376
f 1377 1378 1379
f 1380 1381 1382
f 1383 1384 1385
f 1386 1387 1388
f 1389 1390 1391
f 1392 1393 1394
f 1395 1396 1397
f 1398 1399 1400
f 1401 1402 1403
f 1404 1405 1406
f 1407 1408 1409
f 1410 1411 1412
f 1413 1414 1415
f 1416 1417 1418
f 1419 1420 1421
f 1422 1423 1424
f 1425 1426 1427
f 1428 1429 1430
f 1431 1432 1433
f 1434 1435 1436
f 1437 1438 1439
f 1440 1441 1442
f 1443 1444 1445
f 1446 1447 1448
f 1449 1450 1451
f 1452 1453 1454
f 1455 1456 1457
f 1458 1459 1460
f 1461 1462 1463
f 1464 1465 1466
f 1467 1468 1469
f 1470 1471 1472
f 1473 1474 1475
f 1476 1477 1478
f 1479 1480 1481
f 1482 1483 1484
f 1485 1486 1487
f 1488 1489 1490
f 1491 1492 1493
f 1494 1495 1496
f 1497 1498 1499
f 1500 1501 1502
f 1503 1504 1505
f 1506 1507 1508
f 1509 1510 1511
f 1512 1513 1514
f 1515 1516 1517
f 1518 1519 1520
f 1521 1522 1523
f 1524 1525 1526
f 1527 1528 1529
f 1530 1531 1532
f 1533 1534 1535
f 1536 1537 1538
f 1539 1540 1541
f 1542 1543 1544
f 1545 1546 1547
f 1548 1549 1550
f 1551 1552 1553
f 1554 1555 1556
f 1557 1558 1559
f 1560 1561 1562
f 1563 1564 1565
f 1566 1567 1568
f 1569 1570 1571
f 1572 1573 1574
f 1575 1576 1577
f 1578 1579 1580
f 1581 1582 1583
f 1584 1585 1586
f 1587 1588 1589
f 1590 1591 1592
f 1593 1594 1595
f 1596 1597 1598
f 1599 1600 1601
f 1602 1603 1604
f 1605 1606 1607
f 1608 1609 1610
f 1611 1612 1613
f 1614 1615 1616
f 1617 1618 1619
f 1620 1621 1622
f 1623 1624 1625
f 1626 1627 1628
f 1629 1630 1631
f 1632 1633 1634
f 1635 1636 1637
f 1638 1639 1640
f 1641 1642 1643
f 1644 1645 1646
f 1647 1648 1649
f 1650 1651 1652
f 1653 1654 1655
f 1656 1657 1658
f 1659 1660 1661
f 1662 1663 1664
f 1665 1666 1667
f 1668 1669 1670
f 1671 1672 1673
f 1674 1675 1676
f 1677 1678 1679
f 1680 1681 1682
f 1683 1684 1685
f 1686 1687 1688
f 1689 1690 1691
f 1692 1693 1694
f 1695 1696 1697
f 1698 1699 1700
f 1701 1702 1703
f 1704 1705 1706
f 1707 1708 1709
f 1710 1711 1712
f 1713 1714 1715
f 1716 1717 1718
f 1719 1720 1721
f 1722 1723 1724
f 1725 1726 1727
f 1728 1729 1730
f 1731 1732 1733
f 1734 1735 1736
f 1737 1738 1739
f 1740 1741 1742
f 1743 1744 1745
f 1746 1747 1748
f 1749 1750 1751
f 1752 1753 1754
f 1755 1756 1757
f 1758 1759 1760
f 1761 1762 1763
f 1764 1765 1766
f 1767 1768 1769
f 1770 1771 1772
f 1773 1774 1775
f 1776 1777 1778
f 1779 1780 1781
f 1782 1783 1784
f 1785 1786 1787
f 1788 1789 1790
f 1791 1792 1793
f 1794 1795 1796
f 1797 1798 1799
f 1800 1801 1802
f 1803 1804 1805
f 1806 1807 1808
f 1809 1810 1811
f 1812 1813 1814
f 1815 1816 1817
f 1818 1819 1820
f 1821 1822 1823
f 1824 1825 1826
f 1827 1828 1829
f 1830 1831 1832
f 1833 1834 1835
f 1836 1837 1838
f 1839 1840 1841
f 1842 1843 1844
f 1845 1846 1847
f 1848 1849 1850
f 1851 1852 1853
f 1854 1855 1856
f 1857 1858 1859
f 1860 1861 1862
f 1863 1864 1865
f 1866 1867 1868
f 1869 1870 1871
f 1872 1873 1874
f 1875 1876 1877
f 1878 1879 1880
f 1881 1882 1883
f 1884 1885 1886
f 1887 1888 1889
f 1890 1891 1892
f 1893 1894 1895
f 1896 1897 1898
f 1899 1900 1901
f 1902 1903 1904
f 1905 1906 1907
f 1908 1909 1910
f 1911 1912 1913
f 1914 1915 1916
f 1917 1918 1919
f 1920 1921 1922
f 1923 1924 1925
f 1926 1927 1928
f 1929 1930 1931
f 1932 1933 1934
f 1935 1936 1937
f 1938 1939 1940
f 1941 1942 1943
f 1944 1945 1946
f 1947 1948 1949
f 1950 1951 1952
f 1953 1954 1955
f 1956 1957 1958
f 1959 1960 1961
f 1962 1963 1964
f 1965 1966 1967
f 1968 1969 1970
f 1971 1972 1973
f 1974 1975 1976
f 1977 1978 1979
f 1980 1981 1982
f 1983 1984 1985
f 1986 1987 1988
f 1989 1990 1991
f 1992 1993 1994
f 1995 1996 1997
f 1998 1999 2000
f 2001 2002 2003
f 2004 2005 2006
f 2007 2008 2009
f 2010 2011 2012
f 2013 2014 2015
f 2016 2017 2018
f 2019 2020 2021
f 2022 2023 2024
f 2025 2026 2027
f 2028 2029 2030
f 2031 2032 2033
f 2034 2035 2036
f 2037 2038 2039
f 2040 2041 2042
f 2043 2044 2045
f 2046 2047 2048
f 2049 2050 2051
f 2052 2053 2054
f 2055 2056 2057
f 2058 2059 2060
f 2061 2062 2063
f 2064 2065 2066
f 2067 2068 2069
f 2070 2071 2072
f 2073 2074 2075
f 2076 2077 2078
f 2079 2080 2081
f 2082 2083 2084
f 2085 2086 2087
f 2088 2089 2090
f 2091 2092 2093
f 2094 2095 2096
f 2097 2098 2099
f 2100 2101 2102
f 2103 2104 2105
f 2106 2107 2108
f 2109 2110 2111
f 2112 2113 2114
f 2115 2116 2117
f 2118 2119 2120
f 2121 2122 2123
f 2124 2125 2126
f 2127 2128 2129
f 2130 2131 2132
f 2133 2134 2135
f 2136 2137 2138
f 2139 2140 2141
f 2142 2143 2144
f 2145 2146 2147
f 2148 2149 2150
f 2151 2152 2153
f 2154 2155 2156
f 2157 2158 2159
f 2160 2161 2162
f 2163 2164 2165
f 2166 2167 2168
f 2169 2170 2171
f 2172 2173 2174
f 2175 2176 2177
f 2178 2179 2180
f 2181 2182 2183
f 2184 2185 2186
f 2187 2188 2189
f 2190 2191 2192
f 2193 2194 2195
f 2196 2197 2198
f 2199 2200 2201
f 2202 2203 2204
f 2205 2206 2207
f 2208 2209 2210
f 2211 2212 2213
f 2214 2215 2216
f 2217 2218 2219
f 2220 2221 2222
f 2223 2224 2225
f 2226 2227 2228
f 2229 2230 2231
f 2232 2233 2234
f 2235 2236 2237
f 2238 2239 2240
f 2241 2242 2243
f 2244 2245 2246
f 2247 2248 2249
f 2250 2251 2252
f 2253 2254 2255
f 2256 2257 2258
f 2259 2260 2261
f 2262 2263 2264
f 2265 2266 2267
f 2268 2269 2270
f 2271 2272 2273
f 2274 2275 2276
f 2277 2278 2279
f 2280 2281 2282
f 2283 2284 2285
f 2286 2287 2288
f 2289 2290 2291
f 2292 2293 2294
f 2295 2296 2297
f 2298 2299 2300
f 2301 2302 2303
f 2304 2305 2306
f 2307 2308 2309
f 2310 2311 2312
f 2313 2314 2315
f 2316 2317 2318
f 2319 2320 2321
f 2322 2323 2324
f 2325 2326 2327
f 2328 2329 2330
f 2331 2332 2333
f 2334 2335 2336
f 2337 2338 2339
f 2340 2341 2342
f 2343 2344 2345
f 2346 2347 2348
f 2349 2350 2351
f 2352 2353 2354
f 2355 2356 2357
f 2358 2359 2360
f 2361 2362 2363
f 2364 2365 2366
f 2367 2368 2369
f 2370 2371 2372
f 2373 2374 2375
f 2376 2377 2378
f 2379 2380 2381
f 2382 2383 2384
f 2385 2386 2387
f 2388 2389 2390
f 2391 2392 2393
f 2394 2395 2396
f 2397 2398 2399
f 2400 2401 2402
f 2403 2404 2405
f 2406 2407 2408
f 2409 2410 2411
f 2412 2413 2414
f 2415 2416 2417
f 2418 2419 2420
f 2421 2422 2423
f 2424 2425 2426
f 2427 2428 2429
f 2430 2431 2432
f 2433 2434 2435
f 2436 2437 2438
f 2439 2440 2441
f 2442 2443 2444
f 2445 2446 2447
f 2448 2449 2450
f 2451 2452 2453
f 2454 2455 2456
f 2457 2458 2459
f 2460 2461 2462
f 2463 2464 2465
f 2466 2467 2468
f 2469 2470 2471
f 2472 2473 2474
f 2475 2476 2477
f 2478 2479 2480
f 2481 2482 2483
f 2484 2485 2486
f 2487 2488 2489
f 2490 2491 2492
f 2493 2494 2495
f 2496 2497 2498
f 2499 2500 2501
f 2502 2503 2504
f 2505 2506 2507
f 2508 2509 2510
f 2511 2512 2513
f 2514 2515 2516
f 2517 2518 2519
f 2520 2521 2522
f 2523 2524 2525
f 2526 2527 2528
f 2529 2530 2531
f 2532 2533 2534
f 2535 2536 2537
f 2538 2539 2540
f 2541 2542 2543
f 2544 2545 2546
f 2547 2548 2549
f 2550 2551 2552
f 2553 2554 2555
f 2556 2557 2558
f 2559 2560 2561
f 2562 2563 2564
f 2565 2566 2567
f 2568 2569 2570
f 2571 2572 2573
f 2574 2575 2576
f 2577 2578 2579
f 2580 2581 2582
f 2583 2584 2585
f 2586 2587 2588
f 2589 2590 2591
f 2592 2593 2594
f 2595 2596 2597
f 2598 2599 2600
f 2601 2602 2603
f 2604 2605 2606
f 2607 2608 2609
f 2610 2611 2612
f 2613 2614 2615
f 2616 2617 2618
f 2619 2620 2621
f 2622 2623 2624
f 2625 2626 2627
f 2628 2629 2630
f 2631 2632 2633
f 2634 2635 2636
f 2637 2638 2639
f 2640 2641 2642
f 2643 2644 2645
f 2646 2647 2648
f 2649 2650 2651
f 2652 2653 2654
f 2655 2656 2657
f 2658 2659 2660
f 2661 2662 2663
f 2664 2665 2666
f 2667 2668 2669
f 2670 2671 2672
f 2673 2674 2675
f 2676 2677 2678
f 2679 2680 2681
f 2682 2683 2684
f 2685 2686 2687
f 2688 2689 2690
f 2691 2692 2693
f 2694 2695 2696
f 2697 2698 2699
f 2700 2701 2702
f 2703 2704 2705
f 2706 2707 2708
f 2709 2710 2711
f 2712 2713 2714
f 2715 2716 2717
f 2718 2719 2720
f 2721 2722 2723
f 2724 2725 2726
f 2727 2728 2729
f 2730 2731 2732
f 2733 2734 2735
f 2736 2737 2738
f 2739 2740 2741
f 2742 2743 2744
f 2745 2746 2747
f 2748 2749 2750
f 2751 2752 2753
f 2754 2755 2756
f 2757 2758 2759
f 2760 2761 2762
f 2763 2764 2765
f 2766 2767 2768
f 2769 2770 2771
f 2772 2773 2774
f 2775 2776 2777
f 2778 2779 2780
f 2781 2782 2783
f 2784 2785 2786
f 2787 2788 2789
f 2790 2791 2792
f 2793 2794 2795
f 2796 2797 2798
f 2799 2800 2801
f 2802 2803 2804
f 2805 2806 2807
f 2808 2809 2810
f 2811 2812 2813
f 2814 2815 2816
f 2817 2818 2819
f 2820 2821 2822
f 2823 2824 2825
f 2826 2827 2828
f 2829 2830 2831
f 2832 2833 2834
f 2835 2836 2837
f 2838 2839 2840
f 2841 2842 2843
f 2844 2845 2846
f 2847 2848 2849
f 2850 2851 2852
f 2853 2854 2855
f 2856 2857 2858
f 2859 2860 2861
f 2862 2863 2864
f 2865 2866 2867
f 2868 2869 2870
f 2871 2872 2873
f 2874 2875 2876
f 2877 2878 2879
f 2880 2881 2882
f 2883 2884 2885
f 2886 2887 2888
f 2889 2890 2891
f 2892 2893 2894
f 2895 2896 2897
f 2898 2899 2900
f 2901 2902 2903
f 2904 2905 2906
f 2907 2908 2909
f 2910 2911 2912
f 2913 2914 2915
f 2916 2917 2918
f 2919 2920 2921
f 2922 2923 2924
f 2925 2926 2927
f 2928 2929 2930
f 2931 2932 2933
f 2934 2935 2936
f 2937 2938 2939
f 2940 2941 2942
f 2943 2944 2945
f 2946 2947 2948
f 2949 2950 2951
f 2952 2953 2954
f 2955 2956 2957
f 2958 2959 2960
f 2961 2962 2963
f 2964 2965 2966
f 2967 2968 2969
f 2970 2971 2972
f 2973 2974 2975
f 2976 2977 2978
f 2979 2980 2981
f 2982 2983 2984
f 2985 2986 2987
f 2988 2989 2990
f 2991 2992 2993
f 2994 2995 2996
f 2997 2998 2999
f 3000 3001 3002
f 3003 3004 3005
f 3006 3007 3008
f 3009 3010 3011
f 3012 3013 3014
f 3015 3016 3017
f 3018 3019 3020
f 3021 3022 3023
f 3024 3025 3026
f 3027 3028 3029
f 3030 3031 3032
f 3033 3034 3035
f 3036 3037 3038
f 3039 3040 3041
f 3042 3043 3044
f 3045 3046 3047
f 3048 3049 3050
f 3051 3052 3053
f 3054 3055 3056
f 3057 3058 3059
f 3060 3061 3062
f 3063 3064 3065
f 3066 3067 3068
f 3069 3070 3071
f 3072 3073 3074
f 3075 3076 3077
f 3078 3079 3080
f 3081 3082 3083
f 3084 3085 3086
f 3087 3088 3089
f 3090 3091 3092
f 3093 3094 3095
f 3096 3097 3098
f 3099 3100 3101
f 3102 3103 3104
f 3105 3106 3107
f 3108 3109 3110
f 3111 3112 3113
f 3114 3115 3116
f 3117 3118 3119
f 3120 3121 3122
f 3123 3124 3125
f 3126 3127 3128
f 3129 3130 3131
f 3132 3133 3134
f 3135 3136 3137
f 3138 3139 3140
f 3141 3142 3143
f 3144 3145 3146
f 3147 3148 3149
f 3150 3151 3152
f 3153 3154 3155
f 3156 3157 3158
f 3159 3160 3161
f 3162 3163 3164
f 3165 3166 3167
f 3168 3169 3170
f 3171 3172 3173
f 3174 3175 3176
f 3177 3178 3179
f 3180 3181 3182
f 3183 3184 3185
f 3186 3187 3188
f 3189 3190 3191
f 3192 3193 3194
f 3195 3196 3197
f 3198 3199 3200
f 3201 3202 3203
f 3204 3205 3206
f 3207 3208 3209
f 3210 3211 3212
f 3213 3214 3215
f 3216 3217 3218
f 3219 3220 3221
f 3222 3223 3224
f 3225 3226 3227
f 3228 3229 3230
f 3231 3232 3233
f 3234 3235 3236
f 3237 3238 3239
f 3240 3241 3242
f 3243 3244 3245
f 3246 3247 3248
f 3249 3250 3251
f 3252 3253 3254
f 3255 3256 3257
f 3258 3259 3260
f 3261 3262 3263
f 3264 3265 3266
f 3267 3268 3269
f 3270 3271 3272
f 3273 3274 3275
f 3276 3277 3278
f 3279 3280 3281
f 3282 3283 3284
f 3285 3286 3287
f 3288 3289 3290
f 3291 3292 3293
f 3294 3295 3296
f 3297 3298 3299
f 3300 3301 3302
f 3303 3304 3305
f 3306 3307 3308
f 3309 3310 3311
f 3312 3313 3314
f 3315 3316 3317
f 3318 3319 3320
f 3321 3322 3323
f 3324 3325 3326
f 3327 3328 3329
f 3330 3331 3332
f 3333 3334 3335
f 3336 3337 3338
f 3339 3340 3341
f 3342 3343 3344
f 3345 3346 3347
f 3348 3349 3350
f 3351 3352 3353
f 3354 3355 3356
f 3357 3358 3359
f 3360 3361 3362
f 3363 3364 3365
f 3366 3367 3368
f 3369 3370 3371
f 3372 3373 3374
f 3375 3376 3377
f 3378 3379 3380
f 3381 3382 3383
f 3384 3385 3386
f 3387 3388 3389
f 3390 3391 3392
f 3393 3394 3395
f 3396 3397 3398
f 3399 3400 3401
f 3402 3403 3404
f 3405 3406 3407
f 3408 3409 3410
f 3411 3412 3413
f 3414 3415 3416
f 3417 3418 3419
f 3420 3421 3422
f 3423 3424 3425
f 3426 3427 3428
f 3429 3430 3431
f 3432 3433 3434
f 3435 3436 3437
f 3438 3439 3440
f 3441 3442 3443
f 3444 3445 3446
f 3447 3448 3449
f 3450 3451 3452
f 3453 3454 3455
f 3456 3457 3458
f 3459 3460 3461
f 3462 3463 3464
f 3465 3466 3467
f 3468 3469 3470
f 3471 3472 3473
f 3474 3475 3476
f 3477 3478 3479
f 3480 3481 3482
f 3483 3484 3485
f 3486 3487 3488
f 3489 3490 3491
f 3492 3493 3494
f 3495 3496 3497
f 3498 3499 3500
f 3501 3502 3503
f 3504 3505 3506
f 3507 3508 3509
f 3510 3511 3512
f 3513 3514 3515
f 3516 3517 3518
f 3519 3520 3521
f 3522 3523 3524
f 3525 3526 3527
f 3528 3529 3530
f 3531 3532 3533
f 3534 3535 3536
f 3537 3538 3539
f 3540 3541 3542
f 3543 3544 3545
f 3546 3547 3548
f 3549 3550 3551
f 3552 3553 3554
f 3555 3556 3557
f 3558 3559 3560
f 3561 3562 3563
f 3564 3565 3566
f 3567 3568 3569
f 3570 3571 3572
f 3573 3574 3575
f 3576 3577 3578
f 3579 3580 3581
f 3582 3583 3584
f 3585 3586 3587
f 3588 3589 3590
f 3591 3592 3593
f 3594 3595 3596
f 3597 3598 3599
f 3600 3601 3602
f 3603 3604 3605
f 3606 3607 3608
f 3609 3610 3611
f 3612 3613 3614
f 3615 3616 3617
f 3618 3619 3620
f 3621 3622 3623
f 3624 3625 3626
f 3627 3628 3629
f 3630 3631 3632
f 3633 3634 3635
f 3636 3637 3638
f 3639 3640 3641
f 3642 3643 3644
f 3645 3646 3647
f 3648 3649 3650
f 3651 3652 3653
f 3654 3655 3656
f 3657 3658 3659
f 3660 3661 3662
f 3663 3664 3665
f 3666 3667 3668
f 3669 3670 3671
f 3672 3673 3674
f 3675 3676 3677
f 3678 3679 3680
f 3681 3682 3683
f 3684 3685 3686
f 3687 3688 3689
f 3690 3691 3692
f 3693 3694 3695
f 3696 3697 3698
f 3699 3700 3701
f 3702 3703 3704
f 3705 3706 3707
f 3708 3709 3710
f 3711 3712 3713
f 3714 3715 3716
f 3717 3718 3719
f 3720 3721 3722
f 3723 3724 3725
f 3726 3727 3728
f 3729 3730 3731
f 3732 3733 3734
f 3735 3736 3737
f 3738 3739 3740
f 3741 3742 3743
f 3744 3745 3746
f 3747 3748 3749
f 3750 3751 3752
f 3753 3754 3755
f 3756 3757 3758
f 3759 3760 3761
f 3762 3763 3764
f 3765 3766 3767
f 3768 3769 3770
f 3771 3772 3773
f 3774 3775 3776
f 3777 3778 3779
f 3780 3781 3782
f 3783 3784 3785
f 3786 3787 3788
f 3789 3790 3791
f 3792 3793 3794
f 3795 3796 3797
f 3798 3799 3800
f 3801 3802 3803
f 3804 3805 3806
f 3807 3808 3809
f 3810 3811 3812
f 3813 3814 3815
f 3816 3817 3818
f 3819 3820 3821
f 3822 3823 3824
f 3825 3826 3827
f 3828 3829 3830
f 3831 3832 3833
f 3834 3835 3836
f 3837 3838 3839
f 3840 3841 3842
f 3843 3844 3845
f 3846 3847 3848
f 3849 3850 3851
f 3852 3853 3854
f 3855 3856 3857
f 3858 3859 3860
f 3861 3862 3863
f 3864 3865 3866
f 3867 3868 3869
f 3870 3871 3872
f 3873 3874 3875
f 3876 3877 3878
f 3879 3880 3881
f 3882 3883 3884
f 3885 3886 3887
f 3888 3889 3890
f 3891 3892 3893
f 3894 3895 3896
f 3897 3898 3899
f 3900 3901 3902
f 3903 3904 3905
f 3906 3907 3908
f 3909 3910 3911
f 3912 3913 3914
f 3915 3916 3917
f 3918 3919 3920
f 3921 3922 3923
f 3924 3925 3926
f 3927 3928 3929
f 3930 3931 3932
f 3933 3934 3935
f 3936 3937 3938
f 3939 3940 3941
f 3942 3943 3944
f 3945 3946 3947
f 3948 3949 3950
f 3951 3952 3953
f 3954 3955 3956
f 3957 3958 3959
f 3960 3961 3962
f 3963 3964 3965
f 3966 3967 3968
f 3969 3970 3971
f 3972 3973 3974
f 3975 3976 3977
f 3978 3979 3980
f 3981 3982 3983
f 3984 3985 3986
f 3987 3988 3989
f 3989 3988 3990
f 3991 3992 3993
f 3994 3995 3996
f 3997 3998 3999
f 4000 4001 4002
f 4003 4004 4005
f 4006 4007 4008
f 4009 4010 4011
f 4012 4013 4014
f 4015 4016 4017
f 4018 4019 4020
f 4021 4022 4023
f 4024 4025 4026
f 4027 4028 4029
f 4030 4031 4032
f 4033 4034 4035
f 4036 4037 4038
f 4039 4040 4041
f 4042 4043 4044
f 4045 4046 4047
f 4048 4049 4050
f 4051 4052 4053
f 4054 4055 4056
f 4057 4058 4059
f 4060 4061 4062
f 4063 4064 4065
f 4066 4067 4068
f 4068 4067 4069
f 4068 4069 4070
f 4071 4072 4073
f 4074 4075 4076
f 4077 4078 4079
f 4080 4081 4082
f 4083 4084 4085
f 4086 4087 4088
f 4089 4090 4091
f 4092 4093 4094
f 4095 4096 4097
f 4097 4096 4098
f 4099 4100 4101
f 4102 4103 4104
f 4105 4106 4107
f 4108 4109 4110
f 4111 4112 4113
f 4114 4115 4116
f 4117 4118 4119
f 4120 4121 4122
f 4123 4124 4125
f 4126 4127 4128
f 4129 4130 4131
f 4132 4133 4134
f 4131 4135 4136
f 4137 4138 4139
f 3989 4140 3987
f 4141 4142 4143
f 4144 4145 4146
f 4147 4148 4149
f 4150 4151 4152
f 4153 4154 4155
f 4156 4157 4158
f 4159 4160 4161
f 4162 4163 4164
f 4165 4166 4167
f 4168 4169 4170
f 4171 4172 4173
f 4174 4175 4176
f 4177 4178 4179
f 4180 4181 4182
f 4183 4184 4185
f 4186 4187 4188
f 4189 4190 4191
f 4192 4193 4194
f 4195 4196 4197
f 4198 4199 4200
f 4201 4202 4203
f 4204 4205 4206
f 4207 4208 4209
f 4210 4211 4212
f 4213 4214 4215
f 4216 4217 4218
f 4219 4220 4221
f 4222 4223 4224
f 4225 4226 4227
f 4228 4229 4230
f 4231 4232 4233
f 4234 4235 4236
f 4237 4238 4239
f 4240 4241 4242
f 4243 4244 4245
f 4246 4247 4248
f 4249 4250 4251
f 4252 4253 4254
f 4255 4256 4257
f 4258 4259 4260
f 4261 4262 4263
f 4264 4265 4266
f 4267 4268 4269
f 4270 4271 4272
f 4273 4274 4275
f 4276 4277 4278
f 4279 4280 4281
f 4282 4283 4284
f 4285 4286 4287
f 4288 4289 4290
f 4291 4292 4293
f 4294 4295 4296
f 4297 4298 4299
f 4300 4301 4302
f 4303 4304 4305
f 4306 4307 4308
f 4309 4310 4311
f 4312 4313 4314
f 4315 4316 4317
f 4318 4319 4320
f 4321 4322 4323
f 4324 4325 4326
f 4327 4328 4329
f 4330 4331 4332
f 4333 4334 4335
f 4336 4337 4338
f 4339 4340 4341
f 4342 4343 4344
f 4345 4346 4347
f 4348 4349 4350
f 4351 4352 4353
f 4354 4355 4356
f 4357 4358 4359
f 4360 4361 4362
f 4363 4364 4365
f 4366 4367 4368
f 4369 4370 4371
f 4372 4373 4374
f 4375 4376 4377
f 4378 4379 4380
f 4381 4382 4383
f 4384 4385 4386
f 4387 4388 4389
f 4390 4391 4392
f 4393 4394 4395
f 4396 4397 4398
f 4399 4400 4401
f 4402 4403 4404
f 4405 4406 4407
f 4408 4409 4410
f 4411 4412 4413
f 4414 4415 4416
f 4417 4418 4419
f 4420 4421 4422
f 4423 4424 4425
f 4426 4427 4428
f 4429 4430 4431
f 4432 4433 4434
f 4435 4436 4437
f 4438 4439 4440
f 4441 4442 4443
f 4444 4445 4446
f 4447 4448 4449
f 4450 4451 4452
f 4453 4454 4455
f 4456 4457 4458
f 4459 4460 4461
f 4462 4463 4464
f 4465 4466 4467
f 4468 4469 4470
f 4471 4472 4473
f 4474 4475 4476
f 4477 4478 4479
f 4480 4481 4482
f 4483 4484 4485
f 4486 4487 4488
f 4489 4490 4491
f 4492 4493 4494
f 4495 4496 4497
f 4498 4499 4500
f 4501 4502 4503
f 4504 4505 4506
f 4507 4508 4509
f 4510 4511 4512
f 4513 4514 4515
f 4516 4517 4518
f 4519 4520 4521
f 4522 4523 4524
f 4525 4526 4527
f 4528 4529 4530
f 4531 4532 4533
f 4534 4535 4536
f 4537 4538 4539
f 4540 4541 4542
f 4543 4544 4545
f 4546 4547 4548
f 4549 4550 4551
f 4552 4553 4554
f 4555 4556 4557
f 4558 4559 4560
f 4561 4562 4563
f 4564 4565 4566
f 4567 4568 4569
f 4570 4571 4572
f 4573 4574 4575
f 4576 4577 4578
f 4579 4580 4581
f 4582 4583 4584
f 4585 4586 4587
f 4588 4589 4590
f 4591 4592 4593
f 4594 4595 4596
f 4597 4598 4599
f 4600 4601 4602
f 4603 4604 4605
f 4606 4607 4608
f 4609 4610 4611
f 4612 4613 4614
f 4615 4616 4617
f 4618 4619 4620
f 4621 4622 4623
f 4624 4625 4626
f 4627 4628 4629
f 4630 4631 4632
f 4633 4634 4635
f 4636 4637 4638
f 4639 4640 4641
f 4642 4643 4644
f 4645 4646 4647
f 4648 4649 4650
f 4648 4650 4651
f 4652 4653 4654
f 4655 4656 4657
f 4658 4659 4660
f 4661 4662 4663
f 4664 4665 4666
f 4667 4668 4669
f 4670 4671 4672
f 4673 4674 4675
f 4676 4677 4678
f 4679 4680 4681
f 4682 4683 4684
f 4685 4686 4687
f 4688 4689 4690
f 4691 4692 4693
f 4694 4695 4696
f 4697 4698 4699
f 4700 4701 4702
f 4703 4704 4705
f 4706 4707 4708
f 4709 4710 4711
f 4712 4713 4714
f 4715 4716 4717
f 4718 4719 4720
f 4721 4722 4723
f 4724 4725 4726
f 4727 4728 4729
f 4730 4731 4732
f 4733 4734 4735
f 4736 4737 4738
f 4739 4740 4741
f 4742 4743 4744
f 4745 4746 4747
f 4748 4749 4750
f 4751 4752 4753
f 4754 4755 4756
f 4757 4758 4759
f 4760 4761 4762
f 4763 4764 4765
f 4766 4767 4768
f 4769 4770 4771
f 4772 4773 4774
f 4775 4776 4777
f 4778 4779 4780
f 4781 4782 4783
f 4784 4785 4786
f 4787 4788 4789
f 4790 4791 4792
f 4793 4794 4795
f 4796 4797 4798
f 4799 4800 4801
f 4802 4803 4804
f 4805 4806 4807
f 4808 4809 4810
f 4811 4812 4813
f 4814 4815 4816
f 4817 4818 4819
f 4820 4821 4822
f 4823 4824 4825
f 4826 4827 4828
f 4829 4830 4831
f 4832 4833 4834
f 4835 4836 4837
f 4838 4839 4840
f 4841 4842 4843
f 4844 4845 4846
f 4847 4848 4849
f 4850 4851 4852
f 4853 4854 4855
f 4856 4857 4858
f 4859 4860 4861
f 4862 4863 4864
f 4865 4866 4867
f 4868 4869 4870
f 4871 4872 4873
f 4874 4875 4876
f 4877 4878 4879
f 4880 4881 4882
f 4883 4884 4885
f 4886 4887 4888
f 4889 4890 4891
f 4892 4893 4894
f 4895 4896 4897
f 4898 4899 4900
f 4901 4902 4903
f 4904 4905 4906
f 4907 4908 4909
f 4910 4911 4912
f 4913 4914 4915
f 4916 4917 4918
f 4919 4920 4921
f 4922 4923 4924
f 4925 4926 4927
f 4928 4929 4930
f 4931 4932 4933
f 4934 4935 4936
f 4937 4938 4939
f 4940 4941 4942
f 4943 4944 4945
f 4946 4947 4948
f 4949 4950 4951
f 4952 4953 4954
f 4955 4956 4957
f 4958 4959 4960
f 4961 4962 4963
f 4964 4965 4966
f 4967 4968 4969
f 4970 4971 4972
f 4973 4974 4975
f 4976 4977 4978
f 4979 4980 4981
f 4982 4983 4984
f 4985 4986 4987
f 4988 4989 4990
f 4991 4992 4993
f 4994 4995 4996
f 4997 4998 4999
f 5000 5001 5002
f 5003 5004 5005
f 5006 5007 5008
f 5009 5010 5011
f 5012 5013 5014
f 5015 5016 5017
f 5018 5019 5020
f 5021 5022 5023
f 5024 5025 5026
f 5027 5028 5029
f 5030 5031 5032
f 5033 5034 5035
f 5036 5037 5038
f 5039 5040 5041
f 5042 5043 5044
f 5045 5046 5047
f 5047 5046 5048
f 5049 5050 5051
f 5052 5053 5054
f 5055 5056 5057
f 5058 5059 5060
f 5061 5062 5063
f 5064 5065 5066
f 5067 5068 5069
f 5070 5071 5072
f 5073 5074 5075
f 5076 5077 5078
f 5079 5080 5081
f 5082 5083 5084
f 5085 5086 5087
f 5088 5089 5090
f 4348 5091 4349
f 5092 5093 5094
f 5095 5096 5097
f 5098 5099 5100
f 5101 5102 5103
f 5104 5105 5106
f 5107 5108 5109
f 5110 5111 5112
f 5113 5114 5115
f 5116 5117 5118
f 5119 5120 5121
f 5122 5123 5124
f 5125 5126 5127
f 5128 5129 5130
f 5131 5132 5133
f 5134 5135 5136
f 5137 5138 5139
f 5140 5141 5142
f 5143 5144 5145
f 5146 5147 5148
f 5149 5150 5151
f 5152 5153 5154
f 5155 5156 5157
f 5158 5159 5160
f 5161 5162 5163
f 5164 5165 5166
f 5167 5168 5169
f 5170 5171 5172
f 5173 5174 5175
f 5176 5177 5178
f 5179 5180 5181
f 5182 5183 5184
f 5185 5186 5187
f 5188 5189 5190
f 5191 5192 5193
f 5194 5195 5196
f 5197 5198 5199
f 5200 5201 5202
f 5203 5204 5205
f 5206 5207 5208
f 5209 5210 5211
f 5212 5213 5214
f 5215 5216 5217
f 5218 5219 5220
f 5221 5222 5223
f 5224 5225 5226
f 5227 5228 5229
f 5230 5231 5232
f 5233 5234 5235
f 5236 5237 5238
f 5239 5240 5241
f 5242 5243 5244
f 5245 5246 5247
f 5248 5249 5250
f 5251 5252 5253
f 5254 5255 5256
f 5257 5258 5259
f 5260 5261 5262
f 5263 5264 5265
f 5266 5267 5268
f 5269 5270 5271
f 5272 5273 5274
f 5275 5276 5277
f 5278 5279 5280
f 5281 5282 5283
f 5284 5285 5286
f 5287 5288 5289
f 5290 5291 5292
f 5293 5294 5295
f 5296 5297 5298
f 5299 5300 5301
f 5302 5303 5304
f 5305 5306 5307
f 5308 5309 5310
f 5311 5312 5313
f 5314 5315 5316
f 5317 5318 5319
f 5320 5321 5322
f 5323 5324 5325
f 5326 5327 5328
f 5329 5330 5331
f 5332 5333 5334
f 5335 5336 5337
f 5338 5339 5340
f 5341 5342 5343
f 5344 5345 5346
f 5347 5348 5349
f 5350 5351 5352
f 5353 5354 5355
f 5356 5357 5358
f 5359 5360 5361
f 5362 5363 5364
f 5365 5366 5367
f 5368 5369 5370
f 5371 5372 5373
f 5374 5375 5376
f 5377 5378 5379
f 5380 5381 5382
f 5383 5384 5385
f 5386 5387 5388
f 5389 5390 5391
f 5392 5393 5394
f 5395 5396 5397
f 5398 5399 5400
f 5401 5402 5403
f 5404 5405 5406
f 5407 5408 5409
f 5410 5411 5412
f 5413 5414 5415
f 5416 5417 5418
f 5419 5420 5421
f 5422 5423 5424
f 5425 5426 5427
f 5428 5429 5430
f 5431 5432 5433
f 5434 5435 5436
f 5437 5438 5439
f 5440 5441 5442
f 5443 5444 5445
f 5446 5447 5448
f 5449 5450 5451
f 5452 5453 5454
f 5455 5456 5457
f 5458 5459 5460
f 5461 5462 5463
f 5464 5465 5466
f 5467 5468 5469
f 5470 5471 5472
f 5473 5474 5475
f 5476 5477 5478
f 5479 5480 5481
f 5482 5483 5484
f 5485 5486 5487
f 5488 5489 5490
f 5491 5492 5493
f 5494 5495 5496
f 5497 5498 5499
f 5500 5501 5502
f 5503 5504 5505
f 5506 5507 5508
f 5509 5510 5511
f 5512 5513 5514
f 5515 5516 5517
f 5518 5519 5520
f 5521 5522 5523
f 5524 5525 5526
f 5527 5528 5529
f 5530 5531 5532
f 5533 5534 5535
f 5536 5537 5538
f 5539 5540 5541
f 5542 5543 5544
f 5545 5546 5547
f 5548 5549 5550
f 5551 5552 5553
f 5554 5555 5556
f 5557 5558 5559
f 5560 5561 5562
f 5563 5564 5565
f 5566 5567 5568
f 5569 5570 5571
f 5572 5573 5574
f 5575 5576 5577
f 5578 5579 5580
f 5581 5582 5583
f 5584 5585 5586
f 5587 5588 5589
f 5590 5591 5592
f 5593 5594 5595
f 5596 5597 5598
f 5599 5600 5601
f 5602 5603 5604
f 5605 5606 5607
f 5608 5609 5610
f 5611 5612 5613
f 5614 5615 5616
f 5617 5618 5619
f 5620 5621 5622
f 5623 5624 5625
f 5626 5627 5628
f 5629 5630 5631
f 5632 5633 5634
f 5635 5636 5637
f 5638 5639 5640
f 5641 5642 5643
f 5644 5645 5646
f 5647 5648 5649
f 5650 5651 5652
f 5653 5654 5655
f 5656 5657 5658
f 5659 5660 5661
f 5662 5663 5664
f 5665 5666 5667
f 5668 5669 5670
f 5671 5672 5673
f 5674 5675 5676
f 5677 5678 5679
f 5680 5681 5682
f 5683 5684 5685
f 5686 5687 5688
f 5689 5690 5691
f 5692 5693 5694
f 5695 5696 5697
f 5698 5699 5700
f 5701 5702 5703
f 5704 5705 5706
f 5707 5708 5709
f 5710 5711 5712
f 5713 5714 5715
f 5716 5717 5718
f 5719 5720 5721
f 5722 5723 5724
f 5725 5726 5727
f 5728 5729 5730
f 5731 5732 5733
f 5734 5735 5736
f 5737 5738 5739
f 5740 5741 5742
f 5743 5744 5745
f 5746 5747 5748
f 5749 5750 5751
f 5752 5753 5754
f 5755 5756 5757
f 5758 5759 5760
f 5761 5762 5763
f 5764 5765 5766
f 5767 5768 5769
f 5770 5771 5772
f 5773 5774 5775
f 5776 5777 5778
f 5779 5780 5781
f 5782 5783 5784
f 5785 5786 5787
f 5788 5789 5790
f 5791 5792 5793
f 5794 5795 5796
f 5797 5798 5799
f 5800 5801 5802
f 5803 5804 5805
f 5806 5807 5808
f 5809 5810 5811
f 5812 5813 5814
f 5815 5816 5817
f 5818 5819 5820
f 5821 5822 5823
f 5824 5825 5826
f 5827 5828 5829
f 5830 5831 5832
f 5833 5834 5835
f 5836 5837 5838
f 5839 5840 5841
f 5842 5843 5844
f 5845 5846 5847
f 5848 5849 5850
f 5851 5852 5853
f 5854 5855 5856
f 5857 5858 5859
f 5860 5861 5862
f 5863 5864 5865
f 5866 5867 5868
f 5869 5870 5871
f 5872 5873 5874
f 5875 5876 5877
f 5878 5879 5880
f 5881 5882 5883
f 5884 5885 5886
f 5887 5888 5889
f 5890 5891 5892
f 5893 5894 5895
f 5896 5897 5898
f 5899 5900 5901
f 5902 5903 5904
f 5905 5906 5907
f 5908 5909 5910
f 5911 5912 5913
f 5914 5915 5916
f 5917 5918 5919
f 5920 5921 5922
f 5923 5924 5925
f 5926 5927 5928
f 5929 5930 5931
f 5932 5933 5934
f 5935 5936 5937
f 5938 5939 5940
f 5941 5942 5943
f 5944 5945 5946
f 5947 5948 5949
f 5950 5951 5952
f 5953 5954 5955
f 5956 5957 5958
f 5959 5960 5961
f 5962 5963 5964
f 5965 5966 5967
f 5968 5969 5970
f 5971 5972 5973
f 5974 5975 5976
f 5977 5978 5979
f 5980 5981 5982
f 5983 5984 5985
f 5986 5987 5988
f 5989 5990 5991
f 5992 5993 5994
f 5995 5996 5997
f 5998 5999 6000
f 6001 6002 6003
f 6004 6005 6006
f 6007 6008 6009
f 6010 6011 6012
f 6013 6014 6015
f 6016 6017 6018
f 6019 6020 6021
f 6022 6023 6024
f 6025 6026 6027
f 6028 6029 6030
f 6031 6032 6033
f 6034 6035 6036
f 6037 6038 6039
f 6040 6041 6042
f 6043 6044 6045
f 6046 6047 6048
f 6049 6050 6051
f 6052 6053 6054
f 6055 6056 6057
f 6058 6059 6060
f 6061 6062 6063
f 6064 6065 6066
f 6067 6068 6069
f 6070 6071 6072
f 6073 6074 6075
f 6076 6077 6078
f 6079 6080 6081
f 6082 6083 6084
f 6085 6086 6087
f 6088 6089 6090
f 6091 6092 6093
f 6094 6095 6096
f 6097 6098 6099
f 6100 6101 6102
f 6103 6104 6105
f 6106 6107 6108
f 6109 6110 6111
f 6112 6113 6114
f 6115 6116 6117
f 6118 6119 6120
f 6121 6122 6123
f 6124 6125 6126
f 6127 6128 6129
f 6130 6131 6132
f 6133 6134 6135
f 6136 6137 6138
f 6139 6140 6141
f 6142 6143 6144
f 6145 6146 6147
f 6148 6149 6150
f 6151 6152 6153
f 6154 6155 6156
f 6157 6158 6159
f 6160 6161 6162
f 6163 6164 6165
f 6166 6167 6168
f 6169 6170 6171
f 6172 6173 6174
f 6175 6176 6177
f 6178 6179 6180
f 6181 6182 6183
f 6184 6185 6186
f 6187 6188 6189
f 6190 6191 6192
f 6193 6194 6195
f 6196 6197 6198
f 6199 6200 6201
f 6202 6203 6204
f 6205 6206 6207
f 6208 6209 6210
f 6211 6212 6213
f 6214 6215 6216
f 6217 6218 6219
f 6220 6221 6222
f 6223 6224 6225
f 6226 6227 6228
f 6229 6230 6231
f 6232 6233 6234
f 6235 6236 6237
f 6238 6239 6240
f 6241 6242 6243
f 6244 6245 6246
f 6247 6248 6249
f 6250 6251 6252
f 6253 6254 6255
f 6256 6257 6258
f 6259 6260 6261
f 6262 6263 6264
f 6265 6266 6267
f 6268 6269 6270
f 6271 6272 6273
f 6274 6275 6276
f 6277 6278 6279
f 6280 6281 6282
f 6283 6284 6285
f 6286 6287 6288
f 6289 6290 6291
f 6292 6293 6294
f 6295 6296 6297
f 6298 6299 6300
f 6301 6302 6303
f 6304 6305 6306
f 6307 6308 6309
f 6310 6311 6312
f 6313 6314 6315
f 6316 6317 6318
f 6319 6320 6321
f 6322 6323 6324
f 6325 6326 6327
f 6328 6329 6330
f 6331 6332 6333
f 6334 6335 6336
f 6337 6338 6339
f 6340 6341 6342
f 6343 6344 6345
f 6346 6347 6348
f 6349 6350 6351
f 6352 6353 6354
f 6355 6356 6357
f 6358 6359 6360
f 6361 6362 6363
f 6364 6365 6366
f 6367 6368 6369
f 6370 6371 6372
f 6373 6374 6375
f 6376 6377 6378
f 6379 6380 6381
f 6382 6383 6384
f 6385 6386 6387
f 6388 6389 6390
f 6391 6392 6393
f 6394 6395 6396
f 6397 6398 6399
f 6400 6401 6402
f 6403 6404 6405
f 6406 6407 6408
f 6409 6410 6411
f 6412 6413 6414
f 6415 6416 6417
f 6418 6419 6420
f 6421 6422 6423
f 6424 6425 6426
f 6427 6428 6429
f 6430 6431 6432
f 6433 6434 6435
f 6436 6437 6438
f 6439 6440 6441
f 6442 6443 6444
f 6445 6446 6447
f 6448 6449 6450
f 6451 6452 6453
f 6454 6455 6456
f 6457 6458 6459
f 6460 6461 6462
f 6463 6464 6465
f 6466 6467 6468
f 6469 6470 6471
f 6472 6473 6474
f 6475 6476 6477
f 6478 6479 6480
f 6481 6482 6483
f 6484 6485 6486
f 6487 6488 6489
f 6490 6491 6492
f 6493 6494 6495
f 6496 6497 6498
f 6499 6500 6501
f 6502 6503 6504
f 6505 6506 6507
f 6508 6509 6510
f 6511 6512 6513
f 6514 6515 6516
f 6517 6518 6519
f 6520 6521 6522
f 6523 6524 6525
f 6526 6527 6528
f 6529 6530 6531
f 6532 6533 6534
f 6535 6536 6537
f 6538 6539 6540
f 6541 6542 6543
f 6544 6545 6546
f 6547 6548 6549
f 6550 6551 6552
f 6553 6554 6555
f 6556 6557 6558
f 6559 6560 6561
f 6562 6563 6564
f 6565 6566 6567
f 6568 6569 6570
f 6571 6572 6573
f 6574 6575 6576
f 6577 6578 6579
f 6580 6581 6582
f 6583 6584 6585
f 6586 6587 6588
f 6589 6590 6591
f 6592 6593 6594
f 6595 6596 6597
f 6598 6599 6600
f 6601 6602 6603
f 6604 6605 6606
f 6607 6608 6609
f 6610 6611 6612
f 6613 6614 6615
f 6616 6617 6618
f 6619 6620 6621
f 6622 6623 6624
f 6625 6626 6627
f 6628 6629 6630
f 6631 6632 6633
f 6634 6635 6636
f 6637 6638 6639
f 6640 6641 6642
f 6643 6644 6645
f 6646 6647 6648
f 6649 6650 6651
f 6652 6653 6654
f 6655 6656 6657
f 6658 6659 6660
f 6661 6662 6663
f 6664 6665 6666
f 6667 6668 6669
f 6670 6671 6672
f 6673 6674 6675
f 6676 6677 6678
f 6679 6680 6681
f 6682 6683 6684
f 6685 6686 6687
f 6688 6689 6690
f 6691 6692 6693
f 6694 6695 6696
f 6697 6698 6699
f 6700 6701 6702
f 6703 6704 6705
f 6706 6707 6708
f 6709 6710 6711
f 6712 6713 6714
f 6715 6716 6717
f 6718 6719 6720
f 6721 6722 6723
f 6724 6725 6726
f 6727 6728 6729
f 6730 6731 6732
f 6733 6734 6735
f 6736 6737 6738
f 6739 6740 6741
f 6742 6743 6744
f 6745 6746 6747
f 6748 6749 6750
f 6751 6752 6753
f 6754 6755 6756
f 6757 6758 6759
f 6760 6761 6762
f 6763 6764 6765
f 6766 6767 6768
f 6769 6770 6771
f 6772 6773 6774
f 6775 6776 6777
f 6778 6779 6780
f 6781 6782 6783
f 6784 6785 6786
f 6787 6788 6789
f 6790 6791 6792
f 6793 6794 6795
f 6796 6797 6798
f 6799 6800 6801
f 6802 6803 6804
f 6805 6806 6807
f 6808 6809 6810
f 6811 6812 6813
f 6814 6815 6816
f 6817 6818 6819
f 6820 6821 6822
f 6823 6824 6825
f 6826 6827 6828
f 6829 6830 6831
f 6832 6833 6834
f 6835 6836 6837
f 6838 6839 6840
f 6841 6842 6843
f 6844 6845 6846
f 6847 6848 6849
f 6850 6851 6852
f 6853 6854 6855
f 6856 6857 6858
f 6859 6860 6861
f 6862 6863 6864
f 6865 6866 6867
f 6868 6869 6870
f 6871 6872 6873
f 6874 6875 6876
f 6877 6878 6879
f 6880 6881 6882
f 6883 6884 6885
f 6886 6887 6888
f 6889 6890 6891
f 6892 6893 6894
f 6895 6896 6897
f 6898 6899 6900
f 6901 6902 6903
f 6904 6905 6906
f 6907 6908 6909
f 6910 6911 6912
f 6913 6914 6915
f 6916 6917 6918
f 6919 6920 6921
f 6922 6923 6924
f 6925 6926 6927
f 6928 6929 6930
f 6931 6932 6933
f 6934 6935 6936
f 6937 6938 6939
f 6940 6941 6942
f 6943 6944 6945
f 6946 6947 6948
f 6949 6950 6951
f 6952 6953 6954
f 6955 6956 6957
f 6958 6959 6960
f 6961 6962 6963
f 6964 6965 6966
f 6967 6968 6969
f 6970 6971 6972
f 6973 6974 6975
f 6976 6977 6978
f 6979 6980 6981
f 6982 6983 6984
f 6985 6986 6987
f 6988 6989 6990
f 6991 6992 6993
f 6994 6995 6996
f 6997 6998 6999
f 7000 7001 7002
f 7003 7004 7005
f 7006 7007 7008
f 7009 7010 7011
f 7012 7013 7014
f 7015 7016 7017
f 7018 7019 7020
f 7021 7022 7023
f 7024 7025 7026
f 7027 7028 7029
f 7030 7031 7032
f 7033 7034 7035
f 7036 7037 7038
f 7039 7040 7041
f 7042 7043 7044
f 7045 7046 7047
f 7048 7049 7050
f 7051 7052 7053
f 7054 7055 7056
f 7057 7058 7059
f 7060 7061 7062
f 7063 7064 7065
f 7066 7067 7068
f 7069 7070 7071
f 7072 7073 7074
f 7075 7076 7077
f 7078 7079 7080
f 7081 7082 7083
f 7084 7085 7086
f 7087 7088 7089
f 7090 7091 7092
f 7093 7094 7095
f 7096 7097 7098
f 7099 7100 7101
f 7102 7103 7104
f 7105 7106 7107
f 7108 7109 7110
f 7111 7112 7113
f 7114 7115 7116
f 7117 7118 7119
f 7120 7121 7122
f 7123 7124 7125
f 7126 7127 7128
f 7129 7130 7131
f 7132 7133 7134
f 7135 7136 7137
f 7138 7139 7140
f 7141 7142 7143
f 7144 7145 7146
f 7147 7148 7149
f 7150 7151 7152
f 7153 7154 7155
f 7156 7157 7158
f 7159 7160 7161
f 7162 7163 7164
f 7165 7166 7167
f 7168 7169 7170
f 7171 7172 7173
f 7174 7175 7176
f 7177 7178 7179
f 7180 7181 7182
f 7183 7184 7185
f 7186 7187 7188
f 7189 7190 7191
f 7192 7193 7194
f 7195 7196 7197
f 7198 7199 7200
f 7201 7202 7203
f 7204 7205 7206
f 7207 7208 7209
f 7210 7211 7212
f 7213 7214 7215
f 7216 7217 7218
f 7219 7220 7221
f 7222 7223 7224
f 7225 7226 7227
f 7228 7229 7230
f 7231 7232 7233
f 7234 7235 7236
f 7237 7238 7239
f 7240 7241 7242
f 7243 7244 7245
f 7246 7247 7248
f 7249 7250 7251
f 7252 7253 7254
f 7255 7256 7257
f 7258 7259 7260
f 7261 7262 7263
f 7264 7265 7266
f 7267 7268 7269
f 7270 7271 7272
f 7273 7274 7275
f 7276 7277 7278
f 7279 7280 7281
f 7282 7283 7284
f 7285 7286 7287
f 7288 7289 7290
f 7291 7292 7293
f 7294 7295 7296
f 7297 7298 7299
f 7300 7301 7302
f 7303 7304 7305
f 7306 7307 7308
f 7309 7310 7311
f 7312 7313 7314
f 7315 7316 7317
f 7318 7319 7320
f 6635 7321 6636
f 7322 7323 7324
f 7325 7326 7327
f 7328 7329 7330
f 7331 7332 7333
f 7334 7335 7336
f 7337 7338 7339
f 7340 7341 7342
f 7343 7344 7345
f 7346 7347 7348
f 7349 7350 7351
f 7352 7353 7354
f 7355 7356 7357
f 7358 7359 7360
f 7361 7362 7363
f 7364 7365 7366
f 7367 7368 7369
f 7370 7371 7372
f 7373 7374 7375
f 7376 7377 7378
f 7379 7380 7381
f 7382 7383 7384
f 7385 7386 7387
f 7388 7389 7390
f 7391 7392 7393
f 7394 7395 7396
f 7397 7398 7399
f 7400 7401 7402
f 7403 7404 7405
f 7406 7407 7408
f 7409 7410 7411
f 7412 7413 7414
f 7415 7416 7417
f 7418 7419 7420
f 7421 7422 7423
f 7424 7425 7426
f 7427 7428 7429
f 7430 7431 7432
f 7433 7434 7435
f 7436 7437 7438
f 7439 7440 7441
f 7442 7443 7444
f 7445 7446 7447
f 7448 7449 7450
f 7451 7452 7453
f 7454 7455 7456
f 7457 7458 7459
f 7460 7461 7462
f 7463 7464 7465
f 7466 7467 7468
f 7469 7470 7471
f 7472 7473 7474
f 7475 7476 7477
f 7478 7479 7480
f 7481 7482 7483
f 7484 7485 7486
f 7487 7488 7489
f 7490 7491 7492
f 7493 7494 7495
f 7496 7497 7498
f 7499 7500 7501
f 7502 7503 7504
f 7505 7506 7507
f 7508 7509 7510
f 7511 7512 7513
f 7514 7515 7516
f 7517 7518 7519
f 7520 7521 7522
f 7523 7524 7525
f 7526 7527 7528
f 7529 7530 7531
f 7532 7533 7534
f 7535 7536 7537
f 7538 7539 7540
f 7541 7542 7543
f 7544 7545 7546
f 7547 7548 7549
f 7550 7551 7552
f 7553 7554 7555
f 7556 7557 7558
f 7559 7560 7561
f 7562 7563 7564
f 7565 7566 7567
f 7568 7569 7570
f 7571 7572 7573
f 7574 7575 7576
f 7577 7578 7579
f 7580 7581 7582
f 7583 7584 7585
f 7586 7587 7588
f 7589 7590 7591
f 7592 7593 7594
f 7595 7596 7597
f 7598 7599 7600
f 7601 7602 7603
f 7604 7605 7606
f 7607 7608 7609
f 7610 7611 7612
f 7613 7614 7615
f 7616 7617 7618
f 7619 7620 7621
f 7622 7623 7624
f 7625 7626 7627
f 7628 7629 7630
f 7631 7632 7633
f 7634 7635 7636
f 7637 7638 7639
f 7640 7641 7642
f 7643 7644 7645
f 7646 7647 7648
f 7649 7650 7651
f 7652 7653 7654
f 7655 7656 7657
f 7658 7659 7660
f 7661 7662 7663
f 7664 7665 7666
f 7667 7668 7669
f 7670 7671 7672
f 7673 7674 7675
f 7676 7677 7678
f 7679 7680 7681
f 7682 7683 7684
f 7685 7686 7687
f 7688 7689 7690
f 7691 7692 7693
f 7694 7695 7696
f 7697 7698 7699
f 7700 7701 7702
f 7703 7704 7705
f 7706 7707 7708
f 7709 7710 7711
f 7712 7713 7714
f 7715 7716 7717
f 7718 7719 7720
f 7721 7722 7723
f 7724 7725 7726
f 7727 7728 7729
f 7730 7731 7732
f 7733 7734 7735
f 7736 7737 7738
f 7739 7740 7741
f 7742 7743 7744
f 7745 7746 7747
f 7748 7749 7750
f 7751 7752 7753
f 7754 7755 7756
f 7757 7758 7759
f 7760 7761 7762
f 7763 7764 7765
f 7766 7767 7768
f 7769 7770 7771
f 7772 7773 7774
f 7775 7776 7777
f 7778 7779 7780
f 7781 7782 7783
f 7784 7785 7786
f 7787 7788 7789
f 7790 7791 7792
f 7793 7794 7795
f 7796 7797 7798
f 7799 7800 7801
f 7802 7803 7804
f 7805 7806 7807
f 7808 7809 7810
f 7811 7812 7813
f 7814 7815 7816
f 7817 7818 7819
f 7820 7821 7822
f 7823 7824 7825
f 7826 7827 7828
f 7829 7830 7831
f 7832 7833 7834
f 7835 7836 7837
f 7838 7839 7840
f 7841 7842 7843
f 7844 7845 7846
f 7847 7848 7849
f 7850 7851 7852
f 7853 7854 7855
f 7856 7857 7858
f 7859 7860 7861
f 7862 7863 7864
f 7865 7866 7867
f 7868 7869 7870
f 7871 7872 7873
f 7874 7875 7876
f 7877 7878 7879
f 7880 7881 7882
f 7883 7884 7885
f 7886 7887 7888
f 7889 7890 7891
f 7892 7893 7894
f 7895 7896 7897
f 7898 7899 7900
f 7901 7902 7903
f 7904 7905 7906
f 7907 7908 7909
f 7910 7911 7912
f 7913 7914 7915
f 7916 7917 7918
f 7919 7920 7921
f 7922 7923 7924
f 7925 7926 7927
f 7928 7929 7930
f 7931 7932 7933
f 7934 7935 7936
f 7937 7938 7939
f 7940 7941 7942
f 7943 7944 7945
f 7946 7947 7948
f 7949 7950 7951
f 7952 7953 7954
f 7955 7956 7957
f 7958 7959 7960
f 7961 7962 7963
f 7964 7965 7966
f 7967 7968 7969
f 7970 7971 7972
f 7973 7974 7975
f 7976 7977 7978
f 7979 7980 7981
f 7982 7983 7984
f 7985 7986 7987
f 7988 7989 7990
f 7991 7992 7993
f 7994 7995 7996
f 7997 7998 7999
f 8000 8001 8002
f 8003 8004 8005
f 8006 8007 8008
f 8009 8010 8011
f 8012 8013 8014
f 8015 8016 8017
f 8018 8019 8020
f 8021 8022 8023
f 8024 8025 8026
f 8027 8028 8029
f 8030 8031 8032
f 8033 8034 8035
f 8036 8037 8038
f 8039 8040 8041
f 8042 8043 8044
f 8045 8046 8047
f 8048 8049 8050
f 8051 8052 8053
f 8054 8055 8056
f 8057 8058 8059
f 8060 8061 8062
f 8063 8064 8065
f 8066 8067 8068
f 8069 8070 8071
f 8072 8073 8074
f 8075 8076 8077
f 8078 8079 8080
f 8081 8082 8083
f 8084 8085 8086
f 8087 8088 8089
f 8090 8091 8092
f 8093 8094 8095
f 8096 8097 8098
f 8099 8100 8101
f 8102 8103 8104
f 8105 8106 8107
f 8108 8109 8110
f 8111 8112 8113
f 8114 8115 8116
f 8117 8118 8119
f 8120 8121 8122
f 8123 8124 8125
f 8126 8127 8128
f 8129 8130 8131
f 8132 8133 8134
f 8135 8136 8137
f 8138 8139 8140
f 8141 8142 8143
f 8144 8145 8146
f 8147 8148 8149
f 8150 8151 8152
f 8153 8154 8155
f 8156 8157 8158
f 8159 8160 8161
f 8162 8163 8164
f 8165 8166 8167
f 8168 8169 8170
f 8171 8172 8173
f 8174 8175 8176
f 8177 8178 8179
f 8180 8181 8182
f 8183 8184 8185
f 8186 8187 8188
f 8189 8190 8191
f 8192 8193 8194
f 8195 8196 8197
f 8198 8199 8200
f 8201 8202 8203
f 8204 8205 8206
f 8207 8208 8209
f 8210 8211 8212
f 8213 8214 8215
f 8216 8217 8218
f 8219 8220 8221
f 8222 8223 8224
f 8225 8226 8227
f 8228 8229 8230
f 8231 8232 8233
f 8234 8235 8236
f 8237 8238 8239
f 8240 8241 8242
f 8243 8244 8245
f 8246 8247 8248
f 8249 8250 8251
f 8252 8253 8254
f 8255 8256 8257
f 8258 8259 8260
f 8261 8262 8263
f 8264 8265 8266
f 8267 8268 8269
f 8270 8271 8272
f 8273 8274 8275
f 8276 8277 8278
f 8279 8280 8281
f 8282 8283 8284
f 8285 8286 8287
f 8288 8289 8290
f 8291 8292 8293
f 8294 8295 8296
f 8297 8298 8299
f 8300 8301 8302
f 8303 8304 8305
f 8306 8307 8308
f 8309 8310 8311
f 8312 8313 8314
f 8315 8316 8317
f 8318 8319 8320
f 8321 8322 8323
f 8324 8325 8326
f 8327 8328 8329
f 8330 8331 8332
f 8333 8334 8335
f 8336 8337 8338
f 8339 8340 8341
f 8342 8343 8344
f 8345 8346 8347
f 8348 8349 8350
f 8351 8352 8353
f 8354 8355 8356
f 8357 8358 8359
f 8360 8361 8362
f 8363 8364 8365
f 8366 8367 8368
f 8369 8370 8371
f 8372 8373 8374
f 8375 8376 8377
f 8378 8379 8380
f 8381 8382 8383
f 8384 8385 8386
f 8387 8388 8389
f 8390 8391 8392
f 8393 8394 8395
f 8396 8397 8398
f 8399 8400 8401
f 8402 8403 8404
f 8405 8406 8407
f 8408 8409 8410
f 8411 8412 8413
f 8414 8415 8416
f 8417 8418 8419
f 8420 8421 8422
f 8423 8424 8425
f 8426 8427 8428
f 8429 8430 8431
f 8432 8433 8434
f 8435 8436 8437
f 8438 8439 8440
f 8441 8442 8443
f 8444 8445 8446
f 8447 8448 8449
f 8450 8451 8452
f 8453 8454 8455
f 8456 8457 8458
f 8459 8460 8461
f 8462 8463 8464
f 8465 8466 8467
f 8468 8469 8470
f 8471 8472 8473
f 8474 8475 8476
f 8477 8478 8479
f 8480 8481 8482
f 8483 8484 8485
f 8486 8487 8488
f 8489 8490 8491
f 8492 8493 8494
f 8495 8496 8497
f 8498 8499 8500
f 8501 8502 8503
f 8504 8505 8506
f 8507 8508 8509
f 8510 8511 8512
f 8513 8514 8515
f 8516 8517 8518
f 8519 8520 8521
f 8522 8523 8524
f 8525 8526 8527
f 8528 8529 8530
f 8531 8532 8533
f 8534 8535 8536
f 8537 8538 8539
f 8540 8541 8542
f 8543 8544 8545
f 8546 8547 8548
f 8549 8550 8551
f 8552 8553 8554
f 8555 8556 8557
f 8558 8559 8560
f 8561 8562 8563
f 8564 8565 8566
f 8567 8568 8569
f 8570 8571 8572
f 8573 8574 8575
f 8576 8577 8578
f 8579 8580 8581
f 8582 8583 8584
f 8585 8586 8587
f 8588 8589 8590
f 8591 8592 8593
f 8594 8595 8596
f 8597 8598 8599
f 8600 8601 8602
f 8603 8604 8605
f 8606 8607 8608
f 8609 8610 8611
f 8612 8613 8614
f 8615 8616 8617
f 8618 8619 8620
f 8621 8622 8623
f 8624 8625 8626
f 8627 8628 8629
f 8630 8631 8632
f 8633 8634 8635
f 8636 8637 8638
f 8639 8640 8641
f 8642 8643 8644
f 8645 8646 8647
f 8648 8649 8650
f 8651 8652 8653
f 8654 8655 8656
f 8657 8658 8659
f 8660 8661 8662
f 8663 8664 8665
f 8666 8667 8668
f 8669 8670 8671
f 8672 8673 8674
f 8675 8676 8677
f 8678 8679 8680
f 8681 8682 8683
f 8684 8685 8686
f 8687 8688 8689
f 8690 8691 8692
f 8693 8694 8695
f 8696 8697 8698
f 8699 8700 8701
f 8702 8703 8704
f 8705 8706 8707
f 8708 8709 8710
f 8711 8712 8713
f 8714 8715 8716
f 8717 8718 8719
f 8720 8721 8722
f 8723 8724 8725
f 8726 8727 8728
f 8729 8730 8731
f 8732 8733 8734
f 8735 8736 8737
f 8738 8739 8740
f 8741 8742 8743
f 8744 8745 8746
f 8747 8748 8749
f 8750 8751 8752
f 8753 8754 8755
f 8756 8757 8758
f 8759 8760 8761
f 8762 8763 8764
f 8765 8766 8767
f 8768 8769 8770
f 8771 8772 8773
f 8774 8775 8776
f 8777 8778 8779
f 8780 8781 8782
f 8783 8784 8785
f 8786 8787 8788
f 8789 8790 8791
f 8792 8793 8794
f 8795 8796 8797
f 8798 8799 8800
f 8801 8802 8803
f 8804 8805 8806
f 8807 8808 8809
f 8810 8811 8812
f 8813 8814 8815
f 8816 8817 8818
f 8819 8820 8821
f 8822 8823 8824
f 8825 8826 8827
f 8828 8829 8830
f 8831 8832 8833
f 8834 8835 8836
f 8834 8836 8837
f 8838 8839 8840
f 8838 8840 8841
f 8842 8843 8844
f 8842 8844 8845
f 8846 8847 8848
f 8846 8848 8849
f 8850 8851 8852
f 8850 8852 8853
f 8854 8855 8856
f 8854 8856 8857
f 8858 8859 8860
f 8858 8860 8861
f 8862 8863 8864
f 8862 8864 8865
f 8866 8867 8868
f 8866 8868 8869
f 8870 8871 8872
f 8870 8872 8873
f 8874 8875 8876
f 8874 8876 8877
f 8878 8879 8880
f 8878 8880 8881
f 8882 8883 8884
f 8882 8884 8885
f 8886 8887 8888
f 8886 8888 8889
f 8890 8891 8892
f 8893 8894 8895
f 8896 8897 8898
f 8899 8900 8901
f 8902 8903 8904
f 8905 8906 8907
f 8908 8909 8910
f 8911 8912 8913
f 8914 8915 8916
f 8917 8918 8919
f 8920 8921 8922
f 8923 8924 8925
f 8926 8927 8928
f 8929 8930 8931
f 8932 8933 8934
f 8935 8936 8937
f 8938 8939 8940
f 8941 8942 8943
f 8944 8945 8946
f 8947 8948 8949
f 8950 8951 8952
f 8952 8951 8953
f 8952 8953 8954
f 8954 8953 8955
f 8954 8955 8956
f 8956 8955 8957
f 8956 8957 8958
f 8958 8957 8959
f 8958 8959 8960
f 8960 8959 8961
f 8960 8961 8962
f 8962 8961 8963
f 8962 8963 8964
f 8964 8963 8965
f 8966 8967 8968
f 8969 8970 8971
f 8972 8973 8974
f 8975 8976 8977
f 8978 8979 8980
f 8981 8982 8983
f 8984 8985 8986
f 8987 8988 8989
f 8990 8991 8992
f 8993 8994 8995
f 8996 8997 8998
f 8999 9000 9001
f 9002 9003 9004
f 9005 9006 9007
f 8902 9008 8903
f 9009 9010 9011
f 9012 9013 9014
f 9015 9016 9017
f 9018 9019 9020
f 9021 9022 9023
f 9024 9025 9026
f 9024 9026 9027
f 9027 9026 9028
f 9027 9028 9029
f 9029 9028 9030
f 9029 9030 9031
f 9031 9030 9032
f 9031 9032 9033
f 9033 9032 9034
f 9033 9034 9035
f 9035 9034 9036
f 9035 9036 9037
f 9037 9036 9038
f 9037 9038 8950
f 8950 9038 9039
f 8950 9039 8951
f 9040 9041 9042
f 9043 9044 9045
f 9046 9047 9048
f 9048 9047 9049
f 9050 9051 9052
f 9053 9054 9055
f 9056 9057 9058
f 9059 9060 9061
f 9062 9063 9064
f 9065 9066 9067
f 8974 9068 8972
f 9069 9070 9071
f 9072 9073 9074
f 9075 9076 9077
f 9078 9079 9080
f 9081 9082 9083
f 9084 9085 9086
f 9087 9088 9089
f 9090 9091 9092
f 9090 9092 9093
f 9094 9095 9096
f 9096 9095 9097
f 9097 9098 9096
f 9096 9098 9099
f 9096 9099 9092
f 9092 9099 9100
f 9092 9100 9093
f 9101 9102 9103
f 9104 9105 9106
f 9107 9108 9109
f 9110 9111 9112
f 9113 9114 9115
f 9116 9117 9118
f 9119 9120 9121
f 9122 9123 9124
f 9125 9126 9127
f 9128 9129 9130
f 9131 9132 9133
f 9134 9135 9136
f 9137 9138 9139
f 9140 9141 9142
f 9143 9144 9145
f 9146 9147 9148
f 9149 9150 9151
f 9152 9153 9154
f 9155 9156 9157
f 9158 9159 9160
f 9161 9162 9163
f 9164 9165 9166
f 9167 9168 9169
f 9170 9171 9172
f 9173 9174 9175
f 9176 9177 9178
f 9179 9180 9181
f 9182 9183 9184
f 9185 9186 9187
f 9188 9189 9190
f 9191 9192 9193
f 9194 9195 9196
f 9197 9198 9199
f 9200 9201 9202
f 9203 9204 9205
f 9206 9207 9208
f 9209 9210 9211
f 9212 9213 9214
f 9215 9216 9217
f 9218 9219 9220
f 9221 9222 9223
f 9224 9225 9226
f 9227 9228 9229
f 9230 9231 9232
f 9233 9234 9235
f 9236 9237 9238
f 9239 9240 9241
f 9242 9243 9244
f 9245 9246 9247
f 9248 9249 9250
f 9251 9252 9253
f 9254 9255 9256
f 9257 9258 9259
f 9260 9261 9262
f 9263 9264 9265
f 9266 9267 9268
f 9269 9270 9271
f 9272 9273 9274
f 9275 9276 9277
f 9278 9279 9280
f 9281 9282 9283
f 9284 9285 9286
f 9287 9288 9289
f 9290 9291 9292
f 9293 9294 9295
f 9296 9297 9298
f 9299 9300 9301
f 9302 9303 9304
f 9305 9306 9307
f 9308 9309 9310
f 9311 9312 9313
f 9314 9315 9316
f 9317 9318 9319
f 9320 9321 9322
f 9323 9324 9325
f 9326 9327 9328
f 9329 9330 9331
f 9332 9333 9334
f 9335 9336 9337
f 9338 9339 9340
f 9341 9342 9343
f 9344 9345 9346
f 9347 9348 9349
f 9350 9351 9352
f 9353 9354 9355
f 9356 9357 9358
f 9359 9360 9361
f 9362 9363 9364
f 9365 9366 9367
f 9368 9369 9370
f 9371 9372 9373
f 9374 9375 9376
f 9377 9378 9379
f 9380 9381 9382
f 9383 9384 9385
f 9386 9387 9388
f 9389 9390 9391
f 9392 9393 9394
f 9395 9396 9397
f 9398 9399 9400
f 9401 9402 9403
f 9404 9405 9406
f 9407 9408 9409
f 9410 9411 9412
f 9413 9414 9415
f 9416 9417 9418
f 9419 9420 9421
f 9422 9423 9424
f 9425 9426 9427
f 9428 9429 9430
f 9431 9432 9433
f 9434 9435 9436
f 9437 9438 9439
f 9440 9441 9442
f 9443 9444 9445
f 9446 9447 9448
f 9449 9450 9451
f 9452 9453 9454
f 9455 9456 9457
f 9458 9459 9460
f 9461 9462 9463
f 9464 9465 9466
f 9467 9468 9469
f 9470 9471 9472
f 9473 9474 9475
f 9476 9477 9478
f 9479 9480 9481
f 9482 9483 9484
f 9485 9486 9487
f 9488 9489 9490
f 9491 9492 9493
f 9494 9495 9496
f 9497 9498 9499
f 9500 9501 9502
f 9503 9504 9505
f 9506 9507 9508
f 9509 9510 9511
f 9512 9513 9514
f 9515 9516 9517
f 9518 9519 9520
f 9521 9522 9523
f 9524 9525 9526
f 9527 9528 9529
f 9530 9531 9532
f 9533 9534 9535
f 9536 9537 9538
f 9539 9540 9541
f 9542 9543 9544
f 9545 9546 9547
f 9548 9549 9550
f 9551 9552 9553
f 9554 9555 9556
f 9557 9558 9559
f 9560 9561 9562
f 9563 9564 9565
f 9566 9567 9568
f 9569 9570 9571
f 9572 9573 9574
f 9575 9576 9577
f 9578 9579 9580
f 9581 9582 9583
f 9584 9585 9586
f 9587 9588 9589
f 9590 9591 9592
f 9593 9594 9595
f 9596 9597 9598
f 9599 9600 9601
f 9602 9603 9604
f 9605 9606 9607
f 9608 9609 9610
f 9611 9612 9613
f 9614 9615 9616
f 9617 9618 9619
f 9620 9621 9622
f 9623 9624 9625
f 9626 9627 9628
f 9629 9630 9631
f 9632 9633 9634
f 9635 9636 9637
f 9638 9639 9640
f 9641 9642 9643
f 9644 9645 9646
f 9647 9648 9649
f 9650 9651 9652
f 9653 9654 9655
f 9656 9657 9658
f 9659 9660 9661
f 9662 9663 9664
f 9665 9666 9667
f 9668 9669 9670
f 9671 9672 9673
f 9674 9675 9676
f 9677 9678 9679
f 9680 9681 9682
f 9683 9684 9685
f 9686 9687 9688
f 9689 9690 9691
f 9692 9693 9694
f 9695 9696 9697
f 9698 9699 9700
f 9701 9702 9703
f 9704 9705 9706
f 9707 9708 9709
f 9710 9711 9712
f 9713 9714 9715
f 9716 9717 9718
f 9719 9720 9721
f 9722 9723 9724
f 9725 9726 9727
f 9728 9729 9730
f 9731 9732 9733
f 9734 9735 9736
f 9737 9738 9739
f 9740 9741 9742
f 9743 9744 9745
f 9746 9747 9748
f 9749 9750 9751
f 9752 9753 9754
f 9755 9756 9757
f 9758 9759 9760
f 9761 9762 9763
f 9764 9765 9766
f 9767 9768 9769
f 9770 9771 9772
f 9773 9774 9775
f 9776 9777 9778
f 9779 9780 9781
f 9782 9783 9784
f 9785 9786 9787
f 9788 9789 9790
f 9791 9792 9793
f 9794 9795 9796
f 9797 9798 9799
f 9800 9801 9802
f 9803 9804 9805
f 9806 9807 9808
f 9809 9810 9811
f 9812 9813 9814
f 9815 9816 9817
f 9818 9819 9820
f 9821 9822 9823
f 9824 9825 9826
f 9827 9828 9829
f 9830 9831 9832
f 9833 9834 9835
f 9836 9837 9838
f 9839 9840 9841
f 9842 9843 9844
f 9845 9846 9847
f 9848 9849 9850
f 9851 9852 9853
f 9854 9855 9856
f 9857 9858 9859
f 9860 9861 9862
f 9863 9864 9865
f 9866 9867 9868
f 9869 9870 9871
f 9872 9873 9874
f 9875 9876 9877
f 9878 9879 9880
f 9881 9882 9883
f 9884 9885 9886
f 9887 9888 9889
f 9890 9891 9892
f 9893 9894 9895
f 9896 9897 9898
f 9899 9900 9901
f 9902 9903 9904
f 9905 9906 9907
f 9908 9909 9910
f 9911 9912 9913
f 9914 9915 9916
f 9917 9918 9919
f 9920 9921 9922
f 9923 9924 9925
f 9926 9927 9928
f 9929 9930 9931
f 9932 9933 9934
f 9935 9936 9937
f 9938 9939 9940
f 9941 9942 9943
f 9944 9945 9946
f 9947 9948 9949
f 9950 9951 9952
f 9953 9954 9955
f 9956 9957 9958
f 9959 9960 9961
f 9962 9963 9964
f 9965 9966 9967
f 9968 9969 9970
f 9971 9972 9973
f 9974 9975 9976
f 9977 9978 9979
f 9980 9981 9982
f 9983 9984 9985
f 9986 9987 9988
f 9989 9990 9991
f 9992 9993 9994
f 9995 9996 9997
f 9998 9999 10000
f 10001 10002 10003
f 10004 10005 10006
f 10007 10008 10009
f 10010 10011 10012
f 10013 10014 10015
f 10016 10017 10018
f 10019 10020 10021
f 10022 10023 10024
f 10025 10026 10027
f 10028 10029 10030
f 10031 10032 10033
f 10022 10024 10034
f 10035 10036 10037
f 10038 10039 10040
f 10038 10040 10041
f 10041 10042 10038
f 10038 10042 10043
f 10038 10043 10024
f 10024 10043 10044
f 10024 10044 10034
f 10045 10046 10047
f 10048 10049 10050
f 10051 10052 10053
f 10054 10055 10056
f 10057 10058 10059
f 10060 10061 10062
f 10063 10064 10065
f 10066 10067 10068
f 10069 10070 10071
f 10072 10073 10074
f 10075 10076 10077
f 10078 10079 10080
f 10081 10082 10083
f 10084 10085 10086
f 10087 10088 10089
f 10090 10091 10092
f 10093 10094 10095
f 10096 10097 10098
f 10099 10100 10101
f 10102 10103 10104
f 10105 10106 10107
f 10108 10109 10110
f 10111 10112 10113
f 10114 10115 10116
f 10117 10118 10119
f 10120 10121 10122
f 10123 10124 10125
f 10126 10127 10128
f 10129 10130 10131
f 10132 10133 10134
f 10135 10136 10137
f 10138 10139 10140
f 10141 10142 10143
f 10144 10145 10146
f 10147 10148 10149
f 10150 10151 10152
f 10153 10154 10155
f 10156 10157 10158
f 10159 10160 10161
f 10162 10163 10164
f 10165 10166 10167
f 10168 10169 10170
f 10171 10172 10173
f 10174 10175 10176
f 10177 10178 10179
f 10180 10181 10182
f 10183 10184 10185
f 10186 10187 10188
f 10189 10190 10191
f 10192 10193 10194
f 10195 10196 10197
f 10198 10199 10200
f 10201 10202 10203
f 10204 10205 10206
f 10207 10208 10209
f 10210 10211 10212
f 10213 10214 10215
f 10216 10217 10218
f 10219 10220 10221
f 10222 10223 10224
f 10225 10226 10227
f 10228 10229 10230
f 10231 10232 10233
f 10234 10235 10236
f 10237 10238 10239
f 10240 10241 10242
f 10243 10244 10245
f 10246 10247 10248
f 10249 10250 10251
f 10252 10253 10254
f 10255 10256 10257
f 10258 10259 10260
f 10261 10262 10263
f 10264 10265 10266
f 10267 10268 10269
f 10270 10271 10272
f 10273 10274 10275
f 10276 10277 10278
f 10279 10280 10281
f 10282 10283 10284
f 10285 10286 10287
f 10288 10289 10290
f 10291 10292 10293
f 10294 10295 10296
f 10297 10298 10299
f 10300 10301 10302
f 10303 10304 10305
f 10306 10307 10308
f 10309 10310 10311
f 10312 10313 10314
f 10315 10316 10317
f 10318 10319 10320
f 10321 10322 10323
f 10324 10325 10326
f 10327 10328 10329
f 10330 10331 10332
f 10333 10334 10335
f 10336 10337 10338
f 10339 10340 10341
f 10342 10343 10344
f 10345 10346 10347
f 10348 10349 10350
f 10351 10352 10353
f 10354 10355 10356
f 10357 10358 10359
f 10360 10361 10362
f 10363 10364 10365
f 10366 10367 10368
f 10369 10370 10371
f 10372 10373 10374
f 10375 10376 10377
f 10378 10379 10380
f 10381 10382 10383
f 10384 10385 10386
f 10387 10388 10389
f 10390 10391 10392
f 10393 10394 10395
f 10396 10397 10398
f 10399 10400 10401
f 10402 10403 10404
f 10405 10406 10407
f 10408 10409 10410
f 10411 10412 10413
f 10414 10415 10416
f 10417 10418 10419
f 10420 10421 10422
f 10423 10424 10425
f 10426 10427 10428
f 10429 10430 10431
f 10432 10433 10434
f 10435 10436 10437
f 10438 10439 10440
f 10441 10442 10443
f 10444 10445 10446
f 10447 10448 10449
f 10450 10451 10452
f 10453 10454 10455
f 10456 10457 10458
f 10459 10460 10461
f 10462 10463 10464
f 10465 10466 10467
f 10468 10469 10470
f 10471 10472 10473
f 10474 10475 10476
f 10477 10478 10479
f 10480 10481 10482
f 10483 10484 10485
f 10486 10487 10488
f 10489 10490 10491
f 10492 10493 10494
f 10495 10496 10497
f 10498 10499 10500
f 10501 10502 10503
f 10504 10505 10506
f 10507 10508 10509
f 10510 10511 10512
f 10513 10514 10515
f 10516 10517 10518
f 10519 10520 10521
f 10522 10523 10524
f 10525 10526 10527
f 10528 10529 10530
f 10531 10532 10533
f 10534 10535 10536
f 10537 10538 10539
f 10540 10541 10542
f 10543 10544 10545
f 10546 10547 10548
f 10549 10550 10551
f 10552 10553 10554
f 10555 10556 10557
f 10558 10559 10560
f 10561 10562 10563
f 10564 10565 10566
f 10567 10568 10569
f 10570 10571 10572
f 10573 10574 10575
f 10576 10577 10578
f 10579 10580 10581
f 10582 10583 10584
f 10585 10586 10587
f 10588 10589 10590
f 10591 10592 10593
f 10594 10595 10596
f 10597 10598 10599
f 10600 10601 10602
f 10603 10604 10605
f 10606 10607 10608
f 10609 10610 10611
f 10612 10613 10614
f 10615 10616 10617
f 10618 10619 10620
f 10621 10622 10623
f 10624 10625 10626
f 10627 10628 10629
f 10630 10631 10632
f 10633 10634 10635
f 10636 10637 10638
f 10639 10640 10641
f 10642 10643 10644
f 10645 10646 10647
f 10648 10649 10650
f 10651 10652 10653
f 10654 10655 10656
f 10657 10658 10659
f 10660 10661 10662
f 10663 10664 10665
f 10666 10667 10668
f 10669 10670 10671
f 10672 10673 10674
f 10675 10676 10677
f 10678 10679 10680
f 10681 10682 10683
f 10684 10685 10686
f 10687 10688 10689
f 10690 10691 10692
f 10693 10694 10695
f 10696 10697 10698
f 10699 10700 10701
f 10702 10703 10704
f 10705 10706 10707
f 10708 10709 10710
f 10711 10712 10713
f 10714 10715 10716
f 10717 10718 10719
f 10720 10721 10722
f 10723 10724 10725
f 10726 10727 10728
f 10729 10730 10731
f 10732 10733 10734
f 10735 10736 10737
f 10738 10739 10740
f 10741 10742 10743
f 10744 10745 10746
f 10747 10748 10749
f 10750 10751 10752
f 10753 10754 10755
f 10756 10757 10758
f 10759 10760 10761
f 10762 10763 10764
f 10765 10766 10767
f 10768 10769 10770
f 10771 10772 10773
f 10774 10775 10776
f 10777 10778 10779
f 10780 10781 10782
f 10783 10784 10785
f 10786 10787 10788
f 10789 10790 10791
f 10792 10793 10794
f 10795 10796 10797
f 10798 10799 10800
f 10801 10802 10803
f 10804 10805 10806
f 10807 10808 10809
f 10810 10811 10812
f 10813 10814 10815
f 10816 10817 10818
f 10819 10820 10821
f 10822 10823 10824
f 10825 10826 10827
f 10828 10829 10830
f 10831 10832 10833
f 10834 10835 10836
f 10837 10838 10839
f 10840 10841 10842
f 10843 10844 10845
f 10846 10847 10848
f 10849 10850 10851
f 10852 10853 10854
f 10855 10856 10857
f 10858 10859 10860
f 10861 10862 10863
f 10864 10865 10866
f 10867 10868 10869
f 10870 10871 10872
f 10873 10874 10875
f 10876 10877 10878
f 10879 10880 10881
f 10882 10883 10884
f 10885 10886 10887
f 10888 10889 10890
f 10891 10892 10893
f 10894 10895 10896
f 10897 10898 10899
f 10900 10901 10902
f 10903 10904 10905
f 10906 10907 10908
f 10909 10910 10911
f 10912 10913 10914
f 10915 10916 10917
f 10918 10919 10920
f 10921 10922 10923
f 10924 10925 10926
f 10927 10928 10929
f 10930 10931 10932
f 10933 10934 10935
f 10936 10937 10938
f 10939 10940 10941
f 10942 10943 10944
f 10945 10946 10947
f 10948 10949 10950
f 10951 10952 10953
f 10954 10955 10956
f 10957 10955 10958
f 10959 10960 10956
f 10956 10960 10961
f 10956 10961 10954
f 10958 10962 10957
f 10957 10962 10963
f 10957 10963 10964
f 10964 10963 10965
f 10964 10965 10966
f 10966 10965 10967
f 10966 10967 10968
f 10968 10967 10969
f 10968 10969 10970
f 10970 10969 10971
f 10970 10971 10972
f 10972 10971 10973
f 10972 10973 10974
f 10974 10973 10975
f 10974 10975 10976
f 10976 10975 10977
f 10976 10977 10978
f 10978 10977 10979
f 10978 10979 10980
f 10980 10979 10981
f 10980 10981 10982
f 10982 10981 10983
f 10982 10983 10984
f 10984 10983 10985
f 10984 10985 10986
f 10986 10985 10987
f 10986 10987 10988
f 10988 10987 10989
f 10988 10989 10990
f 10990 10989 10991
f 10990 10991 10992
f 10992 10991 10993
f 10992 10993 10994
f 10994 10993 10995
f 10994 10995 10996
f 10996 10995 10997
f 10996 10997 10998
f 10998 10997 10999
f 10998 10999 11000
f 11000 10999 11001
f 11000 11001 11002
f 11002 11001 11003
f 11002 11003 11004
f 11004 11003 11005
f 11004 11005 11006
f 11006 11005 11007
f 11006 11007 11008
f 11008 11007 11009
f 11008 11009 11010
f 11010 11009 11011
f 11010 11011 10959
f 10959 11011 11012
f 10959 11012 10960
f 11013 11014 11015
f 11013 11015 11016
f 11017 11018 11019
f 11017 11019 11020
f 11021 11022 11023
f 11021 11023 11024
f 11025 11026 11027
f 11025 11027 11028
f 11029 11030 11031
f 11029 11031 11032
f 11033 11034 11035
f 11033 11035 11036
f 11037 11038 11039
f 11037 11039 11040
f 11041 11042 11043
f 11041 11043 11044
f 11045 11046 11047
f 11045 11047 11048
f 11049 11050 11051
f 11049 11051 11052
f 11053 11054 11055
f 11053 11055 11056
f 11057 11058 11059
f 11057 11059 11060
f 11061 11062 11063
f 11061 11063 11064
f 11065 11066 11067
f 11065 11067 11068
f 11069 11070 11071
f 11072 11070 11073
f 11074 11075 11071
f 11071 11075 11076
f 11071 11076 11069
f 11073 11077 11072
f 11072 11077 11078
f 11072 11078 11079
f 11079 11078 11080
f 11079 11080 11081
f 11081 11080 11082
f 11081 11082 11083
f 11083 11082 11084
f 11083 11084 11085
f 11085 11084 11086
f 11085 11086 11087
f 11087 11086 11088
f 11087 11088 11089
f 11089 11088 11090
f 11089 11090 11091
f 11091 11090 11092
f 11091 11092 11093
f 11093 11092 11094
f 11093 11094 11095
f 11095 11094 11096
f 11095 11096 11097
f 11097 11096 11098
f 11097 11098 11099
f 11099 11098 11100
f 11099 11100 11101
f 11101 11100 11102
f 11101 11102 11103
f 11103 11102 11104
f 11103 11104 11105
f 11105 11104 11106
f 11105 11106 11107
f 11107 11106 11108
f 11107 11108 11109
f 11109 11108 11110
f 11109 11110 11111
f 11111 11110 11112
f 11111 11112 11113
f 11113 11112 11114
f 11113 11114 11115
f 11115 11114 11116
f 11115 11116 11117
f 11117 11116 11118
f 11117 11118 11119
f 11119 11118 11120
f 11119 11120 11121
f 11121 11120 11122
f 11121 11122 11123
f 11123 11122 11124
f 11123 11124 11125
f 11125 11124 11126
f 11125 11126 11074
f 11074 11126 11127
f 11074 11127 11075
f 11128 11129 11130
f 11128 11130 11131
f 11132 11133 11134
f 11132 11134 11135
f 11136 11137 11138
f 11136 11138 11139
f 11140 11141 11142
f 11140 11142 11143
f 11144 11145 11146
f 11144 11146 11147
f 11148 11149 11150
f 11148 11150 11151
f 11152 11153 11154
f 11152 11154 11155
f 11156 11157 11158
f 11158 11157 11159
f 11158 11159 11160
f 11161 11162 11163
f 11164 11165 11158
f 11158 11165 11166
f 11158 11166 11156
f 11163 11162 11167
f 11167 11162 11168
f 11167 11168 11169
f 11169 11168 11170
f 11169 11170 11171
f 11171 11170 11172
f 11171 11172 11173
f 11173 11172 11174
f 11173 11174 11175
f 11175 11174 11176
f 11175 11176 11177
f 11177 11176 11178
f 11177 11178 11179
f 11179 11178 11180
f 11179 11180 11181
f 11181 11180 11182
f 11181 11182 11183
f 11183 11182 11184
f 11183 11184 11185
f 11185 11184 11186
f 11185 11186 11187
f 11187 11186 11165
f 11187 11165 11188
f 11188 11165 11164
f 11188 11164 11189
f 11163 11190 11161
f 11161 11190 11191
f 11161 11191 11192
f 11192 11191 11193
f 11192 11193 11194
f 11194 11193 11195
f 11194 11195 11196
f 11196 11195 11197
f 11196 11197 11198
f 11198 11197 11199
f 11198 11199 11200
f 11200 11199 11201
f 11200 11201 11202
f 11202 11201 11203
f 11202 11203 11204
f 11204 11203 11205
f 11204 11205 11206
f 11206 11205 11207
f 11206 11207 11208
f 11208 11207 11209
f 11208 11209 11210
f 11210 11209 11211
f 11210 11211 11157
f 11157 11211 11212
f 11157 11212 11159
f 11213 11214 11215
f 11215 11214 11216
f 11217 11218 11219
f 11219 11218 11220
f 11221 11222 11223
f 11223 11222 11224
f 11225 11226 11227
f 11227 11226 11228
f 11229 11230 11231
f 11231 11230 11232
f 11233 11234 11235
f 11235 11234 11236
f 11237 11238 11239
f 11239 11238 11240
f 11241 11242 11243
f 11243 11242 11244
f 11245 11246 11247
f 11247 11246 11248
f 11249 11250 11251
f 11251 11250 11252
f 11253 11254 11255
f 11255 11254 11256
f 11257 11258 11259
f 11259 11258 11260
f 11261 11262 11263
f 11263 11262 11264
f 11265 11266 11267
f 11267 11266 11268
f 11267 11268 11269
f 11269 11270 11267
f 11267 11270 11271
f 11267 11271 11272
f 11272 11273 11267
f 11267 11273 11274
f 11267 11274 11275
f 11267 11276 11265
f 11265 11276 11277
f 11265 11277 11278
f 11279 11280 11281
f 11281 11282 11279
f 11279 11282 11283
f 11279 11283 11284
f 11274 11285 11286
f 11284 11287 11279
f 11279 11287 11265
f 11279 11265 11288
f 11288 11265 11278
f 11286 11289 11274
f 11274 11289 11290
f 11274 11290 11275
f 11291 11292 11293
f 11293 11292 11294
f 11295 11296 11297
f 11297 11296 11298
f 11299 11300 11301
f 11301 11300 11302
f 11301 11302 11303
f 11304 11305 11306
f 11306 11305 11307
f 11308 11309 11310
f 11310 11309 11311
f 11310 11311 11312
f 11313 11314 11315
f 11315 11314 11316
f 11317 11318 11319
f 11319 11318 11320
f 11319 11320 11321
f 11321 11320 11322
f 11321 11322 11323
f 11317 11324 11318
f 11318 11324 11325
f 11318 11325 11326
f 11326 11325 11327
f 11326 11327 11328
f 11328 11327 11329
f 11328 11329 11330
f 11330 11329 11331
f 11330 11331 11332
f 11332 11331 11333
f 11332 11333 11334
f 11334 11333 11335
f 11334 11335 11336
f 11336 11335 11337
f 11336 11337 11338
f 11338 11337 11339
f 11338 11339 11340
f 11340 11339 11341
f 11340 11341 11342
f 11342 11341 11343
f 11342 11343 11344
f 11344 11343 11345
f 11344 11345 11346
f 11346 11345 11347
f 11346 11347 11348
f 11348 11347 11349
f 11348 11349 11350
f 11350 11349 11351
f 11350 11351 11352
f 11352 11351 11353
f 11352 11353 11354
f 11354 11353 11355
f 11354 11355 11356
f 11356 11355 11357
f 11356 11357 11358
f 11358 11357 11359
f 11358 11359 11360
f 11360 11359 11361
f 11360 11361 11362
f 11362 11361 11363
f 11362 11363 11364
f 11364 11363 11365
f 11364 11365 11366
f 11366 11365 11367
f 11366 11367 11368
f 11368 11367 11369
f 11368 11369 11370
f 11370 11369 11371
f 11370 11371 11372
f 11372 11371 11373
f 11372 11373 11323
f 11323 11373 11374
f 11323 11374 11321
f 11321 11374 11375
f 11376 11377 11378
f 11378 11377 11379
f 11376 11378 11380
f 11380 11378 11381
f 11380 11381 11382
f 11379 11383 11378
f 11378 11383 11384
f 11378 11384 11385
f 11385 11386 11378
f 11378 11386 11387
f 11378 11387 11388
f 11389 11390 11391
f 11391 11390 11392
f 11391 11392 11393
f 11382 11394 11380
f 11380 11394 11395
f 11380 11395 11396
f 11388 11397 11378
f 11378 11397 11398
f 11378 11398 11399
f 11399 11398 11400
f 11399 11400 11401
f 11401 11402 11399
f 11399 11402 11390
f 11399 11390 11403
f 11403 11390 11389
f 11404 11405 11406
f 11406 11405 11407
f 11408 11409 11410
f 11410 11409 11411
f 11412 11413 11414
f 11414 11413 11415
f 11416 11417 11418
f 11418 11417 11419
f 11420 11421 11422
f 11422 11421 11423
f 11424 11425 11426
f 11426 11425 11427
f 11428 11429 11430
f 11430 11429 11431
f 11432 11433 11434
f 11434 11433 11435
f 11436 11437 11438
f 11438 11437 11439
f 11440 11441 11442
f 11442 11441 11443
f 11444 11445 11446
f 11446 11445 11447
f 11448 11449 11450
f 11450 11449 11451
f 11452 11453 11454
f 11454 11453 11455
f 11456 11457 11458
f 11458 11457 11459
