v 0.030999999493360516 1.1817292699944915e-09 -0.09200000017881393
v 0.030999999493360516 1.1817292699944915e-09 -0.10199999809265137
v 0.030099194496870037 -0.007418783847242594 -0.09200000017881393
v 0.030099194496870037 -0.007418783847242594 -0.10199999809265137
v 0.030099194496870037 -0.007418783847242594 -0.09200000017881393
v 0.030099194496870037 -0.007418783847242594 -0.10199999809265137
v 0.027449134737253186 -0.01440641563385725 -0.09200000017881393
v 0.027449134737253186 -0.01440641563385725 -0.10199999809265137
v 0.027449134737253186 -0.01440641563385725 -0.09200000017881393
v 0.027449134737253186 -0.01440641563385725 -0.10199999809265137
v 0.023203831166028973 -0.020556801930069923 -0.09200000017881393
v 0.023203831166028973 -0.020556801930069923 -0.10199999809265137
v 0.023203831166028973 -0.020556801930069923 -0.09200000017881393
v 0.023203831166028973 -0.020556801930069923 -0.10199999809265137
v 0.017610006034374234 -0.025512496009469032 -0.09200000017881393
v 0.017610006034374234 -0.025512496009469032 -0.10199999809265137
v 0.017610006034374234 -0.025512496009469032 -0.09200000017881393
v 0.017610006034374234 -0.025512496009469032 -0.10199999809265137
v 0.010992751456797121 -0.02898550219833851 -0.09200000017881393
v 0.010992751456797121 -0.02898550219833851 -0.10199999809265137
v 0.010992751456797121 -0.02898550219833851 -0.09200000017881393
v 0.010992751456797121 -0.02898550219833851 -0.10199999809265137
v 0.0037366382312029596 -0.03077397681772709 -0.09200000017881393
v 0.0037366382312029596 -0.03077397681772709 -0.10199999809265137
v 0.0037366382312029596 -0.03077397681772709 -0.09200000017881393
v 0.0037366382312029596 -0.03077397681772709 -0.10199999809265137
v -0.0037366368342190977 -0.03077397681772709 -0.09200000017881393
v -0.0037366368342190977 -0.03077397681772709 -0.10199999809265137
v -0.0037366368342190977 -0.03077397681772709 -0.09200000017881393
v -0.0037366368342190977 -0.03077397681772709 -0.10199999809265137
v -0.010992749594151972 -0.02898550219833851 -0.09200000017881393
v -0.010992749594151972 -0.02898550219833851 -0.10199999809265137
v -0.010992749594151972 -0.02898550219833851 -0.09200000017881393
v -0.010992749594151972 -0.02898550219833851 -0.10199999809265137
v -0.017610006034374234 -0.025512496009469032 -0.09200000017881393
v -0.017610006034374234 -0.025512496009469032 -0.10199999809265137
v -0.017610006034374234 -0.025512496009469032 -0.09200000017881393
v -0.017610006034374234 -0.025512496009469032 -0.10199999809265137
v -0.02320383489131927 -0.020556801930069923 -0.09200000017881393
v -0.02320383489131927 -0.020556801930069923 -0.10199999809265137
v -0.02320383489131927 -0.020556801930069923 -0.09200000017881393
v -0.02320383489131927 -0.020556801930069923 -0.10199999809265137
v -0.027449138462543484 -0.01440641563385725 -0.09200000017881393
v -0.027449138462543484 -0.01440641563385725 -0.10199999809265137
v -0.027449138462543484 -0.01440641563385725 -0.09200000017881393
v -0.027449138462543484 -0.01440641563385725 -0.10199999809265137
v -0.030099198222160336 -0.007418783847242594 -0.09200000017881393
v -0.030099198222160336 -0.007418783847242594 -0.10199999809265137
v -0.030099198222160336 -0.007418783847242594 -0.09200000017881393
v -0.030099198222160336 -0.007418783847242594 -0.10199999809265137
v -0.031000003218650814 1.1817292699944915e-09 -0.09200000017881393
v -0.031000003218650814 1.1817292699944915e-09 -0.10199999809265137
v 7.627915521446481e-10 -0.006171020213514566 0.03099999576807022
v 7.627915521446481e-10 -0.016461024060845375 0.03099999576807022
v -0.007418788038194179 -0.006171020213514566 0.030099190771579742
v -0.007418788038194179 -0.016461024060845375 0.030099190771579742
v -0.007418788038194179 -0.006171020213514566 0.030099190771579742
v -0.007418788038194179 -0.016461024060845375 0.030099190771579742
v -0.014406419359147547 -0.006171020213514566 0.027449138462543488
v -0.014406419359147547 -0.016461024060845375 0.027449138462543488
v -0.014406419359147547 -0.006171020213514566 0.027449138462543488
v -0.014406419359147547 -0.016461024060845375 0.027449138462543488
v -0.02055680006742477 -0.006171020213514566 0.023203827440738678
v -0.02055680006742477 -0.016461024060845375 0.023203827440738678
v -0.02055680006742477 -0.006171020213514566 0.023203827440738678
v -0.02055680006742477 -0.016461024060845375 0.023203827440738678
v -0.025512501597404477 -0.006171020213514566 0.017610006034374237
v -0.025512501597404477 -0.016461024060845375 0.017610006034374237
v -0.025512501597404477 -0.006171020213514566 0.017610006034374237
v -0.025512501597404477 -0.016461024060845375 0.017610006034374237
v -0.028985507786273953 -0.006171020213514566 0.01099275704473257
v -0.028985507786273953 -0.016461024060845375 0.01099275704473257
v -0.028985507786273953 -0.006171020213514566 0.01099275704473257
v -0.028985507786273953 -0.016461024060845375 0.01099275704473257
v -0.030773974955081936 -0.006171020213514566 0.003736636834219098
v -0.030773974955081936 -0.016461024060845375 0.003736636834219098
v -0.030773974955081936 -0.006171020213514566 0.003736636834219098
v -0.030773974955081936 -0.016461024060845375 0.003736636834219098
v -0.030773974955081936 -0.006171020213514566 -0.00373663823120296
v -0.030773974955081936 -0.016461024060845375 -0.00373663823120296
v -0.030773974955081936 -0.006171020213514566 -0.00373663823120296
v -0.030773974955081936 -0.016461024060845375 -0.00373663823120296
v -0.028985507786273953 -0.006171020213514566 -0.01099275890737772
v -0.028985507786273953 -0.016461024060845375 -0.01099275890737772
v -0.028985507786273953 -0.006171020213514566 -0.01099275890737772
v -0.028985507786273953 -0.016461024060845375 -0.01099275890737772
v -0.025512501597404477 -0.006171020213514566 -0.017610006034374237
v -0.025512501597404477 -0.016461024060845375 -0.017610006034374237
v -0.025512501597404477 -0.006171020213514566 -0.017610006034374237
v -0.025512501597404477 -0.016461024060845375 -0.017610006034374237
v -0.02055680006742477 -0.006171020213514566 -0.023203827440738678
v -0.02055680006742477 -0.016461024060845375 -0.023203827440738678
v -0.02055680006742477 -0.006171020213514566 -0.023203827440738678
v -0.02055680006742477 -0.016461024060845375 -0.023203827440738678
v -0.014406419359147547 -0.006171020213514566 -0.027449138462543488
v -0.014406419359147547 -0.016461024060845375 -0.027449138462543488
v -0.014406419359147547 -0.006171020213514566 -0.027449138462543488
v -0.014406419359147547 -0.016461024060845375 -0.027449138462543488
v -0.007418788038194179 -0.006171020213514566 -0.030099190771579742
v -0.007418788038194179 -0.016461024060845375 -0.030099190771579742
v -0.007418788038194179 -0.006171020213514566 -0.030099190771579742
v -0.007418788038194179 -0.016461024060845375 -0.030099190771579742
v 7.627915521446481e-10 -0.006171020213514566 -0.03099999576807022
v 7.627915521446481e-10 -0.016461024060845375 -0.03099999576807022
v -0.04048317670822143 0.056000180542469025 0.0011673190165311098
v -0.04050010442733764 0.05600018426775932 2.0046249460392573e-07
v -0.04050000011920928 0.05004497990012169 1.7066017221623042e-07
v -0.04048317670822143 0.056000180542469025 0.0011673190165311098
v -0.04050000011920928 0.05004497990012169 1.7066017221623042e-07
v -0.04044900089502334 0.056000180542469025 0.0020318992901593447
v -0.04050000011920928 0.05004497990012169 1.7066017221623042e-07
v -0.04014966636896133 0.056000180542469025 0.005315504036843777
v -0.04016897082328796 0.056000180542469025 0.005167565308511257
v -0.04016897082328796 0.056000180542469025 0.005167565308511257
v -0.04025901108980178 0.056000180542469025 0.004411614499986172
v -0.04050000011920928 0.05004497990012169 1.7066017221623042e-07
v -0.04050000011920928 0.05004497990012169 1.7066017221623042e-07
v -0.04025901108980178 0.056000180542469025 0.004411614499986172
v -0.04042626172304153 0.056000180542469025 0.002442858414724469
v -0.04050000011920928 0.05004497990012169 1.7066017221623042e-07
v -0.04042626172304153 0.056000180542469025 0.002442858414724469
v -0.04044900089502334 0.056000180542469025 0.0020318992901593447
v -0.04050000011920928 0.05004497990012169 1.7066017221623042e-07
v -0.04050000011920928 0.04183216765522957 1.5575901102238277e-07
v -0.04014966636896133 0.056000180542469025 0.005315504036843777
v -0.04050000011920928 0.039849430322647095 1.408578498285351e-07
v -0.04050000011920928 0.02880064584314823 1.1105552033541244e-07
v -0.04050000011920928 0.02396702580153942 9.615435914156478e-08
v -0.04050000011920928 0.01717631332576275 8.125319794771713e-08
v -0.040278211236000054 -0.0064710103906691074 0.004232696257531643
v -0.04050000011920928 0.005167526658624411 3.6549717918887836e-08
v -0.04050000011920928 0.004818377550691366 3.6549717918887836e-08
v -0.040278211236000054 -0.0064710103906691074 0.004232696257531643
v -0.04050000011920928 0.004818377550691366 3.6549717918887836e-08
v -0.0404999554157257 -0.0064710103906691074 6.747394643014104e-09
v -0.04050000011920928 0.02396702580153942 9.615435914156478e-08
v -0.04014966636896133 0.056000180542469025 0.005315504036843777
v -0.04050000011920928 0.02396702580153942 9.615435914156478e-08
v -0.040278211236000054 -0.0064710103906691074 0.004232696257531643
v -0.04014966636896133 0.056000180542469025 0.005315504036843777
v -0.040278211236000054 -0.0064710103906691074 0.004232696257531643
v -0.039392232894897454 0.056000176817178726 0.009407556615769863
v -0.039392232894897454 0.056000176817178726 0.009407556615769863
v -0.040278211236000054 -0.0064710103906691074 0.004232696257531643
v -0.03871688246726989 -0.0064710103906691074 0.011884978972375393
v -0.039392232894897454 0.056000176817178726 0.009407556615769863
v -0.03871688246726989 -0.0064710103906691074 0.011884978972375393
v -0.03871688246726989 0.056000176817178726 0.011884978972375393
v -0.03871688246726989 0.056000176817178726 0.011884978972375393
v -0.03871688246726989 -0.0064710103906691074 0.011884978972375393
v -0.038218878209590905 0.056000176817178726 0.013400278054177761
v -0.038218878209590905 0.056000176817178726 0.013400278054177761
v -0.03871688246726989 -0.0064710103906691074 0.011884978972375393
v -0.036641992628574364 0.056000176817178726 0.01725151389837265
v -0.036641992628574364 0.056000176817178726 0.01725151389837265
v -0.03871688246726989 -0.0064710103906691074 0.011884978972375393
v -0.03571581095457076 -0.0064710103906691074 0.01909530907869339
v -0.036641992628574364 0.056000176817178726 0.01725151389837265
v -0.03571581095457076 -0.0064710103906691074 0.01909530907869339
v -0.03571581095457076 0.05600017309188843 0.01909530907869339
v -0.029676817357540127 0.05600016936659813 0.027559690177440643
v -0.0313865914940834 0.05600016936659813 0.025595538318157196
v -0.0313865914940834 -0.0064710103906691074 0.025595538318157196
v -0.0313865914940834 -0.0064710103906691074 0.025595538318157196
v -0.0313865914940834 0.05600016936659813 0.025595538318157196
v -0.032348290085792535 0.05600017309188843 0.024368785321712494
v -0.0313865914940834 -0.0064710103906691074 0.025595538318157196
v -0.032348290085792535 0.05600017309188843 0.024368785321712494
v -0.03571581095457076 -0.0064710103906691074 0.01909530907869339
v -0.03571581095457076 -0.0064710103906691074 0.01909530907869339
v -0.032348290085792535 0.05600017309188843 0.024368785321712494
v -0.03467821329832076 0.05600017309188843 0.02092059701681137
v -0.03571581095457076 -0.0064710103906691074 0.01909530907869339
v -0.03467821329832076 0.05600017309188843 0.02092059701681137
v -0.03571581095457076 0.05600017309188843 0.01909530907869339
v -0.029676817357540127 0.05600016936659813 0.027559690177440643
v -0.0313865914940834 -0.0064710103906691074 0.025595538318157196
v -0.026692003011703488 0.05600016936659813 0.030459605157375336
v -0.026692003011703488 0.05600016936659813 0.030459605157375336
v -0.0313865914940834 -0.0064710103906691074 0.025595538318157196
v -0.025890216231346127 -0.0064710103906691074 0.031143970787525177
v -0.026692003011703488 0.05600016936659813 0.030459605157375336
v -0.025890216231346127 -0.0064710103906691074 0.031143970787525177
v -0.025890216231346127 0.05600016936659813 0.031143970787525177
v -0.01943106949329376 -0.0064710103906691074 0.03553425520658493
v -0.019911371171474453 0.05600016564130783 0.035267360508441925
v -0.025890216231346127 -0.0064710103906691074 0.031143970787525177
v -0.025890216231346127 -0.0064710103906691074 0.031143970787525177
v -0.019911371171474453 0.05600016564130783 0.035267360508441925
v -0.02342535555362701 0.05600016564130783 0.03303789347410202
v -0.025890216231346127 -0.0064710103906691074 0.031143970787525177
v -0.02342535555362701 0.05600016564130783 0.03303789347410202
v -0.025890216231346127 0.05600016936659813 0.031143970787525177
v -0.0043797558173537246 0.056000158190727234 0.040262483060359955
v -0.006626433692872523 0.056000158190727234 0.03995422273874283
v -0.004612117074429988 -0.0064710103906691074 0.04023652523756027
v -0.006626433692872523 0.056000158190727234 0.03995422273874283
v -0.007396480999886989 0.056000158190727234 0.039818860590457916
v -0.004612117074429988 -0.0064710103906691074 0.04023652523756027
v -0.004612117074429988 -0.0064710103906691074 0.04023652523756027
v -0.007396480999886989 0.056000158190727234 0.039818860590457916
v -0.008267118595540522 0.056000158190727234 0.03964725881814957
v -0.004612117074429988 -0.0064710103906691074 0.04023652523756027
v -0.008267118595540522 0.056000158190727234 0.03964725881814957
v -0.012249349616467951 -0.0064710103906691074 0.038603149354457855
v -0.012249349616467951 -0.0064710103906691074 0.038603149354457855
v -0.008267118595540522 0.056000158190727234 0.03964725881814957
v -0.01229202654212713 0.05600016191601753 0.038589589297771454
v -0.012249349616467951 -0.0064710103906691074 0.038603149354457855
v -0.01229202654212713 0.05600016191601753 0.038589589297771454
v -0.01943106949329376 -0.0064710103906691074 0.03553425520658493
v -0.01943106949329376 -0.0064710103906691074 0.03553425520658493
v -0.01229202654212713 0.05600016191601753 0.038589589297771454
v -0.016187161207199093 0.05600016191601753 0.03712446242570877
v -0.01943106949329376 -0.0064710103906691074 0.03553425520658493
v -0.016187161207199093 0.05600016191601753 0.03712446242570877
v -0.019911371171474453 0.05600016564130783 0.035267360508441925
v -0.0043797558173537246 0.056000158190727234 0.040262483060359955
v -0.004612117074429988 -0.0064710103906691074 0.04023652523756027
v -0.004154912196099757 0.056000158190727234 0.04028631001710892
v -0.004154912196099757 0.056000158190727234 0.04028631001710892
v -0.004612117074429988 -0.0064710103906691074 0.04023652523756027
v 7.627915521446481e-10 -0.0064710103906691074 0.040500007569789886
v -0.004154912196099757 0.056000158190727234 0.04028631001710892
v 7.627915521446481e-10 -0.0064710103906691074 0.040500007569789886
v -1.7060055768070012e-07 0.056000154465436935 0.040500082075595856
v 0.03997978195548057 -0.0064710103906691074 -0.0042020464316010475
v 0.03823247179388999 -0.013471010141074657 -0.012422480620443821
v 0.03823247179388999 -0.0064710103906691074 -0.012422480620443821
v 0.03823247179388999 -0.0064710103906691074 -0.012422480620443821
v 0.03823247179388999 -0.013471010141074657 -0.012422480620443821
v 0.03481421992182731 -0.013471010141074657 -0.020100004971027374
v 0.03481421992182731 -0.0064710103906691074 -0.020100004971027374
v 0.03481421992182731 -0.0064710103906691074 -0.020100004971027374
v 0.03481421992182731 -0.013471010141074657 -0.020100004971027374
v 0.02987442165613174 -0.013471010141074657 -0.026899047195911407
v 0.02987442165613174 -0.0064710103906691074 -0.026899047195911407
v 0.02987442165613174 -0.0064710103906691074 -0.026899047195911407
v 0.02987442165613174 -0.013471010141074657 -0.026899047195911407
v 0.023628965020179745 -0.013471010141074657 -0.032522477209568024
v 0.023628965020179745 -0.0064710103906691074 -0.032522477209568024
v 0.023628965020179745 -0.0064710103906691074 -0.032522477209568024
v 0.023628965020179745 -0.013471010141074657 -0.032522477209568024
v 0.016350813210010525 -0.013471010141074657 -0.036724530160427094
v 0.016350813210010525 -0.0064710103906691074 -0.036724530160427094
v 0.016350813210010525 -0.0064710103906691074 -0.036724530160427094
v 0.016350813210010525 -0.013471010141074657 -0.036724530160427094
v 0.008358051069080828 -0.013471010141074657 -0.03932153433561325
v 0.008358051069080828 -0.0064710103906691074 -0.03932153433561325
v 0.008358051069080828 -0.0064710103906691074 -0.03932153433561325
v 0.008358051069080828 -0.013471010141074657 -0.03932153433561325
v 7.627915521446481e-10 -0.013471010141074657 -0.04020000249147415
v 7.627915521446481e-10 -0.0064710103906691074 -0.04020000249147415
v 0.03997978195548057 -0.013471010141074657 0.004202044568955898
v 0.040199998766183846 -0.013471010141074657 6.747394643014104e-09
v 0.03997978195548057 -0.0064710103906691074 -0.0042020464316010475
v 0.03997978195548057 -0.0064710103906691074 -0.0042020464316010475
v 0.040199998766183846 -0.013471010141074657 6.747394643014104e-09
v 0.03997978195548057 -0.013471010141074657 -0.0042020464316010475
v 0.03997978195548057 -0.013471010141074657 -0.0042020464316010475
v 0.03997978195548057 -0.0064710103906691074 -0.0042020464316010475
v 0.03997978195548057 -0.0064710103906691074 0.004202044568955898
v 0.03997978195548057 -0.013471010141074657 0.004202044568955898
v 0.03997978195548057 -0.013471010141074657 0.004202044568955898
v 0.03997978195548057 -0.0064710103906691074 0.004202044568955898
v 0.03823247179388999 -0.0064710103906691074 0.012422478757798672
v 0.03823247179388999 -0.013471010141074657 0.012422478757798672
v 0.03823247179388999 -0.013471010141074657 0.012422478757798672
v 0.03823247179388999 -0.0064710103906691074 0.012422478757798672
v 0.03481421992182731 -0.0064710103906691074 0.020100004971027374
v 0.03481421992182731 -0.013471010141074657 0.020100004971027374
v 0.03481421992182731 -0.013471010141074657 0.020100004971027374
v 0.03481421992182731 -0.0064710103906691074 0.020100004971027374
v 0.02987442165613174 -0.0064710103906691074 0.026899047195911407
v 0.02987442165613174 -0.013471010141074657 0.026899047195911407
v 0.02987442165613174 -0.013471010141074657 0.026899047195911407
v 0.02987442165613174 -0.0064710103906691074 0.026899047195911407
v 0.023628965020179745 -0.0064710103906691074 0.032522477209568024
v 0.023628965020179745 -0.013471010141074657 0.032522477209568024
v 0.023628965020179745 -0.013471010141074657 0.032522477209568024
v 0.023628965020179745 -0.0064710103906691074 0.032522477209568024
v 0.016350813210010525 -0.0064710103906691074 0.036724530160427094
v 0.016350813210010525 -0.013471010141074657 0.036724530160427094
v 0.016350813210010525 -0.013471010141074657 0.036724530160427094
v 0.016350813210010525 -0.0064710103906691074 0.036724530160427094
v 0.008358051069080828 -0.0064710103906691074 0.03932153433561325
v 0.008358051069080828 -0.013471010141074657 0.03932153433561325
v 0.008358051069080828 -0.013471010141074657 0.03932153433561325
v 0.008358051069080828 -0.0064710103906691074 0.03932153433561325
v 7.627915521446481e-10 -0.0064710103906691074 0.04020000249147415
v 7.627915521446481e-10 -0.013471010141074657 0.04020000249147415
v -0.041000001132488244 1.1817292699944915e-09 -0.09100005775690079
v -0.041000045835971825 1.1817292699944915e-09 -0.08500000089406967
v -0.04095625132322311 0.0018935215193778276 -0.08500000089406967
v 0.017721228301525112 0.0369722917675972 -0.08500002324581146
v 0.0199507400393486 0.0358184352517128 -0.08500002324581146
v 0.01995078474283218 0.035818517208099365 -0.09100005775690079
v 0.04100004211068153 1.1817292699944915e-09 -0.08500000834465027
v 0.041000001132488244 1.1817292699944915e-09 -0.09100005775690079
v 0.040902510285377496 0.0028268632013350725 -0.08500000834465027
v 0.040902510285377496 0.0028268632013350725 -0.08500000834465027
v 0.041000001132488244 1.1817292699944915e-09 -0.09100005775690079
v 0.04095625132322311 0.0018935215193778276 -0.09100005775690079
v 0.040902510285377496 0.0028268632013350725 -0.08500000834465027
v 0.04095625132322311 0.0018935215193778276 -0.09100005775690079
v 0.04078640788793563 0.00418028375133872 -0.08500000834465027
v 0.04078640788793563 0.00418028375133872 -0.08500000834465027
v 0.04095625132322311 0.0018935215193778276 -0.09100005775690079
v 0.04014733433723449 0.008318190462887287 -0.08500001579523087
v 0.04014733433723449 0.008318190462887287 -0.08500001579523087
v 0.04095625132322311 0.0018935215193778276 -0.09100005775690079
v 0.039730686694383614 0.010122881270945072 -0.09100005775690079
v 0.04014733433723449 0.008318190462887287 -0.08500001579523087
v 0.039730686694383614 0.010122881270945072 -0.09100005775690079
v 0.039730660617351525 0.010122873820364475 -0.08500001579523087
v 0.039730660617351525 0.010122873820364475 -0.08500001579523087
v 0.039730686694383614 0.010122881270945072 -0.09100005775690079
v 0.03908956423401832 0.012369354255497456 -0.08500001579523087
v 0.03908956423401832 0.012369354255497456 -0.08500001579523087
v 0.039730686694383614 0.010122881270945072 -0.09100005775690079
v 0.03686898946762084 0.01793537475168705 -0.09100005775690079
v 0.03908956423401832 0.012369354255497456 -0.08500001579523087
v 0.03686898946762084 0.01793537475168705 -0.09100005775690079
v 0.03762405738234519 0.016291843727231026 -0.08500001579523087
v 0.03248907253146171 0.02500932849943638 -0.08500001579523087
v 0.033535059541463845 0.023588230833411217 -0.08500001579523087
v 0.032489009201526635 0.0250092800706625 -0.09100005775690079
v 0.032489009201526635 0.0250092800706625 -0.09100005775690079
v 0.033535059541463845 0.023588230833411217 -0.08500001579523087
v 0.03576606884598731 0.02004462294280529 -0.08500001579523087
v 0.032489009201526635 0.0250092800706625 -0.09100005775690079
v 0.03576606884598731 0.02004462294280529 -0.08500001579523087
v 0.03686898946762084 0.01793537475168705 -0.09100005775690079
v 0.03686898946762084 0.01793537475168705 -0.09100005775690079
v 0.03576606884598731 0.02004462294280529 -0.08500001579523087
v 0.036868937313556664 0.01793534867465496 -0.08500001579523087
v 0.03686898946762084 0.01793537475168705 -0.09100005775690079
v 0.036868937313556664 0.01793534867465496 -0.08500001579523087
v 0.03762405738234519 0.016291843727231026 -0.08500001579523087
v 0.03248907253146171 0.02500932849943638 -0.08500001579523087
v 0.032489009201526635 0.0250092800706625 -0.09100005775690079
v 0.03095443546772003 0.02688547782599926 -0.08500001579523087
v 0.03095443546772003 0.02688547782599926 -0.08500001579523087
v 0.032489009201526635 0.0250092800706625 -0.09100005775690079
v 0.026771120727062222 0.031053295359015465 -0.09100005775690079
v 0.03095443546772003 0.02688547782599926 -0.08500001579523087
v 0.026771120727062222 0.031053295359015465 -0.09100005775690079
v 0.02805114164948463 0.02990209497511387 -0.08500001579523087
v 0.0199507400393486 0.0358184352517128 -0.08500002324581146
v 0.02139981091022491 0.03497200831770897 -0.08500002324581146
v 0.01995078474283218 0.035818517208099365 -0.09100005775690079
v 0.01995078474283218 0.035818517208099365 -0.09100005775690079
v 0.02139981091022491 0.03497200831770897 -0.08500002324581146
v 0.024855118244886395 0.0326070599257946 -0.08500002324581146
v 0.01995078474283218 0.035818517208099365 -0.09100005775690079
v 0.024855118244886395 0.0326070599257946 -0.08500002324581146
v 0.026771120727062222 0.031053295359015465 -0.09100005775690079
v 0.026771120727062222 0.031053295359015465 -0.09100005775690079
v 0.024855118244886395 0.0326070599257946 -0.08500002324581146
v 0.026771120727062222 0.031053295359015465 -0.08500001579523087
v 0.026771120727062222 0.031053295359015465 -0.09100005775690079
v 0.026771120727062222 0.031053295359015465 -0.08500001579523087
v 0.02805114164948463 0.02990209497511387 -0.08500001579523087
v 0.017721228301525112 0.0369722917675972 -0.08500002324581146
v 0.01995078474283218 0.035818517208099365 -0.09100005775690079
v 0.015826221555471417 0.03782232850790024 -0.08500002324581146
v 0.015826221555471417 0.03782232850790024 -0.08500002324581146
v 0.01995078474283218 0.035818517208099365 -0.09100005775690079
v 0.01230886299163103 0.03910871967673302 -0.09100005775690079
v 0.015826221555471417 0.03782232850790024 -0.08500002324581146
v 0.01230886299163103 0.03910871967673302 -0.09100005775690079
v 0.011866667307913302 0.039245277643203735 -0.08500005304813385
v 0.011866667307913302 0.039245277643203735 -0.08500005304813385
v 0.01230886299163103 0.03910871967673302 -0.09100005775690079
v 0.0078013213351368895 0.040250957012176514 -0.08500000834465027
v 0.0078013213351368895 0.040250957012176514 -0.08500000834465027
v 0.01230886299163103 0.03910871967673302 -0.09100005775690079
v 0.004160058684647082 0.040788404643535614 -0.09100005775690079
v 0.0078013213351368895 0.040250957012176514 -0.08500000834465027
v 0.004160058684647082 0.040788404643535614 -0.09100005775690079
v 0.004160058684647082 0.04078840836882591 -0.08499991148710251
v -0.041000001132488244 1.1817292699944915e-09 -0.09100005775690079
v -0.04095625132322311 0.0018935215193778276 -0.08500000089406967
v -0.04095625132322311 0.0018935215193778276 -0.09100005775690079
v -0.04095625132322311 0.0018935215193778276 -0.09100005775690079
v -0.04095625132322311 0.0018935215193778276 -0.08500000089406967
v -0.040902435779571526 0.002826825948432088 -0.08500000089406967
v -0.04095625132322311 0.0018935215193778276 -0.09100005775690079
v -0.040902435779571526 0.002826825948432088 -0.08500000089406967
v -0.039730682969093316 0.010122881270945072 -0.09100005775690079
v -0.039730682969093316 0.010122881270945072 -0.09100005775690079
v -0.040902435779571526 0.002826825948432088 -0.08500000089406967
v -0.04050652682781219 0.006342017557471991 -0.08500000089406967
v -0.039730682969093316 0.010122881270945072 -0.09100005775690079
v -0.04050652682781219 0.006342017557471991 -0.08500000089406967
v -0.03980910032987594 0.009809986688196659 -0.08500000089406967
v -0.03980910032987594 0.009809986688196659 -0.08500000089406967
v -0.039730682969093316 0.010122881270945072 -0.08500000089406967
v -0.039730682969093316 0.010122881270945072 -0.09100005775690079
v -0.039730682969093316 0.010122881270945072 -0.09100005775690079
v -0.039730682969093316 0.010122881270945072 -0.08500000089406967
v -0.038815326988697045 0.013204948045313358 -0.08500000089406967
v -0.039730682969093316 0.010122881270945072 -0.09100005775690079
v -0.038815326988697045 0.013204948045313358 -0.08500000089406967
v -0.03686898946762084 0.01793537475168705 -0.09100005775690079
v -0.03686898946762084 0.01793537475168705 -0.09100005775690079
v -0.038815326988697045 0.013204948045313358 -0.08500000089406967
v -0.03686898946762084 0.01793537475168705 -0.08500000089406967
v -0.03686898946762084 0.01793537475168705 -0.09100005775690079
v -0.03686898946762084 0.01793537475168705 -0.08500000089406967
v -0.032489009201526635 0.0250092800706625 -0.09100005775690079
v -0.032489009201526635 0.0250092800706625 -0.09100005775690079
v -0.03686898946762084 0.01793537475168705 -0.08500000089406967
v -0.034140639007091515 0.022702796384692192 -0.08500000089406967
v -0.034140639007091515 0.022702796384692192 -0.08500000089406967
v -0.032489009201526635 0.0250092800706625 -0.08500000089406967
v -0.032489009201526635 0.0250092800706625 -0.09100005775690079
v -0.032489009201526635 0.0250092800706625 -0.09100005775690079
v -0.032489009201526635 0.0250092800706625 -0.08500000089406967
v -0.03205664455890655 0.02556113712489605 -0.08500000089406967
v -0.032489009201526635 0.0250092800706625 -0.09100005775690079
v -0.03205664455890655 0.02556113712489605 -0.08500000089406967
v -0.026771120727062222 0.031053295359015465 -0.09100005775690079
v -0.026771120727062222 0.031053295359015465 -0.09100005775690079
v -0.03205664455890655 0.02556113712489605 -0.08500000089406967
v -0.029734000563621518 0.02822922356426716 -0.08500000089406967
v -0.026771120727062222 0.031053295359015465 -0.09100005775690079
v -0.029734000563621518 0.02822922356426716 -0.08500000089406967
v -0.027190022170543667 0.030687177553772926 -0.08500000089406967
v -0.027190022170543667 0.030687177553772926 -0.08500000089406967
v -0.026771120727062222 0.031053295359015465 -0.08500000089406967
v -0.026771120727062222 0.031053295359015465 -0.09100005775690079
v -0.026771120727062222 0.031053295359015465 -0.09100005775690079
v -0.026771120727062222 0.031053295359015465 -0.08500000089406967
v -0.024443633854389187 0.03291669115424156 -0.08500000089406967
v -0.026771120727062222 0.031053295359015465 -0.09100005775690079
v -0.024443633854389187 0.03291669115424156 -0.08500000089406967
v -0.01995078474283218 0.035818517208099365 -0.09100005775690079
v -0.01995078474283218 0.035818517208099365 -0.09100005775690079
v -0.024443633854389187 0.03291669115424156 -0.08500000089406967
v -0.01995078474283218 0.035818517208099365 -0.08500000089406967
v -0.01995078474283218 0.035818517208099365 -0.09100005775690079
v -0.01995078474283218 0.035818517208099365 -0.08500000089406967
v -0.012308864854276179 0.03910871967673302 -0.09100005775690079
v -0.01995078474283218 0.035818517208099365 -0.08500000089406967
v -0.015826269984245297 0.037822309881448746 -0.08500000089406967
v -0.012308864854276179 0.03910871967673302 -0.09100005775690079
v -0.012308864854276179 0.03910871967673302 -0.09100005775690079
v -0.015826269984245297 0.037822309881448746 -0.08500000089406967
v -0.012308864854276179 0.03910871967673302 -0.08500000089406967
v -0.012308864854276179 0.03910871967673302 -0.09100005775690079
v -0.012308864854276179 0.03910871967673302 -0.08500000089406967
v -0.004160060547292232 0.040788404643535614 -0.09100005775690079
v -0.004160060547292232 0.040788404643535614 -0.09100005775690079
v -0.012308864854276179 0.03910871967673302 -0.08500000089406967
v -0.008008121512830256 0.04021032154560089 -0.08500000089406967
v -0.008008121512830256 0.04021032154560089 -0.08500000089406967
v -0.004160060547292232 0.040788404643535614 -0.08500000089406967
v -0.004160060547292232 0.040788404643535614 -0.09100005775690079
v -0.004160060547292232 0.040788404643535614 -0.09100005775690079
v -0.004160060547292232 0.040788404643535614 -0.08500000089406967
v 7.627915521446481e-10 0.04100000113248825 -0.08500000089406967
v -0.004160060547292232 0.040788404643535614 -0.09100005775690079
v 7.627915521446481e-10 0.04100000113248825 -0.08500000089406967
v 0.004160058684647082 0.040788404643535614 -0.09100005775690079
v 0.004160058684647082 0.040788404643535614 -0.09100005775690079
v 7.627915521446481e-10 0.04100000113248825 -0.08500000089406967
v 0.003651411039754748 0.04083709046244621 -0.08499991148710251
v 0.004160058684647082 0.040788404643535614 -0.09100005775690079
v 0.003651411039754748 0.04083709046244621 -0.08499991148710251
v 0.004160058684647082 0.04078840836882591 -0.08499991148710251
v -0.04050000011920928 -0.016461024060845375 6.747394643014104e-09
v -0.04050000011920928 -0.013471010141074657 6.747394643014104e-09
v -0.039628788828849786 -0.013471010141074657 -0.00835519377142191
v -0.039628788828849786 -0.016461024060845375 -0.00835519377142191
v -0.039628788828849786 -0.016461024060845375 -0.00835519377142191
v -0.039628788828849786 -0.013471010141074657 -0.00835519377142191
v -0.03705263137817382 -0.013471010141074657 -0.01635093241930008
v -0.03705263137817382 -0.016461024060845375 -0.01635093241930008
v -0.03705263137817382 -0.016461024060845375 -0.01635093241930008
v -0.03705263137817382 -0.013471010141074657 -0.01635093241930008
v -0.03288235515356063 -0.013471010141074657 -0.023643188178539276
v -0.03288235515356063 -0.016461024060845375 -0.023643188178539276
v -0.03288235515356063 -0.016461024060845375 -0.023643188178539276
v -0.03288235515356063 -0.013471010141074657 -0.023643188178539276
v -0.027297392487525936 -0.013471010141074657 -0.029918260872364044
v -0.027297392487525936 -0.016461024060845375 -0.029918260872364044
v -0.027297392487525936 -0.016461024060845375 -0.029918260872364044
v -0.027297392487525936 -0.013471010141074657 -0.029918260872364044
v -0.020538017153739926 -0.013471010141074657 -0.03490615636110306
v -0.020538017153739926 -0.016461024060845375 -0.03490615636110306
v -0.020538017153739926 -0.016461024060845375 -0.03490615636110306
v -0.020538017153739926 -0.013471010141074657 -0.03490615636110306
v -0.012895031832158564 -0.013471010141074657 -0.03839229792356491
v -0.012895031832158564 -0.016461024060845375 -0.03839229792356491
v -0.012895031832158564 -0.016461024060845375 -0.03839229792356491
v -0.012895031832158564 -0.013471010141074657 -0.03839229792356491
v -0.00469726976007223 -0.013471010141074657 -0.04022667557001114
v -0.00469726976007223 -0.016461024060845375 -0.04022667557001114
v -0.00469726976007223 -0.016461024060845375 -0.04022667557001114
v -0.00469726976007223 -0.013471010141074657 -0.04022667557001114
v 0.0037025853525847192 -0.013471010141074657 -0.04033040255308151
v 0.0037025853525847192 -0.016461024060845375 -0.04033040255308151
v 0.0037025853525847192 -0.016461024060845375 -0.04033040255308151
v 0.0037025853525847192 -0.013471010141074657 -0.04033040255308151
v 0.011943143792450426 -0.013471010141074657 -0.03869897872209549
v 0.011943143792450426 -0.016461024060845375 -0.03869897872209549
v 0.011943143792450426 -0.016461024060845375 -0.03869897872209549
v 0.011943143792450426 -0.013471010141074657 -0.03869897872209549
v 0.019669871777296063 -0.013471010141074657 -0.035402633249759674
v 0.019669871777296063 -0.016461024060845375 -0.035402633249759674
v 0.019669871777296063 -0.016461024060845375 -0.035402633249759674
v 0.019669871777296063 -0.013471010141074657 -0.035402633249759674
v 0.026550348848104473 -0.013471010141074657 -0.030583150684833527
v 0.026550348848104473 -0.016461024060845375 -0.030583150684833527
v 0.026550348848104473 -0.016461024060845375 -0.030583150684833527
v 0.026550348848104473 -0.013471010141074657 -0.030583150684833527
v 0.0322885476052761 -0.013471010141074657 -0.02444789558649063
v 0.0322885476052761 -0.016461024060845375 -0.02444789558649063
v 0.0322885476052761 -0.016461024060845375 -0.02444789558649063
v 0.0322885476052761 -0.013471010141074657 -0.02444789558649063
v 0.036637604236602776 -0.013471010141074657 -0.017260827124118805
v 0.036637604236602776 -0.016461024060845375 -0.017260827124118805
v 0.036637604236602776 -0.016461024060845375 -0.017260827124118805
v 0.036637604236602776 -0.013471010141074657 -0.017260827124118805
v 0.03941040486097335 -0.013471010141074657 -0.009331130422651768
v 0.03941040486097335 -0.016461024060845375 -0.009331130422651768
v 0.03941040486097335 -0.016461024060845375 -0.009331130422651768
v 0.03941040486097335 -0.013471010141074657 -0.009331130422651768
v 0.04048765450716018 -0.013471010141074657 -0.0009999952744692564
v 0.04048765450716018 -0.016461024060845375 -0.0009999952744692564
v 0.04069999977946281 1.1817292699944915e-09 -0.09100005775690079
v 0.04069999977946281 1.1817292699944915e-09 -0.09800005704164505
v 0.039810609072446816 0.00846200529485941 -0.09800005704164505
v 0.039810609072446816 0.00846200529485941 -0.09100005775690079
v 0.039810609072446816 0.00846200529485941 -0.09100005775690079
v 0.039810609072446816 0.00846200529485941 -0.09800005704164505
v 0.0371812991797924 0.016554182395339012 -0.09800005704164505
v 0.0371812991797924 0.016554182395339012 -0.09100005775690079
v 0.0371812991797924 0.016554182395339012 -0.09100005775690079
v 0.0371812991797924 0.016554182395339012 -0.09800005704164505
v 0.0329269915819168 0.023922858759760857 -0.09800005704164505
v 0.0329269915819168 0.023922858759760857 -0.09100005775690079
v 0.0329269915819168 0.023922858759760857 -0.09100005775690079
v 0.0329269915819168 0.023922858759760857 -0.09800005704164505
v 0.02723361551761627 0.03024599514901638 -0.09800005704164505
v 0.02723361551761627 0.03024599514901638 -0.09100005775690079
v 0.02723361551761627 0.03024599514901638 -0.09100005775690079
v 0.02723361551761627 0.03024599514901638 -0.09800005704164505
v 0.020349998027086254 0.035247232764959335 -0.09800005704164505
v 0.020349998027086254 0.035247232764959335 -0.09100005775690079
v 0.020349998027086254 0.035247232764959335 -0.09100005775690079
v 0.020349998027086254 0.035247232764959335 -0.09800005704164505
v 0.012576990760862826 0.038708001375198364 -0.09800005704164505
v 0.012576990760862826 0.038708001375198364 -0.09100005775690079
v 0.012576990760862826 0.038708001375198364 -0.09100005775690079
v 0.012576990760862826 0.038708001375198364 -0.09800005704164505
v 0.004254308529198169 0.04047704115509987 -0.09800005704164505
v 0.004254308529198169 0.04047704115509987 -0.09100005775690079
v 0.004254308529198169 0.04047704115509987 -0.09100005775690079
v 0.004254308529198169 0.04047704115509987 -0.09800005704164505
v -0.004254310391843318 0.04047704115509987 -0.09800005704164505
v -0.004254310391843318 0.04047704115509987 -0.09100005775690079
v -0.004254310391843318 0.04047704115509987 -0.09100005775690079
v -0.004254310391843318 0.04047704115509987 -0.09800005704164505
v -0.012576988898217676 0.038708001375198364 -0.09800005704164505
v -0.012576988898217676 0.038708001375198364 -0.09100005775690079
v -0.012576988898217676 0.038708001375198364 -0.09100005775690079
v -0.012576988898217676 0.038708001375198364 -0.09800005704164505
v -0.020350001752376553 0.035247232764959335 -0.09800005704164505
v -0.020350001752376553 0.035247232764959335 -0.09100005775690079
v -0.020350001752376553 0.035247232764959335 -0.09100005775690079
v -0.020350001752376553 0.035247232764959335 -0.09800005704164505
v -0.02723361551761627 0.03024599514901638 -0.09800005704164505
v -0.02723361551761627 0.03024599514901638 -0.09100005775690079
v -0.02723361551761627 0.03024599514901638 -0.09100005775690079
v -0.02723361551761627 0.03024599514901638 -0.09800005704164505
v -0.0329269915819168 0.023922858759760857 -0.09800005704164505
v -0.0329269915819168 0.023922858759760857 -0.09100005775690079
v -0.0329269915819168 0.023922858759760857 -0.09100005775690079
v -0.0329269915819168 0.023922858759760857 -0.09800005704164505
v -0.037181302905082696 0.016554182395339012 -0.09800005704164505
v -0.037181302905082696 0.016554182395339012 -0.09100005775690079
v -0.037181302905082696 0.016554182395339012 -0.09100005775690079
v -0.037181302905082696 0.016554182395339012 -0.09800005704164505
v -0.03981060534715652 0.00846200529485941 -0.09800005704164505
v -0.03981060534715652 0.00846200529485941 -0.09100005775690079
v -0.03981060534715652 0.00846200529485941 -0.09100005775690079
v -0.03981060534715652 0.00846200529485941 -0.09800005704164505
v -0.040700003504753106 1.1817292699944915e-09 -0.09800005704164505
v -0.040700003504753106 1.1817292699944915e-09 -0.09100005775690079
v -0.041000001132488244 1.1817292699944915e-09 -0.09800005704164505
v -0.041000001132488244 1.1817292699944915e-09 -0.10199999809265137
v -0.04011785984039306 -0.008459153585135937 -0.10199999809265137
v -0.04011785984039306 -0.008459153585135937 -0.09800005704164505
v -0.04011785984039306 -0.008459153585135937 -0.09800005704164505
v -0.04011785984039306 -0.008459153585135937 -0.10199999809265137
v -0.03750940412282943 -0.016554297879338264 -0.10199999809265137
v -0.03750940412282943 -0.016554297879338264 -0.09800005704164505
v -0.03750940412282943 -0.016554297879338264 -0.09800005704164505
v -0.03750940412282943 -0.016554297879338264 -0.10199999809265137
v -0.03328686952590942 -0.023937085643410683 -0.10199999809265137
v -0.03328686952590942 -0.023937085643410683 -0.09800005704164505
v -0.03328686952590942 -0.023937085643410683 -0.09800005704164505
v -0.03328686952590942 -0.023937085643410683 -0.10199999809265137
v -0.027631968259811398 -0.03028983809053898 -0.10199999809265137
v -0.027631968259811398 -0.03028983809053898 -0.09800005704164505
v -0.027631968259811398 -0.03028983809053898 -0.09800005704164505
v -0.027631968259811398 -0.03028983809053898 -0.10199999809265137
v -0.020788021385669705 -0.03533918783068657 -0.10199999809265137
v -0.020788021385669705 -0.03533918783068657 -0.09800005704164505
v -0.020788021385669705 -0.03533918783068657 -0.09800005704164505
v -0.020788021385669705 -0.03533918783068657 -0.10199999809265137
v -0.013049549423158167 -0.03886784240603447 -0.10199999809265137
v -0.013049549423158167 -0.03886784240603447 -0.09800005704164505
v -0.013049549423158167 -0.03886784240603447 -0.09800005704164505
v -0.013049549423158167 -0.03886784240603447 -0.10199999809265137
v -0.004749535582959651 -0.040723975747823715 -0.10199999809265137
v -0.004749535582959651 -0.040723975747823715 -0.09800005704164505
v -0.004749535582959651 -0.040723975747823715 -0.09800005704164505
v -0.004749535582959651 -0.040723975747823715 -0.10199999809265137
v 0.0037548549007624383 -0.04082770273089409 -0.10199999809265137
v 0.0037548549007624383 -0.04082770273089409 -0.09800005704164505
v 0.0037548549007624383 -0.04082770273089409 -0.09800005704164505
v 0.0037548549007624383 -0.04082770273089409 -0.10199999809265137
v 0.012097668834030626 -0.03917456790804863 -0.10199999809265137
v 0.012097668834030626 -0.03917456790804863 -0.09800005704164505
v 0.012097668834030626 -0.03917456790804863 -0.09800005704164505
v 0.012097668834030626 -0.03917456790804863 -0.10199999809265137
v 0.01991990581154823 -0.03583570197224617 -0.10199999809265137
v 0.01991990581154823 -0.03583570197224617 -0.09800005704164505
v 0.01991990581154823 -0.03583570197224617 -0.09800005704164505
v 0.01991990581154823 -0.03583570197224617 -0.10199999809265137
v 0.026884965598583218 -0.03095478005707264 -0.10199999809265137
v 0.026884965598583218 -0.03095478005707264 -0.09800005704164505
v 0.026884965598583218 -0.03095478005707264 -0.09800005704164505
v 0.026884965598583218 -0.03095478005707264 -0.10199999809265137
v 0.032693136483430855 -0.024741845205426216 -0.10199999809265137
v 0.032693136483430855 -0.024741845205426216 -0.09800005704164505
v 0.032693136483430855 -0.024741845205426216 -0.09800005704164505
v 0.032693136483430855 -0.024741845205426216 -0.10199999809265137
v 0.03709448128938674 -0.01746423728764057 -0.10199999809265137
v 0.03709448128938674 -0.01746423728764057 -0.09800005704164505
v 0.03709448128938674 -0.01746423728764057 -0.09800005704164505
v 0.03709448128938674 -0.01746423728764057 -0.10199999809265137
v 0.03989960625767707 -0.009435120038688183 -0.10199999809265137
v 0.03989960625767707 -0.009435120038688183 -0.09800005704164505
v 0.03989960625767707 -0.009435120038688183 -0.09800005704164505
v 0.03989960625767707 -0.009435120038688183 -0.10199999809265137
v 0.04098780453205108 -0.001000000862404704 -0.10199999809265137
v 0.04098780453205108 -0.001000000862404704 -0.09800005704164505
v 0.04098780453205108 0.0009999994654208422 -0.09800005704164505
v 0.04098780453205108 0.0009999994654208422 -0.10199999809265137
v 0.03989960625767707 0.009435118176043034 -0.10199999809265137
v 0.03989960625767707 0.009435118176043034 -0.09800005704164505
v 0.03989960625767707 0.009435118176043034 -0.09800005704164505
v 0.03989960625767707 0.009435118176043034 -0.10199999809265137
v 0.03709448128938674 0.01746423728764057 -0.10199999809265137
v 0.03709448128938674 0.01746423728764057 -0.09800005704164505
v 0.03709448128938674 0.01746423728764057 -0.09800005704164505
v 0.03709448128938674 0.01746423728764057 -0.10199999809265137
v 0.032693136483430855 0.024741845205426216 -0.10199999809265137
v 0.032693136483430855 0.024741845205426216 -0.09800005704164505
v 0.032693136483430855 0.024741845205426216 -0.09800005704164505
v 0.032693136483430855 0.024741845205426216 -0.10199999809265137
v 0.026884965598583218 0.03095478191971779 -0.10199999809265137
v 0.026884965598583218 0.03095478191971779 -0.09800005704164505
v 0.026884965598583218 0.03095478191971779 -0.09800005704164505
v 0.026884965598583218 0.03095478191971779 -0.10199999809265137
v 0.01991990581154823 0.03583569824695587 -0.10199999809265137
v 0.01991990581154823 0.03583569824695587 -0.09800005704164505
v 0.01991990581154823 0.03583569824695587 -0.09800005704164505
v 0.01991990581154823 0.03583569824695587 -0.10199999809265137
v 0.012097668834030626 0.03917456418275833 -0.10199999809265137
v 0.012097668834030626 0.03917456418275833 -0.09800005704164505
v 0.012097668834030626 0.03917456418275833 -0.09800005704164505
v 0.012097668834030626 0.03917456418275833 -0.10199999809265137
v 0.0037548549007624383 0.04082769900560379 -0.10199999809265137
v 0.0037548549007624383 0.04082769900560379 -0.09800005704164505
v 0.0037548549007624383 0.04082769900560379 -0.09800005704164505
v 0.0037548549007624383 0.04082769900560379 -0.10199999809265137
v -0.004749535582959651 0.04072397202253342 -0.10199999809265137
v -0.004749535582959651 0.04072397202253342 -0.09800005704164505
v -0.004749535582959651 0.04072397202253342 -0.09800005704164505
v -0.004749535582959651 0.04072397202253342 -0.10199999809265137
v -0.013049549423158167 0.03886784240603447 -0.10199999809265137
v -0.013049549423158167 0.03886784240603447 -0.09800005704164505
v -0.013049549423158167 0.03886784240603447 -0.09800005704164505
v -0.013049549423158167 0.03886784240603447 -0.10199999809265137
v -0.020788021385669705 0.03533918783068657 -0.10199999809265137
v -0.020788021385669705 0.03533918783068657 -0.09800005704164505
v -0.020788021385669705 0.03533918783068657 -0.09800005704164505
v -0.020788021385669705 0.03533918783068657 -0.10199999809265137
v -0.027631968259811398 0.030289841815829277 -0.10199999809265137
v -0.027631968259811398 0.030289841815829277 -0.09800005704164505
v -0.027631968259811398 0.030289841815829277 -0.09800005704164505
v -0.027631968259811398 0.030289841815829277 -0.10199999809265137
v -0.03328686952590942 0.02393708936870098 -0.10199999809265137
v -0.03328686952590942 0.02393708936870098 -0.09800005704164505
v -0.03328686952590942 0.02393708936870098 -0.09800005704164505
v -0.03328686952590942 0.02393708936870098 -0.10199999809265137
v -0.03750940412282943 0.016554297879338264 -0.10199999809265137
v -0.03750940412282943 0.016554297879338264 -0.09800005704164505
v -0.03750940412282943 0.016554297879338264 -0.09800005704164505
v -0.03750940412282943 0.016554297879338264 -0.10199999809265137
v -0.04011785984039306 0.008459151722490788 -0.10199999809265137
v -0.04011785984039306 0.008459151722490788 -0.09800005704164505
v -0.04011785984039306 0.008459151722490788 -0.09800005704164505
v -0.04011785984039306 0.008459151722490788 -0.10199999809265137
v -0.041000001132488244 1.1817292699944915e-09 -0.10199999809265137
v -0.041000001132488244 1.1817292699944915e-09 -0.09800005704164505
v 0.002017327351495623 0.056000158190727234 0.040449731051921844
v 7.627915521446481e-10 -0.0064710103906691074 0.040500007569789886
v 0.004383289255201816 0.056000158190727234 0.040262095630168915
v 0.004383289255201816 0.056000158190727234 0.040262095630168915
v 7.627915521446481e-10 -0.0064710103906691074 0.040500007569789886
v 0.0042599597945809356 -0.0064710103906691074 0.040275342762470245
v 0.004383289255201816 0.056000158190727234 0.040262095630168915
v 0.0042599597945809356 -0.0064710103906691074 0.040275342762470245
v 0.005315472371876239 0.056000158190727234 0.040149666368961334
v 0.002017327351495623 0.056000158190727234 0.040449731051921844
v 0.0014944010181352494 0.056000158190727234 0.040472425520420074
v 7.627915521446481e-10 -0.0064710103906691074 0.040500007569789886
v 7.627915521446481e-10 -0.0064710103906691074 0.040500007569789886
v 0.0014944010181352494 0.056000158190727234 0.040472425520420074
v 0.0011672907276079056 0.056000158190727234 0.04048316925764084
v 7.627915521446481e-10 -0.0064710103906691074 0.040500007569789886
v 0.0011672907276079056 0.056000158190727234 0.04048316925764084
v -1.7060055768070012e-07 0.056000154465436935 0.040500082075595856
v 0.005315472371876239 0.056000158190727234 0.040149666368961334
v 0.0042599597945809356 -0.0064710103906691074 0.040275342762470245
v 0.009407524950802324 0.056000158190727234 0.03939224034547806
v 0.009407524950802324 0.056000158190727234 0.03939224034547806
v 0.0042599597945809356 -0.0064710103906691074 0.040275342762470245
v 0.011955787427723406 -0.0064710103906691074 0.0386950746178627
v 0.009407524950802324 0.056000158190727234 0.03939224034547806
v 0.011955787427723406 -0.0064710103906691074 0.0386950746178627
v 0.011955787427723406 0.05600016191601753 0.0386950746178627
v 0.011955787427723406 0.05600016191601753 0.0386950746178627
v 0.011955787427723406 -0.0064710103906691074 0.0386950746178627
v 0.013400250114500521 0.05600016191601753 0.038218893110752106
v 0.013400250114500521 0.05600016191601753 0.038218893110752106
v 0.011955787427723406 -0.0064710103906691074 0.0386950746178627
v 0.019201714545488354 -0.0064710103906691074 0.03565872460603714
v 0.013400250114500521 0.05600016191601753 0.038218893110752106
v 0.019201714545488354 -0.0064710103906691074 0.03565872460603714
v 0.01725148409605026 0.05600016191601753 0.036642007529735565
v 0.02572507783770561 0.05600016936659813 0.0312805101275444
v 0.024368770420551297 0.05600016564130783 0.03234831243753433
v 0.02572507783770561 -0.0064710103906691074 0.0312805101275444
v 0.02572507783770561 -0.0064710103906691074 0.0312805101275444
v 0.024368770420551297 0.05600016564130783 0.03234831243753433
v 0.020920574665069577 0.05600016564130783 0.034678228199481964
v 0.02572507783770561 -0.0064710103906691074 0.0312805101275444
v 0.020920574665069577 0.05600016564130783 0.034678228199481964
v 0.019201714545488354 -0.0064710103906691074 0.03565872460603714
v 0.019201714545488354 -0.0064710103906691074 0.03565872460603714
v 0.020920574665069577 0.05600016564130783 0.034678228199481964
v 0.019201714545488354 0.05600016564130783 0.03565872460603714
v 0.019201714545488354 -0.0064710103906691074 0.03565872460603714
v 0.019201714545488354 0.05600016564130783 0.03565872460603714
v 0.01725148409605026 0.05600016191601753 0.036642007529735565
v 0.02572507783770561 0.05600016936659813 0.0312805101275444
v 0.02572507783770561 -0.0064710103906691074 0.0312805101275444
v 0.027559671550989148 0.05600016936659813 0.029676832258701324
v 0.027559671550989148 0.05600016936659813 0.029676832258701324
v 0.02572507783770561 -0.0064710103906691074 0.0312805101275444
v 0.03128040209412574 -0.0064710103906691074 0.02572520822286606
v 0.027559671550989148 0.05600016936659813 0.029676832258701324
v 0.03128040209412574 -0.0064710103906691074 0.02572520822286606
v 0.030459579080343243 0.05600016936659813 0.026692025363445282
v 0.03565863892436027 -0.0064710103906691074 0.019201867282390594
v 0.03303788229823112 0.05600017309188843 0.023425377905368805
v 0.03128040209412574 -0.0064710103906691074 0.02572520822286606
v 0.03128040209412574 -0.0064710103906691074 0.02572520822286606
v 0.03303788229823112 0.05600017309188843 0.023425377905368805
v 0.03128040209412574 0.05600016936659813 0.02572520822286606
v 0.03128040209412574 -0.0064710103906691074 0.02572520822286606
v 0.03128040209412574 0.05600016936659813 0.02572520822286606
v 0.030459579080343243 0.05600016936659813 0.026692025363445282
v 0.03869502991437911 -0.0064710103906691074 0.01195595320314169
v 0.03712445497512817 0.056000176817178726 0.016187183558940887
v 0.03565863892436027 -0.0064710103906691074 0.019201867282390594
v 0.03565863892436027 -0.0064710103906691074 0.019201867282390594
v 0.03712445497512817 0.056000176817178726 0.016187183558940887
v 0.03526735305786132 0.05600017309188843 0.019911400973796844
v 0.03565863892436027 -0.0064710103906691074 0.019201867282390594
v 0.03526735305786132 0.05600017309188843 0.019911400973796844
v 0.03303788229823112 0.05600017309188843 0.023425377905368805
v 0.03869502991437911 -0.0064710103906691074 0.01195595320314169
v 0.04027532041072845 -0.0064710103906691074 0.0042601292952895164
v 0.04028630629181861 0.056000180542469025 0.004154941998422146
v 0.04028630629181861 0.056000180542469025 0.004154941998422146
v 0.04025901481509208 0.056000180542469025 0.004411554895341396
v 0.03869502991437911 -0.0064710103906691074 0.01195595320314169
v 0.03869502991437911 -0.0064710103906691074 0.01195595320314169
v 0.04025901481509208 0.056000180542469025 0.004411554895341396
v 0.0399472564458847 0.056000180542469025 0.006668350659310818
v 0.03869502991437911 -0.0064710103906691074 0.01195595320314169
v 0.0399472564458847 0.056000180542469025 0.006668350659310818
v 0.039661172777414315 0.056000180542469025 0.00820008572191
v 0.039661172777414315 0.056000180542469025 0.00820008572191
v 0.03964725136756896 0.056000180542469025 0.008267140947282314
v 0.03869502991437911 -0.0064710103906691074 0.01195595320314169
v 0.03869502991437911 -0.0064710103906691074 0.01195595320314169
v 0.03964725136756896 0.056000180542469025 0.008267140947282314
v 0.03858957812190055 0.056000176817178726 0.012292048893868923
v 0.03869502991437911 -0.0064710103906691074 0.01195595320314169
v 0.03858957812190055 0.056000176817178726 0.012292048893868923
v 0.03712445497512817 0.056000176817178726 0.016187183558940887
v 0.04050000011920928 0.005167526658624411 3.6549717918887836e-08
v 0.04027532041072845 -0.0064710103906691074 0.0042601292952895164
v 0.04050000011920928 0.004818377550691366 3.6549717918887836e-08
v 0.04050000011920928 0.004818377550691366 3.6549717918887836e-08
v 0.04027532041072845 -0.0064710103906691074 0.0042601292952895164
v 0.0404999516904354 -0.0064710103906691074 6.747394643014104e-09
v 0.04050000011920928 0.01717631332576275 8.125319794771713e-08
v 0.04050000011920928 0.02396702580153942 9.615435914156478e-08
v 0.04027532041072845 -0.0064710103906691074 0.0042601292952895164
v 0.04050000011920928 0.02396702580153942 9.615435914156478e-08
v 0.04028630629181861 0.056000180542469025 0.004154941998422146
v 0.04028630629181861 0.056000180542469025 0.004154941998422146
v 0.04050000011920928 0.02396702580153942 9.615435914156478e-08
v 0.04050000011920928 0.02880064584314823 1.1105552033541244e-07
v 0.04050000011920928 0.039849430322647095 1.408578498285351e-07
v 0.04050000011920928 0.05004497990012169 1.7066017221623042e-07
v 0.04050010815262794 0.05600018426775932 2.0046249460392573e-07
v 0.040449012070894234 0.056000180542469025 0.0020316459704190493
v 0.04050000011920928 0.04183216765522957 1.5575901102238277e-07
v 0.04050000011920928 0.05004497990012169 1.7066017221623042e-07
v 0.04028630629181861 0.056000180542469025 0.004154941998422146
v 0.04050000011920928 0.05004497990012169 1.7066017221623042e-07
v 0.04042539000511169 0.056000180542469025 0.0024572082329541445
v 0.04042539000511169 0.056000180542469025 0.0024572082329541445
v 0.04050000011920928 0.05004497990012169 1.7066017221623042e-07
v 0.040449012070894234 0.056000180542469025 0.0020316459704190493
v 0.028178755193948742 0.0039232089184224606 -0.03012567013502121
v 0.026270959526300427 0.003171463729813695 -0.03213643282651901
v 0.025864481925964352 0.007755843456834555 -0.03346727043390274
v 0.028794594109058377 -0.0010904062073677778 -0.028997667133808136
v 0.030587166547775265 -0.00019847856310661882 -0.02693267911672592
v 0.031286641955375664 -0.005453633610159159 -0.02588783949613571
v 0.04050000011920928 0.04183216765522957 1.5575901102238277e-07
v 0.04050000011920928 0.039849430322647095 1.408578498285351e-07
v 0.040304824709892266 0.03590143471956253 -0.0037406019400805235
v 0.04050000011920928 0.02396702580153942 9.615435914156478e-08
v 0.04049084708094596 0.027498824521899223 -0.0007843158673495054
v 0.04050000011920928 0.02880064584314823 1.1105552033541244e-07
v 0.04050000011920928 0.02396702580153942 9.615435914156478e-08
v 0.04050000011920928 0.01717631332576275 8.125319794771713e-08
v 0.0404093787074089 0.0137621546164155 -0.00259908358566463
v 0.04028577357530593 -0.0064717927016317844 -0.004188173450529575
v 0.039633031934499734 -0.0064710103906691074 -0.008360826410353184
v 0.03933807834982871 -0.005633952561765909 -0.009646170772612095
v 0.03933807834982871 -0.005633952561765909 -0.009646170772612095
v 0.039633031934499734 -0.0064710103906691074 -0.008360826410353184
v 0.038582883775234215 -0.006470965687185526 -0.012323298491537571
v 0.02898982539772987 -0.006470995489507914 -0.028516434133052826
v 0.02949796989560127 -0.006335320416837931 -0.027971170842647552
v 0.02952446788549423 -0.00647088373079896 -0.02793734520673752
v 0.001970209879800677 -0.0064718821085989475 -0.04046539217233658
v 0.0047928476706147185 -0.006198386196047068 -0.04024564474821091
v 0.0064668143168091765 -0.006470846477895975 -0.04003667086362839
v -7.374301702611773e-08 0.004660212900489569 -0.0455000177025795
v 0.0008095882949419319 0.005349976476281881 -0.04694949835538864
v 0.0038127123843878503 0.0046925595961511135 -0.0454220250248909
v -2.749087002484884e-07 0.0020151745993644 -0.0595257505774498
v 0.0008883409318514167 0.0028841656167060137 -0.05851650983095169
v -5.139127168263257e-08 0.003607646794989705 -0.05753675848245621
v 0.03501775860786437 0.04974616318941116 -0.021634824573993683
v 0.03507899492979049 0.0498209111392498 -0.02149345725774765
v 0.03513402864336967 0.049576546996831894 -0.021380938589572906
v 0.03513402864336967 0.049576546996831894 -0.021380938589572906
v 0.03507899492979049 0.0498209111392498 -0.02149345725774765
v 0.0356936790049076 0.050564274191856384 -0.020053885877132416
v 0.040288817137479775 0.055775925517082214 -0.003996008075773716
v 0.04050010815262794 0.05600018426775932 2.0046249460392573e-07
v 0.04050000011920928 0.05004497990012169 1.7066017221623042e-07
v 0.03913518413901328 0.05196430906653404 -0.010329612530767918
v 0.03769195079803466 0.04873615875840187 -0.015023224987089634
v 0.03755874559283256 0.05274951457977295 -0.01529871765524149
v 0.03985705599188804 0.055311739444732666 -0.0069733792915940285
v 0.04010058939456939 0.05523478984832764 -0.005515658296644688
v 0.039334248751401894 0.05474156513810158 -0.009435229934751987
v 0.039334248751401894 0.05474156513810158 -0.009435229934751987
v 0.04010058939456939 0.05523478984832764 -0.005515658296644688
v 0.03913518413901328 0.05196430906653404 -0.010329612530767918
v 0.039334248751401894 0.05474156513810158 -0.009435229934751987
v 0.03913518413901328 0.05196430906653404 -0.010329612530767918
v 0.03911450132727622 0.05449957028031349 -0.01031006220728159
v 0.03911450132727622 0.05449957028031349 -0.01031006220728159
v 0.03913518413901328 0.05196430906653404 -0.010329612530767918
v 0.03755874559283256 0.05274951457977295 -0.01529871765524149
v 0.03501775860786437 0.04974616318941116 -0.021634824573993683
v 0.03513402864336967 0.049576546996831894 -0.021380938589572906
v 0.0330616645514965 0.04728278890252113 -0.026049502193927765
v 0.0330616645514965 0.04728278890252113 -0.026049502193927765
v 0.03513402864336967 0.049576546996831894 -0.021380938589572906
v 0.033230707049369805 0.04615650698542595 -0.025743596255779266
v 0.0330616645514965 0.04728278890252113 -0.026049502193927765
v 0.033230707049369805 0.04615650698542595 -0.025743596255779266
v 0.03298720344901084 0.0471857450902462 -0.02621624618768692
v 0.03298720344901084 0.0471857450902462 -0.02621624618768692
v 0.033230707049369805 0.04615650698542595 -0.025743596255779266
v 0.03138915076851844 0.04232951998710632 -0.030007116496562958
v 0.03298720344901084 0.0471857450902462 -0.02621624618768692
v 0.03138915076851844 0.04232951998710632 -0.030007116496562958
v 0.030295677483081814 0.04344737157225609 -0.03247541934251785
v 0.030295677483081814 0.04344737157225609 -0.03247541934251785
v 0.03138915076851844 0.04232951998710632 -0.030007116496562958
v 0.02967133373022079 0.03801542520523071 -0.03432103246450424
v 0.030295677483081814 0.04344737157225609 -0.03247541934251785
v 0.02967133373022079 0.03801542520523071 -0.03432103246450424
v 0.028961386531591412 0.04133427515625954 -0.03603162616491318
v 0.02771685644984245 0.03901487588882446 -0.04014233499765396
v 0.027672357857227322 0.03653521090745926 -0.04089713841676712
v 0.027393639087677 0.03829749673604965 -0.0414922758936882
v 0.027393639087677 0.03829749673604965 -0.0414922758936882
v 0.027672357857227322 0.03653521090745926 -0.04089713841676712
v 0.027310527861118313 0.038098983466625214 -0.04187486320734024
v 0.027310527861118313 0.038098983466625214 -0.04187486320734024
v 0.027672357857227322 0.03653521090745926 -0.04089713841676712
v 0.026704046875238415 0.036259327083826065 -0.04567316919565201
v 0.026704046875238415 0.036259327083826065 -0.04567316919565201
v 0.027672357857227322 0.03653521090745926 -0.04089713841676712
v 0.026787046343088147 0.033258553594350815 -0.04826808720827103
v 0.026704046875238415 0.036259327083826065 -0.04567316919565201
v 0.026787046343088147 0.033258553594350815 -0.04826808720827103
v 0.026543028652667996 0.03527466207742691 -0.047976262867450714
v 0.026608228683471676 0.03403832018375397 -0.05133882910013199
v 0.026562109589576718 0.03455483168363571 -0.049321986734867096
v 0.027259204536676403 0.030284009873867035 -0.05257561057806015
v 0.027259204536676403 0.030284009873867035 -0.05257561057806015
v 0.026562109589576718 0.03455483168363571 -0.049321986734867096
v 0.02726815268397331 0.03021075949072838 -0.05259975045919418
v 0.026608228683471676 0.03403832018375397 -0.05133882910013199
v 0.026543028652667996 0.03527466207742691 -0.047976262867450714
v 0.026562109589576718 0.03455483168363571 -0.049321986734867096
v 0.026562109589576718 0.03455483168363571 -0.049321986734867096
v 0.026543028652667996 0.03527466207742691 -0.047976262867450714
v 0.026787046343088147 0.033258553594350815 -0.04826808720827103
v 0.026562109589576718 0.03455483168363571 -0.049321986734867096
v 0.026787046343088147 0.033258553594350815 -0.04826808720827103
v 0.02726815268397331 0.03021075949072838 -0.05259975045919418
v 0.02726815268397331 0.03021075949072838 -0.05259975045919418
v 0.026787046343088147 0.033258553594350815 -0.04826808720827103
v 0.027559697628021237 0.025838540866971016 -0.0540400967001915
v 0.027336608618497845 0.020972834900021553 -0.055642999708652496
v 0.027506835758686062 0.023128723725676537 -0.05493279546499252
v 0.02710454165935516 0.024899056181311607 -0.05297554284334183
v 0.02710454165935516 0.024899056181311607 -0.05297554284334183
v 0.027506835758686062 0.023128723725676537 -0.05493279546499252
v 0.027559310197830197 0.024713637307286263 -0.054410673677921295
v 0.02710454165935516 0.024899056181311607 -0.05297554284334183
v 0.027559310197830197 0.024713637307286263 -0.054410673677921295
v 0.027560360729694363 0.0257857833057642 -0.054057471454143524
v 0.02672542259097099 0.020410412922501564 -0.05478624254465103
v 0.02687926962971687 0.017851291224360466 -0.05667134374380112
v 0.027081016451120373 0.01902145706117153 -0.05628585070371628
v 0.026545822620391842 0.016271302476525307 -0.057191841304302216
v 0.02658376097679138 0.016435040161013603 -0.05713789910078049
v 0.025047980248928067 0.01585053838789463 -0.05540900677442551
v 0.026545822620391842 0.016271302476525307 -0.057191841304302216
v 0.025047980248928067 0.01585053838789463 -0.05540900677442551
v 0.02581720799207687 0.013628718443214893 -0.05806238204240799
v 0.02544600889086723 0.01253452617675066 -0.058422841131687164
v 0.024939522147178646 0.012477499432861805 -0.05796109884977341
v 0.024899631738662716 0.01112405676394701 -0.058887504041194916
v 0.024899631738662716 0.01112405676394701 -0.058887504041194916
v 0.024939522147178646 0.012477499432861805 -0.05796109884977341
v 0.024699401110410687 0.01065471488982439 -0.05904211848974228
v 0.02007435634732246 0.0035833839792758226 -0.06137163192033768
v 0.021075826138257977 0.004697704222053289 -0.06100454181432724
v 0.02043407410383224 0.006606010254472494 -0.059166572988033295
v 0.017648030072450634 0.0014600728172808886 -0.062071122229099274
v 0.01883076503872871 0.0024051156360656023 -0.061759792268276215
v 0.01730314269661903 0.0016425859648734331 -0.061847709119319916
v 0.01730314269661903 0.0016425859648734331 -0.061847709119319916
v 0.01883076503872871 0.0024051156360656023 -0.061759792268276215
v 0.01823647692799568 0.004368198569864035 -0.06000640243291855
v 0.01730314269661903 0.0016425859648734331 -0.061847709119319916
v 0.01823647692799568 0.004368198569864035 -0.06000640243291855
v 0.015625026077032086 0.002544199349358678 -0.06067604571580887
v 0.010885075666010378 -0.0011567871551960707 -0.06274870783090591
v 0.014662475325167177 -0.0003291542816441506 -0.06266055256128311
v 0.014355287887156008 3.5029545415454777e-06 -0.06237780302762985
v 0.014355287887156008 3.5029545415454777e-06 -0.06237780302762985
v 0.014662475325167177 -0.0003291542816441506 -0.06266055256128311
v 0.014789083041250704 -0.0002679254102986306 -0.06264037638902664
v 0.014355287887156008 3.5029545415454777e-06 -0.06237780302762985
v 0.014789083041250704 -0.0002679254102986306 -0.06264037638902664
v 0.017085462808609005 0.0010624986607581377 -0.062202088534832
v 0.0076220864430069915 -0.0023053500335663557 -0.06331156939268112
v 0.010240704752504824 -0.0018476720433682203 -0.06316079944372177
v 0.010885075666010378 -0.0011567871551960707 -0.06274870783090591
v 0.010885075666010378 -0.0011567871551960707 -0.06274870783090591
v 0.010240704752504824 -0.0018476720433682203 -0.06316079944372177
v 0.01381361950188875 -0.0007108177524060011 -0.0627862736582756
v 0.010885075666010378 -0.0011567871551960707 -0.06274870783090591
v 0.01381361950188875 -0.0007108177524060011 -0.0627862736582756
v 0.014662475325167177 -0.0003291542816441506 -0.06266055256128311
v 0.002431780798360705 -0.0017560075502842665 -0.06282832473516464
v 0.0050690034404397 -0.0025353680830448866 -0.06338734179735184
v 0.0076220864430069915 -0.0023053500335663557 -0.06331156939268112
v 0.0050690034404397 -0.0025353680830448866 -0.06338734179735184
v 0.002431780798360705 -0.0017560075502842665 -0.06282832473516464
v 7.627915521446481e-10 -0.002634326694533229 -0.0634199008345604
v 7.627915521446481e-10 -0.002634326694533229 -0.0634199008345604
v 0.002431780798360705 -0.0017560075502842665 -0.06282832473516464
v 0.00024481193395331497 8.336945029441267e-05 -0.061384133994579315
v 7.627915521446481e-10 -0.002634326694533229 -0.0634199008345604
v 0.00024481193395331497 8.336945029441267e-05 -0.061384133994579315
v -4.611732151715841e-07 -8.838878420647234e-05 -0.06152886897325516
v 0.0008883409318514167 0.0028841656167060137 -0.05851650983095169
v -2.749087002484884e-07 0.0020151745993644 -0.0595257505774498
v 0.002795547945424914 0.0014335860032588243 -0.06016554683446884
v 3.0565114883529525e-08 0.005996426101773977 -0.050236769020557404
v 8.213372204579626e-09 0.005947870668023825 -0.05152770131826401
v 0.0031475543510168786 0.005995908286422491 -0.05124344676733017
v 1.423238273901006e-07 0.005533379968255758 -0.04748130589723587
v 1.0507091730005412e-07 0.005951461847871542 -0.04951532930135727
v 0.0019199632806703446 0.00590539863333106 -0.04907730966806412
v 8.213372204579626e-09 0.0026764844078570604 -0.043055109679698944
v 8.213372204579626e-09 0.00345964846201241 -0.04384002834558487
v 0.002993331057950854 0.003420748980715871 -0.04373375326395035
v 0.002993331057950854 0.003420748980715871 -0.04373375326395035
v 8.213372204579626e-09 0.00345964846201241 -0.04384002834558487
v -6.62924364291939e-08 0.004320891108363867 -0.04495354741811752
v 5.22303423622361e-07 0.00025355935213156044 -0.0414496585726738
v 1.4977440798702443e-07 0.00196060654707253 -0.042470477521419525
v 0.002311841351911425 0.001822320045903325 -0.04234638065099716
v 0.004890439100563525 -0.003740275977179408 -0.04035823792219162
v 0.0011949100298807023 -0.0046457150019705296 -0.040488190948963165
v 0.001405716757290065 -0.002261384157463908 -0.040657199919223785
v 0.001405716757290065 -0.002261384157463908 -0.040657199919223785
v 0.0011949100298807023 -0.0046457150019705296 -0.040488190948963165
v 7.627915521446481e-10 -0.0036630805116146803 -0.040505506098270416
v -4.6862379576850794e-07 -0.004713291767984629 -0.040500856935977936
v 7.627915521446481e-10 -0.004379498306661844 -0.0405002161860466
v 0.0011949100298807023 -0.0046457150019705296 -0.040488190948963165
v 0.0011949100298807023 -0.0046457150019705296 -0.040488190948963165
v 7.627915521446481e-10 -0.004379498306661844 -0.0405002161860466
v 8.213372204579626e-09 -0.0039999582804739475 -0.040500156581401825
v 0.0011949100298807023 -0.0046457150019705296 -0.040488190948963165
v 8.213372204579626e-09 -0.0039999582804739475 -0.040500156581401825
v 7.627915521446481e-10 -0.0036630805116146803 -0.040505506098270416
v 0.014104169793426989 -0.006470816675573587 -0.038308702409267426
v 0.01046026963740587 -0.006470630411058664 -0.03932016342878342
v 0.011497513391077517 -0.005958991590887308 -0.03911914676427841
v 0.011497513391077517 -0.005958991590887308 -0.03911914676427841
v 0.01046026963740587 -0.006470630411058664 -0.03932016342878342
v 0.0064668143168091765 -0.006470846477895975 -0.04003667086362839
v 0.017602618783712384 -0.006471211556345224 -0.03691525012254715
v 0.019897319376468655 -0.0024758826475590467 -0.03629710525274277
v 0.021088011562824246 -0.006471733096987009 -0.03503327816724777
v 0.021088011562824246 -0.006471733096987009 -0.03503327816724777
v 0.019897319376468655 -0.0024758826475590467 -0.03629710525274277
v 0.022373966872692105 -0.0024617116432636976 -0.03467041999101639
v 0.021088011562824246 -0.006471733096987009 -0.03503327816724777
v 0.022373966872692105 -0.0024617116432636976 -0.03467041999101639
v 0.02415850386023521 -0.00647098058834672 -0.03290589898824692
v 0.02415850386023521 -0.00647098058834672 -0.03290589898824692
v 0.022373966872692105 -0.0024617116432636976 -0.03467041999101639
v 0.024687800556421276 -0.0022255207877606153 -0.03289058059453964
v 0.02415850386023521 -0.00647098058834672 -0.03290589898824692
v 0.024687800556421276 -0.0022255207877606153 -0.03289058059453964
v 0.0273718386888504 -0.006470853928476572 -0.030146054923534393
v 0.0273718386888504 -0.006470853928476572 -0.030146054923534393
v 0.024687800556421276 -0.0022255207877606153 -0.03289058059453964
v 0.02682920172810554 -0.001767641631886363 -0.030990295112133026
v 0.0404999516904354 -0.0064710103906691074 6.747394643014104e-09
v 0.04039779677987098 -0.006471643690019846 -0.0028980455826967955
v 0.04050000011920928 0.004818377550691366 3.6549717918887836e-08
v 0.04050000011920928 0.004818377550691366 3.6549717918887836e-08
v 0.04039779677987098 -0.006471643690019846 -0.0028980455826967955
v 0.04022585600614547 -0.0005528877954930067 -0.004701563157141209
v 0.04039779677987098 -0.006471643690019846 -0.0028980455826967955
v 0.04028577357530593 -0.0064717927016317844 -0.004188173450529575
v 0.04022585600614547 -0.0005528877954930067 -0.004701563157141209
v 0.04022585600614547 -0.0005528877954930067 -0.004701563157141209
v 0.04028577357530593 -0.0064717927016317844 -0.004188173450529575
v 0.03933807834982871 -0.005633952561765909 -0.009646170772612095
v 0.04022585600614547 -0.0005528877954930067 -0.004701563157141209
v 0.03933807834982871 -0.005633952561765909 -0.009646170772612095
v 0.03858120366930961 0.0041740587912499905 -0.012180098332464695
v 0.03858120366930961 0.0041740587912499905 -0.012180098332464695
v 0.03933807834982871 -0.005633952561765909 -0.009646170772612095
v 0.038582883775234215 -0.006470965687185526 -0.012323298491537571
v 0.03858120366930961 0.0041740587912499905 -0.012180098332464695
v 0.038582883775234215 -0.006470965687185526 -0.012323298491537571
v 0.037751380354166024 0.002114397706463933 -0.014568322338163853
v 0.037751380354166024 0.002114397706463933 -0.014568322338163853
v 0.038582883775234215 -0.006470965687185526 -0.012323298491537571
v 0.037094015628099435 -0.006470943335443735 -0.016266070306301117
v 0.037751380354166024 0.002114397706463933 -0.014568322338163853
v 0.037094015628099435 -0.006470943335443735 -0.016266070306301117
v 0.0367700383067131 0.00021866454335395247 -0.016929201781749725
v 0.0367700383067131 0.00021866454335395247 -0.016929201781749725
v 0.037094015628099435 -0.006470943335443735 -0.016266070306301117
v 0.03525380045175552 -0.00647049630060792 -0.019968681037425995
v 0.0367700383067131 0.00021866454335395247 -0.016929201781749725
v 0.03525380045175552 -0.00647049630060792 -0.019968681037425995
v 0.03563589602708816 -0.001499040750786662 -0.019251130521297455
v 0.037628166377544396 0.014060349203646183 -0.014726691879332066
v 0.03559891134500503 0.010402952320873737 -0.01930137723684311
v 0.034416023641824715 0.020230839028954506 -0.02187616378068924
v 0.034416023641824715 0.020230839028954506 -0.02187616378068924
v 0.03559891134500503 0.010402952320873737 -0.01930137723684311
v 0.0343877226114273 0.008778360672295094 -0.021545864641666412
v 0.03563589602708816 -0.001499040750786662 -0.019251130521297455
v 0.0343877226114273 0.008778360672295094 -0.021545864641666412
v 0.0367700383067131 0.00021866454335395247 -0.016929201781749725
v 0.0367700383067131 0.00021866454335395247 -0.016929201781749725
v 0.0343877226114273 0.008778360672295094 -0.021545864641666412
v 0.03559891134500503 0.010402952320873737 -0.01930137723684311
v 0.0367700383067131 0.00021866454335395247 -0.016929201781749725
v 0.03559891134500503 0.010402952320873737 -0.01930137723684311
v 0.037751380354166024 0.002114397706463933 -0.014568322338163853
v 0.037751380354166024 0.002114397706463933 -0.014568322338163853
v 0.03559891134500503 0.010402952320873737 -0.01930137723684311
v 0.037628166377544396 0.014060349203646183 -0.014726691879332066
v 0.037751380354166024 0.002114397706463933 -0.014568322338163853
v 0.037628166377544396 0.014060349203646183 -0.014726691879332066
v 0.03858120366930961 0.0041740587912499905 -0.012180098332464695
v 0.03858120366930961 0.0041740587912499905 -0.012180098332464695
v 0.037628166377544396 0.014060349203646183 -0.014726691879332066
v 0.03979101032018661 0.0087279686704278 -0.00736995879560709
v 0.03858120366930961 0.0041740587912499905 -0.012180098332464695
v 0.03979101032018661 0.0087279686704278 -0.00736995879560709
v 0.04022585600614547 -0.0005528877954930067 -0.004701563157141209
v 0.04022585600614547 -0.0005528877954930067 -0.004701563157141209
v 0.03979101032018661 0.0087279686704278 -0.00736995879560709
v 0.04050000011920928 0.005167526658624411 3.6549717918887836e-08
v 0.04022585600614547 -0.0005528877954930067 -0.004701563157141209
v 0.04050000011920928 0.005167526658624411 3.6549717918887836e-08
v 0.04050000011920928 0.004818377550691366 3.6549717918887836e-08
v 0.04049084708094596 0.027498824521899223 -0.0007843158673495054
v 0.04050000011920928 0.02396702580153942 9.615435914156478e-08
v 0.040099121630191796 0.022686688229441643 -0.005404838360846043
v 0.040099121630191796 0.022686688229441643 -0.005404838360846043
v 0.04050000011920928 0.02396702580153942 9.615435914156478e-08
v 0.0404093787074089 0.0137621546164155 -0.00259908358566463
v 0.040099121630191796 0.022686688229441643 -0.005404838360846043
v 0.0404093787074089 0.0137621546164155 -0.00259908358566463
v 0.03913510218262672 0.018182555213570595 -0.01007463876157999
v 0.04050000011920928 0.02880064584314823 1.1105552033541244e-07
v 0.040304824709892266 0.03590143471956253 -0.0037406019400805235
v 0.04050000011920928 0.02880064584314823 1.1105552033541244e-07
v 0.04049084708094596 0.027498824521899223 -0.0007843158673495054
v 0.040304824709892266 0.03590143471956253 -0.0037406019400805235
v 0.04049084708094596 0.027498824521899223 -0.0007843158673495054
v 0.03955345228314399 0.031632740050554276 -0.00835771206766367
v 0.03955345228314399 0.031632740050554276 -0.00835771206766367
v 0.04049084708094596 0.027498824521899223 -0.0007843158673495054
v 0.040099121630191796 0.022686688229441643 -0.005404838360846043
v 0.03955345228314399 0.031632740050554276 -0.00835771206766367
v 0.040099121630191796 0.022686688229441643 -0.005404838360846043
v 0.03827806189656257 0.02758653648197651 -0.01294104102998972
v 0.03827806189656257 0.02758653648197651 -0.01294104102998972
v 0.040099121630191796 0.022686688229441643 -0.005404838360846043
v 0.03913510218262672 0.018182555213570595 -0.01007463876157999
v 0.03827806189656257 0.02758653648197651 -0.01294104102998972
v 0.03913510218262672 0.018182555213570595 -0.01007463876157999
v 0.03655051812529563 0.02377469651401043 -0.017448388040065765
v 0.030981250107288357 0.025951562449336052 -0.02915731817483902
v 0.034416023641824715 0.020230839028954506 -0.02187616378068924
v 0.031878340989351266 0.017023520544171333 -0.026256807148456573
v 0.031878340989351266 0.017023520544171333 -0.026256807148456573
v 0.034416023641824715 0.020230839028954506 -0.02187616378068924
v 0.0343877226114273 0.008778360672295094 -0.021545864641666412
v 0.031878340989351266 0.017023520544171333 -0.026256807148456573
v 0.0343877226114273 0.008778360672295094 -0.021545864641666412
v 0.03304308280348777 0.0073064467869699 -0.023755677044391632
v 0.03304308280348777 0.0073064467869699 -0.023755677044391632
v 0.0343877226114273 0.008778360672295094 -0.021545864641666412
v 0.03563589602708816 -0.001499040750786662 -0.019251130521297455
v 0.03304308280348777 0.0073064467869699 -0.023755677044391632
v 0.03563589602708816 -0.001499040750786662 -0.019251130521297455
v 0.0343467891216278 -0.00302519160322845 -0.021523617208003998
v 0.0343467891216278 -0.00302519160322845 -0.021523617208003998
v 0.03563589602708816 -0.001499040750786662 -0.019251130521297455
v 0.03525380045175552 -0.00647049630060792 -0.019968681037425995
v 0.0343467891216278 -0.00302519160322845 -0.021523617208003998
v 0.03525380045175552 -0.00647049630060792 -0.019968681037425995
v 0.0329776108264923 -0.006470891181379557 -0.023601315915584564
v 0.040288817137479775 0.055775925517082214 -0.003996008075773716
v 0.04050000011920928 0.05004497990012169 1.7066017221623042e-07
v 0.04043364897370338 0.048012763261795044 -0.0022307715844362974
v 0.04043364897370338 0.048012763261795044 -0.0022307715844362974
v 0.04050000011920928 0.05004497990012169 1.7066017221623042e-07
v 0.04050000011920928 0.04183216765522957 1.5575901102238277e-07
v 0.04043364897370338 0.048012763261795044 -0.0022307715844362974
v 0.04050000011920928 0.04183216765522957 1.5575901102238277e-07
v 0.03986945003271102 0.0441260002553463 -0.006914415396749973
v 0.03986945003271102 0.0441260002553463 -0.006914415396749973
v 0.04050000011920928 0.04183216765522957 1.5575901102238277e-07
v 0.040304824709892266 0.03590143471956253 -0.0037406019400805235
v 0.03986945003271102 0.0441260002553463 -0.006914415396749973
v 0.040304824709892266 0.03590143471956253 -0.0037406019400805235
v 0.038770906627178185 0.04038309305906296 -0.011554532684385777
v 0.038770906627178185 0.04038309305906296 -0.011554532684385777
v 0.040304824709892266 0.03590143471956253 -0.0037406019400805235
v 0.03955345228314399 0.031632740050554276 -0.00835771206766367
v 0.038770906627178185 0.04038309305906296 -0.011554532684385777
v 0.03955345228314399 0.031632740050554276 -0.00835771206766367
v 0.03724097833037376 0.03673312067985535 -0.016083471477031708
v 0.03724097833037376 0.03673312067985535 -0.016083471477031708
v 0.03955345228314399 0.031632740050554276 -0.00835771206766367
v 0.03827806189656257 0.02758653648197651 -0.01294104102998972
v 0.03724097833037376 0.03673312067985535 -0.016083471477031708
v 0.03827806189656257 0.02758653648197651 -0.01294104102998972
v 0.03539855033159255 0.033122383058071136 -0.02048792690038681
v 0.03539855033159255 0.033122383058071136 -0.02048792690038681
v 0.03827806189656257 0.02758653648197651 -0.01294104102998972
v 0.03655051812529563 0.02377469651401043 -0.017448388040065765
v 0.03539855033159255 0.033122383058071136 -0.02048792690038681
v 0.03655051812529563 0.02377469651401043 -0.017448388040065765
v 0.03330912068486213 0.0295205507427454 -0.024808339774608612
v 0.03985705599188804 0.055311739444732666 -0.0069733792915940285
v 0.040288817137479775 0.055775925517082214 -0.003996008075773716
v 0.04010058939456939 0.05523478984832764 -0.005515658296644688
v 0.04010058939456939 0.05523478984832764 -0.005515658296644688
v 0.040288817137479775 0.055775925517082214 -0.003996008075773716
v 0.04043364897370338 0.048012763261795044 -0.0022307715844362974
v 0.04010058939456939 0.05523478984832764 -0.005515658296644688
v 0.04043364897370338 0.048012763261795044 -0.0022307715844362974
v 0.03913518413901328 0.05196430906653404 -0.010329612530767918
v 0.03913518413901328 0.05196430906653404 -0.010329612530767918
v 0.04043364897370338 0.048012763261795044 -0.0022307715844362974
v 0.03986945003271102 0.0441260002553463 -0.006914415396749973
v 0.03913518413901328 0.05196430906653404 -0.010329612530767918
v 0.03986945003271102 0.0441260002553463 -0.006914415396749973
v 0.03769195079803466 0.04873615875840187 -0.015023224987089634
v 0.03769195079803466 0.04873615875840187 -0.015023224987089634
v 0.03986945003271102 0.0441260002553463 -0.006914415396749973
v 0.038770906627178185 0.04038309305906296 -0.011554532684385777
v 0.03769195079803466 0.04873615875840187 -0.015023224987089634
v 0.038770906627178185 0.04038309305906296 -0.011554532684385777
v 0.03595337271690368 0.045439712703228 -0.0195440873503685
v 0.03595337271690368 0.045439712703228 -0.0195440873503685
v 0.038770906627178185 0.04038309305906296 -0.011554532684385777
v 0.03724097833037376 0.03673312067985535 -0.016083471477031708
v 0.03595337271690368 0.045439712703228 -0.0195440873503685
v 0.03724097833037376 0.03673312067985535 -0.016083471477031708
v 0.03407206013798713 0.04196521267294884 -0.023906461894512177
v 0.03407206013798713 0.04196521267294884 -0.023906461894512177
v 0.03724097833037376 0.03673312067985535 -0.016083471477031708
v 0.03539855033159255 0.033122383058071136 -0.02048792690038681
v 0.03407206013798713 0.04196521267294884 -0.023906461894512177
v 0.03539855033159255 0.033122383058071136 -0.02048792690038681
v 0.032143745571374886 0.03821301460266113 -0.0281699076294899
v 0.032143745571374886 0.03821301460266113 -0.0281699076294899
v 0.03539855033159255 0.033122383058071136 -0.02048792690038681
v 0.03330912068486213 0.0295205507427454 -0.024808339774608612
v 0.032143745571374886 0.03821301460266113 -0.0281699076294899
v 0.03330912068486213 0.0295205507427454 -0.024808339774608612
v 0.030201852321624752 0.03414300084114075 -0.03248951584100723
v 0.009070307947695254 0.003301785560324788 -0.0584895983338356
v 0.012449239380657671 0.004204282071441412 -0.05804785341024399
v 0.010960479266941546 0.004925852175801992 -0.056565605103969574
v 0.010960479266941546 0.004925852175801992 -0.056565605103969574
v 0.012449239380657671 0.004204282071441412 -0.05804785341024399
v 0.013998859561979769 0.006017652805894613 -0.05602455884218216
v 0.010960479266941546 0.004925852175801992 -0.056565605103969574
v 0.013998859561979769 0.006017652805894613 -0.05602455884218216
v 0.012716629542410372 0.006393668707460165 -0.05450298637151718
v 0.012716629542410372 0.006393668707460165 -0.05450298637151718
v 0.013998859561979769 0.006017652805894613 -0.05602455884218216
v 0.0143790440633893 0.007705723401159048 -0.052375562489032745
v 0.007452801801264285 0.00425723334774375 -0.056931935250759125
v 0.009070307947695254 0.003301785560324788 -0.0584895983338356
v 0.009545509703457354 0.005531327333301306 -0.05495312064886093
v 0.009545509703457354 0.005531327333301306 -0.05495312064886093
v 0.009070307947695254 0.003301785560324788 -0.0584895983338356
v 0.010960479266941546 0.004925852175801992 -0.056565605103969574
v 0.009545509703457354 0.005531327333301306 -0.05495312064886093
v 0.010960479266941546 0.004925852175801992 -0.056565605103969574
v 0.01150528062134981 0.00662968447431922 -0.052877314388751984
v 0.01150528062134981 0.00662968447431922 -0.052877314388751984
v 0.010960479266941546 0.004925852175801992 -0.056565605103969574
v 0.012716629542410372 0.006393668707460165 -0.05450298637151718
v 0.01150528062134981 0.00662968447431922 -0.052877314388751984
v 0.012716629542410372 0.006393668707460165 -0.05450298637151718
v 0.013368067331612108 0.007578560616821051 -0.050789378583431244
v 0.013368067331612108 0.007578560616821051 -0.050789378583431244
v 0.012716629542410372 0.006393668707460165 -0.05450298637151718
v 0.0143790440633893 0.007705723401159048 -0.052375562489032745
v 0.013368067331612108 0.007578560616821051 -0.050789378583431244
v 0.0143790440633893 0.007705723401159048 -0.052375562489032745
v 0.015169483609497545 0.008429289795458317 -0.0487157478928566
v 0.017648030072450634 0.0014600728172808886 -0.062071122229099274
v 0.01730314269661903 0.0016425859648734331 -0.061847709119319916
v 0.017085462808609005 0.0010624986607581377 -0.062202088534832
v 0.017085462808609005 0.0010624986607581377 -0.062202088534832
v 0.01730314269661903 0.0016425859648734331 -0.061847709119319916
v 0.015625026077032086 0.002544199349358678 -0.06067604571580887
v 0.017085462808609005 0.0010624986607581377 -0.062202088534832
v 0.015625026077032086 0.002544199349358678 -0.06067604571580887
v 0.014355287887156008 3.5029545415454777e-06 -0.06237780302762985
v 0.014355287887156008 3.5029545415454777e-06 -0.06237780302762985
v 0.015625026077032086 0.002544199349358678 -0.06067604571580887
v 0.012529232539236544 0.0011490185279399157 -0.061192624270915985
v 0.014355287887156008 3.5029545415454777e-06 -0.06237780302762985
v 0.012529232539236544 0.0011490185279399157 -0.061192624270915985
v 0.010885075666010378 -0.0011567871551960707 -0.06274870783090591
v 0.010885075666010378 -0.0011567871551960707 -0.06274870783090591
v 0.012529232539236544 0.0011490185279399157 -0.061192624270915985
v 0.008916721679270266 0.00023778645845595747 -0.0615348294377327
v 0.010885075666010378 -0.0011567871551960707 -0.06274870783090591
v 0.008916721679270266 0.00023778645845595747 -0.0615348294377327
v 0.0076220864430069915 -0.0023053500335663557 -0.06331156939268112
v 0.0076220864430069915 -0.0023053500335663557 -0.06331156939268112
v 0.008916721679270266 0.00023778645845595747 -0.0615348294377327
v 0.004802209325134753 -0.0001251983776455745 -0.06162898987531662
v 0.0076220864430069915 -0.0023053500335663557 -0.06331156939268112
v 0.004802209325134753 -0.0001251983776455745 -0.06162898987531662
v 0.002431780798360705 -0.0017560075502842665 -0.06282832473516464
v 0.002431780798360705 -0.0017560075502842665 -0.06282832473516464
v 0.004802209325134753 -0.0001251983776455745 -0.06162898987531662
v 0.002795547945424914 0.0014335860032588243 -0.06016554683446884
v 0.002431780798360705 -0.0017560075502842665 -0.06282832473516464
v 0.002795547945424914 0.0014335860032588243 -0.06016554683446884
v 0.00024481193395331497 8.336945029441267e-05 -0.061384133994579315
v 0.00024481193395331497 8.336945029441267e-05 -0.061384133994579315
v 0.002795547945424914 0.0014335860032588243 -0.06016554683446884
v -2.749087002484884e-07 0.0020151745993644 -0.0595257505774498
v 0.00024481193395331497 8.336945029441267e-05 -0.061384133994579315
v -2.749087002484884e-07 0.0020151745993644 -0.0595257505774498
v -4.611732151715841e-07 -8.838878420647234e-05 -0.06152886897325516
v 0.01883076503872871 0.0024051156360656023 -0.061759792268276215
v 0.02007435634732246 0.0035833839792758226 -0.06137163192033768
v 0.01823647692799568 0.004368198569864035 -0.06000640243291855
v 0.01823647692799568 0.004368198569864035 -0.06000640243291855
v 0.02007435634732246 0.0035833839792758226 -0.06137163192033768
v 0.02043407410383224 0.006606010254472494 -0.059166572988033295
v 0.01823647692799568 0.004368198569864035 -0.06000640243291855
v 0.02043407410383224 0.006606010254472494 -0.059166572988033295
v 0.019092746078968045 0.006974273826926947 -0.05796363204717636
v 0.019092746078968045 0.006974273826926947 -0.05796363204717636
v 0.02043407410383224 0.006606010254472494 -0.059166572988033295
v 0.021069116890430447 0.009379074908792973 -0.05696552246809006
v 0.019092746078968045 0.006974273826926947 -0.05796363204717636
v 0.021069116890430447 0.009379074908792973 -0.05696552246809006
v 0.019921761006116864 0.009449095465242863 -0.055739469826221466
v 0.019921761006116864 0.009449095465242863 -0.055739469826221466
v 0.021069116890430447 0.009379074908792973 -0.05696552246809006
v 0.020765040069818493 0.0117959538474679 -0.05335826426744461
v 0.0059212716296315185 0.005073470529168844 -0.05520971864461899
v 0.007452801801264285 0.00425723334774375 -0.056931935250759125
v 0.00821080897003412 0.005969693418592215 -0.05320175737142563
v 0.00821080897003412 0.005969693418592215 -0.05320175737142563
v 0.007452801801264285 0.00425723334774375 -0.056931935250759125
v 0.009545509703457354 0.005531327333301306 -0.05495312064886093
v 0.00821080897003412 0.005969693418592215 -0.05320175737142563
v 0.009545509703457354 0.005531327333301306 -0.05495312064886093
v 0.010369562543928621 0.006678236182779074 -0.05115353316068649
v 0.010369562543928621 0.006678236182779074 -0.05115353316068649
v 0.009545509703457354 0.005531327333301306 -0.05495312064886093
v 0.01150528062134981 0.00662968447431922 -0.052877314388751984
v 0.010369562543928621 0.006678236182779074 -0.05115353316068649
v 0.01150528062134981 0.00662968447431922 -0.052877314388751984
v 0.01242918614298105 0.007257269229739904 -0.049149222671985626
v 0.01242918614298105 0.007257269229739904 -0.049149222671985626
v 0.01150528062134981 0.00662968447431922 -0.052877314388751984
v 0.013368067331612108 0.007578560616821051 -0.050789378583431244
v 0.01242918614298105 0.007257269229739904 -0.049149222671985626
v 0.013368067331612108 0.007578560616821051 -0.050789378583431244
v 0.014420379884541033 0.0077729723416268826 -0.04719654470682144
v 0.014420379884541033 0.0077729723416268826 -0.04719654470682144
v 0.013368067331612108 0.007578560616821051 -0.050789378583431244
v 0.015169483609497545 0.008429289795458317 -0.0487157478928566
v 0.014420379884541033 0.0077729723416268826 -0.04719654470682144
v 0.015169483609497545 0.008429289795458317 -0.0487157478928566
v 0.018691200762987133 0.010039296932518482 -0.04455580562353134
v 0.016604956239461895 0.007529751863330603 -0.05532792955636978
v 0.017823774367570874 0.009382122196257114 -0.05309657007455826
v 0.016872927546501156 0.009203926660120487 -0.05168374627828598
v 0.016872927546501156 0.009203926660120487 -0.05168374627828598
v 0.017823774367570874 0.009382122196257114 -0.05309657007455826
v 0.019042365252971646 0.011118394322693348 -0.050773151218891144
v 0.016872927546501156 0.009203926660120487 -0.05168374627828598
v 0.019042365252971646 0.011118394322693348 -0.050773151218891144
v 0.019694600254297253 0.011992228217422962 -0.04710426181554794
v 0.02556555718183517 0.015728017315268517 -0.036666177213191986
v 0.022175315767526623 0.01179222110658884 -0.04025011509656906
v 0.02236787229776382 0.01329424325376749 -0.041287265717983246
v 0.02236787229776382 0.01329424325376749 -0.041287265717983246
v 0.022175315767526623 0.01179222110658884 -0.04025011509656906
v 0.018691200762987133 0.010039296932518482 -0.04455580562353134
v 0.02236787229776382 0.01329424325376749 -0.041287265717983246
v 0.018691200762987133 0.010039296932518482 -0.04455580562353134
v 0.01916205510497093 0.01108811516314745 -0.04582596570253372
v 0.01916205510497093 0.01108811516314745 -0.04582596570253372
v 0.018691200762987133 0.010039296932518482 -0.04455580562353134
v 0.015169483609497545 0.008429289795458317 -0.0487157478928566
v 0.01916205510497093 0.01108811516314745 -0.04582596570253372
v 0.015169483609497545 0.008429289795458317 -0.0487157478928566
v 0.015987757593393322 0.008896001614630222 -0.0502188578248024
v 0.015987757593393322 0.008896001614630222 -0.0502188578248024
v 0.015169483609497545 0.008429289795458317 -0.0487157478928566
v 0.0143790440633893 0.007705723401159048 -0.052375562489032745
v 0.015987757593393322 0.008896001614630222 -0.0502188578248024
v 0.0143790440633893 0.007705723401159048 -0.052375562489032745
v 0.015458767302334307 0.007678167428821325 -0.0538908913731575
v 0.015458767302334307 0.007678167428821325 -0.0538908913731575
v 0.0143790440633893 0.007705723401159048 -0.052375562489032745
v 0.013998859561979769 0.006017652805894613 -0.05602455884218216
v 0.015458767302334307 0.007678167428821325 -0.0538908913731575
v 0.013998859561979769 0.006017652805894613 -0.05602455884218216
v 0.015348018147051333 0.005538312252610922 -0.057444654405117035
v 0.015348018147051333 0.005538312252610922 -0.057444654405117035
v 0.013998859561979769 0.006017652805894613 -0.05602455884218216
v 0.012449239380657671 0.004204282071441412 -0.05804785341024399
v 0.025675289332866665 0.019146787002682686 -0.03845899552106857
v 0.022613763809204098 0.014677357859909534 -0.042350463569164276
v 0.022911511361598965 0.01595361717045307 -0.04342874139547348
v 0.022911511361598965 0.01595361717045307 -0.04342874139547348
v 0.022613763809204098 0.014677357859909534 -0.042350463569164276
v 0.019694600254297253 0.011992228217422962 -0.04710426181554794
v 0.022911511361598965 0.01595361717045307 -0.04342874139547348
v 0.019694600254297253 0.011992228217422962 -0.04710426181554794
v 0.02028805017471313 0.012770810164511204 -0.04837483912706375
v 0.02028805017471313 0.012770810164511204 -0.04837483912706375
v 0.019694600254297253 0.011992228217422962 -0.04710426181554794
v 0.019042365252971646 0.011118394322693348 -0.050773151218891144
v -5.139127168263257e-08 0.003607646794989705 -0.05753675848245621
v 0.0008883409318514167 0.0028841656167060137 -0.05851650983095169
v 0.003480170620605349 0.004003243055194616 -0.05701447278261185
v 0.003480170620605349 0.004003243055194616 -0.05701447278261185
v 0.0008883409318514167 0.0028841656167060137 -0.05851650983095169
v 0.002795547945424914 0.0014335860032588243 -0.06016554683446884
v 0.003480170620605349 0.004003243055194616 -0.05701447278261185
v 0.002795547945424914 0.0014335860032588243 -0.06016554683446884
v 0.005203605629503726 0.002852884354069829 -0.05869000405073166
v 0.005203605629503726 0.002852884354069829 -0.05869000405073166
v 0.002795547945424914 0.0014335860032588243 -0.06016554683446884
v 0.004802209325134753 -0.0001251983776455745 -0.06162898987531662
v 0.005203605629503726 0.002852884354069829 -0.05869000405073166
v 0.004802209325134753 -0.0001251983776455745 -0.06162898987531662
v 0.0070194648578763 0.001584203215315938 -0.06018994003534317
v 0.0070194648578763 0.001584203215315938 -0.06018994003534317
v 0.004802209325134753 -0.0001251983776455745 -0.06162898987531662
v 0.008916721679270266 0.00023778645845595747 -0.0615348294377327
v 0.0070194648578763 0.001584203215315938 -0.06018994003534317
v 0.008916721679270266 0.00023778645845595747 -0.0615348294377327
v 0.010765218175947664 0.0022548374254256487 -0.0599028542637825
v 0.010765218175947664 0.0022548374254256487 -0.0599028542637825
v 0.008916721679270266 0.00023778645845595747 -0.0615348294377327
v 0.012529232539236544 0.0011490185279399157 -0.061192624270915985
v 0.010765218175947664 0.0022548374254256487 -0.0599028542637825
v 0.012529232539236544 0.0011490185279399157 -0.061192624270915985
v 0.014005788601934908 0.003402636619284749 -0.05941338092088699
v 0.014005788601934908 0.003402636619284749 -0.05941338092088699
v 0.012529232539236544 0.0011490185279399157 -0.061192624270915985
v 0.015625026077032086 0.002544199349358678 -0.06067604571580887
v 0.014005788601934908 0.003402636619284749 -0.05941338092088699
v 0.015625026077032086 0.002544199349358678 -0.06067604571580887
v 0.016761135309934613 0.0049822679720819 -0.058769576251506805
v 0.016761135309934613 0.0049822679720819 -0.058769576251506805
v 0.015625026077032086 0.002544199349358678 -0.06067604571580887
v 0.01823647692799568 0.004368198569864035 -0.06000640243291855
v 0.016761135309934613 0.0049822679720819 -0.058769576251506805
v 0.01823647692799568 0.004368198569864035 -0.06000640243291855
v 0.017816375941038128 0.00728789484128356 -0.056685008108615875
v 0.017816375941038128 0.00728789484128356 -0.056685008108615875
v 0.01823647692799568 0.004368198569864035 -0.06000640243291855
v 0.019092746078968045 0.006974273826926947 -0.05796363204717636
v 0.017816375941038128 0.00728789484128356 -0.056685008108615875
v 0.019092746078968045 0.006974273826926947 -0.05796363204717636
v 0.018839977681636807 0.009456419385969639 -0.05444961041212082
v 0.018839977681636807 0.009456419385969639 -0.05444961041212082
v 0.019092746078968045 0.006974273826926947 -0.05796363204717636
v 0.019921761006116864 0.009449095465242863 -0.055739469826221466
v 0.018839977681636807 0.009456419385969639 -0.05444961041212082
v 0.019921761006116864 0.009449095465242863 -0.055739469826221466
v 0.01987187564373016 0.011500460095703602 -0.052088283002376556
v 0.01987187564373016 0.011500460095703602 -0.052088283002376556
v 0.019921761006116864 0.009449095465242863 -0.055739469826221466
v 0.020765040069818493 0.0117959538474679 -0.05335826426744461
v 0.01987187564373016 0.011500460095703602 -0.052088283002376556
v 0.020765040069818493 0.0117959538474679 -0.05335826426744461
v 0.020941793918609616 0.013443377800285816 -0.04962591081857681
v 0.022280979901552197 0.009263944812119007 -0.058130018413066864
v 0.022739347070455548 0.012202818877995014 -0.0557527020573616
v 0.021721497178077694 0.012024194933474064 -0.05457990616559982
v 0.021721497178077694 0.012024194933474064 -0.05457990616559982
v 0.022739347070455548 0.012202818877995014 -0.0557527020573616
v 0.022426154464483258 0.014546011574566364 -0.05204050987958908
v 0.021721497178077694 0.012024194933474064 -0.05457990616559982
v 0.022426154464483258 0.014546011574566364 -0.05204050987958908
v 0.021654982119798657 0.014029034413397312 -0.05084940046072006
v 0.021654982119798657 0.014029034413397312 -0.05084940046072006
v 0.022426154464483258 0.014546011574566364 -0.05204050987958908
v 0.02408872544765472 0.019279638305306435 -0.04667436331510544
v 0.021654982119798657 0.014029034413397312 -0.05084940046072006
v 0.02408872544765472 0.019279638305306435 -0.04667436331510544
v 0.0236528068780899 0.01824028231203556 -0.04559642821550369
v 0.0236528068780899 0.01824028231203556 -0.04559642821550369
v 0.02408872544765472 0.019279638305306435 -0.04667436331510544
v 0.026101995259523388 0.02373146079480648 -0.04127504676580429
v 0.02028805017471313 0.012770810164511204 -0.04837483912706375
v 0.02325891703367233 0.017136486247181892 -0.044513024389743805
v 0.022911511361598965 0.01595361717045307 -0.04342874139547348
v 0.022911511361598965 0.01595361717045307 -0.04342874139547348
v 0.02325891703367233 0.017136486247181892 -0.044513024389743805
v 0.02578794956207275 0.02073764242231846 -0.03938446193933487
v 0.022911511361598965 0.01595361717045307 -0.04342874139547348
v 0.02578794956207275 0.02073764242231846 -0.03938446193933487
v 0.025675289332866665 0.019146787002682686 -0.03845899552106857
v 0.025675289332866665 0.019146787002682686 -0.03845899552106857
v 0.02578794956207275 0.02073764242231846 -0.03938446193933487
v 0.028417997062206265 0.022474361583590508 -0.033676616847515106
v 0.025675289332866665 0.019146787002682686 -0.03845899552106857
v 0.028417997062206265 0.022474361583590508 -0.033676616847515106
v 0.028617020696401593 0.018492409959435463 -0.03209812194108963
v 0.031878340989351266 0.017023520544171333 -0.026256807148456573
v 0.028617020696401593 0.018492409959435463 -0.03209812194108963
v 0.030981250107288357 0.025951562449336052 -0.02915731817483902
v 0.030981250107288357 0.025951562449336052 -0.02915731817483902
v 0.028617020696401593 0.018492409959435463 -0.03209812194108963
v 0.028417997062206265 0.022474361583590508 -0.033676616847515106
v 0.030981250107288357 0.025951562449336052 -0.02915731817483902
v 0.028417997062206265 0.022474361583590508 -0.033676616847515106
v 0.028312809765338894 0.026218364015221596 -0.03534821420907974
v 0.028312809765338894 0.026218364015221596 -0.03534821420907974
v 0.028417997062206265 0.022474361583590508 -0.033676616847515106
v 0.02578794956207275 0.02073764242231846 -0.03938446193933487
v 0.028312809765338894 0.026218364015221596 -0.03534821420907974
v 0.02578794956207275 0.02073764242231846 -0.03938446193933487
v 0.025932651013135907 0.022262318059802055 -0.04032393544912338
v 0.025932651013135907 0.022262318059802055 -0.04032393544912338
v 0.02578794956207275 0.02073764242231846 -0.03938446193933487
v 0.02325891703367233 0.017136486247181892 -0.044513024389743805
v 0.015348018147051333 0.005538312252610922 -0.057444654405117035
v 0.016604956239461895 0.007529751863330603 -0.05532792955636978
v 0.015458767302334307 0.007678167428821325 -0.0538908913731575
v 0.015458767302334307 0.007678167428821325 -0.0538908913731575
v 0.016604956239461895 0.007529751863330603 -0.05532792955636978
v 0.016872927546501156 0.009203926660120487 -0.05168374627828598
v 0.015458767302334307 0.007678167428821325 -0.0538908913731575
v 0.016872927546501156 0.009203926660120487 -0.05168374627828598
v 0.015987757593393322 0.008896001614630222 -0.0502188578248024
v 0.015987757593393322 0.008896001614630222 -0.0502188578248024
v 0.016872927546501156 0.009203926660120487 -0.05168374627828598
v 0.019694600254297253 0.011992228217422962 -0.04710426181554794
v 0.015987757593393322 0.008896001614630222 -0.0502188578248024
v 0.019694600254297253 0.011992228217422962 -0.04710426181554794
v 0.01916205510497093 0.01108811516314745 -0.04582596570253372
v 0.01916205510497093 0.01108811516314745 -0.04582596570253372
v 0.019694600254297253 0.011992228217422962 -0.04710426181554794
v 0.022613763809204098 0.014677357859909534 -0.042350463569164276
v 0.01916205510497093 0.01108811516314745 -0.04582596570253372
v 0.022613763809204098 0.014677357859909534 -0.042350463569164276
v 0.02236787229776382 0.01329424325376749 -0.041287265717983246
v 0.02236787229776382 0.01329424325376749 -0.041287265717983246
v 0.022613763809204098 0.014677357859909534 -0.042350463569164276
v 0.025675289332866665 0.019146787002682686 -0.03845899552106857
v 0.02236787229776382 0.01329424325376749 -0.041287265717983246
v 0.025675289332866665 0.019146787002682686 -0.03845899552106857
v 0.02556555718183517 0.015728017315268517 -0.036666177213191986
v 0.02556555718183517 0.015728017315268517 -0.036666177213191986
v 0.025675289332866665 0.019146787002682686 -0.03845899552106857
v 0.028617020696401593 0.018492409959435463 -0.03209812194108963
v 0.02556555718183517 0.015728017315268517 -0.036666177213191986
v 0.028617020696401593 0.018492409959435463 -0.03209812194108963
v 0.028937768191099163 0.014236473478376865 -0.03062751144170761
v 0.028937768191099163 0.014236473478376865 -0.03062751144170761
v 0.028617020696401593 0.018492409959435463 -0.03209812194108963
v 0.031878340989351266 0.017023520544171333 -0.026256807148456573
v 0.028937768191099163 0.014236473478376865 -0.03062751144170761
v 0.031878340989351266 0.017023520544171333 -0.026256807148456573
v 0.029383834451436993 0.009691678918898106 -0.029278002679347992
v 0.029383834451436993 0.009691678918898106 -0.029278002679347992
v 0.031878340989351266 0.017023520544171333 -0.026256807148456573
v 0.03304308280348777 0.0073064467869699 -0.023755677044391632
v 0.029383834451436993 0.009691678918898106 -0.029278002679347992
v 0.03304308280348777 0.0073064467869699 -0.023755677044391632
v 0.031562246382236474 0.005999324377626181 -0.025926120579242706
v 0.031562246382236474 0.005999324377626181 -0.025926120579242706
v 0.03304308280348777 0.0073064467869699 -0.023755677044391632
v 0.0343467891216278 -0.00302519160322845 -0.021523617208003998
v 0.031562246382236474 0.005999324377626181 -0.025926120579242706
v 0.0343467891216278 -0.00302519160322845 -0.021523617208003998
v 0.032899010926485055 -0.004347170237451792 -0.023737959563732147
v 0.032899010926485055 -0.004347170237451792 -0.023737959563732147
v 0.0343467891216278 -0.00302519160322845 -0.021523617208003998
v 0.0329776108264923 -0.006470891181379557 -0.023601315915584564
v 0.0236528068780899 0.01824028231203556 -0.04559642821550369
v 0.020941793918609616 0.013443377800285816 -0.04962591081857681
v 0.021654982119798657 0.014029034413397312 -0.05084940046072006
v 0.021654982119798657 0.014029034413397312 -0.05084940046072006
v 0.020941793918609616 0.013443377800285816 -0.04962591081857681
v 0.020765040069818493 0.0117959538474679 -0.05335826426744461
v 0.021654982119798657 0.014029034413397312 -0.05084940046072006
v 0.020765040069818493 0.0117959538474679 -0.05335826426744461
v 0.021721497178077694 0.012024194933474064 -0.05457990616559982
v 0.021721497178077694 0.012024194933474064 -0.05457990616559982
v 0.020765040069818493 0.0117959538474679 -0.05335826426744461
v 0.021069116890430447 0.009379074908792973 -0.05696552246809006
v 0.021721497178077694 0.012024194933474064 -0.05457990616559982
v 0.021069116890430447 0.009379074908792973 -0.05696552246809006
v 0.022280979901552197 0.009263944812119007 -0.058130018413066864
v 0.022280979901552197 0.009263944812119007 -0.058130018413066864
v 0.021069116890430447 0.009379074908792973 -0.05696552246809006
v 0.02043407410383224 0.006606010254472494 -0.059166572988033295
v 0.022280979901552197 0.009263944812119007 -0.058130018413066864
v 0.02043407410383224 0.006606010254472494 -0.059166572988033295
v 0.021839421242475506 0.006199402268975973 -0.060299284756183624
v 0.021839421242475506 0.006199402268975973 -0.060299284756183624
v 0.02043407410383224 0.006606010254472494 -0.059166572988033295
v 0.021075826138257977 0.004697704222053289 -0.06100454181432724
v 0.021839421242475506 0.006199402268975973 -0.060299284756183624
v 0.021075826138257977 0.004697704222053289 -0.06100454181432724
v 0.02173689007759094 0.005529867019504309 -0.060730405151844025
v 0.023252464830875393 0.01501153502613306 -0.05319718271493912
v 0.024128939956426617 0.015441515482962132 -0.05431947857141495
v 0.02453454956412315 0.018396103754639626 -0.051607079803943634
v 0.023252464830875393 0.01501153502613306 -0.05319718271493912
v 0.02453454956412315 0.018396103754639626 -0.051607079803943634
v 0.02456055954098701 0.020268896594643593 -0.04774422198534012
v 0.02173689007759094 0.005529867019504309 -0.060730405151844025
v 0.022034779191017147 0.005933584179729223 -0.060597412288188934
v 0.021839421242475506 0.006199402268975973 -0.060299284756183624
v 0.021839421242475506 0.006199402268975973 -0.060299284756183624
v 0.022034779191017147 0.005933584179729223 -0.060597412288188934
v 0.023950856178998944 0.009076599963009357 -0.059561990201473236
v 0.021839421242475506 0.006199402268975973 -0.060299284756183624
v 0.023950856178998944 0.009076599963009357 -0.059561990201473236
v 0.022280979901552197 0.009263944812119007 -0.058130018413066864
v 0.022280979901552197 0.009263944812119007 -0.058130018413066864
v 0.023950856178998944 0.009076599963009357 -0.059561990201473236
v 0.024699401110410687 0.01065471488982439 -0.05904211848974228
v 0.022280979901552197 0.009263944812119007 -0.058130018413066864
v 0.024699401110410687 0.01065471488982439 -0.05904211848974228
v 0.022739347070455548 0.012202818877995014 -0.0557527020573616
v 0.022739347070455548 0.012202818877995014 -0.0557527020573616
v 0.024699401110410687 0.01065471488982439 -0.05904211848974228
v 0.024939522147178646 0.012477499432861805 -0.05796109884977341
v 0.022739347070455548 0.012202818877995014 -0.0557527020573616
v 0.024939522147178646 0.012477499432861805 -0.05796109884977341
v 0.025047980248928067 0.01585053838789463 -0.05540900677442551
v 0.025047980248928067 0.01585053838789463 -0.05540900677442551
v 0.024939522147178646 0.012477499432861805 -0.05796109884977341
v 0.02544600889086723 0.01253452617675066 -0.058422841131687164
v 0.025047980248928067 0.01585053838789463 -0.05540900677442551
v 0.02544600889086723 0.01253452617675066 -0.058422841131687164
v 0.02581720799207687 0.013628718443214893 -0.05806238204240799
v 0.02453454956412315 0.018396103754639626 -0.051607079803943634
v 0.02506042271852493 0.02122187800705433 -0.04880518466234207
v 0.02456055954098701 0.020268896594643593 -0.04774422198534012
v 0.02456055954098701 0.020268896594643593 -0.04774422198534012
v 0.02506042271852493 0.02122187800705433 -0.04880518466234207
v 0.026473011821508404 0.026546956971287727 -0.04321011155843735
v 0.02456055954098701 0.020268896594643593 -0.04774422198534012
v 0.026473011821508404 0.026546956971287727 -0.04321011155843735
v 0.026286240667104718 0.02515607886016369 -0.04223696142435074
v 0.026286240667104718 0.02515607886016369 -0.04223696142435074
v 0.026473011821508404 0.026546956971287727 -0.04321011155843735
v 0.028239369392395016 0.029774963855743408 -0.037105493247509
v 0.02506042271852493 0.02122187800705433 -0.04880518466234207
v 0.026647083461284634 0.02791409008204937 -0.04419540613889694
v 0.026473011821508404 0.026546956971287727 -0.04321011155843735
v 0.026473011821508404 0.026546956971287727 -0.04321011155843735
v 0.026647083461284634 0.02791409008204937 -0.04419540613889694
v 0.028084244579076763 0.03319781646132469 -0.03895240277051926
v 0.026473011821508404 0.026546956971287727 -0.04321011155843735
v 0.028084244579076763 0.03319781646132469 -0.03895240277051926
v 0.028239369392395016 0.029774963855743408 -0.037105493247509
v 0.028239369392395016 0.029774963855743408 -0.037105493247509
v 0.028084244579076763 0.03319781646132469 -0.03895240277051926
v 0.02967133373022079 0.03801542520523071 -0.03432103246450424
v 0.028239369392395016 0.029774963855743408 -0.037105493247509
v 0.02967133373022079 0.03801542520523071 -0.03432103246450424
v 0.030201852321624752 0.03414300084114075 -0.03248951584100723
v 0.030201852321624752 0.03414300084114075 -0.03248951584100723
v 0.02967133373022079 0.03801542520523071 -0.03432103246450424
v 0.03138915076851844 0.04232951998710632 -0.030007116496562958
v 0.030201852321624752 0.03414300084114075 -0.03248951584100723
v 0.03138915076851844 0.04232951998710632 -0.030007116496562958
v 0.032143745571374886 0.03821301460266113 -0.0281699076294899
v 0.032143745571374886 0.03821301460266113 -0.0281699076294899
v 0.03138915076851844 0.04232951998710632 -0.030007116496562958
v 0.033230707049369805 0.04615650698542595 -0.025743596255779266
v 0.032143745571374886 0.03821301460266113 -0.0281699076294899
v 0.033230707049369805 0.04615650698542595 -0.025743596255779266
v 0.03407206013798713 0.04196521267294884 -0.023906461894512177
v 0.03407206013798713 0.04196521267294884 -0.023906461894512177
v 0.033230707049369805 0.04615650698542595 -0.025743596255779266
v 0.03513402864336967 0.049576546996831894 -0.021380938589572906
v 0.03407206013798713 0.04196521267294884 -0.023906461894512177
v 0.03513402864336967 0.049576546996831894 -0.021380938589572906
v 0.03595337271690368 0.045439712703228 -0.0195440873503685
v 0.03595337271690368 0.045439712703228 -0.0195440873503685
v 0.03513402864336967 0.049576546996831894 -0.021380938589572906
v 0.0356936790049076 0.050564274191856384 -0.020053885877132416
v 0.03595337271690368 0.045439712703228 -0.0195440873503685
v 0.0356936790049076 0.050564274191856384 -0.020053885877132416
v 0.03769195079803466 0.04873615875840187 -0.015023224987089634
v 0.03769195079803466 0.04873615875840187 -0.015023224987089634
v 0.0356936790049076 0.050564274191856384 -0.020053885877132416
v 0.03707842156291007 0.052196186035871506 -0.01660200208425522
v 0.03769195079803466 0.04873615875840187 -0.015023224987089634
v 0.03707842156291007 0.052196186035871506 -0.01660200208425522
v 0.03755874559283256 0.05274951457977295 -0.01529871765524149
v 0.02658376097679138 0.016435040161013603 -0.05713789910078049
v 0.026600018143653866 0.016506286337971687 -0.05711442977190018
v 0.025047980248928067 0.01585053838789463 -0.05540900677442551
v 0.025047980248928067 0.01585053838789463 -0.05540900677442551
v 0.026600018143653866 0.016506286337971687 -0.05711442977190018
v 0.02687926962971687 0.017851291224360466 -0.05667134374380112
v 0.025047980248928067 0.01585053838789463 -0.05540900677442551
v 0.02687926962971687 0.017851291224360466 -0.05667134374380112
v 0.025248110294342038 0.019073812291026115 -0.052685074508190155
v 0.025248110294342038 0.019073812291026115 -0.052685074508190155
v 0.02687926962971687 0.017851291224360466 -0.05667134374380112
v 0.02672542259097099 0.020410412922501564 -0.05478624254465103
v 0.025248110294342038 0.019073812291026115 -0.052685074508190155
v 0.02672542259097099 0.020410412922501564 -0.05478624254465103
v 0.026102799922227856 0.02306942082941532 -0.050902895629405975
v 0.026102799922227856 0.02306942082941532 -0.050902895629405975
v 0.02672542259097099 0.020410412922501564 -0.05478624254465103
v 0.02661722898483276 0.02398320846259594 -0.051941417157649994
v 0.026102799922227856 0.02306942082941532 -0.050902895629405975
v 0.02661722898483276 0.02398320846259594 -0.051941417157649994
v 0.026877075433731076 0.030608423054218292 -0.046203769743442535
v 0.027081016451120373 0.01902145706117153 -0.05628585070371628
v 0.027336608618497845 0.020972834900021553 -0.055642999708652496
v 0.02672542259097099 0.020410412922501564 -0.05478624254465103
v 0.02672542259097099 0.020410412922501564 -0.05478624254465103
v 0.027336608618497845 0.020972834900021553 -0.055642999708652496
v 0.02710454165935516 0.024899056181311607 -0.05297554284334183
v 0.02672542259097099 0.020410412922501564 -0.05478624254465103
v 0.02710454165935516 0.024899056181311607 -0.05297554284334183
v 0.02661722898483276 0.02398320846259594 -0.051941417157649994
v 0.02661722898483276 0.02398320846259594 -0.051941417157649994
v 0.02710454165935516 0.024899056181311607 -0.05297554284334183
v 0.02688460052013397 0.031940557062625885 -0.04722849279642105
v 0.02661722898483276 0.02398320846259594 -0.051941417157649994
v 0.02688460052013397 0.031940557062625885 -0.04722849279642105
v 0.026877075433731076 0.030608423054218292 -0.046203769743442535
v 0.027560360729694363 0.0257857833057642 -0.054057471454143524
v 0.027559697628021237 0.025838540866971016 -0.0540400967001915
v 0.02710454165935516 0.024899056181311607 -0.05297554284334183
v 0.02710454165935516 0.024899056181311607 -0.05297554284334183
v 0.027559697628021237 0.025838540866971016 -0.0540400967001915
v 0.026787046343088147 0.033258553594350815 -0.04826808720827103
v 0.02710454165935516 0.024899056181311607 -0.05297554284334183
v 0.026787046343088147 0.033258553594350815 -0.04826808720827103
v 0.02688460052013397 0.031940557062625885 -0.04722849279642105
v 0.02688460052013397 0.031940557062625885 -0.04722849279642105
v 0.026787046343088147 0.033258553594350815 -0.04826808720827103
v 0.027672357857227322 0.03653521090745926 -0.04089713841676712
v 0.02688460052013397 0.031940557062625885 -0.04722849279642105
v 0.027672357857227322 0.03653521090745926 -0.04089713841676712
v 0.026877075433731076 0.030608423054218292 -0.046203769743442535
v 0.026877075433731076 0.030608423054218292 -0.046203769743442535
v 0.027672357857227322 0.03653521090745926 -0.04089713841676712
v 0.026789478957653042 0.02926628291606903 -0.04519311338663101
v 0.026877075433731076 0.030608423054218292 -0.046203769743442535
v 0.026789478957653042 0.02926628291606903 -0.04519311338663101
v 0.026102799922227856 0.02306942082941532 -0.050902895629405975
v 0.026102799922227856 0.02306942082941532 -0.050902895629405975
v 0.026789478957653042 0.02926628291606903 -0.04519311338663101
v 0.025578629225492474 0.022151721641421318 -0.04985783249139786
v 0.026102799922227856 0.02306942082941532 -0.050902895629405975
v 0.025578629225492474 0.022151721641421318 -0.04985783249139786
v 0.025248110294342038 0.019073812291026115 -0.052685074508190155
v -3.9411798979926965e-07 0.004794695880264044 -0.05550114065408707
v -5.139127168263257e-08 0.003607646794989705 -0.05753675848245621
v 0.0018587940139696 0.004976151045411825 -0.05513928085565567
v 0.0018587940139696 0.004976151045411825 -0.05513928085565567
v -5.139127168263257e-08 0.003607646794989705 -0.05753675848245621
v 0.003480170620605349 0.004003243055194616 -0.05701447278261185
v 0.0018587940139696 0.004976151045411825 -0.05513928085565567
v 0.003480170620605349 0.004003243055194616 -0.05701447278261185
v 0.0059212716296315185 0.005073470529168844 -0.05520971864461899
v 0.0059212716296315185 0.005073470529168844 -0.05520971864461899
v 0.003480170620605349 0.004003243055194616 -0.05701447278261185
v 0.005203605629503726 0.002852884354069829 -0.05869000405073166
v 0.0059212716296315185 0.005073470529168844 -0.05520971864461899
v 0.005203605629503726 0.002852884354069829 -0.05869000405073166
v 0.007452801801264285 0.00425723334774375 -0.056931935250759125
v 0.007452801801264285 0.00425723334774375 -0.056931935250759125
v 0.005203605629503726 0.002852884354069829 -0.05869000405073166
v 0.0070194648578763 0.001584203215315938 -0.06018994003534317
v 0.007452801801264285 0.00425723334774375 -0.056931935250759125
v 0.0070194648578763 0.001584203215315938 -0.06018994003534317
v 0.009070307947695254 0.003301785560324788 -0.0584895983338356
v 0.009070307947695254 0.003301785560324788 -0.0584895983338356
v 0.0070194648578763 0.001584203215315938 -0.06018994003534317
v 0.010765218175947664 0.0022548374254256487 -0.0599028542637825
v 0.009070307947695254 0.003301785560324788 -0.0584895983338356
v 0.010765218175947664 0.0022548374254256487 -0.0599028542637825
v 0.012449239380657671 0.004204282071441412 -0.05804785341024399
v 0.012449239380657671 0.004204282071441412 -0.05804785341024399
v 0.010765218175947664 0.0022548374254256487 -0.0599028542637825
v 0.014005788601934908 0.003402636619284749 -0.05941338092088699
v 0.012449239380657671 0.004204282071441412 -0.05804785341024399
v 0.014005788601934908 0.003402636619284749 -0.05941338092088699
v 0.015348018147051333 0.005538312252610922 -0.057444654405117035
v 0.015348018147051333 0.005538312252610922 -0.057444654405117035
v 0.014005788601934908 0.003402636619284749 -0.05941338092088699
v 0.016761135309934613 0.0049822679720819 -0.058769576251506805
v 0.015348018147051333 0.005538312252610922 -0.057444654405117035
v 0.016761135309934613 0.0049822679720819 -0.058769576251506805
v 0.016604956239461895 0.007529751863330603 -0.05532792955636978
v 0.016604956239461895 0.007529751863330603 -0.05532792955636978
v 0.016761135309934613 0.0049822679720819 -0.058769576251506805
v 0.017816375941038128 0.00728789484128356 -0.056685008108615875
v 0.016604956239461895 0.007529751863330603 -0.05532792955636978
v 0.017816375941038128 0.00728789484128356 -0.056685008108615875
v 0.017823774367570874 0.009382122196257114 -0.05309657007455826
v 0.017823774367570874 0.009382122196257114 -0.05309657007455826
v 0.017816375941038128 0.00728789484128356 -0.056685008108615875
v 0.018839977681636807 0.009456419385969639 -0.05444961041212082
v 0.017823774367570874 0.009382122196257114 -0.05309657007455826
v 0.018839977681636807 0.009456419385969639 -0.05444961041212082
v 0.019042365252971646 0.011118394322693348 -0.050773151218891144
v 0.019042365252971646 0.011118394322693348 -0.050773151218891144
v 0.018839977681636807 0.009456419385969639 -0.05444961041212082
v 0.01987187564373016 0.011500460095703602 -0.052088283002376556
v 0.019042365252971646 0.011118394322693348 -0.050773151218891144
v 0.01987187564373016 0.011500460095703602 -0.052088283002376556
v 0.02028805017471313 0.012770810164511204 -0.04837483912706375
v 0.02028805017471313 0.012770810164511204 -0.04837483912706375
v 0.01987187564373016 0.011500460095703602 -0.052088283002376556
v 0.020941793918609616 0.013443377800285816 -0.04962591081857681
v 0.02028805017471313 0.012770810164511204 -0.04837483912706375
v 0.020941793918609616 0.013443377800285816 -0.04962591081857681
v 0.02325891703367233 0.017136486247181892 -0.044513024389743805
v 0.02325891703367233 0.017136486247181892 -0.044513024389743805
v 0.020941793918609616 0.013443377800285816 -0.04962591081857681
v 0.0236528068780899 0.01824028231203556 -0.04559642821550369
v 0.02325891703367233 0.017136486247181892 -0.044513024389743805
v 0.0236528068780899 0.01824028231203556 -0.04559642821550369
v 0.025932651013135907 0.022262318059802055 -0.04032393544912338
v 0.025932651013135907 0.022262318059802055 -0.04032393544912338
v 0.0236528068780899 0.01824028231203556 -0.04559642821550369
v 0.026101995259523388 0.02373146079480648 -0.04127504676580429
v 0.025932651013135907 0.022262318059802055 -0.04032393544912338
v 0.026101995259523388 0.02373146079480648 -0.04127504676580429
v 0.028312809765338894 0.026218364015221596 -0.03534821420907974
v 0.04050000011920928 0.005167526658624411 3.6549717918887836e-08
v 0.0404093787074089 0.0137621546164155 -0.00259908358566463
v 0.04050000011920928 0.005167526658624411 3.6549717918887836e-08
v 0.03979101032018661 0.0087279686704278 -0.00736995879560709
v 0.0404093787074089 0.0137621546164155 -0.00259908358566463
v 0.03979101032018661 0.0087279686704278 -0.00736995879560709
v 0.03913510218262672 0.018182555213570595 -0.01007463876157999
v 0.03913510218262672 0.018182555213570595 -0.01007463876157999
v 0.03979101032018661 0.0087279686704278 -0.00736995879560709
v 0.037628166377544396 0.014060349203646183 -0.014726691879332066
v 0.03913510218262672 0.018182555213570595 -0.01007463876157999
v 0.037628166377544396 0.014060349203646183 -0.014726691879332066
v 0.03655051812529563 0.02377469651401043 -0.017448388040065765
v 0.03655051812529563 0.02377469651401043 -0.017448388040065765
v 0.037628166377544396 0.014060349203646183 -0.014726691879332066
v 0.034416023641824715 0.020230839028954506 -0.02187616378068924
v 0.03655051812529563 0.02377469651401043 -0.017448388040065765
v 0.034416023641824715 0.020230839028954506 -0.02187616378068924
v 0.03330912068486213 0.0295205507427454 -0.024808339774608612
v 0.03330912068486213 0.0295205507427454 -0.024808339774608612
v 0.034416023641824715 0.020230839028954506 -0.02187616378068924
v 0.030981250107288357 0.025951562449336052 -0.02915731817483902
v 0.03330912068486213 0.0295205507427454 -0.024808339774608612
v 0.030981250107288357 0.025951562449336052 -0.02915731817483902
v 0.030201852321624752 0.03414300084114075 -0.03248951584100723
v 0.030201852321624752 0.03414300084114075 -0.03248951584100723
v 0.030981250107288357 0.025951562449336052 -0.02915731817483902
v 0.028312809765338894 0.026218364015221596 -0.03534821420907974
v 0.030201852321624752 0.03414300084114075 -0.03248951584100723
v 0.028312809765338894 0.026218364015221596 -0.03534821420907974
v 0.028239369392395016 0.029774963855743408 -0.037105493247509
v 0.028239369392395016 0.029774963855743408 -0.037105493247509
v 0.028312809765338894 0.026218364015221596 -0.03534821420907974
v 0.026101995259523388 0.02373146079480648 -0.04127504676580429
v 0.028239369392395016 0.029774963855743408 -0.037105493247509
v 0.026101995259523388 0.02373146079480648 -0.04127504676580429
v 0.026286240667104718 0.02515607886016369 -0.04223696142435074
v 0.026286240667104718 0.02515607886016369 -0.04223696142435074
v 0.026101995259523388 0.02373146079480648 -0.04127504676580429
v 0.02408872544765472 0.019279638305306435 -0.04667436331510544
v 0.026286240667104718 0.02515607886016369 -0.04223696142435074
v 0.02408872544765472 0.019279638305306435 -0.04667436331510544
v 0.02456055954098701 0.020268896594643593 -0.04774422198534012
v 0.02456055954098701 0.020268896594643593 -0.04774422198534012
v 0.02408872544765472 0.019279638305306435 -0.04667436331510544
v 0.022426154464483258 0.014546011574566364 -0.05204050987958908
v 0.02456055954098701 0.020268896594643593 -0.04774422198534012
v 0.022426154464483258 0.014546011574566364 -0.05204050987958908
v 0.023252464830875393 0.01501153502613306 -0.05319718271493912
v 0.023252464830875393 0.01501153502613306 -0.05319718271493912
v 0.022426154464483258 0.014546011574566364 -0.05204050987958908
v 0.022739347070455548 0.012202818877995014 -0.0557527020573616
v 0.023252464830875393 0.01501153502613306 -0.05319718271493912
v 0.022739347070455548 0.012202818877995014 -0.0557527020573616
v 0.024128939956426617 0.015441515482962132 -0.05431947857141495
v 0.024128939956426617 0.015441515482962132 -0.05431947857141495
v 0.022739347070455548 0.012202818877995014 -0.0557527020573616
v 0.025047980248928067 0.01585053838789463 -0.05540900677442551
v 0.024128939956426617 0.015441515482962132 -0.05431947857141495
v 0.025047980248928067 0.01585053838789463 -0.05540900677442551
v 0.02453454956412315 0.018396103754639626 -0.051607079803943634
v 0.02453454956412315 0.018396103754639626 -0.051607079803943634
v 0.025047980248928067 0.01585053838789463 -0.05540900677442551
v 0.025248110294342038 0.019073812291026115 -0.052685074508190155
v 0.02453454956412315 0.018396103754639626 -0.051607079803943634
v 0.025248110294342038 0.019073812291026115 -0.052685074508190155
v 0.02506042271852493 0.02122187800705433 -0.04880518466234207
v 0.02506042271852493 0.02122187800705433 -0.04880518466234207
v 0.025248110294342038 0.019073812291026115 -0.052685074508190155
v 0.025578629225492474 0.022151721641421318 -0.04985783249139786
v 0.02506042271852493 0.02122187800705433 -0.04880518466234207
v 0.025578629225492474 0.022151721641421318 -0.04985783249139786
v 0.026647083461284634 0.02791409008204937 -0.04419540613889694
v 0.026647083461284634 0.02791409008204937 -0.04419540613889694
v 0.025578629225492474 0.022151721641421318 -0.04985783249139786
v 0.026789478957653042 0.02926628291606903 -0.04519311338663101
v 0.026647083461284634 0.02791409008204937 -0.04419540613889694
v 0.026789478957653042 0.02926628291606903 -0.04519311338663101
v 0.028084244579076763 0.03319781646132469 -0.03895240277051926
v 0.028084244579076763 0.03319781646132469 -0.03895240277051926
v 0.026789478957653042 0.02926628291606903 -0.04519311338663101
v 0.027672357857227322 0.03653521090745926 -0.04089713841676712
v 0.028084244579076763 0.03319781646132469 -0.03895240277051926
v 0.027672357857227322 0.03653521090745926 -0.04089713841676712
v 0.02967133373022079 0.03801542520523071 -0.03432103246450424
v 0.02967133373022079 0.03801542520523071 -0.03432103246450424
v 0.027672357857227322 0.03653521090745926 -0.04089713841676712
v 0.02771685644984245 0.03901487588882446 -0.04014233499765396
v 0.02967133373022079 0.03801542520523071 -0.03432103246450424
v 0.02771685644984245 0.03901487588882446 -0.04014233499765396
v 0.028961386531591412 0.04133427515625954 -0.03603162616491318
v 1.4977440798702443e-07 0.00196060654707253 -0.042470477521419525
v 8.213372204579626e-09 0.0026764844078570604 -0.043055109679698944
v 0.002311841351911425 0.001822320045903325 -0.04234638065099716
v 0.002311841351911425 0.001822320045903325 -0.04234638065099716
v 8.213372204579626e-09 0.0026764844078570604 -0.043055109679698944
v 0.002993331057950854 0.003420748980715871 -0.04373375326395035
v 0.002311841351911425 0.001822320045903325 -0.04234638065099716
v 0.002993331057950854 0.003420748980715871 -0.04373375326395035
v 0.005526104010641574 0.0006548513192683458 -0.04154101759195328
v 0.005526104010641574 0.0006548513192683458 -0.04154101759195328
v 0.002993331057950854 0.003420748980715871 -0.04373375326395035
v 0.006052908487617969 0.0024718132335692644 -0.042665816843509674
v 0.005526104010641574 0.0006548513192683458 -0.04154101759195328
v 0.006052908487617969 0.0024718132335692644 -0.042665816843509674
v 0.009010181762278078 0.0016059812624007463 -0.0417194589972496
v 0.009010181762278078 0.0016059812624007463 -0.0417194589972496
v 0.006052908487617969 0.0024718132335692644 -0.042665816843509674
v 0.009499509818851946 0.0033225540537387133 -0.042895592749118805
v 0.009010181762278078 0.0016059812624007463 -0.0417194589972496
v 0.009499509818851946 0.0033225540537387133 -0.042895592749118805
v 0.012198095209896563 0.00277082365937531 -0.041726432740688324
v -6.62924364291939e-08 0.004320891108363867 -0.04495354741811752
v -7.374301702611773e-08 0.004660212900489569 -0.0455000177025795
v 0.002993331057950854 0.003420748980715871 -0.04373375326395035
v 0.002993331057950854 0.003420748980715871 -0.04373375326395035
v -7.374301702611773e-08 0.004660212900489569 -0.0455000177025795
v 0.0038127123843878503 0.0046925595961511135 -0.0454220250248909
v 0.002993331057950854 0.003420748980715871 -0.04373375326395035
v 0.0038127123843878503 0.0046925595961511135 -0.0454220250248909
v 0.006052908487617969 0.0024718132335692644 -0.042665816843509674
v 0.006052908487617969 0.0024718132335692644 -0.042665816843509674
v 0.0038127123843878503 0.0046925595961511135 -0.0454220250248909
v 0.006706391461193561 0.003985763993114233 -0.04408932477235794
v 0.006052908487617969 0.0024718132335692644 -0.042665816843509674
v 0.006706391461193561 0.003985763993114233 -0.04408932477235794
v 0.009499509818851946 0.0033225540537387133 -0.042895592749118805
v 0.013743774034082888 0.006897707935422659 -0.045693449676036835
v 0.013144076801836489 0.005779692437499762 -0.04424797743558884
v 0.01156677398830652 0.006700736936181784 -0.04748610407114029
v 0.01156677398830652 0.006700736936181784 -0.04748610407114029
v 0.013144076801836489 0.005779692437499762 -0.04424797743558884
v 0.010786314494907854 0.005872686859220266 -0.04584675282239914
v 0.01156677398830652 0.006700736936181784 -0.04748610407114029
v 0.010786314494907854 0.005872686859220266 -0.04584675282239914
v 0.00931489188224077 0.006484081503003836 -0.049354247748851776
v 0.00931489188224077 0.006484081503003836 -0.049354247748851776
v 0.010786314494907854 0.005872686859220266 -0.04584675282239914
v 0.008347530849277971 0.005993334110826254 -0.047525279223918915
v 0.00931489188224077 0.006484081503003836 -0.049354247748851776
v 0.008347530849277971 0.005993334110826254 -0.047525279223918915
v 0.006962929852306842 0.006173865403980017 -0.05131746083498001
v 0.006962929852306842 0.006173865403980017 -0.05131746083498001
v 0.008347530849277971 0.005993334110826254 -0.047525279223918915
v 0.005808644928038119 0.00606845086440444 -0.04933483153581619
v 0.006962929852306842 0.006173865403980017 -0.05131746083498001
v 0.005808644928038119 0.00606845086440444 -0.04933483153581619
v 0.0044837119057774535 0.0056830584071576595 -0.05330926924943924
v 0.0044837119057774535 0.0056830584071576595 -0.05330926924943924
v 0.005808644928038119 0.00606845086440444 -0.04933483153581619
v 0.0031475543510168786 0.005995908286422491 -0.05124344676733017
v 0.0044837119057774535 0.0056830584071576595 -0.05330926924943924
v 0.0031475543510168786 0.005995908286422491 -0.05124344676733017
v 0.00034786836476996536 0.005682387854903936 -0.053057365119457245
v 0.00034786836476996536 0.005682387854903936 -0.053057365119457245
v 0.0031475543510168786 0.005995908286422491 -0.05124344676733017
v 8.213372204579626e-09 0.005947870668023825 -0.05152770131826401
v 0.00034786836476996536 0.005682387854903936 -0.053057365119457245
v 8.213372204579626e-09 0.005947870668023825 -0.05152770131826401
v -2.8235928084541223e-07 0.0055745369754731655 -0.05346051603555679
v 0.014514886774122713 -0.0018486741464585066 -0.03896961361169815
v 0.014506747014820574 -0.004214780870825052 -0.038471244275569916
v 0.011510086245834826 -0.003511692164465785 -0.03945638984441757
v 0.014506747014820574 -0.004214780870825052 -0.038471244275569916
v 0.014514886774122713 -0.0018486741464585066 -0.03896961361169815
v 0.01727264747023582 -0.002269624499604106 -0.03773743659257889
v 0.01727264747023582 -0.002269624499604106 -0.03773743659257889
v 0.014514886774122713 -0.0018486741464585066 -0.03896961361169815
v 0.017257574945688244 1.840411641751416e-05 -0.03835373371839523
v 0.01727264747023582 -0.002269624499604106 -0.03773743659257889
v 0.017257574945688244 1.840411641751416e-05 -0.03835373371839523
v 0.01973434910178184 0.0021085378248244524 -0.03757042437791824
v 0.001405716757290065 -0.002261384157463908 -0.040657199919223785
v 0.0017802052898332474 -7.556633499916643e-05 -0.04129975289106369
v 0.004890439100563525 -0.003740275977179408 -0.04035823792219162
v 0.004890439100563525 -0.003740275977179408 -0.04035823792219162
v 0.0017802052898332474 -7.556633499916643e-05 -0.04129975289106369
v 0.005136140622198581 -0.0014310393016785383 -0.040765054523944855
v 0.004890439100563525 -0.003740275977179408 -0.04035823792219162
v 0.005136140622198581 -0.0014310393016785383 -0.040765054523944855
v 0.008383662439882754 -0.00258307415060699 -0.04020313173532486
v 0.008383662439882754 -0.00258307415060699 -0.04020313173532486
v 0.005136140622198581 -0.0014310393016785383 -0.040765054523944855
v 0.008635607548058031 -0.00037485986831597984 -0.04081449657678604
v 0.008383662439882754 -0.00258307415060699 -0.04020313173532486
v 0.008635607548058031 -0.00037485986831597984 -0.04081449657678604
v 0.011633713729679583 -0.0012158143799751997 -0.03998696058988571
v 0.011633713729679583 -0.0012158143799751997 -0.03998696058988571
v 0.008635607548058031 -0.00037485986831597984 -0.04081449657678604
v 0.011864890344440935 0.0008894552011042833 -0.04074361175298691
v 0.011633713729679583 -0.0012158143799751997 -0.03998696058988571
v 0.011864890344440935 0.0008894552011042833 -0.04074361175298691
v 0.014615421183407305 0.00035578504321165383 -0.03963848203420639
v 0.014615421183407305 0.00035578504321165383 -0.03963848203420639
v 0.011864890344440935 0.0008894552011042833 -0.04074361175298691
v 0.01480500493198633 0.0023716401774436235 -0.0404854491353035
v 0.014615421183407305 0.00035578504321165383 -0.03963848203420639
v 0.01480500493198633 0.0023716401774436235 -0.0404854491353035
v 0.017319098114967343 0.0021470387000590563 -0.03910786658525467
v 0.017319098114967343 0.0021470387000590563 -0.03910786658525467
v 0.01480500493198633 0.0023716401774436235 -0.0404854491353035
v 0.017455041408538815 0.0040994263254106045 -0.03999745100736618
v 0.017319098114967343 0.0021470387000590563 -0.03910786658525467
v 0.017455041408538815 0.0040994263254106045 -0.03999745100736618
v 0.019829597324132916 0.0061007714830338955 -0.03926564007997513
v -7.374301702611773e-08 0.004660212900489569 -0.0455000177025795
v 1.423238273901006e-07 0.005533379968255758 -0.04748130589723587
v 0.0008095882949419319 0.005349976476281881 -0.04694949835538864
v 0.0008095882949419319 0.005349976476281881 -0.04694949835538864
v 1.423238273901006e-07 0.005533379968255758 -0.04748130589723587
v 0.0019199632806703446 0.00590539863333106 -0.04907730966806412
v 0.0008095882949419319 0.005349976476281881 -0.04694949835538864
v 0.0019199632806703446 0.00590539863333106 -0.04907730966806412
v 0.0038127123843878503 0.0046925595961511135 -0.0454220250248909
v 0.0038127123843878503 0.0046925595961511135 -0.0454220250248909
v 0.0019199632806703446 0.00590539863333106 -0.04907730966806412
v 0.004755412228405475 0.005584524478763342 -0.047330595552921295
v 0.0038127123843878503 0.0046925595961511135 -0.0454220250248909
v 0.004755412228405475 0.005584524478763342 -0.047330595552921295
v 0.006706391461193561 0.003985763993114233 -0.04408932477235794
v 0.006706391461193561 0.003985763993114233 -0.04408932477235794
v 0.004755412228405475 0.005584524478763342 -0.047330595552921295
v 0.007474948652088641 0.005165094044059515 -0.04573959857225418
v 0.006706391461193561 0.003985763993114233 -0.04408932477235794
v 0.007474948652088641 0.005165094044059515 -0.04573959857225418
v 0.009499509818851946 0.0033225540537387133 -0.042895592749118805
v 0.009499509818851946 0.0033225540537387133 -0.042895592749118805
v 0.007474948652088641 0.005165094044059515 -0.04573959857225418
v 0.010094546712934969 0.004748781677335501 -0.044293247163295746
v 0.009499509818851946 0.0033225540537387133 -0.042895592749118805
v 0.010094546712934969 0.004748781677335501 -0.044293247163295746
v 0.012198095209896563 0.00277082365937531 -0.041726432740688324
v 0.012198095209896563 0.00277082365937531 -0.041726432740688324
v 0.010094546712934969 0.004748781677335501 -0.044293247163295746
v 0.012626745738089083 0.004404684063047171 -0.0429089292883873
v 0.012198095209896563 0.00277082365937531 -0.041726432740688324
v 0.012626745738089083 0.004404684063047171 -0.0429089292883873
v 0.015079406090080736 0.0041787042282521725 -0.04150008410215378
v 0.015079406090080736 0.0041787042282521725 -0.04150008410215378
v 0.012626745738089083 0.004404684063047171 -0.0429089292883873
v 0.015434046275913714 0.005765566136687994 -0.04265762120485306
v 0.015079406090080736 0.0041787042282521725 -0.04150008410215378
v 0.015434046275913714 0.005765566136687994 -0.04265762120485306
v 0.017662804573774334 0.005864908453077078 -0.04100952297449112
v 0.017662804573774334 0.005864908453077078 -0.04100952297449112
v 0.015434046275913714 0.005765566136687994 -0.04265762120485306
v 0.017939694225788113 0.0074399313889443874 -0.042123205959796906
v 0.017662804573774334 0.005864908453077078 -0.04100952297449112
v 0.017939694225788113 0.0074399313889443874 -0.042123205959796906
v 0.02017482742667198 0.009446670301258564 -0.04131137579679489
v 1.0507091730005412e-07 0.005951461847871542 -0.04951532930135727
v 3.0565114883529525e-08 0.005996426101773977 -0.050236769020557404
v 0.0019199632806703446 0.00590539863333106 -0.04907730966806412
v 0.0019199632806703446 0.00590539863333106 -0.04907730966806412
v 3.0565114883529525e-08 0.005996426101773977 -0.050236769020557404
v 0.0031475543510168786 0.005995908286422491 -0.05124344676733017
v 0.0019199632806703446 0.00590539863333106 -0.04907730966806412
v 0.0031475543510168786 0.005995908286422491 -0.05124344676733017
v 0.004755412228405475 0.005584524478763342 -0.047330595552921295
v 0.004755412228405475 0.005584524478763342 -0.047330595552921295
v 0.0031475543510168786 0.005995908286422491 -0.05124344676733017
v 0.005808644928038119 0.00606845086440444 -0.04933483153581619
v 0.004755412228405475 0.005584524478763342 -0.047330595552921295
v 0.005808644928038119 0.00606845086440444 -0.04933483153581619
v 0.007474948652088641 0.005165094044059515 -0.04573959857225418
v 0.007474948652088641 0.005165094044059515 -0.04573959857225418
v 0.005808644928038119 0.00606845086440444 -0.04933483153581619
v 0.008347530849277971 0.005993334110826254 -0.047525279223918915
v 0.007474948652088641 0.005165094044059515 -0.04573959857225418
v 0.008347530849277971 0.005993334110826254 -0.047525279223918915
v 0.010094546712934969 0.004748781677335501 -0.044293247163295746
v 0.010094546712934969 0.004748781677335501 -0.044293247163295746
v 0.008347530849277971 0.005993334110826254 -0.047525279223918915
v 0.010786314494907854 0.005872686859220266 -0.04584675282239914
v 0.010094546712934969 0.004748781677335501 -0.044293247163295746
v 0.010786314494907854 0.005872686859220266 -0.04584675282239914
v 0.012626745738089083 0.004404684063047171 -0.0429089292883873
v 0.012626745738089083 0.004404684063047171 -0.0429089292883873
v 0.010786314494907854 0.005872686859220266 -0.04584675282239914
v 0.013144076801836489 0.005779692437499762 -0.04424797743558884
v 0.012626745738089083 0.004404684063047171 -0.0429089292883873
v 0.013144076801836489 0.005779692437499762 -0.04424797743558884
v 0.015434046275913714 0.005765566136687994 -0.04265762120485306
v 0.015434046275913714 0.005765566136687994 -0.04265762120485306
v 0.013144076801836489 0.005779692437499762 -0.04424797743558884
v 0.013743774034082888 0.006897707935422659 -0.045693449676036835
v 0.015434046275913714 0.005765566136687994 -0.04265762120485306
v 0.013743774034082888 0.006897707935422659 -0.045693449676036835
v 0.017939694225788113 0.0074399313889443874 -0.042123205959796906
v 0.017939694225788113 0.0074399313889443874 -0.042123205959796906
v 0.013743774034082888 0.006897707935422659 -0.045693449676036835
v 0.018283199518918988 0.008828100748360157 -0.043313734233379364
v 0.017939694225788113 0.0074399313889443874 -0.042123205959796906
v 0.018283199518918988 0.008828100748360157 -0.043313734233379364
v 0.02017482742667198 0.009446670301258564 -0.04131137579679489
v 0.030356902629137036 -0.006470675114542246 -0.026991479098796844
v 0.02952446788549423 -0.00647088373079896 -0.02793734520673752
v 0.031286641955375664 -0.005453633610159159 -0.02588783949613571
v 0.031286641955375664 -0.005453633610159159 -0.02588783949613571
v 0.02952446788549423 -0.00647088373079896 -0.02793734520673752
v 0.02949796989560127 -0.006335320416837931 -0.027971170842647552
v 0.031286641955375664 -0.005453633610159159 -0.02588783949613571
v 0.02949796989560127 -0.006335320416837931 -0.027971170842647552
v 0.028794594109058377 -0.0010904062073677778 -0.028997667133808136
v 0.028794594109058377 -0.0010904062073677778 -0.028997667133808136
v 0.02949796989560127 -0.006335320416837931 -0.027971170842647552
v 0.02898982539772987 -0.006470995489507914 -0.028516434133052826
v 0.028794594109058377 -0.0010904062073677778 -0.028997667133808136
v 0.02898982539772987 -0.006470995489507914 -0.028516434133052826
v 0.02682920172810554 -0.001767641631886363 -0.030990295112133026
v 0.02682920172810554 -0.001767641631886363 -0.030990295112133026
v 0.02898982539772987 -0.006470995489507914 -0.028516434133052826
v 0.02744316682219505 -0.006470861379057169 -0.030077867209911346
v 0.02682920172810554 -0.001767641631886363 -0.030990295112133026
v 0.02744316682219505 -0.006470861379057169 -0.030077867209911346
v 0.0273718386888504 -0.006470853928476572 -0.030146054923534393
v 0.025864481925964352 0.007755843456834555 -0.03346727043390274
v 0.026270959526300427 0.003171463729813695 -0.03213643282651901
v 0.023942403495311734 0.0070386542938649654 -0.035482876002788544
v 0.023942403495311734 0.0070386542938649654 -0.035482876002788544
v 0.026270959526300427 0.003171463729813695 -0.03213643282651901
v 0.0242219902575016 0.00261775148101151 -0.034063734114170074
v 0.023942403495311734 0.0070386542938649654 -0.035482876002788544
v 0.0242219902575016 0.00261775148101151 -0.034063734114170074
v 0.021926619112491604 0.006488712038844824 -0.03742092102766037
v 0.021926619112491604 0.006488712038844824 -0.03742092102766037
v 0.0242219902575016 0.00261775148101151 -0.034063734114170074
v 0.022039525210857388 0.0022638787049800158 -0.03588298708200455
v 0.021926619112491604 0.006488712038844824 -0.03742092102766037
v 0.022039525210857388 0.0022638787049800158 -0.03588298708200455
v 0.019829597324132916 0.0061007714830338955 -0.03926564007997513
v 0.019829597324132916 0.0061007714830338955 -0.03926564007997513
v 0.022039525210857388 0.0022638787049800158 -0.03588298708200455
v 0.01973434910178184 0.0021085378248244524 -0.03757042437791824
v 0.019829597324132916 0.0061007714830338955 -0.03926564007997513
v 0.01973434910178184 0.0021085378248244524 -0.03757042437791824
v 0.017319098114967343 0.0021470387000590563 -0.03910786658525467
v 0.017319098114967343 0.0021470387000590563 -0.03910786658525467
v 0.01973434910178184 0.0021085378248244524 -0.03757042437791824
v 0.017257574945688244 1.840411641751416e-05 -0.03835373371839523
v 0.017319098114967343 0.0021470387000590563 -0.03910786658525467
v 0.017257574945688244 1.840411641751416e-05 -0.03835373371839523
v 0.014615421183407305 0.00035578504321165383 -0.03963848203420639
v 0.014615421183407305 0.00035578504321165383 -0.03963848203420639
v 0.017257574945688244 1.840411641751416e-05 -0.03835373371839523
v 0.014514886774122713 -0.0018486741464585066 -0.03896961361169815
v 0.014615421183407305 0.00035578504321165383 -0.03963848203420639
v 0.014514886774122713 -0.0018486741464585066 -0.03896961361169815
v 0.011633713729679583 -0.0012158143799751997 -0.03998696058988571
v 0.011633713729679583 -0.0012158143799751997 -0.03998696058988571
v 0.014514886774122713 -0.0018486741464585066 -0.03896961361169815
v 0.011510086245834826 -0.003511692164465785 -0.03945638984441757
v 0.011633713729679583 -0.0012158143799751997 -0.03998696058988571
v 0.011510086245834826 -0.003511692164465785 -0.03945638984441757
v 0.008383662439882754 -0.00258307415060699 -0.04020313173532486
v 0.008383662439882754 -0.00258307415060699 -0.04020313173532486
v 0.011510086245834826 -0.003511692164465785 -0.03945638984441757
v 0.008259841240942476 -0.004971163813024759 -0.039863698184490204
v 0.008383662439882754 -0.00258307415060699 -0.04020313173532486
v 0.008259841240942476 -0.004971163813024759 -0.039863698184490204
v 0.004890439100563525 -0.003740275977179408 -0.04035823792219162
v 7.627915521446481e-10 -0.0064710103906691074 -0.04049970954656601
v -4.6862379576850794e-07 -0.004713291767984629 -0.040500856935977936
v 0.001970209879800677 -0.0064718821085989475 -0.04046539217233658
v 0.001970209879800677 -0.0064718821085989475 -0.04046539217233658
v -4.6862379576850794e-07 -0.004713291767984629 -0.040500856935977936
v 0.0011949100298807023 -0.0046457150019705296 -0.040488190948963165
v 0.001970209879800677 -0.0064718821085989475 -0.04046539217233658
v 0.0011949100298807023 -0.0046457150019705296 -0.040488190948963165
v 0.0047928476706147185 -0.006198386196047068 -0.04024564474821091
v 0.0047928476706147185 -0.006198386196047068 -0.04024564474821091
v 0.0011949100298807023 -0.0046457150019705296 -0.040488190948963165
v 0.004890439100563525 -0.003740275977179408 -0.04035823792219162
v 0.0047928476706147185 -0.006198386196047068 -0.04024564474821091
v 0.004890439100563525 -0.003740275977179408 -0.04035823792219162
v 0.0064668143168091765 -0.006470846477895975 -0.04003667086362839
v 0.0064668143168091765 -0.006470846477895975 -0.04003667086362839
v 0.004890439100563525 -0.003740275977179408 -0.04035823792219162
v 0.008259841240942476 -0.004971163813024759 -0.039863698184490204
v 0.0064668143168091765 -0.006470846477895975 -0.04003667086362839
v 0.008259841240942476 -0.004971163813024759 -0.039863698184490204
v 0.011497513391077517 -0.005958991590887308 -0.03911914676427841
v 0.011497513391077517 -0.005958991590887308 -0.03911914676427841
v 0.008259841240942476 -0.004971163813024759 -0.039863698184490204
v 0.011510086245834826 -0.003511692164465785 -0.03945638984441757
v 0.011497513391077517 -0.005958991590887308 -0.03911914676427841
v 0.011510086245834826 -0.003511692164465785 -0.03945638984441757
v 0.014104169793426989 -0.006470816675573587 -0.038308702409267426
v 0.014104169793426989 -0.006470816675573587 -0.038308702409267426
v 0.011510086245834826 -0.003511692164465785 -0.03945638984441757
v 0.014506747014820574 -0.004214780870825052 -0.038471244275569916
v 0.014104169793426989 -0.006470816675573587 -0.038308702409267426
v 0.014506747014820574 -0.004214780870825052 -0.038471244275569916
v 0.017602618783712384 -0.006471211556345224 -0.03691525012254715
v 0.017602618783712384 -0.006471211556345224 -0.03691525012254715
v 0.014506747014820574 -0.004214780870825052 -0.038471244275569916
v 0.01727264747023582 -0.002269624499604106 -0.03773743659257889
v 0.017602618783712384 -0.006471211556345224 -0.03691525012254715
v 0.01727264747023582 -0.002269624499604106 -0.03773743659257889
v 0.019897319376468655 -0.0024758826475590467 -0.03629710525274277
v 0.019897319376468655 -0.0024758826475590467 -0.03629710525274277
v 0.01727264747023582 -0.002269624499604106 -0.03773743659257889
v 0.01973434910178184 0.0021085378248244524 -0.03757042437791824
v 0.019897319376468655 -0.0024758826475590467 -0.03629710525274277
v 0.01973434910178184 0.0021085378248244524 -0.03757042437791824
v 0.022373966872692105 -0.0024617116432636976 -0.03467041999101639
v 0.022373966872692105 -0.0024617116432636976 -0.03467041999101639
v 0.01973434910178184 0.0021085378248244524 -0.03757042437791824
v 0.022039525210857388 0.0022638787049800158 -0.03588298708200455
v 0.022373966872692105 -0.0024617116432636976 -0.03467041999101639
v 0.022039525210857388 0.0022638787049800158 -0.03588298708200455
v 0.024687800556421276 -0.0022255207877606153 -0.03289058059453964
v 0.024687800556421276 -0.0022255207877606153 -0.03289058059453964
v 0.022039525210857388 0.0022638787049800158 -0.03588298708200455
v 0.0242219902575016 0.00261775148101151 -0.034063734114170074
v 0.024687800556421276 -0.0022255207877606153 -0.03289058059453964
v 0.0242219902575016 0.00261775148101151 -0.034063734114170074
v 0.02682920172810554 -0.001767641631886363 -0.030990295112133026
v 0.02682920172810554 -0.001767641631886363 -0.030990295112133026
v 0.0242219902575016 0.00261775148101151 -0.034063734114170074
v 0.026270959526300427 0.003171463729813695 -0.03213643282651901
v 0.02682920172810554 -0.001767641631886363 -0.030990295112133026
v 0.026270959526300427 0.003171463729813695 -0.03213643282651901
v 0.028794594109058377 -0.0010904062073677778 -0.028997667133808136
v 0.028794594109058377 -0.0010904062073677778 -0.028997667133808136
v 0.026270959526300427 0.003171463729813695 -0.03213643282651901
v 0.028178755193948742 0.0039232089184224606 -0.03012567013502121
v 0.028794594109058377 -0.0010904062073677778 -0.028997667133808136
v 0.028178755193948742 0.0039232089184224606 -0.03012567013502121
v 0.030587166547775265 -0.00019847856310661882 -0.02693267911672592
v 7.627915521446481e-10 -0.0036630805116146803 -0.040505506098270416
v 2.6898368332695094e-07 -0.0016716110985726118 -0.040775202214717865
v 0.001405716757290065 -0.002261384157463908 -0.040657199919223785
v 0.001405716757290065 -0.002261384157463908 -0.040657199919223785
v 2.6898368332695094e-07 -0.0016716110985726118 -0.040775202214717865
v 5.22303423622361e-07 0.00025355935213156044 -0.0414496585726738
v 0.001405716757290065 -0.002261384157463908 -0.040657199919223785
v 5.22303423622361e-07 0.00025355935213156044 -0.0414496585726738
v 0.0017802052898332474 -7.556633499916643e-05 -0.04129975289106369
v 0.0017802052898332474 -7.556633499916643e-05 -0.04129975289106369
v 5.22303423622361e-07 0.00025355935213156044 -0.0414496585726738
v 0.002311841351911425 0.001822320045903325 -0.04234638065099716
v 0.0017802052898332474 -7.556633499916643e-05 -0.04129975289106369
v 0.002311841351911425 0.001822320045903325 -0.04234638065099716
v 0.005136140622198581 -0.0014310393016785383 -0.040765054523944855
v 0.005136140622198581 -0.0014310393016785383 -0.040765054523944855
v 0.002311841351911425 0.001822320045903325 -0.04234638065099716
v 0.005526104010641574 0.0006548513192683458 -0.04154101759195328
v 0.005136140622198581 -0.0014310393016785383 -0.040765054523944855
v 0.005526104010641574 0.0006548513192683458 -0.04154101759195328
v 0.008635607548058031 -0.00037485986831597984 -0.04081449657678604
v 0.008635607548058031 -0.00037485986831597984 -0.04081449657678604
v 0.005526104010641574 0.0006548513192683458 -0.04154101759195328
v 0.009010181762278078 0.0016059812624007463 -0.0417194589972496
v 0.008635607548058031 -0.00037485986831597984 -0.04081449657678604
v 0.009010181762278078 0.0016059812624007463 -0.0417194589972496
v 0.011864890344440935 0.0008894552011042833 -0.04074361175298691
v 0.011864890344440935 0.0008894552011042833 -0.04074361175298691
v 0.009010181762278078 0.0016059812624007463 -0.0417194589972496
v 0.012198095209896563 0.00277082365937531 -0.041726432740688324
v 0.011864890344440935 0.0008894552011042833 -0.04074361175298691
v 0.012198095209896563 0.00277082365937531 -0.041726432740688324
v 0.01480500493198633 0.0023716401774436235 -0.0404854491353035
v 0.01480500493198633 0.0023716401774436235 -0.0404854491353035
v 0.012198095209896563 0.00277082365937531 -0.041726432740688324
v 0.015079406090080736 0.0041787042282521725 -0.04150008410215378
v 0.01480500493198633 0.0023716401774436235 -0.0404854491353035
v 0.015079406090080736 0.0041787042282521725 -0.04150008410215378
v 0.017455041408538815 0.0040994263254106045 -0.03999745100736618
v 0.017455041408538815 0.0040994263254106045 -0.03999745100736618
v 0.015079406090080736 0.0041787042282521725 -0.04150008410215378
v 0.017662804573774334 0.005864908453077078 -0.04100952297449112
v 0.017455041408538815 0.0040994263254106045 -0.03999745100736618
v 0.017662804573774334 0.005864908453077078 -0.04100952297449112
v 0.019829597324132916 0.0061007714830338955 -0.03926564007997513
v 0.019829597324132916 0.0061007714830338955 -0.03926564007997513
v 0.017662804573774334 0.005864908453077078 -0.04100952297449112
v 0.02017482742667198 0.009446670301258564 -0.04131137579679489
v 0.019829597324132916 0.0061007714830338955 -0.03926564007997513
v 0.02017482742667198 0.009446670301258564 -0.04131137579679489
v 0.021926619112491604 0.006488712038844824 -0.03742092102766037
v 0.021926619112491604 0.006488712038844824 -0.03742092102766037
v 0.02017482742667198 0.009446670301258564 -0.04131137579679489
v 0.02203712239861488 0.010161408223211765 -0.03925146907567978
v 0.021926619112491604 0.006488712038844824 -0.03742092102766037
v 0.02203712239861488 0.010161408223211765 -0.03925146907567978
v 0.023942403495311734 0.0070386542938649654 -0.035482876002788544
v 0.023942403495311734 0.0070386542938649654 -0.035482876002788544
v 0.02203712239861488 0.010161408223211765 -0.03925146907567978
v 0.025626890361309048 0.011942488141357899 -0.03498706966638565
v 0.023942403495311734 0.0070386542938649654 -0.035482876002788544
v 0.025626890361309048 0.011942488141357899 -0.03498706966638565
v 0.025864481925964352 0.007755843456834555 -0.03346727043390274
v 0.025864481925964352 0.007755843456834555 -0.03346727043390274
v 0.025626890361309048 0.011942488141357899 -0.03498706966638565
v 0.02768125385046005 0.008641202934086323 -0.03139323741197586
v 0.025864481925964352 0.007755843456834555 -0.03346727043390274
v 0.02768125385046005 0.008641202934086323 -0.03139323741197586
v 0.028178755193948742 0.0039232089184224606 -0.03012567013502121
v 0.028178755193948742 0.0039232089184224606 -0.03012567013502121
v 0.02768125385046005 0.008641202934086323 -0.03139323741197586
v 0.029941987246274945 0.004868288990110159 -0.02805168181657791
v 0.028178755193948742 0.0039232089184224606 -0.03012567013502121
v 0.029941987246274945 0.004868288990110159 -0.02805168181657791
v 0.030587166547775265 -0.00019847856310661882 -0.02693267911672592
v -2.8235928084541223e-07 0.0055745369754731655 -0.05346051603555679
v -3.9411798979926965e-07 0.004794695880264044 -0.05550114065408707
v 0.00034786836476996536 0.005682387854903936 -0.053057365119457245
v 0.00034786836476996536 0.005682387854903936 -0.053057365119457245
v -3.9411798979926965e-07 0.004794695880264044 -0.05550114065408707
v 0.0018587940139696 0.004976151045411825 -0.05513928085565567
v 0.00034786836476996536 0.005682387854903936 -0.053057365119457245
v 0.0018587940139696 0.004976151045411825 -0.05513928085565567
v 0.0044837119057774535 0.0056830584071576595 -0.05330926924943924
v 0.0044837119057774535 0.0056830584071576595 -0.05330926924943924
v 0.0018587940139696 0.004976151045411825 -0.05513928085565567
v 0.0059212716296315185 0.005073470529168844 -0.05520971864461899
v 0.0044837119057774535 0.0056830584071576595 -0.05330926924943924
v 0.0059212716296315185 0.005073470529168844 -0.05520971864461899
v 0.006962929852306842 0.006173865403980017 -0.05131746083498001
v 0.006962929852306842 0.006173865403980017 -0.05131746083498001
v 0.0059212716296315185 0.005073470529168844 -0.05520971864461899
v 0.00821080897003412 0.005969693418592215 -0.05320175737142563
v 0.006962929852306842 0.006173865403980017 -0.05131746083498001
v 0.00821080897003412 0.005969693418592215 -0.05320175737142563
v 0.00931489188224077 0.006484081503003836 -0.049354247748851776
v 0.00931489188224077 0.006484081503003836 -0.049354247748851776
v 0.00821080897003412 0.005969693418592215 -0.05320175737142563
v 0.010369562543928621 0.006678236182779074 -0.05115353316068649
v 0.00931489188224077 0.006484081503003836 -0.049354247748851776
v 0.010369562543928621 0.006678236182779074 -0.05115353316068649
v 0.01156677398830652 0.006700736936181784 -0.04748610407114029
v 0.01156677398830652 0.006700736936181784 -0.04748610407114029
v 0.010369562543928621 0.006678236182779074 -0.05115353316068649
v 0.01242918614298105 0.007257269229739904 -0.049149222671985626
v 0.01156677398830652 0.006700736936181784 -0.04748610407114029
v 0.01242918614298105 0.007257269229739904 -0.049149222671985626
v 0.013743774034082888 0.006897707935422659 -0.045693449676036835
v 0.013743774034082888 0.006897707935422659 -0.045693449676036835
v 0.01242918614298105 0.007257269229739904 -0.049149222671985626
v 0.014420379884541033 0.0077729723416268826 -0.04719654470682144
v 0.013743774034082888 0.006897707935422659 -0.045693449676036835
v 0.014420379884541033 0.0077729723416268826 -0.04719654470682144
v 0.018283199518918988 0.008828100748360157 -0.043313734233379364
v 0.018283199518918988 0.008828100748360157 -0.043313734233379364
v 0.014420379884541033 0.0077729723416268826 -0.04719654470682144
v 0.018691200762987133 0.010039296932518482 -0.04455580562353134
v 0.018283199518918988 0.008828100748360157 -0.043313734233379364
v 0.018691200762987133 0.010039296932518482 -0.04455580562353134
v 0.02017482742667198 0.009446670301258564 -0.04131137579679489
v 0.02017482742667198 0.009446670301258564 -0.04131137579679489
v 0.018691200762987133 0.010039296932518482 -0.04455580562353134
v 0.022175315767526623 0.01179222110658884 -0.04025011509656906
v 0.02017482742667198 0.009446670301258564 -0.04131137579679489
v 0.022175315767526623 0.01179222110658884 -0.04025011509656906
v 0.02203712239861488 0.010161408223211765 -0.03925146907567978
v 0.02203712239861488 0.010161408223211765 -0.03925146907567978
v 0.022175315767526623 0.01179222110658884 -0.04025011509656906
v 0.02556555718183517 0.015728017315268517 -0.036666177213191986
v 0.02203712239861488 0.010161408223211765 -0.03925146907567978
v 0.02556555718183517 0.015728017315268517 -0.036666177213191986
v 0.025626890361309048 0.011942488141357899 -0.03498706966638565
v 0.025626890361309048 0.011942488141357899 -0.03498706966638565
v 0.02556555718183517 0.015728017315268517 -0.036666177213191986
v 0.028937768191099163 0.014236473478376865 -0.03062751144170761
v 0.025626890361309048 0.011942488141357899 -0.03498706966638565
v 0.028937768191099163 0.014236473478376865 -0.03062751144170761
v 0.02768125385046005 0.008641202934086323 -0.03139323741197586
v 0.02768125385046005 0.008641202934086323 -0.03139323741197586
v 0.028937768191099163 0.014236473478376865 -0.03062751144170761
v 0.029383834451436993 0.009691678918898106 -0.029278002679347992
v 0.02768125385046005 0.008641202934086323 -0.03139323741197586
v 0.029383834451436993 0.009691678918898106 -0.029278002679347992
v 0.029941987246274945 0.004868288990110159 -0.02805168181657791
v 0.029941987246274945 0.004868288990110159 -0.02805168181657791
v 0.029383834451436993 0.009691678918898106 -0.029278002679347992
v 0.031562246382236474 0.005999324377626181 -0.025926120579242706
v 0.029941987246274945 0.004868288990110159 -0.02805168181657791
v 0.031562246382236474 0.005999324377626181 -0.025926120579242706
v 0.030587166547775265 -0.00019847856310661882 -0.02693267911672592
v 0.030587166547775265 -0.00019847856310661882 -0.02693267911672592
v 0.031562246382236474 0.005999324377626181 -0.025926120579242706
v 0.032899010926485055 -0.004347170237451792 -0.023737959563732147
v 0.030587166547775265 -0.00019847856310661882 -0.02693267911672592
v 0.032899010926485055 -0.004347170237451792 -0.023737959563732147
v 0.031286641955375664 -0.005453633610159159 -0.02588783949613571
v 0.031286641955375664 -0.005453633610159159 -0.02588783949613571
v 0.032899010926485055 -0.004347170237451792 -0.023737959563732147
v 0.0329776108264923 -0.006470891181379557 -0.023601315915584564
v 0.031286641955375664 -0.005453633610159159 -0.02588783949613571
v 0.0329776108264923 -0.006470891181379557 -0.023601315915584564
v 0.030356902629137036 -0.006470675114542246 -0.026991479098796844
v 7.627915521446481e-10 -0.0064710103906691074 -0.04020000249147415
v 7.627915521446481e-10 -0.0064710103906691074 -0.04049970954656601
v 0.001970209879800677 -0.0064718821085989475 -0.04046539217233658
v 7.627915521446481e-10 -0.0064710103906691074 -0.04020000249147415
v 0.001970209879800677 -0.0064718821085989475 -0.04046539217233658
v 0.008358051069080828 -0.0064710103906691074 -0.03932153433561325
v -0.017296709120273587 -0.0064710103906691074 -0.03705578297376633
v -0.0137937581166625 -0.0064710103906691074 -0.03841083496809006
v -0.016350813210010525 -0.0064710103906691074 -0.036724530160427094
v -0.010130374692380427 -0.0064710103906691074 -0.03939289599657059
v -0.008358052931725977 -0.0064710103906691074 -0.03932153433561325
v -0.006061888299882411 -0.0064710103906691074 -0.040091775357723236
v 7.627915521446481e-10 -0.0064710103906691074 -0.04020000249147415
v -0.0015711925225332377 -0.0064710103906691074 -0.04047950357198715
v 7.627915521446481e-10 -0.0064710103906691074 -0.04049970954656601
v -0.02987442165613174 -0.0064710103906691074 -0.026899047195911407
v -0.03037898242473602 -0.0064710103906691074 -0.026966698467731476
v -0.029524721205234524 -0.0064710103906691074 -0.027937404811382294
v -0.033006548881530755 -0.0064710103906691074 -0.02356024831533432
v -0.03481422364711761 -0.0064710103906691074 -0.020100004971027374
v -0.035277858376502984 -0.0064710103906691074 -0.01992648094892502
v -0.02078355103731155 -0.0064710103906691074 -0.03521954268217087
v -0.023628965020179745 -0.0064710103906691074 -0.032522477209568024
v -0.024196572601795193 -0.0064710103906691074 -0.032877273857593536
v -0.037124484777450555 -0.0064710103906691074 -0.01619633287191391
v -0.03823247551918029 -0.0064710103906691074 -0.012422480620443821
v -0.03859303891658782 -0.0064710103906691074 -0.012293034233152866
v -0.03965052217245101 -0.0064710103906691074 -0.008277648128569126
v -0.03997977823019027 -0.0064710103906691074 -0.0042020464316010475
v -0.040287971496582024 -0.0064710103906691074 -0.004173525609076023
v -0.03997977823019027 -0.0064710103906691074 0.004202044568955898
v -0.0404999554157257 -0.0064710103906691074 6.747394643014104e-09
v -0.040398441255092614 -0.0064710103906691074 -0.002898462815210223
v 0.03481421992182731 -0.0064710103906691074 0.020100004971027374
v 0.03128040209412574 -0.0064710103906691074 0.02572520822286606
v 0.02987442165613174 -0.0064710103906691074 0.026899047195911407
v 0.02572507783770561 -0.0064710103906691074 0.0312805101275444
v 0.023628965020179745 -0.0064710103906691074 0.032522477209568024
v 0.019201714545488354 -0.0064710103906691074 0.03565872460603714
v 0.016350813210010525 -0.0064710103906691074 0.036724530160427094
v 0.011955787427723406 -0.0064710103906691074 0.0386950746178627
v 0.008358051069080828 -0.0064710103906691074 0.03932153433561325
v 0.0042599597945809356 -0.0064710103906691074 0.040275342762470245
v 7.627915521446481e-10 -0.0064710103906691074 0.04020000249147415
v 0.03823247179388999 -0.0064710103906691074 -0.012422480620443821
v 0.03481421992182731 -0.0064710103906691074 -0.020100004971027374
v 0.037094015628099435 -0.006470943335443735 -0.016266070306301117
v 0.02952446788549423 -0.00647088373079896 -0.02793734520673752
v 0.030356902629137036 -0.006470675114542246 -0.026991479098796844
v 0.02987442165613174 -0.0064710103906691074 -0.026899047195911407
v 0.02987442165613174 -0.0064710103906691074 -0.026899047195911407
v 0.030356902629137036 -0.006470675114542246 -0.026991479098796844
v 0.0329776108264923 -0.006470891181379557 -0.023601315915584564
v 0.02987442165613174 -0.0064710103906691074 -0.026899047195911407
v 0.0329776108264923 -0.006470891181379557 -0.023601315915584564
v 0.03481421992182731 -0.0064710103906691074 -0.020100004971027374
v 0.03481421992182731 -0.0064710103906691074 -0.020100004971027374
v 0.0329776108264923 -0.006470891181379557 -0.023601315915584564
v 0.03525380045175552 -0.00647049630060792 -0.019968681037425995
v 0.03481421992182731 -0.0064710103906691074 -0.020100004971027374
v 0.03525380045175552 -0.00647049630060792 -0.019968681037425995
v 0.037094015628099435 -0.006470943335443735 -0.016266070306301117
v 7.627915521446481e-10 -0.0064710103906691074 0.040500007569789886
v -0.004612117074429988 -0.0064710103906691074 0.04023652523756027
v -0.008358052931725977 -0.0064710103906691074 0.03932153433561325
v -0.012249349616467951 -0.0064710103906691074 0.038603149354457855
v -0.016350813210010525 -0.0064710103906691074 0.036724530160427094
v -0.01943106949329376 -0.0064710103906691074 0.03553425520658493
v -0.023628965020179745 -0.0064710103906691074 0.032522477209568024
v -0.025890216231346127 -0.0064710103906691074 0.031143970787525177
v -0.02987442165613174 -0.0064710103906691074 0.026899047195911407
v -0.0313865914940834 -0.0064710103906691074 0.025595538318157196
v -0.03481422364711761 -0.0064710103906691074 0.020100004971027374
v -0.03571581095457076 -0.0064710103906691074 0.01909530907869339
v -0.03823247551918029 -0.0064710103906691074 0.012422478757798672
v -0.03871688246726989 -0.0064710103906691074 0.011884978972375393
v -0.040278211236000054 -0.0064710103906691074 0.004232696257531643
v 0.04028577357530593 -0.0064717927016317844 -0.004188173450529575
v 0.03997978195548057 -0.0064710103906691074 -0.0042020464316010475
v 0.039633031934499734 -0.0064710103906691074 -0.008360826410353184
v 0.039633031934499734 -0.0064710103906691074 -0.008360826410353184
v 0.03997978195548057 -0.0064710103906691074 -0.0042020464316010475
v 0.03823247179388999 -0.0064710103906691074 -0.012422480620443821
v 0.039633031934499734 -0.0064710103906691074 -0.008360826410353184
v 0.03823247179388999 -0.0064710103906691074 -0.012422480620443821
v 0.038582883775234215 -0.006470965687185526 -0.012323298491537571
v 0.038582883775234215 -0.006470965687185526 -0.012323298491537571
v 0.03823247179388999 -0.0064710103906691074 -0.012422480620443821
v 0.037094015628099435 -0.006470943335443735 -0.016266070306301117
v 0.02415850386023521 -0.00647098058834672 -0.03290589898824692
v 0.023628965020179745 -0.0064710103906691074 -0.032522477209568024
v 0.021088011562824246 -0.006471733096987009 -0.03503327816724777
v 0.021088011562824246 -0.006471733096987009 -0.03503327816724777
v 0.023628965020179745 -0.0064710103906691074 -0.032522477209568024
v 0.016350813210010525 -0.0064710103906691074 -0.036724530160427094
v 0.021088011562824246 -0.006471733096987009 -0.03503327816724777
v 0.016350813210010525 -0.0064710103906691074 -0.036724530160427094
v 0.017602618783712384 -0.006471211556345224 -0.03691525012254715
v 0.001970209879800677 -0.0064718821085989475 -0.04046539217233658
v 0.0064668143168091765 -0.006470846477895975 -0.04003667086362839
v 0.008358051069080828 -0.0064710103906691074 -0.03932153433561325
v 0.008358051069080828 -0.0064710103906691074 -0.03932153433561325
v 0.0064668143168091765 -0.006470846477895975 -0.04003667086362839
v 0.01046026963740587 -0.006470630411058664 -0.03932016342878342
v 0.008358051069080828 -0.0064710103906691074 -0.03932153433561325
v 0.01046026963740587 -0.006470630411058664 -0.03932016342878342
v 0.016350813210010525 -0.0064710103906691074 -0.036724530160427094
v 0.016350813210010525 -0.0064710103906691074 -0.036724530160427094
v 0.01046026963740587 -0.006470630411058664 -0.03932016342878342
v 0.014104169793426989 -0.006470816675573587 -0.038308702409267426
v 0.016350813210010525 -0.0064710103906691074 -0.036724530160427094
v 0.014104169793426989 -0.006470816675573587 -0.038308702409267426
v 0.017602618783712384 -0.006471211556345224 -0.03691525012254715
v -0.028990447521209713 -0.0064710103906691074 -0.028515823185443878
v -0.027443155646324154 -0.0064710103906691074 -0.030078597366809845
v -0.027404427528381344 -0.0064710103906691074 -0.030115686357021332
v 0.02415850386023521 -0.00647098058834672 -0.03290589898824692
v 0.0273718386888504 -0.006470853928476572 -0.030146054923534393
v 0.023628965020179745 -0.0064710103906691074 -0.032522477209568024
v 0.023628965020179745 -0.0064710103906691074 -0.032522477209568024
v 0.0273718386888504 -0.006470853928476572 -0.030146054923534393
v 0.02744316682219505 -0.006470861379057169 -0.030077867209911346
v 0.023628965020179745 -0.0064710103906691074 -0.032522477209568024
v 0.02744316682219505 -0.006470861379057169 -0.030077867209911346
v 0.02987442165613174 -0.0064710103906691074 -0.026899047195911407
v 0.02987442165613174 -0.0064710103906691074 -0.026899047195911407
v 0.02744316682219505 -0.006470861379057169 -0.030077867209911346
v 0.02898982539772987 -0.006470995489507914 -0.028516434133052826
v 0.02987442165613174 -0.0064710103906691074 -0.026899047195911407
v 0.02898982539772987 -0.006470995489507914 -0.028516434133052826
v 0.02952446788549423 -0.00647088373079896 -0.02793734520673752
v 0.04028577357530593 -0.0064717927016317844 -0.004188173450529575
v 0.04039779677987098 -0.006471643690019846 -0.0028980455826967955
v 0.03997978195548057 -0.0064710103906691074 -0.0042020464316010475
v 0.03997978195548057 -0.0064710103906691074 -0.0042020464316010475
v 0.04039779677987098 -0.006471643690019846 -0.0028980455826967955
v 0.0404999516904354 -0.0064710103906691074 6.747394643014104e-09
v 0.0404999516904354 -0.0064710103906691074 6.747394643014104e-09
v 0.03997978195548057 -0.0064710103906691074 0.004202044568955898
v 0.04027532041072845 -0.0064710103906691074 0.0042601292952895164
v 0.03823247179388999 -0.0064710103906691074 0.012422478757798672
v 0.03869502991437911 -0.0064710103906691074 0.01195595320314169
v 0.03565863892436027 -0.0064710103906691074 0.019201867282390594
v -0.008259839378297327 -0.004971163813024759 -0.039863698184490204
v -0.011497511528432367 -0.005958991590887308 -0.03911914676427841
v -0.011510088108479975 -0.003511692164465785 -0.03945638984441757
v -0.02861702442169189 0.018492409959435463 -0.03209812194108963
v -0.028937771916389462 0.014236473478376865 -0.03062751144170761
v -0.03187833726406097 0.017023520544171333 -0.026256807148456573
v -0.002795546548441052 0.0014335860032588243 -0.06016554683446884
v -0.0048022111877799025 -0.0001251983776455745 -0.06162898987531662
v -0.002431779401376843 -0.001756003824993968 -0.06282832473516464
v -4.6862379576850794e-07 -0.004713291767984629 -0.040500856935977936
v 7.627915521446481e-10 -0.0064710103906691074 -0.04049970954656601
v -0.0015711925225332377 -0.0064710103906691074 -0.04047950357198715
v -0.017365738749504086 -0.00469536567106843 -0.03724973648786545
v -0.017296709120273587 -0.0064710103906691074 -0.03705578297376633
v -0.02078355103731155 -0.0064710103906691074 -0.03521954268217087
v -0.04050000011920928 0.02396702580153942 9.615435914156478e-08
v -0.04049084335565566 0.027498824521899223 -0.0007843158673495054
v -0.040099121630191796 0.022686688229441643 -0.005404838360846043
v -0.04049084335565566 0.027498824521899223 -0.0007843158673495054
v -0.04050000011920928 0.02396702580153942 9.615435914156478e-08
v -0.04050000011920928 0.02880064584314823 1.1105552033541244e-07
v -0.027559101581573483 0.024713175371289253 -0.05441058427095413
v -0.02747109532356262 0.02252955548465252 -0.05513019114732742
v -0.027547664940357205 0.025820596143603325 -0.054007939994335175
v -0.024858064949512478 0.011024841107428074 -0.058920152485370636
v -0.023950338363647457 0.00907487515360117 -0.0595628097653389
v -0.0222809761762619 0.009263944812119007 -0.058130018413066864
v -0.021536953747272488 0.005269238259643316 -0.060816265642642975
v -0.021839417517185208 0.006199402268975973 -0.060299284756183624
v -0.023295618593692776 0.007878479547798634 -0.05995694547891617
v -0.01502495165914297 -0.0001509624853497371 -0.06260203570127487
v -0.017303138971328732 0.0016425859648734331 -0.061847709119319916
v -0.017464265227317807 0.001326457830145955 -0.06211518496274948
v -2.749087002484884e-07 0.0020151745993644 -0.0595257505774498
v -0.00024481787113472814 8.336945029441267e-05 -0.061384133994579315
v -4.611732151715841e-07 -8.838878420647234e-05 -0.06152886897325516
v 8.213372204579626e-09 0.005947870668023825 -0.05152770131826401
v 3.0565114883529525e-08 0.005996426101773977 -0.050236769020557404
v -0.001919961650855839 0.00590539863333106 -0.04907730966806412
v 1.4977440798702443e-07 0.00196060654707253 -0.042470477521419525
v 5.22303423622361e-07 0.00025355935213156044 -0.0414496585726738
v -0.0017802111105993388 -7.556633499916643e-05 -0.04129975289106369
v -0.0017802111105993388 -7.556633499916643e-05 -0.04129975289106369
v 5.22303423622361e-07 0.00025355935213156044 -0.0414496585726738
v 2.6898368332695094e-07 -0.0016716110985726118 -0.040775202214717865
v -0.0023118399549275632 0.001822320045903325 -0.04234638065099716
v 8.213372204579626e-09 0.0026764844078570604 -0.043055109679698944
v 1.4977440798702443e-07 0.00196060654707253 -0.042470477521419525
v -0.002993329660966992 0.003420748980715871 -0.04373375326395035
v -6.62924364291939e-08 0.004320891108363867 -0.04495354741811752
v 8.213372204579626e-09 0.00345964846201241 -0.04384002834558487
v 1.0507091730005412e-07 0.005951461847871542 -0.04951532930135727
v 1.423238273901006e-07 0.005533379968255758 -0.04748130589723587
v -0.0008095867815427481 0.005349976476281881 -0.04694949835538864
v -0.0008095867815427481 0.005349976476281881 -0.04694949835538864
v 1.423238273901006e-07 0.005533379968255758 -0.04748130589723587
v -7.374301702611773e-08 0.004660212900489569 -0.0455000177025795
v -0.0008095867815427481 0.005349976476281881 -0.04694949835538864
v -7.374301702611773e-08 0.004660212900489569 -0.0455000177025795
v -0.003812714712694287 0.0046925595961511135 -0.0454220250248909
v -0.007606460712850093 -0.0023071940522640944 -0.06331226974725723
v -0.0064520230516791335 -0.002432803390547633 -0.06335362046957016
v -0.0048022111877799025 -0.0001251983776455745 -0.06162898987531662
v -0.0048022111877799025 -0.0001251983776455745 -0.06162898987531662
v -0.0064520230516791335 -0.002432803390547633 -0.06335362046957016
v -0.004817723296582698 -0.002549233613535762 -0.06339206546545029
v -0.0048022111877799025 -0.0001251983776455745 -0.06162898987531662
v -0.004817723296582698 -0.002549233613535762 -0.06339206546545029
v -0.002431779401376843 -0.001756003824993968 -0.06282832473516464
v -0.002431779401376843 -0.001756003824993968 -0.06282832473516464
v -0.004817723296582698 -0.002549233613535762 -0.06339206546545029
v -0.0019321135478094218 -0.002628746209666133 -0.06341809779405594
v -0.002431779401376843 -0.001756003824993968 -0.06282832473516464
v -0.0019321135478094218 -0.002628746209666133 -0.06341809779405594
v 7.627915521446481e-10 -0.002634326694533229 -0.0634199008345604
v -0.017464265227317807 0.001326457830145955 -0.06211518496274948
v -0.017303138971328732 0.0016425859648734331 -0.061847709119319916
v -0.019496284425258633 0.0030096706468611956 -0.06156063824892044
v -0.019496284425258633 0.0030096706468611956 -0.06156063824892044
v -0.017303138971328732 0.0016425859648734331 -0.061847709119319916
v -0.018236480653285977 0.004368202295154333 -0.06000640243291855
v -0.019496284425258633 0.0030096706468611956 -0.06156063824892044
v -0.018236480653285977 0.004368202295154333 -0.06000640243291855
v -0.020073033869266507 0.003581942291930318 -0.06137210875749588
v -0.018236480653285977 0.004368202295154333 -0.06000640243291855
v -0.019092746078968045 0.006974273826926947 -0.05796363204717636
v -0.02043407410383224 0.006606010254472494 -0.059166572988033295
v -0.020073033869266507 0.003581942291930318 -0.06137210875749588
v -0.018236480653285977 0.004368202295154333 -0.06000640243291855
v -0.021536953747272488 0.005269238259643316 -0.060816265642642975
v -0.021536953747272488 0.005269238259643316 -0.060816265642642975
v -0.018236480653285977 0.004368202295154333 -0.06000640243291855
v -0.02043407410383224 0.006606010254472494 -0.059166572988033295
v -0.021536953747272488 0.005269238259643316 -0.060816265642642975
v -0.02043407410383224 0.006606010254472494 -0.059166572988033295
v -0.021839417517185208 0.006199402268975973 -0.060299284756183624
v -0.025047980248928067 0.01585053838789463 -0.05540900677442551
v -0.026600167155265805 0.0165069829672575 -0.057114191353321075
v -0.026108063757419583 0.014588997699320316 -0.05774582177400589
v -0.02747109532356262 0.02252955548465252 -0.05513019114732742
v -0.027080990374088284 0.019021393731236458 -0.056285880506038666
v -0.02672541886568069 0.020410412922501564 -0.05478624254465103
v -0.02672541886568069 0.020410412922501564 -0.05478624254465103
v -0.027080990374088284 0.019021393731236458 -0.056285880506038666
v -0.026974447071552273 0.018376654013991356 -0.05649828165769577
v -0.02672541886568069 0.020410412922501564 -0.05478624254465103
v -0.026974447071552273 0.018376654013991356 -0.05649828165769577
v -0.025248110294342038 0.019073812291026115 -0.052685074508190155
v -0.02662774175405502 0.03589459881186485 -0.04649776965379715
v -0.026608228683471676 0.03403832018375397 -0.05133882910013199
v -0.026787042617797848 0.033258553594350815 -0.04826808720827103
v -0.026787042617797848 0.033258553594350815 -0.04826808720827103
v -0.026608228683471676 0.03403832018375397 -0.05133882910013199
v -0.02722087502479553 0.030587410554289818 -0.05247574299573898
v -0.02662774175405502 0.03589459881186485 -0.04649776965379715
v -0.026787042617797848 0.033258553594350815 -0.04826808720827103
v -0.026825726032257077 0.03672576695680618 -0.04465878754854202
v -0.026825726032257077 0.03672576695680618 -0.04465878754854202
v -0.026787042617797848 0.033258553594350815 -0.04826808720827103
v -0.026877075433731076 0.030608423054218292 -0.046203769743442535
v -0.026825726032257077 0.03672576695680618 -0.04465878754854202
v -0.026877075433731076 0.030608423054218292 -0.046203769743442535
v -0.027311027050018307 0.038100190460681915 -0.041872523725032806
v -0.027672357857227322 0.03653521090745926 -0.04089713841676712
v -0.028665959835052487 0.04082540050148964 -0.036908455193042755
v -0.027560755610466 0.03867790848016739 -0.040770433843135834
v -0.037041217088699334 0.05215306207537651 -0.016700096428394318
v -0.035079054534435265 0.04982098564505577 -0.021493323147296906
v -0.035134032368659966 0.049576546996831894 -0.021380938589572906
v -0.035134032368659966 0.049576546996831894 -0.021380938589572906
v -0.035079054534435265 0.04982098564505577 -0.021493323147296906
v -0.03352715820074081 0.04788350686430931 -0.025007866322994232
v -0.035134032368659966 0.049576546996831894 -0.021380938589572906
v -0.03352715820074081 0.04788350686430931 -0.025007866322994232
v -0.033230707049369805 0.04615650698542595 -0.025743596255779266
v -0.033230707049369805 0.04615650698542595 -0.025743596255779266
v -0.03352715820074081 0.04788350686430931 -0.025007866322994232
v -0.030913628637790676 0.044353749603033066 -0.03097040206193924
v -0.033230707049369805 0.04615650698542595 -0.025743596255779266
v -0.030913628637790676 0.044353749603033066 -0.03097040206193924
v -0.03138914704322814 0.04232951998710632 -0.030007116496562958
v -0.03138914704322814 0.04232951998710632 -0.030007116496562958
v -0.030913628637790676 0.044353749603033066 -0.03097040206193924
v -0.029491007328033444 0.04220419377088547 -0.03455454856157303
v -0.03138914704322814 0.04232951998710632 -0.030007116496562958
v -0.029491007328033444 0.04220419377088547 -0.03455454856157303
v -0.02967133373022079 0.03801542520523071 -0.03432103246450424
v -0.02967133373022079 0.03801542520523071 -0.03432103246450424
v -0.029491007328033444 0.04220419377088547 -0.03455454856157303
v -0.028665959835052487 0.04082540050148964 -0.036908455193042755
v -0.02967133373022079 0.03801542520523071 -0.03432103246450424
v -0.028665959835052487 0.04082540050148964 -0.036908455193042755
v -0.028084248304367062 0.03319781646132469 -0.03895240277051926
v -0.028084248304367062 0.03319781646132469 -0.03895240277051926
v -0.028665959835052487 0.04082540050148964 -0.036908455193042755
v -0.027672357857227322 0.03653521090745926 -0.04089713841676712
v -0.04010058939456939 0.05523478984832764 -0.005515658296644688
v -0.040087036788463586 0.05555984750390053 -0.00558196846395731
v -0.03918094187974929 0.054572876542806625 -0.010052659548819065
v -0.04050000011920928 0.04183216765522957 1.5575901102238277e-07
v -0.04050000011920928 0.05004497990012169 1.7066017221623042e-07
v -0.040433652698993676 0.048012763261795044 -0.0022307715844362974
v -0.040433652698993676 0.048012763261795044 -0.0022307715844362974
v -0.04050000011920928 0.05004497990012169 1.7066017221623042e-07
v -0.04050010442733764 0.05600018426775932 2.0046249460392573e-07
v -0.040433652698993676 0.048012763261795044 -0.0022307715844362974
v -0.04050010442733764 0.05600018426775932 2.0046249460392573e-07
v -0.04036292433738708 0.055854834616184235 -0.003227048320695758
v -0.040087036788463586 0.05555984750390053 -0.00558196846395731
v -0.04010058939456939 0.05523478984832764 -0.005515658296644688
v -0.04036292433738708 0.055854834616184235 -0.003227048320695758
v -0.04050000011920928 0.039849430322647095 1.408578498285351e-07
v -0.04049084335565566 0.027498824521899223 -0.0007843158673495054
v -0.04050000011920928 0.039849430322647095 1.408578498285351e-07
v -0.040304824709892266 0.03590143471956253 -0.0037406019400805235
v -0.04049084335565566 0.027498824521899223 -0.0007843158673495054
v -0.040304824709892266 0.03590143471956253 -0.0037406019400805235
v -0.040099121630191796 0.022686688229441643 -0.005404838360846043
v -0.03965052217245101 -0.0064710103906691074 -0.008277648128569126
v -0.040287971496582024 -0.0064710103906691074 -0.004173525609076023
v -0.04022585600614547 -0.0005528877954930067 -0.004701563157141209
v -0.04022585600614547 -0.0005528877954930067 -0.004701563157141209
v -0.040287971496582024 -0.0064710103906691074 -0.004173525609076023
v -0.040398441255092614 -0.0064710103906691074 -0.002898462815210223
v -0.04022585600614547 -0.0005528877954930067 -0.004701563157141209
v -0.040398441255092614 -0.0064710103906691074 -0.002898462815210223
v -0.0404999554157257 -0.0064710103906691074 6.747394643014104e-09
v -0.032899007201194756 -0.004347170237451792 -0.023737959563732147
v -0.033006548881530755 -0.0064710103906691074 -0.02356024831533432
v -0.035277858376502984 -0.0064710103906691074 -0.01992648094892502
v -0.028990447521209713 -0.0064710103906691074 -0.028515823185443878
v -0.029524721205234524 -0.0064710103906691074 -0.027937404811382294
v -0.029497973620891568 -0.006335320416837931 -0.027971170842647552
v -0.029497973620891568 -0.006335320416837931 -0.027971170842647552
v -0.029524721205234524 -0.0064710103906691074 -0.027937404811382294
v -0.03037898242473602 -0.0064710103906691074 -0.026966698467731476
v -0.029497973620891568 -0.006335320416837931 -0.027971170842647552
v -0.03037898242473602 -0.0064710103906691074 -0.026966698467731476
v -0.031286641955375664 -0.005453633610159159 -0.02588783949613571
v -0.031286641955375664 -0.005453633610159159 -0.02588783949613571
v -0.03037898242473602 -0.0064710103906691074 -0.026966698467731476
v -0.033006548881530755 -0.0064710103906691074 -0.02356024831533432
v -0.024687804281711575 -0.0022255207877606153 -0.03289058059453964
v -0.024196572601795193 -0.0064710103906691074 -0.032877273857593536
v -0.02682920545339584 -0.001767641631886363 -0.030990295112133026
v -0.02682920545339584 -0.001767641631886363 -0.030990295112133026
v -0.024196572601795193 -0.0064710103906691074 -0.032877273857593536
v -0.027404427528381344 -0.0064710103906691074 -0.030115686357021332
v -0.02682920545339584 -0.001767641631886363 -0.030990295112133026
v -0.027404427528381344 -0.0064710103906691074 -0.030115686357021332
v -0.027443155646324154 -0.0064710103906691074 -0.030078597366809845
v -0.0011949084000661967 -0.0046457150019705296 -0.040488190948963165
v 8.213372204579626e-09 -0.0039999582804739475 -0.040500156581401825
v 7.627915521446481e-10 -0.004379498306661844 -0.0405002161860466
v -0.000888339418452233 0.0028841656167060137 -0.05851650983095169
v -0.0034801654983311887 0.004003243055194616 -0.05701447278261185
v -0.002795546548441052 0.0014335860032588243 -0.06016554683446884
v -0.002795546548441052 0.0014335860032588243 -0.06016554683446884
v -0.0034801654983311887 0.004003243055194616 -0.05701447278261185
v -0.005203603766858577 0.002852884354069829 -0.05869000405073166
v -0.002795546548441052 0.0014335860032588243 -0.06016554683446884
v -0.005203603766858577 0.002852884354069829 -0.05869000405073166
v -0.0048022111877799025 -0.0001251983776455745 -0.06162898987531662
v -0.0048022111877799025 -0.0001251983776455745 -0.06162898987531662
v -0.005203603766858577 0.002852884354069829 -0.05869000405073166
v -0.007019459269940852 0.001584203215315938 -0.06018994003534317
v -0.0048022111877799025 -0.0001251983776455745 -0.06162898987531662
v -0.007019459269940852 0.001584203215315938 -0.06018994003534317
v -0.007606460712850093 -0.0023071940522640944 -0.06331226974725723
v -0.007606460712850093 -0.0023071940522640944 -0.06331226974725723
v -0.007019459269940852 0.001584203215315938 -0.06018994003534317
v -0.008916719816625117 0.00023778645845595747 -0.0615348294377327
v -0.007606460712850093 -0.0023071940522640944 -0.06331226974725723
v -0.008916719816625117 0.00023778645845595747 -0.0615348294377327
v -0.009619846008718012 -0.0019802215974777937 -0.06320444494485855
v -0.009619846008718012 -0.0019802215974777937 -0.06320444494485855
v -0.008916719816625117 0.00023778645845595747 -0.0615348294377327
v -0.010885073803365229 -0.0011567871551960707 -0.06274870783090591
v -0.009619846008718012 -0.0019802215974777937 -0.06320444494485855
v -0.010885073803365229 -0.0011567871551960707 -0.06274870783090591
v -0.012438266538083552 -0.001231237081810832 -0.06295765191316605
v -0.005921273492276668 0.005073470529168844 -0.05520971864461899
v -0.008210807107388972 0.005969693418592215 -0.05320175737142563
v -0.007452799938619136 0.00425723334774375 -0.056931935250759125
v -0.007452799938619136 0.00425723334774375 -0.056931935250759125
v -0.008210807107388972 0.005969693418592215 -0.05320175737142563
v -0.009545511566102503 0.005531327333301306 -0.05495312064886093
v -0.007452799938619136 0.00425723334774375 -0.056931935250759125
v -0.009545511566102503 0.005531327333301306 -0.05495312064886093
v -0.009070306085050104 0.003301785560324788 -0.0584895983338356
v -0.009070306085050104 0.003301785560324788 -0.0584895983338356
v -0.009545511566102503 0.005531327333301306 -0.05495312064886093
v -0.010960481129586695 0.004925852175801992 -0.056565605103969574
v -0.009070306085050104 0.003301785560324788 -0.0584895983338356
v -0.010960481129586695 0.004925852175801992 -0.056565605103969574
v -0.010765216313302515 0.0022548374254256487 -0.0599028542637825
v -0.010765216313302515 0.0022548374254256487 -0.0599028542637825
v -0.010960481129586695 0.004925852175801992 -0.056565605103969574
v -0.01244924124330282 0.004204282071441412 -0.05804785341024399
v -0.010765216313302515 0.0022548374254256487 -0.0599028542637825
v -0.01244924124330282 0.004204282071441412 -0.05804785341024399
v -0.012529230676591395 0.0011490185279399157 -0.061192624270915985
v -0.012529230676591395 0.0011490185279399157 -0.061192624270915985
v -0.01244924124330282 0.004204282071441412 -0.05804785341024399
v -0.014005786739289759 0.003402636619284749 -0.05941338092088699
v -0.012529230676591395 0.0011490185279399157 -0.061192624270915985
v -0.014005786739289759 0.003402636619284749 -0.05941338092088699
v -0.014355286024510859 3.5029545415454777e-06 -0.06237780302762985
v -0.014355286024510859 3.5029545415454777e-06 -0.06237780302762985
v -0.014005786739289759 0.003402636619284749 -0.05941338092088699
v -0.015625029802322384 0.002544199349358678 -0.06067604571580887
v -0.008210807107388972 0.005969693418592215 -0.05320175737142563
v -0.010369560681283472 0.006678236182779074 -0.05115353316068649
v -0.009545511566102503 0.005531327333301306 -0.05495312064886093
v -0.009545511566102503 0.005531327333301306 -0.05495312064886093
v -0.010369560681283472 0.006678236182779074 -0.05115353316068649
v -0.011505275033414362 0.00662968447431922 -0.052877314388751984
v -0.009545511566102503 0.005531327333301306 -0.05495312064886093
v -0.011505275033414362 0.00662968447431922 -0.052877314388751984
v -0.010960481129586695 0.004925852175801992 -0.056565605103969574
v -0.010960481129586695 0.004925852175801992 -0.056565605103969574
v -0.011505275033414362 0.00662968447431922 -0.052877314388751984
v -0.012716627679765223 0.006393668707460165 -0.05450298637151718
v -0.010960481129586695 0.004925852175801992 -0.056565605103969574
v -0.012716627679765223 0.006393668707460165 -0.05450298637151718
v -0.01244924124330282 0.004204282071441412 -0.05804785341024399
v -0.01244924124330282 0.004204282071441412 -0.05804785341024399
v -0.012716627679765223 0.006393668707460165 -0.05450298637151718
v -0.01399885769933462 0.006017652805894613 -0.05602455884218216
v -0.01244924124330282 0.004204282071441412 -0.05804785341024399
v -0.01399885769933462 0.006017652805894613 -0.05602455884218216
v -0.014005786739289759 0.003402636619284749 -0.05941338092088699
v -0.014005786739289759 0.003402636619284749 -0.05941338092088699
v -0.01399885769933462 0.006017652805894613 -0.05602455884218216
v -0.015348016284406183 0.005538312252610922 -0.057444654405117035
v -0.014005786739289759 0.003402636619284749 -0.05941338092088699
v -0.015348016284406183 0.005538312252610922 -0.057444654405117035
v -0.015625029802322384 0.002544199349358678 -0.06067604571580887
v -0.015625029802322384 0.002544199349358678 -0.06067604571580887
v -0.015348016284406183 0.005538312252610922 -0.057444654405117035
v -0.016761131584644314 0.0049822679720819 -0.058769576251506805
v -0.010369560681283472 0.006678236182779074 -0.05115353316068649
v -0.012429184280335901 0.007257269229739904 -0.049149222671985626
v -0.011505275033414362 0.00662968447431922 -0.052877314388751984
v -0.011505275033414362 0.00662968447431922 -0.052877314388751984
v -0.012429184280335901 0.007257269229739904 -0.049149222671985626
v -0.01336806174367666 0.007578560616821051 -0.050789378583431244
v -0.011505275033414362 0.00662968447431922 -0.052877314388751984
v -0.01336806174367666 0.007578560616821051 -0.050789378583431244
v -0.012716627679765223 0.006393668707460165 -0.05450298637151718
v -0.012716627679765223 0.006393668707460165 -0.05450298637151718
v -0.01336806174367666 0.007578560616821051 -0.050789378583431244
v -0.014379038475453852 0.007705723401159048 -0.052375562489032745
v -0.012716627679765223 0.006393668707460165 -0.05450298637151718
v -0.014379038475453852 0.007705723401159048 -0.052375562489032745
v -0.01399885769933462 0.006017652805894613 -0.05602455884218216
v -0.01399885769933462 0.006017652805894613 -0.05602455884218216
v -0.014379038475453852 0.007705723401159048 -0.052375562489032745
v -0.015458769164979456 0.007678167428821325 -0.0538908913731575
v -0.01399885769933462 0.006017652805894613 -0.05602455884218216
v -0.015458769164979456 0.007678167428821325 -0.0538908913731575
v -0.015348016284406183 0.005538312252610922 -0.057444654405117035
v -0.015348016284406183 0.005538312252610922 -0.057444654405117035
v -0.015458769164979456 0.007678167428821325 -0.0538908913731575
v -0.016604959964752194 0.007529751863330603 -0.05532792955636978
v -0.015348016284406183 0.005538312252610922 -0.057444654405117035
v -0.016604959964752194 0.007529751863330603 -0.05532792955636978
v -0.016761131584644314 0.0049822679720819 -0.058769576251506805
v -0.016761131584644314 0.0049822679720819 -0.058769576251506805
v -0.016604959964752194 0.007529751863330603 -0.05532792955636978
v -0.017816379666328427 0.00728789484128356 -0.056685008108615875
v -0.0034801654983311887 0.004003243055194616 -0.05701447278261185
v -0.005921273492276668 0.005073470529168844 -0.05520971864461899
v -0.005203603766858577 0.002852884354069829 -0.05869000405073166
v -0.005203603766858577 0.002852884354069829 -0.05869000405073166
v -0.005921273492276668 0.005073470529168844 -0.05520971864461899
v -0.007452799938619136 0.00425723334774375 -0.056931935250759125
v -0.005203603766858577 0.002852884354069829 -0.05869000405073166
v -0.007452799938619136 0.00425723334774375 -0.056931935250759125
v -0.007019459269940852 0.001584203215315938 -0.06018994003534317
v -0.007019459269940852 0.001584203215315938 -0.06018994003534317
v -0.007452799938619136 0.00425723334774375 -0.056931935250759125
v -0.009070306085050104 0.003301785560324788 -0.0584895983338356
v -0.007019459269940852 0.001584203215315938 -0.06018994003534317
v -0.009070306085050104 0.003301785560324788 -0.0584895983338356
v -0.008916719816625117 0.00023778645845595747 -0.0615348294377327
v -0.008916719816625117 0.00023778645845595747 -0.0615348294377327
v -0.009070306085050104 0.003301785560324788 -0.0584895983338356
v -0.010765216313302515 0.0022548374254256487 -0.0599028542637825
v -0.008916719816625117 0.00023778645845595747 -0.0615348294377327
v -0.010765216313302515 0.0022548374254256487 -0.0599028542637825
v -0.010885073803365229 -0.0011567871551960707 -0.06274870783090591
v -0.010885073803365229 -0.0011567871551960707 -0.06274870783090591
v -0.010765216313302515 0.0022548374254256487 -0.0599028542637825
v -0.012529230676591395 0.0011490185279399157 -0.061192624270915985
v -0.010885073803365229 -0.0011567871551960707 -0.06274870783090591
v -0.012529230676591395 0.0011490185279399157 -0.061192624270915985
v -0.012438266538083552 -0.001231237081810832 -0.06295765191316605
v -0.012438266538083552 -0.001231237081810832 -0.06295765191316605
v -0.012529230676591395 0.0011490185279399157 -0.061192624270915985
v -0.014355286024510859 3.5029545415454777e-06 -0.06237780302762985
v -0.012438266538083552 -0.001231237081810832 -0.06295765191316605
v -0.014355286024510859 3.5029545415454777e-06 -0.06237780302762985
v -0.01502495165914297 -0.0001509624853497371 -0.06260203570127487
v -0.01502495165914297 -0.0001509624853497371 -0.06260203570127487
v -0.014355286024510859 3.5029545415454777e-06 -0.06237780302762985
v -0.015625029802322384 0.002544199349358678 -0.06067604571580887
v -0.01502495165914297 -0.0001509624853497371 -0.06260203570127487
v -0.015625029802322384 0.002544199349358678 -0.06067604571580887
v -0.017303138971328732 0.0016425859648734331 -0.061847709119319916
v -0.017303138971328732 0.0016425859648734331 -0.061847709119319916
v -0.015625029802322384 0.002544199349358678 -0.06067604571580887
v -0.016761131584644314 0.0049822679720819 -0.058769576251506805
v -0.017303138971328732 0.0016425859648734331 -0.061847709119319916
v -0.016761131584644314 0.0049822679720819 -0.058769576251506805
v -0.018236480653285977 0.004368202295154333 -0.06000640243291855
v -0.018236480653285977 0.004368202295154333 -0.06000640243291855
v -0.016761131584644314 0.0049822679720819 -0.058769576251506805
v -0.017816379666328427 0.00728789484128356 -0.056685008108615875
v -0.018236480653285977 0.004368202295154333 -0.06000640243291855
v -0.017816379666328427 0.00728789484128356 -0.056685008108615875
v -0.019092746078968045 0.006974273826926947 -0.05796363204717636
v -0.023950338363647457 0.00907487515360117 -0.0595628097653389
v -0.023295618593692776 0.007878479547798634 -0.05995694547891617
v -0.0222809761762619 0.009263944812119007 -0.058130018413066864
v -0.0222809761762619 0.009263944812119007 -0.058130018413066864
v -0.023295618593692776 0.007878479547798634 -0.05995694547891617
v -0.021839417517185208 0.006199402268975973 -0.060299284756183624
v -0.0222809761762619 0.009263944812119007 -0.058130018413066864
v -0.021839417517185208 0.006199402268975973 -0.060299284756183624
v -0.021069116890430447 0.009379074908792973 -0.05696552246809006
v -0.021069116890430447 0.009379074908792973 -0.05696552246809006
v -0.021839417517185208 0.006199402268975973 -0.060299284756183624
v -0.02043407410383224 0.006606010254472494 -0.059166572988033295
v -0.021069116890430447 0.009379074908792973 -0.05696552246809006
v -0.02043407410383224 0.006606010254472494 -0.059166572988033295
v -0.019921764731407162 0.009449095465242863 -0.055739469826221466
v -0.019921764731407162 0.009449095465242863 -0.055739469826221466
v -0.02043407410383224 0.006606010254472494 -0.059166572988033295
v -0.019092746078968045 0.006974273826926947 -0.05796363204717636
v -0.019921764731407162 0.009449095465242863 -0.055739469826221466
v -0.019092746078968045 0.006974273826926947 -0.05796363204717636
v -0.018839977681636807 0.009456419385969639 -0.05444961041212082
v -0.018839977681636807 0.009456419385969639 -0.05444961041212082
v -0.019092746078968045 0.006974273826926947 -0.05796363204717636
v -0.017816379666328427 0.00728789484128356 -0.056685008108615875
v -0.018839977681636807 0.009456419385969639 -0.05444961041212082
v -0.017816379666328427 0.00728789484128356 -0.056685008108615875
v -0.017823778092861172 0.009382122196257114 -0.05309657007455826
v -0.017823778092861172 0.009382122196257114 -0.05309657007455826
v -0.017816379666328427 0.00728789484128356 -0.056685008108615875
v -0.016604959964752194 0.007529751863330603 -0.05532792955636978
v -0.017823778092861172 0.009382122196257114 -0.05309657007455826
v -0.016604959964752194 0.007529751863330603 -0.05532792955636978
v -0.016872927546501156 0.009203926660120487 -0.05168374627828598
v -0.016872927546501156 0.009203926660120487 -0.05168374627828598
v -0.016604959964752194 0.007529751863330603 -0.05532792955636978
v -0.015458769164979456 0.007678167428821325 -0.0538908913731575
v -0.016872927546501156 0.009203926660120487 -0.05168374627828598
v -0.015458769164979456 0.007678167428821325 -0.0538908913731575
v -0.01598776131868362 0.008896001614630222 -0.0502188578248024
v -0.01598776131868362 0.008896001614630222 -0.0502188578248024
v -0.015458769164979456 0.007678167428821325 -0.0538908913731575
v -0.014379038475453852 0.007705723401159048 -0.052375562489032745
v -0.01598776131868362 0.008896001614630222 -0.0502188578248024
v -0.014379038475453852 0.007705723401159048 -0.052375562489032745
v -0.015169485472142695 0.008429289795458317 -0.0487157478928566
v -0.015169485472142695 0.008429289795458317 -0.0487157478928566
v -0.014379038475453852 0.007705723401159048 -0.052375562489032745
v -0.01336806174367666 0.007578560616821051 -0.050789378583431244
v -0.015169485472142695 0.008429289795458317 -0.0487157478928566
v -0.01336806174367666 0.007578560616821051 -0.050789378583431244
v -0.014420374296605585 0.0077729723416268826 -0.04719654470682144
v -0.014420374296605585 0.0077729723416268826 -0.04719654470682144
v -0.01336806174367666 0.007578560616821051 -0.050789378583431244
v -0.012429184280335901 0.007257269229739904 -0.049149222671985626
v -0.02076008170843124 0.012173560447990894 -0.04357408732175827
v -0.021576538681983944 0.014372696168720722 -0.04591909795999527
v -0.019694596529006955 0.011992228217422962 -0.04710426181554794
v -0.024939522147178646 0.012477499432861805 -0.05796109884977341
v -0.024858064949512478 0.011024841107428074 -0.058920152485370636
v -0.022739350795745846 0.012202818877995014 -0.0557527020573616
v -0.022739350795745846 0.012202818877995014 -0.0557527020573616
v -0.024858064949512478 0.011024841107428074 -0.058920152485370636
v -0.0222809761762619 0.009263944812119007 -0.058130018413066864
v -0.022739350795745846 0.012202818877995014 -0.0557527020573616
v -0.0222809761762619 0.009263944812119007 -0.058130018413066864
v -0.021721497178077694 0.012024198658764362 -0.05457990616559982
v -0.021721497178077694 0.012024198658764362 -0.05457990616559982
v -0.0222809761762619 0.009263944812119007 -0.058130018413066864
v -0.021069116890430447 0.009379074908792973 -0.05696552246809006
v -0.021721497178077694 0.012024198658764362 -0.05457990616559982
v -0.021069116890430447 0.009379074908792973 -0.05696552246809006
v -0.02076504379510879 0.0117959538474679 -0.05335826426744461
v -0.02076504379510879 0.0117959538474679 -0.05335826426744461
v -0.021069116890430447 0.009379074908792973 -0.05696552246809006
v -0.019921764731407162 0.009449095465242863 -0.055739469826221466
v -0.02076504379510879 0.0117959538474679 -0.05335826426744461
v -0.019921764731407162 0.009449095465242863 -0.055739469826221466
v -0.01987187564373016 0.011500460095703602 -0.052088283002376556
v -0.01987187564373016 0.011500460095703602 -0.052088283002376556
v -0.019921764731407162 0.009449095465242863 -0.055739469826221466
v -0.018839977681636807 0.009456419385969639 -0.05444961041212082
v -0.01987187564373016 0.011500460095703602 -0.052088283002376556
v -0.018839977681636807 0.009456419385969639 -0.05444961041212082
v -0.019042365252971646 0.011118394322693348 -0.050773151218891144
v -0.019042365252971646 0.011118394322693348 -0.050773151218891144
v -0.018839977681636807 0.009456419385969639 -0.05444961041212082
v -0.017823778092861172 0.009382122196257114 -0.05309657007455826
v -0.019042365252971646 0.011118394322693348 -0.050773151218891144
v -0.017823778092861172 0.009382122196257114 -0.05309657007455826
v -0.018276594579219815 0.010628663934767246 -0.04941955953836441
v -0.018276594579219815 0.010628663934767246 -0.04941955953836441
v -0.017823778092861172 0.009382122196257114 -0.05309657007455826
v -0.016872927546501156 0.009203926660120487 -0.05168374627828598
v -0.018276594579219815 0.010628663934767246 -0.04941955953836441
v -0.016872927546501156 0.009203926660120487 -0.05168374627828598
v -0.017574757337570187 0.010008429177105427 -0.048038505017757416
v -0.017574757337570187 0.010008429177105427 -0.048038505017757416
v -0.016872927546501156 0.009203926660120487 -0.05168374627828598
v -0.01598776131868362 0.008896001614630222 -0.0502188578248024
v -0.017574757337570187 0.010008429177105427 -0.048038505017757416
v -0.01598776131868362 0.008896001614630222 -0.0502188578248024
v -0.016937620937824246 0.009233866818249226 -0.04664631932973862
v -0.016937620937824246 0.009233866818249226 -0.04664631932973862
v -0.01598776131868362 0.008896001614630222 -0.0502188578248024
v -0.015169485472142695 0.008429289795458317 -0.0487157478928566
v -0.016937620937824246 0.009233866818249226 -0.04664631932973862
v -0.015169485472142695 0.008429289795458317 -0.0487157478928566
v -0.016366727650165554 0.00828151497989893 -0.04526545852422714
v -0.016366727650165554 0.00828151497989893 -0.04526545852422714
v -0.015169485472142695 0.008429289795458317 -0.0487157478928566
v -0.014420374296605585 0.0077729723416268826 -0.04719654470682144
v -0.025047980248928067 0.01585053838789463 -0.05540900677442551
v -0.023252464830875393 0.01501153502613306 -0.05319718271493912
v -0.023852102458477017 0.017695115879178047 -0.050508417189121246
v -0.023852102458477017 0.017695115879178047 -0.050508417189121246
v -0.023252464830875393 0.01501153502613306 -0.05319718271493912
v -0.021654985845088955 0.014029034413397312 -0.05084940046072006
v -0.023852102458477017 0.017695115879178047 -0.050508417189121246
v -0.021654985845088955 0.014029034413397312 -0.05084940046072006
v -0.022613935172557827 0.01616915501654148 -0.048248209059238434
v -0.022613935172557827 0.01616915501654148 -0.048248209059238434
v -0.021654985845088955 0.014029034413397312 -0.05084940046072006
v -0.020941793918609616 0.013443377800285816 -0.04962591081857681
v -0.022613935172557827 0.01616915501654148 -0.048248209059238434
v -0.020941793918609616 0.013443377800285816 -0.04962591081857681
v -0.021576538681983944 0.014372696168720722 -0.04591909795999527
v -0.021576538681983944 0.014372696168720722 -0.04591909795999527
v -0.020941793918609616 0.013443377800285816 -0.04962591081857681
v -0.02028805017471313 0.012770810164511204 -0.04837483912706375
v -0.021576538681983944 0.014372696168720722 -0.04591909795999527
v -0.02028805017471313 0.012770810164511204 -0.04837483912706375
v -0.019694596529006955 0.011992228217422962 -0.04710426181554794
v -0.027547664940357205 0.025820596143603325 -0.054007939994335175
v -0.02747109532356262 0.02252955548465252 -0.05513019114732742
v -0.02661722898483276 0.02398320846259594 -0.051941417157649994
v -0.02661722898483276 0.02398320846259594 -0.051941417157649994
v -0.02747109532356262 0.02252955548465252 -0.05513019114732742
v -0.02672541886568069 0.020410412922501564 -0.05478624254465103
v -0.02661722898483276 0.02398320846259594 -0.051941417157649994
v -0.02672541886568069 0.020410412922501564 -0.05478624254465103
v -0.025578632950782772 0.022151721641421318 -0.04985783249139786
v -0.025578632950782772 0.022151721641421318 -0.04985783249139786
v -0.02672541886568069 0.020410412922501564 -0.05478624254465103
v -0.025248110294342038 0.019073812291026115 -0.052685074508190155
v -0.025578632950782772 0.022151721641421318 -0.04985783249139786
v -0.025248110294342038 0.019073812291026115 -0.052685074508190155
v -0.024560555815696713 0.020268896594643593 -0.04774422198534012
v -0.025626890361309048 0.011942488141357899 -0.03498706966638565
v -0.02556555718183517 0.015728017315268517 -0.036666177213191986
v -0.02236787229776382 0.01329424325376749 -0.041287265717983246
v -0.02236787229776382 0.01329424325376749 -0.041287265717983246
v -0.02556555718183517 0.015728017315268517 -0.036666177213191986
v -0.024284079670906063 0.017538676038384438 -0.040932200849056244
v -0.02236787229776382 0.01329424325376749 -0.041287265717983246
v -0.024284079670906063 0.017538676038384438 -0.040932200849056244
v -0.022911511361598965 0.01595361717045307 -0.04342874139547348
v -0.022911511361598965 0.01595361717045307 -0.04342874139547348
v -0.024284079670906063 0.017538676038384438 -0.040932200849056244
v -0.024765886366367337 0.02026519738137722 -0.042940057814121246
v -0.022911511361598965 0.01595361717045307 -0.04342874139547348
v -0.024765886366367337 0.02026519738137722 -0.042940057814121246
v -0.0236528068780899 0.01824028231203556 -0.04559642821550369
v -0.0236528068780899 0.01824028231203556 -0.04559642821550369
v -0.024765886366367337 0.02026519738137722 -0.042940057814121246
v -0.025378622114658352 0.022750845178961754 -0.0449669286608696
v -0.0236528068780899 0.01824028231203556 -0.04559642821550369
v -0.025378622114658352 0.022750845178961754 -0.0449669286608696
v -0.024560555815696713 0.020268896594643593 -0.04774422198534012
v -0.024560555815696713 0.020268896594643593 -0.04774422198534012
v -0.025378622114658352 0.022750845178961754 -0.0449669286608696
v -0.02605032920837402 0.02509557269513607 -0.047003500163555145
v -0.024560555815696713 0.020268896594643593 -0.04774422198534012
v -0.02605032920837402 0.02509557269513607 -0.047003500163555145
v -0.025578632950782772 0.022151721641421318 -0.04985783249139786
v -0.025578632950782772 0.022151721641421318 -0.04985783249139786
v -0.02605032920837402 0.02509557269513607 -0.047003500163555145
v -0.02666893601417541 0.027382565662264824 -0.04905276745557785
v -0.025578632950782772 0.022151721641421318 -0.04985783249139786
v -0.02666893601417541 0.027382565662264824 -0.04905276745557785
v -0.02661722898483276 0.02398320846259594 -0.051941417157649994
v -0.02661722898483276 0.02398320846259594 -0.051941417157649994
v -0.02666893601417541 0.027382565662264824 -0.04905276745557785
v -0.02708225697278976 0.02965177409350872 -0.05112694948911667
v -0.02661722898483276 0.02398320846259594 -0.051941417157649994
v -0.02708225697278976 0.02965177409350872 -0.05112694948911667
v -0.027547664940357205 0.025820596143603325 -0.054007939994335175
v -0.027547664940357205 0.025820596143603325 -0.054007939994335175
v -0.02708225697278976 0.02965177409350872 -0.05112694948911667
v -0.02753796428442001 0.02673795260488987 -0.053743742406368256
v -0.027547664940357205 0.025820596143603325 -0.054007939994335175
v -0.02753796428442001 0.02673795260488987 -0.053743742406368256
v -0.027559101581573483 0.024713175371289253 -0.05441058427095413
v -0.02556555718183517 0.015728017315268517 -0.036666177213191986
v -0.025675289332866665 0.019146787002682686 -0.03845899552106857
v -0.024284079670906063 0.017538676038384438 -0.040932200849056244
v -0.024284079670906063 0.017538676038384438 -0.040932200849056244
v -0.025675289332866665 0.019146787002682686 -0.03845899552106857
v -0.025932654738426205 0.022262318059802055 -0.04032393544912338
v -0.024284079670906063 0.017538676038384438 -0.040932200849056244
v -0.025932654738426205 0.022262318059802055 -0.04032393544912338
v -0.024765886366367337 0.02026519738137722 -0.042940057814121246
v -0.024765886366367337 0.02026519738137722 -0.042940057814121246
v -0.025932654738426205 0.022262318059802055 -0.04032393544912338
v -0.026286244392395016 0.02515607886016369 -0.04223696142435074
v -0.024765886366367337 0.02026519738137722 -0.042940057814121246
v -0.026286244392395016 0.02515607886016369 -0.04223696142435074
v -0.025378622114658352 0.022750845178961754 -0.0449669286608696
v -0.025378622114658352 0.022750845178961754 -0.0449669286608696
v -0.026286244392395016 0.02515607886016369 -0.04223696142435074
v -0.026647083461284634 0.02791409008204937 -0.04419540613889694
v -0.025378622114658352 0.022750845178961754 -0.0449669286608696
v -0.026647083461284634 0.02791409008204937 -0.04419540613889694
v -0.02605032920837402 0.02509557269513607 -0.047003500163555145
v -0.02605032920837402 0.02509557269513607 -0.047003500163555145
v -0.026647083461284634 0.02791409008204937 -0.04419540613889694
v -0.026877075433731076 0.030608423054218292 -0.046203769743442535
v -0.02605032920837402 0.02509557269513607 -0.047003500163555145
v -0.026877075433731076 0.030608423054218292 -0.046203769743442535
v -0.02666893601417541 0.027382565662264824 -0.04905276745557785
v -0.02666893601417541 0.027382565662264824 -0.04905276745557785
v -0.026877075433731076 0.030608423054218292 -0.046203769743442535
v -0.026787042617797848 0.033258553594350815 -0.04826808720827103
v -0.02666893601417541 0.027382565662264824 -0.04905276745557785
v -0.026787042617797848 0.033258553594350815 -0.04826808720827103
v -0.02708225697278976 0.02965177409350872 -0.05112694948911667
v -0.02708225697278976 0.02965177409350872 -0.05112694948911667
v -0.026787042617797848 0.033258553594350815 -0.04826808720827103
v -0.02722087502479553 0.030587410554289818 -0.05247574299573898
v -0.02708225697278976 0.02965177409350872 -0.05112694948911667
v -0.02722087502479553 0.030587410554289818 -0.05247574299573898
v -0.02753796428442001 0.02673795260488987 -0.053743742406368256
v -0.02861702442169189 0.018492409959435463 -0.03209812194108963
v -0.03187833726406097 0.017023520544171333 -0.026256807148456573
v -0.028417997062206265 0.022474361583590508 -0.033676616847515106
v -0.028239369392395016 0.029774963855743408 -0.037105493247509
v -0.028312809765338894 0.026218364015221596 -0.03534821420907974
v -0.030981250107288357 0.025951562449336052 -0.02915731817483902
v -0.028312809765338894 0.026218364015221596 -0.03534821420907974
v -0.028417997062206265 0.022474361583590508 -0.033676616847515106
v -0.030981250107288357 0.025951562449336052 -0.02915731817483902
v -0.030981250107288357 0.025951562449336052 -0.02915731817483902
v -0.028417997062206265 0.022474361583590508 -0.033676616847515106
v -0.03187833726406097 0.017023520544171333 -0.026256807148456573
v -0.030981250107288357 0.025951562449336052 -0.02915731817483902
v -0.03187833726406097 0.017023520544171333 -0.026256807148456573
v -0.03330912441015243 0.0295205507427454 -0.024808339774608612
v -0.03330912441015243 0.0295205507427454 -0.024808339774608612
v -0.03187833726406097 0.017023520544171333 -0.026256807148456573
v -0.034416027367115014 0.020230839028954506 -0.02187616378068924
v -0.03330912441015243 0.0295205507427454 -0.024808339774608612
v -0.034416027367115014 0.020230839028954506 -0.02187616378068924
v -0.03539855033159255 0.033122383058071136 -0.02048792690038681
v -0.03539855033159255 0.033122383058071136 -0.02048792690038681
v -0.034416027367115014 0.020230839028954506 -0.02187616378068924
v -0.03655052185058593 0.02377469651401043 -0.017448388040065765
v -0.03539855033159255 0.033122383058071136 -0.02048792690038681
v -0.03655052185058593 0.02377469651401043 -0.017448388040065765
v -0.037240982055664056 0.03673312067985535 -0.016083471477031708
v -0.037240982055664056 0.03673312067985535 -0.016083471477031708
v -0.03655052185058593 0.02377469651401043 -0.017448388040065765
v -0.03827806562185287 0.02758653648197651 -0.01294104102998972
v -0.037240982055664056 0.03673312067985535 -0.016083471477031708
v -0.03827806562185287 0.02758653648197651 -0.01294104102998972
v -0.038770906627178185 0.04038309305906296 -0.011554532684385777
v -0.04036292433738708 0.055854834616184235 -0.003227048320695758
v -0.04010058939456939 0.05523478984832764 -0.005515658296644688
v -0.040433652698993676 0.048012763261795044 -0.0022307715844362974
v -0.040433652698993676 0.048012763261795044 -0.0022307715844362974
v -0.04010058939456939 0.05523478984832764 -0.005515658296644688
v -0.03986945003271102 0.0441260002553463 -0.006914415396749973
v -0.040433652698993676 0.048012763261795044 -0.0022307715844362974
v -0.03986945003271102 0.0441260002553463 -0.006914415396749973
v -0.04050000011920928 0.04183216765522957 1.5575901102238277e-07
v -0.039135180413722985 0.05196430906653404 -0.010329612530767918
v -0.03769195079803466 0.04873615875840187 -0.015023224987089634
v -0.038770906627178185 0.04038309305906296 -0.011554532684385777
v -0.038770906627178185 0.04038309305906296 -0.011554532684385777
v -0.03769195079803466 0.04873615875840187 -0.015023224987089634
v -0.037240982055664056 0.03673312067985535 -0.016083471477031708
v -0.037240982055664056 0.03673312067985535 -0.016083471477031708
v -0.03769195079803466 0.04873615875840187 -0.015023224987089634
v -0.03595337271690368 0.045439712703228 -0.0195440873503685
v -0.037240982055664056 0.03673312067985535 -0.016083471477031708
v -0.03595337271690368 0.045439712703228 -0.0195440873503685
v -0.03539855033159255 0.033122383058071136 -0.02048792690038681
v -0.03539855033159255 0.033122383058071136 -0.02048792690038681
v -0.03595337271690368 0.045439712703228 -0.0195440873503685
v -0.03407206386327743 0.04196521267294884 -0.023906461894512177
v -0.03539855033159255 0.033122383058071136 -0.02048792690038681
v -0.03407206386327743 0.04196521267294884 -0.023906461894512177
v -0.03330912441015243 0.0295205507427454 -0.024808339774608612
v -0.03330912441015243 0.0295205507427454 -0.024808339774608612
v -0.03407206386327743 0.04196521267294884 -0.023906461894512177
v -0.032143749296665185 0.03821301460266113 -0.0281699076294899
v -0.03330912441015243 0.0295205507427454 -0.024808339774608612
v -0.032143749296665185 0.03821301460266113 -0.0281699076294899
v -0.030981250107288357 0.025951562449336052 -0.02915731817483902
v -0.030981250107288357 0.025951562449336052 -0.02915731817483902
v -0.032143749296665185 0.03821301460266113 -0.0281699076294899
v -0.030201852321624752 0.03414300084114075 -0.03248951584100723
v -0.030981250107288357 0.025951562449336052 -0.02915731817483902
v -0.030201852321624752 0.03414300084114075 -0.03248951584100723
v -0.028239369392395016 0.029774963855743408 -0.037105493247509
v -0.028084248304367062 0.03319781646132469 -0.03895240277051926
v -0.028239369392395016 0.029774963855743408 -0.037105493247509
v -0.02967133373022079 0.03801542520523071 -0.03432103246450424
v -0.02967133373022079 0.03801542520523071 -0.03432103246450424
v -0.028239369392395016 0.029774963855743408 -0.037105493247509
v -0.030201852321624752 0.03414300084114075 -0.03248951584100723
v -0.02967133373022079 0.03801542520523071 -0.03432103246450424
v -0.030201852321624752 0.03414300084114075 -0.03248951584100723
v -0.03138914704322814 0.04232951998710632 -0.030007116496562958
v -0.03138914704322814 0.04232951998710632 -0.030007116496562958
v -0.030201852321624752 0.03414300084114075 -0.03248951584100723
v -0.032143749296665185 0.03821301460266113 -0.0281699076294899
v -0.03138914704322814 0.04232951998710632 -0.030007116496562958
v -0.032143749296665185 0.03821301460266113 -0.0281699076294899
v -0.033230707049369805 0.04615650698542595 -0.025743596255779266
v -0.033230707049369805 0.04615650698542595 -0.025743596255779266
v -0.032143749296665185 0.03821301460266113 -0.0281699076294899
v -0.03407206386327743 0.04196521267294884 -0.023906461894512177
v -0.033230707049369805 0.04615650698542595 -0.025743596255779266
v -0.03407206386327743 0.04196521267294884 -0.023906461894512177
v -0.035134032368659966 0.049576546996831894 -0.021380938589572906
v -0.035134032368659966 0.049576546996831894 -0.021380938589572906
v -0.03407206386327743 0.04196521267294884 -0.023906461894512177
v -0.03595337271690368 0.045439712703228 -0.0195440873503685
v -0.035134032368659966 0.049576546996831894 -0.021380938589572906
v -0.03595337271690368 0.045439712703228 -0.0195440873503685
v -0.037041217088699334 0.05215306207537651 -0.016700096428394318
v -0.037041217088699334 0.05215306207537651 -0.016700096428394318
v -0.03595337271690368 0.045439712703228 -0.0195440873503685
v -0.03769195079803466 0.04873615875840187 -0.015023224987089634
v -0.037041217088699334 0.05215306207537651 -0.016700096428394318
v -0.03769195079803466 0.04873615875840187 -0.015023224987089634
v -0.03710037469863891 0.05222161486744881 -0.016543947160243988
v -0.03710037469863891 0.05222161486744881 -0.016543947160243988
v -0.03769195079803466 0.04873615875840187 -0.015023224987089634
v -0.039135180413722985 0.05196430906653404 -0.010329612530767918
v -0.03710037469863891 0.05222161486744881 -0.016543947160243988
v -0.039135180413722985 0.05196430906653404 -0.010329612530767918
v -0.038940571248531335 0.05430710315704346 -0.010958903469145298
v -0.028794594109058377 -0.0010904062073677778 -0.028997667133808136
v -0.030587166547775265 -0.00019847856310661882 -0.02693267911672592
v -0.029941990971565243 0.004868288990110159 -0.02805168181657791
v -0.029941990971565243 0.004868288990110159 -0.02805168181657791
v -0.030587166547775265 -0.00019847856310661882 -0.02693267911672592
v -0.032899007201194756 -0.004347170237451792 -0.023737959563732147
v -0.029941990971565243 0.004868288990110159 -0.02805168181657791
v -0.032899007201194756 -0.004347170237451792 -0.023737959563732147
v -0.031562246382236474 0.005999324377626181 -0.025926120579242706
v -0.03304307907819747 0.0073064467869699 -0.023755677044391632
v -0.0343467891216278 -0.00302519160322845 -0.021523617208003998
v -0.0343877226114273 0.008778360672295094 -0.021545864641666412
v -0.0343877226114273 0.008778360672295094 -0.021545864641666412
v -0.0343467891216278 -0.00302519160322845 -0.021523617208003998
v -0.03563589602708816 -0.001499040750786662 -0.019251130521297455
v -0.0343877226114273 0.008778360672295094 -0.021545864641666412
v -0.03563589602708816 -0.001499040750786662 -0.019251130521297455
v -0.03559891134500503 0.010402952320873737 -0.01930137723684311
v -0.03563589602708816 -0.001499040750786662 -0.019251130521297455
v -0.0367700383067131 0.00021866454335395247 -0.016929201781749725
v -0.03559891134500503 0.010402952320873737 -0.01930137723684311
v -0.03559891134500503 0.010402952320873737 -0.01930137723684311
v -0.0367700383067131 0.00021866454335395247 -0.016929201781749725
v -0.03775138407945632 0.002114397706463933 -0.014568322338163853
v -0.03559891134500503 0.010402952320873737 -0.01930137723684311
v -0.03775138407945632 0.002114397706463933 -0.014568322338163853
v -0.037628166377544396 0.014060349203646183 -0.014726691879332066
v -0.04050000011920928 0.01717631332576275 8.125319794771713e-08
v -0.0404093787074089 0.0137621546164155 -0.00259908358566463
v -0.04050000011920928 0.005167526658624411 3.6549717918887836e-08
v -0.04050000011920928 0.005167526658624411 3.6549717918887836e-08
v -0.0404093787074089 0.0137621546164155 -0.00259908358566463
v -0.04022585600614547 -0.0005528877954930067 -0.004701563157141209
v -0.04050000011920928 0.005167526658624411 3.6549717918887836e-08
v -0.04022585600614547 -0.0005528877954930067 -0.004701563157141209
v -0.04050000011920928 0.004818377550691366 3.6549717918887836e-08
v -0.0404999554157257 -0.0064710103906691074 6.747394643014104e-09
v -0.03859303891658782 -0.0064710103906691074 -0.012293034233152866
v -0.03965052217245101 -0.0064710103906691074 -0.008277648128569126
v -0.039338074624538415 -0.005633952561765909 -0.009646170772612095
v -0.039338074624538415 -0.005633952561765909 -0.009646170772612095
v -0.03965052217245101 -0.0064710103906691074 -0.008277648128569126
v -0.04022585600614547 -0.0005528877954930067 -0.004701563157141209
v -0.039338074624538415 -0.005633952561765909 -0.009646170772612095
v -0.04022585600614547 -0.0005528877954930067 -0.004701563157141209
v -0.03979101032018661 0.0087279686704278 -0.00736995879560709
v -0.03979101032018661 0.0087279686704278 -0.00736995879560709
v -0.04022585600614547 -0.0005528877954930067 -0.004701563157141209
v -0.0404093787074089 0.0137621546164155 -0.00259908358566463
v -0.03979101032018661 0.0087279686704278 -0.00736995879560709
v -0.0404093787074089 0.0137621546164155 -0.00259908358566463
v -0.040099121630191796 0.022686688229441643 -0.005404838360846043
v -0.040099121630191796 0.022686688229441643 -0.005404838360846043
v -0.0404093787074089 0.0137621546164155 -0.00259908358566463
v -0.04050000011920928 0.01717631332576275 8.125319794771713e-08
v -0.040099121630191796 0.022686688229441643 -0.005404838360846043
v -0.04050000011920928 0.01717631332576275 8.125319794771713e-08
v -0.04050000011920928 0.02396702580153942 9.615435914156478e-08
v -0.03859303891658782 -0.0064710103906691074 -0.012293034233152866
v -0.039338074624538415 -0.005633952561765909 -0.009646170772612095
v -0.03858119994401931 0.0041740587912499905 -0.012180098332464695
v -0.03858119994401931 0.0041740587912499905 -0.012180098332464695
v -0.039338074624538415 -0.005633952561765909 -0.009646170772612095
v -0.03979101032018661 0.0087279686704278 -0.00736995879560709
v -0.03858119994401931 0.0041740587912499905 -0.012180098332464695
v -0.03979101032018661 0.0087279686704278 -0.00736995879560709
v -0.039135105907917016 0.018182555213570595 -0.01007463876157999
v -0.039135105907917016 0.018182555213570595 -0.01007463876157999
v -0.03979101032018661 0.0087279686704278 -0.00736995879560709
v -0.040099121630191796 0.022686688229441643 -0.005404838360846043
v -0.039135105907917016 0.018182555213570595 -0.01007463876157999
v -0.040099121630191796 0.022686688229441643 -0.005404838360846043
v -0.03955345600843429 0.031632740050554276 -0.00835771206766367
v -0.03955345600843429 0.031632740050554276 -0.00835771206766367
v -0.040099121630191796 0.022686688229441643 -0.005404838360846043
v -0.040304824709892266 0.03590143471956253 -0.0037406019400805235
v -0.03955345600843429 0.031632740050554276 -0.00835771206766367
v -0.040304824709892266 0.03590143471956253 -0.0037406019400805235
v -0.03986945003271102 0.0441260002553463 -0.006914415396749973
v -0.03986945003271102 0.0441260002553463 -0.006914415396749973
v -0.040304824709892266 0.03590143471956253 -0.0037406019400805235
v -0.04050000011920928 0.039849430322647095 1.408578498285351e-07
v -0.03986945003271102 0.0441260002553463 -0.006914415396749973
v -0.04050000011920928 0.039849430322647095 1.408578498285351e-07
v -0.04050000011920928 0.04183216765522957 1.5575901102238277e-07
v -0.004792845807969569 -0.006198386196047068 -0.04024564474821091
v -0.0048904409632086745 -0.003740275977179408 -0.04035823792219162
v -0.0011949084000661967 -0.0046457150019705296 -0.040488190948963165
v -0.0011949084000661967 -0.0046457150019705296 -0.040488190948963165
v -0.0048904409632086745 -0.003740275977179408 -0.04035823792219162
v -0.0014057151274755595 -0.002261384157463908 -0.040657199919223785
v -7.374301702611773e-08 0.004660212900489569 -0.0455000177025795
v -6.62924364291939e-08 0.004320891108363867 -0.04495354741811752
v -0.003812714712694287 0.0046925595961511135 -0.0454220250248909
v -0.003812714712694287 0.0046925595961511135 -0.0454220250248909
v -6.62924364291939e-08 0.004320891108363867 -0.04495354741811752
v -0.002993329660966992 0.003420748980715871 -0.04373375326395035
v -0.003812714712694287 0.0046925595961511135 -0.0454220250248909
v -0.002993329660966992 0.003420748980715871 -0.04373375326395035
v -0.00670639332383871 0.003985763993114233 -0.04408932477235794
v -0.01314407493919134 0.005779692437499762 -0.04424797743558884
v -0.013743772171437739 0.006897707935422659 -0.045693449676036835
v -0.010786316357553003 0.005872686859220266 -0.04584675282239914
v -0.010786316357553003 0.005872686859220266 -0.04584675282239914
v -0.013743772171437739 0.006897707935422659 -0.045693449676036835
v -0.011566772125661371 0.006700736936181784 -0.04748610407114029
v -0.010786316357553003 0.005872686859220266 -0.04584675282239914
v -0.011566772125661371 0.006700736936181784 -0.04748610407114029
v -0.00834753271192312 0.005993334110826254 -0.047525279223918915
v -0.00834753271192312 0.005993334110826254 -0.047525279223918915
v -0.011566772125661371 0.006700736936181784 -0.04748610407114029
v -0.009314886294305323 0.006484081503003836 -0.049354247748851776
v -0.00834753271192312 0.005993334110826254 -0.047525279223918915
v -0.009314886294305323 0.006484081503003836 -0.049354247748851776
v -0.00580864306539297 0.00606845086440444 -0.04933483153581619
v -0.00580864306539297 0.00606845086440444 -0.04933483153581619
v -0.009314886294305323 0.006484081503003836 -0.049354247748851776
v -0.006962931714951991 0.006173865403980017 -0.05131746083498001
v -0.00580864306539297 0.00606845086440444 -0.04933483153581619
v -0.006962931714951991 0.006173865403980017 -0.05131746083498001
v -0.003147556679323315 0.005995908286422491 -0.05124344676733017
v -0.003147556679323315 0.005995908286422491 -0.05124344676733017
v -0.006962931714951991 0.006173865403980017 -0.05131746083498001
v -0.004483713768422603 0.0056830584071576595 -0.05330926924943924
v -0.003147556679323315 0.005995908286422491 -0.05124344676733017
v -0.004483713768422603 0.0056830584071576595 -0.05330926924943924
v -0.0003478668513707816 0.005682387854903936 -0.053057365119457245
v -0.0003478668513707816 0.005682387854903936 -0.053057365119457245
v -0.004483713768422603 0.0056830584071576595 -0.05330926924943924
v -0.0018587923841550944 0.004976151045411825 -0.05513928085565567
v -5.139127168263257e-08 0.003607646794989705 -0.05753675848245621
v -3.9411798979926965e-07 0.004794695880264044 -0.05550114065408707
v -0.0018587923841550944 0.004976151045411825 -0.05513928085565567
v -0.0018587923841550944 0.004976151045411825 -0.05513928085565567
v -3.9411798979926965e-07 0.004794695880264044 -0.05550114065408707
v -2.8235928084541223e-07 0.0055745369754731655 -0.05346051603555679
v -0.0018587923841550944 0.004976151045411825 -0.05513928085565567
v -2.8235928084541223e-07 0.0055745369754731655 -0.05346051603555679
v -0.0003478668513707816 0.005682387854903936 -0.053057365119457245
v -0.0003478668513707816 0.005682387854903936 -0.053057365119457245
v -2.8235928084541223e-07 0.0055745369754731655 -0.05346051603555679
v 8.213372204579626e-09 0.005947870668023825 -0.05152770131826401
v -0.0003478668513707816 0.005682387854903936 -0.053057365119457245
v 8.213372204579626e-09 0.005947870668023825 -0.05152770131826401
v -0.003147556679323315 0.005995908286422491 -0.05124344676733017
v -0.003147556679323315 0.005995908286422491 -0.05124344676733017
v 8.213372204579626e-09 0.005947870668023825 -0.05152770131826401
v -0.001919961650855839 0.00590539863333106 -0.04907730966806412
v -0.003147556679323315 0.005995908286422491 -0.05124344676733017
v -0.001919961650855839 0.00590539863333106 -0.04907730966806412
v -0.00580864306539297 0.00606845086440444 -0.04933483153581619
v -0.00580864306539297 0.00606845086440444 -0.04933483153581619
v -0.001919961650855839 0.00590539863333106 -0.04907730966806412
v -0.004755414091050624 0.005584524478763342 -0.047330595552921295
v -0.00580864306539297 0.00606845086440444 -0.04933483153581619
v -0.004755414091050624 0.005584524478763342 -0.047330595552921295
v -0.00834753271192312 0.005993334110826254 -0.047525279223918915
v -0.00834753271192312 0.005993334110826254 -0.047525279223918915
v -0.004755414091050624 0.005584524478763342 -0.047330595552921295
v -0.0074749505147337905 0.005165094044059515 -0.04573959857225418
v -0.00834753271192312 0.005993334110826254 -0.047525279223918915
v -0.0074749505147337905 0.005165094044059515 -0.04573959857225418
v -0.010786316357553003 0.005872686859220266 -0.04584675282239914
v -0.010786316357553003 0.005872686859220266 -0.04584675282239914
v -0.0074749505147337905 0.005165094044059515 -0.04573959857225418
v -0.01009454485028982 0.004748781677335501 -0.044293247163295746
v -0.010786316357553003 0.005872686859220266 -0.04584675282239914
v -0.01009454485028982 0.004748781677335501 -0.044293247163295746
v -0.01314407493919134 0.005779692437499762 -0.04424797743558884
v 1.4977440798702443e-07 0.00196060654707253 -0.042470477521419525
v -0.0017802111105993388 -7.556633499916643e-05 -0.04129975289106369
v -0.0023118399549275632 0.001822320045903325 -0.04234638065099716
v -0.0023118399549275632 0.001822320045903325 -0.04234638065099716
v -0.0017802111105993388 -7.556633499916643e-05 -0.04129975289106369
v -0.005526102147996425 0.0006548513192683458 -0.04154101759195328
v -0.0023118399549275632 0.001822320045903325 -0.04234638065099716
v -0.005526102147996425 0.0006548513192683458 -0.04154101759195328
v -0.006052910350263118 0.0024718132335692644 -0.042665816843509674
v -0.006052910350263118 0.0024718132335692644 -0.042665816843509674
v -0.005526102147996425 0.0006548513192683458 -0.04154101759195328
v -0.009010179899632929 0.0016059812624007463 -0.0417194589972496
v -0.006052910350263118 0.0024718132335692644 -0.042665816843509674
v -0.009010179899632929 0.0016059812624007463 -0.0417194589972496
v -0.012198097072541712 0.00277082365937531 -0.041726432740688324
v -0.0014057151274755595 -0.002261384157463908 -0.040657199919223785
v -0.0048904409632086745 -0.003740275977179408 -0.04035823792219162
v -0.005136138759553432 -0.0014310393016785383 -0.040765054523944855
v -0.005136138759553432 -0.0014310393016785383 -0.040765054523944855
v -0.0048904409632086745 -0.003740275977179408 -0.04035823792219162
v -0.008383660577237604 -0.00258307415060699 -0.04020313173532486
v -0.005136138759553432 -0.0014310393016785383 -0.040765054523944855
v -0.008383660577237604 -0.00258307415060699 -0.04020313173532486
v -0.008635601960122584 -0.00037485986831597984 -0.04081449657678604
v -0.008635601960122584 -0.00037485986831597984 -0.04081449657678604
v -0.008383660577237604 -0.00258307415060699 -0.04020313173532486
v -0.011633715592324732 -0.0012158143799751997 -0.03998696058988571
v -0.008635601960122584 -0.00037485986831597984 -0.04081449657678604
v -0.011633715592324732 -0.0012158143799751997 -0.03998696058988571
v -0.011864892207086085 0.0008894552011042833 -0.04074361175298691
v -0.011864892207086085 0.0008894552011042833 -0.04074361175298691
v -0.011633715592324732 -0.0012158143799751997 -0.03998696058988571
v -0.014615415595471857 0.00035578504321165383 -0.03963848203420639
v -0.011864892207086085 0.0008894552011042833 -0.04074361175298691
v -0.014615415595471857 0.00035578504321165383 -0.03963848203420639
v -0.014805003069341181 0.0023716401774436235 -0.0404854491353035
v -0.014805003069341181 0.0023716401774436235 -0.0404854491353035
v -0.014615415595471857 0.00035578504321165383 -0.03963848203420639
v -0.017319098114967343 0.0021470387000590563 -0.03910786658525467
v -0.014805003069341181 0.0023716401774436235 -0.0404854491353035
v -0.017319098114967343 0.0021470387000590563 -0.03910786658525467
v -0.017455041408538815 0.0040994263254106045 -0.03999745100736618
v -0.033006548881530755 -0.0064710103906691074 -0.02356024831533432
v -0.032899007201194756 -0.004347170237451792 -0.023737959563732147
v -0.031286641955375664 -0.005453633610159159 -0.02588783949613571
v -0.031286641955375664 -0.005453633610159159 -0.02588783949613571
v -0.032899007201194756 -0.004347170237451792 -0.023737959563732147
v -0.030587166547775265 -0.00019847856310661882 -0.02693267911672592
v -0.031286641955375664 -0.005453633610159159 -0.02588783949613571
v -0.030587166547775265 -0.00019847856310661882 -0.02693267911672592
v -0.029497973620891568 -0.006335320416837931 -0.027971170842647552
v -0.029497973620891568 -0.006335320416837931 -0.027971170842647552
v -0.030587166547775265 -0.00019847856310661882 -0.02693267911672592
v -0.028794594109058377 -0.0010904062073677778 -0.028997667133808136
v -0.029497973620891568 -0.006335320416837931 -0.027971170842647552
v -0.028794594109058377 -0.0010904062073677778 -0.028997667133808136
v -0.028990447521209713 -0.0064710103906691074 -0.028515823185443878
v -0.017455041408538815 0.0040994263254106045 -0.03999745100736618
v -0.015079407952725886 0.0041787042282521725 -0.04150008410215378
v -0.014805003069341181 0.0023716401774436235 -0.0404854491353035
v -0.014805003069341181 0.0023716401774436235 -0.0404854491353035
v -0.015079407952725886 0.0041787042282521725 -0.04150008410215378
v -0.012198097072541712 0.00277082365937531 -0.041726432740688324
v -0.014805003069341181 0.0023716401774436235 -0.0404854491353035
v -0.012198097072541712 0.00277082365937531 -0.041726432740688324
v -0.011864892207086085 0.0008894552011042833 -0.04074361175298691
v -0.011864892207086085 0.0008894552011042833 -0.04074361175298691
v -0.012198097072541712 0.00277082365937531 -0.041726432740688324
v -0.009010179899632929 0.0016059812624007463 -0.0417194589972496
v -0.011864892207086085 0.0008894552011042833 -0.04074361175298691
v -0.009010179899632929 0.0016059812624007463 -0.0417194589972496
v -0.008635601960122584 -0.00037485986831597984 -0.04081449657678604
v -0.008635601960122584 -0.00037485986831597984 -0.04081449657678604
v -0.009010179899632929 0.0016059812624007463 -0.0417194589972496
v -0.005526102147996425 0.0006548513192683458 -0.04154101759195328
v -0.008635601960122584 -0.00037485986831597984 -0.04081449657678604
v -0.005526102147996425 0.0006548513192683458 -0.04154101759195328
v -0.005136138759553432 -0.0014310393016785383 -0.040765054523944855
v -0.005136138759553432 -0.0014310393016785383 -0.040765054523944855
v -0.005526102147996425 0.0006548513192683458 -0.04154101759195328
v -0.0017802111105993388 -7.556633499916643e-05 -0.04129975289106369
v -0.005136138759553432 -0.0014310393016785383 -0.040765054523944855
v -0.0017802111105993388 -7.556633499916643e-05 -0.04129975289106369
v -0.0014057151274755595 -0.002261384157463908 -0.040657199919223785
v -0.0014057151274755595 -0.002261384157463908 -0.040657199919223785
v -0.0017802111105993388 -7.556633499916643e-05 -0.04129975289106369
v 2.6898368332695094e-07 -0.0016716110985726118 -0.040775202214717865
v -0.0014057151274755595 -0.002261384157463908 -0.040657199919223785
v 2.6898368332695094e-07 -0.0016716110985726118 -0.040775202214717865
v -0.0011949084000661967 -0.0046457150019705296 -0.040488190948963165
v -0.0011949084000661967 -0.0046457150019705296 -0.040488190948963165
v 2.6898368332695094e-07 -0.0016716110985726118 -0.040775202214717865
v 7.627915521446481e-10 -0.0036630805116146803 -0.040505506098270416
v -0.0011949084000661967 -0.0046457150019705296 -0.040488190948963165
v 7.627915521446481e-10 -0.0036630805116146803 -0.040505506098270416
v 8.213372204579626e-09 -0.0039999582804739475 -0.040500156581401825
v -0.017455041408538815 0.0040994263254106045 -0.03999745100736618
v -0.017662808299064633 0.005864908453077078 -0.04100952297449112
v -0.015079407952725886 0.0041787042282521725 -0.04150008410215378
v -0.015079407952725886 0.0041787042282521725 -0.04150008410215378
v -0.017662808299064633 0.005864908453077078 -0.04100952297449112
v -0.012626743875443934 0.004404684063047171 -0.0429089292883873
v -0.015079407952725886 0.0041787042282521725 -0.04150008410215378
v -0.012626743875443934 0.004404684063047171 -0.0429089292883873
v -0.012198097072541712 0.00277082365937531 -0.041726432740688324
v -0.012198097072541712 0.00277082365937531 -0.041726432740688324
v -0.012626743875443934 0.004404684063047171 -0.0429089292883873
v -0.00670639332383871 0.003985763993114233 -0.04408932477235794
v -0.012198097072541712 0.00277082365937531 -0.041726432740688324
v -0.00670639332383871 0.003985763993114233 -0.04408932477235794
v -0.006052910350263118 0.0024718132335692644 -0.042665816843509674
v -0.006052910350263118 0.0024718132335692644 -0.042665816843509674
v -0.00670639332383871 0.003985763993114233 -0.04408932477235794
v -0.002993329660966992 0.003420748980715871 -0.04373375326395035
v -0.006052910350263118 0.0024718132335692644 -0.042665816843509674
v -0.002993329660966992 0.003420748980715871 -0.04373375326395035
v -0.0023118399549275632 0.001822320045903325 -0.04234638065099716
v -0.0023118399549275632 0.001822320045903325 -0.04234638065099716
v -0.002993329660966992 0.003420748980715871 -0.04373375326395035
v 8.213372204579626e-09 0.00345964846201241 -0.04384002834558487
v -0.0023118399549275632 0.001822320045903325 -0.04234638065099716
v 8.213372204579626e-09 0.00345964846201241 -0.04384002834558487
v 8.213372204579626e-09 0.0026764844078570604 -0.043055109679698944
v -0.019694596529006955 0.011992228217422962 -0.04710426181554794
v -0.019162058830261227 0.01108811516314745 -0.04582596570253372
v -0.02076008170843124 0.012173560447990894 -0.04357408732175827
v -0.02076008170843124 0.012173560447990894 -0.04357408732175827
v -0.019162058830261227 0.01108811516314745 -0.04582596570253372
v -0.018691204488277432 0.010039296932518482 -0.04455580562353134
v -0.02076008170843124 0.012173560447990894 -0.04357408732175827
v -0.018691204488277432 0.010039296932518482 -0.04455580562353134
v -0.020174831151962277 0.009446670301258564 -0.04131137579679489
v -0.020174831151962277 0.009446670301258564 -0.04131137579679489
v -0.018691204488277432 0.010039296932518482 -0.04455580562353134
v -0.018283203244209286 0.008828100748360157 -0.043313734233379364
v -0.020174831151962277 0.009446670301258564 -0.04131137579679489
v -0.018283203244209286 0.008828100748360157 -0.043313734233379364
v -0.017939694225788113 0.0074399313889443874 -0.042123205959796906
v -0.017939694225788113 0.0074399313889443874 -0.042123205959796906
v -0.018283203244209286 0.008828100748360157 -0.043313734233379364
v -0.013743772171437739 0.006897707935422659 -0.045693449676036835
v -0.017939694225788113 0.0074399313889443874 -0.042123205959796906
v -0.013743772171437739 0.006897707935422659 -0.045693449676036835
v -0.017662808299064633 0.005864908453077078 -0.04100952297449112
v -0.017662808299064633 0.005864908453077078 -0.04100952297449112
v -0.013743772171437739 0.006897707935422659 -0.045693449676036835
v -0.01314407493919134 0.005779692437499762 -0.04424797743558884
v -0.017662808299064633 0.005864908453077078 -0.04100952297449112
v -0.01314407493919134 0.005779692437499762 -0.04424797743558884
v -0.012626743875443934 0.004404684063047171 -0.0429089292883873
v -0.012626743875443934 0.004404684063047171 -0.0429089292883873
v -0.01314407493919134 0.005779692437499762 -0.04424797743558884
v -0.01009454485028982 0.004748781677335501 -0.044293247163295746
v -0.012626743875443934 0.004404684063047171 -0.0429089292883873
v -0.01009454485028982 0.004748781677335501 -0.044293247163295746
v -0.00670639332383871 0.003985763993114233 -0.04408932477235794
v -0.00670639332383871 0.003985763993114233 -0.04408932477235794
v -0.01009454485028982 0.004748781677335501 -0.044293247163295746
v -0.0074749505147337905 0.005165094044059515 -0.04573959857225418
v -0.00670639332383871 0.003985763993114233 -0.04408932477235794
v -0.0074749505147337905 0.005165094044059515 -0.04573959857225418
v -0.003812714712694287 0.0046925595961511135 -0.0454220250248909
v -0.003812714712694287 0.0046925595961511135 -0.0454220250248909
v -0.0074749505147337905 0.005165094044059515 -0.04573959857225418
v -0.004755414091050624 0.005584524478763342 -0.047330595552921295
v -0.003812714712694287 0.0046925595961511135 -0.0454220250248909
v -0.004755414091050624 0.005584524478763342 -0.047330595552921295
v -0.0008095867815427481 0.005349976476281881 -0.04694949835538864
v -0.0008095867815427481 0.005349976476281881 -0.04694949835538864
v -0.004755414091050624 0.005584524478763342 -0.047330595552921295
v -0.001919961650855839 0.00590539863333106 -0.04907730966806412
v -0.0008095867815427481 0.005349976476281881 -0.04694949835538864
v -0.001919961650855839 0.00590539863333106 -0.04907730966806412
v 1.0507091730005412e-07 0.005951461847871542 -0.04951532930135727
v 1.0507091730005412e-07 0.005951461847871542 -0.04951532930135727
v -0.001919961650855839 0.00590539863333106 -0.04907730966806412
v 3.0565114883529525e-08 0.005996426101773977 -0.050236769020557404
v -0.021954052150249478 0.008394771255552769 -0.038304321467876434
v -0.019829601049423214 0.0061007714830338955 -0.03926564007997513
v -0.021926619112491604 0.006488712038844824 -0.03742092102766037
v -0.021926619112491604 0.006488712038844824 -0.03742092102766037
v -0.019829601049423214 0.0061007714830338955 -0.03926564007997513
v -0.01973435282707214 0.0021085378248244524 -0.03757042437791824
v -0.019897319376468655 -0.0024758826475590467 -0.03629710525274277
v -0.022373966872692105 -0.0024617116432636976 -0.03467041999101639
v -0.022039525210857388 0.0022638787049800158 -0.03588298708200455
v -0.022039525210857388 0.0022638787049800158 -0.03588298708200455
v -0.022373966872692105 -0.0024617116432636976 -0.03467041999101639
v -0.024221993982791897 0.00261775148101151 -0.034063734114170074
v -0.022039525210857388 0.0022638787049800158 -0.03588298708200455
v -0.024221993982791897 0.00261775148101151 -0.034063734114170074
v -0.023942403495311734 0.0070386542938649654 -0.035482876002788544
v -0.023942403495311734 0.0070386542938649654 -0.035482876002788544
v -0.024221993982791897 0.00261775148101151 -0.034063734114170074
v -0.025864481925964352 0.007755843456834555 -0.03346727043390274
v -0.023942403495311734 0.0070386542938649654 -0.035482876002788544
v -0.025864481925964352 0.007755843456834555 -0.03346727043390274
v -0.025626890361309048 0.011942488141357899 -0.03498706966638565
v -0.02236787229776382 0.01329424325376749 -0.041287265717983246
v -0.02203712612390518 0.010161408223211765 -0.03925146907567978
v -0.025626890361309048 0.011942488141357899 -0.03498706966638565
v -0.025626890361309048 0.011942488141357899 -0.03498706966638565
v -0.02203712612390518 0.010161408223211765 -0.03925146907567978
v -0.021954052150249478 0.008394771255552769 -0.038304321467876434
v -0.025626890361309048 0.011942488141357899 -0.03498706966638565
v -0.021954052150249478 0.008394771255552769 -0.038304321467876434
v -0.023942403495311734 0.0070386542938649654 -0.035482876002788544
v -0.023942403495311734 0.0070386542938649654 -0.035482876002788544
v -0.021954052150249478 0.008394771255552769 -0.038304321467876434
v -0.021926619112491604 0.006488712038844824 -0.03742092102766037
v -0.023942403495311734 0.0070386542938649654 -0.035482876002788544
v -0.021926619112491604 0.006488712038844824 -0.03742092102766037
v -0.022039525210857388 0.0022638787049800158 -0.03588298708200455
v -0.022039525210857388 0.0022638787049800158 -0.03588298708200455
v -0.021926619112491604 0.006488712038844824 -0.03742092102766037
v -0.01973435282707214 0.0021085378248244524 -0.03757042437791824
v -0.022039525210857388 0.0022638787049800158 -0.03588298708200455
v -0.01973435282707214 0.0021085378248244524 -0.03757042437791824
v -0.019897319376468655 -0.0024758826475590467 -0.03629710525274277
v -0.019897319376468655 -0.0024758826475590467 -0.03629710525274277
v -0.01973435282707214 0.0021085378248244524 -0.03757042437791824
v -0.017257578670978543 1.840411641751416e-05 -0.03835373371839523
v -0.019897319376468655 -0.0024758826475590467 -0.03629710525274277
v -0.017257578670978543 1.840411641751416e-05 -0.03835373371839523
v -0.01727265119552612 -0.002269624499604106 -0.03773743659257889
v -0.01727265119552612 -0.002269624499604106 -0.03773743659257889
v -0.017257578670978543 1.840411641751416e-05 -0.03835373371839523
v -0.014514884911477564 -0.0018486741464585066 -0.03896961361169815
v -0.01727265119552612 -0.002269624499604106 -0.03773743659257889
v -0.014514884911477564 -0.0018486741464585066 -0.03896961361169815
v -0.014506741426885126 -0.004214780870825052 -0.038471244275569916
v -0.014506741426885126 -0.004214780870825052 -0.038471244275569916
v -0.014514884911477564 -0.0018486741464585066 -0.03896961361169815
v -0.011510088108479975 -0.003511692164465785 -0.03945638984441757
v -0.014506741426885126 -0.004214780870825052 -0.038471244275569916
v -0.011510088108479975 -0.003511692164465785 -0.03945638984441757
v -0.0137937581166625 -0.0064710103906691074 -0.03841083496809006
v -0.0137937581166625 -0.0064710103906691074 -0.03841083496809006
v -0.011510088108479975 -0.003511692164465785 -0.03945638984441757
v -0.011497511528432367 -0.005958991590887308 -0.03911914676427841
v -0.0137937581166625 -0.0064710103906691074 -0.03841083496809006
v -0.011497511528432367 -0.005958991590887308 -0.03911914676427841
v -0.010130374692380427 -0.0064710103906691074 -0.03939289599657059
v -0.010130374692380427 -0.0064710103906691074 -0.03939289599657059
v -0.011497511528432367 -0.005958991590887308 -0.03911914676427841
v -0.008259839378297327 -0.004971163813024759 -0.039863698184490204
v -0.010130374692380427 -0.0064710103906691074 -0.03939289599657059
v -0.008259839378297327 -0.004971163813024759 -0.039863698184490204
v -0.006061888299882411 -0.0064710103906691074 -0.040091775357723236
v -0.024687804281711575 -0.0022255207877606153 -0.03289058059453964
v -0.02682920545339584 -0.001767641631886363 -0.030990295112133026
v -0.026270963251590725 0.003171463729813695 -0.03213643282651901
v -0.026270963251590725 0.003171463729813695 -0.03213643282651901
v -0.02682920545339584 -0.001767641631886363 -0.030990295112133026
v -0.028178751468658444 0.0039232089184224606 -0.03012567013502121
v -0.026270963251590725 0.003171463729813695 -0.03213643282651901
v -0.028178751468658444 0.0039232089184224606 -0.03012567013502121
v -0.02768125385046005 0.008641202934086323 -0.03139323741197586
v -0.02768125385046005 0.008641202934086323 -0.03139323741197586
v -0.028178751468658444 0.0039232089184224606 -0.03012567013502121
v -0.02938383817672729 0.009691678918898106 -0.029278002679347992
v -0.02768125385046005 0.008641202934086323 -0.03139323741197586
v -0.02938383817672729 0.009691678918898106 -0.029278002679347992
v -0.028937771916389462 0.014236473478376865 -0.03062751144170761
v -0.028937771916389462 0.014236473478376865 -0.03062751144170761
v -0.02938383817672729 0.009691678918898106 -0.029278002679347992
v -0.03304307907819747 0.0073064467869699 -0.023755677044391632
v -0.028937771916389462 0.014236473478376865 -0.03062751144170761
v -0.03304307907819747 0.0073064467869699 -0.023755677044391632
v -0.03187833726406097 0.017023520544171333 -0.026256807148456573
v -0.03187833726406097 0.017023520544171333 -0.026256807148456573
v -0.03304307907819747 0.0073064467869699 -0.023755677044391632
v -0.0343877226114273 0.008778360672295094 -0.021545864641666412
v -0.03187833726406097 0.017023520544171333 -0.026256807148456573
v -0.0343877226114273 0.008778360672295094 -0.021545864641666412
v -0.034416027367115014 0.020230839028954506 -0.02187616378068924
v -0.034416027367115014 0.020230839028954506 -0.02187616378068924
v -0.0343877226114273 0.008778360672295094 -0.021545864641666412
v -0.03559891134500503 0.010402952320873737 -0.01930137723684311
v -0.034416027367115014 0.020230839028954506 -0.02187616378068924
v -0.03559891134500503 0.010402952320873737 -0.01930137723684311
v -0.03655052185058593 0.02377469651401043 -0.017448388040065765
v -0.03655052185058593 0.02377469651401043 -0.017448388040065765
v -0.03559891134500503 0.010402952320873737 -0.01930137723684311
v -0.037628166377544396 0.014060349203646183 -0.014726691879332066
v -0.03655052185058593 0.02377469651401043 -0.017448388040065765
v -0.037628166377544396 0.014060349203646183 -0.014726691879332066
v -0.03827806562185287 0.02758653648197651 -0.01294104102998972
v 7.627915521446481e-10 -0.004379498306661844 -0.0405002161860466
v -4.6862379576850794e-07 -0.004713291767984629 -0.040500856935977936
v -0.0011949084000661967 -0.0046457150019705296 -0.040488190948963165
v -0.0011949084000661967 -0.0046457150019705296 -0.040488190948963165
v -4.6862379576850794e-07 -0.004713291767984629 -0.040500856935977936
v -0.0015711925225332377 -0.0064710103906691074 -0.04047950357198715
v -0.0011949084000661967 -0.0046457150019705296 -0.040488190948963165
v -0.0015711925225332377 -0.0064710103906691074 -0.04047950357198715
v -0.004792845807969569 -0.006198386196047068 -0.04024564474821091
v -0.004792845807969569 -0.006198386196047068 -0.04024564474821091
v -0.0015711925225332377 -0.0064710103906691074 -0.04047950357198715
v -0.006061888299882411 -0.0064710103906691074 -0.040091775357723236
v -0.004792845807969569 -0.006198386196047068 -0.04024564474821091
v -0.006061888299882411 -0.0064710103906691074 -0.040091775357723236
v -0.0048904409632086745 -0.003740275977179408 -0.04035823792219162
v -0.0048904409632086745 -0.003740275977179408 -0.04035823792219162
v -0.006061888299882411 -0.0064710103906691074 -0.040091775357723236
v -0.008259839378297327 -0.004971163813024759 -0.039863698184490204
v -0.0048904409632086745 -0.003740275977179408 -0.04035823792219162
v -0.008259839378297327 -0.004971163813024759 -0.039863698184490204
v -0.008383660577237604 -0.00258307415060699 -0.04020313173532486
v -0.008383660577237604 -0.00258307415060699 -0.04020313173532486
v -0.008259839378297327 -0.004971163813024759 -0.039863698184490204
v -0.011510088108479975 -0.003511692164465785 -0.03945638984441757
v -0.008383660577237604 -0.00258307415060699 -0.04020313173532486
v -0.011510088108479975 -0.003511692164465785 -0.03945638984441757
v -0.011633715592324732 -0.0012158143799751997 -0.03998696058988571
v -0.011633715592324732 -0.0012158143799751997 -0.03998696058988571
v -0.011510088108479975 -0.003511692164465785 -0.03945638984441757
v -0.014514884911477564 -0.0018486741464585066 -0.03896961361169815
v -0.011633715592324732 -0.0012158143799751997 -0.03998696058988571
v -0.014514884911477564 -0.0018486741464585066 -0.03896961361169815
v -0.014615415595471857 0.00035578504321165383 -0.03963848203420639
v -0.014615415595471857 0.00035578504321165383 -0.03963848203420639
v -0.014514884911477564 -0.0018486741464585066 -0.03896961361169815
v -0.017257578670978543 1.840411641751416e-05 -0.03835373371839523
v -0.014615415595471857 0.00035578504321165383 -0.03963848203420639
v -0.017257578670978543 1.840411641751416e-05 -0.03835373371839523
v -0.017319098114967343 0.0021470387000590563 -0.03910786658525467
v -0.017319098114967343 0.0021470387000590563 -0.03910786658525467
v -0.017257578670978543 1.840411641751416e-05 -0.03835373371839523
v -0.01973435282707214 0.0021085378248244524 -0.03757042437791824
v -0.017319098114967343 0.0021470387000590563 -0.03910786658525467
v -0.01973435282707214 0.0021085378248244524 -0.03757042437791824
v -0.017455041408538815 0.0040994263254106045 -0.03999745100736618
v -0.017455041408538815 0.0040994263254106045 -0.03999745100736618
v -0.01973435282707214 0.0021085378248244524 -0.03757042437791824
v -0.019829601049423214 0.0061007714830338955 -0.03926564007997513
v -0.017455041408538815 0.0040994263254106045 -0.03999745100736618
v -0.019829601049423214 0.0061007714830338955 -0.03926564007997513
v -0.017662808299064633 0.005864908453077078 -0.04100952297449112
v -0.017662808299064633 0.005864908453077078 -0.04100952297449112
v -0.019829601049423214 0.0061007714830338955 -0.03926564007997513
v -0.021954052150249478 0.008394771255552769 -0.038304321467876434
v -0.017662808299064633 0.005864908453077078 -0.04100952297449112
v -0.021954052150249478 0.008394771255552769 -0.038304321467876434
v -0.017939694225788113 0.0074399313889443874 -0.042123205959796906
v -0.017939694225788113 0.0074399313889443874 -0.042123205959796906
v -0.021954052150249478 0.008394771255552769 -0.038304321467876434
v -0.02203712612390518 0.010161408223211765 -0.03925146907567978
v -0.017939694225788113 0.0074399313889443874 -0.042123205959796906
v -0.02203712612390518 0.010161408223211765 -0.03925146907567978
v -0.020174831151962277 0.009446670301258564 -0.04131137579679489
v -0.020174831151962277 0.009446670301258564 -0.04131137579679489
v -0.02203712612390518 0.010161408223211765 -0.03925146907567978
v -0.02236787229776382 0.01329424325376749 -0.041287265717983246
v -0.020174831151962277 0.009446670301258564 -0.04131137579679489
v -0.02236787229776382 0.01329424325376749 -0.041287265717983246
v -0.02076008170843124 0.012173560447990894 -0.04357408732175827
v -0.02076008170843124 0.012173560447990894 -0.04357408732175827
v -0.02236787229776382 0.01329424325376749 -0.041287265717983246
v -0.022911511361598965 0.01595361717045307 -0.04342874139547348
v -0.02076008170843124 0.012173560447990894 -0.04357408732175827
v -0.022911511361598965 0.01595361717045307 -0.04342874139547348
v -0.021576538681983944 0.014372696168720722 -0.04591909795999527
v -0.021576538681983944 0.014372696168720722 -0.04591909795999527
v -0.022911511361598965 0.01595361717045307 -0.04342874139547348
v -0.0236528068780899 0.01824028231203556 -0.04559642821550369
v -0.021576538681983944 0.014372696168720722 -0.04591909795999527
v -0.0236528068780899 0.01824028231203556 -0.04559642821550369
v -0.022613935172557827 0.01616915501654148 -0.048248209059238434
v -0.022613935172557827 0.01616915501654148 -0.048248209059238434
v -0.0236528068780899 0.01824028231203556 -0.04559642821550369
v -0.024560555815696713 0.020268896594643593 -0.04774422198534012
v -0.022613935172557827 0.01616915501654148 -0.048248209059238434
v -0.024560555815696713 0.020268896594643593 -0.04774422198534012
v -0.023852102458477017 0.017695115879178047 -0.050508417189121246
v -0.023852102458477017 0.017695115879178047 -0.050508417189121246
v -0.024560555815696713 0.020268896594643593 -0.04774422198534012
v -0.025248110294342038 0.019073812291026115 -0.052685074508190155
v -0.023852102458477017 0.017695115879178047 -0.050508417189121246
v -0.025248110294342038 0.019073812291026115 -0.052685074508190155
v -0.025047980248928067 0.01585053838789463 -0.05540900677442551
v -0.025047980248928067 0.01585053838789463 -0.05540900677442551
v -0.025248110294342038 0.019073812291026115 -0.052685074508190155
v -0.026974447071552273 0.018376654013991356 -0.05649828165769577
v -0.025047980248928067 0.01585053838789463 -0.05540900677442551
v -0.026974447071552273 0.018376654013991356 -0.05649828165769577
v -0.026600167155265805 0.0165069829672575 -0.057114191353321075
v -0.027443155646324154 -0.0064710103906691074 -0.030078597366809845
v -0.028990447521209713 -0.0064710103906691074 -0.028515823185443878
v -0.02682920545339584 -0.001767641631886363 -0.030990295112133026
v -0.02682920545339584 -0.001767641631886363 -0.030990295112133026
v -0.028990447521209713 -0.0064710103906691074 -0.028515823185443878
v -0.028794594109058377 -0.0010904062073677778 -0.028997667133808136
v -0.02682920545339584 -0.001767641631886363 -0.030990295112133026
v -0.028794594109058377 -0.0010904062073677778 -0.028997667133808136
v -0.028178751468658444 0.0039232089184224606 -0.03012567013502121
v -0.028178751468658444 0.0039232089184224606 -0.03012567013502121
v -0.028794594109058377 -0.0010904062073677778 -0.028997667133808136
v -0.029941990971565243 0.004868288990110159 -0.02805168181657791
v -0.028178751468658444 0.0039232089184224606 -0.03012567013502121
v -0.029941990971565243 0.004868288990110159 -0.02805168181657791
v -0.02938383817672729 0.009691678918898106 -0.029278002679347992
v -0.02938383817672729 0.009691678918898106 -0.029278002679347992
v -0.029941990971565243 0.004868288990110159 -0.02805168181657791
v -0.031562246382236474 0.005999324377626181 -0.025926120579242706
v -0.02938383817672729 0.009691678918898106 -0.029278002679347992
v -0.031562246382236474 0.005999324377626181 -0.025926120579242706
v -0.03304307907819747 0.0073064467869699 -0.023755677044391632
v -0.03304307907819747 0.0073064467869699 -0.023755677044391632
v -0.031562246382236474 0.005999324377626181 -0.025926120579242706
v -0.032899007201194756 -0.004347170237451792 -0.023737959563732147
v -0.03304307907819747 0.0073064467869699 -0.023755677044391632
v -0.032899007201194756 -0.004347170237451792 -0.023737959563732147
v -0.0343467891216278 -0.00302519160322845 -0.021523617208003998
v -0.0343467891216278 -0.00302519160322845 -0.021523617208003998
v -0.032899007201194756 -0.004347170237451792 -0.023737959563732147
v -0.035277858376502984 -0.0064710103906691074 -0.01992648094892502
v -0.0343467891216278 -0.00302519160322845 -0.021523617208003998
v -0.035277858376502984 -0.0064710103906691074 -0.01992648094892502
v -0.03563589602708816 -0.001499040750786662 -0.019251130521297455
v -0.03563589602708816 -0.001499040750786662 -0.019251130521297455
v -0.035277858376502984 -0.0064710103906691074 -0.01992648094892502
v -0.037124484777450555 -0.0064710103906691074 -0.01619633287191391
v -0.03563589602708816 -0.001499040750786662 -0.019251130521297455
v -0.037124484777450555 -0.0064710103906691074 -0.01619633287191391
v -0.0367700383067131 0.00021866454335395247 -0.016929201781749725
v -0.0367700383067131 0.00021866454335395247 -0.016929201781749725
v -0.037124484777450555 -0.0064710103906691074 -0.01619633287191391
v -0.03859303891658782 -0.0064710103906691074 -0.012293034233152866
v -0.0367700383067131 0.00021866454335395247 -0.016929201781749725
v -0.03859303891658782 -0.0064710103906691074 -0.012293034233152866
v -0.03775138407945632 0.002114397706463933 -0.014568322338163853
v -0.03775138407945632 0.002114397706463933 -0.014568322338163853
v -0.03859303891658782 -0.0064710103906691074 -0.012293034233152866
v -0.03858119994401931 0.0041740587912499905 -0.012180098332464695
v -0.03775138407945632 0.002114397706463933 -0.014568322338163853
v -0.03858119994401931 0.0041740587912499905 -0.012180098332464695
v -0.037628166377544396 0.014060349203646183 -0.014726691879332066
v -0.037628166377544396 0.014060349203646183 -0.014726691879332066
v -0.03858119994401931 0.0041740587912499905 -0.012180098332464695
v -0.039135105907917016 0.018182555213570595 -0.01007463876157999
v -0.037628166377544396 0.014060349203646183 -0.014726691879332066
v -0.039135105907917016 0.018182555213570595 -0.01007463876157999
v -0.03827806562185287 0.02758653648197651 -0.01294104102998972
v -0.03827806562185287 0.02758653648197651 -0.01294104102998972
v -0.039135105907917016 0.018182555213570595 -0.01007463876157999
v -0.03955345600843429 0.031632740050554276 -0.00835771206766367
v -0.03827806562185287 0.02758653648197651 -0.01294104102998972
v -0.03955345600843429 0.031632740050554276 -0.00835771206766367
v -0.038770906627178185 0.04038309305906296 -0.011554532684385777
v -0.038770906627178185 0.04038309305906296 -0.011554532684385777
v -0.03955345600843429 0.031632740050554276 -0.00835771206766367
v -0.03986945003271102 0.0441260002553463 -0.006914415396749973
v -0.038770906627178185 0.04038309305906296 -0.011554532684385777
v -0.03986945003271102 0.0441260002553463 -0.006914415396749973
v -0.039135180413722985 0.05196430906653404 -0.010329612530767918
v -0.039135180413722985 0.05196430906653404 -0.010329612530767918
v -0.03986945003271102 0.0441260002553463 -0.006914415396749973
v -0.04010058939456939 0.05523478984832764 -0.005515658296644688
v -0.039135180413722985 0.05196430906653404 -0.010329612530767918
v -0.04010058939456939 0.05523478984832764 -0.005515658296644688
v -0.038940571248531335 0.05430710315704346 -0.010958903469145298
v -0.038940571248531335 0.05430710315704346 -0.010958903469145298
v -0.04010058939456939 0.05523478984832764 -0.005515658296644688
v -0.03918094187974929 0.054572876542806625 -0.010052659548819065
v 7.627915521446481e-10 -0.002634326694533229 -0.0634199008345604
v -4.611732151715841e-07 -8.838878420647234e-05 -0.06152886897325516
v -0.002431779401376843 -0.001756003824993968 -0.06282832473516464
v -0.002431779401376843 -0.001756003824993968 -0.06282832473516464
v -4.611732151715841e-07 -8.838878420647234e-05 -0.06152886897325516
v -0.00024481787113472814 8.336945029441267e-05 -0.061384133994579315
v -0.002431779401376843 -0.001756003824993968 -0.06282832473516464
v -0.00024481787113472814 8.336945029441267e-05 -0.061384133994579315
v -0.002795546548441052 0.0014335860032588243 -0.06016554683446884
v -0.002795546548441052 0.0014335860032588243 -0.06016554683446884
v -0.00024481787113472814 8.336945029441267e-05 -0.061384133994579315
v -2.749087002484884e-07 0.0020151745993644 -0.0595257505774498
v -0.002795546548441052 0.0014335860032588243 -0.06016554683446884
v -2.749087002484884e-07 0.0020151745993644 -0.0595257505774498
v -0.000888339418452233 0.0028841656167060137 -0.05851650983095169
v -0.000888339418452233 0.0028841656167060137 -0.05851650983095169
v -2.749087002484884e-07 0.0020151745993644 -0.0595257505774498
v -5.139127168263257e-08 0.003607646794989705 -0.05753675848245621
v -0.000888339418452233 0.0028841656167060137 -0.05851650983095169
v -5.139127168263257e-08 0.003607646794989705 -0.05753675848245621
v -0.0034801654983311887 0.004003243055194616 -0.05701447278261185
v -0.0034801654983311887 0.004003243055194616 -0.05701447278261185
v -5.139127168263257e-08 0.003607646794989705 -0.05753675848245621
v -0.0018587923841550944 0.004976151045411825 -0.05513928085565567
v -0.0034801654983311887 0.004003243055194616 -0.05701447278261185
v -0.0018587923841550944 0.004976151045411825 -0.05513928085565567
v -0.005921273492276668 0.005073470529168844 -0.05520971864461899
v -0.005921273492276668 0.005073470529168844 -0.05520971864461899
v -0.0018587923841550944 0.004976151045411825 -0.05513928085565567
v -0.004483713768422603 0.0056830584071576595 -0.05330926924943924
v -0.005921273492276668 0.005073470529168844 -0.05520971864461899
v -0.004483713768422603 0.0056830584071576595 -0.05330926924943924
v -0.008210807107388972 0.005969693418592215 -0.05320175737142563
v -0.008210807107388972 0.005969693418592215 -0.05320175737142563
v -0.004483713768422603 0.0056830584071576595 -0.05330926924943924
v -0.006962931714951991 0.006173865403980017 -0.05131746083498001
v -0.008210807107388972 0.005969693418592215 -0.05320175737142563
v -0.006962931714951991 0.006173865403980017 -0.05131746083498001
v -0.010369560681283472 0.006678236182779074 -0.05115353316068649
v -0.010369560681283472 0.006678236182779074 -0.05115353316068649
v -0.006962931714951991 0.006173865403980017 -0.05131746083498001
v -0.009314886294305323 0.006484081503003836 -0.049354247748851776
v -0.010369560681283472 0.006678236182779074 -0.05115353316068649
v -0.009314886294305323 0.006484081503003836 -0.049354247748851776
v -0.012429184280335901 0.007257269229739904 -0.049149222671985626
v -0.012429184280335901 0.007257269229739904 -0.049149222671985626
v -0.009314886294305323 0.006484081503003836 -0.049354247748851776
v -0.011566772125661371 0.006700736936181784 -0.04748610407114029
v -0.012429184280335901 0.007257269229739904 -0.049149222671985626
v -0.011566772125661371 0.006700736936181784 -0.04748610407114029
v -0.014420374296605585 0.0077729723416268826 -0.04719654470682144
v -0.014420374296605585 0.0077729723416268826 -0.04719654470682144
v -0.011566772125661371 0.006700736936181784 -0.04748610407114029
v -0.013743772171437739 0.006897707935422659 -0.045693449676036835
v -0.014420374296605585 0.0077729723416268826 -0.04719654470682144
v -0.013743772171437739 0.006897707935422659 -0.045693449676036835
v -0.016366727650165554 0.00828151497989893 -0.04526545852422714
v -0.016366727650165554 0.00828151497989893 -0.04526545852422714
v -0.013743772171437739 0.006897707935422659 -0.045693449676036835
v -0.018283203244209286 0.008828100748360157 -0.043313734233379364
v -0.016366727650165554 0.00828151497989893 -0.04526545852422714
v -0.018283203244209286 0.008828100748360157 -0.043313734233379364
v -0.016937620937824246 0.009233866818249226 -0.04664631932973862
v -0.016937620937824246 0.009233866818249226 -0.04664631932973862
v -0.018283203244209286 0.008828100748360157 -0.043313734233379364
v -0.018691204488277432 0.010039296932518482 -0.04455580562353134
v -0.016937620937824246 0.009233866818249226 -0.04664631932973862
v -0.018691204488277432 0.010039296932518482 -0.04455580562353134
v -0.017574757337570187 0.010008429177105427 -0.048038505017757416
v -0.017574757337570187 0.010008429177105427 -0.048038505017757416
v -0.018691204488277432 0.010039296932518482 -0.04455580562353134
v -0.019162058830261227 0.01108811516314745 -0.04582596570253372
v -0.017574757337570187 0.010008429177105427 -0.048038505017757416
v -0.019162058830261227 0.01108811516314745 -0.04582596570253372
v -0.018276594579219815 0.010628663934767246 -0.04941955953836441
v -0.018276594579219815 0.010628663934767246 -0.04941955953836441
v -0.019162058830261227 0.01108811516314745 -0.04582596570253372
v -0.019694596529006955 0.011992228217422962 -0.04710426181554794
v -0.018276594579219815 0.010628663934767246 -0.04941955953836441
v -0.019694596529006955 0.011992228217422962 -0.04710426181554794
v -0.019042365252971646 0.011118394322693348 -0.050773151218891144
v -0.019042365252971646 0.011118394322693348 -0.050773151218891144
v -0.019694596529006955 0.011992228217422962 -0.04710426181554794
v -0.02028805017471313 0.012770810164511204 -0.04837483912706375
v -0.019042365252971646 0.011118394322693348 -0.050773151218891144
v -0.02028805017471313 0.012770810164511204 -0.04837483912706375
v -0.01987187564373016 0.011500460095703602 -0.052088283002376556
v -0.01987187564373016 0.011500460095703602 -0.052088283002376556
v -0.02028805017471313 0.012770810164511204 -0.04837483912706375
v -0.020941793918609616 0.013443377800285816 -0.04962591081857681
v -0.01987187564373016 0.011500460095703602 -0.052088283002376556
v -0.020941793918609616 0.013443377800285816 -0.04962591081857681
v -0.02076504379510879 0.0117959538474679 -0.05335826426744461
v -0.02076504379510879 0.0117959538474679 -0.05335826426744461
v -0.020941793918609616 0.013443377800285816 -0.04962591081857681
v -0.021654985845088955 0.014029034413397312 -0.05084940046072006
v -0.02076504379510879 0.0117959538474679 -0.05335826426744461
v -0.021654985845088955 0.014029034413397312 -0.05084940046072006
v -0.021721497178077694 0.012024198658764362 -0.05457990616559982
v -0.021721497178077694 0.012024198658764362 -0.05457990616559982
v -0.021654985845088955 0.014029034413397312 -0.05084940046072006
v -0.023252464830875393 0.01501153502613306 -0.05319718271493912
v -0.021721497178077694 0.012024198658764362 -0.05457990616559982
v -0.023252464830875393 0.01501153502613306 -0.05319718271493912
v -0.022739350795745846 0.012202818877995014 -0.0557527020573616
v -0.022739350795745846 0.012202818877995014 -0.0557527020573616
v -0.023252464830875393 0.01501153502613306 -0.05319718271493912
v -0.025047980248928067 0.01585053838789463 -0.05540900677442551
v -0.022739350795745846 0.012202818877995014 -0.0557527020573616
v -0.025047980248928067 0.01585053838789463 -0.05540900677442551
v -0.024939522147178646 0.012477499432861805 -0.05796109884977341
v -0.024939522147178646 0.012477499432861805 -0.05796109884977341
v -0.025047980248928067 0.01585053838789463 -0.05540900677442551
v -0.026108063757419583 0.014588997699320316 -0.05774582177400589
v -0.024939522147178646 0.012477499432861805 -0.05796109884977341
v -0.026108063757419583 0.014588997699320316 -0.05774582177400589
v -0.024858064949512478 0.011024841107428074 -0.058920152485370636
v -0.0137937581166625 -0.0064710103906691074 -0.03841083496809006
v -0.017296709120273587 -0.0064710103906691074 -0.03705578297376633
v -0.014506741426885126 -0.004214780870825052 -0.038471244275569916
v -0.014506741426885126 -0.004214780870825052 -0.038471244275569916
v -0.017296709120273587 -0.0064710103906691074 -0.03705578297376633
v -0.017365738749504086 -0.00469536567106843 -0.03724973648786545
v -0.014506741426885126 -0.004214780870825052 -0.038471244275569916
v -0.017365738749504086 -0.00469536567106843 -0.03724973648786545
v -0.01727265119552612 -0.002269624499604106 -0.03773743659257889
v -0.01727265119552612 -0.002269624499604106 -0.03773743659257889
v -0.017365738749504086 -0.00469536567106843 -0.03724973648786545
v -0.02078355103731155 -0.0064710103906691074 -0.03521954268217087
v -0.01727265119552612 -0.002269624499604106 -0.03773743659257889
v -0.02078355103731155 -0.0064710103906691074 -0.03521954268217087
v -0.019897319376468655 -0.0024758826475590467 -0.03629710525274277
v -0.019897319376468655 -0.0024758826475590467 -0.03629710525274277
v -0.02078355103731155 -0.0064710103906691074 -0.03521954268217087
v -0.024196572601795193 -0.0064710103906691074 -0.032877273857593536
v -0.019897319376468655 -0.0024758826475590467 -0.03629710525274277
v -0.024196572601795193 -0.0064710103906691074 -0.032877273857593536
v -0.022373966872692105 -0.0024617116432636976 -0.03467041999101639
v -0.022373966872692105 -0.0024617116432636976 -0.03467041999101639
v -0.024196572601795193 -0.0064710103906691074 -0.032877273857593536
v -0.024687804281711575 -0.0022255207877606153 -0.03289058059453964
v -0.022373966872692105 -0.0024617116432636976 -0.03467041999101639
v -0.024687804281711575 -0.0022255207877606153 -0.03289058059453964
v -0.024221993982791897 0.00261775148101151 -0.034063734114170074
v -0.024221993982791897 0.00261775148101151 -0.034063734114170074
v -0.024687804281711575 -0.0022255207877606153 -0.03289058059453964
v -0.026270963251590725 0.003171463729813695 -0.03213643282651901
v -0.024221993982791897 0.00261775148101151 -0.034063734114170074
v -0.026270963251590725 0.003171463729813695 -0.03213643282651901
v -0.025864481925964352 0.007755843456834555 -0.03346727043390274
v -0.025864481925964352 0.007755843456834555 -0.03346727043390274
v -0.026270963251590725 0.003171463729813695 -0.03213643282651901
v -0.02768125385046005 0.008641202934086323 -0.03139323741197586
v -0.025864481925964352 0.007755843456834555 -0.03346727043390274
v -0.02768125385046005 0.008641202934086323 -0.03139323741197586
v -0.025626890361309048 0.011942488141357899 -0.03498706966638565
v -0.025626890361309048 0.011942488141357899 -0.03498706966638565
v -0.02768125385046005 0.008641202934086323 -0.03139323741197586
v -0.028937771916389462 0.014236473478376865 -0.03062751144170761
v -0.025626890361309048 0.011942488141357899 -0.03498706966638565
v -0.028937771916389462 0.014236473478376865 -0.03062751144170761
v -0.02556555718183517 0.015728017315268517 -0.036666177213191986
v -0.02556555718183517 0.015728017315268517 -0.036666177213191986
v -0.028937771916389462 0.014236473478376865 -0.03062751144170761
v -0.02861702442169189 0.018492409959435463 -0.03209812194108963
v -0.02556555718183517 0.015728017315268517 -0.036666177213191986
v -0.02861702442169189 0.018492409959435463 -0.03209812194108963
v -0.025675289332866665 0.019146787002682686 -0.03845899552106857
v -0.025675289332866665 0.019146787002682686 -0.03845899552106857
v -0.02861702442169189 0.018492409959435463 -0.03209812194108963
v -0.028417997062206265 0.022474361583590508 -0.033676616847515106
v -0.025675289332866665 0.019146787002682686 -0.03845899552106857
v -0.028417997062206265 0.022474361583590508 -0.033676616847515106
v -0.025932654738426205 0.022262318059802055 -0.04032393544912338
v -0.025932654738426205 0.022262318059802055 -0.04032393544912338
v -0.028417997062206265 0.022474361583590508 -0.033676616847515106
v -0.028312809765338894 0.026218364015221596 -0.03534821420907974
v -0.025932654738426205 0.022262318059802055 -0.04032393544912338
v -0.028312809765338894 0.026218364015221596 -0.03534821420907974
v -0.026286244392395016 0.02515607886016369 -0.04223696142435074
v -0.026286244392395016 0.02515607886016369 -0.04223696142435074
v -0.028312809765338894 0.026218364015221596 -0.03534821420907974
v -0.028239369392395016 0.029774963855743408 -0.037105493247509
v -0.026286244392395016 0.02515607886016369 -0.04223696142435074
v -0.028239369392395016 0.029774963855743408 -0.037105493247509
v -0.026647083461284634 0.02791409008204937 -0.04419540613889694
v -0.026647083461284634 0.02791409008204937 -0.04419540613889694
v -0.028239369392395016 0.029774963855743408 -0.037105493247509
v -0.028084248304367062 0.03319781646132469 -0.03895240277051926
v -0.026647083461284634 0.02791409008204937 -0.04419540613889694
v -0.028084248304367062 0.03319781646132469 -0.03895240277051926
v -0.026877075433731076 0.030608423054218292 -0.046203769743442535
v -0.026877075433731076 0.030608423054218292 -0.046203769743442535
v -0.028084248304367062 0.03319781646132469 -0.03895240277051926
v -0.027672357857227322 0.03653521090745926 -0.04089713841676712
v -0.026877075433731076 0.030608423054218292 -0.046203769743442535
v -0.027672357857227322 0.03653521090745926 -0.04089713841676712
v -0.027311027050018307 0.038100190460681915 -0.041872523725032806
v -0.027311027050018307 0.038100190460681915 -0.041872523725032806
v -0.027672357857227322 0.03653521090745926 -0.04089713841676712
v -0.027560755610466 0.03867790848016739 -0.040770433843135834
v -0.039455398917198174 0.05745701491832733 0.008734039030969143
v -0.03952671587467193 0.056247446686029434 0.00881477352231741
v -0.03832419961690902 0.05763480067253113 0.012735641561448574
v -0.02969483286142349 0.061926670372486115 0.02458088845014572
v -0.02720432728528976 0.062026023864746094 0.02721375972032547
v -0.02610698342323303 0.06349046528339386 0.026097558438777924
v -0.03096342086791992 0.06564466655254364 0.005261710844933987
v -0.032939769327640527 0.06503114104270935 0.0021146901417523623
v -0.034695863723754876 0.0642254650592804 0.003889641957357526
v -0.028606481850147244 0.06340009719133377 0.02347368746995926
v -0.02610698342323303 0.06349046528339386 0.026097558438777924
v -0.024736605584621426 0.06468185782432556 0.024708323180675507
v -0.026242196559906002 0.06613126397132874 0.0159294530749321
v -0.02426749467849731 0.06671833992004395 0.013935900293290615
v -0.028846547007560727 0.06611765176057816 0.008268213830888271
v -0.006473845802247523 0.05812968313694 0.03978518396615982
v -0.004329792223870753 0.057280559092760086 0.04020281881093979
v -0.0038885467220097776 0.05940109118819237 0.039742715656757355
v -0.005904286168515681 0.060121890157461166 0.039196766912937164
v -0.0038885467220097776 0.05940109118819237 0.039742715656757355
v -0.003035790519788861 0.061110105365514755 0.038871102035045624
v -0.026692003011703488 0.05600016936659813 0.030459605157375336
v -0.025890216231346127 0.05600016936659813 0.031143970787525177
v -0.025803722441196438 0.05809174105525017 0.03097423166036606
v -0.0010104320244863627 0.06037967652082443 0.03940742462873459
v -2.525569584577169e-07 0.05978529900312424 0.03971876949071884
v -5.05876698753127e-07 0.06132437288761139 0.03878267854452133
v -5.654813435285176e-07 0.06800029426813126 0.0078270947560668
v -0.004821888171136378 0.06787928938865662 0.014908350072801113
v -1.8550171887454778e-07 0.06783291697502136 0.0167061910033226
v -0.010495788417756556 0.0680079534649849 5.580903348345601e-07
v -0.015165007673203943 0.06786294281482697 0.004757977090775967
v -0.008008121512830256 0.0680311843752861 4.537822348993359e-07
v -0.008008121512830256 0.0680311843752861 4.537822348993359e-07
v -0.015165007673203943 0.06786294281482697 0.004757977090775967
v -0.010062522254884241 0.06794019043445587 0.009902245365083218
v -0.008008121512830256 0.0680311843752861 4.537822348993359e-07
v -0.010062522254884241 0.06794019043445587 0.009902245365083218
v 1.5722498858394826e-07 0.06800000369548798 -1.5716537404841802e-07
v -1.184465006076607e-07 0.06678599864244461 0.02714679390192032
v -1.1099592001073687e-07 0.06738568097352982 0.022904030978679657
v -0.001164651592262089 0.06686811149120331 0.02665894478559494
v -0.001164651592262089 0.06686811149120331 0.02665894478559494
v -1.1099592001073687e-07 0.06738568097352982 0.022904030978679657
v -0.004064402543008327 0.06717798858880997 0.024435319006443024
v -0.002126111881807446 0.06529588252305984 0.032781489193439484
v -0.00020804180530831215 0.06593959033489227 0.030844561755657196
v -0.001164651592262089 0.06686811149120331 0.02665894478559494
v -1.184465006076607e-07 0.06678599864244461 0.02714679390192032
v -0.001164651592262089 0.06686811149120331 0.02665894478559494
v -1.184465006076607e-07 0.06672155857086182 0.027495302259922028
v -1.184465006076607e-07 0.06672155857086182 0.027495302259922028
v -0.001164651592262089 0.06686811149120331 0.02665894478559494
v -0.00020804180530831215 0.06593959033489227 0.030844561755657196
v -1.184465006076607e-07 0.06672155857086182 0.027495302259922028
v -0.00020804180530831215 0.06593959033489227 0.030844561755657196
v 2.311453251024886e-08 0.06599447131156921 0.030650831758975983
v -5.88418522795564e-08 0.06388335675001144 0.035812459886074066
v -1.1099592001073687e-07 0.0649028941988945 0.033801548182964325
v -0.002126111881807446 0.06529588252305984 0.032781489193439484
v -0.002126111881807446 0.06529588252305984 0.032781489193439484
v -1.1099592001073687e-07 0.0649028941988945 0.033801548182964325
v 8.213372204579626e-09 0.06588904559612274 0.031020335853099823
v -0.002126111881807446 0.06529588252305984 0.032781489193439484
v 8.213372204579626e-09 0.06588904559612274 0.031020335853099823
v -0.00020804180530831215 0.06593959033489227 0.030844561755657196
v -0.00020804180530831215 0.06593959033489227 0.030844561755657196
v 8.213372204579626e-09 0.06588904559612274 0.031020335853099823
v 8.213372204579626e-09 0.06590280681848526 0.030973069369792938
v -0.00020804180530831215 0.06593959033489227 0.030844561755657196
v 8.213372204579626e-09 0.06590280681848526 0.030973069369792938
v 2.311453251024886e-08 0.06599447131156921 0.030650831758975983
v -2.525569584577169e-07 0.05978529900312424 0.03971876949071884
v -0.0010104320244863627 0.06037967652082443 0.03940742462873459
v -1.407982352930048e-07 0.05808134004473686 0.0402868315577507
v -1.407982352930048e-07 0.05808134004473686 0.0402868315577507
v -0.0010104320244863627 0.06037967652082443 0.03940742462873459
v -0.0017348445253446696 0.05854232236742973 0.04015069454908371
v -1.407982352930048e-07 0.05808134004473686 0.0402868315577507
v -0.0017348445253446696 0.05854232236742973 0.04015069454908371
v -2.3020520245609075e-07 0.05779483914375305 0.04034411162137985
v -2.3020520245609075e-07 0.05779483914375305 0.04034411162137985
v -0.0017348445253446696 0.05854232236742973 0.04015069454908371
v -0.002013064222410321 0.05625876784324646 0.04044777899980545
v -2.3020520245609075e-07 0.05779483914375305 0.04034411162137985
v -0.002013064222410321 0.05625876784324646 0.04044777899980545
v -1.7060055768070012e-07 0.056000154465436935 0.040500082075595856
v -0.007396480999886989 0.056000158190727234 0.039818860590457916
v -0.006626433692872523 0.056000158190727234 0.03995422273874283
v -0.006473845802247523 0.05812968313694 0.03978518396615982
v -0.006473845802247523 0.05812968313694 0.03978518396615982
v -0.006626433692872523 0.056000158190727234 0.03995422273874283
v -0.0043797558173537246 0.056000158190727234 0.040262483060359955
v -0.006473845802247523 0.05812968313694 0.03978518396615982
v -0.0043797558173537246 0.056000158190727234 0.040262483060359955
v -0.004329792223870753 0.057280559092760086 0.04020281881093979
v -0.004329792223870753 0.057280559092760086 0.04020281881093979
v -0.0043797558173537246 0.056000158190727234 0.040262483060359955
v -0.004154912196099757 0.056000158190727234 0.04028631001710892
v -0.026692003011703488 0.05600016936659813 0.030459605157375336
v -0.025803722441196438 0.05809174105525017 0.03097423166036606
v -0.029676817357540127 0.05600016936659813 0.027559690177440643
v -0.036641992628574364 0.056000176817178726 0.01725151389837265
v -0.03571581095457076 0.05600017309188843 0.01909530907869339
v -0.0352153331041336 0.057143889367580414 0.0198923721909523
v -0.039455398917198174 0.05745701491832733 0.008734039030969143
v -0.04014966636896133 0.056000180542469025 0.005315504036843777
v -0.03952671587467193 0.056247446686029434 0.00881477352231741
v -0.03952671587467193 0.056247446686029434 0.00881477352231741
v -0.04014966636896133 0.056000180542469025 0.005315504036843777
v -0.039392232894897454 0.056000176817178726 0.009407556615769863
v -0.03952671587467193 0.056247446686029434 0.00881477352231741
v -0.039392232894897454 0.056000176817178726 0.009407556615769863
v -0.03832419961690902 0.05763480067253113 0.012735641561448574
v -0.03832419961690902 0.05763480067253113 0.012735641561448574
v -0.039392232894897454 0.056000176817178726 0.009407556615769863
v -0.03871688246726989 0.056000176817178726 0.011884978972375393
v -0.04022874683141708 0.05692138150334358 0.00437458511441946
v -0.04025901108980178 0.056000180542469025 0.004411614499986172
v -0.04016897082328796 0.056000180542469025 0.005167565308511257
v -0.04022874683141708 0.05692138150334358 0.00437458511441946
v -0.04016897082328796 0.056000180542469025 0.005167565308511257
v -0.03927915543317794 0.05856166034936905 0.008548370562493801
v -0.04022125899791717 0.05818073824048042 0.001786551671102643
v -0.04044900089502334 0.056000180542469025 0.0020318992901593447
v -0.04042626172304153 0.056000180542469025 0.002442858414724469
v -0.04022125899791717 0.05818073824048042 0.001786551671102643
v -0.04042626172304153 0.056000180542469025 0.002442858414724469
v -0.040084540843963616 0.05805806443095207 0.004220939241349697
v -0.04044900089502334 0.056000180542469025 0.0020318992901593447
v -0.04022125899791717 0.05818073824048042 0.001786551671102643
v -0.04048317670822143 0.056000180542469025 0.0011673190165311098
v -0.04048317670822143 0.056000180542469025 0.0011673190165311098
v -0.04022125899791717 0.05818073824048042 0.001786551671102643
v -0.04040182381868362 0.05738399922847748 4.3888107370548823e-07
v -0.04048317670822143 0.056000180542469025 0.0011673190165311098
v -0.04040182381868362 0.05738399922847748 4.3888107370548823e-07
v -0.04050010442733764 0.05600018426775932 2.0046249460392573e-07
v -0.040319792926311486 0.05784991383552551 3.494741065424023e-07
v -0.04040182381868362 0.05738399922847748 4.3888107370548823e-07
v -0.03944981098175048 0.05998511239886284 0.0035673596430569887
v -0.03944981098175048 0.05998511239886284 0.0035673596430569887
v -0.04040182381868362 0.05738399922847748 4.3888107370548823e-07
v -0.04022125899791717 0.05818073824048042 0.001786551671102643
v -0.03944981098175048 0.05998511239886284 0.0035673596430569887
v -0.04022125899791717 0.05818073824048042 0.001786551671102643
v -0.039822168648242944 0.05907657742500305 0.003949142061173916
v -0.039822168648242944 0.05907657742500305 0.003949142061173916
v -0.04022125899791717 0.05818073824048042 0.001786551671102643
v -0.040084540843963616 0.05805806443095207 0.004220939241349697
v -0.025729738175868985 0.0668795257806778 2.451659781854687e-07
v -0.029792942106723782 0.06603525578975677 8.125319794771713e-08
v -0.026871755719184872 0.0666765421628952 0.0011323310900479555
v -0.025729738175868985 0.0668795257806778 2.451659781854687e-07
v -0.026871755719184872 0.0666765421628952 0.0011323310900479555
v -0.020724974572658535 0.06750953942537308 1.8556133341007808e-07
v -0.001859604497440159 0.062495697289705276 0.03767605870962143
v -0.0054543307051062575 0.0635005533695221 0.036147408187389374
v -0.003035790519788861 0.061110105365514755 0.038871102035045624
v -0.003035790519788861 0.061110105365514755 0.038871102035045624
v -0.0054543307051062575 0.0635005533695221 0.036147408187389374
v -0.006781197153031825 0.06226564571261406 0.037493132054805756
v -0.003035790519788861 0.061110105365514755 0.038871102035045624
v -0.006781197153031825 0.06226564571261406 0.037493132054805756
v -0.005904286168515681 0.060121890157461166 0.039196766912937164
v -0.005904286168515681 0.060121890157461166 0.039196766912937164
v -0.006781197153031825 0.06226564571261406 0.037493132054805756
v -0.007809988223016261 0.060732658952474594 0.0385407879948616
v -0.005904286168515681 0.060121890157461166 0.039196766912937164
v -0.007809988223016261 0.060732658952474594 0.0385407879948616
v -0.008482768200337885 0.058843668550252914 0.03923242539167404
v -0.0038885467220097776 0.05940109118819237 0.039742715656757355
v -0.005904286168515681 0.060121890157461166 0.039196766912937164
v -0.006473845802247523 0.05812968313694 0.03978518396615982
v -0.006473845802247523 0.05812968313694 0.03978518396615982
v -0.005904286168515681 0.060121890157461166 0.039196766912937164
v -0.008482768200337885 0.058843668550252914 0.03923242539167404
v -0.006473845802247523 0.05812968313694 0.03978518396615982
v -0.008482768200337885 0.058843668550252914 0.03923242539167404
v -0.007396480999886989 0.056000158190727234 0.039818860590457916
v -0.007396480999886989 0.056000158190727234 0.039818860590457916
v -0.008482768200337885 0.058843668550252914 0.03923242539167404
v -0.008760630153119562 0.05655976012349129 0.03952915221452713
v -0.007396480999886989 0.056000158190727234 0.039818860590457916
v -0.008760630153119562 0.05655976012349129 0.03952915221452713
v -0.008267118595540522 0.056000158190727234 0.03964725881814957
v -0.01229202654212713 0.05600016191601753 0.038589589297771454
v -0.008267118595540522 0.056000158190727234 0.03964725881814957
v -0.01266739424318075 0.05787665769457817 0.03831254690885544
v -0.01266739424318075 0.05787665769457817 0.03831254690885544
v -0.008267118595540522 0.056000158190727234 0.03964725881814957
v -0.008760630153119562 0.05655976012349129 0.03952915221452713
v -0.01266739424318075 0.05787665769457817 0.03831254690885544
v -0.008760630153119562 0.05655976012349129 0.03952915221452713
v -0.01219628658145666 0.059967316687107086 0.03782256692647934
v -0.01219628658145666 0.059967316687107086 0.03782256692647934
v -0.008760630153119562 0.05655976012349129 0.03952915221452713
v -0.008482768200337885 0.058843668550252914 0.03923242539167404
v -0.01219628658145666 0.059967316687107086 0.03782256692647934
v -0.008482768200337885 0.058843668550252914 0.03923242539167404
v -0.011368601582944391 0.06170141324400902 0.036976031959056854
v -0.011368601582944391 0.06170141324400902 0.036976031959056854
v -0.008482768200337885 0.058843668550252914 0.03923242539167404
v -0.007809988223016261 0.060732658952474594 0.0385407879948616
v -0.011368601582944391 0.06170141324400902 0.036976031959056854
v -0.007809988223016261 0.060732658952474594 0.0385407879948616
v -0.010219461284577845 0.06311404705047607 0.03580803424119949
v -0.010219461284577845 0.06311404705047607 0.03580803424119949
v -0.007809988223016261 0.060732658952474594 0.0385407879948616
v -0.006781197153031825 0.06226564571261406 0.037493132054805756
v -0.010219461284577845 0.06311404705047607 0.03580803424119949
v -0.006781197153031825 0.06226564571261406 0.037493132054805756
v -0.008792980574071406 0.06424933671951294 0.03436269611120224
v -0.008792980574071406 0.06424933671951294 0.03436269611120224
v -0.006781197153031825 0.06226564571261406 0.037493132054805756
v -0.0054543307051062575 0.0635005533695221 0.036147408187389374
v -0.008792980574071406 0.06424933671951294 0.03436269611120224
v -0.01193504687398672 0.06480153650045395 0.032381393015384674
v -0.010219461284577845 0.06311404705047607 0.03580803424119949
v -0.010219461284577845 0.06311404705047607 0.03580803424119949
v -0.01193504687398672 0.06480153650045395 0.032381393015384674
v -0.013433150015771387 0.06373786926269531 0.03389836102724075
v -0.010219461284577845 0.06311404705047607 0.03580803424119949
v -0.013433150015771387 0.06373786926269531 0.03389836102724075
v -0.011368601582944391 0.06170141324400902 0.036976031959056854
v -0.011368601582944391 0.06170141324400902 0.036976031959056854
v -0.013433150015771387 0.06373786926269531 0.03389836102724075
v -0.014669380150735377 0.0624123215675354 0.03515344113111496
v -0.011368601582944391 0.06170141324400902 0.036976031959056854
v -0.014669380150735377 0.0624123215675354 0.03515344113111496
v -0.01219628658145666 0.059967316687107086 0.03782256692647934
v -0.01219628658145666 0.059967316687107086 0.03782256692647934
v -0.014669380150735377 0.0624123215675354 0.03515344113111496
v -0.015605113469064234 0.060786280781030655 0.036108024418354034
v -0.01219628658145666 0.059967316687107086 0.03782256692647934
v -0.015605113469064234 0.060786280781030655 0.036108024418354034
v -0.01266739424318075 0.05787665769457817 0.03831254690885544
v -0.01266739424318075 0.05787665769457817 0.03831254690885544
v -0.015605113469064234 0.060786280781030655 0.036108024418354034
v -0.01620768755674362 0.05882708355784416 0.03672946244478226
v -0.01266739424318075 0.05787665769457817 0.03831254690885544
v -0.01620768755674362 0.05882708355784416 0.03672946244478226
v -0.01229202654212713 0.05600016191601753 0.038589589297771454
v -0.01229202654212713 0.05600016191601753 0.038589589297771454
v -0.01620768755674362 0.05882708355784416 0.03672946244478226
v -0.016454353928565976 0.05651197209954262 0.03699498623609543
v -0.01229202654212713 0.05600016191601753 0.038589589297771454
v -0.016454353928565976 0.05651197209954262 0.03699498623609543
v -0.016187161207199093 0.05600016191601753 0.03712446242570877
v -0.0038870715070515867 0.06449506431818008 0.03456129878759384
v -0.00528887566179037 0.06586878001689911 0.030820883810520172
v -0.007135412655770778 0.06515354663133621 0.0326862707734108
v -0.007135412655770778 0.06515354663133621 0.0326862707734108
v -0.00528887566179037 0.06586878001689911 0.030820883810520172
v -0.008307336829602717 0.06629737466573715 0.028715960681438446
v -0.007135412655770778 0.06515354663133621 0.0326862707734108
v -0.008307336829602717 0.06629737466573715 0.028715960681438446
v -0.010214201174676417 0.06564246118068695 0.03064168244600296
v -0.010214201174676417 0.06564246118068695 0.03064168244600296
v -0.008307336829602717 0.06629737466573715 0.028715960681438446
v -0.011202960275113581 0.06660313159227371 0.026488222181797028
v -0.010214201174676417 0.06564246118068695 0.03064168244600296
v -0.011202960275113581 0.06660313159227371 0.026488222181797028
v -0.013153075240552424 0.06599146872758865 0.028457187116146088
v -0.013153075240552424 0.06599146872758865 0.028457187116146088
v -0.011202960275113581 0.06660313159227371 0.026488222181797028
v -0.01399289723485708 0.06680320203304291 0.024154789745807648
v -0.013153075240552424 0.06599146872758865 0.028457187116146088
v -0.01399289723485708 0.06680320203304291 0.024154789745807648
v -0.01597250252962112 0.06622103601694107 0.026153244078159332
v -0.01193504687398672 0.06480153650045395 0.032381393015384674
v -0.014920062385499476 0.0651966854929924 0.030243031680583954
v -0.013433150015771387 0.06373786926269531 0.03389836102724075
v -0.013433150015771387 0.06373786926269531 0.03389836102724075
v -0.014920062385499476 0.0651966854929924 0.030243031680583954
v -0.01646967232227325 0.0641845241189003 0.03181149810552597
v -0.013433150015771387 0.06373786926269531 0.03389836102724075
v -0.01646967232227325 0.0641845241189003 0.03181149810552597
v -0.014669380150735377 0.0624123215675354 0.03515344113111496
v -0.014669380150735377 0.0624123215675354 0.03515344113111496
v -0.01646967232227325 0.0641845241189003 0.03181149810552597
v -0.017766490578651425 0.06291956454515457 0.033127181231975555
v -0.014669380150735377 0.0624123215675354 0.03515344113111496
v -0.017766490578651425 0.06291956454515457 0.033127181231975555
v -0.015605113469064234 0.060786280781030655 0.036108024418354034
v -0.015605113469064234 0.060786280781030655 0.036108024418354034
v -0.017766490578651425 0.06291956454515457 0.033127181231975555
v -0.018776699900627133 0.06136799976229668 0.03415624052286148
v -0.015605113469064234 0.060786280781030655 0.036108024418354034
v -0.018776699900627133 0.06136799976229668 0.03415624052286148
v -0.01620768755674362 0.05882708355784416 0.03672946244478226
v -0.01620768755674362 0.05882708355784416 0.03672946244478226
v -0.018776699900627133 0.06136799976229668 0.03415624052286148
v -0.019470103085041043 0.059499628841876984 0.034868501126766205
v -0.01620768755674362 0.05882708355784416 0.03672946244478226
v -0.019470103085041043 0.059499628841876984 0.034868501126766205
v -0.016454353928565976 0.05651197209954262 0.03699498623609543
v -0.016454353928565976 0.05651197209954262 0.03699498623609543
v -0.019470103085041043 0.059499628841876984 0.034868501126766205
v -0.019822575151920315 0.057290323078632355 0.035239823162555695
v -0.016454353928565976 0.05651197209954262 0.03699498623609543
v -0.019822575151920315 0.057290323078632355 0.035239823162555695
v -0.016187161207199093 0.05600016191601753 0.03712446242570877
v -0.016187161207199093 0.05600016191601753 0.03712446242570877
v -0.019822575151920315 0.057290323078632355 0.035239823162555695
v -0.019911371171474453 0.05600016564130783 0.035267360508441925
v -0.02342535555362701 0.05600016564130783 0.03303789347410202
v -0.019911371171474453 0.05600016564130783 0.035267360508441925
v -0.0229264423251152 0.05780433118343353 0.0332203283905983
v -0.0229264423251152 0.05780433118343353 0.0332203283905983
v -0.019911371171474453 0.05600016564130783 0.035267360508441925
v -0.019822575151920315 0.057290323078632355 0.035239823162555695
v -0.0229264423251152 0.05780433118343353 0.0332203283905983
v -0.019822575151920315 0.057290323078632355 0.035239823162555695
v -0.022505216300487515 0.05994487926363945 0.032780252397060394
v -0.022505216300487515 0.05994487926363945 0.032780252397060394
v -0.019822575151920315 0.057290323078632355 0.035239823162555695
v -0.019470103085041043 0.059499628841876984 0.034868501126766205
v -0.022505216300487515 0.05994487926363945 0.032780252397060394
v -0.019470103085041043 0.059499628841876984 0.034868501126766205
v -0.021753296256065365 0.061754729598760605 0.03200946003198624
v -0.021753296256065365 0.061754729598760605 0.03200946003198624
v -0.019470103085041043 0.059499628841876984 0.034868501126766205
v -0.018776699900627133 0.06136799976229668 0.03415624052286148
v -0.021753296256065365 0.061754729598760605 0.03200946003198624
v -0.018776699900627133 0.06136799976229668 0.03415624052286148
v -0.02069369703531265 0.06325690448284149 0.0309310182929039
v -0.02069369703531265 0.06325690448284149 0.0309310182929039
v -0.018776699900627133 0.06136799976229668 0.03415624052286148
v -0.017766490578651425 0.06291956454515457 0.033127181231975555
v -0.02069369703531265 0.06325690448284149 0.0309310182929039
v -0.017766490578651425 0.06291956454515457 0.033127181231975555
v -0.01935542374849319 0.06448040902614594 0.02957388013601303
v -0.01935542374849319 0.06448040902614594 0.02957388013601303
v -0.017766490578651425 0.06291956454515457 0.033127181231975555
v -0.01646967232227325 0.0641845241189003 0.03181149810552597
v -0.01935542374849319 0.06448040902614594 0.02957388013601303
v -0.01646967232227325 0.0641845241189003 0.03181149810552597
v -0.017770707607269284 0.06545746326446533 0.02797030657529831
v -0.017770707607269284 0.06545746326446533 0.02797030657529831
v -0.01646967232227325 0.0641845241189003 0.03181149810552597
v -0.014920062385499476 0.0651966854929924 0.030243031680583954
v -0.025890216231346127 0.05600016936659813 0.031143970787525177
v -0.02342535555362701 0.05600016564130783 0.03303789347410202
v -0.025803722441196438 0.05809174105525017 0.03097423166036606
v -0.025803722441196438 0.05809174105525017 0.03097423166036606
v -0.02342535555362701 0.05600016564130783 0.03303789347410202
v -0.0229264423251152 0.05780433118343353 0.0332203283905983
v -0.025803722441196438 0.05809174105525017 0.03097423166036606
v -0.0229264423251152 0.05780433118343353 0.0332203283905983
v -0.025343805551528927 0.06019360199570656 0.030495472252368927
v -0.025343805551528927 0.06019360199570656 0.030495472252368927
v -0.0229264423251152 0.05780433118343353 0.0332203283905983
v -0.022505216300487515 0.05994487926363945 0.032780252397060394
v -0.025343805551528927 0.06019360199570656 0.030495472252368927
v -0.022505216300487515 0.05994487926363945 0.032780252397060394
v -0.024558290839195248 0.061969857662916183 0.029691092669963837
v -0.024558290839195248 0.061969857662916183 0.029691092669963837
v -0.022505216300487515 0.05994487926363945 0.032780252397060394
v -0.021753296256065365 0.061754729598760605 0.03200946003198624
v -0.024558290839195248 0.061969857662916183 0.029691092669963837
v -0.021753296256065365 0.061754729598760605 0.03200946003198624
v -0.023470319807529446 0.06344366073608398 0.02858426421880722
v -0.023470319807529446 0.06344366073608398 0.02858426421880722
v -0.021753296256065365 0.061754729598760605 0.03200946003198624
v -0.02069369703531265 0.06325690448284149 0.0309310182929039
v -0.023470319807529446 0.06344366073608398 0.02858426421880722
v -0.02069369703531265 0.06325690448284149 0.0309310182929039
v -0.022108100354671475 0.06464321911334991 0.027203194797039032
v -0.022108100354671475 0.06464321911334991 0.027203194797039032
v -0.02069369703531265 0.06325690448284149 0.0309310182929039
v -0.01935542374849319 0.06448040902614594 0.02957388013601303
v -0.022108100354671475 0.06464321911334991 0.027203194797039032
v -0.01935542374849319 0.06448040902614594 0.02957388013601303
v -0.0205027163028717 0.06559960544109344 0.025578953325748444
v -0.0205027163028717 0.06559960544109344 0.025578953325748444
v -0.01935542374849319 0.06448040902614594 0.02957388013601303
v -0.017770707607269284 0.06545746326446533 0.02797030657529831
v -0.0205027163028717 0.06559960544109344 0.025578953325748444
v -0.017770707607269284 0.06545746326446533 0.02797030657529831
v -0.01597250252962112 0.06622103601694107 0.026153244078159332
v -0.01597250252962112 0.06622103601694107 0.026153244078159332
v -0.017770707607269284 0.06545746326446533 0.02797030657529831
v -0.014920062385499476 0.0651966854929924 0.030243031680583954
v -0.01597250252962112 0.06622103601694107 0.026153244078159332
v -0.014920062385499476 0.0651966854929924 0.030243031680583954
v -0.013153075240552424 0.06599146872758865 0.028457187116146088
v -0.013153075240552424 0.06599146872758865 0.028457187116146088
v -0.014920062385499476 0.0651966854929924 0.030243031680583954
v -0.01193504687398672 0.06480153650045395 0.032381393015384674
v -0.013153075240552424 0.06599146872758865 0.028457187116146088
v -0.01193504687398672 0.06480153650045395 0.032381393015384674
v -0.010214201174676417 0.06564246118068695 0.03064168244600296
v -0.010214201174676417 0.06564246118068695 0.03064168244600296
v -0.01193504687398672 0.06480153650045395 0.032381393015384674
v -0.008792980574071406 0.06424933671951294 0.03436269611120224
v -0.010214201174676417 0.06564246118068695 0.03064168244600296
v -0.008792980574071406 0.06424933671951294 0.03436269611120224
v -0.007135412655770778 0.06515354663133621 0.0326862707734108
v -0.007135412655770778 0.06515354663133621 0.0326862707734108
v -0.008792980574071406 0.06424933671951294 0.03436269611120224
v -0.0054543307051062575 0.0635005533695221 0.036147408187389374
v -0.007135412655770778 0.06515354663133621 0.0326862707734108
v -0.0054543307051062575 0.0635005533695221 0.036147408187389374
v -0.0038870715070515867 0.06449506431818008 0.03456129878759384
v -0.0038870715070515867 0.06449506431818008 0.03456129878759384
v -0.0054543307051062575 0.0635005533695221 0.036147408187389374
v -0.001859604497440159 0.062495697289705276 0.03767605870962143
v -0.0038870715070515867 0.06449506431818008 0.03456129878759384
v -0.001859604497440159 0.062495697289705276 0.03767605870962143
v -0.0004276029649190604 0.06362546980381012 0.03622520714998245
v -0.034695863723754876 0.0642254650592804 0.003889641957357526
v -0.03637684136629104 0.06331657618284225 0.0004472502041608095
v -0.03780629485845565 0.062184255570173264 0.0018955536652356386
v -0.03780629485845565 0.062184255570173264 0.0018955536652356386
v -0.03637684136629104 0.06331657618284225 0.0004472502041608095
v -0.03878102451562881 0.06115372106432915 2.164855672504018e-08
v -0.03780629485845565 0.062184255570173264 0.0018955536652356386
v -0.03878102451562881 0.06115372106432915 2.164855672504018e-08
v -0.0397503450512886 0.05958569049835205 6.635203675386947e-08
v -0.026242196559906002 0.06613126397132874 0.0159294530749321
v -0.030749425292015072 0.0654587596654892 0.010189942084252834
v -0.03247186541557311 0.06461942940950394 0.01193124707788229
v -0.03247186541557311 0.06461942940950394 0.01193124707788229
v -0.030749425292015072 0.0654587596654892 0.010189942084252834
v -0.03446590155363082 0.06402359902858734 0.008801913820207119
v -0.03247186541557311 0.06461942940950394 0.01193124707788229
v -0.03446590155363082 0.06402359902858734 0.008801913820207119
v -0.03589691966772079 0.0628928393125534 0.010251781903207302
v -0.03589691966772079 0.0628928393125534 0.010251781903207302
v -0.03446590155363082 0.06402359902858734 0.008801913820207119
v -0.03759519010782241 0.062001246958971024 0.006826690398156643
v -0.03589691966772079 0.0628928393125534 0.010251781903207302
v -0.03759519010782241 0.062001246958971024 0.006826690398156643
v -0.03862171620130538 0.06046599522233009 0.007872066460549831
v -0.026242196559906002 0.06613126397132874 0.0159294530749321
v -0.028846547007560727 0.06611765176057816 0.008268213830888271
v -0.030749425292015072 0.0654587596654892 0.010189942084252834
v -0.030749425292015072 0.0654587596654892 0.010189942084252834
v -0.028846547007560727 0.06611765176057816 0.008268213830888271
v -0.032806150615215295 0.06492561846971512 0.0071232980117201805
v -0.030749425292015072 0.0654587596654892 0.010189942084252834
v -0.032806150615215295 0.06492561846971512 0.0071232980117201805
v -0.03446590155363082 0.06402359902858734 0.008801913820207119
v -0.03446590155363082 0.06402359902858734 0.008801913820207119
v -0.032806150615215295 0.06492561846971512 0.0071232980117201805
v -0.03626481443643569 0.06323263794183731 0.005477449856698513
v -0.03446590155363082 0.06402359902858734 0.008801913820207119
v -0.03626481443643569 0.06323263794183731 0.005477449856698513
v -0.03759519010782241 0.062001246958971024 0.006826690398156643
v -0.03759519010782241 0.062001246958971024 0.006826690398156643
v -0.03626481443643569 0.06323263794183731 0.005477449856698513
v -0.03898115456104278 0.06079733744263649 0.0030892707873135805
v -0.03759519010782241 0.062001246958971024 0.006826690398156643
v -0.03898115456104278 0.06079733744263649 0.0030892707873135805
v -0.03862171620130538 0.06046599522233009 0.007872066460549831
v -0.024736605584621426 0.06468185782432556 0.024708323180675507
v -0.023124389350414273 0.06563141196966171 0.023077242076396942
v -0.02724342048168182 0.06459880620241165 0.02209176868200302
v -0.02724342048168182 0.06459880620241165 0.02209176868200302
v -0.023124389350414273 0.06563141196966171 0.023077242076396942
v -0.029625274240970608 0.06439079344272614 0.01935025304555893
v -0.02724342048168182 0.06459880620241165 0.02209176868200302
v -0.029625274240970608 0.06439079344272614 0.01935025304555893
v -0.030965194106101986 0.06316893547773361 0.020709030330181122
v -0.030965194106101986 0.06316893547773361 0.020709030330181122
v -0.029625274240970608 0.06439079344272614 0.01935025304555893
v -0.033173471689224236 0.06278734654188156 0.0177939310669899
v -0.030965194106101986 0.06316893547773361 0.020709030330181122
v -0.033173471689224236 0.06278734654188156 0.0177939310669899
v -0.0341837853193283 0.06123588979244232 0.018823109567165375
v -0.0341837853193283 0.06123588979244232 0.018823109567165375
v -0.033173471689224236 0.06278734654188156 0.0177939310669899
v -0.03614591807126998 0.0606081523001194 0.015661858022212982
v -0.0341837853193283 0.06123588979244232 0.018823109567165375
v -0.03614591807126998 0.0606081523001194 0.015661858022212982
v -0.03674036264419555 0.058640822768211365 0.016275160014629364
v -0.03674036264419555 0.058640822768211365 0.016275160014629364
v -0.03614591807126998 0.0606081523001194 0.015661858022212982
v -0.03832419961690902 0.05763480067253113 0.012735641561448574
v -0.03674036264419555 0.058640822768211365 0.016275160014629364
v -0.03832419961690902 0.05763480067253113 0.012735641561448574
v -0.038218878209590905 0.056000176817178726 0.013400278054177761
v -0.038218878209590905 0.056000176817178726 0.013400278054177761
v -0.03832419961690902 0.05763480067253113 0.012735641561448574
v -0.03871688246726989 0.056000176817178726 0.011884978972375393
v -0.028000265359878537 0.060260191559791565 0.02802855521440506
v -0.02720432728528976 0.062026023864746094 0.02721375972032547
v -0.030479416251182553 0.06014947593212128 0.0253843292593956
v -0.030479416251182553 0.06014947593212128 0.0253843292593956
v -0.02720432728528976 0.062026023864746094 0.02721375972032547
v -0.02969483286142349 0.061926670372486115 0.02458088845014572
v -0.030479416251182553 0.06014947593212128 0.0253843292593956
v -0.02969483286142349 0.061926670372486115 0.02458088845014572
v -0.032775416970252984 0.05985561013221741 0.02255696803331375
v -0.028471700847148892 0.058169856667518616 0.02851884812116623
v -0.028000265359878537 0.060260191559791565 0.02802855521440506
v -0.03093660622835159 0.05804489552974701 0.02586037665605545
v -0.03093660622835159 0.05804489552974701 0.02586037665605545
v -0.028000265359878537 0.060260191559791565 0.02802855521440506
v -0.030479416251182553 0.06014947593212128 0.0253843292593956
v -0.03093660622835159 0.05804489552974701 0.02586037665605545
v -0.030479416251182553 0.06014947593212128 0.0253843292593956
v -0.033191055059432976 0.0577094741165638 0.02299145609140396
v -0.033191055059432976 0.0577094741165638 0.02299145609140396
v -0.030479416251182553 0.06014947593212128 0.0253843292593956
v -0.032775416970252984 0.05985561013221741 0.02255696803331375
v -0.033191055059432976 0.0577094741165638 0.02299145609140396
v -0.032775416970252984 0.05985561013221741 0.02255696803331375
v -0.0352153331041336 0.057143889367580414 0.0198923721909523
v -0.02610698342323303 0.06349046528339386 0.026097558438777924
v -0.028606481850147244 0.06340009719133377 0.02347368746995926
v -0.02969483286142349 0.061926670372486115 0.02458088845014572
v -0.02969483286142349 0.061926670372486115 0.02458088845014572
v -0.028606481850147244 0.06340009719133377 0.02347368746995926
v -0.03202535212039947 0.06166732311248779 0.021788038313388824
v -0.02969483286142349 0.061926670372486115 0.02458088845014572
v -0.03202535212039947 0.06166732311248779 0.021788038313388824
v -0.032775416970252984 0.05985561013221741 0.02255696803331375
v -0.032775416970252984 0.05985561013221741 0.02255696803331375
v -0.03202535212039947 0.06166732311248779 0.021788038313388824
v -0.03487268090248107 0.05936301127076149 0.019530855119228363
v -0.032775416970252984 0.05985561013221741 0.02255696803331375
v -0.03487268090248107 0.05936301127076149 0.019530855119228363
v -0.0352153331041336 0.057143889367580414 0.0198923721909523
v -0.0352153331041336 0.057143889367580414 0.0198923721909523
v -0.03487268090248107 0.05936301127076149 0.019530855119228363
v -0.03697084635496139 0.0563095360994339 0.01652451604604721
v -0.0352153331041336 0.057143889367580414 0.0198923721909523
v -0.03697084635496139 0.0563095360994339 0.01652451604604721
v -0.036641992628574364 0.056000176817178726 0.01725151389837265
v -0.024736605584621426 0.06468185782432556 0.024708323180675507
v -0.02724342048168182 0.06459880620241165 0.02209176868200302
v -0.028606481850147244 0.06340009719133377 0.02347368746995926
v -0.028606481850147244 0.06340009719133377 0.02347368746995926
v -0.02724342048168182 0.06459880620241165 0.02209176868200302
v -0.030965194106101986 0.06316893547773361 0.020709030330181122
v -0.028606481850147244 0.06340009719133377 0.02347368746995926
v -0.030965194106101986 0.06316893547773361 0.020709030330181122
v -0.03202535212039947 0.06166732311248779 0.021788038313388824
v -0.03202535212039947 0.06166732311248779 0.021788038313388824
v -0.030965194106101986 0.06316893547773361 0.020709030330181122
v -0.0341837853193283 0.06123588979244232 0.018823109567165375
v -0.03202535212039947 0.06166732311248779 0.021788038313388824
v -0.0341837853193283 0.06123588979244232 0.018823109567165375
v -0.03487268090248107 0.05936301127076149 0.019530855119228363
v -0.03487268090248107 0.05936301127076149 0.019530855119228363
v -0.0341837853193283 0.06123588979244232 0.018823109567165375
v -0.03674036264419555 0.058640822768211365 0.016275160014629364
v -0.03487268090248107 0.05936301127076149 0.019530855119228363
v -0.03674036264419555 0.058640822768211365 0.016275160014629364
v -0.03697084635496139 0.0563095360994339 0.01652451604604721
v -0.03697084635496139 0.0563095360994339 0.01652451604604721
v -0.03674036264419555 0.058640822768211365 0.016275160014629364
v -0.038218878209590905 0.056000176817178726 0.013400278054177761
v -0.03697084635496139 0.0563095360994339 0.01652451604604721
v -0.038218878209590905 0.056000176817178726 0.013400278054177761
v -0.036641992628574364 0.056000176817178726 0.01725151389837265
v -0.028039358556270596 0.06536664813756943 0.017745472490787506
v -0.030321985483169552 0.06505941599607468 0.014904729090631008
v -0.03187400102615356 0.06404965370893478 0.016475610435009003
v -0.03187400102615356 0.06404965370893478 0.016475610435009003
v -0.030321985483169552 0.06505941599607468 0.014904729090631008
v -0.03397370129823684 0.06355948746204376 0.013451925478875637
v -0.03187400102615356 0.06404965370893478 0.016475610435009003
v -0.03397370129823684 0.06355948746204376 0.013451925478875637
v -0.03521210700273513 0.06223611533641815 0.01470919605344534
v -0.03521210700273513 0.06223611533641815 0.01470919605344534
v -0.03397370129823684 0.06355948746204376 0.013451925478875637
v -0.037047877907752984 0.0614820197224617 0.011421597562730312
v -0.03521210700273513 0.06223611533641815 0.01470919605344534
v -0.037047877907752984 0.0614820197224617 0.011421597562730312
v -0.03786958754062652 0.05974195897579193 0.012262157164514065
v -0.040084540843963616 0.05805806443095207 0.004220939241349697
v -0.03899992257356643 0.05956331267952919 0.00825969036668539
v -0.039822168648242944 0.05907657742500305 0.003949142061173916
v -0.039822168648242944 0.05907657742500305 0.003949142061173916
v -0.03899992257356643 0.05956331267952919 0.00825969036668539
v -0.03862171620130538 0.06046599522233009 0.007872066460549831
v -0.039822168648242944 0.05907657742500305 0.003949142061173916
v -0.03862171620130538 0.06046599522233009 0.007872066460549831
v -0.03944981098175048 0.05998511239886284 0.0035673596430569887
v -0.03944981098175048 0.05998511239886284 0.0035673596430569887
v -0.03862171620130538 0.06046599522233009 0.007872066460549831
v -0.03898115456104278 0.06079733744263649 0.0030892707873135805
v -0.03944981098175048 0.05998511239886284 0.0035673596430569887
v -0.03898115456104278 0.06079733744263649 0.0030892707873135805
v -0.040319792926311486 0.05784991383552551 3.494741065424023e-07
v -0.028039358556270596 0.06536664813756943 0.017745472490787506
v -0.026242196559906002 0.06613126397132874 0.0159294530749321
v -0.030321985483169552 0.06505941599607468 0.014904729090631008
v -0.030321985483169552 0.06505941599607468 0.014904729090631008
v -0.026242196559906002 0.06613126397132874 0.0159294530749321
v -0.03247186541557311 0.06461942940950394 0.01193124707788229
v -0.030321985483169552 0.06505941599607468 0.014904729090631008
v -0.03247186541557311 0.06461942940950394 0.01193124707788229
v -0.03397370129823684 0.06355948746204376 0.013451925478875637
v -0.03397370129823684 0.06355948746204376 0.013451925478875637
v -0.03247186541557311 0.06461942940950394 0.01193124707788229
v -0.03589691966772079 0.0628928393125534 0.010251781903207302
v -0.03397370129823684 0.06355948746204376 0.013451925478875637
v -0.03589691966772079 0.0628928393125534 0.010251781903207302
v -0.037047877907752984 0.0614820197224617 0.011421597562730312
v -0.037047877907752984 0.0614820197224617 0.011421597562730312
v -0.03589691966772079 0.0628928393125534 0.010251781903207302
v -0.03862171620130538 0.06046599522233009 0.007872066460549831
v -0.037047877907752984 0.0614820197224617 0.011421597562730312
v -0.03862171620130538 0.06046599522233009 0.007872066460549831
v -0.03786958754062652 0.05974195897579193 0.012262157164514065
v -0.03786958754062652 0.05974195897579193 0.012262157164514065
v -0.03862171620130538 0.06046599522233009 0.007872066460549831
v -0.03899992257356643 0.05956331267952919 0.00825969036668539
v -0.03786958754062652 0.05974195897579193 0.012262157164514065
v -0.03899992257356643 0.05956331267952919 0.00825969036668539
v -0.03927915543317794 0.05856166034936905 0.008548370562493801
v -0.03927915543317794 0.05856166034936905 0.008548370562493801
v -0.03899992257356643 0.05956331267952919 0.00825969036668539
v -0.040084540843963616 0.05805806443095207 0.004220939241349697
v -0.03927915543317794 0.05856166034936905 0.008548370562493801
v -0.040084540843963616 0.05805806443095207 0.004220939241349697
v -0.04022874683141708 0.05692138150334358 0.00437458511441946
v -0.04022874683141708 0.05692138150334358 0.00437458511441946
v -0.040084540843963616 0.05805806443095207 0.004220939241349697
v -0.04042626172304153 0.056000180542469025 0.002442858414724469
v -0.04022874683141708 0.05692138150334358 0.00437458511441946
v -0.04042626172304153 0.056000180542469025 0.002442858414724469
v -0.04025901108980178 0.056000180542469025 0.004411614499986172
v -0.01930175721645355 0.0669323280453682 0.019216902554035187
v -0.02426749467849731 0.06671833992004395 0.013935900293290615
v -0.02130234986543655 0.06637115031480789 0.021236352622509003
v -0.02130234986543655 0.06637115031480789 0.021236352622509003
v -0.02426749467849731 0.06671833992004395 0.013935900293290615
v -0.026242196559906002 0.06613126397132874 0.0159294530749321
v -0.02130234986543655 0.06637115031480789 0.021236352622509003
v -0.026242196559906002 0.06613126397132874 0.0159294530749321
v -0.023124389350414273 0.06563141196966171 0.023077242076396942
v -0.023124389350414273 0.06563141196966171 0.023077242076396942
v -0.026242196559906002 0.06613126397132874 0.0159294530749321
v -0.028039358556270596 0.06536664813756943 0.017745472490787506
v -0.023124389350414273 0.06563141196966171 0.023077242076396942
v -0.028039358556270596 0.06536664813756943 0.017745472490787506
v -0.029625274240970608 0.06439079344272614 0.01935025304555893
v -0.029625274240970608 0.06439079344272614 0.01935025304555893
v -0.028039358556270596 0.06536664813756943 0.017745472490787506
v -0.03187400102615356 0.06404965370893478 0.016475610435009003
v -0.029625274240970608 0.06439079344272614 0.01935025304555893
v -0.03187400102615356 0.06404965370893478 0.016475610435009003
v -0.033173471689224236 0.06278734654188156 0.0177939310669899
v -0.033173471689224236 0.06278734654188156 0.0177939310669899
v -0.03187400102615356 0.06404965370893478 0.016475610435009003
v -0.03521210700273513 0.06223611533641815 0.01470919605344534
v -0.033173471689224236 0.06278734654188156 0.0177939310669899
v -0.03521210700273513 0.06223611533641815 0.01470919605344534
v -0.03614591807126998 0.0606081523001194 0.015661858022212982
v -0.03614591807126998 0.0606081523001194 0.015661858022212982
v -0.03521210700273513 0.06223611533641815 0.01470919605344534
v -0.03786958754062652 0.05974195897579193 0.012262157164514065
v -0.03614591807126998 0.0606081523001194 0.015661858022212982
v -0.03786958754062652 0.05974195897579193 0.012262157164514065
v -0.03832419961690902 0.05763480067253113 0.012735641561448574
v -0.03832419961690902 0.05763480067253113 0.012735641561448574
v -0.03786958754062652 0.05974195897579193 0.012262157164514065
v -0.03927915543317794 0.05856166034936905 0.008548370562493801
v -0.03832419961690902 0.05763480067253113 0.012735641561448574
v -0.03927915543317794 0.05856166034936905 0.008548370562493801
v -0.039455398917198174 0.05745701491832733 0.008734039030969143
v -0.039455398917198174 0.05745701491832733 0.008734039030969143
v -0.03927915543317794 0.05856166034936905 0.008548370562493801
v -0.04016897082328796 0.056000180542469025 0.005167565308511257
v -0.039455398917198174 0.05745701491832733 0.008734039030969143
v -0.04016897082328796 0.056000180542469025 0.005167565308511257
v -0.04014966636896133 0.056000180542469025 0.005315504036843777
v -0.024634391069412228 0.06702904403209686 0.004018343053758144
v -0.019906856119632717 0.06748124212026596 0.009537539444863796
v -0.015165007673203943 0.06786294281482697 0.004757977090775967
v -0.015165007673203943 0.06786294281482697 0.004757977090775967
v -0.019906856119632717 0.06748124212026596 0.009537539444863796
v -0.014880008064210413 0.06763412803411484 0.014757431112229824
v -0.015165007673203943 0.06786294281482697 0.004757977090775967
v -0.014880008064210413 0.06763412803411484 0.014757431112229824
v -0.010062522254884241 0.06794019043445587 0.009902245365083218
v -0.010062522254884241 0.06794019043445587 0.009902245365083218
v -0.014880008064210413 0.06763412803411484 0.014757431112229824
v -0.004821888171136378 0.06787928938865662 0.014908350072801113
v -0.010062522254884241 0.06794019043445587 0.009902245365083218
v -0.004821888171136378 0.06787928938865662 0.014908350072801113
v 1.5722498858394826e-07 0.06800000369548798 -1.5716537404841802e-07
v 1.5722498858394826e-07 0.06800000369548798 -1.5716537404841802e-07
v -0.004821888171136378 0.06787928938865662 0.014908350072801113
v -5.654813435285176e-07 0.06800029426813126 0.0078270947560668
v -0.010495788417756556 0.0680079534649849 5.580903348345601e-07
v -0.013420297764241694 0.0679415911436081 -3.7956088050350445e-08
v -0.015165007673203943 0.06786294281482697 0.004757977090775967
v -0.015165007673203943 0.06786294281482697 0.004757977090775967
v -0.013420297764241694 0.0679415911436081 -3.7956088050350445e-08
v -0.020724974572658535 0.06750953942537308 1.8556133341007808e-07
v -0.015165007673203943 0.06786294281482697 0.004757977090775967
v -0.020724974572658535 0.06750953942537308 1.8556133341007808e-07
v -0.024634391069412228 0.06702904403209686 0.004018343053758144
v -0.024634391069412228 0.06702904403209686 0.004018343053758144
v -0.020724974572658535 0.06750953942537308 1.8556133341007808e-07
v -0.026871755719184872 0.0666765421628952 0.0011323310900479555
v -0.024634391069412228 0.06702904403209686 0.004018343053758144
v -0.026871755719184872 0.0666765421628952 0.0011323310900479555
v -0.03096342086791992 0.06564466655254364 0.005261710844933987
v -0.03096342086791992 0.06564466655254364 0.005261710844933987
v -0.026871755719184872 0.0666765421628952 0.0011323310900479555
v -0.029792942106723782 0.06603525578975677 8.125319794771713e-08
v -0.03096342086791992 0.06564466655254364 0.005261710844933987
v -0.029792942106723782 0.06603525578975677 8.125319794771713e-08
v -0.032939769327640527 0.06503114104270935 0.0021146901417523623
v -0.032939769327640527 0.06503114104270935 0.0021146901417523623
v -0.029792942106723782 0.06603525578975677 8.125319794771713e-08
v -0.033063076436519616 0.0649944469332695 3.0477062296085933e-07
v -0.032939769327640527 0.06503114104270935 0.0021146901417523623
v -0.033063076436519616 0.0649944469332695 3.0477062296085933e-07
v -0.034695863723754876 0.0642254650592804 0.003889641957357526
v -0.034695863723754876 0.0642254650592804 0.003889641957357526
v -0.033063076436519616 0.0649944469332695 3.0477062296085933e-07
v -0.03548374027013778 0.06386228650808334 4.835845288653218e-07
v -0.034695863723754876 0.0642254650592804 0.003889641957357526
v -0.03548374027013778 0.06386228650808334 4.835845288653218e-07
v -0.03637684136629104 0.06331657618284225 0.0004472502041608095
v -0.03637684136629104 0.06331657618284225 0.0004472502041608095
v -0.03548374027013778 0.06386228650808334 4.835845288653218e-07
v -0.037325926125049584 0.06261864304542542 -6.775841399075944e-08
v -0.03637684136629104 0.06331657618284225 0.0004472502041608095
v -0.037325926125049584 0.06261864304542542 -6.775841399075944e-08
v -0.03878102451562881 0.06115372106432915 2.164855672504018e-08
v -1.1099592001073687e-07 0.06738568097352982 0.022904030978679657
v -1.8550171887454778e-07 0.06783291697502136 0.0167061910033226
v -0.004064402543008327 0.06717798858880997 0.024435319006443024
v -0.004064402543008327 0.06717798858880997 0.024435319006443024
v -1.8550171887454778e-07 0.06783291697502136 0.0167061910033226
v -0.004821888171136378 0.06787928938865662 0.014908350072801113
v -0.004064402543008327 0.06717798858880997 0.024435319006443024
v -0.004821888171136378 0.06787928938865662 0.014908350072801113
v -0.009607150219380854 0.06754100322723389 0.019731320440769196
v -0.009607150219380854 0.06754100322723389 0.019731320440769196
v -0.004821888171136378 0.06787928938865662 0.014908350072801113
v -0.014880008064210413 0.06763412803411484 0.014757431112229824
v -0.009607150219380854 0.06754100322723389 0.019731320440769196
v -0.014880008064210413 0.06763412803411484 0.014757431112229824
v -0.01930175721645355 0.0669323280453682 0.019216902554035187
v -0.01930175721645355 0.0669323280453682 0.019216902554035187
v -0.014880008064210413 0.06763412803411484 0.014757431112229824
v -0.019906856119632717 0.06748124212026596 0.009537539444863796
v -0.01930175721645355 0.0669323280453682 0.019216902554035187
v -0.019906856119632717 0.06748124212026596 0.009537539444863796
v -0.02426749467849731 0.06671833992004395 0.013935900293290615
v -0.02426749467849731 0.06671833992004395 0.013935900293290615
v -0.019906856119632717 0.06748124212026596 0.009537539444863796
v -0.024634391069412228 0.06702904403209686 0.004018343053758144
v -0.02426749467849731 0.06671833992004395 0.013935900293290615
v -0.024634391069412228 0.06702904403209686 0.004018343053758144
v -0.028846547007560727 0.06611765176057816 0.008268213830888271
v -0.028846547007560727 0.06611765176057816 0.008268213830888271
v -0.024634391069412228 0.06702904403209686 0.004018343053758144
v -0.03096342086791992 0.06564466655254364 0.005261710844933987
v -0.028846547007560727 0.06611765176057816 0.008268213830888271
v -0.03096342086791992 0.06564466655254364 0.005261710844933987
v -0.032806150615215295 0.06492561846971512 0.0071232980117201805
v -0.032806150615215295 0.06492561846971512 0.0071232980117201805
v -0.03096342086791992 0.06564466655254364 0.005261710844933987
v -0.034695863723754876 0.0642254650592804 0.003889641957357526
v -0.032806150615215295 0.06492561846971512 0.0071232980117201805
v -0.034695863723754876 0.0642254650592804 0.003889641957357526
v -0.03626481443643569 0.06323263794183731 0.005477449856698513
v -0.03626481443643569 0.06323263794183731 0.005477449856698513
v -0.034695863723754876 0.0642254650592804 0.003889641957357526
v -0.03780629485845565 0.062184255570173264 0.0018955536652356386
v -0.03626481443643569 0.06323263794183731 0.005477449856698513
v -0.03780629485845565 0.062184255570173264 0.0018955536652356386
v -0.03898115456104278 0.06079733744263649 0.0030892707873135805
v -0.03898115456104278 0.06079733744263649 0.0030892707873135805
v -0.03780629485845565 0.062184255570173264 0.0018955536652356386
v -0.0397503450512886 0.05958569049835205 6.635203675386947e-08
v -0.03898115456104278 0.06079733744263649 0.0030892707873135805
v -0.0397503450512886 0.05958569049835205 6.635203675386947e-08
v -0.040319792926311486 0.05784991383552551 3.494741065424023e-07
v -0.03571581095457076 0.05600017309188843 0.01909530907869339
v -0.03467821329832076 0.05600017309188843 0.02092059701681137
v -0.0352153331041336 0.057143889367580414 0.0198923721909523
v -0.0352153331041336 0.057143889367580414 0.0198923721909523
v -0.03467821329832076 0.05600017309188843 0.02092059701681137
v -0.032348290085792535 0.05600017309188843 0.024368785321712494
v -0.0352153331041336 0.057143889367580414 0.0198923721909523
v -0.032348290085792535 0.05600017309188843 0.024368785321712494
v -0.033191055059432976 0.0577094741165638 0.02299145609140396
v -0.033191055059432976 0.0577094741165638 0.02299145609140396
v -0.032348290085792535 0.05600017309188843 0.024368785321712494
v -0.0313865914940834 0.05600016936659813 0.025595538318157196
v -0.033191055059432976 0.0577094741165638 0.02299145609140396
v -0.0313865914940834 0.05600016936659813 0.025595538318157196
v -0.03093660622835159 0.05804489552974701 0.02586037665605545
v -0.03093660622835159 0.05804489552974701 0.02586037665605545
v -0.0313865914940834 0.05600016936659813 0.025595538318157196
v -0.029676817357540127 0.05600016936659813 0.027559690177440643
v -0.03093660622835159 0.05804489552974701 0.02586037665605545
v -0.029676817357540127 0.05600016936659813 0.027559690177440643
v -0.028471700847148892 0.058169856667518616 0.02851884812116623
v -0.028471700847148892 0.058169856667518616 0.02851884812116623
v -0.029676817357540127 0.05600016936659813 0.027559690177440643
v -0.025803722441196438 0.05809174105525017 0.03097423166036606
v -0.028471700847148892 0.058169856667518616 0.02851884812116623
v -0.025803722441196438 0.05809174105525017 0.03097423166036606
v -0.028000265359878537 0.060260191559791565 0.02802855521440506
v -0.028000265359878537 0.060260191559791565 0.02802855521440506
v -0.025803722441196438 0.05809174105525017 0.03097423166036606
v -0.025343805551528927 0.06019360199570656 0.030495472252368927
v -0.028000265359878537 0.060260191559791565 0.02802855521440506
v -0.025343805551528927 0.06019360199570656 0.030495472252368927
v -0.02720432728528976 0.062026023864746094 0.02721375972032547
v -0.02720432728528976 0.062026023864746094 0.02721375972032547
v -0.025343805551528927 0.06019360199570656 0.030495472252368927
v -0.024558290839195248 0.061969857662916183 0.029691092669963837
v -0.02720432728528976 0.062026023864746094 0.02721375972032547
v -0.024558290839195248 0.061969857662916183 0.029691092669963837
v -0.02610698342323303 0.06349046528339386 0.026097558438777924
v -0.02610698342323303 0.06349046528339386 0.026097558438777924
v -0.024558290839195248 0.061969857662916183 0.029691092669963837
v -0.023470319807529446 0.06344366073608398 0.02858426421880722
v -0.02610698342323303 0.06349046528339386 0.026097558438777924
v -0.023470319807529446 0.06344366073608398 0.02858426421880722
v -0.024736605584621426 0.06468185782432556 0.024708323180675507
v -0.024736605584621426 0.06468185782432556 0.024708323180675507
v -0.023470319807529446 0.06344366073608398 0.02858426421880722
v -0.022108100354671475 0.06464321911334991 0.027203194797039032
v -0.024736605584621426 0.06468185782432556 0.024708323180675507
v -0.022108100354671475 0.06464321911334991 0.027203194797039032
v -0.023124389350414273 0.06563141196966171 0.023077242076396942
v -0.023124389350414273 0.06563141196966171 0.023077242076396942
v -0.022108100354671475 0.06464321911334991 0.027203194797039032
v -0.0205027163028717 0.06559960544109344 0.025578953325748444
v -0.023124389350414273 0.06563141196966171 0.023077242076396942
v -0.0205027163028717 0.06559960544109344 0.025578953325748444
v -0.02130234986543655 0.06637115031480789 0.021236352622509003
v -0.02130234986543655 0.06637115031480789 0.021236352622509003
v -0.0205027163028717 0.06559960544109344 0.025578953325748444
v -0.01597250252962112 0.06622103601694107 0.026153244078159332
v -0.02130234986543655 0.06637115031480789 0.021236352622509003
v -0.01597250252962112 0.06622103601694107 0.026153244078159332
v -0.01930175721645355 0.0669323280453682 0.019216902554035187
v -0.01930175721645355 0.0669323280453682 0.019216902554035187
v -0.01597250252962112 0.06622103601694107 0.026153244078159332
v -0.01399289723485708 0.06680320203304291 0.024154789745807648
v -0.01930175721645355 0.0669323280453682 0.019216902554035187
v -0.01399289723485708 0.06680320203304291 0.024154789745807648
v -0.009607150219380854 0.06754100322723389 0.019731320440769196
v -0.009607150219380854 0.06754100322723389 0.019731320440769196
v -0.01399289723485708 0.06680320203304291 0.024154789745807648
v -0.011202960275113581 0.06660313159227371 0.026488222181797028
v -0.009607150219380854 0.06754100322723389 0.019731320440769196
v -0.011202960275113581 0.06660313159227371 0.026488222181797028
v -0.004064402543008327 0.06717798858880997 0.024435319006443024
v -0.004064402543008327 0.06717798858880997 0.024435319006443024
v -0.011202960275113581 0.06660313159227371 0.026488222181797028
v -0.008307336829602717 0.06629737466573715 0.028715960681438446
v -0.004064402543008327 0.06717798858880997 0.024435319006443024
v -0.008307336829602717 0.06629737466573715 0.028715960681438446
v -0.001164651592262089 0.06686811149120331 0.02665894478559494
v -0.001164651592262089 0.06686811149120331 0.02665894478559494
v -0.008307336829602717 0.06629737466573715 0.028715960681438446
v -0.00528887566179037 0.06586878001689911 0.030820883810520172
v -0.001164651592262089 0.06686811149120331 0.02665894478559494
v -0.00528887566179037 0.06586878001689911 0.030820883810520172
v -0.002126111881807446 0.06529588252305984 0.032781489193439484
v -0.002126111881807446 0.06529588252305984 0.032781489193439484
v -0.00528887566179037 0.06586878001689911 0.030820883810520172
v -0.0038870715070515867 0.06449506431818008 0.03456129878759384
v -0.002126111881807446 0.06529588252305984 0.032781489193439484
v -0.0038870715070515867 0.06449506431818008 0.03456129878759384
v -5.88418522795564e-08 0.06388335675001144 0.035812459886074066
v -5.88418522795564e-08 0.06388335675001144 0.035812459886074066
v -0.0038870715070515867 0.06449506431818008 0.03456129878759384
v -0.0004276029649190604 0.06362546980381012 0.03622520714998245
v -5.88418522795564e-08 0.06388335675001144 0.035812459886074066
v -0.0004276029649190604 0.06362546980381012 0.03622520714998245
v -5.5058018233467e-07 0.06261322647333145 0.03756739944219589
v -5.5058018233467e-07 0.06261322647333145 0.03756739944219589
v -0.0004276029649190604 0.06362546980381012 0.03622520714998245
v -0.001859604497440159 0.062495697289705276 0.03767605870962143
v -5.5058018233467e-07 0.06261322647333145 0.03756739944219589
v -0.001859604497440159 0.062495697289705276 0.03767605870962143
v -5.05876698753127e-07 0.06132437288761139 0.03878267854452133
v -5.05876698753127e-07 0.06132437288761139 0.03878267854452133
v -0.001859604497440159 0.062495697289705276 0.03767605870962143
v -0.003035790519788861 0.061110105365514755 0.038871102035045624
v -5.05876698753127e-07 0.06132437288761139 0.03878267854452133
v -0.003035790519788861 0.061110105365514755 0.038871102035045624
v -0.0010104320244863627 0.06037967652082443 0.03940742462873459
v -0.0010104320244863627 0.06037967652082443 0.03940742462873459
v -0.003035790519788861 0.061110105365514755 0.038871102035045624
v -0.0038885467220097776 0.05940109118819237 0.039742715656757355
v -0.0010104320244863627 0.06037967652082443 0.03940742462873459
v -0.0038885467220097776 0.05940109118819237 0.039742715656757355
v -0.0017348445253446696 0.05854232236742973 0.04015069454908371
v -0.0017348445253446696 0.05854232236742973 0.04015069454908371
v -0.0038885467220097776 0.05940109118819237 0.039742715656757355
v -0.004329792223870753 0.057280559092760086 0.04020281881093979
v -0.0017348445253446696 0.05854232236742973 0.04015069454908371
v -0.004329792223870753 0.057280559092760086 0.04020281881093979
v -0.002013064222410321 0.05625876784324646 0.04044777899980545
v -0.002013064222410321 0.05625876784324646 0.04044777899980545
v -0.004329792223870753 0.057280559092760086 0.04020281881093979
v -0.004154912196099757 0.056000158190727234 0.04028631001710892
v -0.002013064222410321 0.05625876784324646 0.04044777899980545
v -0.004154912196099757 0.056000158190727234 0.04028631001710892
v -1.7060055768070012e-07 0.056000154465436935 0.040500082075595856
v 0.008675196208059786 0.05775342509150505 0.03943078964948654
v 0.008763452060520647 0.05656080320477486 0.03952846676111221
v 0.01266974303871393 0.057877350598573685 0.038311637938022614
v 0.00529088545590639 0.06586907804012299 0.030819647014141083
v 0.002128378255292773 0.06529630720615387 0.032780252397060394
v 0.0038893937598913904 0.06449556350708008 0.03456012159585953
v -1.184465006076607e-07 0.06678599864244461 0.02714679390192032
v -1.184465006076607e-07 0.06672155857086182 0.027495302259922028
v 0.0011665978236123917 0.06686832010746002 0.026657648384571075
v -5.5058018233467e-07 0.06261322647333145 0.03756739944219589
v 0.00043026433559134597 0.06362617015838623 0.0362241193652153
v -5.88418522795564e-08 0.06388335675001144 0.035812459886074066
v 0.0011672907276079056 0.056000158190727234 0.04048316925764084
v 0.0014944010181352494 0.056000158190727234 0.040472425520420074
v 0.0020167238544672723 0.05626044422388077 0.04044757038354874
v 0.03712445497512817 0.056000176817178726 0.016187183558940887
v 0.03697115555405616 0.05630934610962868 0.016523830592632294
v 0.03526735305786132 0.05600017309188843 0.019911400973796844
v 0.04028594866394996 0.058007143437862396 4.090787513177929e-07
v 0.039680209010839455 0.05973244830965996 5.145087911273549e-08
v 0.03951675817370414 0.060037918388843536 0.0010631002951413393
v 0.004808382131159305 0.06802824139595032 1.1105552033541244e-07
v 0.01006363797932863 0.06794019043445587 0.00990136619657278
v 0.013420292176306246 0.0679415911436081 -1.8696769643611333e-07
v 0.013420292176306246 0.0679415911436081 -1.8696769643611333e-07
v 0.01006363797932863 0.06794019043445587 0.00990136619657278
v 0.01516584027558565 0.06786291301250458 0.004757336340844631
v 0.013420292176306246 0.0679415911436081 -1.8696769643611333e-07
v 0.01516584027558565 0.06786291301250458 0.004757336340844631
v 0.013644990511238573 0.06793446838855743 -1.7206653524226567e-07
v 0.013644990511238573 0.06793446838855743 -1.7206653524226567e-07
v 0.01516584027558565 0.06786291301250458 0.004757336340844631
v 0.020676922053098675 0.06751400232315063 6.635203675386947e-08
v 0.03469607606530189 0.06422536820173264 0.0038893737364560366
v 0.036376949399709695 0.06331650167703629 0.00044713099487125874
v 0.035278677940368645 0.06397576630115509 4.835845288653218e-07
v 0.037806384265422814 0.062184177339076996 0.001895419554784894
v 0.038683060556650155 0.06127546355128288 2.153636557977734e-07
v 0.03724581003189086 0.06268343329429626 8.125319794771713e-08
v 0.04050010815262794 0.05600018426775932 2.0046249460392573e-07
v 0.040401056408882134 0.057389210909605026 4.984856900591694e-07
v 0.040449012070894234 0.056000180542469025 0.0020316459704190493
v 0.040449012070894234 0.056000180542469025 0.0020316459704190493
v 0.040401056408882134 0.057389210909605026 4.984856900591694e-07
v 0.04022127762436866 0.05818067118525505 0.00178646226413548
v 0.040449012070894234 0.056000180542469025 0.0020316459704190493
v 0.04022127762436866 0.05818067118525505 0.00178646226413548
v 0.04042539000511169 0.056000180542469025 0.0024572082329541445
v 0.04042539000511169 0.056000180542469025 0.0024572082329541445
v 0.04022127762436866 0.05818067118525505 0.00178646226413548
v 0.039822217077016824 0.05907648056745529 0.00394896324723959
v 0.03982505202293395 0.05781242251396179 0.0065322136506438255
v 0.04025901481509208 0.056000180542469025 0.004411554895341396
v 0.040228772908449166 0.05692127346992493 0.004374376498162746
v 0.040228772908449166 0.05692127346992493 0.004374376498162746
v 0.04025901481509208 0.056000180542469025 0.004411554895341396
v 0.04028630629181861 0.056000180542469025 0.004154941998422146
v 0.03697115555405616 0.05630934610962868 0.016523830592632294
v 0.03521579131484031 0.05714372172951698 0.01989159733057022
v 0.03526735305786132 0.05600017309188843 0.019911400973796844
v 0.03526735305786132 0.05600017309188843 0.019911400973796844
v 0.03521579131484031 0.05714372172951698 0.01989159733057022
v 0.03319167345762252 0.05770934373140335 0.022990591824054718
v 0.03526735305786132 0.05600017309188843 0.019911400973796844
v 0.03319167345762252 0.05770934373140335 0.022990591824054718
v 0.03303788229823112 0.05600017309188843 0.023425377905368805
v 0.03303788229823112 0.05600017309188843 0.023425377905368805
v 0.03319167345762252 0.05770934373140335 0.022990591824054718
v 0.03093740716576576 0.05804481729865074 0.025859452784061432
v 0.03303788229823112 0.05600017309188843 0.023425377905368805
v 0.03093740716576576 0.05804481729865074 0.025859452784061432
v 0.03128040209412574 0.05600016936659813 0.02572520822286606
v 0.02847269549965858 0.05816984549164772 0.02851784974336624
v 0.027559671550989148 0.05600016936659813 0.029676832258701324
v 0.03093740716576576 0.05804481729865074 0.025859452784061432
v 0.03093740716576576 0.05804481729865074 0.025859452784061432
v 0.027559671550989148 0.05600016936659813 0.029676832258701324
v 0.030459579080343243 0.05600016936659813 0.026692025363445282
v 0.03093740716576576 0.05804481729865074 0.025859452784061432
v 0.030459579080343243 0.05600016936659813 0.026692025363445282
v 0.03128040209412574 0.05600016936659813 0.02572520822286606
v 0.016456406563520428 0.056512512266635895 0.036994047462940216
v 0.01725148409605026 0.05600016191601753 0.036642007529735565
v 0.019824296236038205 0.057290662080049515 0.03523880988359451
v 0.019824296236038205 0.057290662080049515 0.03523880988359451
v 0.01725148409605026 0.05600016191601753 0.036642007529735565
v 0.019201714545488354 0.05600016564130783 0.03565872460603714
v 0.019824296236038205 0.057290662080049515 0.03523880988359451
v 0.019201714545488354 0.05600016564130783 0.03565872460603714
v 0.020920574665069577 0.05600016564130783 0.034678228199481964
v 0.011955787427723406 0.05600016191601753 0.0386950746178627
v 0.01266974303871393 0.057877350598573685 0.038311637938022614
v 0.009407524950802324 0.056000158190727234 0.03939224034547806
v 0.009407524950802324 0.056000158190727234 0.03939224034547806
v 0.01266974303871393 0.057877350598573685 0.038311637938022614
v 0.008763452060520647 0.05656080320477486 0.03952846676111221
v 0.009407524950802324 0.056000158190727234 0.03939224034547806
v 0.008763452060520647 0.05656080320477486 0.03952846676111221
v 0.005315472371876239 0.056000158190727234 0.040149666368961334
v 0.005315472371876239 0.056000158190727234 0.040149666368961334
v 0.008763452060520647 0.05656080320477486 0.03952846676111221
v 0.008675196208059786 0.05775342509150505 0.03943078964948654
v 0.005315472371876239 0.056000158190727234 0.040149666368961334
v 0.008675196208059786 0.05775342509150505 0.03943078964948654
v 0.004383289255201816 0.056000158190727234 0.040262095630168915
v 0.004383289255201816 0.056000158190727234 0.040262095630168915
v 0.008675196208059786 0.05775342509150505 0.03943078964948654
v 0.004383378662168979 0.0560513474047184 0.04026208072900772
v 0.004383289255201816 0.056000158190727234 0.040262095630168915
v 0.004383378662168979 0.0560513474047184 0.04026208072900772
v 0.002017327351495623 0.056000158190727234 0.040449731051921844
v -1.7060055768070012e-07 0.056000154465436935 0.040500082075595856
v 0.0011672907276079056 0.056000158190727234 0.04048316925764084
v 0.0017382287187501786 0.05854371190071106 0.04015021771192551
v -1.7060055768070012e-07 0.056000154465436935 0.040500082075595856
v 0.0017382287187501786 0.05854371190071106 0.04015021771192551
v -2.3020520245609075e-07 0.05779483914375305 0.04034411162137985
v -2.3020520245609075e-07 0.05779483914375305 0.04034411162137985
v 0.0017382287187501786 0.05854371190071106 0.04015021771192551
v 0.0035109266173094507 0.06030242517590523 0.0393519327044487
v -2.3020520245609075e-07 0.05779483914375305 0.04034411162137985
v 0.0035109266173094507 0.06030242517590523 0.0393519327044487
v -1.407982352930048e-07 0.05808134004473686 0.0402868315577507
v -1.407982352930048e-07 0.05808134004473686 0.0402868315577507
v 0.0035109266173094507 0.06030242517590523 0.0393519327044487
v 0.003038682742044329 0.06111106276512146 0.038870252668857574
v -1.407982352930048e-07 0.05808134004473686 0.0402868315577507
v 0.003038682742044329 0.06111106276512146 0.038870252668857574
v -2.525569584577169e-07 0.05978529900312424 0.03971876949071884
v 0.0018623702926561234 0.06249651685357094 0.03767509013414383
v -5.05876698753127e-07 0.06132437288761139 0.03878267854452133
v -2.525569584577169e-07 0.05978529900312424 0.03971876949071884
v 0.0011665978236123917 0.06686832010746002 0.026657648384571075
v -1.184465006076607e-07 0.06672155857086182 0.027495302259922028
v 0.00529088545590639 0.06586907804012299 0.030819647014141083
v 0.00529088545590639 0.06586907804012299 0.030819647014141083
v -1.184465006076607e-07 0.06672155857086182 0.027495302259922028
v 2.311453251024886e-08 0.06599447131156921 0.030650831758975983
v 0.00529088545590639 0.06586907804012299 0.030819647014141083
v 2.311453251024886e-08 0.06599447131156921 0.030650831758975983
v 0.002128378255292773 0.06529630720615387 0.032780252397060394
v 0.002128378255292773 0.06529630720615387 0.032780252397060394
v 2.311453251024886e-08 0.06599447131156921 0.030650831758975983
v 8.213372204579626e-09 0.06590280681848526 0.030973069369792938
v 0.002128378255292773 0.06529630720615387 0.032780252397060394
v 8.213372204579626e-09 0.06590280681848526 0.030973069369792938
v 8.213372204579626e-09 0.06588904559612274 0.031020335853099823
v -1.1099592001073687e-07 0.06738568097352982 0.022904030978679657
v 0.004066155292093753 0.06717813014984131 0.024434082210063934
v -1.8550171887454778e-07 0.06783291697502136 0.0167061910033226
v -1.8550171887454778e-07 0.06783291697502136 0.0167061910033226
v 0.004066155292093753 0.06717813014984131 0.024434082210063934
v 0.004823283292353152 0.06787931174039841 0.014907247386872768
v -1.8550171887454778e-07 0.06783291697502136 0.0167061910033226
v 0.004823283292353152 0.06787931174039841 0.014907247386872768
v -5.654813435285176e-07 0.06800029426813126 0.0078270947560668
v -5.654813435285176e-07 0.06800029426813126 0.0078270947560668
v 0.004823283292353152 0.06787931174039841 0.014907247386872768
v 1.5722498858394826e-07 0.06800000369548798 -1.5716537404841802e-07
v 0.01006363797932863 0.06794019043445587 0.00990136619657278
v 0.014881093986332415 0.06763411313295364 0.014756537042558193
v 0.01516584027558565 0.06786291301250458 0.004757336340844631
v 0.01516584027558565 0.06786291301250458 0.004757336340844631
v 0.014881093986332415 0.06763411313295364 0.014756537042558193
v 0.01990764960646629 0.06748118996620178 0.00953685399144888
v 0.01516584027558565 0.06786291301250458 0.004757336340844631
v 0.01990764960646629 0.06748118996620178 0.00953685399144888
v 0.020676922053098675 0.06751400232315063 6.635203675386947e-08
v 0.020676922053098675 0.06751400232315063 6.635203675386947e-08
v 0.01990764960646629 0.06748118996620178 0.00953685399144888
v 0.024634905159473416 0.0670289695262909 0.004017881117761135
v 0.020676922053098675 0.06751400232315063 6.635203675386947e-08
v 0.024634905159473416 0.0670289695262909 0.004017881117761135
v 0.025544662028551098 0.06690964102745056 2.153636557977734e-07
v 0.025544662028551098 0.06690964102745056 2.153636557977734e-07
v 0.024634905159473416 0.0670289695262909 0.004017881117761135
v 0.02687214687466621 0.06667647510766983 0.001131988363340497
v 0.025544662028551098 0.06690964102745056 2.153636557977734e-07
v 0.02687214687466621 0.06667647510766983 0.001131988363340497
v 0.02984533831477165 0.0660216361284256 -8.153766550833552e-09
v 0.014881093986332415 0.06763411313295364 0.014756537042558193
v 0.019302811473608013 0.0669323056936264 0.019215978682041168
v 0.01990764960646629 0.06748118996620178 0.00953685399144888
v 0.01990764960646629 0.06748118996620178 0.00953685399144888
v 0.019302811473608013 0.0669323056936264 0.019215978682041168
v 0.0242682471871376 0.06671826541423798 0.013935170136392117
v 0.01990764960646629 0.06748118996620178 0.00953685399144888
v 0.0242682471871376 0.06671826541423798 0.013935170136392117
v 0.024634905159473416 0.0670289695262909 0.004017881117761135
v 0.024634905159473416 0.0670289695262909 0.004017881117761135
v 0.0242682471871376 0.06671826541423798 0.013935170136392117
v 0.028847016394138333 0.0661175549030304 0.00826770719140768
v 0.024634905159473416 0.0670289695262909 0.004017881117761135
v 0.028847016394138333 0.0661175549030304 0.00826770719140768
v 0.02687214687466621 0.06667647510766983 0.001131988363340497
v 0.02687214687466621 0.06667647510766983 0.001131988363340497
v 0.028847016394138333 0.0661175549030304 0.00826770719140768
v 0.030963767319917675 0.06564456969499588 0.0052613383159041405
v 0.02687214687466621 0.06667647510766983 0.001131988363340497
v 0.030963767319917675 0.06564456969499588 0.0052613383159041405
v 0.02984533831477165 0.0660216361284256 -8.153766550833552e-09
v 0.02984533831477165 0.0660216361284256 -8.153766550833552e-09
v 0.030963767319917675 0.06564456969499588 0.0052613383159041405
v 0.03293999657034873 0.06503105908632278 0.002114436822012067
v 0.02984533831477165 0.0660216361284256 -8.153766550833552e-09
v 0.03293999657034873 0.06503105908632278 0.002114436822012067
v 0.03284697234630584 0.06507743895053864 4.984856900591694e-07
v 0.023125417530536648 0.06563138961791992 0.023076288402080536
v 0.02563856169581413 0.06555479019880295 0.02046632021665573
v 0.02130339294672012 0.0663711205124855 0.02123541384935379
v 0.02130339294672012 0.0663711205124855 0.02123541384935379
v 0.02563856169581413 0.06555479019880295 0.02046632021665573
v 0.0262429267168045 0.06613118201494217 0.015928708016872406
v 0.02130339294672012 0.0663711205124855 0.02123541384935379
v 0.0262429267168045 0.06613118201494217 0.015928708016872406
v 0.019302811473608013 0.0669323056936264 0.019215978682041168
v 0.02563856169581413 0.06555479019880295 0.02046632021665573
v 0.028040066361427304 0.06536655873060226 0.017744697630405426
v 0.0262429267168045 0.06613118201494217 0.015928708016872406
v 0.0262429267168045 0.06613118201494217 0.015928708016872406
v 0.028040066361427304 0.06536655873060226 0.017744697630405426
v 0.030322555452585217 0.06505930423736572 0.014904073439538479
v 0.0262429267168045 0.06613118201494217 0.015928708016872406
v 0.030322555452585217 0.06505930423736572 0.014904073439538479
v 0.030749876052141186 0.06545865535736084 0.01018942054361105
v 0.02572507783770561 0.05600016936659813 0.0312805101275444
v 0.027559671550989148 0.05600016936659813 0.029676832258701324
v 0.02580493316054344 0.058091819286346436 0.030973218381404877
v 0.02580493316054344 0.058091819286346436 0.030973218381404877
v 0.027559671550989148 0.05600016936659813 0.029676832258701324
v 0.02847269549965858 0.05816984549164772 0.02851784974336624
v 0.02580493316054344 0.058091819286346436 0.030973218381404877
v 0.02847269549965858 0.05816984549164772 0.02851784974336624
v 0.028001260012388226 0.06026017293334007 0.028027556836605072
v 0.028001260012388226 0.06026017293334007 0.028027556836605072
v 0.02847269549965858 0.05816984549164772 0.02851784974336624
v 0.03093740716576576 0.05804481729865074 0.025859452784061432
v 0.028001260012388226 0.06026017293334007 0.028027556836605072
v 0.03093740716576576 0.05804481729865074 0.025859452784061432
v 0.030480228364467617 0.06014940142631531 0.02538340538740158
v 0.030480228364467617 0.06014940142631531 0.02538340538740158
v 0.03093740716576576 0.05804481729865074 0.025859452784061432
v 0.03319167345762252 0.05770934373140335 0.022990591824054718
v 0.030480228364467617 0.06014940142631531 0.02538340538740158
v 0.03319167345762252 0.05770934373140335 0.022990591824054718
v 0.03277605399489402 0.05985548719763756 0.022556118667125702
v 0.03277605399489402 0.05985548719763756 0.022556118667125702
v 0.03319167345762252 0.05770934373140335 0.022990591824054718
v 0.03521579131484031 0.05714372172951698 0.01989159733057022
v 0.03277605399489402 0.05985548719763756 0.022556118667125702
v 0.03521579131484031 0.05714372172951698 0.01989159733057022
v 0.03487316519021987 0.05936285853385925 0.01953011006116867
v 0.03487316519021987 0.05936285853385925 0.01953011006116867
v 0.03521579131484031 0.05714372172951698 0.01989159733057022
v 0.03697115555405616 0.05630934610962868 0.016523830592632294
v 0.03487316519021987 0.05936285853385925 0.01953011006116867
v 0.03697115555405616 0.05630934610962868 0.016523830592632294
v 0.03674069419503211 0.05864064767956734 0.01627451926469803
v 0.03674069419503211 0.05864064767956734 0.01627451926469803
v 0.03697115555405616 0.05630934610962868 0.016523830592632294
v 0.03712445497512817 0.056000176817178726 0.016187183558940887
v 0.03674069419503211 0.05864064767956734 0.01627451926469803
v 0.03712445497512817 0.056000176817178726 0.016187183558940887
v 0.038324404507875436 0.0576346218585968 0.012735105119645596
v 0.038324404507875436 0.0576346218585968 0.012735105119645596
v 0.03712445497512817 0.056000176817178726 0.016187183558940887
v 0.03858957812190055 0.056000176817178726 0.012292048893868923
v 0.038324404507875436 0.0576346218585968 0.012735105119645596
v 0.03858957812190055 0.056000176817178726 0.012292048893868923
v 0.03952680900692939 0.0562472827732563 0.00881438609212637
v 0.03952680900692939 0.0562472827732563 0.00881438609212637
v 0.03858957812190055 0.056000176817178726 0.012292048893868923
v 0.03964725136756896 0.056000180542469025 0.008267140947282314
v 0.03952680900692939 0.0562472827732563 0.00881438609212637
v 0.03964725136756896 0.056000180542469025 0.008267140947282314
v 0.039661172777414315 0.056000180542469025 0.00820008572191
v 0.019302811473608013 0.0669323056936264 0.019215978682041168
v 0.0262429267168045 0.06613118201494217 0.015928708016872406
v 0.0242682471871376 0.06671826541423798 0.013935170136392117
v 0.0242682471871376 0.06671826541423798 0.013935170136392117
v 0.0262429267168045 0.06613118201494217 0.015928708016872406
v 0.030749876052141186 0.06545865535736084 0.01018942054361105
v 0.0242682471871376 0.06671826541423798 0.013935170136392117
v 0.030749876052141186 0.06545865535736084 0.01018942054361105
v 0.028847016394138333 0.0661175549030304 0.00826770719140768
v 0.028847016394138333 0.0661175549030304 0.00826770719140768
v 0.030749876052141186 0.06545865535736084 0.01018942054361105
v 0.03280647471547126 0.06492551416158676 0.007122895680367947
v 0.028847016394138333 0.0661175549030304 0.00826770719140768
v 0.03280647471547126 0.06492551416158676 0.007122895680367947
v 0.030963767319917675 0.06564456969499588 0.0052613383159041405
v 0.030963767319917675 0.06564456969499588 0.0052613383159041405
v 0.03280647471547126 0.06492551416158676 0.007122895680367947
v 0.03469607606530189 0.06422536820173264 0.0038893737364560366
v 0.030963767319917675 0.06564456969499588 0.0052613383159041405
v 0.03469607606530189 0.06422536820173264 0.0038893737364560366
v 0.03293999657034873 0.06503105908632278 0.002114436822012067
v 0.03293999657034873 0.06503105908632278 0.002114436822012067
v 0.03469607606530189 0.06422536820173264 0.0038893737364560366
v 0.035278677940368645 0.06397576630115509 4.835845288653218e-07
v 0.03293999657034873 0.06503105908632278 0.002114436822012067
v 0.035278677940368645 0.06397576630115509 4.835845288653218e-07
v 0.03284697234630584 0.06507743895053864 4.984856900591694e-07
v 0.030322555452585217 0.06505930423736572 0.014904073439538479
v 0.032472297549247735 0.06461931020021439 0.011930695734918118
v 0.030749876052141186 0.06545865535736084 0.01018942054361105
v 0.030749876052141186 0.06545865535736084 0.01018942054361105
v 0.032472297549247735 0.06461931020021439 0.011930695734918118
v 0.034466207027435296 0.06402347981929779 0.008801481686532497
v 0.030749876052141186 0.06545865535736084 0.01018942054361105
v 0.034466207027435296 0.06402347981929779 0.008801481686532497
v 0.03280647471547126 0.06492551416158676 0.007122895680367947
v 0.03280647471547126 0.06492551416158676 0.007122895680367947
v 0.034466207027435296 0.06402347981929779 0.008801481686532497
v 0.036265000700950616 0.06323253363370895 0.005477151833474636
v 0.03280647471547126 0.06492551416158676 0.007122895680367947
v 0.036265000700950616 0.06323253363370895 0.005477151833474636
v 0.03469607606530189 0.06422536820173264 0.0038893737364560366
v 0.03469607606530189 0.06422536820173264 0.0038893737364560366
v 0.036265000700950616 0.06323253363370895 0.005477151833474636
v 0.037806384265422814 0.062184177339076996 0.001895419554784894
v 0.03469607606530189 0.06422536820173264 0.0038893737364560366
v 0.037806384265422814 0.062184177339076996 0.001895419554784894
v 0.036376949399709695 0.06331650167703629 0.00044713099487125874
v 0.036376949399709695 0.06331650167703629 0.00044713099487125874
v 0.037806384265422814 0.062184177339076996 0.001895419554784894
v 0.03724581003189086 0.06268343329429626 8.125319794771713e-08
v 0.036376949399709695 0.06331650167703629 0.00044713099487125874
v 0.03724581003189086 0.06268343329429626 8.125319794771713e-08
v 0.035278677940368645 0.06397576630115509 4.835845288653218e-07
v 0.040401056408882134 0.057389210909605026 4.984856900591694e-07
v 0.04028594866394996 0.058007143437862396 4.090787513177929e-07
v 0.04022127762436866 0.05818067118525505 0.00178646226413548
v 0.04022127762436866 0.05818067118525505 0.00178646226413548
v 0.04028594866394996 0.058007143437862396 4.090787513177929e-07
v 0.03951675817370414 0.060037918388843536 0.0010631002951413393
v 0.04022127762436866 0.05818067118525505 0.00178646226413548
v 0.03951675817370414 0.060037918388843536 0.0010631002951413393
v 0.039822217077016824 0.05907648056745529 0.00394896324723959
v 0.039822217077016824 0.05907648056745529 0.00394896324723959
v 0.03951675817370414 0.060037918388843536 0.0010631002951413393
v 0.03898122161626815 0.060797251760959625 0.003089121775701642
v 0.039822217077016824 0.05907648056745529 0.00394896324723959
v 0.03898122161626815 0.060797251760959625 0.003089121775701642
v 0.03927882015705108 0.059827957302331924 0.005967131815850735
v 0.04028630629181861 0.056000180542469025 0.004154941998422146
v 0.04042539000511169 0.056000180542469025 0.0024572082329541445
v 0.040228772908449166 0.05692127346992493 0.004374376498162746
v 0.040228772908449166 0.05692127346992493 0.004374376498162746
v 0.04042539000511169 0.056000180542469025 0.0024572082329541445
v 0.039822217077016824 0.05907648056745529 0.00394896324723959
v 0.040228772908449166 0.05692127346992493 0.004374376498162746
v 0.039822217077016824 0.05907648056745529 0.00394896324723959
v 0.03982505202293395 0.05781242251396179 0.0065322136506438255
v 0.03982505202293395 0.05781242251396179 0.0065322136506438255
v 0.039822217077016824 0.05907648056745529 0.00394896324723959
v 0.03927882015705108 0.059827957302331924 0.005967131815850735
v 0.03982505202293395 0.05781242251396179 0.0065322136506438255
v 0.03927882015705108 0.059827957302331924 0.005967131815850735
v 0.03927927464246749 0.05856151506304741 0.008547998033463955
v 8.213372204579626e-09 0.06588904559612274 0.031020335853099823
v -1.1099592001073687e-07 0.0649028941988945 0.033801548182964325
v 0.002128378255292773 0.06529630720615387 0.032780252397060394
v 0.002128378255292773 0.06529630720615387 0.032780252397060394
v -1.1099592001073687e-07 0.0649028941988945 0.033801548182964325
v -5.88418522795564e-08 0.06388335675001144 0.035812459886074066
v 0.002128378255292773 0.06529630720615387 0.032780252397060394
v -5.88418522795564e-08 0.06388335675001144 0.035812459886074066
v 0.0038893937598913904 0.06449556350708008 0.03456012159585953
v 0.0038893937598913904 0.06449556350708008 0.03456012159585953
v -5.88418522795564e-08 0.06388335675001144 0.035812459886074066
v 0.00043026433559134597 0.06362617015838623 0.0362241193652153
v 0.0038893937598913904 0.06449556350708008 0.03456012159585953
v 0.00043026433559134597 0.06362617015838623 0.0362241193652153
v 0.0018623702926561234 0.06249651685357094 0.03767509013414383
v 0.0018623702926561234 0.06249651685357094 0.03767509013414383
v 0.00043026433559134597 0.06362617015838623 0.0362241193652153
v -5.5058018233467e-07 0.06261322647333145 0.03756739944219589
v 0.0018623702926561234 0.06249651685357094 0.03767509013414383
v -5.5058018233467e-07 0.06261322647333145 0.03756739944219589
v -5.05876698753127e-07 0.06132437288761139 0.03878267854452133
v -2.525569584577169e-07 0.05978529900312424 0.03971876949071884
v 0.003038682742044329 0.06111106276512146 0.038870252668857574
v 0.0018623702926561234 0.06249651685357094 0.03767509013414383
v 0.0018623702926561234 0.06249651685357094 0.03767509013414383
v 0.003038682742044329 0.06111106276512146 0.038870252668857574
v 0.005456716753542422 0.06350111961364746 0.03614630550146103
v 0.0018623702926561234 0.06249651685357094 0.03767509013414383
v 0.005456716753542422 0.06350111961364746 0.03614630550146103
v 0.0038893937598913904 0.06449556350708008 0.03456012159585953
v 0.0038893937598913904 0.06449556350708008 0.03456012159585953
v 0.005456716753542422 0.06350111961364746 0.03614630550146103
v 0.007137455977499484 0.06515388190746307 0.03268507868051529
v 0.0038893937598913904 0.06449556350708008 0.03456012159585953
v 0.007137455977499484 0.06515388190746307 0.03268507868051529
v 0.00529088545590639 0.06586907804012299 0.030819647014141083
v 0.0087950536981225 0.06424971669912338 0.03436153382062912
v 0.006783653981983661 0.06226629391312599 0.03749210387468338
v 0.010221582837402819 0.0631144791841507 0.035806916654109955
v 0.010221582837402819 0.0631144791841507 0.035806916654109955
v 0.006783653981983661 0.06226629391312599 0.03749210387468338
v 0.00781253073364496 0.060733407735824585 0.0385398343205452
v 0.010221582837402819 0.0631144791841507 0.035806916654109955
v 0.00781253073364496 0.060733407735824585 0.0385398343205452
v 0.011370779015123842 0.06170191615819931 0.03697497397661209
v 0.0017382287187501786 0.05854371190071106 0.04015021771192551
v 0.00389159913174808 0.059402212500572205 0.03974203020334244
v 0.0035109266173094507 0.06030242517590523 0.0393519327044487
v 0.0035109266173094507 0.06030242517590523 0.0393519327044487
v 0.00389159913174808 0.059402212500572205 0.03974203020334244
v 0.00781253073364496 0.060733407735824585 0.0385398343205452
v 0.0035109266173094507 0.06030242517590523 0.0393519327044487
v 0.00781253073364496 0.060733407735824585 0.0385398343205452
v 0.003038682742044329 0.06111106276512146 0.038870252668857574
v 0.003038682742044329 0.06111106276512146 0.038870252668857574
v 0.00781253073364496 0.060733407735824585 0.0385398343205452
v 0.006783653981983661 0.06226629391312599 0.03749210387468338
v 0.003038682742044329 0.06111106276512146 0.038870252668857574
v 0.006783653981983661 0.06226629391312599 0.03749210387468338
v 0.005456716753542422 0.06350111961364746 0.03614630550146103
v 0.005456716753542422 0.06350111961364746 0.03614630550146103
v 0.006783653981983661 0.06226629391312599 0.03749210387468338
v 0.0087950536981225 0.06424971669912338 0.03436153382062912
v 0.005456716753542422 0.06350111961364746 0.03614630550146103
v 0.0087950536981225 0.06424971669912338 0.03436153382062912
v 0.007137455977499484 0.06515388190746307 0.03268507868051529
v 0.014671255834400652 0.062412653118371964 0.03515232354402542
v 0.016471277922391888 0.06418469548225403 0.03181036561727524
v 0.013434999622404574 0.06373815983533859 0.03389721363782883
v 0.013434999622404574 0.06373815983533859 0.03389721363782883
v 0.016471277922391888 0.06418469548225403 0.03181036561727524
v 0.014921658672392367 0.06519684195518494 0.03024189919233322
v 0.013434999622404574 0.06373815983533859 0.03389721363782883
v 0.014921658672392367 0.06519684195518494 0.03024189919233322
v 0.01193686295300722 0.06480178982019424 0.03238021582365036
v 0.01193686295300722 0.06480178982019424 0.03238021582365036
v 0.014921658672392367 0.06519684195518494 0.03024189919233322
v 0.01315465662628412 0.0659916028380394 0.02845603972673416
v 0.01193686295300722 0.06480178982019424 0.03238021582365036
v 0.01315465662628412 0.0659916028380394 0.02845603972673416
v 0.010215998627245424 0.06564268469810486 0.030640490353107452
v 0.008309115655720232 0.06629756838083267 0.028714753687381744
v 0.010215998627245424 0.06564268469810486 0.030640490353107452
v 0.013994288630783556 0.06680326163768768 0.024153687059879303
v 0.013994288630783556 0.06680326163768768 0.024153687059879303
v 0.010215998627245424 0.06564268469810486 0.030640490353107452
v 0.01315465662628412 0.0659916028380394 0.02845603972673416
v 0.013994288630783556 0.06680326163768768 0.024153687059879303
v 0.01315465662628412 0.0659916028380394 0.02845603972673416
v 0.01597388833761215 0.06622110307216644 0.026152141392230988
v 0.01597388833761215 0.06622110307216644 0.026152141392230988
v 0.01315465662628412 0.0659916028380394 0.02845603972673416
v 0.014921658672392367 0.06519684195518494 0.03024189919233322
v 0.01597388833761215 0.06622110307216644 0.026152141392230988
v 0.014921658672392367 0.06519684195518494 0.03024189919233322
v 0.01777209341526031 0.0654575377702713 0.027969203889369965
v 0.01777209341526031 0.0654575377702713 0.027969203889369965
v 0.014921658672392367 0.06519684195518494 0.03024189919233322
v 0.016471277922391888 0.06418469548225403 0.03181036561727524
v 0.012198534794151781 0.05996790528297424 0.037821583449840546
v 0.008196533657610415 0.05983652547001839 0.038933269679546356
v 0.008485433645546435 0.05884454771876335 0.039231590926647186
v 0.008485433645546435 0.05884454771876335 0.039231590926647186
v 0.008196533657610415 0.05983652547001839 0.038933269679546356
v 0.004168552346527576 0.05839828774333 0.0400284007191658
v 0.008485433645546435 0.05884454771876335 0.039231590926647186
v 0.004168552346527576 0.05839828774333 0.0400284007191658
v 0.00433304626494646 0.057281896471977234 0.04020232707262039
v 0.00433304626494646 0.057281896471977234 0.04020232707262039
v 0.004168552346527576 0.05839828774333 0.0400284007191658
v 0.0020167238544672723 0.05626044422388077 0.04044757038354874
v 0.0011672907276079056 0.056000158190727234 0.04048316925764084
v 0.0020167238544672723 0.05626044422388077 0.04044757038354874
v 0.0017382287187501786 0.05854371190071106 0.04015021771192551
v 0.0017382287187501786 0.05854371190071106 0.04015021771192551
v 0.0020167238544672723 0.05626044422388077 0.04044757038354874
v 0.004168552346527576 0.05839828774333 0.0400284007191658
v 0.0017382287187501786 0.05854371190071106 0.04015021771192551
v 0.004168552346527576 0.05839828774333 0.0400284007191658
v 0.00389159913174808 0.059402212500572205 0.03974203020334244
v 0.00389159913174808 0.059402212500572205 0.03974203020334244
v 0.004168552346527576 0.05839828774333 0.0400284007191658
v 0.008196533657610415 0.05983652547001839 0.038933269679546356
v 0.00389159913174808 0.059402212500572205 0.03974203020334244
v 0.008196533657610415 0.05983652547001839 0.038933269679546356
v 0.00781253073364496 0.060733407735824585 0.0385398343205452
v 0.00781253073364496 0.060733407735824585 0.0385398343205452
v 0.008196533657610415 0.05983652547001839 0.038933269679546356
v 0.012198534794151781 0.05996790528297424 0.037821583449840546
v 0.00781253073364496 0.060733407735824585 0.0385398343205452
v 0.012198534794151781 0.05996790528297424 0.037821583449840546
v 0.011370779015123842 0.06170191615819931 0.03697497397661209
v 0.011955787427723406 0.05600016191601753 0.0386950746178627
v 0.013400250114500521 0.05600016191601753 0.038218893110752106
v 0.01266974303871393 0.057877350598573685 0.038311637938022614
v 0.01266974303871393 0.057877350598573685 0.038311637938022614
v 0.013400250114500521 0.05600016191601753 0.038218893110752106
v 0.0162096694111824 0.05882754176855087 0.036728449165821075
v 0.01266974303871393 0.057877350598573685 0.038311637938022614
v 0.0162096694111824 0.05882754176855087 0.036728449165821075
v 0.015607033856213091 0.060786668211221695 0.03610695153474808
v 0.015607033856213091 0.060786668211221695 0.03610695153474808
v 0.0162096694111824 0.05882754176855087 0.036728449165821075
v 0.018778346478939053 0.06136823818087578 0.03415515273809433
v 0.015607033856213091 0.060786668211221695 0.03610695153474808
v 0.018778346478939053 0.06136823818087578 0.03415515273809433
v 0.017768111079931256 0.06291977316141129 0.03312606364488602
v 0.017768111079931256 0.06291977316141129 0.03312606364488602
v 0.018778346478939053 0.06136823818087578 0.03415515273809433
v 0.020695094019174572 0.06325701624155045 0.030929915606975555
v 0.017768111079931256 0.06291977316141129 0.03312606364488602
v 0.020695094019174572 0.06325701624155045 0.030929915606975555
v 0.019356817007064816 0.0644804984331131 0.02957279235124588
v 0.019356817007064816 0.0644804984331131 0.02957279235124588
v 0.020695094019174572 0.06325701624155045 0.030929915606975555
v 0.02210929989814758 0.0646432414650917 0.027202151715755463
v 0.019356817007064816 0.0644804984331131 0.02957279235124588
v 0.02210929989814758 0.0646432414650917 0.027202151715755463
v 0.023125417530536648 0.06563138961791992 0.023076288402080536
v 0.016456406563520428 0.056512512266635895 0.036994047462940216
v 0.019824296236038205 0.057290662080049515 0.03523880988359451
v 0.01947178319096565 0.059499915689229965 0.03486744314432144
v 0.01947178319096565 0.059499915689229965 0.03486744314432144
v 0.019824296236038205 0.057290662080049515 0.03523880988359451
v 0.022506643086671826 0.059945035725831985 0.03277919441461563
v 0.01947178319096565 0.059499915689229965 0.03486744314432144
v 0.022506643086671826 0.059945035725831985 0.03277919441461563
v 0.021754704415798184 0.06175485998392105 0.03200838714838028
v 0.021754704415798184 0.06175485998392105 0.03200838714838028
v 0.022506643086671826 0.059945035725831985 0.03277919441461563
v 0.024559486657381054 0.061969902366399765 0.029690049588680267
v 0.021754704415798184 0.06175485998392105 0.03200838714838028
v 0.024559486657381054 0.061969902366399765 0.029690049588680267
v 0.023471511900424954 0.06344369053840637 0.02858322113752365
v 0.023471511900424954 0.06344369053840637 0.02858322113752365
v 0.024559486657381054 0.061969902366399765 0.029690049588680267
v 0.02610799670219421 0.06349043548107147 0.026096589863300323
v 0.023471511900424954 0.06344369053840637 0.02858322113752365
v 0.02610799670219421 0.06349043548107147 0.026096589863300323
v 0.024737626314163205 0.06468182802200317 0.024707354605197906
v 0.024737626314163205 0.06468182802200317 0.024707354605197906
v 0.02610799670219421 0.06349043548107147 0.026096589863300323
v 0.028607320040464398 0.0634000226855278 0.023472793400287628
v 0.024737626314163205 0.06468182802200317 0.024707354605197906
v 0.028607320040464398 0.0634000226855278 0.023472793400287628
v 0.02724426984786987 0.06459873914718628 0.022090889513492584
v 0.02724426984786987 0.06459873914718628 0.022090889513492584
v 0.028607320040464398 0.0634000226855278 0.023472793400287628
v 0.030965872108936306 0.06316883116960526 0.020708225667476654
v 0.02724426984786987 0.06459873914718628 0.022090889513492584
v 0.030965872108936306 0.06316883116960526 0.020708225667476654
v 0.02962597087025642 0.06439069658517838 0.019349463284015656
v 0.02962597087025642 0.06439069658517838 0.019349463284015656
v 0.030965872108936306 0.06316883116960526 0.020708225667476654
v 0.03317399695515632 0.06278721988201141 0.017793230712413788
v 0.02962597087025642 0.06439069658517838 0.019349463284015656
v 0.03317399695515632 0.06278721988201141 0.017793230712413788
v 0.03187454864382743 0.06404953449964523 0.016474924981594086
v 0.03187454864382743 0.06404953449964523 0.016474924981594086
v 0.03317399695515632 0.06278721988201141 0.017793230712413788
v 0.03521249070763587 0.06223597377538681 0.014708600006997585
v 0.03187454864382743 0.06404953449964523 0.016474924981594086
v 0.03521249070763587 0.06223597377538681 0.014708600006997585
v 0.03397410735487937 0.06355935335159302 0.01345135923475027
v 0.03397410735487937 0.06355935335159302 0.01345135923475027
v 0.03521249070763587 0.06223597377538681 0.014708600006997585
v 0.03704813122749328 0.06148187443614006 0.01142112072557211
v 0.03397410735487937 0.06355935335159302 0.01345135923475027
v 0.03704813122749328 0.06148187443614006 0.01142112072557211
v 0.03589719906449317 0.06289270520210266 0.010251334868371487
v 0.03589719906449317 0.06289270520210266 0.010251334868371487
v 0.03704813122749328 0.06148187443614006 0.01142112072557211
v 0.038621857762336724 0.06046586483716965 0.007871723733842373
v 0.03589719906449317 0.06289270520210266 0.010251334868371487
v 0.038621857762336724 0.06046586483716965 0.007871723733842373
v 0.03759535774588584 0.06200112774968147 0.006826377473771572
v 0.024368770420551297 0.05600016564130783 0.03234831243753433
v 0.02572507783770561 0.05600016936659813 0.0312805101275444
v 0.0229278951883316 0.057804521173238754 0.03321930021047592
v 0.0229278951883316 0.057804521173238754 0.03321930021047592
v 0.02572507783770561 0.05600016936659813 0.0312805101275444
v 0.02580493316054344 0.058091819286346436 0.030973218381404877
v 0.0229278951883316 0.057804521173238754 0.03321930021047592
v 0.02580493316054344 0.058091819286346436 0.030973218381404877
v 0.02534500882029533 0.060193661600351334 0.030494429171085358
v 0.02534500882029533 0.060193661600351334 0.030494429171085358
v 0.02580493316054344 0.058091819286346436 0.030973218381404877
v 0.028001260012388226 0.06026017293334007 0.028027556836605072
v 0.02534500882029533 0.060193661600351334 0.030494429171085358
v 0.028001260012388226 0.06026017293334007 0.028027556836605072
v 0.02720532566308975 0.0620260015130043 0.027212776243686676
v 0.02720532566308975 0.0620260015130043 0.027212776243686676
v 0.028001260012388226 0.06026017293334007 0.028027556836605072
v 0.030480228364467617 0.06014940142631531 0.02538340538740158
v 0.02720532566308975 0.0620260015130043 0.027212776243686676
v 0.030480228364467617 0.06014940142631531 0.02538340538740158
v 0.02969565615057945 0.061926595866680145 0.024579979479312897
v 0.02969565615057945 0.061926595866680145 0.024579979479312897
v 0.030480228364467617 0.06014940142631531 0.02538340538740158
v 0.03277605399489402 0.05985548719763756 0.022556118667125702
v 0.02969565615057945 0.061926595866680145 0.024579979479312897
v 0.03277605399489402 0.05985548719763756 0.022556118667125702
v 0.032026011496782296 0.06166720762848854 0.021787218749523163
v 0.032026011496782296 0.06166720762848854 0.021787218749523163
v 0.03277605399489402 0.05985548719763756 0.022556118667125702
v 0.03487316519021987 0.05936285853385925 0.01953011006116867
v 0.032026011496782296 0.06166720762848854 0.021787218749523163
v 0.03487316519021987 0.05936285853385925 0.01953011006116867
v 0.03418429195880889 0.06123574823141098 0.018822379410266876
v 0.03418429195880889 0.06123574823141098 0.018822379410266876
v 0.03487316519021987 0.05936285853385925 0.01953011006116867
v 0.03674069419503211 0.05864064767956734 0.01627451926469803
v 0.03418429195880889 0.06123574823141098 0.018822379410266876
v 0.03674069419503211 0.05864064767956734 0.01627451926469803
v 0.03614627942442893 0.060607995837926865 0.015661247074604034
v 0.03614627942442893 0.060607995837926865 0.015661247074604034
v 0.03674069419503211 0.05864064767956734 0.01627451926469803
v 0.038324404507875436 0.0576346218585968 0.012735105119645596
v 0.03614627942442893 0.060607995837926865 0.015661247074604034
v 0.038324404507875436 0.0576346218585968 0.012735105119645596
v 0.037869818508625024 0.0597417987883091 0.012261665426194668
v 0.037869818508625024 0.0597417987883091 0.012261665426194668
v 0.038324404507875436 0.0576346218585968 0.012735105119645596
v 0.03952680900692939 0.0562472827732563 0.00881438609212637
v 0.037869818508625024 0.0597417987883091 0.012261665426194668
v 0.03952680900692939 0.0562472827732563 0.00881438609212637
v 0.03927927464246749 0.05856151506304741 0.008547998033463955
v 0.03927927464246749 0.05856151506304741 0.008547998033463955
v 0.03952680900692939 0.0562472827732563 0.00881438609212637
v 0.039661172777414315 0.056000180542469025 0.00820008572191
v 0.03927927464246749 0.05856151506304741 0.008547998033463955
v 0.039661172777414315 0.056000180542469025 0.00820008572191
v 0.03982505202293395 0.05781242251396179 0.0065322136506438255
v 0.03982505202293395 0.05781242251396179 0.0065322136506438255
v 0.039661172777414315 0.056000180542469025 0.00820008572191
v 0.0399472564458847 0.056000180542469025 0.006668350659310818
v 0.03982505202293395 0.05781242251396179 0.0065322136506438255
v 0.0399472564458847 0.056000180542469025 0.006668350659310818
v 0.04025901481509208 0.056000180542469025 0.004411554895341396
v 0.020920574665069577 0.05600016564130783 0.034678228199481964
v 0.024368770420551297 0.05600016564130783 0.03234831243753433
v 0.019824296236038205 0.057290662080049515 0.03523880988359451
v 0.019824296236038205 0.057290662080049515 0.03523880988359451
v 0.024368770420551297 0.05600016564130783 0.03234831243753433
v 0.0229278951883316 0.057804521173238754 0.03321930021047592
v 0.019824296236038205 0.057290662080049515 0.03523880988359451
v 0.0229278951883316 0.057804521173238754 0.03321930021047592
v 0.022506643086671826 0.059945035725831985 0.03277919441461563
v 0.022506643086671826 0.059945035725831985 0.03277919441461563
v 0.0229278951883316 0.057804521173238754 0.03321930021047592
v 0.02534500882029533 0.060193661600351334 0.030494429171085358
v 0.022506643086671826 0.059945035725831985 0.03277919441461563
v 0.02534500882029533 0.060193661600351334 0.030494429171085358
v 0.024559486657381054 0.061969902366399765 0.029690049588680267
v 0.024559486657381054 0.061969902366399765 0.029690049588680267
v 0.02534500882029533 0.060193661600351334 0.030494429171085358
v 0.02720532566308975 0.0620260015130043 0.027212776243686676
v 0.024559486657381054 0.061969902366399765 0.029690049588680267
v 0.02720532566308975 0.0620260015130043 0.027212776243686676
v 0.02610799670219421 0.06349043548107147 0.026096589863300323
v 0.02610799670219421 0.06349043548107147 0.026096589863300323
v 0.02720532566308975 0.0620260015130043 0.027212776243686676
v 0.02969565615057945 0.061926595866680145 0.024579979479312897
v 0.02610799670219421 0.06349043548107147 0.026096589863300323
v 0.02969565615057945 0.061926595866680145 0.024579979479312897
v 0.028607320040464398 0.0634000226855278 0.023472793400287628
v 0.028607320040464398 0.0634000226855278 0.023472793400287628
v 0.02969565615057945 0.061926595866680145 0.024579979479312897
v 0.032026011496782296 0.06166720762848854 0.021787218749523163
v 0.028607320040464398 0.0634000226855278 0.023472793400287628
v 0.032026011496782296 0.06166720762848854 0.021787218749523163
v 0.030965872108936306 0.06316883116960526 0.020708225667476654
v 0.030965872108936306 0.06316883116960526 0.020708225667476654
v 0.032026011496782296 0.06166720762848854 0.021787218749523163
v 0.03418429195880889 0.06123574823141098 0.018822379410266876
v 0.030965872108936306 0.06316883116960526 0.020708225667476654
v 0.03418429195880889 0.06123574823141098 0.018822379410266876
v 0.03317399695515632 0.06278721988201141 0.017793230712413788
v 0.03317399695515632 0.06278721988201141 0.017793230712413788
v 0.03418429195880889 0.06123574823141098 0.018822379410266876
v 0.03614627942442893 0.060607995837926865 0.015661247074604034
v 0.03317399695515632 0.06278721988201141 0.017793230712413788
v 0.03614627942442893 0.060607995837926865 0.015661247074604034
v 0.03521249070763587 0.06223597377538681 0.014708600006997585
v 0.03521249070763587 0.06223597377538681 0.014708600006997585
v 0.03614627942442893 0.060607995837926865 0.015661247074604034
v 0.037869818508625024 0.0597417987883091 0.012261665426194668
v 0.03521249070763587 0.06223597377538681 0.014708600006997585
v 0.037869818508625024 0.0597417987883091 0.012261665426194668
v 0.03704813122749328 0.06148187443614006 0.01142112072557211
v 0.03704813122749328 0.06148187443614006 0.01142112072557211
v 0.037869818508625024 0.0597417987883091 0.012261665426194668
v 0.03927927464246749 0.05856151506304741 0.008547998033463955
v 0.03704813122749328 0.06148187443614006 0.01142112072557211
v 0.03927927464246749 0.05856151506304741 0.008547998033463955
v 0.038621857762336724 0.06046586483716965 0.007871723733842373
v 0.038621857762336724 0.06046586483716965 0.007871723733842373
v 0.03927927464246749 0.05856151506304741 0.008547998033463955
v 0.03927882015705108 0.059827957302331924 0.005967131815850735
v 0.038621857762336724 0.06046586483716965 0.007871723733842373
v 0.03927882015705108 0.059827957302331924 0.005967131815850735
v 0.03759535774588584 0.06200112774968147 0.006826377473771572
v 0.03759535774588584 0.06200112774968147 0.006826377473771572
v 0.03927882015705108 0.059827957302331924 0.005967131815850735
v 0.03898122161626815 0.060797251760959625 0.003089121775701642
v 0.039680209010839455 0.05973244830965996 5.145087911273549e-08
v 0.038683060556650155 0.06127546355128288 2.153636557977734e-07
v 0.03951675817370414 0.060037918388843536 0.0010631002951413393
v 0.03951675817370414 0.060037918388843536 0.0010631002951413393
v 0.038683060556650155 0.06127546355128288 2.153636557977734e-07
v 0.037806384265422814 0.062184177339076996 0.001895419554784894
v 0.03951675817370414 0.060037918388843536 0.0010631002951413393
v 0.037806384265422814 0.062184177339076996 0.001895419554784894
v 0.03898122161626815 0.060797251760959625 0.003089121775701642
v 0.03898122161626815 0.060797251760959625 0.003089121775701642
v 0.037806384265422814 0.062184177339076996 0.001895419554784894
v 0.036265000700950616 0.06323253363370895 0.005477151833474636
v 0.03898122161626815 0.060797251760959625 0.003089121775701642
v 0.036265000700950616 0.06323253363370895 0.005477151833474636
v 0.03759535774588584 0.06200112774968147 0.006826377473771572
v 0.03759535774588584 0.06200112774968147 0.006826377473771572
v 0.036265000700950616 0.06323253363370895 0.005477151833474636
v 0.034466207027435296 0.06402347981929779 0.008801481686532497
v 0.03759535774588584 0.06200112774968147 0.006826377473771572
v 0.034466207027435296 0.06402347981929779 0.008801481686532497
v 0.03589719906449317 0.06289270520210266 0.010251334868371487
v 0.03589719906449317 0.06289270520210266 0.010251334868371487
v 0.034466207027435296 0.06402347981929779 0.008801481686532497
v 0.032472297549247735 0.06461931020021439 0.011930695734918118
v 0.03589719906449317 0.06289270520210266 0.010251334868371487
v 0.032472297549247735 0.06461931020021439 0.011930695734918118
v 0.03397410735487937 0.06355935335159302 0.01345135923475027
v 0.03397410735487937 0.06355935335159302 0.01345135923475027
v 0.032472297549247735 0.06461931020021439 0.011930695734918118
v 0.030322555452585217 0.06505930423736572 0.014904073439538479
v 0.03397410735487937 0.06355935335159302 0.01345135923475027
v 0.030322555452585217 0.06505930423736572 0.014904073439538479
v 0.03187454864382743 0.06404953449964523 0.016474924981594086
v 0.03187454864382743 0.06404953449964523 0.016474924981594086
v 0.030322555452585217 0.06505930423736572 0.014904073439538479
v 0.028040066361427304 0.06536655873060226 0.017744697630405426
v 0.03187454864382743 0.06404953449964523 0.016474924981594086
v 0.028040066361427304 0.06536655873060226 0.017744697630405426
v 0.02962597087025642 0.06439069658517838 0.019349463284015656
v 0.02962597087025642 0.06439069658517838 0.019349463284015656
v 0.028040066361427304 0.06536655873060226 0.017744697630405426
v 0.02563856169581413 0.06555479019880295 0.02046632021665573
v 0.02962597087025642 0.06439069658517838 0.019349463284015656
v 0.02563856169581413 0.06555479019880295 0.02046632021665573
v 0.02724426984786987 0.06459873914718628 0.022090889513492584
v 0.02724426984786987 0.06459873914718628 0.022090889513492584
v 0.02563856169581413 0.06555479019880295 0.02046632021665573
v 0.023125417530536648 0.06563138961791992 0.023076288402080536
v 0.02724426984786987 0.06459873914718628 0.022090889513492584
v 0.023125417530536648 0.06563138961791992 0.023076288402080536
v 0.024737626314163205 0.06468182802200317 0.024707354605197906
v 0.024737626314163205 0.06468182802200317 0.024707354605197906
v 0.023125417530536648 0.06563138961791992 0.023076288402080536
v 0.02210929989814758 0.0646432414650917 0.027202151715755463
v 0.024737626314163205 0.06468182802200317 0.024707354605197906
v 0.02210929989814758 0.0646432414650917 0.027202151715755463
v 0.023471511900424954 0.06344369053840637 0.02858322113752365
v 0.023471511900424954 0.06344369053840637 0.02858322113752365
v 0.02210929989814758 0.0646432414650917 0.027202151715755463
v 0.020695094019174572 0.06325701624155045 0.030929915606975555
v 0.023471511900424954 0.06344369053840637 0.02858322113752365
v 0.020695094019174572 0.06325701624155045 0.030929915606975555
v 0.021754704415798184 0.06175485998392105 0.03200838714838028
v 0.021754704415798184 0.06175485998392105 0.03200838714838028
v 0.020695094019174572 0.06325701624155045 0.030929915606975555
v 0.018778346478939053 0.06136823818087578 0.03415515273809433
v 0.021754704415798184 0.06175485998392105 0.03200838714838028
v 0.018778346478939053 0.06136823818087578 0.03415515273809433
v 0.01947178319096565 0.059499915689229965 0.03486744314432144
v 0.01947178319096565 0.059499915689229965 0.03486744314432144
v 0.018778346478939053 0.06136823818087578 0.03415515273809433
v 0.0162096694111824 0.05882754176855087 0.036728449165821075
v 0.01947178319096565 0.059499915689229965 0.03486744314432144
v 0.0162096694111824 0.05882754176855087 0.036728449165821075
v 0.016456406563520428 0.056512512266635895 0.036994047462940216
v 0.016456406563520428 0.056512512266635895 0.036994047462940216
v 0.0162096694111824 0.05882754176855087 0.036728449165821075
v 0.013400250114500521 0.05600016191601753 0.038218893110752106
v 0.016456406563520428 0.056512512266635895 0.036994047462940216
v 0.013400250114500521 0.05600016191601753 0.038218893110752106
v 0.01725148409605026 0.05600016191601753 0.036642007529735565
v 0.008309115655720232 0.06629756838083267 0.028714753687381744
v 0.013994288630783556 0.06680326163768768 0.024153687059879303
v 0.004066155292093753 0.06717813014984131 0.024434082210063934
v 0.004066155292093753 0.06717813014984131 0.024434082210063934
v 0.013994288630783556 0.06680326163768768 0.024153687059879303
v 0.00960854161530733 0.06754104793071747 0.019730232656002045
v 0.004066155292093753 0.06717813014984131 0.024434082210063934
v 0.00960854161530733 0.06754104793071747 0.019730232656002045
v 0.004823283292353152 0.06787931174039841 0.014907247386872768
v 0.012198534794151781 0.05996790528297424 0.037821583449840546
v 0.014671255834400652 0.062412653118371964 0.03515232354402542
v 0.011370779015123842 0.06170191615819931 0.03697497397661209
v 0.011370779015123842 0.06170191615819931 0.03697497397661209
v 0.014671255834400652 0.062412653118371964 0.03515232354402542
v 0.013434999622404574 0.06373815983533859 0.03389721363782883
v 0.011370779015123842 0.06170191615819931 0.03697497397661209
v 0.013434999622404574 0.06373815983533859 0.03389721363782883
v 0.010221582837402819 0.0631144791841507 0.035806916654109955
v 0.010221582837402819 0.0631144791841507 0.035806916654109955
v 0.013434999622404574 0.06373815983533859 0.03389721363782883
v 0.01193686295300722 0.06480178982019424 0.03238021582365036
v 0.010221582837402819 0.0631144791841507 0.035806916654109955
v 0.01193686295300722 0.06480178982019424 0.03238021582365036
v 0.0087950536981225 0.06424971669912338 0.03436153382062912
v 0.0087950536981225 0.06424971669912338 0.03436153382062912
v 0.01193686295300722 0.06480178982019424 0.03238021582365036
v 0.010215998627245424 0.06564268469810486 0.030640490353107452
v 0.0087950536981225 0.06424971669912338 0.03436153382062912
v 0.010215998627245424 0.06564268469810486 0.030640490353107452
v 0.007137455977499484 0.06515388190746307 0.03268507868051529
v 0.007137455977499484 0.06515388190746307 0.03268507868051529
v 0.010215998627245424 0.06564268469810486 0.030640490353107452
v 0.008309115655720232 0.06629756838083267 0.028714753687381744
v 0.007137455977499484 0.06515388190746307 0.03268507868051529
v 0.008309115655720232 0.06629756838083267 0.028714753687381744
v 0.00529088545590639 0.06586907804012299 0.030819647014141083
v 0.00529088545590639 0.06586907804012299 0.030819647014141083
v 0.008309115655720232 0.06629756838083267 0.028714753687381744
v 0.004066155292093753 0.06717813014984131 0.024434082210063934
v 0.00529088545590639 0.06586907804012299 0.030819647014141083
v 0.004066155292093753 0.06717813014984131 0.024434082210063934
v 0.0011665978236123917 0.06686832010746002 0.026657648384571075
v 0.0011665978236123917 0.06686832010746002 0.026657648384571075
v 0.004066155292093753 0.06717813014984131 0.024434082210063934
v -1.1099592001073687e-07 0.06738568097352982 0.022904030978679657
v 0.0011665978236123917 0.06686832010746002 0.026657648384571075
v -1.1099592001073687e-07 0.06738568097352982 0.022904030978679657
v -1.184465006076607e-07 0.06678599864244461 0.02714679390192032
v 0.0014944010181352494 0.056000158190727234 0.040472425520420074
v 0.002017327351495623 0.056000158190727234 0.040449731051921844
v 0.0020167238544672723 0.05626044422388077 0.04044757038354874
v 0.0020167238544672723 0.05626044422388077 0.04044757038354874
v 0.002017327351495623 0.056000158190727234 0.040449731051921844
v 0.004383378662168979 0.0560513474047184 0.04026208072900772
v 0.0020167238544672723 0.05626044422388077 0.04044757038354874
v 0.004383378662168979 0.0560513474047184 0.04026208072900772
v 0.00433304626494646 0.057281896471977234 0.04020232707262039
v 0.00433304626494646 0.057281896471977234 0.04020232707262039
v 0.004383378662168979 0.0560513474047184 0.04026208072900772
v 0.008675196208059786 0.05775342509150505 0.03943078964948654
v 0.00433304626494646 0.057281896471977234 0.04020232707262039
v 0.008675196208059786 0.05775342509150505 0.03943078964948654
v 0.008485433645546435 0.05884454771876335 0.039231590926647186
v 0.008485433645546435 0.05884454771876335 0.039231590926647186
v 0.008675196208059786 0.05775342509150505 0.03943078964948654
v 0.01266974303871393 0.057877350598573685 0.038311637938022614
v 0.008485433645546435 0.05884454771876335 0.039231590926647186
v 0.01266974303871393 0.057877350598573685 0.038311637938022614
v 0.012198534794151781 0.05996790528297424 0.037821583449840546
v 0.012198534794151781 0.05996790528297424 0.037821583449840546
v 0.01266974303871393 0.057877350598573685 0.038311637938022614
v 0.015607033856213091 0.060786668211221695 0.03610695153474808
v 0.012198534794151781 0.05996790528297424 0.037821583449840546
v 0.015607033856213091 0.060786668211221695 0.03610695153474808
v 0.014671255834400652 0.062412653118371964 0.03515232354402542
v 0.014671255834400652 0.062412653118371964 0.03515232354402542
v 0.015607033856213091 0.060786668211221695 0.03610695153474808
v 0.017768111079931256 0.06291977316141129 0.03312606364488602
v 0.014671255834400652 0.062412653118371964 0.03515232354402542
v 0.017768111079931256 0.06291977316141129 0.03312606364488602
v 0.016471277922391888 0.06418469548225403 0.03181036561727524
v 0.016471277922391888 0.06418469548225403 0.03181036561727524
v 0.017768111079931256 0.06291977316141129 0.03312606364488602
v 0.019356817007064816 0.0644804984331131 0.02957279235124588
v 0.016471277922391888 0.06418469548225403 0.03181036561727524
v 0.019356817007064816 0.0644804984331131 0.02957279235124588
v 0.01777209341526031 0.0654575377702713 0.027969203889369965
v 0.01777209341526031 0.0654575377702713 0.027969203889369965
v 0.019356817007064816 0.0644804984331131 0.02957279235124588
v 0.023125417530536648 0.06563138961791992 0.023076288402080536
v 0.01777209341526031 0.0654575377702713 0.027969203889369965
v 0.023125417530536648 0.06563138961791992 0.023076288402080536
v 0.01597388833761215 0.06622110307216644 0.026152141392230988
v 0.01597388833761215 0.06622110307216644 0.026152141392230988
v 0.023125417530536648 0.06563138961791992 0.023076288402080536
v 0.02130339294672012 0.0663711205124855 0.02123541384935379
v 0.01597388833761215 0.06622110307216644 0.026152141392230988
v 0.02130339294672012 0.0663711205124855 0.02123541384935379
v 0.013994288630783556 0.06680326163768768 0.024153687059879303
v 0.013994288630783556 0.06680326163768768 0.024153687059879303
v 0.02130339294672012 0.0663711205124855 0.02123541384935379
v 0.019302811473608013 0.0669323056936264 0.019215978682041168
v 0.013994288630783556 0.06680326163768768 0.024153687059879303
v 0.019302811473608013 0.0669323056936264 0.019215978682041168
v 0.00960854161530733 0.06754104793071747 0.019730232656002045
v 0.00960854161530733 0.06754104793071747 0.019730232656002045
v 0.019302811473608013 0.0669323056936264 0.019215978682041168
v 0.014881093986332415 0.06763411313295364 0.014756537042558193
v 0.00960854161530733 0.06754104793071747 0.019730232656002045
v 0.014881093986332415 0.06763411313295364 0.014756537042558193
v 0.004823283292353152 0.06787931174039841 0.014907247386872768
v 0.004823283292353152 0.06787931174039841 0.014907247386872768
v 0.014881093986332415 0.06763411313295364 0.014756537042558193
v 0.01006363797932863 0.06794019043445587 0.00990136619657278
v 0.004823283292353152 0.06787931174039841 0.014907247386872768
v 0.01006363797932863 0.06794019043445587 0.00990136619657278
v 1.5722498858394826e-07 0.06800000369548798 -1.5716537404841802e-07
v 1.5722498858394826e-07 0.06800000369548798 -1.5716537404841802e-07
v 0.01006363797932863 0.06794019043445587 0.00990136619657278
v 0.004808382131159305 0.06802824139595032 1.1105552033541244e-07
v 0.022178612649440762 0.0466935858130455 -0.044588737189769745
v 0.022725474089384076 0.04830072820186615 -0.041593037545681
v 0.024484321475028988 0.04546103999018669 -0.04220838099718094
v 0.02771685644984245 0.03901487588882446 -0.04014233499765396
v 0.027393639087677 0.03829749673604965 -0.0414922758936882
v 0.028199028223752972 0.04140043258666992 -0.03792833536863327
v 0.027310527861118313 0.038098983466625214 -0.04187486320734024
v 0.026704046875238415 0.036259327083826065 -0.04567316919565201
v 0.026480913162231442 0.039515964686870575 -0.04377268999814987
v 0.013420292176306246 0.0679415911436081 -1.8696769643611333e-07
v 0.013644990511238573 0.06793446838855743 -1.7206653524226567e-07
v 0.013278246857225893 0.06793376058340073 -0.0012732825707644224
v 0.013278246857225893 0.06793376058340073 -0.0012732825707644224
v 0.013644990511238573 0.06793446838855743 -1.7206653524226567e-07
v 0.01281746197491884 0.06767524778842926 -0.006043740548193455
v 0.015811357647180554 0.06499630212783813 -0.018148966133594513
v 0.012084287591278551 0.06538093090057373 -0.01799517124891281
v 0.012169797904789446 0.06591194868087769 -0.016066662967205048
v 0.015811357647180554 0.06499630212783813 -0.018148966133594513
v 0.012169797904789446 0.06591194868087769 -0.016066662967205048
v 0.016188129782676693 0.06652148067951202 -0.012352951802313328
v 0.015521389432251452 0.06296511739492416 -0.023769401013851166
v 0.015251104719936846 0.06050190329551697 -0.029272787272930145
v 0.011612997390329836 0.059965576976537704 -0.03165266662836075
v 0.011612997390329836 0.059965576976537704 -0.03165266662836075
v 0.011797976680099962 0.062488578259944916 -0.026123367249965668
v 0.015521389432251452 0.06296511739492416 -0.023769401013851166
v 0.015521389432251452 0.06296511739492416 -0.023769401013851166
v 0.011797976680099962 0.062488578259944916 -0.026123367249965668
v 0.011879478581249712 0.0635010376572609 -0.023587189614772797
v 0.015521389432251452 0.06296511739492416 -0.023769401013851166
v 0.011879478581249712 0.0635010376572609 -0.023587189614772797
v 0.015811357647180554 0.06499630212783813 -0.018148966133594513
v 0.015811357647180554 0.06499630212783813 -0.018148966133594513
v 0.011879478581249712 0.0635010376572609 -0.023587189614772797
v 0.011968766339123247 0.06443996727466583 -0.020978309214115143
v 0.015811357647180554 0.06499630212783813 -0.018148966133594513
v 0.011968766339123247 0.06443996727466583 -0.020978309214115143
v 0.012084287591278551 0.06538093090057373 -0.01799517124891281
v 0.01079458463937044 0.05229507014155388 -0.04532454162836075
v 0.011339337565004824 0.05673325061798096 -0.03778166323900223
v 0.012046352960169314 0.05193968489766121 -0.04544151574373245
v 0.012046352960169314 0.05193968489766121 -0.04544151574373245
v 0.011339337565004824 0.05673325061798096 -0.03778166323900223
v 0.014501092024147509 0.05457521975040436 -0.04016263037919998
v 0.02045795693993568 0.05084652453660965 -0.04104539006948471
v 0.019182670861482617 0.04786336421966553 -0.04678439348936081
v 0.017110332846641537 0.04950127750635147 -0.046244822442531586
v 0.023903626948595044 0.04391556605696678 -0.04531990736722946
v 0.022777929902076718 0.04355080425739288 -0.04820509999990463
v 0.021070495247840878 0.04588952288031578 -0.04743465036153793
v 0.024284202605485913 0.04083208367228508 -0.049100734293460846
v 0.026026505976915356 0.03807995095849037 -0.047033391892910004
v 0.025554861873388287 0.037738338112831116 -0.05011991411447525
v 0.025554861873388287 0.037738338112831116 -0.05011991411447525
v 0.026026505976915356 0.03807995095849037 -0.047033391892910004
v 0.026543028652667996 0.03527466207742691 -0.047976262867450714
v 0.025554861873388287 0.037738338112831116 -0.05011991411447525
v 0.026543028652667996 0.03527466207742691 -0.047976262867450714
v 0.026608228683471676 0.03403832018375397 -0.05133882910013199
v 0.027310527861118313 0.038098983466625214 -0.04187486320734024
v 0.026480913162231442 0.039515964686870575 -0.04377268999814987
v 0.027393639087677 0.03829749673604965 -0.0414922758936882
v 0.02771685644984245 0.03901487588882446 -0.04014233499765396
v 0.028199028223752972 0.04140043258666992 -0.03792833536863327
v 0.028961386531591412 0.04133427515625954 -0.03603162616491318
v 0.028961386531591412 0.04133427515625954 -0.03603162616491318
v 0.028199028223752972 0.04140043258666992 -0.03792833536863327
v 0.030421983450651165 0.0451497882604599 -0.03181014209985733
v 0.028961386531591412 0.04133427515625954 -0.03603162616491318
v 0.030421983450651165 0.0451497882604599 -0.03181014209985733
v 0.030295677483081814 0.04344737157225609 -0.03247541934251785
v 0.030295677483081814 0.04344737157225609 -0.03247541934251785
v 0.030421983450651165 0.0451497882604599 -0.03181014209985733
v 0.03298720344901084 0.0471857450902462 -0.02621624618768692
v 0.03298720344901084 0.0471857450902462 -0.02621624618768692
v 0.030421983450651165 0.0451497882604599 -0.03181014209985733
v 0.03302354365587234 0.04894978925585747 -0.025771327316761017
v 0.03298720344901084 0.0471857450902462 -0.02621624618768692
v 0.03302354365587234 0.04894978925585747 -0.025771327316761017
v 0.0330616645514965 0.04728278890252113 -0.026049502193927765
v 0.0330616645514965 0.04728278890252113 -0.026049502193927765
v 0.03302354365587234 0.04894978925585747 -0.025771327316761017
v 0.03501775860786437 0.04974616318941116 -0.021634824573993683
v 0.03501775860786437 0.04974616318941116 -0.021634824573993683
v 0.03302354365587234 0.04894978925585747 -0.025771327316761017
v 0.03565910086035728 0.0524592362344265 -0.019691385328769684
v 0.03501775860786437 0.04974616318941116 -0.021634824573993683
v 0.03565910086035728 0.0524592362344265 -0.019691385328769684
v 0.03507899492979049 0.0498209111392498 -0.02149345725774765
v 0.036881942301988595 0.053998369723558426 -0.016598336398601532
v 0.03707842156291007 0.052196186035871506 -0.01660200208425522
v 0.0356936790049076 0.050564274191856384 -0.020053885877132416
v 0.039334248751401894 0.05474156513810158 -0.009435229934751987
v 0.03911450132727622 0.05449957028031349 -0.01031006220728159
v 0.03892237693071365 0.05643220990896225 -0.010230728425085545
v 0.03892237693071365 0.05643220990896225 -0.010230728425085545
v 0.03911450132727622 0.05449957028031349 -0.01031006220728159
v 0.03755874559283256 0.05274951457977295 -0.01529871765524149
v 0.040135312825441354 0.05772246792912483 -0.0035207204055041075
v 0.040288817137479775 0.055775925517082214 -0.003996008075773716
v 0.03985705599188804 0.055311739444732666 -0.0069733792915940285
v 0.029317278414964672 0.06599616259336472 -0.0033616654109209776
v 0.02984533831477165 0.0660216361284256 -8.153766550833552e-09
v 0.03284697234630584 0.06507743895053864 4.984856900591694e-07
v 0.012169797904789446 0.06591194868087769 -0.016066662967205048
v 0.012431130744516848 0.06696293503046036 -0.011279799975454807
v 0.016188129782676693 0.06652148067951202 -0.012352951802313328
v 0.016188129782676693 0.06652148067951202 -0.012352951802313328
v 0.012431130744516848 0.06696293503046036 -0.011279799975454807
v 0.01281746197491884 0.06767524778842926 -0.006043740548193455
v 0.016188129782676693 0.06652148067951202 -0.012352951802313328
v 0.01281746197491884 0.06767524778842926 -0.006043740548193455
v 0.016718834638595578 0.06746669113636017 -0.006322809495031834
v 0.016718834638595578 0.06746669113636017 -0.006322809495031834
v 0.01281746197491884 0.06767524778842926 -0.006043740548193455
v 0.013644990511238573 0.06793446838855743 -1.7206653524226567e-07
v 0.016718834638595578 0.06746669113636017 -0.006322809495031834
v 0.013644990511238573 0.06793446838855743 -1.7206653524226567e-07
v 0.02121137827634811 0.06736432760953903 -0.003248073859140277
v 0.02121137827634811 0.06736432760953903 -0.003248073859140277
v 0.013644990511238573 0.06793446838855743 -1.7206653524226567e-07
v 0.020676922053098675 0.06751400232315063 6.635203675386947e-08
v 0.02121137827634811 0.06736432760953903 -0.003248073859140277
v 0.020676922053098675 0.06751400232315063 6.635203675386947e-08
v 0.025544662028551098 0.06690964102745056 2.153636557977734e-07
v 0.028625763952732083 0.056518759578466415 -0.024724431335926056
v 0.027172464877367016 0.05276162549853325 -0.03043553978204727
v 0.025802154093980786 0.058731384575366974 -0.024449177086353302
v 0.025802154093980786 0.058731384575366974 -0.024449177086353302
v 0.027172464877367016 0.05276162549853325 -0.03043553978204727
v 0.024803966283798214 0.055312011390924454 -0.03009624034166336
v 0.025802154093980786 0.058731384575366974 -0.024449177086353302
v 0.024803966283798214 0.055312011390924454 -0.03009624034166336
v 0.022003807127475735 0.05749668553471565 -0.02980140596628189
v 0.022003807127475735 0.05749668553471565 -0.02980140596628189
v 0.024803966283798214 0.055312011390924454 -0.03009624034166336
v 0.02128704637289047 0.0542028434574604 -0.03538467735052109
v 0.022003807127475735 0.05749668553471565 -0.02980140596628189
v 0.02128704637289047 0.0542028434574604 -0.03538467735052109
v 0.01829876378178596 0.05622138828039169 -0.035027630627155304
v 0.01829876378178596 0.05622138828039169 -0.035027630627155304
v 0.02128704637289047 0.0542028434574604 -0.03538467735052109
v 0.017681691795587536 0.05298590287566185 -0.040559522807598114
v 0.01829876378178596 0.05622138828039169 -0.035027630627155304
v 0.017681691795587536 0.05298590287566185 -0.040559522807598114
v 0.014501092024147509 0.05457521975040436 -0.04016263037919998
v 0.014501092024147509 0.05457521975040436 -0.04016263037919998
v 0.017681691795587536 0.05298590287566185 -0.040559522807598114
v 0.014653195627033709 0.05091419816017151 -0.045779354870319366
v 0.014501092024147509 0.05457521975040436 -0.04016263037919998
v 0.014653195627033709 0.05091419816017151 -0.045779354870319366
v 0.012046352960169314 0.05193968489766121 -0.04544151574373245
v 0.027172464877367016 0.05276162549853325 -0.03043553978204727
v 0.025771036744117733 0.04896821826696396 -0.03621997684240341
v 0.024803966283798214 0.055312011390924454 -0.03009624034166336
v 0.024803966283798214 0.055312011390924454 -0.03009624034166336
v 0.025771036744117733 0.04896821826696396 -0.03621997684240341
v 0.02378303930163383 0.05175209790468216 -0.03577462583780289
v 0.024803966283798214 0.055312011390924454 -0.03009624034166336
v 0.02378303930163383 0.05175209790468216 -0.03577462583780289
v 0.02128704637289047 0.0542028434574604 -0.03538467735052109
v 0.02128704637289047 0.0542028434574604 -0.03538467735052109
v 0.02378303930163383 0.05175209790468216 -0.03577462583780289
v 0.02045795693993568 0.05084652453660965 -0.04104539006948471
v 0.02128704637289047 0.0542028434574604 -0.03538467735052109
v 0.02045795693993568 0.05084652453660965 -0.04104539006948471
v 0.017681691795587536 0.05298590287566185 -0.040559522807598114
v 0.017681691795587536 0.05298590287566185 -0.040559522807598114
v 0.02045795693993568 0.05084652453660965 -0.04104539006948471
v 0.017110332846641537 0.04950127750635147 -0.046244822442531586
v 0.017681691795587536 0.05298590287566185 -0.040559522807598114
v 0.017110332846641537 0.04950127750635147 -0.046244822442531586
v 0.014653195627033709 0.05091419816017151 -0.045779354870319366
v 0.027202721685171124 0.0460011288523674 -0.03677179664373398
v 0.026409506797790524 0.044170208275318146 -0.039806000888347626
v 0.024484321475028988 0.04546103999018669 -0.04220838099718094
v 0.026704046875238415 0.036259327083826065 -0.04567316919565201
v 0.026543028652667996 0.03527466207742691 -0.047976262867450714
v 0.026480913162231442 0.039515964686870575 -0.04377268999814987
v 0.026480913162231442 0.039515964686870575 -0.04377268999814987
v 0.026543028652667996 0.03527466207742691 -0.047976262867450714
v 0.026026505976915356 0.03807995095849037 -0.047033391892910004
v 0.026480913162231442 0.039515964686870575 -0.04377268999814987
v 0.026026505976915356 0.03807995095849037 -0.047033391892910004
v 0.025169499218463894 0.04100814461708069 -0.04612792283296585
v 0.025169499218463894 0.04100814461708069 -0.04612792283296585
v 0.026026505976915356 0.03807995095849037 -0.047033391892910004
v 0.024284202605485913 0.04083208367228508 -0.049100734293460846
v 0.025169499218463894 0.04100814461708069 -0.04612792283296585
v 0.024284202605485913 0.04083208367228508 -0.049100734293460846
v 0.022777929902076718 0.04355080425739288 -0.04820509999990463
v 0.024423468858003613 0.06598952412605286 -0.009613015688955784
v 0.024849675595760342 0.06652368605136871 -0.006501742638647556
v 0.028799183666706082 0.06565533578395844 -0.006608867086470127
v 0.028799183666706082 0.06565533578395844 -0.006608867086470127
v 0.024849675595760342 0.06652368605136871 -0.006501742638647556
v 0.029317278414964672 0.06599616259336472 -0.0033616654109209776
v 0.028799183666706082 0.06565533578395844 -0.006608867086470127
v 0.029317278414964672 0.06599616259336472 -0.0033616654109209776
v 0.03321338072419166 0.06472691148519516 -0.0034265301655977964
v 0.03321338072419166 0.06472691148519516 -0.0034265301655977964
v 0.029317278414964672 0.06599616259336472 -0.0033616654109209776
v 0.03284697234630584 0.06507743895053864 4.984856900591694e-07
v 0.03321338072419166 0.06472691148519516 -0.0034265301655977964
v 0.03284697234630584 0.06507743895053864 4.984856900591694e-07
v 0.035278677940368645 0.06397576630115509 4.835845288653218e-07
v 0.025802154093980786 0.058731384575366974 -0.024449177086353302
v 0.02679149433970451 0.061761122196912766 -0.018724747002124786
v 0.028455544263124462 0.060898035764694214 -0.01883629709482193
v 0.028455544263124462 0.060898035764694214 -0.01883629709482193
v 0.02679149433970451 0.061761122196912766 -0.018724747002124786
v 0.027785871177911755 0.06415213644504547 -0.012814202345907688
v 0.028455544263124462 0.060898035764694214 -0.01883629709482193
v 0.027785871177911755 0.06415213644504547 -0.012814202345907688
v 0.029625792056322094 0.06345853209495544 -0.012904890812933445
v 0.04050010815262794 0.05600018426775932 2.0046249460392573e-07
v 0.040288817137479775 0.055775925517082214 -0.003996008075773716
v 0.040401056408882134 0.057389210909605026 4.984856900591694e-07
v 0.040401056408882134 0.057389210909605026 4.984856900591694e-07
v 0.040288817137479775 0.055775925517082214 -0.003996008075773716
v 0.040135312825441354 0.05772246792912483 -0.0035207204055041075
v 0.040401056408882134 0.057389210909605026 4.984856900591694e-07
v 0.040135312825441354 0.05772246792912483 -0.0035207204055041075
v 0.04028594866394996 0.058007143437862396 4.090787513177929e-07
v 0.04028594866394996 0.058007143437862396 4.090787513177929e-07
v 0.040135312825441354 0.05772246792912483 -0.0035207204055041075
v 0.03945398703217506 0.05966944620013237 -0.0035082779359072447
v 0.04028594866394996 0.058007143437862396 4.090787513177929e-07
v 0.03945398703217506 0.05966944620013237 -0.0035082779359072447
v 0.039680209010839455 0.05973244830965996 5.145087911273549e-08
v 0.039680209010839455 0.05973244830965996 5.145087911273549e-08
v 0.03945398703217506 0.05966944620013237 -0.0035082779359072447
v 0.03829721361398696 0.061361487954854965 -0.003498160047456622
v 0.039680209010839455 0.05973244830965996 5.145087911273549e-08
v 0.03829721361398696 0.061361487954854965 -0.003498160047456622
v 0.038683060556650155 0.06127546355128288 2.153636557977734e-07
v 0.038683060556650155 0.06127546355128288 2.153636557977734e-07
v 0.03829721361398696 0.061361487954854965 -0.003498160047456622
v 0.036794941872358315 0.06274157017469406 -0.0034819028805941343
v 0.038683060556650155 0.06127546355128288 2.153636557977734e-07
v 0.036794941872358315 0.06274157017469406 -0.0034819028805941343
v 0.03724581003189086 0.06268343329429626 8.125319794771713e-08
v 0.03724581003189086 0.06268343329429626 8.125319794771713e-08
v 0.036794941872358315 0.06274157017469406 -0.0034819028805941343
v 0.03507217019796371 0.06384479999542236 -0.0034571669530123472
v 0.03724581003189086 0.06268343329429626 8.125319794771713e-08
v 0.03507217019796371 0.06384479999542236 -0.0034571669530123472
v 0.035278677940368645 0.06397576630115509 4.835845288653218e-07
v 0.03266837447881698 0.06434747576713562 -0.006724410690367222
v 0.03507217019796371 0.06384479999542236 -0.0034571669530123472
v 0.0345269814133644 0.06344985961914062 -0.006780602969229221
v 0.0345269814133644 0.06344985961914062 -0.006780602969229221
v 0.03507217019796371 0.06384479999542236 -0.0034571669530123472
v 0.036794941872358315 0.06274157017469406 -0.0034819028805941343
v 0.0345269814133644 0.06344985961914062 -0.006780602969229221
v 0.036794941872358315 0.06274157017469406 -0.0034819028805941343
v 0.03625930473208427 0.062334105372428894 -0.006828525103628635
v 0.03625930473208427 0.062334105372428894 -0.006828525103628635
v 0.036794941872358315 0.06274157017469406 -0.0034819028805941343
v 0.03829721361398696 0.061361487954854965 -0.003498160047456622
v 0.03625930473208427 0.062334105372428894 -0.006828525103628635
v 0.03829721361398696 0.061361487954854965 -0.003498160047456622
v 0.037780128419399255 0.06094111129641533 -0.006864347495138645
v 0.037780128419399255 0.06094111129641533 -0.006864347495138645
v 0.03829721361398696 0.061361487954854965 -0.003498160047456622
v 0.03945398703217506 0.05966944620013237 -0.0035082779359072447
v 0.037780128419399255 0.06094111129641533 -0.006864347495138645
v 0.03945398703217506 0.05966944620013237 -0.0035082779359072447
v 0.03895962238311767 0.05922657251358032 -0.006892242468893528
v 0.03895962238311767 0.05922657251358032 -0.006892242468893528
v 0.03945398703217506 0.05966944620013237 -0.0035082779359072447
v 0.040135312825441354 0.05772246792912483 -0.0035207204055041075
v 0.03895962238311767 0.05922657251358032 -0.006892242468893528
v 0.040135312825441354 0.05772246792912483 -0.0035207204055041075
v 0.03965381905436515 0.05724161118268967 -0.006926053203642368
v 0.03965381905436515 0.05724161118268967 -0.006926053203642368
v 0.040135312825441354 0.05772246792912483 -0.0035207204055041075
v 0.03985705599188804 0.055311739444732666 -0.0069733792915940285
v 0.028289292007684704 0.0650302842259407 -0.00975517276674509
v 0.03266837447881698 0.06434747576713562 -0.006724410690367222
v 0.032073482871055596 0.06363645941019058 -0.00990996602922678
v 0.032073482871055596 0.06363645941019058 -0.00990996602922678
v 0.03266837447881698 0.06434747576713562 -0.006724410690367222
v 0.0345269814133644 0.06344985961914062 -0.006780602969229221
v 0.032073482871055596 0.06363645941019058 -0.00990996602922678
v 0.0345269814133644 0.06344985961914062 -0.006780602969229221
v 0.03389275074005126 0.06270434707403183 -0.009987630881369114
v 0.03389275074005126 0.06270434707403183 -0.009987630881369114
v 0.0345269814133644 0.06344985961914062 -0.006780602969229221
v 0.03625930473208427 0.062334105372428894 -0.006828525103628635
v 0.03389275074005126 0.06270434707403183 -0.009987630881369114
v 0.03625930473208427 0.062334105372428894 -0.006828525103628635
v 0.03559060022234916 0.061563555151224136 -0.010057606734335423
v 0.03559060022234916 0.061563555151224136 -0.010057606734335423
v 0.03625930473208427 0.062334105372428894 -0.006828525103628635
v 0.037780128419399255 0.06094111129641533 -0.006864347495138645
v 0.03559060022234916 0.061563555151224136 -0.010057606734335423
v 0.037780128419399255 0.06094111129641533 -0.006864347495138645
v 0.03708419948816299 0.06015494838356972 -0.010115989483892918
v 0.03708419948816299 0.06015494838356972 -0.010115989483892918
v 0.037780128419399255 0.06094111129641533 -0.006864347495138645
v 0.03895962238311767 0.05922657251358032 -0.006892242468893528
v 0.03708419948816299 0.06015494838356972 -0.010115989483892918
v 0.03895962238311767 0.05922657251358032 -0.006892242468893528
v 0.03824461624026298 0.05842915177345276 -0.010168218053877354
v 0.03824461624026298 0.05842915177345276 -0.010168218053877354
v 0.03895962238311767 0.05922657251358032 -0.006892242468893528
v 0.03965381905436515 0.05724161118268967 -0.006926053203642368
v 0.03824461624026298 0.05842915177345276 -0.010168218053877354
v 0.03965381905436515 0.05724161118268967 -0.006926053203642368
v 0.03892237693071365 0.05643220990896225 -0.010230728425085545
v 0.03892237693071365 0.05643220990896225 -0.010230728425085545
v 0.03965381905436515 0.05724161118268967 -0.006926053203642368
v 0.03985705599188804 0.055311739444732666 -0.0069733792915940285
v 0.03892237693071365 0.05643220990896225 -0.010230728425085545
v 0.03985705599188804 0.055311739444732666 -0.0069733792915940285
v 0.039334248751401894 0.05474156513810158 -0.009435229934751987
v 0.028289292007684704 0.0650302842259407 -0.00975517276674509
v 0.032073482871055596 0.06363645941019058 -0.00990996602922678
v 0.031436566263437264 0.0626341849565506 -0.012999513186514378
v 0.031436566263437264 0.0626341849565506 -0.012999513186514378
v 0.032073482871055596 0.06363645941019058 -0.00990996602922678
v 0.03389275074005126 0.06270434707403183 -0.009987630881369114
v 0.031436566263437264 0.0626341849565506 -0.012999513186514378
v 0.03389275074005126 0.06270434707403183 -0.009987630881369114
v 0.03318392112851142 0.06165235862135887 -0.013095625676214695
v 0.03318392112851142 0.06165235862135887 -0.013095625676214695
v 0.03389275074005126 0.06270434707403183 -0.009987630881369114
v 0.03559060022234916 0.061563555151224136 -0.010057606734335423
v 0.03318392112851142 0.06165235862135887 -0.013095625676214695
v 0.03559060022234916 0.061563555151224136 -0.010057606734335423
v 0.03481075912714004 0.060476649552583694 -0.013186999596655369
v 0.03481075912714004 0.060476649552583694 -0.013186999596655369
v 0.03559060022234916 0.061563555151224136 -0.010057606734335423
v 0.03708419948816299 0.06015494838356972 -0.010115989483892918
v 0.03481075912714004 0.060476649552583694 -0.013186999596655369
v 0.03708419948816299 0.06015494838356972 -0.010115989483892918
v 0.036239258944988244 0.05905068293213844 -0.013270595110952854
v 0.036239258944988244 0.05905068293213844 -0.013270595110952854
v 0.03708419948816299 0.06015494838356972 -0.010115989483892918
v 0.03824461624026298 0.05842915177345276 -0.010168218053877354
v 0.036239258944988244 0.05905068293213844 -0.013270595110952854
v 0.03824461624026298 0.05842915177345276 -0.010168218053877354
v 0.03734625130891799 0.05732354521751404 -0.013352655805647373
v 0.03734625130891799 0.05732354521751404 -0.013352655805647373
v 0.03824461624026298 0.05842915177345276 -0.010168218053877354
v 0.03892237693071365 0.05643220990896225 -0.010230728425085545
v 0.03734625130891799 0.05732354521751404 -0.013352655805647373
v 0.03892237693071365 0.05643220990896225 -0.010230728425085545
v 0.037984061986207955 0.05533691123127937 -0.013449796475470066
v 0.037984061986207955 0.05533691123127937 -0.013449796475470066
v 0.03892237693071365 0.05643220990896225 -0.010230728425085545
v 0.03755874559283256 0.05274951457977295 -0.01529871765524149
v 0.037984061986207955 0.05533691123127937 -0.013449796475470066
v 0.03755874559283256 0.05274951457977295 -0.01529871765524149
v 0.03707842156291007 0.052196186035871506 -0.01660200208425522
v 0.026409506797790524 0.044170208275318146 -0.039806000888347626
v 0.027202721685171124 0.0460011288523674 -0.03677179664373398
v 0.027695558965206143 0.044486720114946365 -0.037112049758434296
v 0.027695558965206143 0.044486720114946365 -0.037112049758434296
v 0.027202721685171124 0.0460011288523674 -0.03677179664373398
v 0.029025927186012265 0.04992907494306564 -0.030867747962474823
v 0.027695558965206143 0.044486720114946365 -0.037112049758434296
v 0.029025927186012265 0.04992907494306564 -0.030867747962474823
v 0.02971115335822105 0.04841512441635132 -0.03113941103219986
v 0.02971115335822105 0.04841512441635132 -0.03113941103219986
v 0.029025927186012265 0.04992907494306564 -0.030867747962474823
v 0.031018629670143124 0.05390023812651634 -0.025063998997211456
v 0.02971115335822105 0.04841512441635132 -0.03113941103219986
v 0.031018629670143124 0.05390023812651634 -0.025063998997211456
v 0.031966090202331536 0.052406229078769684 -0.02526821941137314
v 0.031966090202331536 0.052406229078769684 -0.02526821941137314
v 0.031018629670143124 0.05390023812651634 -0.025063998997211456
v 0.033005386590957635 0.05754072964191437 -0.019217945635318756
v 0.031966090202331536 0.052406229078769684 -0.02526821941137314
v 0.033005386590957635 0.05754072964191437 -0.019217945635318756
v 0.03422168642282485 0.05607856810092926 -0.01935858279466629
v 0.03707842156291007 0.052196186035871506 -0.01660200208425522
v 0.036881942301988595 0.053998369723558426 -0.016598336398601532
v 0.037984061986207955 0.05533691123127937 -0.013449796475470066
v 0.037984061986207955 0.05533691123127937 -0.013449796475470066
v 0.036881942301988595 0.053998369723558426 -0.016598336398601532
v 0.036301814019680016 0.05595610290765762 -0.016461946070194244
v 0.037984061986207955 0.05533691123127937 -0.013449796475470066
v 0.036301814019680016 0.05595610290765762 -0.016461946070194244
v 0.03734625130891799 0.05732354521751404 -0.013352655805647373
v 0.03734625130891799 0.05732354521751404 -0.013352655805647373
v 0.036301814019680016 0.05595610290765762 -0.016461946070194244
v 0.035275142639875405 0.05767599493265152 -0.01634562760591507
v 0.03734625130891799 0.05732354521751404 -0.013352655805647373
v 0.035275142639875405 0.05767599493265152 -0.01634562760591507
v 0.036239258944988244 0.05905068293213844 -0.013270595110952854
v 0.036239258944988244 0.05905068293213844 -0.013270595110952854
v 0.035275142639875405 0.05767599493265152 -0.01634562760591507
v 0.03394170850515365 0.05912012606859207 -0.016234494745731354
v 0.036239258944988244 0.05905068293213844 -0.013270595110952854
v 0.03394170850515365 0.05912012606859207 -0.016234494745731354
v 0.03481075912714004 0.060476649552583694 -0.013186999596655369
v 0.03481075912714004 0.060476649552583694 -0.013186999596655369
v 0.03394170850515365 0.05912012606859207 -0.016234494745731354
v 0.03241492807865142 0.06033800542354584 -0.01612193137407303
v 0.03481075912714004 0.060476649552583694 -0.013186999596655369
v 0.03241492807865142 0.06033800542354584 -0.01612193137407303
v 0.03318392112851142 0.06165235862135887 -0.013095625676214695
v 0.03318392112851142 0.06165235862135887 -0.013095625676214695
v 0.03241492807865142 0.06033800542354584 -0.01612193137407303
v 0.030765481293201443 0.06138096749782562 -0.016009412705898285
v 0.03318392112851142 0.06165235862135887 -0.013095625676214695
v 0.030765481293201443 0.06138096749782562 -0.016009412705898285
v 0.031436566263437264 0.0626341849565506 -0.012999513186514378
v 0.022777929902076718 0.04355080425739288 -0.04820509999990463
v 0.023903626948595044 0.04391556605696678 -0.04531990736722946
v 0.025169499218463894 0.04100814461708069 -0.04612792283296585
v 0.025169499218463894 0.04100814461708069 -0.04612792283296585
v 0.023903626948595044 0.04391556605696678 -0.04531990736722946
v 0.025724455714225766 0.04249029979109764 -0.04291876405477524
v 0.025169499218463894 0.04100814461708069 -0.04612792283296585
v 0.025724455714225766 0.04249029979109764 -0.04291876405477524
v 0.026480913162231442 0.039515964686870575 -0.04377268999814987
v 0.026480913162231442 0.039515964686870575 -0.04377268999814987
v 0.025724455714225766 0.04249029979109764 -0.04291876405477524
v 0.027162108570337292 0.04115373641252518 -0.04060099273920059
v 0.026480913162231442 0.039515964686870575 -0.04377268999814987
v 0.027162108570337292 0.04115373641252518 -0.04060099273920059
v 0.027393639087677 0.03829749673604965 -0.0414922758936882
v 0.027393639087677 0.03829749673604965 -0.0414922758936882
v 0.027162108570337292 0.04115373641252518 -0.04060099273920059
v 0.0280328094959259 0.04294690489768982 -0.03750189393758774
v 0.027393639087677 0.03829749673604965 -0.0414922758936882
v 0.0280328094959259 0.04294690489768982 -0.03750189393758774
v 0.028199028223752972 0.04140043258666992 -0.03792833536863327
v 0.028199028223752972 0.04140043258666992 -0.03792833536863327
v 0.0280328094959259 0.04294690489768982 -0.03750189393758774
v 0.030193582177162167 0.046814002096652985 -0.03145580738782883
v 0.028199028223752972 0.04140043258666992 -0.03792833536863327
v 0.030193582177162167 0.046814002096652985 -0.03145580738782883
v 0.030421983450651165 0.0451497882604599 -0.03181014209985733
v 0.030421983450651165 0.0451497882604599 -0.03181014209985733
v 0.030193582177162167 0.046814002096652985 -0.03145580738782883
v 0.0326649397611618 0.05074638873338699 -0.025503121316432953
v 0.030421983450651165 0.0451497882604599 -0.03181014209985733
v 0.0326649397611618 0.05074638873338699 -0.025503121316432953
v 0.03302354365587234 0.04894978925585747 -0.025771327316761017
v 0.03302354365587234 0.04894978925585747 -0.025771327316761017
v 0.0326649397611618 0.05074638873338699 -0.025503121316432953
v 0.035148590803146355 0.05437319353222847 -0.019512496888637543
v 0.03302354365587234 0.04894978925585747 -0.025771327316761017
v 0.035148590803146355 0.05437319353222847 -0.019512496888637543
v 0.03565910086035728 0.0524592362344265 -0.019691385328769684
v 0.021070495247840878 0.04588952288031578 -0.04743465036153793
v 0.022178612649440762 0.0466935858130455 -0.044588737189769745
v 0.023903626948595044 0.04391556605696678 -0.04531990736722946
v 0.023903626948595044 0.04391556605696678 -0.04531990736722946
v 0.022178612649440762 0.0466935858130455 -0.044588737189769745
v 0.024484321475028988 0.04546103999018669 -0.04220838099718094
v 0.023903626948595044 0.04391556605696678 -0.04531990736722946
v 0.024484321475028988 0.04546103999018669 -0.04220838099718094
v 0.025724455714225766 0.04249029979109764 -0.04291876405477524
v 0.025724455714225766 0.04249029979109764 -0.04291876405477524
v 0.024484321475028988 0.04546103999018669 -0.04220838099718094
v 0.026409506797790524 0.044170208275318146 -0.039806000888347626
v 0.025724455714225766 0.04249029979109764 -0.04291876405477524
v 0.026409506797790524 0.044170208275318146 -0.039806000888347626
v 0.027162108570337292 0.04115373641252518 -0.04060099273920059
v 0.027162108570337292 0.04115373641252518 -0.04060099273920059
v 0.026409506797790524 0.044170208275318146 -0.039806000888347626
v 0.027695558965206143 0.044486720114946365 -0.037112049758434296
v 0.027162108570337292 0.04115373641252518 -0.04060099273920059
v 0.027695558965206143 0.044486720114946365 -0.037112049758434296
v 0.0280328094959259 0.04294690489768982 -0.03750189393758774
v 0.0280328094959259 0.04294690489768982 -0.03750189393758774
v 0.027695558965206143 0.044486720114946365 -0.037112049758434296
v 0.02971115335822105 0.04841512441635132 -0.03113941103219986
v 0.0280328094959259 0.04294690489768982 -0.03750189393758774
v 0.02971115335822105 0.04841512441635132 -0.03113941103219986
v 0.030193582177162167 0.046814002096652985 -0.03145580738782883
v 0.030193582177162167 0.046814002096652985 -0.03145580738782883
v 0.02971115335822105 0.04841512441635132 -0.03113941103219986
v 0.031966090202331536 0.052406229078769684 -0.02526821941137314
v 0.030193582177162167 0.046814002096652985 -0.03145580738782883
v 0.031966090202331536 0.052406229078769684 -0.02526821941137314
v 0.0326649397611618 0.05074638873338699 -0.025503121316432953
v 0.0326649397611618 0.05074638873338699 -0.025503121316432953
v 0.031966090202331536 0.052406229078769684 -0.02526821941137314
v 0.03422168642282485 0.05607856810092926 -0.01935858279466629
v 0.0326649397611618 0.05074638873338699 -0.025503121316432953
v 0.03422168642282485 0.05607856810092926 -0.01935858279466629
v 0.035148590803146355 0.05437319353222847 -0.019512496888637543
v 0.025802154093980786 0.058731384575366974 -0.024449177086353302
v 0.028455544263124462 0.060898035764694214 -0.01883629709482193
v 0.028625763952732083 0.056518759578466415 -0.024724431335926056
v 0.028625763952732083 0.056518759578466415 -0.024724431335926056
v 0.028455544263124462 0.060898035764694214 -0.01883629709482193
v 0.030068080872297284 0.05991711467504501 -0.01895596832036972
v 0.028625763952732083 0.056518759578466415 -0.024724431335926056
v 0.030068080872297284 0.05991711467504501 -0.01895596832036972
v 0.031600218266248696 0.05880538374185562 -0.019083939492702484
v 0.021070495247840878 0.04588952288031578 -0.04743465036153793
v 0.019182670861482617 0.04786336421966553 -0.04678439348936081
v 0.022178612649440762 0.0466935858130455 -0.044588737189769745
v 0.022178612649440762 0.0466935858130455 -0.044588737189769745
v 0.019182670861482617 0.04786336421966553 -0.04678439348936081
v 0.02045795693993568 0.05084652453660965 -0.04104539006948471
v 0.022178612649440762 0.0466935858130455 -0.044588737189769745
v 0.02045795693993568 0.05084652453660965 -0.04104539006948471
v 0.022725474089384076 0.04830072820186615 -0.041593037545681
v 0.022725474089384076 0.04830072820186615 -0.041593037545681
v 0.02045795693993568 0.05084652453660965 -0.04104539006948471
v 0.02378303930163383 0.05175209790468216 -0.03577462583780289
v 0.022725474089384076 0.04830072820186615 -0.041593037545681
v 0.02378303930163383 0.05175209790468216 -0.03577462583780289
v 0.024484321475028988 0.04546103999018669 -0.04220838099718094
v 0.024484321475028988 0.04546103999018669 -0.04220838099718094
v 0.02378303930163383 0.05175209790468216 -0.03577462583780289
v 0.025771036744117733 0.04896821826696396 -0.03621997684240341
v 0.024484321475028988 0.04546103999018669 -0.04220838099718094
v 0.025771036744117733 0.04896821826696396 -0.03621997684240341
v 0.027202721685171124 0.0460011288523674 -0.03677179664373398
v 0.027202721685171124 0.0460011288523674 -0.03677179664373398
v 0.025771036744117733 0.04896821826696396 -0.03621997684240341
v 0.027172464877367016 0.05276162549853325 -0.03043553978204727
v 0.027202721685171124 0.0460011288523674 -0.03677179664373398
v 0.027172464877367016 0.05276162549853325 -0.03043553978204727
v 0.029025927186012265 0.04992907494306564 -0.030867747962474823
v 0.029025927186012265 0.04992907494306564 -0.030867747962474823
v 0.027172464877367016 0.05276162549853325 -0.03043553978204727
v 0.028625763952732083 0.056518759578466415 -0.024724431335926056
v 0.029025927186012265 0.04992907494306564 -0.030867747962474823
v 0.028625763952732083 0.056518759578466415 -0.024724431335926056
v 0.031018629670143124 0.05390023812651634 -0.025063998997211456
v 0.031018629670143124 0.05390023812651634 -0.025063998997211456
v 0.028625763952732083 0.056518759578466415 -0.024724431335926056
v 0.031600218266248696 0.05880538374185562 -0.019083939492702484
v 0.031018629670143124 0.05390023812651634 -0.025063998997211456
v 0.031600218266248696 0.05880538374185562 -0.019083939492702484
v 0.033005386590957635 0.05754072964191437 -0.019217945635318756
v 0.02984533831477165 0.0660216361284256 -8.153766550833552e-09
v 0.029317278414964672 0.06599616259336472 -0.0033616654109209776
v 0.025316685438156124 0.06682199984788895 -0.0033010474871844053
v 0.025316685438156124 0.06682199984788895 -0.0033010474871844053
v 0.029317278414964672 0.06599616259336472 -0.0033616654109209776
v 0.024849675595760342 0.06652368605136871 -0.006501742638647556
v 0.025316685438156124 0.06682199984788895 -0.0033010474871844053
v 0.024849675595760342 0.06652368605136871 -0.006501742638647556
v 0.02080515399575233 0.06710493564605713 -0.00640710536390543
v 0.02080515399575233 0.06710493564605713 -0.00640710536390543
v 0.024849675595760342 0.06652368605136871 -0.006501742638647556
v 0.024423468858003613 0.06598952412605286 -0.009613015688955784
v 0.02080515399575233 0.06710493564605713 -0.00640710536390543
v 0.024423468858003613 0.06598952412605286 -0.009613015688955784
v 0.020147610455751416 0.06601863354444504 -0.012493052519857883
v 0.015251104719936846 0.06050190329551697 -0.029272787272930145
v 0.015521389432251452 0.06296511739492416 -0.023769401013851166
v 0.01920700073242187 0.06197968125343323 -0.02398195117712021
v 0.01920700073242187 0.06197968125343323 -0.02398195117712021
v 0.015521389432251452 0.06296511739492416 -0.023769401013851166
v 0.015811357647180554 0.06499630212783813 -0.018148966133594513
v 0.01920700073242187 0.06197968125343323 -0.02398195117712021
v 0.015811357647180554 0.06499630212783813 -0.018148966133594513
v 0.019638240337371823 0.06427175551652908 -0.01832795888185501
v 0.019638240337371823 0.06427175551652908 -0.01832795888185501
v 0.015811357647180554 0.06499630212783813 -0.018148966133594513
v 0.016188129782676693 0.06652148067951202 -0.012352951802313328
v 0.019638240337371823 0.06427175551652908 -0.01832795888185501
v 0.016188129782676693 0.06652148067951202 -0.012352951802313328
v 0.020147610455751416 0.06601863354444504 -0.012493052519857883
v 0.020147610455751416 0.06601863354444504 -0.012493052519857883
v 0.016188129782676693 0.06652148067951202 -0.012352951802313328
v 0.016718834638595578 0.06746669113636017 -0.006322809495031834
v 0.020147610455751416 0.06601863354444504 -0.012493052519857883
v 0.016718834638595578 0.06746669113636017 -0.006322809495031834
v 0.02080515399575233 0.06710493564605713 -0.00640710536390543
v 0.02080515399575233 0.06710493564605713 -0.00640710536390543
v 0.016718834638595578 0.06746669113636017 -0.006322809495031834
v 0.02121137827634811 0.06736432760953903 -0.003248073859140277
v 0.02080515399575233 0.06710493564605713 -0.00640710536390543
v 0.02121137827634811 0.06736432760953903 -0.003248073859140277
v 0.025316685438156124 0.06682199984788895 -0.0033010474871844053
v 0.025316685438156124 0.06682199984788895 -0.0033010474871844053
v 0.02121137827634811 0.06736432760953903 -0.003248073859140277
v 0.025544662028551098 0.06690964102745056 2.153636557977734e-07
v 0.025316685438156124 0.06682199984788895 -0.0033010474871844053
v 0.025544662028551098 0.06690964102745056 2.153636557977734e-07
v 0.02984533831477165 0.0660216361284256 -8.153766550833552e-09
v 0.035278677940368645 0.06397576630115509 4.835845288653218e-07
v 0.03507217019796371 0.06384479999542236 -0.0034571669530123472
v 0.03321338072419166 0.06472691148519516 -0.0034265301655977964
v 0.03321338072419166 0.06472691148519516 -0.0034265301655977964
v 0.03507217019796371 0.06384479999542236 -0.0034571669530123472
v 0.03266837447881698 0.06434747576713562 -0.006724410690367222
v 0.03321338072419166 0.06472691148519516 -0.0034265301655977964
v 0.03266837447881698 0.06434747576713562 -0.006724410690367222
v 0.028799183666706082 0.06565533578395844 -0.006608867086470127
v 0.028799183666706082 0.06565533578395844 -0.006608867086470127
v 0.03266837447881698 0.06434747576713562 -0.006724410690367222
v 0.028289292007684704 0.0650302842259407 -0.00975517276674509
v 0.028799183666706082 0.06565533578395844 -0.006608867086470127
v 0.028289292007684704 0.0650302842259407 -0.00975517276674509
v 0.024423468858003613 0.06598952412605286 -0.009613015688955784
v 0.024423468858003613 0.06598952412605286 -0.009613015688955784
v 0.028289292007684704 0.0650302842259407 -0.00975517276674509
v 0.024031173437833783 0.06524154543876648 -0.012645714916288853
v 0.024423468858003613 0.06598952412605286 -0.009613015688955784
v 0.024031173437833783 0.06524154543876648 -0.012645714916288853
v 0.020147610455751416 0.06601863354444504 -0.012493052519857883
v 0.020147610455751416 0.06601863354444504 -0.012493052519857883
v 0.024031173437833783 0.06524154543876648 -0.012645714916288853
v 0.023320764303207394 0.0631922110915184 -0.018518947064876556
v 0.020147610455751416 0.06601863354444504 -0.012493052519857883
v 0.023320764303207394 0.0631922110915184 -0.018518947064876556
v 0.019638240337371823 0.06427175551652908 -0.01832795888185501
v 0.019638240337371823 0.06427175551652908 -0.01832795888185501
v 0.023320764303207394 0.0631922110915184 -0.018518947064876556
v 0.022663343697786328 0.06055186688899994 -0.024208493530750275
v 0.019638240337371823 0.06427175551652908 -0.01832795888185501
v 0.022663343697786328 0.06055186688899994 -0.024208493530750275
v 0.01920700073242187 0.06197968125343323 -0.02398195117712021
v 0.01920700073242187 0.06197968125343323 -0.02398195117712021
v 0.022663343697786328 0.06055186688899994 -0.024208493530750275
v 0.018783856183290478 0.05925776809453964 -0.029525138437747955
v 0.01920700073242187 0.06197968125343323 -0.02398195117712021
v 0.018783856183290478 0.05925776809453964 -0.029525138437747955
v 0.015251104719936846 0.06050190329551697 -0.029272787272930145
v 0.015251104719936846 0.06050190329551697 -0.029272787272930145
v 0.018783856183290478 0.05925776809453964 -0.029525138437747955
v 0.014933378435671328 0.05768061429262161 -0.03471768647432327
v 0.015251104719936846 0.06050190329551697 -0.029272787272930145
v 0.014933378435671328 0.05768061429262161 -0.03471768647432327
v 0.011612997390329836 0.059965576976537704 -0.03165266662836075
v 0.011339337565004824 0.05673325061798096 -0.03778166323900223
v 0.011612997390329836 0.059965576976537704 -0.03165266662836075
v 0.014501092024147509 0.05457521975040436 -0.04016263037919998
v 0.014501092024147509 0.05457521975040436 -0.04016263037919998
v 0.011612997390329836 0.059965576976537704 -0.03165266662836075
v 0.014933378435671328 0.05768061429262161 -0.03471768647432327
v 0.014501092024147509 0.05457521975040436 -0.04016263037919998
v 0.014933378435671328 0.05768061429262161 -0.03471768647432327
v 0.01829876378178596 0.05622138828039169 -0.035027630627155304
v 0.01829876378178596 0.05622138828039169 -0.035027630627155304
v 0.014933378435671328 0.05768061429262161 -0.03471768647432327
v 0.018783856183290478 0.05925776809453964 -0.029525138437747955
v 0.01829876378178596 0.05622138828039169 -0.035027630627155304
v 0.018783856183290478 0.05925776809453964 -0.029525138437747955
v 0.022003807127475735 0.05749668553471565 -0.02980140596628189
v 0.022003807127475735 0.05749668553471565 -0.02980140596628189
v 0.018783856183290478 0.05925776809453964 -0.029525138437747955
v 0.022663343697786328 0.06055186688899994 -0.024208493530750275
v 0.022003807127475735 0.05749668553471565 -0.02980140596628189
v 0.022663343697786328 0.06055186688899994 -0.024208493530750275
v 0.025802154093980786 0.058731384575366974 -0.024449177086353302
v 0.025802154093980786 0.058731384575366974 -0.024449177086353302
v 0.022663343697786328 0.06055186688899994 -0.024208493530750275
v 0.023320764303207394 0.0631922110915184 -0.018518947064876556
v 0.025802154093980786 0.058731384575366974 -0.024449177086353302
v 0.023320764303207394 0.0631922110915184 -0.018518947064876556
v 0.02679149433970451 0.061761122196912766 -0.018724747002124786
v 0.02679149433970451 0.061761122196912766 -0.018724747002124786
v 0.023320764303207394 0.0631922110915184 -0.018518947064876556
v 0.024031173437833783 0.06524154543876648 -0.012645714916288853
v 0.02679149433970451 0.061761122196912766 -0.018724747002124786
v 0.024031173437833783 0.06524154543876648 -0.012645714916288853
v 0.027785871177911755 0.06415213644504547 -0.012814202345907688
v 0.027785871177911755 0.06415213644504547 -0.012814202345907688
v 0.024031173437833783 0.06524154543876648 -0.012645714916288853
v 0.028289292007684704 0.0650302842259407 -0.00975517276674509
v 0.027785871177911755 0.06415213644504547 -0.012814202345907688
v 0.028289292007684704 0.0650302842259407 -0.00975517276674509
v 0.029625792056322094 0.06345853209495544 -0.012904890812933445
v 0.029625792056322094 0.06345853209495544 -0.012904890812933445
v 0.028289292007684704 0.0650302842259407 -0.00975517276674509
v 0.031436566263437264 0.0626341849565506 -0.012999513186514378
v 0.029625792056322094 0.06345853209495544 -0.012904890812933445
v 0.031436566263437264 0.0626341849565506 -0.012999513186514378
v 0.028455544263124462 0.060898035764694214 -0.01883629709482193
v 0.028455544263124462 0.060898035764694214 -0.01883629709482193
v 0.031436566263437264 0.0626341849565506 -0.012999513186514378
v 0.030765481293201443 0.06138096749782562 -0.016009412705898285
v 0.028455544263124462 0.060898035764694214 -0.01883629709482193
v 0.030765481293201443 0.06138096749782562 -0.016009412705898285
v 0.030068080872297284 0.05991711467504501 -0.01895596832036972
v 0.030068080872297284 0.05991711467504501 -0.01895596832036972
v 0.030765481293201443 0.06138096749782562 -0.016009412705898285
v 0.03241492807865142 0.06033800542354584 -0.01612193137407303
v 0.030068080872297284 0.05991711467504501 -0.01895596832036972
v 0.03241492807865142 0.06033800542354584 -0.01612193137407303
v 0.031600218266248696 0.05880538374185562 -0.019083939492702484
v 0.031600218266248696 0.05880538374185562 -0.019083939492702484
v 0.03241492807865142 0.06033800542354584 -0.01612193137407303
v 0.03394170850515365 0.05912012606859207 -0.016234494745731354
v 0.031600218266248696 0.05880538374185562 -0.019083939492702484
v 0.03394170850515365 0.05912012606859207 -0.016234494745731354
v 0.033005386590957635 0.05754072964191437 -0.019217945635318756
v 0.033005386590957635 0.05754072964191437 -0.019217945635318756
v 0.03394170850515365 0.05912012606859207 -0.016234494745731354
v 0.035275142639875405 0.05767599493265152 -0.01634562760591507
v 0.033005386590957635 0.05754072964191437 -0.019217945635318756
v 0.035275142639875405 0.05767599493265152 -0.01634562760591507
v 0.03422168642282485 0.05607856810092926 -0.01935858279466629
v 0.03422168642282485 0.05607856810092926 -0.01935858279466629
v 0.035275142639875405 0.05767599493265152 -0.01634562760591507
v 0.036301814019680016 0.05595610290765762 -0.016461946070194244
v 0.03422168642282485 0.05607856810092926 -0.01935858279466629
v 0.036301814019680016 0.05595610290765762 -0.016461946070194244
v 0.035148590803146355 0.05437319353222847 -0.019512496888637543
v 0.035148590803146355 0.05437319353222847 -0.019512496888637543
v 0.036301814019680016 0.05595610290765762 -0.016461946070194244
v 0.036881942301988595 0.053998369723558426 -0.016598336398601532
v 0.035148590803146355 0.05437319353222847 -0.019512496888637543
v 0.036881942301988595 0.053998369723558426 -0.016598336398601532
v 0.03565910086035728 0.0524592362344265 -0.019691385328769684
v 0.03565910086035728 0.0524592362344265 -0.019691385328769684
v 0.036881942301988595 0.053998369723558426 -0.016598336398601532
v 0.0356936790049076 0.050564274191856384 -0.020053885877132416
v 0.03565910086035728 0.0524592362344265 -0.019691385328769684
v 0.0356936790049076 0.050564274191856384 -0.020053885877132416
v 0.03507899492979049 0.0498209111392498 -0.02149345725774765
v 7.627915521446481e-10 -0.016633043065667152 -0.06939560174942017
v 7.627915521446481e-10 -0.028359616175293922 -0.07247553765773773
v 0.003320959163829684 -0.028328636661171913 -0.07259160280227661
v 0.029064048081636425 0.018153531476855278 -0.05979093164205551
v 0.02910075336694717 0.021116485819220543 -0.05895908921957016
v 0.027336608618497845 0.020972834900021553 -0.055642999708652496
v -6.687788989268028e-09 -0.03758649155497551 -0.07674703747034073
v -6.687788989268028e-09 -0.03815726563334465 -0.0772860199213028
v 0.003601182950660586 -0.03757862374186516 -0.07700011879205704
v 7.627915521446481e-10 -0.03352770581841469 -0.07426879554986954
v 7.627915521446481e-10 -0.03366948291659355 -0.0743318572640419
v 0.0034966736566275354 -0.03358558937907219 -0.07447969168424606
v 7.627915521446481e-10 -0.03478525951504707 -0.07487104833126068
v 7.627915521446481e-10 -0.035865668207407 -0.07548423111438751
v 0.0035591430496424432 -0.03575827553868294 -0.07563662528991699
v 0.01143002975732088 0.04555530846118927 -0.05759041756391525
v 0.01309725735336542 0.0458996519446373 -0.055691637098789215
v 0.015297376550734041 0.0448930487036705 -0.05601552873849869
v 0.010817524977028368 0.05145300552248955 -0.04667393118143082
v 0.01079458463937044 0.05229507014155388 -0.04532454162836075
v 0.012046352960169314 0.05193968489766121 -0.04544151574373245
v 0.026608228683471676 0.03403832018375397 -0.05133882910013199
v 0.027127847075462338 0.03251142427325249 -0.055636100471019745
v 0.026141427457332608 0.035093389451503754 -0.05485541373491287
v 8.213372204579626e-09 -0.040999073535203934 -0.08482547104358673
v 7.627915521446481e-10 -0.040999989956617355 -0.08500000089406967
v 0.0041801007464528075 -0.04078640416264534 -0.08500000089406967
v 0.025787908583879467 0.03200207278132439 -0.08096446841955185
v 0.024318207055330273 0.033558644354343414 -0.07650767266750336
v 0.026772908866405484 0.03149278461933136 -0.07675851881504059
v 0.017318081110715863 0.03733722120523453 -0.08057449758052826
v 0.017721228301525112 0.0369722917675972 -0.08500002324581146
v 0.015826221555471417 0.03782232850790024 -0.08500002324581146
v 0.020271692425012585 0.03580112382769585 -0.08070024847984314
v 0.02139981091022491 0.03497200831770897 -0.08500002324581146
v 0.0199507400393486 0.0358184352517128 -0.08500002324581146
v 0.023101013153791424 0.034020546823740005 -0.0808311179280281
v 0.024855118244886395 0.0326070599257946 -0.08500002324581146
v 0.02139981091022491 0.03497200831770897 -0.08500002324581146
v 0.026771120727062222 0.031053295359015465 -0.08500001579523087
v 0.025787908583879467 0.03200207278132439 -0.08096446841955185
v 0.02805114164948463 0.02990209497511387 -0.08500001579523087
v 0.02805114164948463 0.02990209497511387 -0.08500001579523087
v 0.025787908583879467 0.03200207278132439 -0.08096446841955185
v 0.026772908866405484 0.03149278461933136 -0.07675851881504059
v 0.02805114164948463 0.02990209497511387 -0.08500001579523087
v 0.026772908866405484 0.03149278461933136 -0.07675851881504059
v 0.03095443546772003 0.02688547782599926 -0.08500001579523087
v 0.03095443546772003 0.02688547782599926 -0.08500001579523087
v 0.026772908866405484 0.03149278461933136 -0.07675851881504059
v 0.02907810732722282 0.02920035645365715 -0.0770070031285286
v 0.03095443546772003 0.02688547782599926 -0.08500001579523087
v 0.02907810732722282 0.02920035645365715 -0.0770070031285286
v 0.03248907253146171 0.02500932849943638 -0.08500001579523087
v 0.03248907253146171 0.02500932849943638 -0.08500001579523087
v 0.02907810732722282 0.02920035645365715 -0.0770070031285286
v 0.031213555485010144 0.026687612757086754 -0.07724650949239731
v 0.03248907253146171 0.02500932849943638 -0.08500001579523087
v 0.031213555485010144 0.026687612757086754 -0.07724650949239731
v 0.033535059541463845 0.023588230833411217 -0.08500001579523087
v 0.033535059541463845 0.023588230833411217 -0.08500001579523087
v 0.031213555485010144 0.026687612757086754 -0.07724650949239731
v 0.03315766900777816 0.023965010419487953 -0.0774712935090065
v 0.03576606884598731 0.02004462294280529 -0.08500001579523087
v 0.034726772457361214 0.021732034161686897 -0.08145258575677872
v 0.036868937313556664 0.01793534867465496 -0.08500001579523087
v 0.036868937313556664 0.01793534867465496 -0.08500001579523087
v 0.034726772457361214 0.021732034161686897 -0.08145258575677872
v 0.03641171753406524 0.018682600930333138 -0.08154568821191788
v 0.036868937313556664 0.01793534867465496 -0.08500001579523087
v 0.03641171753406524 0.018682600930333138 -0.08154568821191788
v 0.03762405738234519 0.016291843727231026 -0.08500001579523087
v 0.03762405738234519 0.016291843727231026 -0.08500001579523087
v 0.03641171753406524 0.018682600930333138 -0.08154568821191788
v 0.037839226424694054 0.015477188862860203 -0.0816223993897438
v 0.03762405738234519 0.016291843727231026 -0.08500001579523087
v 0.037839226424694054 0.015477188862860203 -0.0816223993897438
v 0.03908956423401832 0.012369354255497456 -0.08500001579523087
v 0.03908956423401832 0.012369354255497456 -0.08500001579523087
v 0.037839226424694054 0.015477188862860203 -0.0816223993897438
v 0.039730660617351525 0.010122873820364475 -0.08500001579523087
v 0.039730660617351525 0.010122873820364475 -0.08500001579523087
v 0.037839226424694054 0.015477188862860203 -0.0816223993897438
v 0.03899265825748443 0.012138777412474155 -0.0816817507147789
v 0.039730660617351525 0.010122873820364475 -0.08500001579523087
v 0.03899265825748443 0.012138777412474155 -0.0816817507147789
v 0.04014733433723449 0.008318190462887287 -0.08500001579523087
v 0.04014733433723449 0.008318190462887287 -0.08500001579523087
v 0.03899265825748443 0.012138777412474155 -0.0816817507147789
v 0.03985743969678878 0.00869263056665659 -0.08172368258237839
v 0.04014733433723449 0.008318190462887287 -0.08500001579523087
v 0.03985743969678878 0.00869263056665659 -0.08172368258237839
v 0.04078640788793563 0.00418028375133872 -0.08500000834465027
v 0.04078640788793563 0.00418028375133872 -0.08500000834465027
v 0.03985743969678878 0.00869263056665659 -0.08172368258237839
v 0.040421590209007256 0.005166144575923681 -0.08174903690814972
v 0.04078640788793563 0.00418028375133872 -0.08500000834465027
v 0.040421590209007256 0.005166144575923681 -0.08174903690814972
v 0.040902510285377496 0.0028268632013350725 -0.08500000834465027
v 0.040902510285377496 0.0028268632013350725 -0.08500000834465027
v 0.040421590209007256 0.005166144575923681 -0.08174903690814972
v 0.04100004211068153 1.1817292699944915e-09 -0.08500000834465027
v 0.04100004211068153 1.1817292699944915e-09 -0.08500000834465027
v 0.040421590209007256 0.005166144575923681 -0.08174903690814972
v 0.04067625477910041 0.0015886102337390184 -0.08175966888666153
v 0.04100004211068153 1.1817292699944915e-09 -0.08500000834465027
v 0.04067625477910041 0.0015886102337390184 -0.08175966888666153
v 0.04097004234790801 -0.0015692252200096846 -0.08500000834465027
v 0.04097004234790801 -0.0015692252200096846 -0.08500000834465027
v 0.04067625477910041 0.0015886102337390184 -0.08175966888666153
v 0.04061600193381309 -0.0020091186743229628 -0.08175806701183319
v 0.04097004234790801 -0.0015692252200096846 -0.08500000834465027
v 0.04061600193381309 -0.0020091186743229628 -0.08175806701183319
v 0.040596321225166314 -0.005739609245210886 -0.08500000834465027
v 0.03959453478455543 -0.01027368288487196 -0.08342061936855316
v 0.03979910165071487 -0.009850393049418926 -0.08500000834465027
v 0.040596321225166314 -0.005739609245210886 -0.08500000834465027
v 0.03697194904088973 -0.017722005024552345 -0.08500000834465027
v 0.03554215282201766 -0.020204195752739906 -0.08333984762430191
v 0.03497174009680747 -0.021400393918156624 -0.08500000834465027
v 0.03497174009680747 -0.021400393918156624 -0.08500000834465027
v 0.03554215282201766 -0.020204195752739906 -0.08333984762430191
v 0.03363022953271865 -0.0232363510876894 -0.0833042785525322
v 0.03497174009680747 -0.021400393918156624 -0.08500000834465027
v 0.03363022953271865 -0.0232363510876894 -0.0833042785525322
v 0.03260688111186027 -0.024855496361851692 -0.08500000834465027
v 0.03260688111186027 -0.024855496361851692 -0.08500000834465027
v 0.03363022953271865 -0.0232363510876894 -0.0833042785525322
v 0.0314604602754116 -0.026089096441864967 -0.08326394110918045
v 0.03260688111186027 -0.024855496361851692 -0.08500000834465027
v 0.0314604602754116 -0.026089096441864967 -0.08326394110918045
v 0.029901828616857525 -0.028051497414708138 -0.08500000834465027
v 0.0314604602754116 -0.026089096441864967 -0.08326394110918045
v 0.029049400240182873 -0.028740571811795235 -0.08321850746870041
v 0.029901828616857525 -0.028051497414708138 -0.08500000834465027
v 0.029901828616857525 -0.028051497414708138 -0.08500000834465027
v 0.029049400240182873 -0.028740571811795235 -0.08321850746870041
v 0.026415318250656124 -0.031170697882771492 -0.08316773176193237
v 0.029901828616857525 -0.028051497414708138 -0.08500000834465027
v 0.026415318250656124 -0.031170697882771492 -0.08316773176193237
v 0.02688498422503471 -0.03095485456287861 -0.08500000834465027
v 0.02688498422503471 -0.03095485456287861 -0.08500000834465027
v 0.026415318250656124 -0.031170697882771492 -0.08316773176193237
v 0.02357811853289604 -0.033361006528139114 -0.08311165869235992
v 0.02688498422503471 -0.03095485456287861 -0.08500000834465027
v 0.02357811853289604 -0.033361006528139114 -0.08311165869235992
v 0.02358755841851234 -0.033535491675138474 -0.08500000834465027
v 0.02358755841851234 -0.033535491675138474 -0.08500000834465027
v 0.02357811853289604 -0.033361006528139114 -0.08311165869235992
v 0.020559232681989666 -0.035294730216264725 -0.0830506756901741
v 0.02358755841851234 -0.033535491675138474 -0.08500000834465027
v 0.020559232681989666 -0.035294730216264725 -0.0830506756901741
v 0.020043902099132534 -0.03576644882559776 -0.08500000089406967
v 0.020043902099132534 -0.03576644882559776 -0.08500000089406967
v 0.020559232681989666 -0.035294730216264725 -0.0830506756901741
v 0.01738151907920837 -0.036956947296857834 -0.08298557996749878
v 0.020043902099132534 -0.03576644882559776 -0.08500000089406967
v 0.01738151907920837 -0.036956947296857834 -0.08298557996749878
v 0.016291189938783642 -0.03762435540556908 -0.08500000089406967
v 0.016291189938783642 -0.03762435540556908 -0.08500000089406967
v 0.01738151907920837 -0.036956947296857834 -0.08298557996749878
v 0.014069174416363238 -0.038334693759679794 -0.08291764557361603
v 0.016291189938783642 -0.03762435540556908 -0.08500000089406967
v 0.014069174416363238 -0.038334693759679794 -0.08291764557361603
v 0.01236883271485567 -0.039089757949113846 -0.08500000089406967
v 8.213372204579626e-09 -0.040999073535203934 -0.08482547104358673
v 0.0041801007464528075 -0.04078640416264534 -0.08500000089406967
v 8.213372204579626e-09 -0.04099636152386665 -0.0846523717045784
v 0.0035848140250891443 -0.04066446051001549 -0.0827188566327095
v 8.213372204579626e-09 -0.040819574147462845 -0.08266523480415344
v 8.213372204579626e-09 -0.04093097522854805 -0.0835229754447937
v 0.014069174416363238 -0.038334693759679794 -0.08291764557361603
v 0.010647659189999102 -0.03941715881228447 -0.08284874260425568
v 0.01236883271485567 -0.039089757949113846 -0.08500000089406967
v 0.01236883271485567 -0.039089757949113846 -0.08500000089406967
v 0.010647659189999102 -0.03941715881228447 -0.08284874260425568
v 0.007143625058233737 -0.04019579663872719 -0.08278138935565948
v 0.01236883271485567 -0.039089757949113846 -0.08500000089406967
v 0.007143625058233737 -0.04019579663872719 -0.08278138935565948
v 0.008317825384438036 -0.04014742746949196 -0.08500000089406967
v 0.008317825384438036 -0.04014742746949196 -0.08500000089406967
v 0.007143625058233737 -0.04019579663872719 -0.08278138935565948
v 0.0035848140250891443 -0.04066446051001549 -0.0827188566327095
v 0.008317825384438036 -0.04014742746949196 -0.08500000089406967
v 0.0035848140250891443 -0.04066446051001549 -0.0827188566327095
v 0.0041801007464528075 -0.04078640416264534 -0.08500000089406967
v 0.0041801007464528075 -0.04078640416264534 -0.08500000089406967
v 0.0035848140250891443 -0.04066446051001549 -0.0827188566327095
v 8.213372204579626e-09 -0.04093097522854805 -0.0835229754447937
v 0.0041801007464528075 -0.04078640416264534 -0.08500000089406967
v 8.213372204579626e-09 -0.04093097522854805 -0.0835229754447937
v 8.213372204579626e-09 -0.04099636152386665 -0.0846523717045784
v 0.026608228683471676 0.03403832018375397 -0.05133882910013199
v 0.026141427457332608 0.035093389451503754 -0.05485541373491287
v 0.025554861873388287 0.037738338112831116 -0.05011991411447525
v 0.025554861873388287 0.037738338112831116 -0.05011991411447525
v 0.026141427457332608 0.035093389451503754 -0.05485541373491287
v 0.024976551532745358 0.03751491382718086 -0.05411369353532791
v 0.025554861873388287 0.037738338112831116 -0.05011991411447525
v 0.024976551532745358 0.03751491382718086 -0.05411369353532791
v 0.024284202605485913 0.04083208367228508 -0.049100734293460846
v 0.024284202605485913 0.04083208367228508 -0.049100734293460846
v 0.024976551532745358 0.03751491382718086 -0.05411369353532791
v 0.02364382147789001 0.03975404053926468 -0.05341926962137222
v 0.024284202605485913 0.04083208367228508 -0.049100734293460846
v 0.02364382147789001 0.03975404053926468 -0.05341926962137222
v 0.022777929902076718 0.04355080425739288 -0.04820509999990463
v 0.022777929902076718 0.04355080425739288 -0.04820509999990463
v 0.02364382147789001 0.03975404053926468 -0.05341926962137222
v 0.022154096513986584 0.04179242253303528 -0.052779488265514374
v 0.022777929902076718 0.04355080425739288 -0.04820509999990463
v 0.022154096513986584 0.04179242253303528 -0.052779488265514374
v 0.021070495247840878 0.04588952288031578 -0.04743465036153793
v 0.021070495247840878 0.04588952288031578 -0.04743465036153793
v 0.022154096513986584 0.04179242253303528 -0.052779488265514374
v 0.02051819115877151 0.04361581429839134 -0.05220036953687668
v 0.021070495247840878 0.04588952288031578 -0.04743465036153793
v 0.02051819115877151 0.04361581429839134 -0.05220036953687668
v 0.019182670861482617 0.04786336421966553 -0.04678439348936081
v 0.02051819115877151 0.04361581429839134 -0.05220036953687668
v 0.018746681511402127 0.04521480202674866 -0.05168653279542923
v 0.019182670861482617 0.04786336421966553 -0.04678439348936081
v 0.019182670861482617 0.04786336421966553 -0.04678439348936081
v 0.018746681511402127 0.04521480202674866 -0.05168653279542923
v 0.016850061714649197 0.046586956828832626 -0.05124171823263168
v 0.019182670861482617 0.04786336421966553 -0.04678439348936081
v 0.016850061714649197 0.046586956828832626 -0.05124171823263168
v 0.017110332846641537 0.04950127750635147 -0.046244822442531586
v 0.017110332846641537 0.04950127750635147 -0.046244822442531586
v 0.016850061714649197 0.046586956828832626 -0.05124171823263168
v 0.014838689006865023 0.04773546755313873 -0.05086822062730789
v 0.017110332846641537 0.04950127750635147 -0.046244822442531586
v 0.014838689006865023 0.04773546755313873 -0.05086822062730789
v 0.014653195627033709 0.05091419816017151 -0.045779354870319366
v 0.014653195627033709 0.05091419816017151 -0.045779354870319366
v 0.014838689006865023 0.04773546755313873 -0.05086822062730789
v 0.012722880579531191 0.048668038100004196 -0.05056598037481308
v 0.014653195627033709 0.05091419816017151 -0.045779354870319366
v 0.012722880579531191 0.048668038100004196 -0.05056598037481308
v 0.012046352960169314 0.05193968489766121 -0.04544151574373245
v 0.012046352960169314 0.05193968489766121 -0.04544151574373245
v 0.012722880579531191 0.048668038100004196 -0.05056598037481308
v 0.011024390347301958 0.048370543867349625 -0.05200368911027908
v 0.012046352960169314 0.05193968489766121 -0.04544151574373245
v 0.011024390347301958 0.048370543867349625 -0.05200368911027908
v 0.010817524977028368 0.05145300552248955 -0.04667393118143082
v 0.015981819480657574 0.04241020977497101 -0.061151884496212006
v 0.012019664980471132 0.04314866289496422 -0.06321056932210922
v 0.01201097760349512 0.04317693039774895 -0.06313826888799667
v 0.01685700193047523 0.04028143733739853 -0.06622408330440521
v 0.01788605749607086 0.038487691432237625 -0.07119112461805344
v 0.015251879580318926 0.03974226489663124 -0.07090149819850922
v 0.015251879580318926 0.03974226489663124 -0.07090149819850922
v 0.01788605749607086 0.038487691432237625 -0.07119112461805344
v 0.01903405040502548 0.03700300306081772 -0.0760231465101242
v 0.015251879580318926 0.03974226489663124 -0.07090149819850922
v 0.01903405040502548 0.03700300306081772 -0.0760231465101242
v 0.01623614132404327 0.03838082030415535 -0.07579895853996277
v 0.01623614132404327 0.03838082030415535 -0.07579895853996277
v 0.01903405040502548 0.03700300306081772 -0.0760231465101242
v 0.020271692425012585 0.03580112382769585 -0.08070024847984314
v 0.01623614132404327 0.03838082030415535 -0.07579895853996277
v 0.020271692425012585 0.03580112382769585 -0.08070024847984314
v 0.017318081110715863 0.03733722120523453 -0.08057449758052826
v 0.017318081110715863 0.03733722120523453 -0.08057449758052826
v 0.020271692425012585 0.03580112382769585 -0.08070024847984314
v 0.0199507400393486 0.0358184352517128 -0.08500002324581146
v 0.017318081110715863 0.03733722120523453 -0.08057449758052826
v 0.0199507400393486 0.0358184352517128 -0.08500002324581146
v 0.017721228301525112 0.0369722917675972 -0.08500002324581146
v 0.03577993810176849 0.003638358088210225 -0.07185076177120209
v 0.03785311058163642 0.00018445892783347517 -0.07517381012439728
v 0.035944059491157525 0.00705438619479537 -0.07153944671154022
v 0.035944059491157525 0.00705438619479537 -0.07153944671154022
v 0.03785311058163642 0.00018445892783347517 -0.07517381012439728
v 0.0380510427057743 0.0037191857118159533 -0.07501690834760666
v 0.035944059491157525 0.00705438619479537 -0.07153944671154022
v 0.0380510427057743 0.0037191857118159533 -0.07501690834760666
v 0.03581539168953895 0.01045928243547678 -0.0712042972445488
v 0.03581539168953895 0.01045928243547678 -0.0712042972445488
v 0.0380510427057743 0.0037191857118159533 -0.07501690834760666
v 0.037938792258501046 0.0072433180175721645 -0.07483776658773422
v 0.03581539168953895 0.01045928243547678 -0.0712042972445488
v 0.037938792258501046 0.0072433180175721645 -0.07483776658773422
v 0.03540042042732238 0.01381604839116335 -0.07084488123655319
v 0.03540042042732238 0.01381604839116335 -0.07084488123655319
v 0.037938792258501046 0.0072433180175721645 -0.07483776658773422
v 0.037522565573453896 0.010720391757786274 -0.0746343582868576
v 0.03540042042732238 0.01381604839116335 -0.07084488123655319
v 0.037522565573453896 0.010720391757786274 -0.0746343582868576
v 0.03471053019165992 0.01709027774631977 -0.07046125829219818
v 0.03471053019165992 0.01709027774631977 -0.07046125829219818
v 0.037522565573453896 0.010720391757786274 -0.0746343582868576
v 0.036813251674175256 0.014115833677351475 -0.07440445572137833
v 0.03471053019165992 0.01709027774631977 -0.07046125829219818
v 0.036813251674175256 0.014115833677351475 -0.07440445572137833
v 0.03376121073961257 0.020250996574759483 -0.07005515694618225
v 0.03376121073961257 0.020250996574759483 -0.07005515694618225
v 0.036813251674175256 0.014115833677351475 -0.07440445572137833
v 0.03582605347037315 0.017398258671164513 -0.07414738088846207
v 0.03376121073961257 0.020250996574759483 -0.07005515694618225
v 0.03582605347037315 0.017398258671164513 -0.07414738088846207
v 0.03257091715931892 0.023270418867468834 -0.06962975114583969
v 0.03257091715931892 0.023270418867468834 -0.06962975114583969
v 0.03582605347037315 0.017398258671164513 -0.07414738088846207
v 0.034579556435346596 0.02053956501185894 -0.07386410236358643
v 0.03257091715931892 0.023270418867468834 -0.06962975114583969
v 0.034579556435346596 0.02053956501185894 -0.07386410236358643
v 0.031160175800323483 0.026124225929379463 -0.06918942183256149
v 0.031160175800323483 0.026124225929379463 -0.06918942183256149
v 0.034579556435346596 0.02053956501185894 -0.07386410236358643
v 0.033094804733991616 0.02351517416536808 -0.07355707883834839
v 0.031160175800323483 0.026124225929379463 -0.06918942183256149
v 0.033094804733991616 0.02351517416536808 -0.07355707883834839
v 0.029550660401582714 0.028791846707463264 -0.06873960793018341
v 0.029550660401582714 0.028791846707463264 -0.06873960793018341
v 0.033094804733991616 0.02351517416536808 -0.07355707883834839
v 0.03139435499906539 0.026304258033633232 -0.07323013246059418
v 0.029550660401582714 0.028791846707463264 -0.06873960793018341
v 0.03139435499906539 0.026304258033633232 -0.07323013246059418
v 0.027764286845922467 0.03125672787427902 -0.06828658282756805
v 0.027764286845922467 0.03125672787427902 -0.06828658282756805
v 0.03139435499906539 0.026304258033633232 -0.07323013246059418
v 0.029501330107450482 0.02888997457921505 -0.07288828492164612
v 0.027764286845922467 0.03125672787427902 -0.06828658282756805
v 0.029501330107450482 0.02888997457921505 -0.07288828492164612
v 0.02582229673862457 0.0335066094994545 -0.06783723831176758
v 0.02582229673862457 0.0335066094994545 -0.06783723831176758
v 0.029501330107450482 0.02888997457921505 -0.07288828492164612
v 0.02743848785758018 0.031259723007678986 -0.0725376084446907
v 0.02582229673862457 0.0335066094994545 -0.06783723831176758
v 0.02743848785758018 0.031259723007678986 -0.0725376084446907
v 0.0237443596124649 0.03553381189703941 -0.06739890575408936
v 0.0237443596124649 0.03553381189703941 -0.06739890575408936
v 0.02743848785758018 0.031259723007678986 -0.0725376084446907
v 0.025227263569831845 0.033405378460884094 -0.07218508422374725
v 0.0237443596124649 0.03553381189703941 -0.06739890575408936
v 0.025227263569831845 0.033405378460884094 -0.07218508422374725
v 0.021547783166170117 0.037335701286792755 -0.06697918474674225
v 0.021547783166170117 0.037335701286792755 -0.06697918474674225
v 0.025227263569831845 0.033405378460884094 -0.07218508422374725
v 0.022886972874402996 0.035323623567819595 -0.07183840125799179
v 0.03576606884598731 0.02004462294280529 -0.08500001579523087
v 0.033535059541463845 0.023588230833411217 -0.08500001579523087
v 0.034726772457361214 0.021732034161686897 -0.08145258575677872
v 0.034726772457361214 0.021732034161686897 -0.08145258575677872
v 0.033535059541463845 0.023588230833411217 -0.08500001579523087
v 0.03315766900777816 0.023965010419487953 -0.0774712935090065
v 0.034726772457361214 0.021732034161686897 -0.08145258575677872
v 0.03315766900777816 0.023965010419487953 -0.0774712935090065
v 0.03641171753406524 0.018682600930333138 -0.08154568821191788
v 0.03641171753406524 0.018682600930333138 -0.08154568821191788
v 0.03315766900777816 0.023965010419487953 -0.0774712935090065
v 0.03488821908831596 0.021046949550509453 -0.0776766911149025
v 0.03641171753406524 0.018682600930333138 -0.08154568821191788
v 0.03488821908831596 0.021046949550509453 -0.0776766911149025
v 0.037839226424694054 0.015477188862860203 -0.0816223993897438
v 0.037839226424694054 0.015477188862860203 -0.0816223993897438
v 0.03488821908831596 0.021046949550509453 -0.0776766911149025
v 0.03638316690921783 0.017951583489775658 -0.07785914838314056
v 0.037839226424694054 0.015477188862860203 -0.0816223993897438
v 0.03638316690921783 0.017951583489775658 -0.07785914838314056
v 0.03899265825748443 0.012138777412474155 -0.0816817507147789
v 0.03899265825748443 0.012138777412474155 -0.0816817507147789
v 0.03638316690921783 0.017951583489775658 -0.07785914838314056
v 0.03762149065732955 0.014700581319630146 -0.07801639288663864
v 0.03899265825748443 0.012138777412474155 -0.0816817507147789
v 0.03762149065732955 0.014700581319630146 -0.07801639288663864
v 0.03985743969678878 0.00869263056665659 -0.08172368258237839
v 0.03985743969678878 0.00869263056665659 -0.08172368258237839
v 0.03762149065732955 0.014700581319630146 -0.07801639288663864
v 0.03858400881290435 0.011318937875330448 -0.07814747840166092
v 0.03985743969678878 0.00869263056665659 -0.08172368258237839
v 0.03858400881290435 0.011318937875330448 -0.07814747840166092
v 0.040421590209007256 0.005166144575923681 -0.08174903690814972
v 0.040421590209007256 0.005166144575923681 -0.08174903690814972
v 0.03858400881290435 0.011318937875330448 -0.07814747840166092
v 0.03925420716404914 0.00783474836498499 -0.0782528966665268
v 0.040421590209007256 0.005166144575923681 -0.08174903690814972
v 0.03925420716404914 0.00783474836498499 -0.0782528966665268
v 0.04067625477910041 0.0015886102337390184 -0.08175966888666153
v 0.04067625477910041 0.0015886102337390184 -0.08175966888666153
v 0.03925420716404914 0.00783474836498499 -0.0782528966665268
v 0.039619054645299905 0.004279003944247961 -0.07833466678857803
v 0.04067625477910041 0.0015886102337390184 -0.08175966888666153
v 0.039619054645299905 0.004279003944247961 -0.07833466678857803
v 0.04061600193381309 -0.0020091186743229628 -0.08175806701183319
v 0.04061600193381309 -0.0020091186743229628 -0.08175806701183319
v 0.039619054645299905 0.004279003944247961 -0.07833466678857803
v 0.039669629186391824 0.0006852720398455858 -0.07839598506689072
v 0.04061600193381309 -0.0020091186743229628 -0.08175806701183319
v 0.039669629186391824 0.0006852720398455858 -0.07839598506689072
v 0.03940115123987197 -0.002911793766543269 -0.07843946665525436
v 0.03785311058163642 0.00018445892783347517 -0.07517381012439728
v 0.03940115123987197 -0.002911793766543269 -0.07843946665525436
v 0.0380510427057743 0.0037191857118159533 -0.07501690834760666
v 0.0380510427057743 0.0037191857118159533 -0.07501690834760666
v 0.03940115123987197 -0.002911793766543269 -0.07843946665525436
v 0.039669629186391824 0.0006852720398455858 -0.07839598506689072
v 0.0380510427057743 0.0037191857118159533 -0.07501690834760666
v 0.039669629186391824 0.0006852720398455858 -0.07839598506689072
v 0.037938792258501046 0.0072433180175721645 -0.07483776658773422
v 0.037938792258501046 0.0072433180175721645 -0.07483776658773422
v 0.039669629186391824 0.0006852720398455858 -0.07839598506689072
v 0.039619054645299905 0.004279003944247961 -0.07833466678857803
v 0.037938792258501046 0.0072433180175721645 -0.07483776658773422
v 0.039619054645299905 0.004279003944247961 -0.07833466678857803
v 0.037522565573453896 0.010720391757786274 -0.0746343582868576
v 0.037522565573453896 0.010720391757786274 -0.0746343582868576
v 0.039619054645299905 0.004279003944247961 -0.07833466678857803
v 0.03925420716404914 0.00783474836498499 -0.0782528966665268
v 0.037522565573453896 0.010720391757786274 -0.0746343582868576
v 0.03925420716404914 0.00783474836498499 -0.0782528966665268
v 0.036813251674175256 0.014115833677351475 -0.07440445572137833
v 0.036813251674175256 0.014115833677351475 -0.07440445572137833
v 0.03925420716404914 0.00783474836498499 -0.0782528966665268
v 0.03858400881290435 0.011318937875330448 -0.07814747840166092
v 0.036813251674175256 0.014115833677351475 -0.07440445572137833
v 0.03858400881290435 0.011318937875330448 -0.07814747840166092
v 0.03582605347037315 0.017398258671164513 -0.07414738088846207
v 0.03582605347037315 0.017398258671164513 -0.07414738088846207
v 0.03858400881290435 0.011318937875330448 -0.07814747840166092
v 0.03762149065732955 0.014700581319630146 -0.07801639288663864
v 0.03582605347037315 0.017398258671164513 -0.07414738088846207
v 0.03762149065732955 0.014700581319630146 -0.07801639288663864
v 0.034579556435346596 0.02053956501185894 -0.07386410236358643
v 0.034579556435346596 0.02053956501185894 -0.07386410236358643
v 0.03762149065732955 0.014700581319630146 -0.07801639288663864
v 0.03638316690921783 0.017951583489775658 -0.07785914838314056
v 0.034579556435346596 0.02053956501185894 -0.07386410236358643
v 0.03638316690921783 0.017951583489775658 -0.07785914838314056
v 0.033094804733991616 0.02351517416536808 -0.07355707883834839
v 0.033094804733991616 0.02351517416536808 -0.07355707883834839
v 0.03638316690921783 0.017951583489775658 -0.07785914838314056
v 0.03488821908831596 0.021046949550509453 -0.0776766911149025
v 0.033094804733991616 0.02351517416536808 -0.07355707883834839
v 0.03488821908831596 0.021046949550509453 -0.0776766911149025
v 0.03139435499906539 0.026304258033633232 -0.07323013246059418
v 0.03139435499906539 0.026304258033633232 -0.07323013246059418
v 0.03488821908831596 0.021046949550509453 -0.0776766911149025
v 0.03315766900777816 0.023965010419487953 -0.0774712935090065
v 0.03139435499906539 0.026304258033633232 -0.07323013246059418
v 0.03315766900777816 0.023965010419487953 -0.0774712935090065
v 0.029501330107450482 0.02888997457921505 -0.07288828492164612
v 0.029501330107450482 0.02888997457921505 -0.07288828492164612
v 0.03315766900777816 0.023965010419487953 -0.0774712935090065
v 0.031213555485010144 0.026687612757086754 -0.07724650949239731
v 0.029501330107450482 0.02888997457921505 -0.07288828492164612
v 0.031213555485010144 0.026687612757086754 -0.07724650949239731
v 0.02743848785758018 0.031259723007678986 -0.0725376084446907
v 0.02743848785758018 0.031259723007678986 -0.0725376084446907
v 0.031213555485010144 0.026687612757086754 -0.07724650949239731
v 0.02907810732722282 0.02920035645365715 -0.0770070031285286
v 0.02743848785758018 0.031259723007678986 -0.0725376084446907
v 0.02907810732722282 0.02920035645365715 -0.0770070031285286
v 0.025227263569831845 0.033405378460884094 -0.07218508422374725
v 0.025227263569831845 0.033405378460884094 -0.07218508422374725
v 0.02907810732722282 0.02920035645365715 -0.0770070031285286
v 0.026772908866405484 0.03149278461933136 -0.07675851881504059
v 0.025227263569831845 0.033405378460884094 -0.07218508422374725
v 0.026772908866405484 0.03149278461933136 -0.07675851881504059
v 0.022886972874402996 0.035323623567819595 -0.07183840125799179
v 0.022886972874402996 0.035323623567819595 -0.07183840125799179
v 0.026772908866405484 0.03149278461933136 -0.07675851881504059
v 0.024318207055330273 0.033558644354343414 -0.07650767266750336
v 0.03456763923168182 -0.003080333350226283 -0.07239781320095062
v 0.03352534025907516 -0.006312171462923288 -0.07262923568487167
v 0.035398982465267174 -0.010125803761184216 -0.07551319897174835
v 0.03669390082359313 -0.013384359888732433 -0.07847246527671814
v 0.035398982465267174 -0.010125803761184216 -0.07551319897174835
v 0.03397883474826812 -0.013351167552173138 -0.07557877898216248
v 0.035398982465267174 -0.010125803761184216 -0.07551319897174835
v 0.03352534025907516 -0.006312171462923288 -0.07262923568487167
v 0.03397883474826812 -0.013351167552173138 -0.07557877898216248
v 0.03397883474826812 -0.013351167552173138 -0.07557877898216248
v 0.03352534025907516 -0.006312171462923288 -0.07262923568487167
v 0.0322011113166809 -0.009414385072886944 -0.07282877713441849
v 0.03397883474826812 -0.013351167552173138 -0.07557877898216248
v 0.0322011113166809 -0.009414385072886944 -0.07282877713441849
v 0.03227392584085464 -0.01641842909157276 -0.07561738044023514
v 0.03227392584085464 -0.01641842909157276 -0.07561738044023514
v 0.0322011113166809 -0.009414385072886944 -0.07282877713441849
v 0.030604626983404156 -0.012356135062873363 -0.07299332320690155
v 0.03227392584085464 -0.01641842909157276 -0.07561738044023514
v 0.030604626983404156 -0.012356135062873363 -0.07299332320690155
v 0.030297439545392987 -0.019299546256661415 -0.07562686502933502
v 0.030297439545392987 -0.019299546256661415 -0.07562686502933502
v 0.030604626983404156 -0.012356135062873363 -0.07299332320690155
v 0.028747469186782833 -0.01510926615446806 -0.07311989367008209
v 0.030297439545392987 -0.019299546256661415 -0.07562686502933502
v 0.028747469186782833 -0.01510926615446806 -0.07311989367008209
v 0.02806419879198074 -0.021969320252537727 -0.07560530304908752
v 0.02806419879198074 -0.021969320252537727 -0.07560530304908752
v 0.028747469186782833 -0.01510926615446806 -0.07311989367008209
v 0.02664268761873245 -0.01764869876205921 -0.07320596277713776
v 0.02806419879198074 -0.021969320252537727 -0.07560530304908752
v 0.02664268761873245 -0.01764869876205921 -0.07320596277713776
v 0.02559101954102516 -0.02440573461353779 -0.07555130869150162
v 0.02559101954102516 -0.02440573461353779 -0.07555130869150162
v 0.02664268761873245 -0.01764869876205921 -0.07320596277713776
v 0.024305518716573712 -0.019952969625592232 -0.07324974238872528
v 0.02559101954102516 -0.02440573461353779 -0.07555130869150162
v 0.024305518716573712 -0.019952969625592232 -0.07324974238872528
v 0.022898092865943905 -0.026589306071400642 -0.07546458393335342
v 0.022898092865943905 -0.026589306071400642 -0.07546458393335342
v 0.024305518716573712 -0.019952969625592232 -0.07324974238872528
v 0.02175546810030937 -0.022003808990120888 -0.07325059175491333
v 0.022898092865943905 -0.026589306071400642 -0.07546458393335342
v 0.02175546810030937 -0.022003808990120888 -0.07325059175491333
v 0.020007446408271786 -0.02850249595940113 -0.07534634321928024
v 0.020007446408271786 -0.02850249595940113 -0.07534634321928024
v 0.02175546810030937 -0.022003808990120888 -0.07325059175491333
v 0.01901394128799438 -0.023785362020134926 -0.07320956140756607
v 0.020007446408271786 -0.02850249595940113 -0.07534634321928024
v 0.01901394128799438 -0.023785362020134926 -0.07320956140756607
v 0.0169428177177906 -0.030130045488476753 -0.07519969344139099
v 0.0169428177177906 -0.030130045488476753 -0.07519969344139099
v 0.01901394128799438 -0.023785362020134926 -0.07320956140756607
v 0.01610399410128593 -0.02528459019958973 -0.07312990725040436
v 0.0169428177177906 -0.030130045488476753 -0.07519969344139099
v 0.01610399410128593 -0.02528459019958973 -0.07312990725040436
v 0.013050732202827929 -0.02649187482893467 -0.07301750779151917
v 7.627915521446481e-10 -0.028359616175293922 -0.07247553765773773
v 7.627915521446481e-10 -0.030181417241692543 -0.07302407175302505
v 0.003320959163829684 -0.028328636661171913 -0.07259160280227661
v 0.003320959163829684 -0.028328636661171913 -0.07259160280227661
v 7.627915521446481e-10 -0.030181417241692543 -0.07302407175302505
v 0.0034163228701800104 -0.031095566228032112 -0.0734817162156105
v 0.003320959163829684 -0.028328636661171913 -0.07259160280227661
v 0.0034163228701800104 -0.031095566228032112 -0.0734817162156105
v 0.006627247668802737 -0.028012486174702644 -0.07273384928703308
v 0.006627247668802737 -0.028012486174702644 -0.07273384928703308
v 0.0034163228701800104 -0.031095566228032112 -0.0734817162156105
v 0.006816015578806399 -0.0307378638535738 -0.07364530116319656
v 0.006627247668802737 -0.028012486174702644 -0.07273384928703308
v 0.006816015578806399 -0.0307378638535738 -0.07364530116319656
v 0.00988169852644205 -0.027401553466916084 -0.072881318628788
v 0.00988169852644205 -0.027401553466916084 -0.072881318628788
v 0.006816015578806399 -0.0307378638535738 -0.07364530116319656
v 0.010161773301661013 -0.030074195936322212 -0.07381744682788849
v 0.00988169852644205 -0.027401553466916084 -0.072881318628788
v 0.010161773301661013 -0.030074195936322212 -0.07381744682788849
v 0.013050732202827929 -0.02649187482893467 -0.07301750779151917
v 0.013050732202827929 -0.02649187482893467 -0.07301750779151917
v 0.010161773301661013 -0.030074195936322212 -0.07381744682788849
v 0.013419778086245058 -0.029103504493832588 -0.07398239523172379
v 0.013050732202827929 -0.02649187482893467 -0.07301750779151917
v 0.013419778086245058 -0.029103504493832588 -0.07398239523172379
v 0.0169428177177906 -0.030130045488476753 -0.07519969344139099
v 0.0169428177177906 -0.030130045488476753 -0.07519969344139099
v 0.017241485416889187 -0.03215295448899269 -0.07638602703809738
v 0.020007446408271786 -0.02850249595940113 -0.07534634321928024
v 0.020007446408271786 -0.02850249595940113 -0.07534634321928024
v 0.017241485416889187 -0.03215295448899269 -0.07638602703809738
v 0.020363632589578625 -0.030482785776257515 -0.07654920220375061
v 0.020007446408271786 -0.02850249595940113 -0.07534634321928024
v 0.020363632589578625 -0.030482785776257515 -0.07654920220375061
v 0.022898092865943905 -0.026589306071400642 -0.07546458393335342
v 0.022898092865943905 -0.026589306071400642 -0.07546458393335342
v 0.020363632589578625 -0.030482785776257515 -0.07654920220375061
v 0.023311290889978405 -0.028527112677693367 -0.07668899744749069
v 0.022898092865943905 -0.026589306071400642 -0.07546458393335342
v 0.023311290889978405 -0.028527112677693367 -0.07668899744749069
v 0.02559101954102516 -0.02440573461353779 -0.07555130869150162
v 0.02559101954102516 -0.02440573461353779 -0.07555130869150162
v 0.023311290889978405 -0.028527112677693367 -0.07668899744749069
v 0.026060603559017178 -0.026301788166165352 -0.07680252194404602
v 0.02559101954102516 -0.02440573461353779 -0.07555130869150162
v 0.026060603559017178 -0.026301788166165352 -0.07680252194404602
v 0.02806419879198074 -0.021969320252537727 -0.07560530304908752
v 0.02806419879198074 -0.021969320252537727 -0.07560530304908752
v 0.026060603559017178 -0.026301788166165352 -0.07680252194404602
v 0.028589431196451184 -0.023824797943234444 -0.07688858360052109
v 0.02806419879198074 -0.021969320252537727 -0.07560530304908752
v 0.028589431196451184 -0.023824797943234444 -0.07688858360052109
v 0.030297439545392987 -0.019299546256661415 -0.07562686502933502
v 0.030297439545392987 -0.019299546256661415 -0.07562686502933502
v 0.028589431196451184 -0.023824797943234444 -0.07688858360052109
v 0.030877403914928433 -0.021115856245160103 -0.07694731652736664
v 0.030297439545392987 -0.019299546256661415 -0.07562686502933502
v 0.030877403914928433 -0.021115856245160103 -0.07694731652736664
v 0.03227392584085464 -0.01641842909157276 -0.07561738044023514
v 0.03227392584085464 -0.01641842909157276 -0.07561738044023514
v 0.030877403914928433 -0.021115856245160103 -0.07694731652736664
v 0.032907076179981225 -0.01819697953760624 -0.07697991281747818
v 0.03227392584085464 -0.01641842909157276 -0.07561738044023514
v 0.032907076179981225 -0.01819697953760624 -0.07697991281747818
v 0.03397883474826812 -0.013351167552173138 -0.07557877898216248
v 0.03397883474826812 -0.013351167552173138 -0.07557877898216248
v 0.032907076179981225 -0.01819697953760624 -0.07697991281747818
v 0.03466289117932319 -0.015093105845153332 -0.07698799669742584
v 0.03397883474826812 -0.013351167552173138 -0.07557877898216248
v 0.03466289117932319 -0.015093105845153332 -0.07698799669742584
v 0.03669390082359313 -0.013384359888732433 -0.07847246527671814
v 7.627915521446481e-10 -0.03366948291659355 -0.0743318572640419
v 7.627915521446481e-10 -0.03478525951504707 -0.07487104833126068
v 0.0034966736566275354 -0.03358558937907219 -0.07447969168424606
v 0.0034966736566275354 -0.03358558937907219 -0.07447969168424606
v 7.627915521446481e-10 -0.03478525951504707 -0.07487104833126068
v 0.0035591430496424432 -0.03575827553868294 -0.07563662528991699
v 0.0034966736566275354 -0.03358558937907219 -0.07447969168424606
v 0.0035591430496424432 -0.03575827553868294 -0.07563662528991699
v 0.006974668242037295 -0.033190708607435226 -0.07465708255767822
v 0.006974668242037295 -0.033190708607435226 -0.07465708255767822
v 0.0035591430496424432 -0.03575827553868294 -0.07563662528991699
v 0.0070976177230477324 -0.035332124680280685 -0.0758180320262909
v 0.006974668242037295 -0.033190708607435226 -0.07465708255767822
v 0.0070976177230477324 -0.035332124680280685 -0.0758180320262909
v 0.010397003032267092 -0.03248154744505882 -0.07484541833400726
v 0.010397003032267092 -0.03248154744505882 -0.07484541833400726
v 0.0070976177230477324 -0.035332124680280685 -0.0758180320262909
v 0.010579203255474566 -0.034586358815431595 -0.07601170986890793
v 0.010397003032267092 -0.03248154744505882 -0.07484541833400726
v 0.010579203255474566 -0.034586358815431595 -0.07601170986890793
v 0.013729968108236788 -0.03145948424935341 -0.07503002136945724
v 0.013729968108236788 -0.03145948424935341 -0.07503002136945724
v 0.010579203255474566 -0.034586358815431595 -0.07601170986890793
v 0.01397066283971071 -0.0335242860019207 -0.07620441913604736
v 7.627915521446481e-10 -0.030181417241692543 -0.07302407175302505
v 7.627915521446481e-10 -0.03352770581841469 -0.07426879554986954
v 0.0034163228701800104 -0.031095566228032112 -0.0734817162156105
v 0.0034163228701800104 -0.031095566228032112 -0.0734817162156105
v 7.627915521446481e-10 -0.03352770581841469 -0.07426879554986954
v 0.0034966736566275354 -0.03358558937907219 -0.07447969168424606
v 0.0034163228701800104 -0.031095566228032112 -0.0734817162156105
v 0.0034966736566275354 -0.03358558937907219 -0.07447969168424606
v 0.006816015578806399 -0.0307378638535738 -0.07364530116319656
v 0.006816015578806399 -0.0307378638535738 -0.07364530116319656
v 0.0034966736566275354 -0.03358558937907219 -0.07447969168424606
v 0.006974668242037295 -0.033190708607435226 -0.07465708255767822
v 0.006816015578806399 -0.0307378638535738 -0.07364530116319656
v 0.006974668242037295 -0.033190708607435226 -0.07465708255767822
v 0.010161773301661013 -0.030074195936322212 -0.07381744682788849
v 0.010161773301661013 -0.030074195936322212 -0.07381744682788849
v 0.006974668242037295 -0.033190708607435226 -0.07465708255767822
v 0.010397003032267092 -0.03248154744505882 -0.07484541833400726
v 0.010161773301661013 -0.030074195936322212 -0.07381744682788849
v 0.010397003032267092 -0.03248154744505882 -0.07484541833400726
v 0.013419778086245058 -0.029103504493832588 -0.07398239523172379
v 0.013419778086245058 -0.029103504493832588 -0.07398239523172379
v 0.010397003032267092 -0.03248154744505882 -0.07484541833400726
v 0.013729968108236788 -0.03145948424935341 -0.07503002136945724
v 0.013419778086245058 -0.029103504493832588 -0.07398239523172379
v 0.013729968108236788 -0.03145948424935341 -0.07503002136945724
v 0.0169428177177906 -0.030130045488476753 -0.07519969344139099
v 0.0169428177177906 -0.030130045488476753 -0.07519969344139099
v 0.013729968108236788 -0.03145948424935341 -0.07503002136945724
v 0.01397066283971071 -0.0335242860019207 -0.07620441913604736
v 0.0169428177177906 -0.030130045488476753 -0.07519969344139099
v 0.01397066283971071 -0.0335242860019207 -0.07620441913604736
v 0.017241485416889187 -0.03215295448899269 -0.07638602703809738
v 0.03456763923168182 -0.003080333350226283 -0.07239781320095062
v 0.035398982465267174 -0.010125803761184216 -0.07551319897174835
v 0.03652326762676238 -0.006772796157747507 -0.0754227489233017
v 0.03652326762676238 -0.006772796157747507 -0.0754227489233017
v 0.035398982465267174 -0.010125803761184216 -0.07551319897174835
v 0.03669390082359313 -0.013384359888732433 -0.07847246527671814
v 0.03652326762676238 -0.006772796157747507 -0.0754227489233017
v 0.03669390082359313 -0.013384359888732433 -0.07847246527671814
v 0.0379083938896656 -0.009979541413486004 -0.0784776359796524
v 0.0379083938896656 -0.009979541413486004 -0.0784776359796524
v 0.03669390082359313 -0.013384359888732433 -0.07847246527671814
v 0.03706711158156394 -0.014771598391234875 -0.0800287276506424
v 0.0379083938896656 -0.009979541413486004 -0.0784776359796524
v 0.03706711158156394 -0.014771598391234875 -0.0800287276506424
v 0.03832810744643211 -0.011372107081115246 -0.08005906641483307
v 0.03832810744643211 -0.011372107081115246 -0.08005906641483307
v 0.03706711158156394 -0.014771598391234875 -0.0800287276506424
v 0.03723382949829101 -0.015984388068318367 -0.08165758848190308
v 0.03832810744643211 -0.011372107081115246 -0.08005906641483307
v 0.03723382949829101 -0.015984388068318367 -0.08165758848190308
v 0.038541544228792184 -0.012613172642886639 -0.08169558644294739
v 0.038541544228792184 -0.012613172642886639 -0.08169558644294739
v 0.03723382949829101 -0.015984388068318367 -0.08165758848190308
v 0.03718155249953269 -0.017016181722283363 -0.08337096124887466
v 0.038541544228792184 -0.012613172642886639 -0.08169558644294739
v 0.03718155249953269 -0.017016181722283363 -0.08337096124887466
v 0.03853580728173255 -0.013697276823222637 -0.08339785784482956
v 0.03853580728173255 -0.013697276823222637 -0.08339785784482956
v 0.03718155249953269 -0.017016181722283363 -0.08337096124887466
v 0.03858672082424163 -0.013858537189662457 -0.08500000834465027
v 0.03853580728173255 -0.013697276823222637 -0.08339785784482956
v 0.03858672082424163 -0.013858537189662457 -0.08500000834465027
v 0.03979910165071487 -0.009850393049418926 -0.08500000834465027
v 0.03979910165071487 -0.009850393049418926 -0.08500000834465027
v 0.03959453478455543 -0.01027368288487196 -0.08342061936855316
v 0.03853580728173255 -0.013697276823222637 -0.08339785784482956
v 0.03853580728173255 -0.013697276823222637 -0.08339785784482956
v 0.03959453478455543 -0.01027368288487196 -0.08342061936855316
v 0.0395456850528717 -0.009140546433627605 -0.08172514289617538
v 0.03853580728173255 -0.013697276823222637 -0.08339785784482956
v 0.0395456850528717 -0.009140546433627605 -0.08172514289617538
v 0.038541544228792184 -0.012613172642886639 -0.08169558644294739
v 0.038541544228792184 -0.012613172642886639 -0.08169558644294739
v 0.0395456850528717 -0.009140546433627605 -0.08172514289617538
v 0.03928079828619956 -0.007873843424022198 -0.0800769031047821
v 0.038541544228792184 -0.012613172642886639 -0.08169558644294739
v 0.03928079828619956 -0.007873843424022198 -0.0800769031047821
v 0.03832810744643211 -0.011372107081115246 -0.08005906641483307
v 0.03832810744643211 -0.011372107081115246 -0.08005906641483307
v 0.03928079828619956 -0.007873843424022198 -0.0800769031047821
v 0.0388130098581314 -0.006477894727140665 -0.07846653461456299
v 0.03832810744643211 -0.011372107081115246 -0.08005906641483307
v 0.0388130098581314 -0.006477894727140665 -0.07846653461456299
v 0.0379083938896656 -0.009979541413486004 -0.0784776359796524
v 0.0379083938896656 -0.009979541413486004 -0.0784776359796524
v 0.0388130098581314 -0.006477894727140665 -0.07846653461456299
v 0.03734315931797027 -0.003324660239741206 -0.07530920952558517
v 0.0379083938896656 -0.009979541413486004 -0.0784776359796524
v 0.03734315931797027 -0.003324660239741206 -0.07530920952558517
v 0.03652326762676238 -0.006772796157747507 -0.0754227489233017
v 0.03652326762676238 -0.006772796157747507 -0.0754227489233017
v 0.03734315931797027 -0.003324660239741206 -0.07530920952558517
v 0.0353206880390644 0.0002480980765540153 -0.07213747501373291
v 0.03652326762676238 -0.006772796157747507 -0.0754227489233017
v 0.0353206880390644 0.0002480980765540153 -0.07213747501373291
v 0.03456763923168182 -0.003080333350226283 -0.07239781320095062
v -6.687788989268028e-09 -0.03815726563334465 -0.0772860199213028
v -6.687788989268028e-09 -0.039159711450338364 -0.07848329842090607
v 0.003601182950660586 -0.03757862374186516 -0.07700011879205704
v 0.003601182950660586 -0.03757862374186516 -0.07700011879205704
v -6.687788989268028e-09 -0.039159711450338364 -0.07848329842090607
v 0.003620587987825274 -0.0390174426138401 -0.07861264050006866
v 0.003601182950660586 -0.03757862374186516 -0.07700011879205704
v 0.003620587987825274 -0.0390174426138401 -0.07861264050006866
v 0.0071798721328377715 -0.037128474563360214 -0.07717370241880417
v 0.0071798721328377715 -0.037128474563360214 -0.07717370241880417
v 0.003620587987825274 -0.0390174426138401 -0.07861264050006866
v 0.0072171399369835845 -0.03855166211724281 -0.07876475900411606
v 0.0071798721328377715 -0.037128474563360214 -0.07717370241880417
v 0.0072171399369835845 -0.03855166211724281 -0.07876475900411606
v 0.010701061226427553 -0.03635640814900398 -0.07735970616340637
v 0.010701061226427553 -0.03635640814900398 -0.07735970616340637
v 0.0072171399369835845 -0.03855166211724281 -0.07876475900411606
v 0.010756281204521654 -0.0377647690474987 -0.0789281353354454
v 0.010701061226427553 -0.03635640814900398 -0.07735970616340637
v 0.010756281204521654 -0.0377647690474987 -0.0789281353354454
v 0.014132340438663958 -0.0352671779692173 -0.07754670083522797
v 0.014132340438663958 -0.0352671779692173 -0.07754670083522797
v 0.010756281204521654 -0.0377647690474987 -0.0789281353354454
v 0.014206805266439913 -0.03666247799992561 -0.07909363508224487
v 0.014132340438663958 -0.0352671779692173 -0.07754670083522797
v 0.014206805266439913 -0.03666247799992561 -0.07909363508224487
v 0.017443727701902386 -0.03386889770627022 -0.07772597670555115
v 0.017443727701902386 -0.03386889770627022 -0.07772597670555115
v 0.014206805266439913 -0.03666247799992561 -0.07909363508224487
v 0.017539549618959423 -0.03525351360440254 -0.07925423234701157
v 0.017443727701902386 -0.03386889770627022 -0.07772597670555115
v 0.017539549618959423 -0.03525351360440254 -0.07925423234701157
v 0.020607482641935345 -0.032172735780477524 -0.07789114117622375
v 0.020607482641935345 -0.032172735780477524 -0.07789114117622375
v 0.017539549618959423 -0.03525351360440254 -0.07925423234701157
v 0.020727302879095074 -0.03354933485388756 -0.0794047936797142
v 0.020607482641935345 -0.032172735780477524 -0.07789114117622375
v 0.020727302879095074 -0.03354933485388756 -0.0794047936797142
v 0.023597918450832363 -0.030192481353878975 -0.07803788781166077
v 0.023597918450832363 -0.030192481353878975 -0.07803788781166077
v 0.020727302879095074 -0.03354933485388756 -0.0794047936797142
v 0.023744683712720868 -0.03156384453177452 -0.07954180985689163
v 0.023597918450832363 -0.030192481353878975 -0.07803788781166077
v 0.023744683712720868 -0.03156384453177452 -0.07954180985689163
v 0.026391211897134777 -0.027944283559918404 -0.07816365361213684
v 0.026391211897134777 -0.027944283559918404 -0.07816365361213684
v 0.023744683712720868 -0.03156384453177452 -0.07954180985689163
v 0.026568051427602764 -0.029313119128346443 -0.07966316491365433
v 0.026391211897134777 -0.027944283559918404 -0.07816365361213684
v 0.026568051427602764 -0.029313119128346443 -0.07966316491365433
v 0.028965227305889126 -0.02544623799622059 -0.07826731353998184
v 0.028965227305889126 -0.02544623799622059 -0.07826731353998184
v 0.026568051427602764 -0.029313119128346443 -0.07966316491365433
v 0.029175389558076855 -0.026815103366971016 -0.07976789027452469
v 0.028965227305889126 -0.02544623799622059 -0.07826731353998184
v 0.029175389558076855 -0.026815103366971016 -0.07976789027452469
v 0.03129953518509864 -0.022718103602528572 -0.07834891229867935
v 0.03129953518509864 -0.022718103602528572 -0.07834891229867935
v 0.029175389558076855 -0.026815103366971016 -0.07976789027452469
v 0.031546328216791146 -0.024089345708489418 -0.07985596358776093
v 0.03129953518509864 -0.022718103602528572 -0.07834891229867935
v 0.031546328216791146 -0.024089345708489418 -0.07985596358776093
v 0.03337620943784713 -0.019781673327088356 -0.07840941101312637
v 0.03337620943784713 -0.019781673327088356 -0.07840941101312637
v 0.031546328216791146 -0.024089345708489418 -0.07985596358776093
v 0.033662628382444375 -0.02115725912153721 -0.07992812246084213
v 0.03337620943784713 -0.019781673327088356 -0.07840941101312637
v 0.033662628382444375 -0.02115725912153721 -0.07992812246084213
v 0.03517911583185195 -0.01666143722832203 -0.07845013588666916
v 0.03517911583185195 -0.01666143722832203 -0.07845013588666916
v 0.033662628382444375 -0.02115725912153721 -0.07992812246084213
v 0.03550778329372405 -0.01804264821112156 -0.0799853727221489
v 7.627915521446481e-10 -0.04000009223818779 -0.07993850111961365
v 8.213372204579626e-09 -0.040819574147462845 -0.08266523480415344
v 0.0036155737470835443 -0.040051620453596115 -0.08050984144210815
v 0.0036155737470835443 -0.040051620453596115 -0.08050984144210815
v 8.213372204579626e-09 -0.040819574147462845 -0.08266523480415344
v 0.0035848140250891443 -0.04066446051001549 -0.0827188566327095
v 0.0036155737470835443 -0.040051620453596115 -0.08050984144210815
v 0.0035848140250891443 -0.04066446051001549 -0.0827188566327095
v 0.007205919362604617 -0.03957945480942726 -0.08062531799077988
v 0.007205919362604617 -0.03957945480942726 -0.08062531799077988
v 0.0035848140250891443 -0.04066446051001549 -0.0827188566327095
v 0.007143625058233737 -0.04019579663872719 -0.08278138935565948
v 0.007205919362604617 -0.03957945480942726 -0.08062531799077988
v 0.007143625058233737 -0.04019579663872719 -0.08278138935565948
v 0.010739744640886782 -0.038790155202150345 -0.08074955642223358
v 0.010739744640886782 -0.038790155202150345 -0.08074955642223358
v 0.007143625058233737 -0.04019579663872719 -0.08278138935565948
v 0.010647659189999102 -0.03941715881228447 -0.08284874260425568
v 0.010739744640886782 -0.038790155202150345 -0.08074955642223358
v 0.010647659189999102 -0.03941715881228447 -0.08284874260425568
v 0.014187396503984926 -0.03768988326191902 -0.08087610453367233
v 0.014187396503984926 -0.03768988326191902 -0.08087610453367233
v 0.010647659189999102 -0.03941715881228447 -0.08284874260425568
v 0.014069174416363238 -0.038334693759679794 -0.08291764557361603
v 0.014187396503984926 -0.03768988326191902 -0.08087610453367233
v 0.014069174416363238 -0.038334693759679794 -0.08291764557361603
v 0.017520826309919354 -0.03628750517964363 -0.08100001513957977
v 0.017520826309919354 -0.03628750517964363 -0.08100001513957977
v 0.014069174416363238 -0.038334693759679794 -0.08291764557361603
v 0.01738151907920837 -0.036956947296857834 -0.08298557996749878
v 0.017520826309919354 -0.03628750517964363 -0.08100001513957977
v 0.01738151907920837 -0.036956947296857834 -0.08298557996749878
v 0.020713571459054943 -0.03459438309073448 -0.081117644906044
v 0.020713571459054943 -0.03459438309073448 -0.081117644906044
v 0.01738151907920837 -0.036956947296857834 -0.08298557996749878
v 0.020559232681989666 -0.035294730216264725 -0.0830506756901741
v 0.020713571459054943 -0.03459438309073448 -0.081117644906044
v 0.020559232681989666 -0.035294730216264725 -0.0830506756901741
v 0.023740760982036587 -0.032624129205942154 -0.08122650533914566
v 0.023740760982036587 -0.032624129205942154 -0.08122650533914566
v 0.020559232681989666 -0.035294730216264725 -0.0830506756901741
v 0.02357811853289604 -0.033361006528139114 -0.08311165869235992
v 0.023740760982036587 -0.032624129205942154 -0.08122650533914566
v 0.02357811853289604 -0.033361006528139114 -0.08311165869235992
v 0.026579067111015316 -0.03039241023361683 -0.08132506161928177
v 0.026579067111015316 -0.03039241023361683 -0.08132506161928177
v 0.02357811853289604 -0.033361006528139114 -0.08311165869235992
v 0.026415318250656124 -0.031170697882771492 -0.08316773176193237
v 0.026579067111015316 -0.03039241023361683 -0.08132506161928177
v 0.026415318250656124 -0.031170697882771492 -0.08316773176193237
v 0.02920671552419662 -0.027916738763451576 -0.08141259849071503
v 0.02920671552419662 -0.027916738763451576 -0.08141259849071503
v 0.026415318250656124 -0.031170697882771492 -0.08316773176193237
v 0.029049400240182873 -0.028740571811795235 -0.08321850746870041
v 0.02920671552419662 -0.027916738763451576 -0.08141259849071503
v 0.029049400240182873 -0.028740571811795235 -0.08321850746870041
v 0.03160350769758224 -0.025216223672032356 -0.08148904889822006
v 0.03160350769758224 -0.025216223672032356 -0.08148904889822006
v 0.029049400240182873 -0.028740571811795235 -0.08321850746870041
v 0.0314604602754116 -0.026089096441864967 -0.08326394110918045
v 0.03160350769758224 -0.025216223672032356 -0.08148904889822006
v 0.0314604602754116 -0.026089096441864967 -0.08326394110918045
v 0.033751081675291054 -0.022311696782708168 -0.08155491203069687
v 0.033751081675291054 -0.022311696782708168 -0.08155491203069687
v 0.0314604602754116 -0.026089096441864967 -0.08326394110918045
v 0.03363022953271865 -0.0232363510876894 -0.0833042785525322
v 0.033751081675291054 -0.022311696782708168 -0.08155491203069687
v 0.03363022953271865 -0.0232363510876894 -0.0833042785525322
v 0.03563278913497924 -0.019226113334298134 -0.08161087334156036
v 0.03563278913497924 -0.019226113334298134 -0.08161087334156036
v 0.03363022953271865 -0.0232363510876894 -0.0833042785525322
v 0.03554215282201766 -0.020204195752739906 -0.08333984762430191
v -6.687788989268028e-09 -0.039159711450338364 -0.07848329842090607
v 7.627915521446481e-10 -0.04000009223818779 -0.07993850111961365
v 0.003620587987825274 -0.0390174426138401 -0.07861264050006866
v 0.003620587987825274 -0.0390174426138401 -0.07861264050006866
v 7.627915521446481e-10 -0.04000009223818779 -0.07993850111961365
v 0.0036155737470835443 -0.040051620453596115 -0.08050984144210815
v 0.003620587987825274 -0.0390174426138401 -0.07861264050006866
v 0.0036155737470835443 -0.040051620453596115 -0.08050984144210815
v 0.0072171399369835845 -0.03855166211724281 -0.07876475900411606
v 0.0072171399369835845 -0.03855166211724281 -0.07876475900411606
v 0.0036155737470835443 -0.040051620453596115 -0.08050984144210815
v 0.007205919362604617 -0.03957945480942726 -0.08062531799077988
v 0.0072171399369835845 -0.03855166211724281 -0.07876475900411606
v 0.007205919362604617 -0.03957945480942726 -0.08062531799077988
v 0.010756281204521654 -0.0377647690474987 -0.0789281353354454
v 0.010756281204521654 -0.0377647690474987 -0.0789281353354454
v 0.007205919362604617 -0.03957945480942726 -0.08062531799077988
v 0.010739744640886782 -0.038790155202150345 -0.08074955642223358
v 0.010756281204521654 -0.0377647690474987 -0.0789281353354454
v 0.010739744640886782 -0.038790155202150345 -0.08074955642223358
v 0.014206805266439913 -0.03666247799992561 -0.07909363508224487
v 0.014206805266439913 -0.03666247799992561 -0.07909363508224487
v 0.010739744640886782 -0.038790155202150345 -0.08074955642223358
v 0.014187396503984926 -0.03768988326191902 -0.08087610453367233
v 0.014206805266439913 -0.03666247799992561 -0.07909363508224487
v 0.014187396503984926 -0.03768988326191902 -0.08087610453367233
v 0.017539549618959423 -0.03525351360440254 -0.07925423234701157
v 0.017539549618959423 -0.03525351360440254 -0.07925423234701157
v 0.014187396503984926 -0.03768988326191902 -0.08087610453367233
v 0.017520826309919354 -0.03628750517964363 -0.08100001513957977
v 0.017539549618959423 -0.03525351360440254 -0.07925423234701157
v 0.017520826309919354 -0.03628750517964363 -0.08100001513957977
v 0.020727302879095074 -0.03354933485388756 -0.0794047936797142
v 0.020727302879095074 -0.03354933485388756 -0.0794047936797142
v 0.017520826309919354 -0.03628750517964363 -0.08100001513957977
v 0.020713571459054943 -0.03459438309073448 -0.081117644906044
v 0.020727302879095074 -0.03354933485388756 -0.0794047936797142
v 0.020713571459054943 -0.03459438309073448 -0.081117644906044
v 0.023744683712720868 -0.03156384453177452 -0.07954180985689163
v 0.023744683712720868 -0.03156384453177452 -0.07954180985689163
v 0.020713571459054943 -0.03459438309073448 -0.081117644906044
v 0.023740760982036587 -0.032624129205942154 -0.08122650533914566
v 0.023744683712720868 -0.03156384453177452 -0.07954180985689163
v 0.023740760982036587 -0.032624129205942154 -0.08122650533914566
v 0.026568051427602764 -0.029313119128346443 -0.07966316491365433
v 0.026568051427602764 -0.029313119128346443 -0.07966316491365433
v 0.023740760982036587 -0.032624129205942154 -0.08122650533914566
v 0.026579067111015316 -0.03039241023361683 -0.08132506161928177
v 0.026568051427602764 -0.029313119128346443 -0.07966316491365433
v 0.026579067111015316 -0.03039241023361683 -0.08132506161928177
v 0.029175389558076855 -0.026815103366971016 -0.07976789027452469
v 0.029175389558076855 -0.026815103366971016 -0.07976789027452469
v 0.026579067111015316 -0.03039241023361683 -0.08132506161928177
v 0.02920671552419662 -0.027916738763451576 -0.08141259849071503
v 0.029175389558076855 -0.026815103366971016 -0.07976789027452469
v 0.02920671552419662 -0.027916738763451576 -0.08141259849071503
v 0.031546328216791146 -0.024089345708489418 -0.07985596358776093
v 0.031546328216791146 -0.024089345708489418 -0.07985596358776093
v 0.02920671552419662 -0.027916738763451576 -0.08141259849071503
v 0.03160350769758224 -0.025216223672032356 -0.08148904889822006
v 0.031546328216791146 -0.024089345708489418 -0.07985596358776093
v 0.03160350769758224 -0.025216223672032356 -0.08148904889822006
v 0.033662628382444375 -0.02115725912153721 -0.07992812246084213
v 0.033662628382444375 -0.02115725912153721 -0.07992812246084213
v 0.03160350769758224 -0.025216223672032356 -0.08148904889822006
v 0.033751081675291054 -0.022311696782708168 -0.08155491203069687
v 0.033662628382444375 -0.02115725912153721 -0.07992812246084213
v 0.033751081675291054 -0.022311696782708168 -0.08155491203069687
v 0.03550778329372405 -0.01804264821112156 -0.0799853727221489
v 0.03550778329372405 -0.01804264821112156 -0.0799853727221489
v 0.033751081675291054 -0.022311696782708168 -0.08155491203069687
v 0.03563278913497924 -0.019226113334298134 -0.08161087334156036
v 7.627915521446481e-10 -0.035865668207407 -0.07548423111438751
v -6.687788989268028e-09 -0.03758649155497551 -0.07674703747034073
v 0.0035591430496424432 -0.03575827553868294 -0.07563662528991699
v 0.0035591430496424432 -0.03575827553868294 -0.07563662528991699
v -6.687788989268028e-09 -0.03758649155497551 -0.07674703747034073
v 0.003601182950660586 -0.03757862374186516 -0.07700011879205704
v 0.0035591430496424432 -0.03575827553868294 -0.07563662528991699
v 0.003601182950660586 -0.03757862374186516 -0.07700011879205704
v 0.0070976177230477324 -0.035332124680280685 -0.0758180320262909
v 0.0070976177230477324 -0.035332124680280685 -0.0758180320262909
v 0.003601182950660586 -0.03757862374186516 -0.07700011879205704
v 0.0071798721328377715 -0.037128474563360214 -0.07717370241880417
v 0.0070976177230477324 -0.035332124680280685 -0.0758180320262909
v 0.0071798721328377715 -0.037128474563360214 -0.07717370241880417
v 0.010579203255474566 -0.034586358815431595 -0.07601170986890793
v 0.010579203255474566 -0.034586358815431595 -0.07601170986890793
v 0.0071798721328377715 -0.037128474563360214 -0.07717370241880417
v 0.010701061226427553 -0.03635640814900398 -0.07735970616340637
v 0.010579203255474566 -0.034586358815431595 -0.07601170986890793
v 0.010701061226427553 -0.03635640814900398 -0.07735970616340637
v 0.01397066283971071 -0.0335242860019207 -0.07620441913604736
v 0.01397066283971071 -0.0335242860019207 -0.07620441913604736
v 0.010701061226427553 -0.03635640814900398 -0.07735970616340637
v 0.014132340438663958 -0.0352671779692173 -0.07754670083522797
v 0.01397066283971071 -0.0335242860019207 -0.07620441913604736
v 0.014132340438663958 -0.0352671779692173 -0.07754670083522797
v 0.017241485416889187 -0.03215295448899269 -0.07638602703809738
v 0.017241485416889187 -0.03215295448899269 -0.07638602703809738
v 0.014132340438663958 -0.0352671779692173 -0.07754670083522797
v 0.017443727701902386 -0.03386889770627022 -0.07772597670555115
v 0.017241485416889187 -0.03215295448899269 -0.07638602703809738
v 0.017443727701902386 -0.03386889770627022 -0.07772597670555115
v 0.020363632589578625 -0.030482785776257515 -0.07654920220375061
v 0.020363632589578625 -0.030482785776257515 -0.07654920220375061
v 0.017443727701902386 -0.03386889770627022 -0.07772597670555115
v 0.020607482641935345 -0.032172735780477524 -0.07789114117622375
v 0.020363632589578625 -0.030482785776257515 -0.07654920220375061
v 0.020607482641935345 -0.032172735780477524 -0.07789114117622375
v 0.023311290889978405 -0.028527112677693367 -0.07668899744749069
v 0.023311290889978405 -0.028527112677693367 -0.07668899744749069
v 0.020607482641935345 -0.032172735780477524 -0.07789114117622375
v 0.023597918450832363 -0.030192481353878975 -0.07803788781166077
v 0.023311290889978405 -0.028527112677693367 -0.07668899744749069
v 0.023597918450832363 -0.030192481353878975 -0.07803788781166077
v 0.026060603559017178 -0.026301788166165352 -0.07680252194404602
v 0.026060603559017178 -0.026301788166165352 -0.07680252194404602
v 0.023597918450832363 -0.030192481353878975 -0.07803788781166077
v 0.026391211897134777 -0.027944283559918404 -0.07816365361213684
v 0.026060603559017178 -0.026301788166165352 -0.07680252194404602
v 0.026391211897134777 -0.027944283559918404 -0.07816365361213684
v 0.028589431196451184 -0.023824797943234444 -0.07688858360052109
v 0.028589431196451184 -0.023824797943234444 -0.07688858360052109
v 0.026391211897134777 -0.027944283559918404 -0.07816365361213684
v 0.028965227305889126 -0.02544623799622059 -0.07826731353998184
v 0.028589431196451184 -0.023824797943234444 -0.07688858360052109
v 0.028965227305889126 -0.02544623799622059 -0.07826731353998184
v 0.030877403914928433 -0.021115856245160103 -0.07694731652736664
v 0.030877403914928433 -0.021115856245160103 -0.07694731652736664
v 0.028965227305889126 -0.02544623799622059 -0.07826731353998184
v 0.03129953518509864 -0.022718103602528572 -0.07834891229867935
v 0.030877403914928433 -0.021115856245160103 -0.07694731652736664
v 0.03129953518509864 -0.022718103602528572 -0.07834891229867935
v 0.032907076179981225 -0.01819697953760624 -0.07697991281747818
v 0.032907076179981225 -0.01819697953760624 -0.07697991281747818
v 0.03129953518509864 -0.022718103602528572 -0.07834891229867935
v 0.03337620943784713 -0.019781673327088356 -0.07840941101312637
v 0.032907076179981225 -0.01819697953760624 -0.07697991281747818
v 0.03337620943784713 -0.019781673327088356 -0.07840941101312637
v 0.03466289117932319 -0.015093105845153332 -0.07698799669742584
v 0.03466289117932319 -0.015093105845153332 -0.07698799669742584
v 0.03337620943784713 -0.019781673327088356 -0.07840941101312637
v 0.03517911583185195 -0.01666143722832203 -0.07845013588666916
v 0.03466289117932319 -0.015093105845153332 -0.07698799669742584
v 0.03517911583185195 -0.01666143722832203 -0.07845013588666916
v 0.03669390082359313 -0.013384359888732433 -0.07847246527671814
v 0.03669390082359313 -0.013384359888732433 -0.07847246527671814
v 0.03517911583185195 -0.01666143722832203 -0.07845013588666916
v 0.03550778329372405 -0.01804264821112156 -0.0799853727221489
v 0.03669390082359313 -0.013384359888732433 -0.07847246527671814
v 0.03550778329372405 -0.01804264821112156 -0.0799853727221489
v 0.03706711158156394 -0.014771598391234875 -0.0800287276506424
v 0.03706711158156394 -0.014771598391234875 -0.0800287276506424
v 0.03550778329372405 -0.01804264821112156 -0.0799853727221489
v 0.03563278913497924 -0.019226113334298134 -0.08161087334156036
v 0.03706711158156394 -0.014771598391234875 -0.0800287276506424
v 0.03563278913497924 -0.019226113334298134 -0.08161087334156036
v 0.03723382949829101 -0.015984388068318367 -0.08165758848190308
v 0.03723382949829101 -0.015984388068318367 -0.08165758848190308
v 0.03563278913497924 -0.019226113334298134 -0.08161087334156036
v 0.03554215282201766 -0.020204195752739906 -0.08333984762430191
v 0.03723382949829101 -0.015984388068318367 -0.08165758848190308
v 0.03554215282201766 -0.020204195752739906 -0.08333984762430191
v 0.03718155249953269 -0.017016181722283363 -0.08337096124887466
v 0.03718155249953269 -0.017016181722283363 -0.08337096124887466
v 0.03554215282201766 -0.020204195752739906 -0.08333984762430191
v 0.03697194904088973 -0.017722005024552345 -0.08500000834465027
v 0.03718155249953269 -0.017016181722283363 -0.08337096124887466
v 0.03697194904088973 -0.017722005024552345 -0.08500000834465027
v 0.03858672082424163 -0.013858537189662457 -0.08500000834465027
v 0.027081016451120373 0.01902145706117153 -0.05628585070371628
v 0.02687926962971687 0.017851291224360466 -0.05667134374380112
v 0.028807725757360455 0.015212261117994785 -0.060605488717556
v 0.028807725757360455 0.015212261117994785 -0.060605488717556
v 0.02687926962971687 0.017851291224360466 -0.05667134374380112
v 0.026600018143653866 0.016506286337971687 -0.05711442977190018
v 0.028807725757360455 0.015212261117994785 -0.060605488717556
v 0.026600018143653866 0.016506286337971687 -0.05711442977190018
v 0.02658376097679138 0.016435040161013603 -0.05713789910078049
v 0.026731591671705243 0.006860812660306692 -0.0628630742430687
v 0.027638703584671017 0.009532996453344822 -0.062149710953235626
v 0.02544600889086723 0.01253452617675066 -0.058422841131687164
v 0.02833195403218269 0.012327504344284534 -0.06139450520277023
v 0.026545822620391842 0.016271302476525307 -0.057191841304302216
v 0.027638703584671017 0.009532996453344822 -0.062149710953235626
v 0.027638703584671017 0.009532996453344822 -0.062149710953235626
v 0.026545822620391842 0.016271302476525307 -0.057191841304302216
v 0.02581720799207687 0.013628718443214893 -0.05806238204240799
v 0.027638703584671017 0.009532996453344822 -0.062149710953235626
v 0.02581720799207687 0.013628718443214893 -0.05806238204240799
v 0.02544600889086723 0.01253452617675066 -0.058422841131687164
v 0.03055770322680473 0.008219842799007893 -0.06526994705200195
v 0.028807725757360455 0.015212261117994785 -0.060605488717556
v 0.02833195403218269 0.012327504344284534 -0.06139450520277023
v 0.02833195403218269 0.012327504344284534 -0.06139450520277023
v 0.028807725757360455 0.015212261117994785 -0.060605488717556
v 0.02658376097679138 0.016435040161013603 -0.05713789910078049
v 0.02833195403218269 0.012327504344284534 -0.06139450520277023
v 0.02658376097679138 0.016435040161013603 -0.05713789910078049
v 0.026545822620391842 0.016271302476525307 -0.057191841304302216
v 0.02544600889086723 0.01253452617675066 -0.058422841131687164
v 0.024899631738662716 0.01112405676394701 -0.058887504041194916
v 0.026731591671705243 0.006860812660306692 -0.0628630742430687
v 0.026731591671705243 0.006860812660306692 -0.0628630742430687
v 0.024899631738662716 0.01112405676394701 -0.058887504041194916
v 0.024699401110410687 0.01065471488982439 -0.05904211848974228
v 0.026731591671705243 0.006860812660306692 -0.0628630742430687
v 0.024699401110410687 0.01065471488982439 -0.05904211848974228
v 0.025615755468606945 0.004340758081525564 -0.06352704018354416
v 0.025615755468606945 0.004340758081525564 -0.06352704018354416
v 0.024699401110410687 0.01065471488982439 -0.05904211848974228
v 0.023950856178998944 0.009076599963009357 -0.059561990201473236
v 0.025615755468606945 0.004340758081525564 -0.06352704018354416
v 0.023950856178998944 0.009076599963009357 -0.059561990201473236
v 0.02429772168397903 0.001999796601012349 -0.06413479894399643
v 0.023950856178998944 0.009076599963009357 -0.059561990201473236
v 0.022034779191017147 0.005933584179729223 -0.060597412288188934
v 0.02429772168397903 0.001999796601012349 -0.06413479894399643
v 0.02429772168397903 0.001999796601012349 -0.06413479894399643
v 0.022034779191017147 0.005933584179729223 -0.060597412288188934
v 0.02173689007759094 0.005529867019504309 -0.060730405151844025
v 0.02429772168397903 0.001999796601012349 -0.06413479894399643
v 0.02173689007759094 0.005529867019504309 -0.060730405151844025
v 0.022785272449254986 -0.00013854609278496355 -0.0646805390715599
v 0.01883076503872871 0.0024051156360656023 -0.061759792268276215
v 0.017648030072450634 0.0014600728172808886 -0.062071122229099274
v 0.018427390605211254 -0.0010458442848175764 -0.06388884037733078
v 0.018427390605211254 -0.0010458442848175764 -0.06388884037733078
v 0.017648030072450634 0.0014600728172808886 -0.062071122229099274
v 0.017085462808609005 0.0010624986607581377 -0.062202088534832
v 0.018427390605211254 -0.0010458442848175764 -0.06388884037733078
v 0.017085462808609005 0.0010624986607581377 -0.062202088534832
v 0.01647018268704414 -0.002374130068346858 -0.06426618248224258
v 0.017085462808609005 0.0010624986607581377 -0.062202088534832
v 0.014789083041250704 -0.0002679254102986306 -0.06264037638902664
v 0.01647018268704414 -0.002374130068346858 -0.06426618248224258
v 0.01647018268704414 -0.002374130068346858 -0.06426618248224258
v 0.014789083041250704 -0.0002679254102986306 -0.06264037638902664
v 0.014662475325167177 -0.0003291542816441506 -0.06266055256128311
v 0.01647018268704414 -0.002374130068346858 -0.06426618248224258
v 0.014662475325167177 -0.0003291542816441506 -0.06266055256128311
v 0.014378854073584078 -0.00345631199888885 -0.06456819921731949
v 0.014378854073584078 -0.00345631199888885 -0.06456819921731949
v 0.014662475325167177 -0.0003291542816441506 -0.06266055256128311
v 0.01381361950188875 -0.0007108177524060011 -0.0627862736582756
v 0.014378854073584078 -0.00345631199888885 -0.06456819921731949
v 0.01381361950188875 -0.0007108177524060011 -0.0627862736582756
v 0.012169186957180498 -0.004297147039324045 -0.06479761749505997
v 0.012169186957180498 -0.004297147039324045 -0.06479761749505997
v 0.01381361950188875 -0.0007108177524060011 -0.0627862736582756
v 0.010240704752504824 -0.0018476720433682203 -0.06316079944372177
v 0.012169186957180498 -0.004297147039324045 -0.06479761749505997
v 0.010240704752504824 -0.0018476720433682203 -0.06316079944372177
v 0.0098583223298192 -0.004908385220915079 -0.06495978683233261
v 0.010240704752504824 -0.0018476720433682203 -0.06316079944372177
v 0.0076220864430069915 -0.0023053500335663557 -0.06331156939268112
v 0.0098583223298192 -0.004908385220915079 -0.06495978683233261
v 0.0098583223298192 -0.004908385220915079 -0.06495978683233261
v 0.0076220864430069915 -0.0023053500335663557 -0.06331156939268112
v 0.0050690034404397 -0.0025353680830448866 -0.06338734179735184
v 0.0098583223298192 -0.004908385220915079 -0.06495978683233261
v 0.0050690034404397 -0.0025353680830448866 -0.06338734179735184
v 0.0050090672448277465 -0.005528012756258249 -0.06511875241994858
v 0.0050090672448277465 -0.005528012756258249 -0.06511875241994858
v 0.0050690034404397 -0.0025353680830448866 -0.06338734179735184
v 7.627915521446481e-10 -0.002634326694533229 -0.0634199008345604
v 0.0050090672448277465 -0.005528012756258249 -0.06511875241994858
v 7.627915521446481e-10 -0.002634326694533229 -0.0634199008345604
v 7.627915521446481e-10 -0.005574109498411417 -0.06515132635831833
v 0.02173689007759094 0.005529867019504309 -0.060730405151844025
v 0.021075826138257977 0.004697704222053289 -0.06100454181432724
v 0.022785272449254986 -0.00013854609278496355 -0.0646805390715599
v 0.022785272449254986 -0.00013854609278496355 -0.0646805390715599
v 0.021075826138257977 0.004697704222053289 -0.06100454181432724
v 0.02007435634732246 0.0035833839792758226 -0.06137163192033768
v 0.022785272449254986 -0.00013854609278496355 -0.0646805390715599
v 0.02007435634732246 0.0035833839792758226 -0.06137163192033768
v 0.021087303757667538 -0.0020547646563500166 -0.06515972316265106
v 0.021087303757667538 -0.0020547646563500166 -0.06515972316265106
v 0.02007435634732246 0.0035833839792758226 -0.06137163192033768
v 0.01883076503872871 0.0024051156360656023 -0.061759792268276215
v 0.021087303757667538 -0.0020547646563500166 -0.06515972316265106
v 0.01883076503872871 0.0024051156360656023 -0.061759792268276215
v 0.019214622676372525 -0.0037340919952839613 -0.06556922197341919
v 0.019214622676372525 -0.0037340919952839613 -0.06556922197341919
v 0.01883076503872871 0.0024051156360656023 -0.061759792268276215
v 0.018427390605211254 -0.0010458442848175764 -0.06388884037733078
v 0.019214622676372525 -0.0037340919952839613 -0.06556922197341919
v 0.018427390605211254 -0.0010458442848175764 -0.06388884037733078
v 0.01718170568346977 -0.005167039576917887 -0.06590738892555237
v 0.01718170568346977 -0.005167039576917887 -0.06590738892555237
v 0.018427390605211254 -0.0010458442848175764 -0.06388884037733078
v 0.01647018268704414 -0.002374130068346858 -0.06426618248224258
v 0.01718170568346977 -0.005167039576917887 -0.06590738892555237
v 0.01647018268704414 -0.002374130068346858 -0.06426618248224258
v 0.015004591085016726 -0.006349253002554178 -0.06617457419633865
v 0.015004591085016726 -0.006349253002554178 -0.06617457419633865
v 0.01647018268704414 -0.002374130068346858 -0.06426618248224258
v 0.014378854073584078 -0.00345631199888885 -0.06456819921731949
v 0.015004591085016726 -0.006349253002554178 -0.06617457419633865
v 0.014378854073584078 -0.00345631199888885 -0.06456819921731949
v 0.012700580991804598 -0.007282080594450235 -0.06637351214885712
v 0.012700580991804598 -0.007282080594450235 -0.06637351214885712
v 0.014378854073584078 -0.00345631199888885 -0.06456819921731949
v 0.012169186957180498 -0.004297147039324045 -0.06479761749505997
v 0.012700580991804598 -0.007282080594450235 -0.06637351214885712
v 0.012169186957180498 -0.004297147039324045 -0.06479761749505997
v 0.010288470424711703 -0.00797321181744337 -0.06650969386100769
v 0.010288470424711703 -0.00797321181744337 -0.06650969386100769
v 0.012169186957180498 -0.004297147039324045 -0.06479761749505997
v 0.0098583223298192 -0.004908385220915079 -0.06495978683233261
v 0.010288470424711703 -0.00797321181744337 -0.06650969386100769
v 0.0098583223298192 -0.004908385220915079 -0.06495978683233261
v 0.007788782007992267 -0.008437375538051128 -0.06659163534641266
v 0.007788782007992267 -0.008437375538051128 -0.06659163534641266
v 0.0098583223298192 -0.004908385220915079 -0.06495978683233261
v 0.0050090672448277465 -0.005528012756258249 -0.06511875241994858
v 0.007788782007992267 -0.008437375538051128 -0.06659163534641266
v 0.0050090672448277465 -0.005528012756258249 -0.06511875241994858
v 0.005223979242146014 -0.008697020821273327 -0.0666312724351883
v 0.005223979242146014 -0.008697020821273327 -0.0666312724351883
v 0.0050090672448277465 -0.005528012756258249 -0.06511875241994858
v 7.627915521446481e-10 -0.005574109498411417 -0.06515132635831833
v 0.005223979242146014 -0.008697020821273327 -0.0666312724351883
v 7.627915521446481e-10 -0.005574109498411417 -0.06515132635831833
v 7.627915521446481e-10 -0.008532146923244 -0.06656309217214584
v 0.03055770322680473 0.008219842799007893 -0.06526994705200195
v 0.02833195403218269 0.012327504344284534 -0.06139450520277023
v 0.029870975762605664 0.005243030842393637 -0.06587261706590652
v 0.029870975762605664 0.005243030842393637 -0.06587261706590652
v 0.02833195403218269 0.012327504344284534 -0.06139450520277023
v 0.027638703584671017 0.009532996453344822 -0.062149710953235626
v 0.029870975762605664 0.005243030842393637 -0.06587261706590652
v 0.027638703584671017 0.009532996453344822 -0.062149710953235626
v 0.02894331887364387 0.0023763191420584917 -0.06643718481063843
v 0.02894331887364387 0.0023763191420584917 -0.06643718481063843
v 0.027638703584671017 0.009532996453344822 -0.062149710953235626
v 0.026731591671705243 0.006860812660306692 -0.0628630742430687
v 0.02894331887364387 0.0023763191420584917 -0.06643718481063843
v 0.026731591671705243 0.006860812660306692 -0.0628630742430687
v 0.027780111879110333 -0.00034879028680734336 -0.0669577345252037
v 0.027780111879110333 -0.00034879028680734336 -0.0669577345252037
v 0.026731591671705243 0.006860812660306692 -0.0628630742430687
v 0.025615755468606945 0.004340758081525564 -0.06352704018354416
v 0.027780111879110333 -0.00034879028680734336 -0.0669577345252037
v 0.025615755468606945 0.004340758081525564 -0.06352704018354416
v 0.02638842165470123 -0.0029033448081463575 -0.06742873042821884
v 0.02638842165470123 -0.0029033448081463575 -0.06742873042821884
v 0.025615755468606945 0.004340758081525564 -0.06352704018354416
v 0.02429772168397903 0.001999796601012349 -0.06413479894399643
v 0.02638842165470123 -0.0029033448081463575 -0.06742873042821884
v 0.02429772168397903 0.001999796601012349 -0.06413479894399643
v 0.024776741862297055 -0.00526149058714509 -0.06784535944461823
v 0.024776741862297055 -0.00526149058714509 -0.06784535944461823
v 0.02429772168397903 0.001999796601012349 -0.06413479894399643
v 0.022785272449254986 -0.00013854609278496355 -0.0646805390715599
v 0.024776741862297055 -0.00526149058714509 -0.06784535944461823
v 0.022785272449254986 -0.00013854609278496355 -0.0646805390715599
v 0.02295473590493202 -0.007401029113680124 -0.06820380687713623
v 0.02295473590493202 -0.007401029113680124 -0.06820380687713623
v 0.022785272449254986 -0.00013854609278496355 -0.0646805390715599
v 0.021087303757667538 -0.0020547646563500166 -0.06515972316265106
v 0.02295473590493202 -0.007401029113680124 -0.06820380687713623
v 0.021087303757667538 -0.0020547646563500166 -0.06515972316265106
v 0.020934317260980603 -0.009304086677730083 -0.06850139796733856
v 0.020934317260980603 -0.009304086677730083 -0.06850139796733856
v 0.021087303757667538 -0.0020547646563500166 -0.06515972316265106
v 0.019214622676372525 -0.0037340919952839613 -0.06556922197341919
v 0.020934317260980603 -0.009304086677730083 -0.06850139796733856
v 0.019214622676372525 -0.0037340919952839613 -0.06556922197341919
v 0.01873216405510902 -0.010957437567412853 -0.068736732006073
v 0.01873216405510902 -0.010957437567412853 -0.068736732006073
v 0.019214622676372525 -0.0037340919952839613 -0.06556922197341919
v 0.01718170568346977 -0.005167039576917887 -0.06590738892555237
v 0.01873216405510902 -0.010957437567412853 -0.068736732006073
v 0.01718170568346977 -0.005167039576917887 -0.06590738892555237
v 0.01636673510074615 -0.012351895682513714 -0.06891031563282013
v 0.01636673510074615 -0.012351895682513714 -0.06891031563282013
v 0.01718170568346977 -0.005167039576917887 -0.06590738892555237
v 0.015004591085016726 -0.006349253002554178 -0.06617457419633865
v 0.01636673510074615 -0.012351895682513714 -0.06891031563282013
v 0.015004591085016726 -0.006349253002554178 -0.06617457419633865
v 0.013857887126505373 -0.013482789508998394 -0.06902506202459335
v 0.013857887126505373 -0.013482789508998394 -0.06902506202459335
v 0.015004591085016726 -0.006349253002554178 -0.06617457419633865
v 0.012700580991804598 -0.007282080594450235 -0.06637351214885712
v 0.013857887126505373 -0.013482789508998394 -0.06902506202459335
v 0.012700580991804598 -0.007282080594450235 -0.06637351214885712
v 0.011227221228182314 -0.014350648038089275 -0.0690867155790329
v 0.011227221228182314 -0.014350648038089275 -0.0690867155790329
v 0.012700580991804598 -0.007282080594450235 -0.06637351214885712
v 0.010288470424711703 -0.00797321181744337 -0.06650969386100769
v 0.011227221228182314 -0.014350648038089275 -0.0690867155790329
v 0.010288470424711703 -0.00797321181744337 -0.06650969386100769
v 0.008498468436300753 -0.01496188621968031 -0.06910423934459686
v 0.008498468436300753 -0.01496188621968031 -0.06910423934459686
v 0.010288470424711703 -0.00797321181744337 -0.06650969386100769
v 0.007788782007992267 -0.008437375538051128 -0.06659163534641266
v 0.008498468436300753 -0.01496188621968031 -0.06910423934459686
v 0.007788782007992267 -0.008437375538051128 -0.06659163534641266
v 0.005697806365787982 -0.01532945316284895 -0.06909029185771942
v 0.005697806365787982 -0.01532945316284895 -0.06909029185771942
v 0.007788782007992267 -0.008437375538051128 -0.06659163534641266
v 0.005223979242146014 -0.008697020821273327 -0.0666312724351883
v 0.005697806365787982 -0.01532945316284895 -0.06909029185771942
v 0.005223979242146014 -0.008697020821273327 -0.0666312724351883
v 0.0028542547952383752 -0.015473510138690472 -0.06906158477067947
v 0.0028542547952383752 -0.015473510138690472 -0.06906158477067947
v 0.005223979242146014 -0.008697020821273327 -0.0666312724351883
v 7.627915521446481e-10 -0.008532146923244 -0.06656309217214584
v 0.0028542547952383752 -0.015473510138690472 -0.06906158477067947
v 7.627915521446481e-10 -0.008532146923244 -0.06656309217214584
v 7.627915521446481e-10 -0.015422116033732891 -0.06903935968875885
v 0.027127847075462338 0.03251142427325249 -0.055636100471019745
v 0.026608228683471676 0.03403832018375397 -0.05133882910013199
v 0.028525751084089276 0.026969032362103462 -0.057277269661426544
v 0.028525751084089276 0.026969032362103462 -0.057277269661426544
v 0.026608228683471676 0.03403832018375397 -0.05133882910013199
v 0.027259204536676403 0.030284009873867035 -0.05257561057806015
v 0.028525751084089276 0.026969032362103462 -0.057277269661426544
v 0.027259204536676403 0.030284009873867035 -0.05257561057806015
v 0.02726815268397331 0.03021075949072838 -0.05259975045919418
v 0.02726815268397331 0.03021075949072838 -0.05259975045919418
v 0.027559697628021237 0.025838540866971016 -0.0540400967001915
v 0.028525751084089276 0.026969032362103462 -0.057277269661426544
v 0.028525751084089276 0.026969032362103462 -0.057277269661426544
v 0.027559697628021237 0.025838540866971016 -0.0540400967001915
v 0.027560360729694363 0.0257857833057642 -0.054057471454143524
v 0.028525751084089276 0.026969032362103462 -0.057277269661426544
v 0.027560360729694363 0.0257857833057642 -0.054057471454143524
v 0.028919722884893414 0.02406604401767254 -0.058118097484111786
v 0.028919722884893414 0.02406604401767254 -0.058118097484111786
v 0.027560360729694363 0.0257857833057642 -0.054057471454143524
v 0.027559310197830197 0.024713637307286263 -0.054410673677921295
v 0.028919722884893414 0.02406604401767254 -0.058118097484111786
v 0.027559310197830197 0.024713637307286263 -0.054410673677921295
v 0.02910075336694717 0.021116485819220543 -0.05895908921957016
v 0.02910075336694717 0.021116485819220543 -0.05895908921957016
v 0.027559310197830197 0.024713637307286263 -0.054410673677921295
v 0.027506835758686062 0.023128723725676537 -0.05493279546499252
v 0.02910075336694717 0.021116485819220543 -0.05895908921957016
v 0.027506835758686062 0.023128723725676537 -0.05493279546499252
v 0.027336608618497845 0.020972834900021553 -0.055642999708652496
v 0.028525751084089276 0.026969032362103462 -0.057277269661426544
v 0.029601771384477612 0.026460906490683556 -0.06118013709783554
v 0.027127847075462338 0.03251142427325249 -0.055636100471019745
v 0.027127847075462338 0.03251142427325249 -0.055636100471019745
v 0.029601771384477612 0.026460906490683556 -0.06118013709783554
v 0.028653487563133236 0.029253121465444565 -0.060477979481220245
v 0.027127847075462338 0.03251142427325249 -0.055636100471019745
v 0.028653487563133236 0.029253121465444565 -0.060477979481220245
v 0.026141427457332608 0.035093389451503754 -0.05485541373491287
v 0.026141427457332608 0.035093389451503754 -0.05485541373491287
v 0.028653487563133236 0.029253121465444565 -0.060477979481220245
v 0.027511451393365857 0.03189816698431969 -0.0597904697060585
v 0.026141427457332608 0.035093389451503754 -0.05485541373491287
v 0.027511451393365857 0.03189816698431969 -0.0597904697060585
v 0.024976551532745358 0.03751491382718086 -0.05411369353532791
v 0.024976551532745358 0.03751491382718086 -0.05411369353532791
v 0.027511451393365857 0.03189816698431969 -0.0597904697060585
v 0.026190511882305142 0.03437352180480957 -0.05912589281797409
v 0.024976551532745358 0.03751491382718086 -0.05411369353532791
v 0.026190511882305142 0.03437352180480957 -0.05912589281797409
v 0.02364382147789001 0.03975404053926468 -0.05341926962137222
v 0.02364382147789001 0.03975404053926468 -0.05341926962137222
v 0.026190511882305142 0.03437352180480957 -0.05912589281797409
v 0.024705678224563595 0.036660075187683105 -0.058492161333560944
v 0.02364382147789001 0.03975404053926468 -0.05341926962137222
v 0.024705678224563595 0.036660075187683105 -0.058492161333560944
v 0.022154096513986584 0.04179242253303528 -0.052779488265514374
v 0.022154096513986584 0.04179242253303528 -0.052779488265514374
v 0.024705678224563595 0.036660075187683105 -0.058492161333560944
v 0.023071579635143277 0.038742516189813614 -0.057896651327610016
v 0.022154096513986584 0.04179242253303528 -0.052779488265514374
v 0.023071579635143277 0.038742516189813614 -0.057896651327610016
v 0.02051819115877151 0.04361581429839134 -0.05220036953687668
v 0.02051819115877151 0.04361581429839134 -0.05220036953687668
v 0.023071579635143277 0.038742516189813614 -0.057896651327610016
v 0.021301921457052227 0.040609750896692276 -0.0573459193110466
v 0.02051819115877151 0.04361581429839134 -0.05220036953687668
v 0.021301921457052227 0.040609750896692276 -0.0573459193110466
v 0.018746681511402127 0.04521480202674866 -0.05168653279542923
v 0.018746681511402127 0.04521480202674866 -0.05168653279542923
v 0.021301921457052227 0.040609750896692276 -0.0573459193110466
v 0.019409038126468655 0.042255595326423645 -0.056845523416996
v 0.018746681511402127 0.04521480202674866 -0.05168653279542923
v 0.019409038126468655 0.042255595326423645 -0.056845523416996
v 0.016850061714649197 0.046586956828832626 -0.05124171823263168
v 0.016850061714649197 0.046586956828832626 -0.05124171823263168
v 0.019409038126468655 0.042255595326423645 -0.056845523416996
v 0.0174042135477066 0.04368132725358009 -0.05640072375535965
v 0.016850061714649197 0.046586956828832626 -0.05124171823263168
v 0.0174042135477066 0.04368132725358009 -0.05640072375535965
v 0.014838689006865023 0.04773546755313873 -0.05086822062730789
v 0.014838689006865023 0.04773546755313873 -0.05086822062730789
v 0.0174042135477066 0.04368132725358009 -0.05640072375535965
v 0.015297376550734041 0.0448930487036705 -0.05601552873849869
v 0.014838689006865023 0.04773546755313873 -0.05086822062730789
v 0.015297376550734041 0.0448930487036705 -0.05601552873849869
v 0.012722880579531191 0.048668038100004196 -0.05056598037481308
v 0.012722880579531191 0.048668038100004196 -0.05056598037481308
v 0.015297376550734041 0.0448930487036705 -0.05601552873849869
v 0.01309725735336542 0.0458996519446373 -0.055691637098789215
v 0.012722880579531191 0.048668038100004196 -0.05056598037481308
v 0.01309725735336542 0.0458996519446373 -0.055691637098789215
v 0.011024390347301958 0.048370543867349625 -0.05200368911027908
v 0.011024390347301958 0.048370543867349625 -0.05200368911027908
v 0.01309725735336542 0.0458996519446373 -0.055691637098789215
v 0.01143002975732088 0.04555530846118927 -0.05759041756391525
v 0.015826221555471417 0.03782232850790024 -0.08500002324581146
v 0.014739655889570711 0.03848482295870781 -0.07993984967470169
v 0.017318081110715863 0.03733722120523453 -0.08057449758052826
v 0.017318081110715863 0.03733722120523453 -0.08057449758052826
v 0.014739655889570711 0.03848482295870781 -0.07993984967470169
v 0.013696205802261828 0.03960345312952995 -0.07444556057453156
v 0.017318081110715863 0.03733722120523453 -0.08057449758052826
v 0.013696205802261828 0.03960345312952995 -0.07444556057453156
v 0.01623614132404327 0.03838082030415535 -0.07579895853996277
v 0.01623614132404327 0.03838082030415535 -0.07579895853996277
v 0.013696205802261828 0.03960345312952995 -0.07444556057453156
v 0.01278091687709093 0.04116083309054375 -0.06884370744228363
v 0.01623614132404327 0.03838082030415535 -0.07579895853996277
v 0.01278091687709093 0.04116083309054375 -0.06884370744228363
v 0.015251879580318926 0.03974226489663124 -0.07090149819850922
v 0.015251879580318926 0.03974226489663124 -0.07090149819850922
v 0.01278091687709093 0.04116083309054375 -0.06884370744228363
v 0.012019664980471132 0.04314866289496422 -0.06321056932210922
v 0.015251879580318926 0.03974226489663124 -0.07090149819850922
v 0.012019664980471132 0.04314866289496422 -0.06321056932210922
v 0.01685700193047523 0.04028143733739853 -0.06622408330440521
v 0.01685700193047523 0.04028143733739853 -0.06622408330440521
v 0.012019664980471132 0.04314866289496422 -0.06321056932210922
v 0.015981819480657574 0.04241020977497101 -0.061151884496212006
v 0.01685700193047523 0.04028143733739853 -0.06622408330440521
v 0.015981819480657574 0.04241020977497101 -0.061151884496212006
v 0.01822022348642349 0.04112859070301056 -0.06153542548418045
v 0.02139981091022491 0.03497200831770897 -0.08500002324581146
v 0.020271692425012585 0.03580112382769585 -0.08070024847984314
v 0.023101013153791424 0.034020546823740005 -0.0808311179280281
v 0.023101013153791424 0.034020546823740005 -0.0808311179280281
v 0.020271692425012585 0.03580112382769585 -0.08070024847984314
v 0.01903405040502548 0.03700300306081772 -0.0760231465101242
v 0.023101013153791424 0.034020546823740005 -0.0808311179280281
v 0.01903405040502548 0.03700300306081772 -0.0760231465101242
v 0.021732974797487255 0.03539561480283737 -0.07626079022884369
v 0.021732974797487255 0.03539561480283737 -0.07626079022884369
v 0.01903405040502548 0.03700300306081772 -0.0760231465101242
v 0.01788605749607086 0.038487691432237625 -0.07119112461805344
v 0.021732974797487255 0.03539561480283737 -0.07626079022884369
v 0.01788605749607086 0.038487691432237625 -0.07119112461805344
v 0.020435038954019543 0.0370163694024086 -0.07150500267744064
v 0.020435038954019543 0.0370163694024086 -0.07150500267744064
v 0.01788605749607086 0.038487691432237625 -0.07119112461805344
v 0.01685700193047523 0.04028143733739853 -0.06622408330440521
v 0.020435038954019543 0.0370163694024086 -0.07150500267744064
v 0.01685700193047523 0.04028143733739853 -0.06622408330440521
v 0.019247844815254208 0.03891601040959358 -0.06658551096916199
v 0.019247844815254208 0.03891601040959358 -0.06658551096916199
v 0.01685700193047523 0.04028143733739853 -0.06622408330440521
v 0.01822022348642349 0.04112859070301056 -0.06153542548418045
v 0.019247844815254208 0.03891601040959358 -0.06658551096916199
v 0.01822022348642349 0.04112859070301056 -0.06153542548418045
v 0.020365327596664425 0.03963521867990494 -0.061965055763721466
v 0.01201097760349512 0.04317693039774895 -0.06313826888799667
v 0.01143002975732088 0.04555530846118927 -0.05759041756391525
v 0.015981819480657574 0.04241020977497101 -0.061151884496212006
v 0.015981819480657574 0.04241020977497101 -0.061151884496212006
v 0.01143002975732088 0.04555530846118927 -0.05759041756391525
v 0.015297376550734041 0.0448930487036705 -0.05601552873849869
v 0.015981819480657574 0.04241020977497101 -0.061151884496212006
v 0.015297376550734041 0.0448930487036705 -0.05601552873849869
v 0.01822022348642349 0.04112859070301056 -0.06153542548418045
v 0.01822022348642349 0.04112859070301056 -0.06153542548418045
v 0.015297376550734041 0.0448930487036705 -0.05601552873849869
v 0.0174042135477066 0.04368132725358009 -0.05640072375535965
v 0.01822022348642349 0.04112859070301056 -0.06153542548418045
v 0.0174042135477066 0.04368132725358009 -0.05640072375535965
v 0.020365327596664425 0.03963521867990494 -0.061965055763721466
v 0.020365327596664425 0.03963521867990494 -0.061965055763721466
v 0.0174042135477066 0.04368132725358009 -0.05640072375535965
v 0.019409038126468655 0.042255595326423645 -0.056845523416996
v 0.020365327596664425 0.03963521867990494 -0.061965055763721466
v 0.019409038126468655 0.042255595326423645 -0.056845523416996
v 0.022406373172998425 0.03792277351021767 -0.062435396015644073
v 0.022406373172998425 0.03792277351021767 -0.062435396015644073
v 0.019409038126468655 0.042255595326423645 -0.056845523416996
v 0.021301921457052227 0.040609750896692276 -0.0573459193110466
v 0.022406373172998425 0.03792277351021767 -0.062435396015644073
v 0.021301921457052227 0.040609750896692276 -0.0573459193110466
v 0.024330295622348782 0.03598782792687416 -0.0629398450255394
v 0.024330295622348782 0.03598782792687416 -0.0629398450255394
v 0.021301921457052227 0.040609750896692276 -0.0573459193110466
v 0.023071579635143277 0.038742516189813614 -0.057896651327610016
v 0.024330295622348782 0.03598782792687416 -0.0629398450255394
v 0.023071579635143277 0.038742516189813614 -0.057896651327610016
v 0.026122320443391796 0.03383413329720497 -0.06347168236970901
v 0.026122320443391796 0.03383413329720497 -0.06347168236970901
v 0.023071579635143277 0.038742516189813614 -0.057896651327610016
v 0.024705678224563595 0.036660075187683105 -0.058492161333560944
v 0.026122320443391796 0.03383413329720497 -0.06347168236970901
v 0.024705678224563595 0.036660075187683105 -0.058492161333560944
v 0.027765579521656033 0.031470488756895065 -0.06402380019426346
v 0.027765579521656033 0.031470488756895065 -0.06402380019426346
v 0.024705678224563595 0.036660075187683105 -0.058492161333560944
v 0.026190511882305142 0.03437352180480957 -0.05912589281797409
v 0.027765579521656033 0.031470488756895065 -0.06402380019426346
v 0.026190511882305142 0.03437352180480957 -0.05912589281797409
v 0.029241755604743954 0.028910107910633087 -0.06458894163370132
v 0.029241755604743954 0.028910107910633087 -0.06458894163370132
v 0.026190511882305142 0.03437352180480957 -0.05912589281797409
v 0.027511451393365857 0.03189816698431969 -0.0597904697060585
v 0.029241755604743954 0.028910107910633087 -0.06458894163370132
v 0.027511451393365857 0.03189816698431969 -0.0597904697060585
v 0.030531857162714 0.02617030031979084 -0.06515984237194061
v 0.030531857162714 0.02617030031979084 -0.06515984237194061
v 0.027511451393365857 0.03189816698431969 -0.0597904697060585
v 0.028653487563133236 0.029253121465444565 -0.060477979481220245
v 0.030531857162714 0.02617030031979084 -0.06515984237194061
v 0.028653487563133236 0.029253121465444565 -0.060477979481220245
v 0.03161697089672088 0.023272143676877022 -0.0657295510172844
v 0.03161697089672088 0.023272143676877022 -0.0657295510172844
v 0.028653487563133236 0.029253121465444565 -0.060477979481220245
v 0.029601771384477612 0.026460906490683556 -0.06118013709783554
v 0.03161697089672088 0.023272143676877022 -0.0657295510172844
v 0.029601771384477612 0.026460906490683556 -0.06118013709783554
v 0.03247904032468795 0.02024015225470066 -0.06629162281751633
v 0.031000077724456784 0.011273250915110111 -0.06463523954153061
v 0.03341086953878402 0.007370175328105688 -0.06836697459220886
v 0.031196884810924527 0.014368277974426746 -0.06397437304258347
v 0.031196884810924527 0.014368277974426746 -0.06397437304258347
v 0.03341086953878402 0.007370175328105688 -0.06836697459220886
v 0.03357563912868499 0.010631789453327656 -0.06788057088851929
v 0.031196884810924527 0.014368277974426746 -0.06397437304258347
v 0.03357563912868499 0.010631789453327656 -0.06788057088851929
v 0.03114938363432884 0.017469054087996483 -0.06329279392957687
v 0.03114938363432884 0.017469054087996483 -0.06329279392957687
v 0.03357563912868499 0.010631789453327656 -0.06788057088851929
v 0.03347063809633254 0.013887942768633366 -0.06737102568149567
v 0.03114938363432884 0.017469054087996483 -0.06329279392957687
v 0.03347063809633254 0.013887942768633366 -0.06737102568149567
v 0.0308617390692234 0.020539650693535805 -0.062595434486866
v 0.0308617390692234 0.020539650693535805 -0.062595434486866
v 0.03347063809633254 0.013887942768633366 -0.06737102568149567
v 0.0331016182899475 0.01710195280611515 -0.06684035062789917
v 0.0308617390692234 0.020539650693535805 -0.062595434486866
v 0.0331016182899475 0.01710195280611515 -0.06684035062789917
v 0.030342157930135723 0.023547040298581123 -0.0618886724114418
v 0.030342157930135723 0.023547040298581123 -0.0618886724114418
v 0.0331016182899475 0.01710195280611515 -0.06684035062789917
v 0.03247904032468795 0.02024015225470066 -0.06629162281751633
v 0.03247904032468795 0.02024015225470066 -0.06629162281751633
v 0.029601771384477612 0.026460906490683556 -0.06118013709783554
v 0.030342157930135723 0.023547040298581123 -0.0618886724114418
v 0.030342157930135723 0.023547040298581123 -0.0618886724114418
v 0.029601771384477612 0.026460906490683556 -0.06118013709783554
v 0.028525751084089276 0.026969032362103462 -0.057277269661426544
v 0.030342157930135723 0.023547040298581123 -0.0618886724114418
v 0.028525751084089276 0.026969032362103462 -0.057277269661426544
v 0.0308617390692234 0.020539650693535805 -0.062595434486866
v 0.0308617390692234 0.020539650693535805 -0.062595434486866
v 0.028525751084089276 0.026969032362103462 -0.057277269661426544
v 0.028919722884893414 0.02406604401767254 -0.058118097484111786
v 0.0308617390692234 0.020539650693535805 -0.062595434486866
v 0.028919722884893414 0.02406604401767254 -0.058118097484111786
v 0.03114938363432884 0.017469054087996483 -0.06329279392957687
v 0.03114938363432884 0.017469054087996483 -0.06329279392957687
v 0.028919722884893414 0.02406604401767254 -0.058118097484111786
v 0.02910075336694717 0.021116485819220543 -0.05895908921957016
v 0.03114938363432884 0.017469054087996483 -0.06329279392957687
v 0.02910075336694717 0.021116485819220543 -0.05895908921957016
v 0.031196884810924527 0.014368277974426746 -0.06397437304258347
v 0.031196884810924527 0.014368277974426746 -0.06397437304258347
v 0.02910075336694717 0.021116485819220543 -0.05895908921957016
v 0.029064048081636425 0.018153531476855278 -0.05979093164205551
v 0.031196884810924527 0.014368277974426746 -0.06397437304258347
v 0.029064048081636425 0.018153531476855278 -0.05979093164205551
v 0.031000077724456784 0.011273250915110111 -0.06463523954153061
v 7.627915521446481e-10 -0.015422116033732891 -0.06903935968875885
v 7.627915521446481e-10 -0.016633043065667152 -0.06939560174942017
v 0.0028542547952383752 -0.015473510138690472 -0.06906158477067947
v 0.0028542547952383752 -0.015473510138690472 -0.06906158477067947
v 7.627915521446481e-10 -0.016633043065667152 -0.06939560174942017
v 0.003320959163829684 -0.028328636661171913 -0.07259160280227661
v 0.0028542547952383752 -0.015473510138690472 -0.06906158477067947
v 0.003320959163829684 -0.028328636661171913 -0.07259160280227661
v 0.005697806365787982 -0.01532945316284895 -0.06909029185771942
v 0.005697806365787982 -0.01532945316284895 -0.06909029185771942
v 0.003320959163829684 -0.028328636661171913 -0.07259160280227661
v 0.006627247668802737 -0.028012486174702644 -0.07273384928703308
v 0.005697806365787982 -0.01532945316284895 -0.06909029185771942
v 0.006627247668802737 -0.028012486174702644 -0.07273384928703308
v 0.008498468436300753 -0.01496188621968031 -0.06910423934459686
v 0.008498468436300753 -0.01496188621968031 -0.06910423934459686
v 0.006627247668802737 -0.028012486174702644 -0.07273384928703308
v 0.00988169852644205 -0.027401553466916084 -0.072881318628788
v 0.008498468436300753 -0.01496188621968031 -0.06910423934459686
v 0.00988169852644205 -0.027401553466916084 -0.072881318628788
v 0.011227221228182314 -0.014350648038089275 -0.0690867155790329
v 0.011227221228182314 -0.014350648038089275 -0.0690867155790329
v 0.00988169852644205 -0.027401553466916084 -0.072881318628788
v 0.013050732202827929 -0.02649187482893467 -0.07301750779151917
v 0.011227221228182314 -0.014350648038089275 -0.0690867155790329
v 0.013050732202827929 -0.02649187482893467 -0.07301750779151917
v 0.013857887126505373 -0.013482789508998394 -0.06902506202459335
v 0.013857887126505373 -0.013482789508998394 -0.06902506202459335
v 0.013050732202827929 -0.02649187482893467 -0.07301750779151917
v 0.01610399410128593 -0.02528459019958973 -0.07312990725040436
v 0.013857887126505373 -0.013482789508998394 -0.06902506202459335
v 0.01610399410128593 -0.02528459019958973 -0.07312990725040436
v 0.01636673510074615 -0.012351895682513714 -0.06891031563282013
v 0.01636673510074615 -0.012351895682513714 -0.06891031563282013
v 0.01610399410128593 -0.02528459019958973 -0.07312990725040436
v 0.01901394128799438 -0.023785362020134926 -0.07320956140756607
v 0.01636673510074615 -0.012351895682513714 -0.06891031563282013
v 0.01901394128799438 -0.023785362020134926 -0.07320956140756607
v 0.01873216405510902 -0.010957437567412853 -0.068736732006073
v 0.01873216405510902 -0.010957437567412853 -0.068736732006073
v 0.01901394128799438 -0.023785362020134926 -0.07320956140756607
v 0.02175546810030937 -0.022003808990120888 -0.07325059175491333
v 0.01873216405510902 -0.010957437567412853 -0.068736732006073
v 0.02175546810030937 -0.022003808990120888 -0.07325059175491333
v 0.020934317260980603 -0.009304086677730083 -0.06850139796733856
v 0.020934317260980603 -0.009304086677730083 -0.06850139796733856
v 0.02175546810030937 -0.022003808990120888 -0.07325059175491333
v 0.024305518716573712 -0.019952969625592232 -0.07324974238872528
v 0.020934317260980603 -0.009304086677730083 -0.06850139796733856
v 0.024305518716573712 -0.019952969625592232 -0.07324974238872528
v 0.02295473590493202 -0.007401029113680124 -0.06820380687713623
v 0.02295473590493202 -0.007401029113680124 -0.06820380687713623
v 0.024305518716573712 -0.019952969625592232 -0.07324974238872528
v 0.02664268761873245 -0.01764869876205921 -0.07320596277713776
v 0.02295473590493202 -0.007401029113680124 -0.06820380687713623
v 0.02664268761873245 -0.01764869876205921 -0.07320596277713776
v 0.024776741862297055 -0.00526149058714509 -0.06784535944461823
v 0.024776741862297055 -0.00526149058714509 -0.06784535944461823
v 0.02664268761873245 -0.01764869876205921 -0.07320596277713776
v 0.028747469186782833 -0.01510926615446806 -0.07311989367008209
v 0.024776741862297055 -0.00526149058714509 -0.06784535944461823
v 0.028747469186782833 -0.01510926615446806 -0.07311989367008209
v 0.02638842165470123 -0.0029033448081463575 -0.06742873042821884
v 0.02638842165470123 -0.0029033448081463575 -0.06742873042821884
v 0.028747469186782833 -0.01510926615446806 -0.07311989367008209
v 0.030604626983404156 -0.012356135062873363 -0.07299332320690155
v 0.02638842165470123 -0.0029033448081463575 -0.06742873042821884
v 0.030604626983404156 -0.012356135062873363 -0.07299332320690155
v 0.027780111879110333 -0.00034879028680734336 -0.0669577345252037
v 0.027780111879110333 -0.00034879028680734336 -0.0669577345252037
v 0.030604626983404156 -0.012356135062873363 -0.07299332320690155
v 0.0322011113166809 -0.009414385072886944 -0.07282877713441849
v 0.027780111879110333 -0.00034879028680734336 -0.0669577345252037
v 0.0322011113166809 -0.009414385072886944 -0.07282877713441849
v 0.02894331887364387 0.0023763191420584917 -0.06643718481063843
v 0.02894331887364387 0.0023763191420584917 -0.06643718481063843
v 0.0322011113166809 -0.009414385072886944 -0.07282877713441849
v 0.03352534025907516 -0.006312171462923288 -0.07262923568487167
v 0.02894331887364387 0.0023763191420584917 -0.06643718481063843
v 0.03352534025907516 -0.006312171462923288 -0.07262923568487167
v 0.029870975762605664 0.005243030842393637 -0.06587261706590652
v 0.029870975762605664 0.005243030842393637 -0.06587261706590652
v 0.03352534025907516 -0.006312171462923288 -0.07262923568487167
v 0.03456763923168182 -0.003080333350226283 -0.07239781320095062
v 0.029870975762605664 0.005243030842393637 -0.06587261706590652
v 0.03456763923168182 -0.003080333350226283 -0.07239781320095062
v 0.03055770322680473 0.008219842799007893 -0.06526994705200195
v 0.03055770322680473 0.008219842799007893 -0.06526994705200195
v 0.03456763923168182 -0.003080333350226283 -0.07239781320095062
v 0.0353206880390644 0.0002480980765540153 -0.07213747501373291
v 0.03055770322680473 0.008219842799007893 -0.06526994705200195
v 0.0353206880390644 0.0002480980765540153 -0.07213747501373291
v 0.03577993810176849 0.003638358088210225 -0.07185076177120209
v 0.03577993810176849 0.003638358088210225 -0.07185076177120209
v 0.0353206880390644 0.0002480980765540153 -0.07213747501373291
v 0.03734315931797027 -0.003324660239741206 -0.07530920952558517
v 0.03577993810176849 0.003638358088210225 -0.07185076177120209
v 0.03734315931797027 -0.003324660239741206 -0.07530920952558517
v 0.03785311058163642 0.00018445892783347517 -0.07517381012439728
v 0.03785311058163642 0.00018445892783347517 -0.07517381012439728
v 0.03734315931797027 -0.003324660239741206 -0.07530920952558517
v 0.0388130098581314 -0.006477894727140665 -0.07846653461456299
v 0.03785311058163642 0.00018445892783347517 -0.07517381012439728
v 0.0388130098581314 -0.006477894727140665 -0.07846653461456299
v 0.03940115123987197 -0.002911793766543269 -0.07843946665525436
v 0.03940115123987197 -0.002911793766543269 -0.07843946665525436
v 0.0388130098581314 -0.006477894727140665 -0.07846653461456299
v 0.03928079828619956 -0.007873843424022198 -0.0800769031047821
v 0.03940115123987197 -0.002911793766543269 -0.07843946665525436
v 0.03928079828619956 -0.007873843424022198 -0.0800769031047821
v 0.03991809114813804 -0.004307801369577646 -0.08008229732513428
v 0.03991809114813804 -0.004307801369577646 -0.08008229732513428
v 0.03928079828619956 -0.007873843424022198 -0.0800769031047821
v 0.0395456850528717 -0.009140546433627605 -0.08172514289617538
v 0.03991809114813804 -0.004307801369577646 -0.08008229732513428
v 0.0395456850528717 -0.009140546433627605 -0.08172514289617538
v 0.04023869708180427 -0.005595790687948465 -0.0817461609840393
v 0.04023869708180427 -0.005595790687948465 -0.0817461609840393
v 0.0395456850528717 -0.009140546433627605 -0.08172514289617538
v 0.03959453478455543 -0.01027368288487196 -0.08342061936855316
v 0.04023869708180427 -0.005595790687948465 -0.0817461609840393
v 0.03959453478455543 -0.01027368288487196 -0.08342061936855316
v 0.04034976661205291 -0.006772580090910196 -0.08343914896249771
v 0.04034976661205291 -0.006772580090910196 -0.08343914896249771
v 0.03959453478455543 -0.01027368288487196 -0.08342061936855316
v 0.040596321225166314 -0.005739609245210886 -0.08500000834465027
v 0.04034976661205291 -0.006772580090910196 -0.08343914896249771
v 0.040596321225166314 -0.005739609245210886 -0.08500000834465027
v 0.04023869708180427 -0.005595790687948465 -0.0817461609840393
v 0.04023869708180427 -0.005595790687948465 -0.0817461609840393
v 0.040596321225166314 -0.005739609245210886 -0.08500000834465027
v 0.04061600193381309 -0.0020091186743229628 -0.08175806701183319
v 0.04023869708180427 -0.005595790687948465 -0.0817461609840393
v 0.04061600193381309 -0.0020091186743229628 -0.08175806701183319
v 0.03991809114813804 -0.004307801369577646 -0.08008229732513428
v 0.03991809114813804 -0.004307801369577646 -0.08008229732513428
v 0.04061600193381309 -0.0020091186743229628 -0.08175806701183319
v 0.03940115123987197 -0.002911793766543269 -0.07843946665525436
v 0.027336608618497845 0.020972834900021553 -0.055642999708652496
v 0.027081016451120373 0.01902145706117153 -0.05628585070371628
v 0.029064048081636425 0.018153531476855278 -0.05979093164205551
v 0.029064048081636425 0.018153531476855278 -0.05979093164205551
v 0.027081016451120373 0.01902145706117153 -0.05628585070371628
v 0.028807725757360455 0.015212261117994785 -0.060605488717556
v 0.029064048081636425 0.018153531476855278 -0.05979093164205551
v 0.028807725757360455 0.015212261117994785 -0.060605488717556
v 0.031000077724456784 0.011273250915110111 -0.06463523954153061
v 0.031000077724456784 0.011273250915110111 -0.06463523954153061
v 0.028807725757360455 0.015212261117994785 -0.060605488717556
v 0.03055770322680473 0.008219842799007893 -0.06526994705200195
v 0.031000077724456784 0.011273250915110111 -0.06463523954153061
v 0.03055770322680473 0.008219842799007893 -0.06526994705200195
v 0.03341086953878402 0.007370175328105688 -0.06836697459220886
v 0.03341086953878402 0.007370175328105688 -0.06836697459220886
v 0.03055770322680473 0.008219842799007893 -0.06526994705200195
v 0.03577993810176849 0.003638358088210225 -0.07185076177120209
v 0.03341086953878402 0.007370175328105688 -0.06836697459220886
v 0.03577993810176849 0.003638358088210225 -0.07185076177120209
v 0.03357563912868499 0.010631789453327656 -0.06788057088851929
v 0.03357563912868499 0.010631789453327656 -0.06788057088851929
v 0.03577993810176849 0.003638358088210225 -0.07185076177120209
v 0.035944059491157525 0.00705438619479537 -0.07153944671154022
v 0.03357563912868499 0.010631789453327656 -0.06788057088851929
v 0.035944059491157525 0.00705438619479537 -0.07153944671154022
v 0.03347063809633254 0.013887942768633366 -0.06737102568149567
v 0.03347063809633254 0.013887942768633366 -0.06737102568149567
v 0.035944059491157525 0.00705438619479537 -0.07153944671154022
v 0.03581539168953895 0.01045928243547678 -0.0712042972445488
v 0.03347063809633254 0.013887942768633366 -0.06737102568149567
v 0.03581539168953895 0.01045928243547678 -0.0712042972445488
v 0.0331016182899475 0.01710195280611515 -0.06684035062789917
v 0.0331016182899475 0.01710195280611515 -0.06684035062789917
v 0.03581539168953895 0.01045928243547678 -0.0712042972445488
v 0.03540042042732238 0.01381604839116335 -0.07084488123655319
v 0.0331016182899475 0.01710195280611515 -0.06684035062789917
v 0.03540042042732238 0.01381604839116335 -0.07084488123655319
v 0.03247904032468795 0.02024015225470066 -0.06629162281751633
v 0.03247904032468795 0.02024015225470066 -0.06629162281751633
v 0.03540042042732238 0.01381604839116335 -0.07084488123655319
v 0.03471053019165992 0.01709027774631977 -0.07046125829219818
v 0.03247904032468795 0.02024015225470066 -0.06629162281751633
v 0.03471053019165992 0.01709027774631977 -0.07046125829219818
v 0.03161697089672088 0.023272143676877022 -0.0657295510172844
v 0.03161697089672088 0.023272143676877022 -0.0657295510172844
v 0.03471053019165992 0.01709027774631977 -0.07046125829219818
v 0.03376121073961257 0.020250996574759483 -0.07005515694618225
v 0.03161697089672088 0.023272143676877022 -0.0657295510172844
v 0.03376121073961257 0.020250996574759483 -0.07005515694618225
v 0.030531857162714 0.02617030031979084 -0.06515984237194061
v 0.030531857162714 0.02617030031979084 -0.06515984237194061
v 0.03376121073961257 0.020250996574759483 -0.07005515694618225
v 0.03257091715931892 0.023270418867468834 -0.06962975114583969
v 0.030531857162714 0.02617030031979084 -0.06515984237194061
v 0.03257091715931892 0.023270418867468834 -0.06962975114583969
v 0.029241755604743954 0.028910107910633087 -0.06458894163370132
v 0.029241755604743954 0.028910107910633087 -0.06458894163370132
v 0.03257091715931892 0.023270418867468834 -0.06962975114583969
v 0.031160175800323483 0.026124225929379463 -0.06918942183256149
v 0.029241755604743954 0.028910107910633087 -0.06458894163370132
v 0.031160175800323483 0.026124225929379463 -0.06918942183256149
v 0.027765579521656033 0.031470488756895065 -0.06402380019426346
v 0.027765579521656033 0.031470488756895065 -0.06402380019426346
v 0.031160175800323483 0.026124225929379463 -0.06918942183256149
v 0.029550660401582714 0.028791846707463264 -0.06873960793018341
v 0.027765579521656033 0.031470488756895065 -0.06402380019426346
v 0.029550660401582714 0.028791846707463264 -0.06873960793018341
v 0.026122320443391796 0.03383413329720497 -0.06347168236970901
v 0.026122320443391796 0.03383413329720497 -0.06347168236970901
v 0.029550660401582714 0.028791846707463264 -0.06873960793018341
v 0.027764286845922467 0.03125672787427902 -0.06828658282756805
v 0.026122320443391796 0.03383413329720497 -0.06347168236970901
v 0.027764286845922467 0.03125672787427902 -0.06828658282756805
v 0.024330295622348782 0.03598782792687416 -0.0629398450255394
v 0.024330295622348782 0.03598782792687416 -0.0629398450255394
v 0.027764286845922467 0.03125672787427902 -0.06828658282756805
v 0.02582229673862457 0.0335066094994545 -0.06783723831176758
v 0.024330295622348782 0.03598782792687416 -0.0629398450255394
v 0.02582229673862457 0.0335066094994545 -0.06783723831176758
v 0.022406373172998425 0.03792277351021767 -0.062435396015644073
v 0.022406373172998425 0.03792277351021767 -0.062435396015644073
v 0.02582229673862457 0.0335066094994545 -0.06783723831176758
v 0.0237443596124649 0.03553381189703941 -0.06739890575408936
v 0.022406373172998425 0.03792277351021767 -0.062435396015644073
v 0.0237443596124649 0.03553381189703941 -0.06739890575408936
v 0.020365327596664425 0.03963521867990494 -0.061965055763721466
v 0.020365327596664425 0.03963521867990494 -0.061965055763721466
v 0.0237443596124649 0.03553381189703941 -0.06739890575408936
v 0.021547783166170117 0.037335701286792755 -0.06697918474674225
v 0.020365327596664425 0.03963521867990494 -0.061965055763721466
v 0.021547783166170117 0.037335701286792755 -0.06697918474674225
v 0.019247844815254208 0.03891601040959358 -0.06658551096916199
v 0.019247844815254208 0.03891601040959358 -0.06658551096916199
v 0.021547783166170117 0.037335701286792755 -0.06697918474674225
v 0.022886972874402996 0.035323623567819595 -0.07183840125799179
v 0.019247844815254208 0.03891601040959358 -0.06658551096916199
v 0.022886972874402996 0.035323623567819595 -0.07183840125799179
v 0.020435038954019543 0.0370163694024086 -0.07150500267744064
v 0.020435038954019543 0.0370163694024086 -0.07150500267744064
v 0.022886972874402996 0.035323623567819595 -0.07183840125799179
v 0.024318207055330273 0.033558644354343414 -0.07650767266750336
v 0.020435038954019543 0.0370163694024086 -0.07150500267744064
v 0.024318207055330273 0.033558644354343414 -0.07650767266750336
v 0.021732974797487255 0.03539561480283737 -0.07626079022884369
v 0.021732974797487255 0.03539561480283737 -0.07626079022884369
v 0.024318207055330273 0.033558644354343414 -0.07650767266750336
v 0.025787908583879467 0.03200207278132439 -0.08096446841955185
v 0.021732974797487255 0.03539561480283737 -0.07626079022884369
v 0.025787908583879467 0.03200207278132439 -0.08096446841955185
v 0.023101013153791424 0.034020546823740005 -0.0808311179280281
v 0.023101013153791424 0.034020546823740005 -0.0808311179280281
v 0.025787908583879467 0.03200207278132439 -0.08096446841955185
v 0.026771120727062222 0.031053295359015465 -0.08500001579523087
v 0.023101013153791424 0.034020546823740005 -0.0808311179280281
v 0.026771120727062222 0.031053295359015465 -0.08500001579523087
v 0.024855118244886395 0.0326070599257946 -0.08500002324581146
v 7.627915521446481e-10 -0.013471010141074657 0.04020000249147415
v 7.627915521446481e-10 -0.0064710103906691074 0.04020000249147415
v -0.008358052931725977 -0.0064710103906691074 0.03932153433561325
v -0.008358052931725977 -0.013471010141074657 0.03932153433561325
v -0.008358052931725977 -0.013471010141074657 0.03932153433561325
v -0.008358052931725977 -0.0064710103906691074 0.03932153433561325
v -0.016350813210010525 -0.0064710103906691074 0.036724530160427094
v -0.016350813210010525 -0.013471010141074657 0.036724530160427094
v -0.016350813210010525 -0.013471010141074657 0.036724530160427094
v -0.016350813210010525 -0.0064710103906691074 0.036724530160427094
v -0.023628965020179745 -0.0064710103906691074 0.032522477209568024
v -0.023628965020179745 -0.013471010141074657 0.032522477209568024
v -0.023628965020179745 -0.013471010141074657 0.032522477209568024
v -0.023628965020179745 -0.0064710103906691074 0.032522477209568024
v -0.02987442165613174 -0.0064710103906691074 0.026899047195911407
v -0.02987442165613174 -0.013471010141074657 0.026899047195911407
v -0.02987442165613174 -0.013471010141074657 0.026899047195911407
v -0.02987442165613174 -0.0064710103906691074 0.026899047195911407
v -0.03481422364711761 -0.0064710103906691074 0.020100004971027374
v -0.03481422364711761 -0.013471010141074657 0.020100004971027374
v -0.03481422364711761 -0.013471010141074657 0.020100004971027374
v -0.03481422364711761 -0.0064710103906691074 0.020100004971027374
v -0.03823247551918029 -0.0064710103906691074 0.012422478757798672
v -0.03823247551918029 -0.013471010141074657 0.012422478757798672
v -0.03823247551918029 -0.013471010141074657 0.012422478757798672
v -0.03823247551918029 -0.0064710103906691074 0.012422478757798672
v -0.03997977823019027 -0.0064710103906691074 0.004202044568955898
v -0.03997977823019027 -0.013471010141074657 0.004202044568955898
v -0.03997977823019027 -0.013471010141074657 0.004202044568955898
v -0.03997977823019027 -0.0064710103906691074 0.004202044568955898
v -0.03997977823019027 -0.0064710103906691074 -0.0042020464316010475
v -0.03997977823019027 -0.013471010141074657 -0.0042020464316010475
v -0.03997977823019027 -0.013471010141074657 -0.0042020464316010475
v -0.03997977823019027 -0.0064710103906691074 -0.0042020464316010475
v -0.03823247551918029 -0.0064710103906691074 -0.012422480620443821
v -0.03823247551918029 -0.013471010141074657 -0.012422480620443821
v -0.03823247551918029 -0.013471010141074657 -0.012422480620443821
v -0.03823247551918029 -0.0064710103906691074 -0.012422480620443821
v -0.03481422364711761 -0.0064710103906691074 -0.020100004971027374
v -0.03481422364711761 -0.013471010141074657 -0.020100004971027374
v -0.03481422364711761 -0.013471010141074657 -0.020100004971027374
v -0.03481422364711761 -0.0064710103906691074 -0.020100004971027374
v -0.02987442165613174 -0.0064710103906691074 -0.026899047195911407
v -0.02987442165613174 -0.013471010141074657 -0.026899047195911407
v -0.02987442165613174 -0.013471010141074657 -0.026899047195911407
v -0.02987442165613174 -0.0064710103906691074 -0.026899047195911407
v -0.023628965020179745 -0.0064710103906691074 -0.032522477209568024
v -0.023628965020179745 -0.013471010141074657 -0.032522477209568024
v -0.023628965020179745 -0.013471010141074657 -0.032522477209568024
v -0.023628965020179745 -0.0064710103906691074 -0.032522477209568024
v -0.016350813210010525 -0.0064710103906691074 -0.036724530160427094
v -0.016350813210010525 -0.013471010141074657 -0.036724530160427094
v -0.016350813210010525 -0.013471010141074657 -0.036724530160427094
v -0.016350813210010525 -0.0064710103906691074 -0.036724530160427094
v -0.008358052931725977 -0.0064710103906691074 -0.03932153433561325
v -0.008358052931725977 -0.013471010141074657 -0.03932153433561325
v -0.008358052931725977 -0.013471010141074657 -0.03932153433561325
v -0.008358052931725977 -0.0064710103906691074 -0.03932153433561325
v 7.627915521446481e-10 -0.0064710103906691074 -0.04020000249147415
v 7.627915521446481e-10 -0.013471010141074657 -0.04020000249147415
v -0.03686898946762084 0.01793537475168705 -0.08500000089406967
v -0.038815326988697045 0.013204948045313358 -0.08500000089406967
v -0.0377868041396141 0.015578587539494038 -0.08146969228982925
v -0.01995078474283218 0.035818517208099365 -0.08500000089406967
v -0.02021854370832443 0.03584594279527664 -0.08050814270973206
v -0.01727117598056793 0.037374645471572876 -0.08037760108709335
v -6.687788989268028e-09 -0.03815726563334465 -0.0772860199213028
v -6.687788989268028e-09 -0.03758649155497551 -0.07674703747034073
v -0.003598897950723767 -0.0374605618417263 -0.0768946036696434
v -0.010384350083768366 -0.03234582766890526 -0.07478054612874985
v -0.01371327694505453 -0.0313265286386013 -0.07496427744626999
v -0.013957171700894831 -0.03339817747473717 -0.07612252235412598
v -0.0333670750260353 0.00743922358378768 -0.06830224394798279
v -0.03572570532560348 0.00372478854842484 -0.07176963984966278
v -0.035267323255538933 0.0003379669797141105 -0.07206033915281296
v -0.00778465624898672 -0.008398409001529217 -0.06657416373491287
v -0.0052212392911314956 -0.008657480590045452 -0.0666140541434288
v -0.005007787607610225 -0.00550870830193162 -0.06510862708091736
v 8.213372204579626e-09 -0.04093097522854805 -0.0835229754447937
v 8.213372204579626e-09 -0.040819574147462845 -0.08266523480415344
v -0.0035886385012418027 -0.04062708839774132 -0.08250794559717178
v -0.026974447071552273 0.018376654013991356 -0.05649828165769577
v -0.027080990374088284 0.019021393731236458 -0.056285880506038666
v -0.028795540332794186 0.01523605827242136 -0.06057997792959213
v -0.026608228683471676 0.03403832018375397 -0.05133882910013199
v -0.027120009064674374 0.032531753182411194 -0.055606238543987274
v -0.028516106307506558 0.02699010632932186 -0.057248614728450775
v -0.01108365412801504 0.04783172532916069 -0.05301075428724289
v -0.011223918758332728 0.04677344113588333 -0.0550689622759819
v -0.013091622851788996 0.045930881053209305 -0.05562979727983475
v -0.015224202536046503 0.039788007736206055 -0.07075344026088715
v -0.01785345375537872 0.03853665664792061 -0.07104453444480896
v -0.016834147274494168 0.04032836854457855 -0.06610375642776489
v -0.013662203215062617 0.03965010121464729 -0.0742526724934578
v -0.014738864265382288 0.038485489785671234 -0.07993572950363159
v -0.01727117598056793 0.037374645471572876 -0.08037760108709335
v -0.01727117598056793 0.037374645471572876 -0.08037760108709335
v -0.014738864265382288 0.038485489785671234 -0.07993572950363159
v -0.014808407984673975 0.038429487496614456 -0.08027730882167816
v -0.01727117598056793 0.037374645471572876 -0.08037760108709335
v -0.014808407984673975 0.038429487496614456 -0.08027730882167816
v -0.01995078474283218 0.035818517208099365 -0.08500000089406967
v -0.01995078474283218 0.035818517208099365 -0.08500000089406967
v -0.014808407984673975 0.038429487496614456 -0.08027730882167816
v -0.015414758585393427 0.03802267089486122 -0.0831492617726326
v -0.01995078474283218 0.035818517208099365 -0.08500000089406967
v -0.015414758585393427 0.03802267089486122 -0.0831492617726326
v -0.015826269984245297 0.037822309881448746 -0.08500000089406967
v -0.014333247207105158 0.05106370523571968 -0.04573013633489609
v -0.01079460885375738 0.052295200526714325 -0.045324333012104034
v -0.010940394364297388 0.04929051548242569 -0.050340838730335236
v -0.01684761047363281 0.04660574346780777 -0.051210321485996246
v -0.014635241590440272 0.050922833383083344 -0.04577653855085373
v -0.014836675487458704 0.04775388166308403 -0.05083692818880081
v -0.014836675487458704 0.04775388166308403 -0.05083692818880081
v -0.014635241590440272 0.050922833383083344 -0.04577653855085373
v -0.014333247207105158 0.05106370523571968 -0.04573013633489609
v -0.014836675487458704 0.04775388166308403 -0.05083692818880081
v -0.014333247207105158 0.05106370523571968 -0.04573013633489609
v -0.012721239589154719 0.04868597909808159 -0.050534822046756744
v -0.012721239589154719 0.04868597909808159 -0.050534822046756744
v -0.014333247207105158 0.05106370523571968 -0.04573013633489609
v -0.010940394364297388 0.04929051548242569 -0.050340838730335236
v -0.01843992620706558 0.048505254089832306 -0.046572960913181305
v -0.016829408705234524 0.04968898743391037 -0.046183012425899506
v -0.01684761047363281 0.04660574346780777 -0.051210321485996246
v -0.01684761047363281 0.04660574346780777 -0.051210321485996246
v -0.016829408705234524 0.04968898743391037 -0.046183012425899506
v -0.016601271927356717 0.04983608424663544 -0.04613455384969711
v -0.01684761047363281 0.04660574346780777 -0.051210321485996246
v -0.016601271927356717 0.04983608424663544 -0.04613455384969711
v -0.014635241590440272 0.050922833383083344 -0.04577653855085373
v -0.023638702929019925 0.039773713797330856 -0.05338823050260544
v -0.021909959614276883 0.04481854662299156 -0.04778748005628586
v -0.02214977145195007 0.04181191697716713 -0.052748240530490875
v -0.02214977145195007 0.04181191697716713 -0.052748240530490875
v -0.021909959614276883 0.04481854662299156 -0.04778748005628586
v -0.01941897720098495 0.0476440005004406 -0.04685669392347336
v -0.02214977145195007 0.04181191697716713 -0.052748240530490875
v -0.01941897720098495 0.0476440005004406 -0.04685669392347336
v -0.0205145850777626 0.04363511875271797 -0.052168987691402435
v -0.0205145850777626 0.04363511875271797 -0.052168987691402435
v -0.01941897720098495 0.0476440005004406 -0.04685669392347336
v -0.01843992620706558 0.048505254089832306 -0.046572960913181305
v -0.0205145850777626 0.04363511875271797 -0.052168987691402435
v -0.01843992620706558 0.048505254089832306 -0.046572960913181305
v -0.01874369382858276 0.04523387923836708 -0.051655106246471405
v -0.01874369382858276 0.04523387923836708 -0.051655106246471405
v -0.01843992620706558 0.048505254089832306 -0.046572960913181305
v -0.01684761047363281 0.04660574346780777 -0.051210321485996246
v -0.0245743915438652 0.04020790010690689 -0.049306370317935944
v -0.023328952491283413 0.042644139379262924 -0.04850379377603531
v -0.023638702929019925 0.039773713797330856 -0.05338823050260544
v -0.023638702929019925 0.039773713797330856 -0.05338823050260544
v -0.023328952491283413 0.042644139379262924 -0.04850379377603531
v -0.0230543240904808 0.04310714825987816 -0.048351265490055084
v -0.023638702929019925 0.039773713797330856 -0.05338823050260544
v -0.0230543240904808 0.04310714825987816 -0.048351265490055084
v -0.021909959614276883 0.04481854662299156 -0.04778748005628586
v -0.023638702929019925 0.039773713797330856 -0.05338823050260544
v -0.02497056126594543 0.03753477334976196 -0.054082952439785004
v -0.0245743915438652 0.04020790010690689 -0.049306370317935944
v -0.0245743915438652 0.04020790010690689 -0.049306370317935944
v -0.02497056126594543 0.03753477334976196 -0.054082952439785004
v -0.026134528219699856 0.03511345759034157 -0.0548250749707222
v -0.0245743915438652 0.04020790010690689 -0.049306370317935944
v -0.026134528219699856 0.03511345759034157 -0.0548250749707222
v -0.025289915502071377 0.03847070038318634 -0.04987866431474686
v -0.027120009064674374 0.032531753182411194 -0.055606238543987274
v -0.026608228683471676 0.03403832018375397 -0.05133882910013199
v -0.026134528219699856 0.03511345759034157 -0.0548250749707222
v -0.026134528219699856 0.03511345759034157 -0.0548250749707222
v -0.026608228683471676 0.03403832018375397 -0.05133882910013199
v -0.02579749375581741 0.037013426423072815 -0.05035873502492905
v -0.026134528219699856 0.03511345759034157 -0.0548250749707222
v -0.02579749375581741 0.037013426423072815 -0.05035873502492905
v -0.025289915502071377 0.03847070038318634 -0.04987866431474686
v -0.029089584946632382 0.021138695999979973 -0.058931924402713776
v -0.027559101581573483 0.024713175371289253 -0.05441058427095413
v -0.02890926599502563 0.024087628349661827 -0.05809015780687332
v -0.02890926599502563 0.024087628349661827 -0.05809015780687332
v -0.027559101581573483 0.024713175371289253 -0.05441058427095413
v -0.02753796428442001 0.02673795260488987 -0.053743742406368256
v -0.02890926599502563 0.024087628349661827 -0.05809015780687332
v -0.02753796428442001 0.02673795260488987 -0.053743742406368256
v -0.028516106307506558 0.02699010632932186 -0.057248614728450775
v -0.028516106307506558 0.02699010632932186 -0.057248614728450775
v -0.02753796428442001 0.02673795260488987 -0.053743742406368256
v -0.02722087502479553 0.030587410554289818 -0.05247574299573898
v -0.028516106307506558 0.02699010632932186 -0.057248614728450775
v -0.02722087502479553 0.030587410554289818 -0.05247574299573898
v -0.026608228683471676 0.03403832018375397 -0.05133882910013199
v -0.026974447071552273 0.018376654013991356 -0.05649828165769577
v -0.028795540332794186 0.01523605827242136 -0.06057997792959213
v -0.026600167155265805 0.0165069829672575 -0.057114191353321075
v -0.028795540332794186 0.01523605827242136 -0.06057997792959213
v -0.02831947803497314 0.012352251447737217 -0.06136982887983322
v -0.026600167155265805 0.0165069829672575 -0.057114191353321075
v -0.026600167155265805 0.0165069829672575 -0.057114191353321075
v -0.02831947803497314 0.012352251447737217 -0.06136982887983322
v -0.027626097202301022 0.00955879408866167 -0.06212586909532547
v -0.026600167155265805 0.0165069829672575 -0.057114191353321075
v -0.027626097202301022 0.00955879408866167 -0.06212586909532547
v -0.026108063757419583 0.014588997699320316 -0.05774582177400589
v -0.026108063757419583 0.014588997699320316 -0.05774582177400589
v -0.027626097202301022 0.00955879408866167 -0.06212586909532547
v -0.026719018816947934 0.006887742783874273 -0.0628400519490242
v -0.026108063757419583 0.014588997699320316 -0.05774582177400589
v -0.026719018816947934 0.006887742783874273 -0.0628400519490242
v -0.024858064949512478 0.011024841107428074 -0.058920152485370636
v -0.024858064949512478 0.011024841107428074 -0.058920152485370636
v -0.026719018816947934 0.006887742783874273 -0.0628400519490242
v -0.025603376328945156 0.004368895199149847 -0.06350479274988174
v -0.024858064949512478 0.011024841107428074 -0.058920152485370636
v -0.025603376328945156 0.004368895199149847 -0.06350479274988174
v -0.023950338363647457 0.00907487515360117 -0.0595628097653389
v -0.023950338363647457 0.00907487515360117 -0.0595628097653389
v -0.025603376328945156 0.004368895199149847 -0.06350479274988174
v -0.024285703897476193 0.0020291965920478106 -0.06411328166723251
v -0.023950338363647457 0.00907487515360117 -0.0595628097653389
v -0.024285703897476193 0.0020291965920478106 -0.06411328166723251
v -0.023295618593692776 0.007878479547798634 -0.05995694547891617
v -0.023295618593692776 0.007878479547798634 -0.05995694547891617
v -0.024285703897476193 0.0020291965920478106 -0.06411328166723251
v -0.022773772478103634 -0.00010783479956444353 -0.06465970724821091
v -0.023295618593692776 0.007878479547798634 -0.05995694547891617
v -0.022773772478103634 -0.00010783479956444353 -0.06465970724821091
v -0.021536953747272488 0.005269238259643316 -0.060816265642642975
v -0.019496284425258633 0.0030096706468611956 -0.06156063824892044
v -0.0184226781129837 -0.0010293896775692701 -0.06387784332036972
v -0.017464265227317807 0.001326457830145955 -0.06211518496274948
v -0.017464265227317807 0.001326457830145955 -0.06211518496274948
v -0.0184226781129837 -0.0010293896775692701 -0.06387784332036972
v -0.016465924680232998 -0.0023570384364575148 -0.06425539404153824
v -0.017464265227317807 0.001326457830145955 -0.06211518496274948
v -0.016465924680232998 -0.0023570384364575148 -0.06425539404153824
v -0.01502495165914297 -0.0001509624853497371 -0.06260203570127487
v -0.007606460712850093 -0.0023071940522640944 -0.06331226974725723
v -0.009619846008718012 -0.0019802215974777937 -0.06320444494485855
v -0.009855746291577814 -0.0048896693624556065 -0.06494949012994766
v -0.009855746291577814 -0.0048896693624556065 -0.06494949012994766
v -0.009619846008718012 -0.0019802215974777937 -0.06320444494485855
v -0.012438266538083552 -0.001231237081810832 -0.06295765191316605
v -0.009855746291577814 -0.0048896693624556065 -0.06494949012994766
v -0.012438266538083552 -0.001231237081810832 -0.06295765191316605
v -0.012165999971330164 -0.004278900567442179 -0.06478717178106308
v -0.012165999971330164 -0.004278900567442179 -0.06478717178106308
v -0.012438266538083552 -0.001231237081810832 -0.06295765191316605
v -0.01502495165914297 -0.0001509624853497371 -0.06260203570127487
v -0.012165999971330164 -0.004278900567442179 -0.06478717178106308
v -0.01502495165914297 -0.0001509624853497371 -0.06260203570127487
v -0.014375104568898676 -0.003438616869971156 -0.06455760449171066
v -0.014375104568898676 -0.003438616869971156 -0.06455760449171066
v -0.01502495165914297 -0.0001509624853497371 -0.06260203570127487
v -0.016465924680232998 -0.0023570384364575148 -0.06425539404153824
v -0.007606460712850093 -0.0023071940522640944 -0.06331226974725723
v -0.009855746291577814 -0.0048896693624556065 -0.06494949012994766
v -0.0064520230516791335 -0.002432803390547633 -0.06335362046957016
v -0.0064520230516791335 -0.002432803390547633 -0.06335362046957016
v -0.009855746291577814 -0.0048896693624556065 -0.06494949012994766
v -0.005007787607610225 -0.00550870830193162 -0.06510862708091736
v -0.0064520230516791335 -0.002432803390547633 -0.06335362046957016
v -0.005007787607610225 -0.00550870830193162 -0.06510862708091736
v -0.004817723296582698 -0.002549233613535762 -0.06339206546545029
v 7.627915521446481e-10 -0.005574109498411417 -0.06515132635831833
v 7.627915521446481e-10 -0.002634326694533229 -0.0634199008345604
v -0.0019321135478094218 -0.002628746209666133 -0.06341809779405594
v 7.627915521446481e-10 -0.040999989956617355 -0.08500000089406967
v 8.213372204579626e-09 -0.040999073535203934 -0.08482547104358673
v -0.004160060547292232 -0.04078840836882591 -0.08500000089406967
v -0.004160060547292232 -0.04078840836882591 -0.08500000089406967
v 8.213372204579626e-09 -0.040999073535203934 -0.08482547104358673
v 8.213372204579626e-09 -0.04099636152386665 -0.0846523717045784
v -0.00778465624898672 -0.008398409001529217 -0.06657416373491287
v -0.005007787607610225 -0.00550870830193162 -0.06510862708091736
v -0.010283007286489008 -0.00793506484478712 -0.06649190932512283
v -0.010283007286489008 -0.00793506484478712 -0.06649190932512283
v -0.005007787607610225 -0.00550870830193162 -0.06510862708091736
v -0.009855746291577814 -0.0048896693624556065 -0.06494949012994766
v -0.010283007286489008 -0.00793506484478712 -0.06649190932512283
v -0.009855746291577814 -0.0048896693624556065 -0.06494949012994766
v -0.012693836353719233 -0.007244954351335764 -0.06635536253452301
v -0.012693836353719233 -0.007244954351335764 -0.06635536253452301
v -0.009855746291577814 -0.0048896693624556065 -0.06494949012994766
v -0.012165999971330164 -0.004278900567442179 -0.06478717178106308
v -0.012693836353719233 -0.007244954351335764 -0.06635536253452301
v -0.012165999971330164 -0.004278900567442179 -0.06478717178106308
v -0.014996654354035853 -0.006313296500593424 -0.06615599244832993
v -0.014996654354035853 -0.006313296500593424 -0.06615599244832993
v -0.012165999971330164 -0.004278900567442179 -0.06478717178106308
v -0.014375104568898676 -0.003438616869971156 -0.06455760449171066
v -0.014996654354035853 -0.006313296500593424 -0.06615599244832993
v -0.014375104568898676 -0.003438616869971156 -0.06455760449171066
v -0.017172679305076596 -0.0051323422230780125 -0.06588833034038544
v -0.017172679305076596 -0.0051323422230780125 -0.06588833034038544
v -0.014375104568898676 -0.003438616869971156 -0.06455760449171066
v -0.016465924680232998 -0.0023570384364575148 -0.06425539404153824
v -0.017172679305076596 -0.0051323422230780125 -0.06588833034038544
v -0.016465924680232998 -0.0023570384364575148 -0.06425539404153824
v -0.019204623997211453 -0.0037007059436291456 -0.06554963439702988
v -0.019204623997211453 -0.0037007059436291456 -0.06554963439702988
v -0.016465924680232998 -0.0023570384364575148 -0.06425539404153824
v -0.0184226781129837 -0.0010293896775692701 -0.06387784332036972
v -0.019204623997211453 -0.0037007059436291456 -0.06554963439702988
v -0.0184226781129837 -0.0010293896775692701 -0.06387784332036972
v -0.021076478064060208 -0.002022719709202647 -0.065139539539814
v -0.021076478064060208 -0.002022719709202647 -0.065139539539814
v -0.0184226781129837 -0.0010293896775692701 -0.06387784332036972
v -0.019496284425258633 0.0030096706468611956 -0.06156063824892044
v -0.021076478064060208 -0.002022719709202647 -0.065139539539814
v -0.019496284425258633 0.0030096706468611956 -0.06156063824892044
v -0.022773772478103634 -0.00010783479956444353 -0.06465970724821091
v -0.022773772478103634 -0.00010783479956444353 -0.06465970724821091
v -0.019496284425258633 0.0030096706468611956 -0.06156063824892044
v -0.020073033869266507 0.003581942291930318 -0.06137210875749588
v -0.022773772478103634 -0.00010783479956444353 -0.06465970724821091
v -0.020073033869266507 0.003581942291930318 -0.06137210875749588
v -0.021536953747272488 0.005269238259643316 -0.060816265642642975
v -0.00661755260080099 -0.027875909581780434 -0.07269187271595001
v -0.005691907368600368 -0.015248778276145458 -0.06906448304653168
v -0.00986730959266424 -0.02726765163242817 -0.07283798605203629
v -0.00986730959266424 -0.02726765163242817 -0.07283798605203629
v -0.005691907368600368 -0.015248778276145458 -0.06906448304653168
v -0.00848965998739004 -0.014882656745612621 -0.06907766312360764
v -0.00986730959266424 -0.02726765163242817 -0.07283798605203629
v -0.00848965998739004 -0.014882656745612621 -0.06907766312360764
v -0.013031779788434504 -0.026361102238297462 -0.0729726105928421
v -0.013031779788434504 -0.026361102238297462 -0.0729726105928421
v -0.00848965998739004 -0.014882656745612621 -0.06907766312360764
v -0.011215596459805964 -0.014273281209170818 -0.06905923783779144
v -0.013031779788434504 -0.026361102238297462 -0.0729726105928421
v -0.011215596459805964 -0.014273281209170818 -0.06905923783779144
v -0.01608062535524368 -0.025157274678349495 -0.07308322936296463
v -0.01608062535524368 -0.025157274678349495 -0.07308322936296463
v -0.011215596459805964 -0.014273281209170818 -0.06905923783779144
v -0.01384355779737234 -0.013407613150775433 -0.06899655610322952
v -0.01608062535524368 -0.025157274678349495 -0.07308322936296463
v -0.01384355779737234 -0.013407613150775433 -0.06899655610322952
v -0.01898632943630218 -0.023661727085709572 -0.07316084951162338
v -0.01898632943630218 -0.023661727085709572 -0.07316084951162338
v -0.01384355779737234 -0.013407613150775433 -0.06899655610322952
v -0.016349874436855313 -0.012279140762984753 -0.06888066232204437
v -0.01898632943630218 -0.023661727085709572 -0.07316084951162338
v -0.016349874436855313 -0.012279140762984753 -0.06888066232204437
v -0.021723821759223935 -0.02188398875296116 -0.07319959998130798
v -0.021723821759223935 -0.02188398875296116 -0.07319959998130798
v -0.016349874436855313 -0.012279140762984753 -0.06888066232204437
v -0.01871296018362045 -0.010887267999351025 -0.06870581209659576
v -0.021723821759223935 -0.02188398875296116 -0.07319959998130798
v -0.01871296018362045 -0.010887267999351025 -0.06870581209659576
v -0.024270057678222653 -0.0198370311409235 -0.07319623976945877
v -0.024270057678222653 -0.0198370311409235 -0.07319623976945877
v -0.01871296018362045 -0.010887267999351025 -0.06870581209659576
v -0.02091298252344131 -0.009236584417521954 -0.0684690997004509
v -0.024270057678222653 -0.0198370311409235 -0.07319623976945877
v -0.02091298252344131 -0.009236584417521954 -0.0684690997004509
v -0.026603654026985165 -0.017536649480462074 -0.07314969599246979
v -0.026603654026985165 -0.017536649480462074 -0.07314969599246979
v -0.02091298252344131 -0.009236584417521954 -0.0684690997004509
v -0.022931516170501706 -0.007336223963648081 -0.06817001849412918
v -0.026603654026985165 -0.017536649480462074 -0.07314969599246979
v -0.022931516170501706 -0.007336223963648081 -0.06817001849412918
v -0.028705134987831112 -0.015001076273620129 -0.07306063920259476
v -0.028705134987831112 -0.015001076273620129 -0.07306063920259476
v -0.022931516170501706 -0.007336223963648081 -0.06817001849412918
v -0.024751894176006314 -0.00519938999786973 -0.06780997663736343
v -0.028705134987831112 -0.015001076273620129 -0.07306063920259476
v -0.024751894176006314 -0.00519938999786973 -0.06780997663736343
v -0.03055930137634277 -0.012251759879291058 -0.07293085753917694
v -0.03055930137634277 -0.012251759879291058 -0.07293085753917694
v -0.024751894176006314 -0.00519938999786973 -0.06780997663736343
v -0.026362232863903042 -0.002843911526724696 -0.06739164143800735
v -0.03055930137634277 -0.012251759879291058 -0.07293085753917694
v -0.026362232863903042 -0.002843911526724696 -0.06739164143800735
v -0.0321531519293785 -0.009313742630183697 -0.07276289910078049
v -0.0321531519293785 -0.009313742630183697 -0.07276289910078049
v -0.026362232863903042 -0.002843911526724696 -0.06739164143800735
v -0.027752876281738278 -0.00029195353272370994 -0.06691884994506836
v -0.0321531519293785 -0.009313742630183697 -0.07276289910078049
v -0.027752876281738278 -0.00029195353272370994 -0.06691884994506836
v -0.033475138247013085 -0.006215202156454325 -0.07255975157022476
v -0.033475138247013085 -0.006215202156454325 -0.07255975157022476
v -0.027752876281738278 -0.00029195353272370994 -0.06691884994506836
v -0.028915353119373318 0.002430645050480962 -0.06639642268419266
v -0.033475138247013085 -0.006215202156454325 -0.07255975157022476
v -0.028915353119373318 0.002430645050480962 -0.06639642268419266
v -0.03451562672853469 -0.0029869552236050367 -0.07232456654310226
v -0.03451562672853469 -0.0029869552236050367 -0.07232456654310226
v -0.028915353119373318 0.002430645050480962 -0.06639642268419266
v -0.029842592775821682 0.005294957663863897 -0.06582991033792496
v -0.03451562672853469 -0.0029869552236050367 -0.07232456654310226
v -0.029842592775821682 0.005294957663863897 -0.06582991033792496
v -0.035267323255538933 0.0003379669797141105 -0.07206033915281296
v -0.035267323255538933 0.0003379669797141105 -0.07206033915281296
v -0.029842592775821682 0.005294957663863897 -0.06582991033792496
v -0.030529230833053585 0.008269497193396091 -0.06522525101900101
v -0.035267323255538933 0.0003379669797141105 -0.07206033915281296
v -0.030529230833053585 0.008269497193396091 -0.06522525101900101
v -0.0333670750260353 0.00743922358378768 -0.06830224394798279
v -0.0333670750260353 0.00743922358378768 -0.06830224394798279
v -0.030529230833053585 0.008269497193396091 -0.06522525101900101
v -0.03097184747457504 0.011320766992866993 -0.0645885244011879
v -0.00661755260080099 -0.027875909581780434 -0.07269187271595001
v -0.00285130669362843 -0.015391948632895947 -0.06903640925884247
v -0.005691907368600368 -0.015248778276145458 -0.06906448304653168
v -0.005691907368600368 -0.015248778276145458 -0.06906448304653168
v -0.00285130669362843 -0.015391948632895947 -0.06903640925884247
v -0.0052212392911314956 -0.008657480590045452 -0.0666140541434288
v -0.005691907368600368 -0.015248778276145458 -0.06906448304653168
v -0.0052212392911314956 -0.008657480590045452 -0.0666140541434288
v -0.00848965998739004 -0.014882656745612621 -0.06907766312360764
v -0.00848965998739004 -0.014882656745612621 -0.06907766312360764
v -0.0052212392911314956 -0.008657480590045452 -0.0666140541434288
v -0.00778465624898672 -0.008398409001529217 -0.06657416373491287
v -0.00848965998739004 -0.014882656745612621 -0.06907766312360764
v -0.00778465624898672 -0.008398409001529217 -0.06657416373491287
v -0.011215596459805964 -0.014273281209170818 -0.06905923783779144
v -0.011215596459805964 -0.014273281209170818 -0.06905923783779144
v -0.00778465624898672 -0.008398409001529217 -0.06657416373491287
v -0.010283007286489008 -0.00793506484478712 -0.06649190932512283
v -0.011215596459805964 -0.014273281209170818 -0.06905923783779144
v -0.010283007286489008 -0.00793506484478712 -0.06649190932512283
v -0.01384355779737234 -0.013407613150775433 -0.06899655610322952
v -0.01384355779737234 -0.013407613150775433 -0.06899655610322952
v -0.010283007286489008 -0.00793506484478712 -0.06649190932512283
v -0.012693836353719233 -0.007244954351335764 -0.06635536253452301
v -0.01384355779737234 -0.013407613150775433 -0.06899655610322952
v -0.012693836353719233 -0.007244954351335764 -0.06635536253452301
v -0.016349874436855313 -0.012279140762984753 -0.06888066232204437
v -0.016349874436855313 -0.012279140762984753 -0.06888066232204437
v -0.012693836353719233 -0.007244954351335764 -0.06635536253452301
v -0.014996654354035853 -0.006313296500593424 -0.06615599244832993
v -0.016349874436855313 -0.012279140762984753 -0.06888066232204437
v -0.014996654354035853 -0.006313296500593424 -0.06615599244832993
v -0.01871296018362045 -0.010887267999351025 -0.06870581209659576
v -0.01871296018362045 -0.010887267999351025 -0.06870581209659576
v -0.014996654354035853 -0.006313296500593424 -0.06615599244832993
v -0.017172679305076596 -0.0051323422230780125 -0.06588833034038544
v -0.01871296018362045 -0.010887267999351025 -0.06870581209659576
v -0.017172679305076596 -0.0051323422230780125 -0.06588833034038544
v -0.02091298252344131 -0.009236584417521954 -0.0684690997004509
v -0.02091298252344131 -0.009236584417521954 -0.0684690997004509
v -0.017172679305076596 -0.0051323422230780125 -0.06588833034038544
v -0.019204623997211453 -0.0037007059436291456 -0.06554963439702988
v -0.02091298252344131 -0.009236584417521954 -0.0684690997004509
v -0.019204623997211453 -0.0037007059436291456 -0.06554963439702988
v -0.022931516170501706 -0.007336223963648081 -0.06817001849412918
v -0.022931516170501706 -0.007336223963648081 -0.06817001849412918
v -0.019204623997211453 -0.0037007059436291456 -0.06554963439702988
v -0.021076478064060208 -0.002022719709202647 -0.065139539539814
v -0.022931516170501706 -0.007336223963648081 -0.06817001849412918
v -0.021076478064060208 -0.002022719709202647 -0.065139539539814
v -0.024751894176006314 -0.00519938999786973 -0.06780997663736343
v -0.024751894176006314 -0.00519938999786973 -0.06780997663736343
v -0.021076478064060208 -0.002022719709202647 -0.065139539539814
v -0.022773772478103634 -0.00010783479956444353 -0.06465970724821091
v -0.024751894176006314 -0.00519938999786973 -0.06780997663736343
v -0.022773772478103634 -0.00010783479956444353 -0.06465970724821091
v -0.026362232863903042 -0.002843911526724696 -0.06739164143800735
v -0.026362232863903042 -0.002843911526724696 -0.06739164143800735
v -0.022773772478103634 -0.00010783479956444353 -0.06465970724821091
v -0.024285703897476193 0.0020291965920478106 -0.06411328166723251
v -0.026362232863903042 -0.002843911526724696 -0.06739164143800735
v -0.024285703897476193 0.0020291965920478106 -0.06411328166723251
v -0.027752876281738278 -0.00029195353272370994 -0.06691884994506836
v -0.027752876281738278 -0.00029195353272370994 -0.06691884994506836
v -0.024285703897476193 0.0020291965920478106 -0.06411328166723251
v -0.025603376328945156 0.004368895199149847 -0.06350479274988174
v -0.027752876281738278 -0.00029195353272370994 -0.06691884994506836
v -0.025603376328945156 0.004368895199149847 -0.06350479274988174
v -0.028915353119373318 0.002430645050480962 -0.06639642268419266
v -0.028915353119373318 0.002430645050480962 -0.06639642268419266
v -0.025603376328945156 0.004368895199149847 -0.06350479274988174
v -0.026719018816947934 0.006887742783874273 -0.0628400519490242
v -0.028915353119373318 0.002430645050480962 -0.06639642268419266
v -0.026719018816947934 0.006887742783874273 -0.0628400519490242
v -0.029842592775821682 0.005294957663863897 -0.06582991033792496
v -0.029842592775821682 0.005294957663863897 -0.06582991033792496
v -0.026719018816947934 0.006887742783874273 -0.0628400519490242
v -0.027626097202301022 0.00955879408866167 -0.06212586909532547
v -0.029842592775821682 0.005294957663863897 -0.06582991033792496
v -0.027626097202301022 0.00955879408866167 -0.06212586909532547
v -0.030529230833053585 0.008269497193396091 -0.06522525101900101
v -0.030529230833053585 0.008269497193396091 -0.06522525101900101
v -0.027626097202301022 0.00955879408866167 -0.06212586909532547
v -0.02831947803497314 0.012352251447737217 -0.06136982887983322
v -0.030529230833053585 0.008269497193396091 -0.06522525101900101
v -0.02831947803497314 0.012352251447737217 -0.06136982887983322
v -0.03097184747457504 0.011320766992866993 -0.0645885244011879
v -0.03097184747457504 0.011320766992866993 -0.0645885244011879
v -0.02831947803497314 0.012352251447737217 -0.06136982887983322
v -0.028795540332794186 0.01523605827242136 -0.06057997792959213
v 7.627915521446481e-10 -0.016633043065667152 -0.06939560174942017
v 7.627915521446481e-10 -0.015422116033732891 -0.06903935968875885
v -0.00285130669362843 -0.015391948632895947 -0.06903640925884247
v -0.00285130669362843 -0.015391948632895947 -0.06903640925884247
v 7.627915521446481e-10 -0.015422116033732891 -0.06903935968875885
v 7.627915521446481e-10 -0.008532146923244 -0.06656309217214584
v -0.00285130669362843 -0.015391948632895947 -0.06903640925884247
v 7.627915521446481e-10 -0.008532146923244 -0.06656309217214584
v -0.0052212392911314956 -0.008657480590045452 -0.0666140541434288
v -0.0052212392911314956 -0.008657480590045452 -0.0666140541434288
v 7.627915521446481e-10 -0.008532146923244 -0.06656309217214584
v 7.627915521446481e-10 -0.005574109498411417 -0.06515132635831833
v -0.0052212392911314956 -0.008657480590045452 -0.0666140541434288
v 7.627915521446481e-10 -0.005574109498411417 -0.06515132635831833
v -0.005007787607610225 -0.00550870830193162 -0.06510862708091736
v -0.005007787607610225 -0.00550870830193162 -0.06510862708091736
v 7.627915521446481e-10 -0.005574109498411417 -0.06515132635831833
v -0.0019321135478094218 -0.002628746209666133 -0.06341809779405594
v -0.005007787607610225 -0.00550870830193162 -0.06510862708091736
v -0.0019321135478094218 -0.002628746209666133 -0.06341809779405594
v -0.004817723296582698 -0.002549233613535762 -0.06339206546545029
v -0.0395992025732994 -0.01017781626433134 -0.08326677978038788
v -0.039445832371711724 -0.011181513778865337 -0.08500000089406967
v -0.03854548186063766 -0.013606774620711803 -0.08324263244867325
v -0.03854548186063766 -0.013606774620711803 -0.08324263244867325
v -0.039445832371711724 -0.011181513778865337 -0.08500000089406967
v -0.03833519667387008 -0.014540049247443676 -0.08500000089406967
v -0.03854548186063766 -0.013606774620711803 -0.08324263244867325
v -0.03833519667387008 -0.014540049247443676 -0.08500000089406967
v -0.037195377051830285 -0.016931364312767982 -0.08321395516395569
v -0.029071338474750515 -0.028678366914391518 -0.08304999768733978
v -0.03148160874843597 -0.026021519675850868 -0.08309902250766754
v -0.032489009201526635 -0.025009283795952797 -0.08500000089406967
v -0.032489009201526635 -0.025009283795952797 -0.08500000089406967
v -0.03148160874843597 -0.026021519675850868 -0.08309902250766754
v -0.03364977240562438 -0.02316313423216343 -0.08314245194196701
v -0.032489009201526635 -0.025009283795952797 -0.08500000089406967
v -0.03364977240562438 -0.02316313423216343 -0.08314245194196701
v -0.03526820242404937 -0.02090822346508503 -0.08500000089406967
v -0.03526820242404937 -0.02090822346508503 -0.08500000089406967
v -0.03364977240562438 -0.02316313423216343 -0.08314245194196701
v -0.0355592668056488 -0.020125189796090126 -0.08318064361810684
v -0.03526820242404937 -0.02090822346508503 -0.08500000089406967
v -0.0355592668056488 -0.020125189796090126 -0.08318064361810684
v -0.03686898946762084 -0.01793537475168705 -0.08500000089406967
v -0.03686898946762084 -0.01793537475168705 -0.08500000089406967
v -0.0355592668056488 -0.020125189796090126 -0.08318064361810684
v -0.037195377051830285 -0.016931364312767982 -0.08321395516395569
v -0.03686898946762084 -0.01793537475168705 -0.08500000089406967
v -0.037195377051830285 -0.016931364312767982 -0.08321395516395569
v -0.03693918883800506 -0.017790349200367928 -0.08500000089406967
v -0.03693918883800506 -0.017790349200367928 -0.08500000089406967
v -0.037195377051830285 -0.016931364312767982 -0.08321395516395569
v -0.03833519667387008 -0.014540049247443676 -0.08500000089406967
v -0.013957171700894831 -0.03339817747473717 -0.07612252235412598
v -0.01371327694505453 -0.0313265286386013 -0.07496427744626999
v -0.01722469180822372 -0.0320291630923748 -0.07630376517772675
v -0.01722469180822372 -0.0320291630923748 -0.07630376517772675
v -0.01371327694505453 -0.0313265286386013 -0.07496427744626999
v -0.016922153532505032 -0.03000004030764103 -0.0751328319311142
v -0.01722469180822372 -0.0320291630923748 -0.07630376517772675
v -0.016922153532505032 -0.03000004030764103 -0.0751328319311142
v -0.020343534648418423 -0.030361296609044075 -0.07646627724170685
v -0.020343534648418423 -0.030361296609044075 -0.07646627724170685
v -0.016922153532505032 -0.03000004030764103 -0.0751328319311142
v -0.019982881844043728 -0.02837553061544895 -0.07527808099985123
v -0.020343534648418423 -0.030361296609044075 -0.07646627724170685
v -0.019982881844043728 -0.02837553061544895 -0.07527808099985123
v -0.02328786253929138 -0.028407881036400795 -0.07660507410764694
v -0.02328786253929138 -0.028407881036400795 -0.07660507410764694
v -0.019982881844043728 -0.02837553061544895 -0.07527808099985123
v -0.022869706153869625 -0.026465417817234993 -0.07539462298154831
v -0.02328786253929138 -0.028407881036400795 -0.07660507410764694
v -0.022869706153869625 -0.026465417817234993 -0.07539462298154831
v -0.026033826172351834 -0.026184754446148872 -0.07671726495027542
v -0.026033826172351834 -0.026184754446148872 -0.07671726495027542
v -0.022869706153869625 -0.026465417817234993 -0.07539462298154831
v -0.025558903813362118 -0.024284901097416878 -0.07547932863235474
v -0.026033826172351834 -0.026184754446148872 -0.07671726495027542
v -0.025558903813362118 -0.024284901097416878 -0.07547932863235474
v -0.028559304773807522 -0.023709842935204506 -0.07680162787437439
v -0.028559304773807522 -0.023709842935204506 -0.07680162787437439
v -0.025558903813362118 -0.024284901097416878 -0.07547932863235474
v -0.028028465807437893 -0.021851496770977974 -0.075531005859375
v -0.028559304773807522 -0.023709842935204506 -0.07680162787437439
v -0.028028465807437893 -0.021851496770977974 -0.075531005859375
v -0.030843921005725857 -0.021002890542149544 -0.07685834169387817
v -0.030843921005725857 -0.021002890542149544 -0.07685834169387817
v -0.028028465807437893 -0.021851496770977974 -0.075531005859375
v -0.030258201062679287 -0.019184650853276253 -0.07554994523525238
v -0.030843921005725857 -0.021002890542149544 -0.07685834169387817
v -0.030258201062679287 -0.019184650853276253 -0.07554994523525238
v -0.03287027776241302 -0.018085891380906105 -0.07688858360052109
v -0.03287027776241302 -0.018085891380906105 -0.07688858360052109
v -0.030258201062679287 -0.019184650853276253 -0.07554994523525238
v -0.03223133832216262 -0.016306394711136818 -0.0755375474691391
v -0.03287027776241302 -0.018085891380906105 -0.07688858360052109
v -0.03223133832216262 -0.016306394711136818 -0.0755375474691391
v -0.03462284803390502 -0.01498382817953825 -0.07689400762319565
v -0.03462284803390502 -0.01498382817953825 -0.07689400762319565
v -0.03223133832216262 -0.016306394711136818 -0.0755375474691391
v -0.0339331105351448 -0.01324192713946104 -0.07549575716257095
v -0.03462284803390502 -0.01498382817953825 -0.07689400762319565
v -0.0339331105351448 -0.01324192713946104 -0.07549575716257095
v -0.035350367426872246 -0.010019290260970592 -0.07542674243450165
v -0.0069661280140280715 -0.03305250033736229 -0.07459289580583572
v -0.003492347197607159 -0.033445317298173904 -0.07441607862710953
v -0.0033160664606839414 -0.02818998135626316 -0.07255079597234726
v -0.03572570532560348 0.00372478854842484 -0.07176963984966278
v -0.037797711789607995 0.0002827917051035911 -0.07507586479187012
v -0.035267323255538933 0.0003379669797141105 -0.07206033915281296
v -0.035267323255538933 0.0003379669797141105 -0.07206033915281296
v -0.037797711789607995 0.0002827917051035911 -0.07507586479187012
v -0.03728967905044555 -0.0032235782127827406 -0.07521526515483856
v -0.035267323255538933 0.0003379669797141105 -0.07206033915281296
v -0.03728967905044555 -0.0032235782127827406 -0.07521526515483856
v -0.03451562672853469 -0.0029869552236050367 -0.07232456654310226
v -0.03451562672853469 -0.0029869552236050367 -0.07232456654310226
v -0.03728967905044555 -0.0032235782127827406 -0.07521526515483856
v -0.036472059786319726 -0.006668994668871164 -0.0753326341509819
v -0.03451562672853469 -0.0029869552236050367 -0.07232456654310226
v -0.036472059786319726 -0.006668994668871164 -0.0753326341509819
v -0.033475138247013085 -0.006215202156454325 -0.07255975157022476
v -0.033475138247013085 -0.006215202156454325 -0.07255975157022476
v -0.036472059786319726 -0.006668994668871164 -0.0753326341509819
v -0.035350367426872246 -0.010019290260970592 -0.07542674243450165
v -0.033475138247013085 -0.006215202156454325 -0.07255975157022476
v -0.035350367426872246 -0.010019290260970592 -0.07542674243450165
v -0.0321531519293785 -0.009313742630183697 -0.07276289910078049
v -0.0321531519293785 -0.009313742630183697 -0.07276289910078049
v -0.035350367426872246 -0.010019290260970592 -0.07542674243450165
v -0.0339331105351448 -0.01324192713946104 -0.07549575716257095
v -0.0321531519293785 -0.009313742630183697 -0.07276289910078049
v -0.0339331105351448 -0.01324192713946104 -0.07549575716257095
v -0.03055930137634277 -0.012251759879291058 -0.07293085753917694
v -0.03055930137634277 -0.012251759879291058 -0.07293085753917694
v -0.0339331105351448 -0.01324192713946104 -0.07549575716257095
v -0.03223133832216262 -0.016306394711136818 -0.0755375474691391
v -0.03055930137634277 -0.012251759879291058 -0.07293085753917694
v -0.03223133832216262 -0.016306394711136818 -0.0755375474691391
v -0.028705134987831112 -0.015001076273620129 -0.07306063920259476
v -0.028705134987831112 -0.015001076273620129 -0.07306063920259476
v -0.03223133832216262 -0.016306394711136818 -0.0755375474691391
v -0.030258201062679287 -0.019184650853276253 -0.07554994523525238
v -0.028705134987831112 -0.015001076273620129 -0.07306063920259476
v -0.030258201062679287 -0.019184650853276253 -0.07554994523525238
v -0.026603654026985165 -0.017536649480462074 -0.07314969599246979
v -0.026603654026985165 -0.017536649480462074 -0.07314969599246979
v -0.030258201062679287 -0.019184650853276253 -0.07554994523525238
v -0.028028465807437893 -0.021851496770977974 -0.075531005859375
v -0.026603654026985165 -0.017536649480462074 -0.07314969599246979
v -0.028028465807437893 -0.021851496770977974 -0.075531005859375
v -0.024270057678222653 -0.0198370311409235 -0.07319623976945877
v -0.024270057678222653 -0.0198370311409235 -0.07319623976945877
v -0.028028465807437893 -0.021851496770977974 -0.075531005859375
v -0.025558903813362118 -0.024284901097416878 -0.07547932863235474
v -0.024270057678222653 -0.0198370311409235 -0.07319623976945877
v -0.025558903813362118 -0.024284901097416878 -0.07547932863235474
v -0.021723821759223935 -0.02188398875296116 -0.07319959998130798
v -0.021723821759223935 -0.02188398875296116 -0.07319959998130798
v -0.025558903813362118 -0.024284901097416878 -0.07547932863235474
v -0.022869706153869625 -0.026465417817234993 -0.07539462298154831
v -0.021723821759223935 -0.02188398875296116 -0.07319959998130798
v -0.022869706153869625 -0.026465417817234993 -0.07539462298154831
v -0.01898632943630218 -0.023661727085709572 -0.07316084951162338
v -0.01898632943630218 -0.023661727085709572 -0.07316084951162338
v -0.022869706153869625 -0.026465417817234993 -0.07539462298154831
v -0.019982881844043728 -0.02837553061544895 -0.07527808099985123
v -0.01898632943630218 -0.023661727085709572 -0.07316084951162338
v -0.019982881844043728 -0.02837553061544895 -0.07527808099985123
v -0.01608062535524368 -0.025157274678349495 -0.07308322936296463
v -0.01608062535524368 -0.025157274678349495 -0.07308322936296463
v -0.019982881844043728 -0.02837553061544895 -0.07527808099985123
v -0.016922153532505032 -0.03000004030764103 -0.0751328319311142
v -0.01608062535524368 -0.025157274678349495 -0.07308322936296463
v -0.016922153532505032 -0.03000004030764103 -0.0751328319311142
v -0.013031779788434504 -0.026361102238297462 -0.0729726105928421
v -0.013031779788434504 -0.026361102238297462 -0.0729726105928421
v -0.016922153532505032 -0.03000004030764103 -0.0751328319311142
v -0.01371327694505453 -0.0313265286386013 -0.07496427744626999
v -0.013031779788434504 -0.026361102238297462 -0.0729726105928421
v -0.01371327694505453 -0.0313265286386013 -0.07496427744626999
v -0.00986730959266424 -0.02726765163242817 -0.07283798605203629
v -0.00986730959266424 -0.02726765163242817 -0.07283798605203629
v -0.01371327694505453 -0.0313265286386013 -0.07496427744626999
v -0.010384350083768366 -0.03234582766890526 -0.07478054612874985
v -0.00986730959266424 -0.02726765163242817 -0.07283798605203629
v -0.010384350083768366 -0.03234582766890526 -0.07478054612874985
v -0.00661755260080099 -0.027875909581780434 -0.07269187271595001
v -0.003555639879778027 -0.035625968128442764 -0.075554758310318
v -0.003492347197607159 -0.033445317298173904 -0.07441607862710953
v -0.007090731523931026 -0.03520166501402855 -0.07573623955249786
v -0.007090731523931026 -0.03520166501402855 -0.07573623955249786
v -0.003492347197607159 -0.033445317298173904 -0.07441607862710953
v -0.0069661280140280715 -0.03305250033736229 -0.07459289580583572
v -0.007090731523931026 -0.03520166501402855 -0.07573623955249786
v -0.0069661280140280715 -0.03305250033736229 -0.07459289580583572
v -0.010569005273282526 -0.03445800766348839 -0.07592994719743729
v 7.627915521446481e-10 -0.035865668207407 -0.07548423111438751
v 7.627915521446481e-10 -0.03478525951504707 -0.07487104833126068
v -0.003555639879778027 -0.035625968128442764 -0.075554758310318
v -0.003555639879778027 -0.035625968128442764 -0.075554758310318
v 7.627915521446481e-10 -0.03478525951504707 -0.07487104833126068
v 7.627915521446481e-10 -0.03366948291659355 -0.0743318572640419
v -0.003555639879778027 -0.035625968128442764 -0.075554758310318
v 7.627915521446481e-10 -0.03366948291659355 -0.0743318572640419
v -0.003492347197607159 -0.033445317298173904 -0.07441607862710953
v -0.003492347197607159 -0.033445317298173904 -0.07441607862710953
v 7.627915521446481e-10 -0.03366948291659355 -0.0743318572640419
v 7.627915521446481e-10 -0.03352770581841469 -0.07426879554986954
v -0.003492347197607159 -0.033445317298173904 -0.07441607862710953
v 7.627915521446481e-10 -0.03352770581841469 -0.07426879554986954
v -0.0033160664606839414 -0.02818998135626316 -0.07255079597234726
v -0.0033160664606839414 -0.02818998135626316 -0.07255079597234726
v 7.627915521446481e-10 -0.03352770581841469 -0.07426879554986954
v 7.627915521446481e-10 -0.030181417241692543 -0.07302407175302505
v -0.0033160664606839414 -0.02818998135626316 -0.07255079597234726
v 7.627915521446481e-10 -0.030181417241692543 -0.07302407175302505
v 7.627915521446481e-10 -0.028359616175293922 -0.07247553765773773
v -0.037797711789607995 0.0002827917051035911 -0.07507586479187012
v -0.039357014000415795 -0.002807753859087825 -0.07832229137420654
v -0.03728967905044555 -0.0032235782127827406 -0.07521526515483856
v -0.03728967905044555 -0.0032235782127827406 -0.07521526515483856
v -0.039357014000415795 -0.002807753859087825 -0.07832229137420654
v -0.03877213597297668 -0.006373079959303141 -0.07835228741168976
v -0.03728967905044555 -0.0032235782127827406 -0.07521526515483856
v -0.03877213597297668 -0.006373079959303141 -0.07835228741168976
v -0.036472059786319726 -0.006668994668871164 -0.0753326341509819
v -0.036472059786319726 -0.006668994668871164 -0.0753326341509819
v -0.03877213597297668 -0.006373079959303141 -0.07835228741168976
v -0.03787082433700561 -0.009874152950942516 -0.07836608588695526
v -0.036472059786319726 -0.006668994668871164 -0.0753326341509819
v -0.03787082433700561 -0.009874152950942516 -0.07836608588695526
v -0.035350367426872246 -0.010019290260970592 -0.07542674243450165
v -0.035350367426872246 -0.010019290260970592 -0.07542674243450165
v -0.03787082433700561 -0.009874152950942516 -0.07836608588695526
v -0.03665964305400848 -0.013278509490191936 -0.0783633440732956
v -0.035350367426872246 -0.010019290260970592 -0.07542674243450165
v -0.03665964305400848 -0.013278509490191936 -0.0783633440732956
v -0.03462284803390502 -0.01498382817953825 -0.07689400762319565
v -0.03462284803390502 -0.01498382817953825 -0.07689400762319565
v -0.03665964305400848 -0.013278509490191936 -0.0783633440732956
v -0.03514813631772994 -0.01655515469610691 -0.07834316045045853
v -0.03462284803390502 -0.01498382817953825 -0.07689400762319565
v -0.03514813631772994 -0.01655515469610691 -0.07834316045045853
v -0.03287027776241302 -0.018085891380906105 -0.07688858360052109
v -0.03287027776241302 -0.018085891380906105 -0.07688858360052109
v -0.03514813631772994 -0.01655515469610691 -0.07834316045045853
v -0.03334845602512359 -0.01967492885887623 -0.07830426096916199
v -0.03287027776241302 -0.018085891380906105 -0.07688858360052109
v -0.03334845602512359 -0.01967492885887623 -0.07830426096916199
v -0.030843921005725857 -0.021002890542149544 -0.07685834169387817
v -0.030843921005725857 -0.021002890542149544 -0.07685834169387817
v -0.03334845602512359 -0.01967492885887623 -0.07830426096916199
v -0.031274914741516106 -0.022610807791352272 -0.07824524492025375
v -0.030843921005725857 -0.021002890542149544 -0.07685834169387817
v -0.031274914741516106 -0.022610807791352272 -0.07824524492025375
v -0.028559304773807522 -0.023709842935204506 -0.07680162787437439
v -0.028943620622158047 -0.02533826418220997 -0.07816475629806519
v -0.028559304773807522 -0.023709842935204506 -0.07680162787437439
v -0.028943620622158047 -0.02533826418220997 -0.07816475629806519
v -0.026033826172351834 -0.026184754446148872 -0.07671726495027542
v -0.026033826172351834 -0.026184754446148872 -0.07671726495027542
v -0.028943620622158047 -0.02533826418220997 -0.07816475629806519
v -0.026372469961643216 -0.027835482731461525 -0.07806183397769928
v -0.026033826172351834 -0.026184754446148872 -0.07671726495027542
v -0.026372469961643216 -0.027835482731461525 -0.07806183397769928
v -0.02328786253929138 -0.028407881036400795 -0.07660507410764694
v -0.02328786253929138 -0.028407881036400795 -0.07660507410764694
v -0.026372469961643216 -0.027835482731461525 -0.07806183397769928
v -0.023581877350807186 -0.0300827044993639 -0.07793641090393066
v -0.02328786253929138 -0.028407881036400795 -0.07660507410764694
v -0.023581877350807186 -0.0300827044993639 -0.07793641090393066
v -0.020343534648418423 -0.030361296609044075 -0.07646627724170685
v -0.020343534648418423 -0.030361296609044075 -0.07646627724170685
v -0.023581877350807186 -0.0300827044993639 -0.07793641090393066
v -0.02059400081634521 -0.03206181898713112 -0.07778963446617126
v -0.020343534648418423 -0.030361296609044075 -0.07646627724170685
v -0.02059400081634521 -0.03206181898713112 -0.07778963446617126
v -0.01722469180822372 -0.0320291630923748 -0.07630376517772675
v -0.01722469180822372 -0.0320291630923748 -0.07630376517772675
v -0.02059400081634521 -0.03206181898713112 -0.07778963446617126
v -0.017432659864425656 -0.03375670686364174 -0.07762407511472702
v -0.01722469180822372 -0.0320291630923748 -0.07630376517772675
v -0.017432659864425656 -0.03375670686364174 -0.07762407511472702
v -0.013957171700894831 -0.03339817747473717 -0.07612252235412598
v 8.213372204579626e-09 -0.04099636152386665 -0.0846523717045784
v 8.213372204579626e-09 -0.04093097522854805 -0.0835229754447937
v -0.004160060547292232 -0.04078840836882591 -0.08500000089406967
v -0.004160060547292232 -0.04078840836882591 -0.08500000089406967
v 8.213372204579626e-09 -0.04093097522854805 -0.0835229754447937
v -0.0035886385012418027 -0.04062708839774132 -0.08250794559717178
v -0.004160060547292232 -0.04078840836882591 -0.08500000089406967
v -0.0035886385012418027 -0.04062708839774132 -0.08250794559717178
v -0.0070419376716017714 -0.0403907336294651 -0.08500000089406967
v -0.0070419376716017714 -0.0403907336294651 -0.08500000089406967
v -0.0035886385012418027 -0.04062708839774132 -0.08250794559717178
v -0.007151327095925807 -0.04015769436955452 -0.08257590234279633
v -0.0070419376716017714 -0.0403907336294651 -0.08500000089406967
v -0.007151327095925807 -0.04015769436955452 -0.08257590234279633
v -0.012308864854276179 -0.03910871967673302 -0.08500000089406967
v -0.007151327095925807 -0.04015769436955452 -0.08257590234279633
v -0.01065904553979635 -0.03937755897641182 -0.08264908939599991
v -0.012308864854276179 -0.03910871967673302 -0.08500000089406967
v -0.012308864854276179 -0.03910871967673302 -0.08500000089406967
v -0.01065904553979635 -0.03937755897641182 -0.08264908939599991
v -0.014083861373364924 -0.03829284384846687 -0.0827239379286766
v -0.012308864854276179 -0.03910871967673302 -0.08500000089406967
v -0.014083861373364924 -0.03829284384846687 -0.0827239379286766
v -0.017148539423942562 -0.03724147751927376 -0.08500000089406967
v -0.017148539423942562 -0.03724147751927376 -0.08500000089406967
v -0.014083861373364924 -0.03829284384846687 -0.0827239379286766
v -0.01739900559186935 -0.03691214695572853 -0.08279769122600555
v -0.017148539423942562 -0.03724147751927376 -0.08500000089406967
v -0.01739900559186935 -0.03691214695572853 -0.08279769122600555
v -0.01995078474283218 -0.035818520933389664 -0.08500000089406967
v -0.01995078474283218 -0.035818520933389664 -0.08500000089406967
v -0.01739900559186935 -0.03691214695572853 -0.08279769122600555
v -0.020578898489475247 -0.0352463461458683 -0.0828683152794838
v -6.687788989268028e-09 -0.03758649155497551 -0.07674703747034073
v 7.627915521446481e-10 -0.035865668207407 -0.07548423111438751
v -0.003598897950723767 -0.0374605618417263 -0.0768946036696434
v -0.003598897950723767 -0.0374605618417263 -0.0768946036696434
v 7.627915521446481e-10 -0.035865668207407 -0.07548423111438751
v -0.003555639879778027 -0.035625968128442764 -0.075554758310318
v -0.003598897950723767 -0.0374605618417263 -0.0768946036696434
v -0.003555639879778027 -0.035625968128442764 -0.075554758310318
v -0.007175422273576259 -0.03701186552643776 -0.07706918567419052
v -0.007175422273576259 -0.03701186552643776 -0.07706918567419052
v -0.003555639879778027 -0.035625968128442764 -0.075554758310318
v -0.007090731523931026 -0.03520166501402855 -0.07573623955249786
v -0.007175422273576259 -0.03701186552643776 -0.07706918567419052
v -0.007090731523931026 -0.03520166501402855 -0.07573623955249786
v -0.010694473050534723 -0.0362413190305233 -0.0772562101483345
v -0.010694473050534723 -0.0362413190305233 -0.0772562101483345
v -0.007090731523931026 -0.03520166501402855 -0.07573623955249786
v -0.010569005273282526 -0.03445800766348839 -0.07592994719743729
v -0.010694473050534723 -0.0362413190305233 -0.0772562101483345
v -0.010569005273282526 -0.03445800766348839 -0.07592994719743729
v -0.014123558066785334 -0.035153571516275406 -0.07744412124156952
v -0.032489009201526635 -0.025009283795952797 -0.08500000089406967
v -0.028739474713802334 -0.02924111671745777 -0.08500000089406967
v -0.029071338474750515 -0.028678366914391518 -0.08304999768733978
v -0.029071338474750515 -0.028678366914391518 -0.08304999768733978
v -0.028739474713802334 -0.02924111671745777 -0.08500000089406967
v -0.026771120727062222 -0.031053291633725166 -0.08500000089406967
v -0.029071338474750515 -0.028678366914391518 -0.08304999768733978
v -0.026771120727062222 -0.031053291633725166 -0.08500000089406967
v -0.026437252759933468 -0.031113529577851295 -0.08299510926008224
v -0.026437252759933468 -0.031113529577851295 -0.08299510926008224
v -0.026771120727062222 -0.031053291633725166 -0.08500000089406967
v -0.026111975312232968 -0.03160956874489784 -0.08500000089406967
v -0.026437252759933468 -0.031113529577851295 -0.08299510926008224
v -0.026111975312232968 -0.03160956874489784 -0.08500000089406967
v -0.0235992819070816 -0.033308472484350204 -0.0829344093799591
v -0.0235992819070816 -0.033308472484350204 -0.0829344093799591
v -0.026111975312232968 -0.03160956874489784 -0.08500000089406967
v -0.023290097713470456 -0.03374272212386131 -0.08500000089406967
v -0.0235992819070816 -0.033308472484350204 -0.0829344093799591
v -0.023290097713470456 -0.03374272212386131 -0.08500000089406967
v -0.020578898489475247 -0.0352463461458683 -0.0828683152794838
v -0.020578898489475247 -0.0352463461458683 -0.0828683152794838
v -0.023290097713470456 -0.03374272212386131 -0.08500000089406967
v -0.02029486000537872 -0.03562469407916069 -0.08500000089406967
v -0.020578898489475247 -0.0352463461458683 -0.0828683152794838
v -0.02029486000537872 -0.03562469407916069 -0.08500000089406967
v -0.01995078474283218 -0.035818520933389664 -0.08500000089406967
v -0.037994116544723504 0.00381469470448792 -0.0749148428440094
v -0.03588945418596267 0.007137445267289877 -0.07145430147647858
v -0.03788074851036071 0.007335891481488943 -0.0747315064072609
v -0.03788074851036071 0.007335891481488943 -0.0747315064072609
v -0.03588945418596267 0.007137445267289877 -0.07145430147647858
v -0.03576090931892394 0.010539037175476551 -0.07111510634422302
v -0.03788074851036071 0.007335891481488943 -0.0747315064072609
v -0.03576090931892394 0.010539037175476551 -0.07111510634422302
v -0.03746382892131805 0.010809884406626225 -0.07452383637428284
v -0.03746382892131805 0.010809884406626225 -0.07452383637428284
v -0.03576090931892394 0.010539037175476551 -0.07111510634422302
v -0.03534655272960662 0.013892562128603458 -0.07075168937444687
v -0.03746382892131805 0.010809884406626225 -0.07452383637428284
v -0.03534655272960662 0.013892562128603458 -0.07075168937444687
v -0.036754302680492394 0.01420209277421236 -0.07428968697786331
v -0.016834147274494168 0.04032836854457855 -0.06610375642776489
v -0.01785345375537872 0.03853665664792061 -0.07104453444480896
v -0.019221208989620205 0.038965169340372086 -0.06646599620580673
v -0.019221208989620205 0.038965169340372086 -0.06646599620580673
v -0.01785345375537872 0.03853665664792061 -0.07104453444480896
v -0.02039776742458343 0.03706889599561691 -0.07136023789644241
v -0.019221208989620205 0.038965169340372086 -0.06646599620580673
v -0.02039776742458343 0.03706889599561691 -0.07136023789644241
v -0.02151740342378616 0.03738721087574959 -0.06686080992221832
v -0.02151740342378616 0.03738721087574959 -0.06686080992221832
v -0.02039776742458343 0.03706889599561691 -0.07136023789644241
v -0.02284535020589828 0.035379938781261444 -0.07169581204652786
v -0.02151740342378616 0.03738721087574959 -0.06686080992221832
v -0.02284535020589828 0.035379938781261444 -0.07169581204652786
v -0.023710325360298153 0.03558775782585144 -0.06728199869394302
v -0.023710325360298153 0.03558775782585144 -0.06728199869394302
v -0.02284535020589828 0.035379938781261444 -0.07169581204652786
v -0.02518168836832046 0.03346559777855873 -0.07204501330852509
v -0.023710325360298153 0.03558775782585144 -0.06728199869394302
v -0.02518168836832046 0.03346559777855873 -0.07204501330852509
v -0.02578473091125488 0.03356306254863739 -0.0677221417427063
v -0.02578473091125488 0.03356306254863739 -0.0677221417427063
v -0.02518168836832046 0.03346559777855873 -0.07204501330852509
v -0.027389414608478543 0.031323883682489395 -0.07240036875009537
v -0.02578473091125488 0.03356306254863739 -0.0677221417427063
v -0.027389414608478543 0.031323883682489395 -0.07240036875009537
v -0.027723386883735653 0.03131575882434845 -0.06817366927862167
v -0.027723386883735653 0.03131575882434845 -0.06817366927862167
v -0.027389414608478543 0.031323883682489395 -0.07240036875009537
v -0.029449254274368283 0.028958050534129143 -0.07275419682264328
v -0.027723386883735653 0.03131575882434845 -0.06817366927862167
v -0.029449254274368283 0.028958050534129143 -0.07275419682264328
v -0.029506675899028775 0.02885354682803154 -0.06862923502922058
v -0.029506675899028775 0.02885354682803154 -0.06862923502922058
v -0.029449254274368283 0.028958050534129143 -0.07275419682264328
v -0.031339801847934716 0.026376189664006233 -0.07309948652982712
v -0.029506675899028775 0.02885354682803154 -0.06862923502922058
v -0.031339801847934716 0.026376189664006233 -0.07309948652982712
v -0.03111341595649719 0.026188688352704048 -0.06908192485570908
v -0.03111341595649719 0.026188688352704048 -0.06908192485570908
v -0.031339801847934716 0.026376189664006233 -0.07309948652982712
v -0.03303833305835723 0.023590875789523125 -0.0734301209449768
v -0.03111341595649719 0.026188688352704048 -0.06908192485570908
v -0.03303833305835723 0.023590875789523125 -0.0734301209449768
v -0.03252173960208892 0.023337742313742638 -0.06952545791864395
v -0.03252173960208892 0.023337742313742638 -0.06952545791864395
v -0.03303833305835723 0.023590875789523125 -0.0734301209449768
v -0.03452171385288238 0.020618921145796776 -0.07374105602502823
v -0.03252173960208892 0.023337742313742638 -0.06952545791864395
v -0.03452171385288238 0.020618921145796776 -0.07374105602502823
v -0.03371001034975051 0.020321285352110863 -0.06995435804128647
v -0.03371001034975051 0.020321285352110863 -0.06995435804128647
v -0.03452171385288238 0.020618921145796776 -0.07374105602502823
v -0.03576739132404327 0.017481135204434395 -0.07402841746807098
v -0.03371001034975051 0.020321285352110863 -0.06995435804128647
v -0.03576739132404327 0.017481135204434395 -0.07402841746807098
v -0.03465776145458221 0.017163636162877083 -0.07036417722702026
v -0.03962231427431106 0.0007882502395659685 -0.0782756581902504
v -0.037994116544723504 0.00381469470448792 -0.0749148428440094
v -0.039568699896335595 0.004380540456622839 -0.0782109797000885
v -0.039568699896335595 0.004380540456622839 -0.0782109797000885
v -0.037994116544723504 0.00381469470448792 -0.0749148428440094
v -0.03788074851036071 0.007335891481488943 -0.0747315064072609
v -0.039568699896335595 0.004380540456622839 -0.0782109797000885
v -0.03788074851036071 0.007335891481488943 -0.0747315064072609
v -0.0392010286450386 0.007934370078146458 -0.07812564074993134
v -0.0392010286450386 0.007934370078146458 -0.07812564074993134
v -0.03788074851036071 0.007335891481488943 -0.0747315064072609
v -0.03746382892131805 0.010809884406626225 -0.07452383637428284
v -0.0392010286450386 0.007934370078146458 -0.07812564074993134
v -0.03746382892131805 0.010809884406626225 -0.07452383637428284
v -0.038528315722942345 0.011416108347475529 -0.07801645249128342
v -0.038528315722942345 0.011416108347475529 -0.07801645249128342
v -0.03746382892131805 0.010809884406626225 -0.07452383637428284
v -0.036754302680492394 0.01420209277421236 -0.07428968697786331
v -0.038528315722942345 0.011416108347475529 -0.07801645249128342
v -0.036754302680492394 0.01420209277421236 -0.07428968697786331
v -0.03756371140480041 0.014794734306633472 -0.07788141816854477
v -0.015224202536046503 0.039788007736206055 -0.07075344026088715
v -0.016199126839637753 0.038423988968133926 -0.07562552392482758
v -0.01785345375537872 0.03853665664792061 -0.07104453444480896
v -0.01785345375537872 0.03853665664792061 -0.07104453444480896
v -0.016199126839637753 0.038423988968133926 -0.07562552392482758
v -0.018991261720657345 0.03705114498734474 -0.07585261017084122
v -0.01785345375537872 0.03853665664792061 -0.07104453444480896
v -0.018991261720657345 0.03705114498734474 -0.07585261017084122
v -0.02039776742458343 0.03706889599561691 -0.07136023789644241
v -0.02039776742458343 0.03706889599561691 -0.07136023789644241
v -0.018991261720657345 0.03705114498734474 -0.07585261017084122
v -0.021685086190700528 0.035449232906103134 -0.07609350979328156
v -0.02039776742458343 0.03706889599561691 -0.07136023789644241
v -0.021685086190700528 0.035449232906103134 -0.07609350979328156
v -0.02284535020589828 0.035379938781261444 -0.07169581204652786
v -0.02284535020589828 0.035379938781261444 -0.07169581204652786
v -0.021685086190700528 0.035449232906103134 -0.07609350979328156
v -0.02426601946353912 0.03361804410815239 -0.07634395360946655
v -0.02284535020589828 0.035379938781261444 -0.07169581204652786
v -0.02426601946353912 0.03361804410815239 -0.07634395360946655
v -0.02518168836832046 0.03346559777855873 -0.07204501330852509
v -0.02518168836832046 0.03346559777855873 -0.07204501330852509
v -0.02426601946353912 0.03361804410815239 -0.07634395360946655
v -0.02671730518341064 0.03155805543065071 -0.07659862190485
v -0.02518168836832046 0.03346559777855873 -0.07204501330852509
v -0.02671730518341064 0.03155805543065071 -0.07659862190485
v -0.027389414608478543 0.031323883682489395 -0.07240036875009537
v -0.027389414608478543 0.031323883682489395 -0.07240036875009537
v -0.02671730518341064 0.03155805543065071 -0.07659862190485
v -0.029019989073276516 0.029271399602293968 -0.07685112953186035
v -0.027389414608478543 0.031323883682489395 -0.07240036875009537
v -0.029019989073276516 0.029271399602293968 -0.07685112953186035
v -0.029449254274368283 0.028958050534129143 -0.07275419682264328
v -0.029449254274368283 0.028958050534129143 -0.07275419682264328
v -0.029019989073276516 0.029271399602293968 -0.07685112953186035
v -0.03115385770797729 0.026764174923300743 -0.07709478586912155
v -0.029449254274368283 0.028958050534129143 -0.07275419682264328
v -0.03115385770797729 0.026764174923300743 -0.07709478586912155
v -0.031339801847934716 0.026376189664006233 -0.07309948652982712
v -0.031339801847934716 0.026376189664006233 -0.07309948652982712
v -0.03115385770797729 0.026764174923300743 -0.07709478586912155
v -0.03309728950262069 0.024046720936894417 -0.0773238018155098
v -0.031339801847934716 0.026376189664006233 -0.07309948652982712
v -0.03309728950262069 0.024046720936894417 -0.0773238018155098
v -0.03303833305835723 0.023590875789523125 -0.0734301209449768
v -0.03303833305835723 0.023590875789523125 -0.0734301209449768
v -0.03309728950262069 0.024046720936894417 -0.0773238018155098
v -0.034827984869480126 0.02113335020840168 -0.07753343135118484
v -0.03303833305835723 0.023590875789523125 -0.0734301209449768
v -0.034827984869480126 0.02113335020840168 -0.07753343135118484
v -0.03452171385288238 0.020618921145796776 -0.07374105602502823
v -0.03452171385288238 0.020618921145796776 -0.07374105602502823
v -0.034827984869480126 0.02113335020840168 -0.07753343135118484
v -0.036323830485343926 0.01804214157164097 -0.07772008329629898
v -0.03452171385288238 0.020618921145796776 -0.07374105602502823
v -0.036323830485343926 0.01804214157164097 -0.07772008329629898
v -0.03576739132404327 0.017481135204434395 -0.07402841746807098
v -0.02021854370832443 0.03584594279527664 -0.08050814270973206
v -0.01995078474283218 0.035818517208099365 -0.08500000089406967
v -0.02304291725158691 0.03407341241836548 -0.08064410090446472
v -0.02304291725158691 0.03407341241836548 -0.08064410090446472
v -0.01995078474283218 0.035818517208099365 -0.08500000089406967
v -0.024443633854389187 0.03291669115424156 -0.08500000089406967
v -0.02304291725158691 0.03407341241836548 -0.08064410090446472
v -0.024443633854389187 0.03291669115424156 -0.08500000089406967
v -0.025726325809955593 0.0320633202791214 -0.08078274130821228
v -0.024443633854389187 0.03291669115424156 -0.08500000089406967
v -0.026771120727062222 0.031053295359015465 -0.08500000089406967
v -0.025726325809955593 0.0320633202791214 -0.08078274130821228
v -0.025726325809955593 0.0320633202791214 -0.08078274130821228
v -0.026771120727062222 0.031053295359015465 -0.08500000089406967
v -0.027190022170543667 0.030687177553772926 -0.08500000089406967
v -0.025726325809955593 0.0320633202791214 -0.08078274130821228
v -0.027190022170543667 0.030687177553772926 -0.08500000089406967
v -0.02824997156858444 0.029823048040270805 -0.08092077821493149
v -0.02824997156858444 0.029823048040270805 -0.08092077821493149
v -0.027190022170543667 0.030687177553772926 -0.08500000089406967
v -0.029734000563621518 0.02822922356426716 -0.08500000089406967
v -0.02824997156858444 0.029823048040270805 -0.08092077821493149
v -0.029734000563621518 0.02822922356426716 -0.08500000089406967
v -0.030594311654567715 0.027361450716853142 -0.08105426281690598
v -0.030594311654567715 0.027361450716853142 -0.08105426281690598
v -0.029734000563621518 0.02822922356426716 -0.08500000089406967
v -0.03205664455890655 0.02556113712489605 -0.08500000089406967
v -0.030594311654567715 0.027361450716853142 -0.08105426281690598
v -0.03205664455890655 0.02556113712489605 -0.08500000089406967
v -0.03273966908454894 0.024690082296729088 -0.08117902278900146
v -0.012063114903867243 0.04300975427031517 -0.06356846541166306
v -0.012220761738717554 0.042536213994026184 -0.06482348591089249
v -0.016834147274494168 0.04032836854457855 -0.06610375642776489
v -0.016834147274494168 0.04032836854457855 -0.06610375642776489
v -0.012220761738717554 0.042536213994026184 -0.06482348591089249
v -0.012797719798982142 0.041125617921352386 -0.06895560026168823
v -0.016834147274494168 0.04032836854457855 -0.06610375642776489
v -0.012797719798982142 0.041125617921352386 -0.06895560026168823
v -0.015224202536046503 0.039788007736206055 -0.07075344026088715
v -0.015224202536046503 0.039788007736206055 -0.07075344026088715
v -0.012797719798982142 0.041125617921352386 -0.06895560026168823
v -0.013662203215062617 0.03965010121464729 -0.0742526724934578
v -0.015224202536046503 0.039788007736206055 -0.07075344026088715
v -0.013662203215062617 0.03965010121464729 -0.0742526724934578
v -0.016199126839637753 0.038423988968133926 -0.07562552392482758
v -0.016199126839637753 0.038423988968133926 -0.07562552392482758
v -0.013662203215062617 0.03965010121464729 -0.0742526724934578
v -0.01727117598056793 0.037374645471572876 -0.08037760108709335
v -0.016199126839637753 0.038423988968133926 -0.07562552392482758
v -0.01727117598056793 0.037374645471572876 -0.08037760108709335
v -0.018991261720657345 0.03705114498734474 -0.07585261017084122
v -0.018991261720657345 0.03705114498734474 -0.07585261017084122
v -0.01727117598056793 0.037374645471572876 -0.08037760108709335
v -0.02021854370832443 0.03584594279527664 -0.08050814270973206
v -0.018991261720657345 0.03705114498734474 -0.07585261017084122
v -0.02021854370832443 0.03584594279527664 -0.08050814270973206
v -0.021685086190700528 0.035449232906103134 -0.07609350979328156
v -0.021685086190700528 0.035449232906103134 -0.07609350979328156
v -0.02021854370832443 0.03584594279527664 -0.08050814270973206
v -0.02304291725158691 0.03407341241836548 -0.08064410090446472
v -0.021685086190700528 0.035449232906103134 -0.07609350979328156
v -0.02304291725158691 0.03407341241836548 -0.08064410090446472
v -0.02426601946353912 0.03361804410815239 -0.07634395360946655
v -0.02426601946353912 0.03361804410815239 -0.07634395360946655
v -0.02304291725158691 0.03407341241836548 -0.08064410090446472
v -0.025726325809955593 0.0320633202791214 -0.08078274130821228
v -0.02426601946353912 0.03361804410815239 -0.07634395360946655
v -0.025726325809955593 0.0320633202791214 -0.08078274130821228
v -0.02671730518341064 0.03155805543065071 -0.07659862190485
v -0.02671730518341064 0.03155805543065071 -0.07659862190485
v -0.025726325809955593 0.0320633202791214 -0.08078274130821228
v -0.02824997156858444 0.029823048040270805 -0.08092077821493149
v -0.02671730518341064 0.03155805543065071 -0.07659862190485
v -0.02824997156858444 0.029823048040270805 -0.08092077821493149
v -0.029019989073276516 0.029271399602293968 -0.07685112953186035
v -0.029019989073276516 0.029271399602293968 -0.07685112953186035
v -0.02824997156858444 0.029823048040270805 -0.08092077821493149
v -0.030594311654567715 0.027361450716853142 -0.08105426281690598
v -0.029019989073276516 0.029271399602293968 -0.07685112953186035
v -0.030594311654567715 0.027361450716853142 -0.08105426281690598
v -0.03115385770797729 0.026764174923300743 -0.07709478586912155
v -0.03115385770797729 0.026764174923300743 -0.07709478586912155
v -0.030594311654567715 0.027361450716853142 -0.08105426281690598
v -0.03273966908454894 0.024690082296729088 -0.08117902278900146
v -0.03115385770797729 0.026764174923300743 -0.07709478586912155
v -0.03273966908454894 0.024690082296729088 -0.08117902278900146
v -0.03309728950262069 0.024046720936894417 -0.0773238018155098
v -0.03309728950262069 0.024046720936894417 -0.0773238018155098
v -0.03273966908454894 0.024690082296729088 -0.08117902278900146
v -0.03466627746820449 0.021823620423674583 -0.08129151910543442
v -0.03309728950262069 0.024046720936894417 -0.0773238018155098
v -0.03466627746820449 0.021823620423674583 -0.08129151910543442
v -0.034827984869480126 0.02113335020840168 -0.07753343135118484
v -0.034827984869480126 0.02113335020840168 -0.07753343135118484
v -0.03466627746820449 0.021823620423674583 -0.08129151910543442
v -0.036354787647724145 0.01877967081964016 -0.08138904720544815
v -0.034827984869480126 0.02113335020840168 -0.07753343135118484
v -0.036354787647724145 0.01877967081964016 -0.08138904720544815
v -0.036323830485343926 0.01804214157164097 -0.07772008329629898
v -0.0377868041396141 0.015578587539494038 -0.08146969228982925
v -0.038815326988697045 0.013204948045313358 -0.08500000089406967
v -0.038945436477661126 0.012243282981216908 -0.08153244853019714
v 8.213372204579626e-09 -0.040819574147462845 -0.08266523480415344
v 7.627915521446481e-10 -0.04000009223818779 -0.07993850111961365
v -0.0035886385012418027 -0.04062708839774132 -0.08250794559717178
v -0.0035886385012418027 -0.04062708839774132 -0.08250794559717178
v 7.627915521446481e-10 -0.04000009223818779 -0.07993850111961365
v -0.00361695815809071 -0.039981160312891006 -0.080339714884758
v -0.0035886385012418027 -0.04062708839774132 -0.08250794559717178
v -0.00361695815809071 -0.039981160312891006 -0.080339714884758
v -0.007151327095925807 -0.04015769436955452 -0.08257590234279633
v -0.007151327095925807 -0.04015769436955452 -0.08257590234279633
v -0.00361695815809071 -0.039981160312891006 -0.080339714884758
v -0.007208778522908687 -0.039509158581495285 -0.080458864569664
v -0.007151327095925807 -0.04015769436955452 -0.08257590234279633
v -0.007208778522908687 -0.039509158581495285 -0.080458864569664
v -0.01065904553979635 -0.03937755897641182 -0.08264908939599991
v -0.01065904553979635 -0.03937755897641182 -0.08264908939599991
v -0.007208778522908687 -0.039509158581495285 -0.080458864569664
v -0.010743974708020685 -0.03871956095099449 -0.08058702945709229
v -0.01065904553979635 -0.03937755897641182 -0.08264908939599991
v -0.010743974708020685 -0.03871956095099449 -0.08058702945709229
v -0.014083861373364924 -0.03829284384846687 -0.0827239379286766
v -0.014083861373364924 -0.03829284384846687 -0.0827239379286766
v -0.010743974708020685 -0.03871956095099449 -0.08058702945709229
v -0.014192736707627772 -0.03761852905154228 -0.080717533826828
v -0.014083861373364924 -0.03829284384846687 -0.0827239379286766
v -0.014192736707627772 -0.03761852905154228 -0.080717533826828
v -0.01739900559186935 -0.03691214695572853 -0.08279769122600555
v -0.01739900559186935 -0.03691214695572853 -0.08279769122600555
v -0.014192736707627772 -0.03761852905154228 -0.080717533826828
v -0.017526932060718533 -0.0362149216234684 -0.08084523677825928
v -0.01739900559186935 -0.03691214695572853 -0.08279769122600555
v -0.017526932060718533 -0.0362149216234684 -0.08084523677825928
v -0.020578898489475247 -0.0352463461458683 -0.0828683152794838
v -0.020578898489475247 -0.0352463461458683 -0.0828683152794838
v -0.017526932060718533 -0.0362149216234684 -0.08084523677825928
v -0.020720012485980984 -0.03452013060450554 -0.08096635341644287
v -0.020578898489475247 -0.0352463461458683 -0.0828683152794838
v -0.020720012485980984 -0.03452013060450554 -0.08096635341644287
v -0.0235992819070816 -0.033308472484350204 -0.0829344093799591
v -0.0235992819070816 -0.033308472484350204 -0.0829344093799591
v -0.020720012485980984 -0.03452013060450554 -0.08096635341644287
v -0.023747064173221585 -0.03254779800772667 -0.08107830584049225
v -0.0235992819070816 -0.033308472484350204 -0.0829344093799591
v -0.023747064173221585 -0.03254779800772667 -0.08107830584049225
v -0.026437252759933468 -0.031113529577851295 -0.08299510926008224
v -0.026437252759933468 -0.031113529577851295 -0.08299510926008224
v -0.023747064173221585 -0.03254779800772667 -0.08107830584049225
v -0.02658472955226898 -0.03031364269554615 -0.08117950707674026
v -0.026437252759933468 -0.031113529577851295 -0.08299510926008224
v -0.02658472955226898 -0.03031364269554615 -0.08117950707674026
v -0.029071338474750515 -0.028678366914391518 -0.08304999768733978
v -0.029071338474750515 -0.028678366914391518 -0.08304999768733978
v -0.02658472955226898 -0.03031364269554615 -0.08117950707674026
v -0.02921120077371597 -0.02783522941172123 -0.08126921206712723
v -0.029071338474750515 -0.028678366914391518 -0.08304999768733978
v -0.02921120077371597 -0.02783522941172123 -0.08126921206712723
v -0.03148160874843597 -0.026021519675850868 -0.08309902250766754
v -0.03148160874843597 -0.026021519675850868 -0.08309902250766754
v -0.02921120077371597 -0.02783522941172123 -0.08126921206712723
v -0.0316062644124031 -0.025131704285740852 -0.08134736120700836
v -0.03148160874843597 -0.026021519675850868 -0.08309902250766754
v -0.0316062644124031 -0.025131704285740852 -0.08134736120700836
v -0.03364977240562438 -0.02316313423216343 -0.08314245194196701
v -0.03364977240562438 -0.02316313423216343 -0.08314245194196701
v -0.0316062644124031 -0.025131704285740852 -0.08134736120700836
v -0.03375156968832015 -0.02222396619617939 -0.08141446858644485
v -0.03364977240562438 -0.02316313423216343 -0.08314245194196701
v -0.03375156968832015 -0.02222396619617939 -0.08141446858644485
v -0.0355592668056488 -0.020125189796090126 -0.08318064361810684
v -0.0355592668056488 -0.020125189796090126 -0.08318064361810684
v -0.03375156968832015 -0.02222396619617939 -0.08141446858644485
v -0.035630457103252404 -0.01913502998650074 -0.08147125691175461
v -0.0355592668056488 -0.020125189796090126 -0.08318064361810684
v -0.035630457103252404 -0.01913502998650074 -0.08147125691175461
v -0.037195377051830285 -0.016931364312767982 -0.08321395516395569
v -0.037195377051830285 -0.016931364312767982 -0.08321395516395569
v -0.035630457103252404 -0.01913502998650074 -0.08147125691175461
v -0.03722812980413436 -0.01588994450867176 -0.08151840418577194
v -0.037195377051830285 -0.016931364312767982 -0.08321395516395569
v -0.03722812980413436 -0.01588994450867176 -0.08151840418577194
v -0.03854548186063766 -0.013606774620711803 -0.08324263244867325
v -0.03854548186063766 -0.013606774620711803 -0.08324263244867325
v -0.03722812980413436 -0.01588994450867176 -0.08151840418577194
v -0.03853194415569305 -0.012515458278357983 -0.08155646920204163
v -0.03854548186063766 -0.013606774620711803 -0.08324263244867325
v -0.03853194415569305 -0.012515458278357983 -0.08155646920204163
v -0.0395992025732994 -0.01017781626433134 -0.08326677978038788
v -0.0395992025732994 -0.01017781626433134 -0.08326677978038788
v -0.03853194415569305 -0.012515458278357983 -0.08155646920204163
v -0.03953167051076888 -0.009039807133376598 -0.08158574253320694
v -0.0395992025732994 -0.01017781626433134 -0.08326677978038788
v -0.03953167051076888 -0.009039807133376598 -0.08158574253320694
v -0.04034860432147979 -0.006671885494142771 -0.08328629285097122
v -0.04034860432147979 -0.006671885494142771 -0.08328629285097122
v -0.03953167051076888 -0.009039807133376598 -0.08158574253320694
v -0.04021977633237838 -0.005492436233907938 -0.08160613477230072
v -0.04034860432147979 -0.006671885494142771 -0.08328629285097122
v -0.04021977633237838 -0.005492436233907938 -0.08160613477230072
v -0.04078839719295501 -0.0031171615701168776 -0.08330077677965164
v -0.04078839719295501 -0.0031171615701168776 -0.08330077677965164
v -0.04021977633237838 -0.005492436233907938 -0.08160613477230072
v -0.040591761469840996 -0.001903711585327983 -0.08161705732345581
v -0.04078839719295501 -0.0031171615701168776 -0.08330077677965164
v -0.040591761469840996 -0.001903711585327983 -0.08161705732345581
v -0.04091611504554748 0.0004575935017783195 -0.08330950140953064
v -0.04091611504554748 0.0004575935017783195 -0.08330950140953064
v -0.040591761469840996 -0.001903711585327983 -0.08161705732345581
v -0.04064636677503585 0.0016953174490481615 -0.08161729574203491
v -0.04091611504554748 0.0004575935017783195 -0.08330950140953064
v -0.04064636677503585 0.0016953174490481615 -0.08161729574203491
v -0.04073225706815719 0.0040232776664197445 -0.0833112895488739
v -0.04073225706815719 0.0040232776664197445 -0.0833112895488739
v -0.04064636677503585 0.0016953174490481615 -0.08161729574203491
v -0.040385864675045006 0.0052732317708432674 -0.08160487562417984
v -0.04073225706815719 0.0040232776664197445 -0.0833112895488739
v -0.040385864675045006 0.0052732317708432674 -0.08160487562417984
v -0.040240161120891564 0.007550952490419149 -0.08330461382865906
v -0.040240161120891564 0.007550952490419149 -0.08330461382865906
v -0.040385864675045006 0.0052732317708432674 -0.08160487562417984
v -0.039815865457057946 0.008799017407000065 -0.08157721906900406
v -0.040240161120891564 0.007550952490419149 -0.08330461382865906
v -0.039815865457057946 0.008799017407000065 -0.08157721906900406
v -0.038945436477661126 0.012243282981216908 -0.08153244853019714
v -0.038815326988697045 0.013204948045313358 -0.08500000089406967
v -0.039730682969093316 0.010122881270945072 -0.08500000089406967
v -0.038945436477661126 0.012243282981216908 -0.08153244853019714
v -0.038945436477661126 0.012243282981216908 -0.08153244853019714
v -0.039730682969093316 0.010122881270945072 -0.08500000089406967
v -0.03980910032987594 0.009809986688196659 -0.08500000089406967
v -0.038945436477661126 0.012243282981216908 -0.08153244853019714
v -0.03980910032987594 0.009809986688196659 -0.08500000089406967
v -0.040240161120891564 0.007550952490419149 -0.08330461382865906
v -0.040240161120891564 0.007550952490419149 -0.08330461382865906
v -0.03980910032987594 0.009809986688196659 -0.08500000089406967
v -0.04050652682781219 0.006342017557471991 -0.08500000089406967
v -0.040240161120891564 0.007550952490419149 -0.08330461382865906
v -0.04050652682781219 0.006342017557471991 -0.08500000089406967
v -0.04073225706815719 0.0040232776664197445 -0.0833112895488739
v -0.04073225706815719 0.0040232776664197445 -0.0833112895488739
v -0.04050652682781219 0.006342017557471991 -0.08500000089406967
v -0.040902435779571526 0.002826825948432088 -0.08500000089406967
v -0.04073225706815719 0.0040232776664197445 -0.0833112895488739
v -0.040902435779571526 0.002826825948432088 -0.08500000089406967
v -0.04091611504554748 0.0004575935017783195 -0.08330950140953064
v 7.627915521446481e-10 -0.04000009223818779 -0.07993850111961365
v -6.687788989268028e-09 -0.039159711450338364 -0.07848329842090607
v -0.00361695815809071 -0.039981160312891006 -0.080339714884758
v -0.00361695815809071 -0.039981160312891006 -0.080339714884758
v -6.687788989268028e-09 -0.039159711450338364 -0.07848329842090607
v -0.003619930939748883 -0.03892001137137413 -0.07847772538661957
v -0.00361695815809071 -0.039981160312891006 -0.080339714884758
v -0.003619930939748883 -0.03892001137137413 -0.07847772538661957
v -0.007208778522908687 -0.039509158581495285 -0.080458864569664
v -0.007208778522908687 -0.039509158581495285 -0.080458864569664
v -0.003619930939748883 -0.03892001137137413 -0.07847772538661957
v -0.0072159385308623305 -0.03845512494444847 -0.07863203436136246
v -0.007208778522908687 -0.039509158581495285 -0.080458864569664
v -0.0072159385308623305 -0.03845512494444847 -0.07863203436136246
v -0.010743974708020685 -0.03871956095099449 -0.08058702945709229
v -0.010743974708020685 -0.03871956095099449 -0.08058702945709229
v -0.0072159385308623305 -0.03845512494444847 -0.07863203436136246
v -0.010754502378404139 -0.03766895458102226 -0.07879774272441864
v -0.010743974708020685 -0.03871956095099449 -0.08058702945709229
v -0.010754502378404139 -0.03766895458102226 -0.07879774272441864
v -0.014192736707627772 -0.03761852905154228 -0.080717533826828
v -0.014192736707627772 -0.03761852905154228 -0.080717533826828
v -0.010754502378404139 -0.03766895458102226 -0.07879774272441864
v -0.014204307459294794 -0.03656714782118797 -0.07896551489830017
v -0.014192736707627772 -0.03761852905154228 -0.080717533826828
v -0.014204307459294794 -0.03656714782118797 -0.07896551489830017
v -0.017526932060718533 -0.0362149216234684 -0.08084523677825928
v -0.017526932060718533 -0.0362149216234684 -0.08084523677825928
v -0.014204307459294794 -0.03656714782118797 -0.07896551489830017
v -0.01753611862659454 -0.03515839949250221 -0.0791281908750534
v -0.017526932060718533 -0.0362149216234684 -0.08084523677825928
v -0.01753611862659454 -0.03515839949250221 -0.0791281908750534
v -0.020720012485980984 -0.03452013060450554 -0.08096635341644287
v -0.020720012485980984 -0.03452013060450554 -0.08096635341644287
v -0.01753611862659454 -0.03515839949250221 -0.0791281908750534
v -0.02072266489267349 -0.03345417603850365 -0.07928051799535751
v -0.020720012485980984 -0.03452013060450554 -0.08096635341644287
v -0.02072266489267349 -0.03345417603850365 -0.07928051799535751
v -0.023747064173221585 -0.03254779800772667 -0.08107830584049225
v -0.023747064173221585 -0.03254779800772667 -0.08107830584049225
v -0.02072266489267349 -0.03345417603850365 -0.07928051799535751
v -0.023738555610179898 -0.03146837279200554 -0.07941892743110657
v -0.023747064173221585 -0.03254779800772667 -0.08107830584049225
v -0.023738555610179898 -0.03146837279200554 -0.07941892743110657
v -0.02658472955226898 -0.03031364269554615 -0.08117950707674026
v -0.02658472955226898 -0.03031364269554615 -0.08117950707674026
v -0.023738555610179898 -0.03146837279200554 -0.07941892743110657
v -0.026560112833976742 -0.029217088595032692 -0.07954125851392746
v -0.02658472955226898 -0.03031364269554615 -0.08117950707674026
v -0.026560112833976742 -0.029217088595032692 -0.07954125851392746
v -0.02921120077371597 -0.02783522941172123 -0.08126921206712723
v -0.02921120077371597 -0.02783522941172123 -0.08126921206712723
v -0.026560112833976742 -0.029217088595032692 -0.07954125851392746
v -0.029165320098400112 -0.02671828307211399 -0.07964654266834259
v -0.02921120077371597 -0.02783522941172123 -0.08126921206712723
v -0.029165320098400112 -0.02671828307211399 -0.07964654266834259
v -0.0316062644124031 -0.025131704285740852 -0.08134736120700836
v -0.0316062644124031 -0.025131704285740852 -0.08134736120700836
v -0.029165320098400112 -0.02671828307211399 -0.07964654266834259
v -0.03153379261493682 -0.0239915419369936 -0.07973474264144897
v -0.0316062644124031 -0.025131704285740852 -0.08134736120700836
v -0.03153379261493682 -0.0239915419369936 -0.07973474264144897
v -0.03375156968832015 -0.02222396619617939 -0.08141446858644485
v -0.03375156968832015 -0.02222396619617939 -0.08141446858644485
v -0.03153379261493682 -0.0239915419369936 -0.07973474264144897
v -0.0336473062634468 -0.021058307960629463 -0.0798066109418869
v -0.03375156968832015 -0.02222396619617939 -0.08141446858644485
v -0.0336473062634468 -0.021058307960629463 -0.0798066109418869
v -0.035630457103252404 -0.01913502998650074 -0.08147125691175461
v -0.035630457103252404 -0.01913502998650074 -0.08147125691175461
v -0.0336473062634468 -0.021058307960629463 -0.0798066109418869
v -0.035489372909069054 -0.01794244535267353 -0.07986319810152054
v -0.035630457103252404 -0.01913502998650074 -0.08147125691175461
v -0.035489372909069054 -0.01794244535267353 -0.07986319810152054
v -0.03722812980413436 -0.01588994450867176 -0.08151840418577194
v -0.03722812980413436 -0.01588994450867176 -0.08151840418577194
v -0.035489372909069054 -0.01794244535267353 -0.07986319810152054
v -0.03704533725976943 -0.014670106582343578 -0.07990553975105286
v -0.03722812980413436 -0.01588994450867176 -0.08151840418577194
v -0.03704533725976943 -0.014670106582343578 -0.07990553975105286
v -0.03853194415569305 -0.012515458278357983 -0.08155646920204163
v -0.03853194415569305 -0.012515458278357983 -0.08155646920204163
v -0.03704533725976943 -0.014670106582343578 -0.07990553975105286
v -0.03830271959304809 -0.01126940082758665 -0.07993452996015549
v -0.03853194415569305 -0.012515458278357983 -0.08155646920204163
v -0.03830271959304809 -0.01126940082758665 -0.07993452996015549
v -0.03953167051076888 -0.009039807133376598 -0.08158574253320694
v -0.03953167051076888 -0.009039807133376598 -0.08158574253320694
v -0.03830271959304809 -0.01126940082758665 -0.07993452996015549
v -0.03925155103206634 -0.007770093623548746 -0.0799507200717926
v -0.03953167051076888 -0.009039807133376598 -0.08158574253320694
v -0.03925155103206634 -0.007770093623548746 -0.0799507200717926
v -0.04021977633237838 -0.005492436233907938 -0.08160613477230072
v -0.04021977633237838 -0.005492436233907938 -0.08160613477230072
v -0.03925155103206634 -0.007770093623548746 -0.0799507200717926
v -0.039884798228740685 -0.0042033069767057896 -0.07995418459177017
v -0.04021977633237838 -0.005492436233907938 -0.08160613477230072
v -0.039884798228740685 -0.0042033069767057896 -0.07995418459177017
v -0.040591761469840996 -0.001903711585327983 -0.08161705732345581
v -0.040591761469840996 -0.001903711585327983 -0.08161705732345581
v -0.039884798228740685 -0.0042033069767057896 -0.07995418459177017
v -0.03962231427431106 0.0007882502395659685 -0.0782756581902504
v -0.040591761469840996 -0.001903711585327983 -0.08161705732345581
v -0.03962231427431106 0.0007882502395659685 -0.0782756581902504
v -0.04064636677503585 0.0016953174490481615 -0.08161729574203491
v -0.04064636677503585 0.0016953174490481615 -0.08161729574203491
v -0.03962231427431106 0.0007882502395659685 -0.0782756581902504
v -0.039568699896335595 0.004380540456622839 -0.0782109797000885
v -0.04064636677503585 0.0016953174490481615 -0.08161729574203491
v -0.039568699896335595 0.004380540456622839 -0.0782109797000885
v -0.040385864675045006 0.0052732317708432674 -0.08160487562417984
v -0.040385864675045006 0.0052732317708432674 -0.08160487562417984
v -0.039568699896335595 0.004380540456622839 -0.0782109797000885
v -0.0392010286450386 0.007934370078146458 -0.07812564074993134
v -0.040385864675045006 0.0052732317708432674 -0.08160487562417984
v -0.0392010286450386 0.007934370078146458 -0.07812564074993134
v -0.039815865457057946 0.008799017407000065 -0.08157721906900406
v -0.039815865457057946 0.008799017407000065 -0.08157721906900406
v -0.0392010286450386 0.007934370078146458 -0.07812564074993134
v -0.038528315722942345 0.011416108347475529 -0.07801645249128342
v -0.039815865457057946 0.008799017407000065 -0.08157721906900406
v -0.038528315722942345 0.011416108347475529 -0.07801645249128342
v -0.038945436477661126 0.012243282981216908 -0.08153244853019714
v -0.038945436477661126 0.012243282981216908 -0.08153244853019714
v -0.038528315722942345 0.011416108347475529 -0.07801645249128342
v -0.03756371140480041 0.014794734306633472 -0.07788141816854477
v -0.038945436477661126 0.012243282981216908 -0.08153244853019714
v -0.03756371140480041 0.014794734306633472 -0.07788141816854477
v -0.0377868041396141 0.015578587539494038 -0.08146969228982925
v -0.03534655272960662 0.013892562128603458 -0.07075168937444687
v -0.03465776145458221 0.017163636162877083 -0.07036417722702026
v -0.036754302680492394 0.01420209277421236 -0.07428968697786331
v -0.036754302680492394 0.01420209277421236 -0.07428968697786331
v -0.03465776145458221 0.017163636162877083 -0.07036417722702026
v -0.03576739132404327 0.017481135204434395 -0.07402841746807098
v -0.036754302680492394 0.01420209277421236 -0.07428968697786331
v -0.03576739132404327 0.017481135204434395 -0.07402841746807098
v -0.03756371140480041 0.014794734306633472 -0.07788141816854477
v -0.03756371140480041 0.014794734306633472 -0.07788141816854477
v -0.03576739132404327 0.017481135204434395 -0.07402841746807098
v -0.036323830485343926 0.01804214157164097 -0.07772008329629898
v -0.03756371140480041 0.014794734306633472 -0.07788141816854477
v -0.036323830485343926 0.01804214157164097 -0.07772008329629898
v -0.0377868041396141 0.015578587539494038 -0.08146969228982925
v -0.0377868041396141 0.015578587539494038 -0.08146969228982925
v -0.036323830485343926 0.01804214157164097 -0.07772008329629898
v -0.036354787647724145 0.01877967081964016 -0.08138904720544815
v -0.0377868041396141 0.015578587539494038 -0.08146969228982925
v -0.036354787647724145 0.01877967081964016 -0.08138904720544815
v -0.03686898946762084 0.01793537475168705 -0.08500000089406967
v -0.03686898946762084 0.01793537475168705 -0.08500000089406967
v -0.036354787647724145 0.01877967081964016 -0.08138904720544815
v -0.03466627746820449 0.021823620423674583 -0.08129151910543442
v -0.03686898946762084 0.01793537475168705 -0.08500000089406967
v -0.03466627746820449 0.021823620423674583 -0.08129151910543442
v -0.034140639007091515 0.022702796384692192 -0.08500000089406967
v -0.034140639007091515 0.022702796384692192 -0.08500000089406967
v -0.03466627746820449 0.021823620423674583 -0.08129151910543442
v -0.03273966908454894 0.024690082296729088 -0.08117902278900146
v -0.034140639007091515 0.022702796384692192 -0.08500000089406967
v -0.03273966908454894 0.024690082296729088 -0.08117902278900146
v -0.032489009201526635 0.0250092800706625 -0.08500000089406967
v -0.032489009201526635 0.0250092800706625 -0.08500000089406967
v -0.03273966908454894 0.024690082296729088 -0.08117902278900146
v -0.03205664455890655 0.02556113712489605 -0.08500000089406967
v -0.03116922080516815 0.014413812197744846 -0.06392564624547958
v -0.029052302241325375 0.018176479265093803 -0.05976458638906479
v -0.0311225950717926 0.017512770369648933 -0.06324208527803421
v -0.0311225950717926 0.017512770369648933 -0.06324208527803421
v -0.029052302241325375 0.018176479265093803 -0.05976458638906479
v -0.029089584946632382 0.021138695999979973 -0.058931924402713776
v -0.0311225950717926 0.017512770369648933 -0.06324208527803421
v -0.029089584946632382 0.021138695999979973 -0.058931924402713776
v -0.030836105346679684 0.02058173157274723 -0.06254283338785172
v -0.030836105346679684 0.02058173157274723 -0.06254283338785172
v -0.029089584946632382 0.021138695999979973 -0.058931924402713776
v -0.02890926599502563 0.024087628349661827 -0.05809015780687332
v -0.030836105346679684 0.02058173157274723 -0.06254283338785172
v -0.02890926599502563 0.024087628349661827 -0.05809015780687332
v -0.030317932367324826 0.02358766458928585 -0.061834268271923065
v -0.030317932367324826 0.02358766458928585 -0.061834268271923065
v -0.02890926599502563 0.024087628349661827 -0.05809015780687332
v -0.028516106307506558 0.02699010632932186 -0.057248614728450775
v -0.010940394364297388 0.04929051548242569 -0.050340838730335236
v -0.01108365412801504 0.04783172532916069 -0.05301075428724289
v -0.012721239589154719 0.04868597909808159 -0.050534822046756744
v -0.012721239589154719 0.04868597909808159 -0.050534822046756744
v -0.01108365412801504 0.04783172532916069 -0.05301075428724289
v -0.013091622851788996 0.045930881053209305 -0.05562979727983475
v -0.012721239589154719 0.04868597909808159 -0.050534822046756744
v -0.013091622851788996 0.045930881053209305 -0.05562979727983475
v -0.014836675487458704 0.04775388166308403 -0.05083692818880081
v -0.014836675487458704 0.04775388166308403 -0.05083692818880081
v -0.013091622851788996 0.045930881053209305 -0.05562979727983475
v -0.015290467999875544 0.04492514207959175 -0.055953480303287506
v -0.014836675487458704 0.04775388166308403 -0.05083692818880081
v -0.015290467999875544 0.04492514207959175 -0.055953480303287506
v -0.01684761047363281 0.04660574346780777 -0.051210321485996246
v -0.01684761047363281 0.04660574346780777 -0.051210321485996246
v -0.015290467999875544 0.04492514207959175 -0.055953480303287506
v -0.017395913600921627 0.04371420294046402 -0.0563386008143425
v -0.01684761047363281 0.04660574346780777 -0.051210321485996246
v -0.017395913600921627 0.04371420294046402 -0.0563386008143425
v -0.01874369382858276 0.04523387923836708 -0.051655106246471405
v -0.01874369382858276 0.04523387923836708 -0.051655106246471405
v -0.017395913600921627 0.04371420294046402 -0.0563386008143425
v -0.019399203360080716 0.042289189994335175 -0.05678346008062363
v -0.01874369382858276 0.04523387923836708 -0.051655106246471405
v -0.019399203360080716 0.042289189994335175 -0.05678346008062363
v -0.0205145850777626 0.04363511875271797 -0.052168987691402435
v -0.0205145850777626 0.04363511875271797 -0.052168987691402435
v -0.019399203360080716 0.042289189994335175 -0.05678346008062363
v -0.021290428936481472 0.040644023567438126 -0.05728410929441452
v -0.0205145850777626 0.04363511875271797 -0.052168987691402435
v -0.021290428936481472 0.040644023567438126 -0.05728410929441452
v -0.02214977145195007 0.04181191697716713 -0.052748240530490875
v -0.02214977145195007 0.04181191697716713 -0.052748240530490875
v -0.021290428936481472 0.040644023567438126 -0.05728410929441452
v -0.023058310151100155 0.03877745568752289 -0.05783528834581375
v -0.02214977145195007 0.04181191697716713 -0.052748240530490875
v -0.023058310151100155 0.03877745568752289 -0.05783528834581375
v -0.023638702929019925 0.039773713797330856 -0.05338823050260544
v -0.023638702929019925 0.039773713797330856 -0.05338823050260544
v -0.023058310151100155 0.03877745568752289 -0.05783528834581375
v -0.024690546095371243 0.03669571131467819 -0.058431439101696014
v -0.023638702929019925 0.039773713797330856 -0.05338823050260544
v -0.024690546095371243 0.03669571131467819 -0.058431439101696014
v -0.02497056126594543 0.03753477334976196 -0.054082952439785004
v -0.02497056126594543 0.03753477334976196 -0.054082952439785004
v -0.024690546095371243 0.03669571131467819 -0.058431439101696014
v -0.026173457503318783 0.03440991789102554 -0.059066034853458405
v -0.02497056126594543 0.03753477334976196 -0.054082952439785004
v -0.026173457503318783 0.03440991789102554 -0.059066034853458405
v -0.026134528219699856 0.03511345759034157 -0.0548250749707222
v -0.026134528219699856 0.03511345759034157 -0.0548250749707222
v -0.026173457503318783 0.03440991789102554 -0.059066034853458405
v -0.02749247848987579 0.03193541243672371 -0.05973168462514877
v -0.026134528219699856 0.03511345759034157 -0.0548250749707222
v -0.02749247848987579 0.03193541243672371 -0.05973168462514877
v -0.027120009064674374 0.032531753182411194 -0.055606238543987274
v -0.027120009064674374 0.032531753182411194 -0.055606238543987274
v -0.02749247848987579 0.03193541243672371 -0.05973168462514877
v -0.02863264828920364 0.029291341081261635 -0.06042046099901199
v -0.027120009064674374 0.032531753182411194 -0.055606238543987274
v -0.02863264828920364 0.029291341081261635 -0.06042046099901199
v -0.028516106307506558 0.02699010632932186 -0.057248614728450775
v -0.028516106307506558 0.02699010632932186 -0.057248614728450775
v -0.02863264828920364 0.029291341081261635 -0.06042046099901199
v -0.029579162597656247 0.026500245556235313 -0.061124108731746674
v -0.028516106307506558 0.02699010632932186 -0.057248614728450775
v -0.029579162597656247 0.026500245556235313 -0.061124108731746674
v -0.030317932367324826 0.02358766458928585 -0.061834268271923065
v -0.03353216499090194 0.010697872377932072 -0.06781263649463654
v -0.03116922080516815 0.014413812197744846 -0.06392564624547958
v -0.03342791646718978 0.013951216824352741 -0.06729990988969803
v -0.03342791646718978 0.013951216824352741 -0.06729990988969803
v -0.03116922080516815 0.014413812197744846 -0.06392564624547958
v -0.0311225950717926 0.017512770369648933 -0.06324208527803421
v -0.03342791646718978 0.013951216824352741 -0.06729990988969803
v -0.0311225950717926 0.017512770369648933 -0.06324208527803421
v -0.03306008130311965 0.017162581905722618 -0.06676613539457321
v -0.03306008130311965 0.017162581905722618 -0.06676613539457321
v -0.0311225950717926 0.017512770369648933 -0.06324208527803421
v -0.030836105346679684 0.02058173157274723 -0.06254283338785172
v -0.03306008130311965 0.017162581905722618 -0.06676613539457321
v -0.030836105346679684 0.02058173157274723 -0.06254283338785172
v -0.03243908286094665 0.020298318937420845 -0.06621444970369339
v -0.03243908286094665 0.020298318937420845 -0.06621444970369339
v -0.030836105346679684 0.02058173157274723 -0.06254283338785172
v -0.030317932367324826 0.02358766458928585 -0.061834268271923065
v -0.03243908286094665 0.020298318937420845 -0.06621444970369339
v -0.030317932367324826 0.02358766458928585 -0.061834268271923065
v -0.03157895058393478 0.023328034207224846 -0.06564961373806
v -0.03157895058393478 0.023328034207224846 -0.06564961373806
v -0.030317932367324826 0.02358766458928585 -0.061834268271923065
v -0.029579162597656247 0.026500245556235313 -0.061124108731746674
v -0.03157895058393478 0.023328034207224846 -0.06564961373806
v -0.029579162597656247 0.026500245556235313 -0.061124108731746674
v -0.030496068298816677 0.026224104687571526 -0.06507737934589386
v -0.030496068298816677 0.026224104687571526 -0.06507737934589386
v -0.029579162597656247 0.026500245556235313 -0.061124108731746674
v -0.02863264828920364 0.029291341081261635 -0.06042046099901199
v -0.030496068298816677 0.026224104687571526 -0.06507737934589386
v -0.02863264828920364 0.029291341081261635 -0.06042046099901199
v -0.029208451509475705 0.02896200306713581 -0.0645042136311531
v -0.029208451509475705 0.02896200306713581 -0.0645042136311531
v -0.02863264828920364 0.029291341081261635 -0.06042046099901199
v -0.02749247848987579 0.03193541243672371 -0.05973168462514877
v -0.029208451509475705 0.02896200306713581 -0.0645042136311531
v -0.02749247848987579 0.03193541243672371 -0.05973168462514877
v -0.027734942734241482 0.03152063488960266 -0.06393713504076004
v -0.027734942734241482 0.03152063488960266 -0.06393713504076004
v -0.02749247848987579 0.03193541243672371 -0.05973168462514877
v -0.026173457503318783 0.03440991789102554 -0.059066034853458405
v -0.027734942734241482 0.03152063488960266 -0.06393713504076004
v -0.026173457503318783 0.03440991789102554 -0.059066034853458405
v -0.026094466447830197 0.03388266637921333 -0.06338336318731308
v -0.026094466447830197 0.03388266637921333 -0.06338336318731308
v -0.026173457503318783 0.03440991789102554 -0.059066034853458405
v -0.024690546095371243 0.03669571131467819 -0.058431439101696014
v -0.026094466447830197 0.03388266637921333 -0.06338336318731308
v -0.024690546095371243 0.03669571131467819 -0.058431439101696014
v -0.02430528402328491 0.036034852266311646 -0.0628502294421196
v -0.02430528402328491 0.036034852266311646 -0.0628502294421196
v -0.024690546095371243 0.03669571131467819 -0.058431439101696014
v -0.023058310151100155 0.03877745568752289 -0.05783528834581375
v -0.02430528402328491 0.036034852266311646 -0.0628502294421196
v -0.023058310151100155 0.03877745568752289 -0.05783528834581375
v -0.02238419651985168 0.03796836733818054 -0.06234476715326309
v -0.02238419651985168 0.03796836733818054 -0.06234476715326309
v -0.023058310151100155 0.03877745568752289 -0.05783528834581375
v -0.021290428936481472 0.040644023567438126 -0.05728410929441452
v -0.02238419651985168 0.03796836733818054 -0.06234476715326309
v -0.021290428936481472 0.040644023567438126 -0.05728410929441452
v -0.020345948636531826 0.039679426699876785 -0.06187371164560318
v -0.020345948636531826 0.039679426699876785 -0.06187371164560318
v -0.021290428936481472 0.040644023567438126 -0.05728410929441452
v -0.019399203360080716 0.042289189994335175 -0.05678346008062363
v -0.020345948636531826 0.039679426699876785 -0.06187371164560318
v -0.019399203360080716 0.042289189994335175 -0.05678346008062363
v -0.018203549087047573 0.04117143154144287 -0.06144363433122635
v -0.018203549087047573 0.04117143154144287 -0.06144363433122635
v -0.019399203360080716 0.042289189994335175 -0.05678346008062363
v -0.017395913600921627 0.04371420294046402 -0.0563386008143425
v -0.018203549087047573 0.04117143154144287 -0.06144363433122635
v -0.017395913600921627 0.04371420294046402 -0.0563386008143425
v -0.015967749059200283 0.04245169460773468 -0.061059899628162384
v -0.015967749059200283 0.04245169460773468 -0.061059899628162384
v -0.017395913600921627 0.04371420294046402 -0.0563386008143425
v -0.015290467999875544 0.04492514207959175 -0.055953480303287506
v -0.015967749059200283 0.04245169460773468 -0.061059899628162384
v -0.015290467999875544 0.04492514207959175 -0.055953480303287506
v -0.011966965161263941 0.04332275316119194 -0.06276807934045792
v -0.011966965161263941 0.04332275316119194 -0.06276807934045792
v -0.015290467999875544 0.04492514207959175 -0.055953480303287506
v -0.013091622851788996 0.045930881053209305 -0.05562979727983475
v -0.011966965161263941 0.04332275316119194 -0.06276807934045792
v -0.013091622851788996 0.045930881053209305 -0.05562979727983475
v -0.01149099227041006 0.04524635896086693 -0.05825979262590408
v -0.01149099227041006 0.04524635896086693 -0.05825979262590408
v -0.013091622851788996 0.045930881053209305 -0.05562979727983475
v -0.011223918758332728 0.04677344113588333 -0.0550689622759819
v -0.03588945418596267 0.007137445267289877 -0.07145430147647858
v -0.03353216499090194 0.010697872377932072 -0.06781263649463654
v -0.03576090931892394 0.010539037175476551 -0.07111510634422302
v -0.03576090931892394 0.010539037175476551 -0.07111510634422302
v -0.03353216499090194 0.010697872377932072 -0.06781263649463654
v -0.03342791646718978 0.013951216824352741 -0.06729990988969803
v -0.03576090931892394 0.010539037175476551 -0.07111510634422302
v -0.03342791646718978 0.013951216824352741 -0.06729990988969803
v -0.03534655272960662 0.013892562128603458 -0.07075168937444687
v -0.03534655272960662 0.013892562128603458 -0.07075168937444687
v -0.03342791646718978 0.013951216824352741 -0.06729990988969803
v -0.03306008130311965 0.017162581905722618 -0.06676613539457321
v -0.03534655272960662 0.013892562128603458 -0.07075168937444687
v -0.03306008130311965 0.017162581905722618 -0.06676613539457321
v -0.03465776145458221 0.017163636162877083 -0.07036417722702026
v -0.03465776145458221 0.017163636162877083 -0.07036417722702026
v -0.03306008130311965 0.017162581905722618 -0.06676613539457321
v -0.03243908286094665 0.020298318937420845 -0.06621444970369339
v -0.03465776145458221 0.017163636162877083 -0.07036417722702026
v -0.03243908286094665 0.020298318937420845 -0.06621444970369339
v -0.03371001034975051 0.020321285352110863 -0.06995435804128647
v -0.03371001034975051 0.020321285352110863 -0.06995435804128647
v -0.03243908286094665 0.020298318937420845 -0.06621444970369339
v -0.03157895058393478 0.023328034207224846 -0.06564961373806
v -0.03371001034975051 0.020321285352110863 -0.06995435804128647
v -0.03157895058393478 0.023328034207224846 -0.06564961373806
v -0.03252173960208892 0.023337742313742638 -0.06952545791864395
v -0.03252173960208892 0.023337742313742638 -0.06952545791864395
v -0.03157895058393478 0.023328034207224846 -0.06564961373806
v -0.030496068298816677 0.026224104687571526 -0.06507737934589386
v -0.03252173960208892 0.023337742313742638 -0.06952545791864395
v -0.030496068298816677 0.026224104687571526 -0.06507737934589386
v -0.03111341595649719 0.026188688352704048 -0.06908192485570908
v -0.03111341595649719 0.026188688352704048 -0.06908192485570908
v -0.030496068298816677 0.026224104687571526 -0.06507737934589386
v -0.029208451509475705 0.02896200306713581 -0.0645042136311531
v -0.03111341595649719 0.026188688352704048 -0.06908192485570908
v -0.029208451509475705 0.02896200306713581 -0.0645042136311531
v -0.029506675899028775 0.02885354682803154 -0.06862923502922058
v -0.029506675899028775 0.02885354682803154 -0.06862923502922058
v -0.029208451509475705 0.02896200306713581 -0.0645042136311531
v -0.027734942734241482 0.03152063488960266 -0.06393713504076004
v -0.029506675899028775 0.02885354682803154 -0.06862923502922058
v -0.027734942734241482 0.03152063488960266 -0.06393713504076004
v -0.027723386883735653 0.03131575882434845 -0.06817366927862167
v -0.027723386883735653 0.03131575882434845 -0.06817366927862167
v -0.027734942734241482 0.03152063488960266 -0.06393713504076004
v -0.026094466447830197 0.03388266637921333 -0.06338336318731308
v -0.027723386883735653 0.03131575882434845 -0.06817366927862167
v -0.026094466447830197 0.03388266637921333 -0.06338336318731308
v -0.02578473091125488 0.03356306254863739 -0.0677221417427063
v -0.02578473091125488 0.03356306254863739 -0.0677221417427063
v -0.026094466447830197 0.03388266637921333 -0.06338336318731308
v -0.02430528402328491 0.036034852266311646 -0.0628502294421196
v -0.02578473091125488 0.03356306254863739 -0.0677221417427063
v -0.02430528402328491 0.036034852266311646 -0.0628502294421196
v -0.023710325360298153 0.03558775782585144 -0.06728199869394302
v -0.023710325360298153 0.03558775782585144 -0.06728199869394302
v -0.02430528402328491 0.036034852266311646 -0.0628502294421196
v -0.02238419651985168 0.03796836733818054 -0.06234476715326309
v -0.023710325360298153 0.03558775782585144 -0.06728199869394302
v -0.02238419651985168 0.03796836733818054 -0.06234476715326309
v -0.02151740342378616 0.03738721087574959 -0.06686080992221832
v -0.02151740342378616 0.03738721087574959 -0.06686080992221832
v -0.02238419651985168 0.03796836733818054 -0.06234476715326309
v -0.020345948636531826 0.039679426699876785 -0.06187371164560318
v -0.02151740342378616 0.03738721087574959 -0.06686080992221832
v -0.020345948636531826 0.039679426699876785 -0.06187371164560318
v -0.019221208989620205 0.038965169340372086 -0.06646599620580673
v -0.019221208989620205 0.038965169340372086 -0.06646599620580673
v -0.020345948636531826 0.039679426699876785 -0.06187371164560318
v -0.018203549087047573 0.04117143154144287 -0.06144363433122635
v -0.019221208989620205 0.038965169340372086 -0.06646599620580673
v -0.018203549087047573 0.04117143154144287 -0.06144363433122635
v -0.016834147274494168 0.04032836854457855 -0.06610375642776489
v -0.016834147274494168 0.04032836854457855 -0.06610375642776489
v -0.018203549087047573 0.04117143154144287 -0.06144363433122635
v -0.015967749059200283 0.04245169460773468 -0.061059899628162384
v -0.016834147274494168 0.04032836854457855 -0.06610375642776489
v -0.015967749059200283 0.04245169460773468 -0.061059899628162384
v -0.012063114903867243 0.04300975427031517 -0.06356846541166306
v -0.012063114903867243 0.04300975427031517 -0.06356846541166306
v -0.015967749059200283 0.04245169460773468 -0.061059899628162384
v -0.011966965161263941 0.04332275316119194 -0.06276807934045792
v -0.017432659864425656 -0.03375670686364174 -0.07762407511472702
v -0.014123558066785334 -0.035153571516275406 -0.07744412124156952
v -0.013957171700894831 -0.03339817747473717 -0.07612252235412598
v -0.013957171700894831 -0.03339817747473717 -0.07612252235412598
v -0.014123558066785334 -0.035153571516275406 -0.07744412124156952
v -0.010569005273282526 -0.03445800766348839 -0.07592994719743729
v -0.013957171700894831 -0.03339817747473717 -0.07612252235412598
v -0.010569005273282526 -0.03445800766348839 -0.07592994719743729
v -0.010384350083768366 -0.03234582766890526 -0.07478054612874985
v -0.010384350083768366 -0.03234582766890526 -0.07478054612874985
v -0.010569005273282526 -0.03445800766348839 -0.07592994719743729
v -0.0069661280140280715 -0.03305250033736229 -0.07459289580583572
v -0.010384350083768366 -0.03234582766890526 -0.07478054612874985
v -0.0069661280140280715 -0.03305250033736229 -0.07459289580583572
v -0.00661755260080099 -0.027875909581780434 -0.07269187271595001
v -0.00661755260080099 -0.027875909581780434 -0.07269187271595001
v -0.0069661280140280715 -0.03305250033736229 -0.07459289580583572
v -0.0033160664606839414 -0.02818998135626316 -0.07255079597234726
v -0.00661755260080099 -0.027875909581780434 -0.07269187271595001
v -0.0033160664606839414 -0.02818998135626316 -0.07255079597234726
v -0.00285130669362843 -0.015391948632895947 -0.06903640925884247
v -0.00285130669362843 -0.015391948632895947 -0.06903640925884247
v -0.0033160664606839414 -0.02818998135626316 -0.07255079597234726
v 7.627915521446481e-10 -0.028359616175293922 -0.07247553765773773
v -0.00285130669362843 -0.015391948632895947 -0.06903640925884247
v 7.627915521446481e-10 -0.028359616175293922 -0.07247553765773773
v 7.627915521446481e-10 -0.016633043065667152 -0.06939560174942017
v -0.040902435779571526 0.002826825948432088 -0.08500000089406967
v -0.04095625132322311 0.0018935215193778276 -0.08500000089406967
v -0.04091611504554748 0.0004575935017783195 -0.08330950140953064
v -0.04091611504554748 0.0004575935017783195 -0.08330950140953064
v -0.04095625132322311 0.0018935215193778276 -0.08500000089406967
v -0.041000045835971825 1.1817292699944915e-09 -0.08500000089406967
v -0.04091611504554748 0.0004575935017783195 -0.08330950140953064
v -0.041000045835971825 1.1817292699944915e-09 -0.08500000089406967
v -0.04078839719295501 -0.0031171615701168776 -0.08330077677965164
v -0.04078839719295501 -0.0031171615701168776 -0.08330077677965164
v -0.041000045835971825 1.1817292699944915e-09 -0.08500000089406967
v -0.04095625132322311 -0.0018935229163616896 -0.08500000089406967
v -0.04078839719295501 -0.0031171615701168776 -0.08330077677965164
v -0.04095625132322311 -0.0018935229163616896 -0.08500000089406967
v -0.04034860432147979 -0.006671885494142771 -0.08328629285097122
v -0.04034860432147979 -0.006671885494142771 -0.08328629285097122
v -0.04095625132322311 -0.0018935229163616896 -0.08500000089406967
v -0.0402628406882286 -0.007739739958196878 -0.08500000089406967
v -0.04034860432147979 -0.006671885494142771 -0.08328629285097122
v -0.0402628406882286 -0.007739739958196878 -0.08500000089406967
v -0.0395992025732994 -0.01017781626433134 -0.08326677978038788
v -0.0395992025732994 -0.01017781626433134 -0.08326677978038788
v -0.0402628406882286 -0.007739739958196878 -0.08500000089406967
v -0.039730682969093316 -0.010122883133590221 -0.08500000089406967
v -0.0395992025732994 -0.01017781626433134 -0.08326677978038788
v -0.039730682969093316 -0.010122883133590221 -0.08500000089406967
v -0.039445832371711724 -0.011181513778865337 -0.08500000089406967
v -6.687788989268028e-09 -0.039159711450338364 -0.07848329842090607
v -6.687788989268028e-09 -0.03815726563334465 -0.0772860199213028
v -0.003619930939748883 -0.03892001137137413 -0.07847772538661957
v -0.003619930939748883 -0.03892001137137413 -0.07847772538661957
v -6.687788989268028e-09 -0.03815726563334465 -0.0772860199213028
v -0.003598897950723767 -0.0374605618417263 -0.0768946036696434
v -0.003619930939748883 -0.03892001137137413 -0.07847772538661957
v -0.003598897950723767 -0.0374605618417263 -0.0768946036696434
v -0.0072159385308623305 -0.03845512494444847 -0.07863203436136246
v -0.0072159385308623305 -0.03845512494444847 -0.07863203436136246
v -0.003598897950723767 -0.0374605618417263 -0.0768946036696434
v -0.007175422273576259 -0.03701186552643776 -0.07706918567419052
v -0.0072159385308623305 -0.03845512494444847 -0.07863203436136246
v -0.007175422273576259 -0.03701186552643776 -0.07706918567419052
v -0.010754502378404139 -0.03766895458102226 -0.07879774272441864
v -0.010754502378404139 -0.03766895458102226 -0.07879774272441864
v -0.007175422273576259 -0.03701186552643776 -0.07706918567419052
v -0.010694473050534723 -0.0362413190305233 -0.0772562101483345
v -0.010754502378404139 -0.03766895458102226 -0.07879774272441864
v -0.010694473050534723 -0.0362413190305233 -0.0772562101483345
v -0.014204307459294794 -0.03656714782118797 -0.07896551489830017
v -0.014204307459294794 -0.03656714782118797 -0.07896551489830017
v -0.010694473050534723 -0.0362413190305233 -0.0772562101483345
v -0.014123558066785334 -0.035153571516275406 -0.07744412124156952
v -0.014204307459294794 -0.03656714782118797 -0.07896551489830017
v -0.014123558066785334 -0.035153571516275406 -0.07744412124156952
v -0.01753611862659454 -0.03515839949250221 -0.0791281908750534
v -0.01753611862659454 -0.03515839949250221 -0.0791281908750534
v -0.014123558066785334 -0.035153571516275406 -0.07744412124156952
v -0.017432659864425656 -0.03375670686364174 -0.07762407511472702
v -0.01753611862659454 -0.03515839949250221 -0.0791281908750534
v -0.017432659864425656 -0.03375670686364174 -0.07762407511472702
v -0.02072266489267349 -0.03345417603850365 -0.07928051799535751
v -0.02072266489267349 -0.03345417603850365 -0.07928051799535751
v -0.017432659864425656 -0.03375670686364174 -0.07762407511472702
v -0.02059400081634521 -0.03206181898713112 -0.07778963446617126
v -0.02072266489267349 -0.03345417603850365 -0.07928051799535751
v -0.02059400081634521 -0.03206181898713112 -0.07778963446617126
v -0.023738555610179898 -0.03146837279200554 -0.07941892743110657
v -0.023738555610179898 -0.03146837279200554 -0.07941892743110657
v -0.02059400081634521 -0.03206181898713112 -0.07778963446617126
v -0.023581877350807186 -0.0300827044993639 -0.07793641090393066
v -0.023738555610179898 -0.03146837279200554 -0.07941892743110657
v -0.023581877350807186 -0.0300827044993639 -0.07793641090393066
v -0.026560112833976742 -0.029217088595032692 -0.07954125851392746
v -0.026560112833976742 -0.029217088595032692 -0.07954125851392746
v -0.023581877350807186 -0.0300827044993639 -0.07793641090393066
v -0.026372469961643216 -0.027835482731461525 -0.07806183397769928
v -0.026560112833976742 -0.029217088595032692 -0.07954125851392746
v -0.026372469961643216 -0.027835482731461525 -0.07806183397769928
v -0.029165320098400112 -0.02671828307211399 -0.07964654266834259
v -0.029165320098400112 -0.02671828307211399 -0.07964654266834259
v -0.026372469961643216 -0.027835482731461525 -0.07806183397769928
v -0.028943620622158047 -0.02533826418220997 -0.07816475629806519
v -0.029165320098400112 -0.02671828307211399 -0.07964654266834259
v -0.028943620622158047 -0.02533826418220997 -0.07816475629806519
v -0.03153379261493682 -0.0239915419369936 -0.07973474264144897
v -0.03153379261493682 -0.0239915419369936 -0.07973474264144897
v -0.028943620622158047 -0.02533826418220997 -0.07816475629806519
v -0.031274914741516106 -0.022610807791352272 -0.07824524492025375
v -0.03153379261493682 -0.0239915419369936 -0.07973474264144897
v -0.031274914741516106 -0.022610807791352272 -0.07824524492025375
v -0.0336473062634468 -0.021058307960629463 -0.0798066109418869
v -0.0336473062634468 -0.021058307960629463 -0.0798066109418869
v -0.031274914741516106 -0.022610807791352272 -0.07824524492025375
v -0.03334845602512359 -0.01967492885887623 -0.07830426096916199
v -0.0336473062634468 -0.021058307960629463 -0.0798066109418869
v -0.03334845602512359 -0.01967492885887623 -0.07830426096916199
v -0.035489372909069054 -0.01794244535267353 -0.07986319810152054
v -0.035489372909069054 -0.01794244535267353 -0.07986319810152054
v -0.03334845602512359 -0.01967492885887623 -0.07830426096916199
v -0.03514813631772994 -0.01655515469610691 -0.07834316045045853
v -0.035489372909069054 -0.01794244535267353 -0.07986319810152054
v -0.03514813631772994 -0.01655515469610691 -0.07834316045045853
v -0.03704533725976943 -0.014670106582343578 -0.07990553975105286
v -0.03704533725976943 -0.014670106582343578 -0.07990553975105286
v -0.03514813631772994 -0.01655515469610691 -0.07834316045045853
v -0.03665964305400848 -0.013278509490191936 -0.0783633440732956
v -0.03704533725976943 -0.014670106582343578 -0.07990553975105286
v -0.03665964305400848 -0.013278509490191936 -0.0783633440732956
v -0.03830271959304809 -0.01126940082758665 -0.07993452996015549
v -0.03830271959304809 -0.01126940082758665 -0.07993452996015549
v -0.03665964305400848 -0.013278509490191936 -0.0783633440732956
v -0.03787082433700561 -0.009874152950942516 -0.07836608588695526
v -0.03830271959304809 -0.01126940082758665 -0.07993452996015549
v -0.03787082433700561 -0.009874152950942516 -0.07836608588695526
v -0.03925155103206634 -0.007770093623548746 -0.0799507200717926
v -0.03925155103206634 -0.007770093623548746 -0.0799507200717926
v -0.03787082433700561 -0.009874152950942516 -0.07836608588695526
v -0.03877213597297668 -0.006373079959303141 -0.07835228741168976
v -0.03925155103206634 -0.007770093623548746 -0.0799507200717926
v -0.03877213597297668 -0.006373079959303141 -0.07835228741168976
v -0.039884798228740685 -0.0042033069767057896 -0.07995418459177017
v -0.039884798228740685 -0.0042033069767057896 -0.07995418459177017
v -0.03877213597297668 -0.006373079959303141 -0.07835228741168976
v -0.039357014000415795 -0.002807753859087825 -0.07832229137420654
v -0.039884798228740685 -0.0042033069767057896 -0.07995418459177017
v -0.039357014000415795 -0.002807753859087825 -0.07832229137420654
v -0.03962231427431106 0.0007882502395659685 -0.0782756581902504
v -0.03962231427431106 0.0007882502395659685 -0.0782756581902504
v -0.039357014000415795 -0.002807753859087825 -0.07832229137420654
v -0.037797711789607995 0.0002827917051035911 -0.07507586479187012
v -0.03962231427431106 0.0007882502395659685 -0.0782756581902504
v -0.037797711789607995 0.0002827917051035911 -0.07507586479187012
v -0.037994116544723504 0.00381469470448792 -0.0749148428440094
v -0.037994116544723504 0.00381469470448792 -0.0749148428440094
v -0.037797711789607995 0.0002827917051035911 -0.07507586479187012
v -0.03572570532560348 0.00372478854842484 -0.07176963984966278
v -0.037994116544723504 0.00381469470448792 -0.0749148428440094
v -0.03572570532560348 0.00372478854842484 -0.07176963984966278
v -0.03588945418596267 0.007137445267289877 -0.07145430147647858
v -0.03588945418596267 0.007137445267289877 -0.07145430147647858
v -0.03572570532560348 0.00372478854842484 -0.07176963984966278
v -0.0333670750260353 0.00743922358378768 -0.06830224394798279
v -0.03588945418596267 0.007137445267289877 -0.07145430147647858
v -0.0333670750260353 0.00743922358378768 -0.06830224394798279
v -0.03353216499090194 0.010697872377932072 -0.06781263649463654
v -0.03353216499090194 0.010697872377932072 -0.06781263649463654
v -0.0333670750260353 0.00743922358378768 -0.06830224394798279
v -0.03097184747457504 0.011320766992866993 -0.0645885244011879
v -0.03353216499090194 0.010697872377932072 -0.06781263649463654
v -0.03097184747457504 0.011320766992866993 -0.0645885244011879
v -0.03116922080516815 0.014413812197744846 -0.06392564624547958
v -0.03116922080516815 0.014413812197744846 -0.06392564624547958
v -0.03097184747457504 0.011320766992866993 -0.0645885244011879
v -0.028795540332794186 0.01523605827242136 -0.06057997792959213
v -0.03116922080516815 0.014413812197744846 -0.06392564624547958
v -0.028795540332794186 0.01523605827242136 -0.06057997792959213
v -0.029052302241325375 0.018176479265093803 -0.05976458638906479
v -0.029052302241325375 0.018176479265093803 -0.05976458638906479
v -0.028795540332794186 0.01523605827242136 -0.06057997792959213
v -0.027080990374088284 0.019021393731236458 -0.056285880506038666
v -0.029052302241325375 0.018176479265093803 -0.05976458638906479
v -0.027080990374088284 0.019021393731236458 -0.056285880506038666
v -0.029089584946632382 0.021138695999979973 -0.058931924402713776
v -0.029089584946632382 0.021138695999979973 -0.058931924402713776
v -0.027080990374088284 0.019021393731236458 -0.056285880506038666
v -0.02747109532356262 0.02252955548465252 -0.05513019114732742
v -0.029089584946632382 0.021138695999979973 -0.058931924402713776
v -0.02747109532356262 0.02252955548465252 -0.05513019114732742
v -0.027559101581573483 0.024713175371289253 -0.05441058427095413
v -0.01843992620706558 0.048505254089832306 -0.046572960913181305
v -0.01941897720098495 0.0476440005004406 -0.04685669392347336
v -0.02041852474212646 0.05090882629156113 -0.04100114852190018
v -0.04036292433738708 0.055854834616184235 -0.003227048320695758
v -0.04050010442733764 0.05600018426775932 2.0046249460392573e-07
v -0.04040182381868362 0.05738399922847748 4.3888107370548823e-07
v -0.037041217088699334 0.05215306207537651 -0.016700096428394318
v -0.03710037469863891 0.05222161486744881 -0.016543947160243988
v -0.03692656010389327 0.054273877292871475 -0.0163789764046669
v -0.03692656010389327 0.054273877292871475 -0.0163789764046669
v -0.03710037469863891 0.05222161486744881 -0.016543947160243988
v -0.038940571248531335 0.05430710315704346 -0.010958903469145298
v -0.03692656010389327 0.054273877292871475 -0.0163789764046669
v -0.038940571248531335 0.05430710315704346 -0.010958903469145298
v -0.03802118450403213 0.055608104914426804 -0.013210811652243137
v -0.03802118450403213 0.055608104914426804 -0.013210811652243137
v -0.038940571248531335 0.05430710315704346 -0.010958903469145298
v -0.03918094187974929 0.054572876542806625 -0.010052659548819065
v -0.03802118450403213 0.055608104914426804 -0.013210811652243137
v -0.03918094187974929 0.054572876542806625 -0.010052659548819065
v -0.03894806653261184 0.05669107660651207 -0.009969794191420078
v -0.03894806653261184 0.05669107660651207 -0.009969794191420078
v -0.03918094187974929 0.054572876542806625 -0.010052659548819065
v -0.040087036788463586 0.05555984750390053 -0.00558196846395731
v -0.03894806653261184 0.05669107660651207 -0.009969794191420078
v -0.040087036788463586 0.05555984750390053 -0.00558196846395731
v -0.039663791656494134 0.05747895687818527 -0.006640457548201084
v -0.039663791656494134 0.05747895687818527 -0.006640457548201084
v -0.040087036788463586 0.05555984750390053 -0.00558196846395731
v -0.04036292433738708 0.055854834616184235 -0.003227048320695758
v -0.039663791656494134 0.05747895687818527 -0.006640457548201084
v -0.04036292433738708 0.055854834616184235 -0.003227048320695758
v -0.04012495279312133 0.05792791768908501 -0.0032073489855974913
v -0.04012495279312133 0.05792791768908501 -0.0032073489855974913
v -0.04036292433738708 0.055854834616184235 -0.003227048320695758
v -0.04040182381868362 0.05738399922847748 4.3888107370548823e-07
v -0.04012495279312133 0.05792791768908501 -0.0032073489855974913
v -0.04040182381868362 0.05738399922847748 4.3888107370548823e-07
v -0.040319792926311486 0.05784991383552551 3.494741065424023e-07
v -0.033070415258407586 0.04920198768377304 -0.025600887835025787
v -0.03352715820074081 0.04788350686430931 -0.025007866322994232
v -0.035079054534435265 0.04982098564505577 -0.021493323147296906
v -0.030913628637790676 0.044353749603033066 -0.03097040206193924
v -0.03045690059661865 0.04536806792020798 -0.03166788071393967
v -0.029491007328033444 0.04220419377088547 -0.03455454856157303
v -0.029491007328033444 0.04220419377088547 -0.03455454856157303
v -0.03045690059661865 0.04536806792020798 -0.03166788071393967
v -0.02821436524391174 0.04158112779259682 -0.03781440109014511
v -0.029491007328033444 0.04220419377088547 -0.03455454856157303
v -0.02821436524391174 0.04158112779259682 -0.03781440109014511
v -0.028665959835052487 0.04082540050148964 -0.036908455193042755
v -0.027560755610466 0.03867790848016739 -0.040770433843135834
v -0.02715586125850677 0.041310347616672516 -0.04050760716199875
v -0.027311027050018307 0.038100190460681915 -0.041872523725032806
v -0.027311027050018307 0.038100190460681915 -0.041872523725032806
v -0.02715586125850677 0.041310347616672516 -0.04050760716199875
v -0.026465326547622677 0.03965768218040466 -0.04369515925645828
v -0.027311027050018307 0.038100190460681915 -0.041872523725032806
v -0.026465326547622677 0.03965768218040466 -0.04369515925645828
v -0.026825726032257077 0.03672576695680618 -0.04465878754854202
v -0.026825726032257077 0.03672576695680618 -0.04465878754854202
v -0.026465326547622677 0.03965768218040466 -0.04369515925645828
v -0.026000082492828366 0.038209568709135056 -0.04697326570749283
v -0.026825726032257077 0.03672576695680618 -0.04465878754854202
v -0.026000082492828366 0.038209568709135056 -0.04697326570749283
v -0.02662774175405502 0.03589459881186485 -0.04649776965379715
v -0.026608228683471676 0.03403832018375397 -0.05133882910013199
v -0.02662774175405502 0.03589459881186485 -0.04649776965379715
v -0.02579749375581741 0.037013426423072815 -0.05035873502492905
v -0.02579749375581741 0.037013426423072815 -0.05035873502492905
v -0.02662774175405502 0.03589459881186485 -0.04649776965379715
v -0.026000082492828366 0.038209568709135056 -0.04697326570749283
v -0.02579749375581741 0.037013426423072815 -0.05035873502492905
v -0.026000082492828366 0.038209568709135056 -0.04697326570749283
v -0.025289915502071377 0.03847070038318634 -0.04987866431474686
v -0.025289915502071377 0.03847070038318634 -0.04987866431474686
v -0.026000082492828366 0.038209568709135056 -0.04697326570749283
v -0.0245743915438652 0.04020790010690689 -0.049306370317935944
v -0.021909959614276883 0.04481854662299156 -0.04778748005628586
v -0.0230543240904808 0.04310714825987816 -0.048351265490055084
v -0.02386268228292465 0.044009674340486526 -0.045277468860149384
v -0.01843992620706558 0.048505254089832306 -0.046572960913181305
v -0.02041852474212646 0.05090882629156113 -0.04100114852190018
v -0.016829408705234524 0.04968898743391037 -0.046183012425899506
v -0.014333247207105158 0.05106370523571968 -0.04573013633489609
v -0.014635241590440272 0.050922833383083344 -0.04577653855085373
v -0.01765041053295135 0.05302831530570984 -0.04052019864320755
v -0.01765041053295135 0.05302831530570984 -0.04052019864320755
v -0.014635241590440272 0.050922833383083344 -0.04577653855085373
v -0.016601271927356717 0.04983608424663544 -0.04613455384969711
v -0.015505566261708735 0.06302385777235031 -0.023634500801563263
v -0.011847085319459437 0.06311433762311935 -0.024584613740444183
v -0.011676213704049586 0.0608258880674839 -0.02986530214548111
v -0.011847085319459437 0.06311433762311935 -0.024584613740444183
v -0.015505566261708735 0.06302385777235031 -0.023634500801563263
v -0.01202177908271551 0.0649077519774437 -0.019552163779735565
v -0.01202177908271551 0.0649077519774437 -0.019552163779735565
v -0.015505566261708735 0.06302385777235031 -0.023634500801563263
v -0.015798136591911312 0.06505312025547028 -0.017976589500904083
v -0.01202177908271551 0.0649077519774437 -0.019552163779735565
v -0.015798136591911312 0.06505312025547028 -0.017976589500904083
v -0.012091456912457941 0.06543032824993134 -0.017824731767177582
v -0.012091456912457941 0.06543032824993134 -0.017824731767177582
v -0.015798136591911312 0.06505312025547028 -0.017976589500904083
v -0.01223908271640539 0.06626200675964355 -0.014653378166258335
v -0.01223908271640539 0.06626200675964355 -0.014653378166258335
v -0.015798136591911312 0.06505312025547028 -0.017976589500904083
v -0.016180597245693203 0.0665682703256607 -0.012139239348471165
v -0.01223908271640539 0.06626200675964355 -0.014653378166258335
v -0.016180597245693203 0.0665682703256607 -0.012139239348471165
v -0.012385292910039423 0.06682473421096802 -0.012023591436445713
v -0.012385292910039423 0.06682473421096802 -0.012023591436445713
v -0.016180597245693203 0.0665682703256607 -0.012139239348471165
v -0.012528746388852595 0.06721056997776031 -0.009798922576010227
v -0.012528746388852595 0.06721056997776031 -0.009798922576010227
v -0.016180597245693203 0.0665682703256607 -0.012139239348471165
v -0.01672124862670898 0.06749419122934341 -0.006062903441488743
v -0.012528746388852595 0.06721056997776031 -0.009798922576010227
v -0.01672124862670898 0.06749419122934341 -0.006062903441488743
v -0.012821420095860956 0.06767955422401428 -0.0059972042217850685
v -0.012821420095860956 0.06767955422401428 -0.0059972042217850685
v -0.01672124862670898 0.06749419122934341 -0.006062903441488743
v -0.012916705571115015 0.06776968389749527 -0.004913710989058018
v -0.012916705571115015 0.06776968389749527 -0.004913710989058018
v -0.01672124862670898 0.06749419122934341 -0.006062903441488743
v -0.020724974572658535 0.06750953942537308 1.8556133341007808e-07
v -0.012916705571115015 0.06776968389749527 -0.004913710989058018
v -0.020724974572658535 0.06750953942537308 1.8556133341007808e-07
v -0.013420297764241694 0.0679415911436081 -3.7956088050350445e-08
v -0.01672124862670898 0.06749419122934341 -0.006062903441488743
v -0.021201878786087033 0.06738271564245224 -0.002958812518045306
v -0.020724974572658535 0.06750953942537308 1.8556133341007808e-07
v -0.020724974572658535 0.06750953942537308 1.8556133341007808e-07
v -0.021201878786087033 0.06738271564245224 -0.002958812518045306
v -0.02528891712427139 0.06684831529855728 -0.003007151884958148
v -0.020724974572658535 0.06750953942537308 1.8556133341007808e-07
v -0.02528891712427139 0.06684831529855728 -0.003007151884958148
v -0.025729738175868985 0.0668795257806778 2.451659781854687e-07
v -0.025729738175868985 0.0668795257806778 2.451659781854687e-07
v -0.02528891712427139 0.06684831529855728 -0.003007151884958148
v -0.02927085757255554 0.06603559851646423 -0.003062435192987323
v -0.025729738175868985 0.0668795257806778 2.451659781854687e-07
v -0.02927085757255554 0.06603559851646423 -0.003062435192987323
v -0.029792942106723782 0.06603525578975677 8.125319794771713e-08
v -0.029792942106723782 0.06603525578975677 8.125319794771713e-08
v -0.02927085757255554 0.06603559851646423 -0.003062435192987323
v -0.03314708173274993 0.06478966027498245 -0.0031217269133776426
v -0.029792942106723782 0.06603525578975677 8.125319794771713e-08
v -0.03314708173274993 0.06478966027498245 -0.0031217269133776426
v -0.033063076436519616 0.0649944469332695 3.0477062296085933e-07
v -0.030016653239727017 0.06007158011198044 -0.018773026764392853
v -0.026741147041320797 0.06188146770000458 -0.01854521781206131
v -0.029304742813110348 0.058441221714019775 -0.02169143408536911
v -0.029304742813110348 0.058441221714019775 -0.02169143408536911
v -0.026741147041320797 0.06188146770000458 -0.01854521781206131
v -0.025755167007446286 0.05885712057352066 -0.0243067666888237
v -0.029304742813110348 0.058441221714019775 -0.02169143408536911
v -0.025755167007446286 0.05885712057352066 -0.0243067666888237
v -0.02858205139636993 0.05667711794376373 -0.02457786351442337
v -0.03515752404928207 0.05462425574660301 -0.0193171426653862
v -0.03692656010389327 0.054273877292871475 -0.0163789764046669
v -0.03630460798740386 0.05620669573545456 -0.016248442232608795
v -0.03630460798740386 0.05620669573545456 -0.016248442232608795
v -0.03692656010389327 0.054273877292871475 -0.0163789764046669
v -0.03802118450403213 0.055608104914426804 -0.013210811652243137
v -0.03630460798740386 0.05620669573545456 -0.016248442232608795
v -0.03802118450403213 0.055608104914426804 -0.013210811652243137
v -0.037340551614761346 0.05756702646613121 -0.013118886388838291
v -0.037340551614761346 0.05756702646613121 -0.013118886388838291
v -0.03802118450403213 0.055608104914426804 -0.013210811652243137
v -0.03894806653261184 0.05669107660651207 -0.009969794191420078
v -0.037340551614761346 0.05756702646613121 -0.013118886388838291
v -0.03894806653261184 0.05669107660651207 -0.009969794191420078
v -0.03822797536849975 0.058657847344875336 -0.009911679662764072
v -0.03822797536849975 0.058657847344875336 -0.009911679662764072
v -0.03894806653261184 0.05669107660651207 -0.009969794191420078
v -0.039663791656494134 0.05747895687818527 -0.006640457548201084
v -0.03822797536849975 0.058657847344875336 -0.009911679662764072
v -0.039663791656494134 0.05747895687818527 -0.006640457548201084
v -0.03892948478460311 0.05943175405263901 -0.0066099995747208595
v -0.03892948478460311 0.05943175405263901 -0.0066099995747208595
v -0.039663791656494134 0.05747895687818527 -0.006640457548201084
v -0.04012495279312133 0.05792791768908501 -0.0032073489855974913
v -0.03892948478460311 0.05943175405263901 -0.0066099995747208595
v -0.037038892507553094 0.060347676277160645 -0.009861850179731846
v -0.03822797536849975 0.058657847344875336 -0.009911679662764072
v -0.03822797536849975 0.058657847344875336 -0.009911679662764072
v -0.037038892507553094 0.060347676277160645 -0.009861850179731846
v -0.036203600466251366 0.059259917587041855 -0.013039984740316868
v -0.03822797536849975 0.058657847344875336 -0.009911679662764072
v -0.036203600466251366 0.059259917587041855 -0.013039984740316868
v -0.037340551614761346 0.05756702646613121 -0.013118886388838291
v -0.037340551614761346 0.05756702646613121 -0.013118886388838291
v -0.036203600466251366 0.059259917587041855 -0.013039984740316868
v -0.035247869789600365 0.05789477378129959 -0.01613602787256241
v -0.037340551614761346 0.05756702646613121 -0.013118886388838291
v -0.035247869789600365 0.05789477378129959 -0.01613602787256241
v -0.03630460798740386 0.05620669573545456 -0.016248442232608795
v -0.03630460798740386 0.05620669573545456 -0.016248442232608795
v -0.035247869789600365 0.05789477378129959 -0.01613602787256241
v -0.034201458096504204 0.05630079656839371 -0.019167877733707428
v -0.03630460798740386 0.05620669573545456 -0.016248442232608795
v -0.034201458096504204 0.05630079656839371 -0.019167877733707428
v -0.03515752404928207 0.05462425574660301 -0.0193171426653862
v -0.03515752404928207 0.05462425574660301 -0.0193171426653862
v -0.034201458096504204 0.05630079656839371 -0.019167877733707428
v -0.03195558488368987 0.052620504051446915 -0.02511037141084671
v -0.02858205139636993 0.05667711794376373 -0.02457786351442337
v -0.03099212050437927 0.054093681275844574 -0.024910934269428253
v -0.029304742813110348 0.058441221714019775 -0.02169143408536911
v -0.029304742813110348 0.058441221714019775 -0.02169143408536911
v -0.03099212050437927 0.054093681275844574 -0.024910934269428253
v -0.031992398202419274 0.05598193034529686 -0.02198561280965805
v -0.029304742813110348 0.058441221714019775 -0.02169143408536911
v -0.031992398202419274 0.05598193034529686 -0.02198561280965805
v -0.030016653239727017 0.06007158011198044 -0.018773026764392853
v -0.030016653239727017 0.06007158011198044 -0.018773026764392853
v -0.031992398202419274 0.05598193034529686 -0.02198561280965805
v -0.032968282699584954 0.057736586779356 -0.019030489027500153
v -0.030016653239727017 0.06007158011198044 -0.018773026764392853
v -0.032968282699584954 0.057736586779356 -0.019030489027500153
v -0.03236258774995803 0.060504648834466934 -0.01591675728559494
v -0.03236258774995803 0.060504648834466934 -0.01591675728559494
v -0.032968282699584954 0.057736586779356 -0.019030489027500153
v -0.033898003399372094 0.05931020528078079 -0.01602739840745926
v -0.03236258774995803 0.060504648834466934 -0.01591675728559494
v -0.033898003399372094 0.05931020528078079 -0.01602739840745926
v -0.034759804606437676 0.06065535172820091 -0.01295823697000742
v -0.02444704622030258 0.04556794837117195 -0.042151518166065216
v -0.022684328258037564 0.04838499426841736 -0.04154322296380997
v -0.02386268228292465 0.044009674340486526 -0.045277468860149384
v -0.02386268228292465 0.044009674340486526 -0.045277468860149384
v -0.022684328258037564 0.04838499426841736 -0.04154322296380997
v -0.02213569730520248 0.04676605015993118 -0.04455346614122391
v -0.02386268228292465 0.044009674340486526 -0.045277468860149384
v -0.02213569730520248 0.04676605015993118 -0.04455346614122391
v -0.021909959614276883 0.04481854662299156 -0.04778748005628586
v -0.021909959614276883 0.04481854662299156 -0.04778748005628586
v -0.02213569730520248 0.04676605015993118 -0.04455346614122391
v -0.01941897720098495 0.0476440005004406 -0.04685669392347336
v -0.02386268228292465 0.044009674340486526 -0.045277468860149384
v -0.025135204195976254 0.04112029820680618 -0.04607739299535751
v -0.02444704622030258 0.04556794837117195 -0.042151518166065216
v -0.02444704622030258 0.04556794837117195 -0.042151518166065216
v -0.025135204195976254 0.04112029820680618 -0.04607739299535751
v -0.025696873664855954 0.0426153726875782 -0.042852796614170074
v -0.02444704622030258 0.04556794837117195 -0.042151518166065216
v -0.025696873664855954 0.0426153726875782 -0.042852796614170074
v -0.026386491954326626 0.04430893436074257 -0.039725370705127716
v -0.01941897720098495 0.0476440005004406 -0.04685669392347336
v -0.02213569730520248 0.04676605015993118 -0.04455346614122391
v -0.02041852474212646 0.05090882629156113 -0.04100114852190018
v -0.02041852474212646 0.05090882629156113 -0.04100114852190018
v -0.02213569730520248 0.04676605015993118 -0.04455346614122391
v -0.022684328258037564 0.04838499426841736 -0.04154322296380997
v -0.02041852474212646 0.05090882629156113 -0.04100114852190018
v -0.022684328258037564 0.04838499426841736 -0.04154322296380997
v -0.023742273449897763 0.0518571175634861 -0.035695649683475494
v -0.023742273449897763 0.0518571175634861 -0.035695649683475494
v -0.022684328258037564 0.04838499426841736 -0.04154322296380997
v -0.02444704622030258 0.04556794837117195 -0.042151518166065216
v -0.023742273449897763 0.0518571175634861 -0.035695649683475494
v -0.02444704622030258 0.04556794837117195 -0.042151518166065216
v -0.025736153125762936 0.04909900575876236 -0.03613468259572983
v -0.025736153125762936 0.04909900575876236 -0.03613468259572983
v -0.02444704622030258 0.04556794837117195 -0.042151518166065216
v -0.026386491954326626 0.04430893436074257 -0.039725370705127716
v -0.025736153125762936 0.04909900575876236 -0.03613468259572983
v -0.026386491954326626 0.04430893436074257 -0.039725370705127716
v -0.027182303369045254 0.04615354910492897 -0.036676980555057526
v -0.027560755610466 0.03867790848016739 -0.040770433843135834
v -0.028665959835052487 0.04082540050148964 -0.036908455193042755
v -0.02715586125850677 0.041310347616672516 -0.04050760716199875
v -0.02715586125850677 0.041310347616672516 -0.04050760716199875
v -0.028665959835052487 0.04082540050148964 -0.036908455193042755
v -0.02821436524391174 0.04158112779259682 -0.03781440109014511
v -0.02715586125850677 0.041310347616672516 -0.04050760716199875
v -0.02821436524391174 0.04158112779259682 -0.03781440109014511
v -0.028034292161464688 0.04312015697360039 -0.03739378601312637
v -0.028034292161464688 0.04312015697360039 -0.03739378601312637
v -0.02821436524391174 0.04158112779259682 -0.03781440109014511
v -0.03045690059661865 0.04536806792020798 -0.03166788071393967
v -0.035079054534435265 0.04982098564505577 -0.021493323147296906
v -0.035707622766494744 0.05273222550749779 -0.019489742815494537
v -0.033070415258407586 0.04920198768377304 -0.025600887835025787
v -0.033070415258407586 0.04920198768377304 -0.025600887835025787
v -0.035707622766494744 0.05273222550749779 -0.019489742815494537
v -0.03267943859100341 0.05098269134759903 -0.025339342653751373
v -0.033070415258407586 0.04920198768377304 -0.025600887835025787
v -0.03267943859100341 0.05098269134759903 -0.025339342653751373
v -0.03020534664392471 0.04702157527208328 -0.03132002800703049
v -0.03020534664392471 0.04702157527208328 -0.03132002800703049
v -0.03267943859100341 0.05098269134759903 -0.025339342653751373
v -0.029704041779041287 0.04860739782452583 -0.03101033717393875
v -0.03020534664392471 0.04702157527208328 -0.03132002800703049
v -0.029704041779041287 0.04860739782452583 -0.03101033717393875
v -0.027182303369045254 0.04615354910492897 -0.036676980555057526
v -0.0230543240904808 0.04310714825987816 -0.048351265490055084
v -0.023328952491283413 0.042644139379262924 -0.04850379377603531
v -0.02386268228292465 0.044009674340486526 -0.045277468860149384
v -0.02386268228292465 0.044009674340486526 -0.045277468860149384
v -0.023328952491283413 0.042644139379262924 -0.04850379377603531
v -0.0245743915438652 0.04020790010690689 -0.049306370317935944
v -0.02386268228292465 0.044009674340486526 -0.045277468860149384
v -0.0245743915438652 0.04020790010690689 -0.049306370317935944
v -0.025135204195976254 0.04112029820680618 -0.04607739299535751
v -0.025135204195976254 0.04112029820680618 -0.04607739299535751
v -0.0245743915438652 0.04020790010690689 -0.049306370317935944
v -0.026000082492828366 0.038209568709135056 -0.04697326570749283
v -0.025135204195976254 0.04112029820680618 -0.04607739299535751
v -0.026000082492828366 0.038209568709135056 -0.04697326570749283
v -0.025696873664855954 0.0426153726875782 -0.042852796614170074
v -0.025696873664855954 0.0426153726875782 -0.042852796614170074
v -0.026000082492828366 0.038209568709135056 -0.04697326570749283
v -0.026465326547622677 0.03965768218040466 -0.04369515925645828
v -0.025696873664855954 0.0426153726875782 -0.042852796614170074
v -0.026465326547622677 0.03965768218040466 -0.04369515925645828
v -0.026386491954326626 0.04430893436074257 -0.039725370705127716
v -0.026386491954326626 0.04430893436074257 -0.039725370705127716
v -0.026465326547622677 0.03965768218040466 -0.04369515925645828
v -0.02715586125850677 0.041310347616672516 -0.04050760716199875
v -0.026386491954326626 0.04430893436074257 -0.039725370705127716
v -0.02715586125850677 0.041310347616672516 -0.04050760716199875
v -0.027182303369045254 0.04615354910492897 -0.036676980555057526
v -0.027182303369045254 0.04615354910492897 -0.036676980555057526
v -0.02715586125850677 0.041310347616672516 -0.04050760716199875
v -0.028034292161464688 0.04312015697360039 -0.03739378601312637
v -0.027182303369045254 0.04615354910492897 -0.036676980555057526
v -0.028034292161464688 0.04312015697360039 -0.03739378601312637
v -0.03020534664392471 0.04702157527208328 -0.03132002800703049
v -0.03020534664392471 0.04702157527208328 -0.03132002800703049
v -0.028034292161464688 0.04312015697360039 -0.03739378601312637
v -0.03045690059661865 0.04536806792020798 -0.03166788071393967
v -0.03020534664392471 0.04702157527208328 -0.03132002800703049
v -0.03045690059661865 0.04536806792020798 -0.03166788071393967
v -0.033070415258407586 0.04920198768377304 -0.025600887835025787
v -0.033070415258407586 0.04920198768377304 -0.025600887835025787
v -0.03045690059661865 0.04536806792020798 -0.03166788071393967
v -0.030913628637790676 0.044353749603033066 -0.03097040206193924
v -0.033070415258407586 0.04920198768377304 -0.025600887835025787
v -0.030913628637790676 0.044353749603033066 -0.03097040206193924
v -0.03352715820074081 0.04788350686430931 -0.025007866322994232
v -0.016601271927356717 0.04983608424663544 -0.04613455384969711
v -0.016829408705234524 0.04968898743391037 -0.046183012425899506
v -0.01765041053295135 0.05302831530570984 -0.04052019864320755
v -0.01765041053295135 0.05302831530570984 -0.04052019864320755
v -0.016829408705234524 0.04968898743391037 -0.046183012425899506
v -0.02041852474212646 0.05090882629156113 -0.04100114852190018
v -0.01765041053295135 0.05302831530570984 -0.04052019864320755
v -0.02041852474212646 0.05090882629156113 -0.04100114852190018
v -0.021247357130050656 0.054283373057842255 -0.03531020134687424
v -0.021247357130050656 0.054283373057842255 -0.03531020134687424
v -0.02041852474212646 0.05090882629156113 -0.04100114852190018
v -0.023742273449897763 0.0518571175634861 -0.035695649683475494
v -0.021247357130050656 0.054283373057842255 -0.03531020134687424
v -0.023742273449897763 0.0518571175634861 -0.035695649683475494
v -0.02476071566343307 0.05543174967169762 -0.02998686581850052
v -0.02476071566343307 0.05543174967169762 -0.02998686581850052
v -0.023742273449897763 0.0518571175634861 -0.035695649683475494
v -0.025736153125762936 0.04909900575876236 -0.03613468259572983
v -0.02476071566343307 0.05543174967169762 -0.02998686581850052
v -0.025736153125762936 0.04909900575876236 -0.03613468259572983
v -0.027134850621223446 0.05291082710027695 -0.03032093495130539
v -0.027134850621223446 0.05291082710027695 -0.03032093495130539
v -0.025736153125762936 0.04909900575876236 -0.03613468259572983
v -0.027182303369045254 0.04615354910492897 -0.036676980555057526
v -0.027134850621223446 0.05291082710027695 -0.03032093495130539
v -0.027182303369045254 0.04615354910492897 -0.036676980555057526
v -0.02900542318820953 0.05010616034269333 -0.030744723975658417
v -0.02900542318820953 0.05010616034269333 -0.030744723975658417
v -0.027182303369045254 0.04615354910492897 -0.036676980555057526
v -0.029704041779041287 0.04860739782452583 -0.03101033717393875
v -0.02900542318820953 0.05010616034269333 -0.030744723975658417
v -0.029704041779041287 0.04860739782452583 -0.03101033717393875
v -0.03195558488368987 0.052620504051446915 -0.02511037141084671
v -0.03195558488368987 0.052620504051446915 -0.02511037141084671
v -0.029704041779041287 0.04860739782452583 -0.03101033717393875
v -0.03267943859100341 0.05098269134759903 -0.025339342653751373
v -0.03195558488368987 0.052620504051446915 -0.02511037141084671
v -0.03267943859100341 0.05098269134759903 -0.025339342653751373
v -0.03515752404928207 0.05462425574660301 -0.0193171426653862
v -0.03515752404928207 0.05462425574660301 -0.0193171426653862
v -0.03267943859100341 0.05098269134759903 -0.025339342653751373
v -0.035707622766494744 0.05273222550749779 -0.019489742815494537
v -0.03515752404928207 0.05462425574660301 -0.0193171426653862
v -0.035707622766494744 0.05273222550749779 -0.019489742815494537
v -0.03692656010389327 0.054273877292871475 -0.0163789764046669
v -0.03692656010389327 0.054273877292871475 -0.0163789764046669
v -0.035707622766494744 0.05273222550749779 -0.019489742815494537
v -0.035079054534435265 0.04982098564505577 -0.021493323147296906
v -0.03692656010389327 0.054273877292871475 -0.0163789764046669
v -0.035079054534435265 0.04982098564505577 -0.021493323147296906
v -0.037041217088699334 0.05215306207537651 -0.016700096428394318
v -0.037038892507553094 0.060347676277160645 -0.009861850179731846
v -0.034759804606437676 0.06065535172820091 -0.01295823697000742
v -0.036203600466251366 0.059259917587041855 -0.013039984740316868
v -0.036203600466251366 0.059259917587041855 -0.013039984740316868
v -0.034759804606437676 0.06065535172820091 -0.01295823697000742
v -0.033898003399372094 0.05931020528078079 -0.01602739840745926
v -0.036203600466251366 0.059259917587041855 -0.013039984740316868
v -0.033898003399372094 0.05931020528078079 -0.01602739840745926
v -0.035247869789600365 0.05789477378129959 -0.01613602787256241
v -0.035247869789600365 0.05789477378129959 -0.01613602787256241
v -0.033898003399372094 0.05931020528078079 -0.01602739840745926
v -0.032968282699584954 0.057736586779356 -0.019030489027500153
v -0.035247869789600365 0.05789477378129959 -0.01613602787256241
v -0.032968282699584954 0.057736586779356 -0.019030489027500153
v -0.034201458096504204 0.05630079656839371 -0.019167877733707428
v -0.034201458096504204 0.05630079656839371 -0.019167877733707428
v -0.032968282699584954 0.057736586779356 -0.019030489027500153
v -0.031992398202419274 0.05598193034529686 -0.02198561280965805
v -0.034201458096504204 0.05630079656839371 -0.019167877733707428
v -0.031992398202419274 0.05598193034529686 -0.02198561280965805
v -0.03195558488368987 0.052620504051446915 -0.02511037141084671
v -0.03195558488368987 0.052620504051446915 -0.02511037141084671
v -0.031992398202419274 0.05598193034529686 -0.02198561280965805
v -0.03099212050437927 0.054093681275844574 -0.024910934269428253
v -0.03195558488368987 0.052620504051446915 -0.02511037141084671
v -0.03099212050437927 0.054093681275844574 -0.024910934269428253
v -0.02900542318820953 0.05010616034269333 -0.030744723975658417
v -0.02900542318820953 0.05010616034269333 -0.030744723975658417
v -0.03099212050437927 0.054093681275844574 -0.024910934269428253
v -0.02858205139636993 0.05667711794376373 -0.02457786351442337
v -0.02900542318820953 0.05010616034269333 -0.030744723975658417
v -0.02858205139636993 0.05667711794376373 -0.02457786351442337
v -0.027134850621223446 0.05291082710027695 -0.03032093495130539
v -0.027134850621223446 0.05291082710027695 -0.03032093495130539
v -0.02858205139636993 0.05667711794376373 -0.02457786351442337
v -0.025755167007446286 0.05885712057352066 -0.0243067666888237
v -0.027134850621223446 0.05291082710027695 -0.03032093495130539
v -0.025755167007446286 0.05885712057352066 -0.0243067666888237
v -0.02476071566343307 0.05543174967169762 -0.02998686581850052
v -0.02476071566343307 0.05543174967169762 -0.02998686581850052
v -0.025755167007446286 0.05885712057352066 -0.0243067666888237
v -0.021962389349937435 0.05758972093462944 -0.029695548117160797
v -0.02476071566343307 0.05543174967169762 -0.02998686581850052
v -0.021962389349937435 0.05758972093462944 -0.029695548117160797
v -0.021247357130050656 0.054283373057842255 -0.03531020134687424
v -0.021247357130050656 0.054283373057842255 -0.03531020134687424
v -0.021962389349937435 0.05758972093462944 -0.029695548117160797
v -0.01826730370521545 0.056280262768268585 -0.034957028925418854
v -0.021247357130050656 0.054283373057842255 -0.03531020134687424
v -0.01826730370521545 0.056280262768268585 -0.034957028925418854
v -0.01765041053295135 0.05302831530570984 -0.04052019864320755
v -0.01765041053295135 0.05302831530570984 -0.04052019864320755
v -0.01826730370521545 0.056280262768268585 -0.034957028925418854
v -0.014484471641480921 0.05460255220532417 -0.04012715071439743
v -0.01765041053295135 0.05302831530570984 -0.04052019864320755
v -0.014484471641480921 0.05460255220532417 -0.04012715071439743
v -0.014333247207105158 0.05106370523571968 -0.04573013633489609
v -0.0207887589931488 0.06713981926441193 -0.0061437273398041725
v -0.024385772645473477 0.06605317443609238 -0.009370737709105015
v -0.02481620758771896 0.06657060235738754 -0.006234564818441868
v -0.02481620758771896 0.06657060235738754 -0.006234564818441868
v -0.024385772645473477 0.06605317443609238 -0.009370737709105015
v -0.02823816984891891 0.0651153102517128 -0.009509333409368992
v -0.02481620758771896 0.06657060235738754 -0.006234564818441868
v -0.02823816984891891 0.0651153102517128 -0.009509333409368992
v -0.02874975651502609 0.06571999937295914 -0.006337353028357029
v -0.02874975651502609 0.06571999937295914 -0.006337353028357029
v -0.02823816984891891 0.0651153102517128 -0.009509333409368992
v -0.03201127797365188 0.06375231593847275 -0.009660311974585056
v -0.02874975651502609 0.06571999937295914 -0.006337353028357029
v -0.03201127797365188 0.06375231593847275 -0.009660311974585056
v -0.032603666186332696 0.06443983316421509 -0.006448396481573582
v -0.032603666186332696 0.06443983316421509 -0.006448396481573582
v -0.03201127797365188 0.06375231593847275 -0.009660311974585056
v -0.0344584509730339 0.06356155127286911 -0.0065026069059967995
v -0.032603666186332696 0.06443983316421509 -0.006448396481573582
v -0.0344584509730339 0.06356155127286911 -0.0065026069059967995
v -0.034998960793018334 0.06392522901296616 -0.0031498901080340147
v -0.034998960793018334 0.06392522901296616 -0.0031498901080340147
v -0.0344584509730339 0.06356155127286911 -0.0065026069059967995
v -0.03672001510858535 0.06284552812576294 -0.0031728080939501524
v -0.034998960793018334 0.06392522901296616 -0.0031498901080340147
v -0.03672001510858535 0.06284552812576294 -0.0031728080939501524
v -0.03548374027013778 0.06386228650808334 4.835845288653218e-07
v -0.03548374027013778 0.06386228650808334 4.835845288653218e-07
v -0.03672001510858535 0.06284552812576294 -0.0031728080939501524
v -0.037325926125049584 0.06261864304542542 -6.775841399075944e-08
v -0.0397503450512886 0.05958569049835205 6.635203675386947e-08
v -0.03878102451562881 0.06115372106432915 2.164855672504018e-08
v -0.039407707750797265 0.0598413348197937 -0.003197007579728961
v -0.039407707750797265 0.0598413348197937 -0.003197007579728961
v -0.03878102451562881 0.06115372106432915 2.164855672504018e-08
v -0.03822910785675048 0.06149686500430107 -0.0031879625748842955
v -0.039407707750797265 0.0598413348197937 -0.003197007579728961
v -0.03822910785675048 0.06149686500430107 -0.0031879625748842955
v -0.03772397339344024 0.0611095055937767 -0.006583803333342075
v -0.03772397339344024 0.0611095055937767 -0.006583803333342075
v -0.03822910785675048 0.06149686500430107 -0.0031879625748842955
v -0.03619257360696792 0.0624704509973526 -0.00654908362776041
v -0.03772397339344024 0.0611095055937767 -0.006583803333342075
v -0.03619257360696792 0.0624704509973526 -0.00654908362776041
v -0.03553191572427749 0.06172458082437515 -0.009804838337004185
v -0.03553191572427749 0.06172458082437515 -0.009804838337004185
v -0.03619257360696792 0.0624704509973526 -0.00654908362776041
v -0.03382939845323562 0.06284044682979584 -0.00973623339086771
v -0.03553191572427749 0.06172458082437515 -0.009804838337004185
v -0.03382939845323562 0.06284044682979584 -0.00973623339086771
v -0.03312603384256362 0.061806585639715195 -0.012868412770330906
v -0.03312603384256362 0.061806585639715195 -0.012868412770330906
v -0.03382939845323562 0.06284044682979584 -0.00973623339086771
v -0.031377561390399926 0.06276791542768478 -0.012774013914167881
v -0.03312603384256362 0.061806585639715195 -0.012868412770330906
v -0.031377561390399926 0.06276791542768478 -0.012774013914167881
v -0.030710138380527493 0.06152740493416786 -0.01580607146024704
v -0.030710138380527493 0.06152740493416786 -0.01580607146024704
v -0.031377561390399926 0.06276791542768478 -0.012774013914167881
v -0.027734167873859402 0.06425301730632782 -0.012592130340635777
v -0.030710138380527493 0.06152740493416786 -0.01580607146024704
v -0.027734167873859402 0.06425301730632782 -0.012592130340635777
v -0.027235805988311764 0.06316457688808441 -0.015599497593939304
v -0.027235805988311764 0.06316457688808441 -0.015599497593939304
v -0.027734167873859402 0.06425301730632782 -0.012592130340635777
v -0.02399054169654846 0.06531830877065659 -0.012426682747900486
v -0.027235805988311764 0.06316457688808441 -0.015599497593939304
v -0.02399054169654846 0.06531830877065659 -0.012426682747900486
v -0.023277409374713894 0.06328531354665756 -0.018342040479183197
v -0.02399054169654846 0.06531830877065659 -0.012426682747900486
v -0.020121678709983822 0.0660773515701294 -0.012276732362806797
v -0.023277409374713894 0.06328531354665756 -0.018342040479183197
v -0.023277409374713894 0.06328531354665756 -0.018342040479183197
v -0.020121678709983822 0.0660773515701294 -0.012276732362806797
v -0.019607357680797573 0.06434334069490433 -0.018153361976146698
v -0.023277409374713894 0.06328531354665756 -0.018342040479183197
v -0.019607357680797573 0.06434334069490433 -0.018153361976146698
v -0.022620216012001034 0.06064974516630173 -0.024068914353847504
v -0.022620216012001034 0.06064974516630173 -0.024068914353847504
v -0.019607357680797573 0.06434334069490433 -0.018153361976146698
v -0.019174419343471524 0.062054604291915894 -0.02384481579065323
v -0.022620216012001034 0.06064974516630173 -0.024068914353847504
v -0.019174419343471524 0.062054604291915894 -0.02384481579065323
v -0.018751524388790127 0.05932796746492386 -0.029422305524349213
v -0.018751524388790127 0.05932796746492386 -0.029422305524349213
v -0.019174419343471524 0.062054604291915894 -0.02384481579065323
v -0.0152346258983016 0.0605555959045887 -0.029172532260417938
v -0.018751524388790127 0.05932796746492386 -0.029422305524349213
v -0.0152346258983016 0.0605555959045887 -0.029172532260417938
v -0.01491702254861593 0.057723455131053925 -0.03465024381875992
v -0.01491702254861593 0.057723455131053925 -0.03465024381875992
v -0.0152346258983016 0.0605555959045887 -0.029172532260417938
v -0.011451951228082178 0.057956475764513016 -0.03555045276880264
v -0.01491702254861593 0.057723455131053925 -0.03465024381875992
v -0.011451951228082178 0.057956475764513016 -0.03555045276880264
v -0.011080994270741938 0.054385390132665634 -0.04185628145933151
v -0.03878102451562881 0.06115372106432915 2.164855672504018e-08
v -0.037325926125049584 0.06261864304542542 -6.775841399075944e-08
v -0.03822910785675048 0.06149686500430107 -0.0031879625748842955
v -0.03822910785675048 0.06149686500430107 -0.0031879625748842955
v -0.037325926125049584 0.06261864304542542 -6.775841399075944e-08
v -0.03672001510858535 0.06284552812576294 -0.0031728080939501524
v -0.03822910785675048 0.06149686500430107 -0.0031879625748842955
v -0.03672001510858535 0.06284552812576294 -0.0031728080939501524
v -0.03619257360696792 0.0624704509973526 -0.00654908362776041
v -0.03619257360696792 0.0624704509973526 -0.00654908362776041
v -0.03672001510858535 0.06284552812576294 -0.0031728080939501524
v -0.0344584509730339 0.06356155127286911 -0.0065026069059967995
v -0.03619257360696792 0.0624704509973526 -0.00654908362776041
v -0.0344584509730339 0.06356155127286911 -0.0065026069059967995
v -0.03382939845323562 0.06284044682979584 -0.00973623339086771
v -0.03382939845323562 0.06284044682979584 -0.00973623339086771
v -0.0344584509730339 0.06356155127286911 -0.0065026069059967995
v -0.03201127797365188 0.06375231593847275 -0.009660311974585056
v -0.03382939845323562 0.06284044682979584 -0.00973623339086771
v -0.03201127797365188 0.06375231593847275 -0.009660311974585056
v -0.031377561390399926 0.06276791542768478 -0.012774013914167881
v -0.031377561390399926 0.06276791542768478 -0.012774013914167881
v -0.03201127797365188 0.06375231593847275 -0.009660311974585056
v -0.02823816984891891 0.0651153102517128 -0.009509333409368992
v -0.031377561390399926 0.06276791542768478 -0.012774013914167881
v -0.02823816984891891 0.0651153102517128 -0.009509333409368992
v -0.027734167873859402 0.06425301730632782 -0.012592130340635777
v -0.027734167873859402 0.06425301730632782 -0.012592130340635777
v -0.02823816984891891 0.0651153102517128 -0.009509333409368992
v -0.024385772645473477 0.06605317443609238 -0.009370737709105015
v -0.027734167873859402 0.06425301730632782 -0.012592130340635777
v -0.024385772645473477 0.06605317443609238 -0.009370737709105015
v -0.02399054169654846 0.06531830877065659 -0.012426682747900486
v -0.02399054169654846 0.06531830877065659 -0.012426682747900486
v -0.024385772645473477 0.06605317443609238 -0.009370737709105015
v -0.0207887589931488 0.06713981926441193 -0.0061437273398041725
v -0.02399054169654846 0.06531830877065659 -0.012426682747900486
v -0.0207887589931488 0.06713981926441193 -0.0061437273398041725
v -0.020121678709983822 0.0660773515701294 -0.012276732362806797
v -0.03548374027013778 0.06386228650808334 4.835845288653218e-07
v -0.033063076436519616 0.0649944469332695 3.0477062296085933e-07
v -0.034998960793018334 0.06392522901296616 -0.0031498901080340147
v -0.034998960793018334 0.06392522901296616 -0.0031498901080340147
v -0.033063076436519616 0.0649944469332695 3.0477062296085933e-07
v -0.03314708173274993 0.06478966027498245 -0.0031217269133776426
v -0.034998960793018334 0.06392522901296616 -0.0031498901080340147
v -0.03314708173274993 0.06478966027498245 -0.0031217269133776426
v -0.032603666186332696 0.06443983316421509 -0.006448396481573582
v -0.032603666186332696 0.06443983316421509 -0.006448396481573582
v -0.03314708173274993 0.06478966027498245 -0.0031217269133776426
v -0.02927085757255554 0.06603559851646423 -0.003062435192987323
v -0.032603666186332696 0.06443983316421509 -0.006448396481573582
v -0.02927085757255554 0.06603559851646423 -0.003062435192987323
v -0.02874975651502609 0.06571999937295914 -0.006337353028357029
v -0.02874975651502609 0.06571999937295914 -0.006337353028357029
v -0.02927085757255554 0.06603559851646423 -0.003062435192987323
v -0.02528891712427139 0.06684831529855728 -0.003007151884958148
v -0.02874975651502609 0.06571999937295914 -0.006337353028357029
v -0.02528891712427139 0.06684831529855728 -0.003007151884958148
v -0.02481620758771896 0.06657060235738754 -0.006234564818441868
v -0.02481620758771896 0.06657060235738754 -0.006234564818441868
v -0.02528891712427139 0.06684831529855728 -0.003007151884958148
v -0.021201878786087033 0.06738271564245224 -0.002958812518045306
v -0.02481620758771896 0.06657060235738754 -0.006234564818441868
v -0.021201878786087033 0.06738271564245224 -0.002958812518045306
v -0.0207887589931488 0.06713981926441193 -0.0061437273398041725
v -0.0207887589931488 0.06713981926441193 -0.0061437273398041725
v -0.021201878786087033 0.06738271564245224 -0.002958812518045306
v -0.01672124862670898 0.06749419122934341 -0.006062903441488743
v -0.0207887589931488 0.06713981926441193 -0.0061437273398041725
v -0.01672124862670898 0.06749419122934341 -0.006062903441488743
v -0.020121678709983822 0.0660773515701294 -0.012276732362806797
v -0.020121678709983822 0.0660773515701294 -0.012276732362806797
v -0.01672124862670898 0.06749419122934341 -0.006062903441488743
v -0.016180597245693203 0.0665682703256607 -0.012139239348471165
v -0.020121678709983822 0.0660773515701294 -0.012276732362806797
v -0.016180597245693203 0.0665682703256607 -0.012139239348471165
v -0.019607357680797573 0.06434334069490433 -0.018153361976146698
v -0.019607357680797573 0.06434334069490433 -0.018153361976146698
v -0.016180597245693203 0.0665682703256607 -0.012139239348471165
v -0.015798136591911312 0.06505312025547028 -0.017976589500904083
v -0.019607357680797573 0.06434334069490433 -0.018153361976146698
v -0.015798136591911312 0.06505312025547028 -0.017976589500904083
v -0.019174419343471524 0.062054604291915894 -0.02384481579065323
v -0.019174419343471524 0.062054604291915894 -0.02384481579065323
v -0.015798136591911312 0.06505312025547028 -0.017976589500904083
v -0.015505566261708735 0.06302385777235031 -0.023634500801563263
v -0.019174419343471524 0.062054604291915894 -0.02384481579065323
v -0.015505566261708735 0.06302385777235031 -0.023634500801563263
v -0.0152346258983016 0.0605555959045887 -0.029172532260417938
v -0.0152346258983016 0.0605555959045887 -0.029172532260417938
v -0.015505566261708735 0.06302385777235031 -0.023634500801563263
v -0.011676213704049586 0.0608258880674839 -0.02986530214548111
v -0.0152346258983016 0.0605555959045887 -0.029172532260417938
v -0.011676213704049586 0.0608258880674839 -0.02986530214548111
v -0.011451951228082178 0.057956475764513016 -0.03555045276880264
v -0.01079460885375738 0.052295200526714325 -0.045324333012104034
v -0.014333247207105158 0.05106370523571968 -0.04573013633489609
v -0.011080994270741938 0.054385390132665634 -0.04185628145933151
v -0.011080994270741938 0.054385390132665634 -0.04185628145933151
v -0.014333247207105158 0.05106370523571968 -0.04573013633489609
v -0.014484471641480921 0.05460255220532417 -0.04012715071439743
v -0.011080994270741938 0.054385390132665634 -0.04185628145933151
v -0.014484471641480921 0.05460255220532417 -0.04012715071439743
v -0.01491702254861593 0.057723455131053925 -0.03465024381875992
v -0.01491702254861593 0.057723455131053925 -0.03465024381875992
v -0.014484471641480921 0.05460255220532417 -0.04012715071439743
v -0.01826730370521545 0.056280262768268585 -0.034957028925418854
v -0.01491702254861593 0.057723455131053925 -0.03465024381875992
v -0.01826730370521545 0.056280262768268585 -0.034957028925418854
v -0.018751524388790127 0.05932796746492386 -0.029422305524349213
v -0.018751524388790127 0.05932796746492386 -0.029422305524349213
v -0.01826730370521545 0.056280262768268585 -0.034957028925418854
v -0.021962389349937435 0.05758972093462944 -0.029695548117160797
v -0.018751524388790127 0.05932796746492386 -0.029422305524349213
v -0.021962389349937435 0.05758972093462944 -0.029695548117160797
v -0.022620216012001034 0.06064974516630173 -0.024068914353847504
v -0.022620216012001034 0.06064974516630173 -0.024068914353847504
v -0.021962389349937435 0.05758972093462944 -0.029695548117160797
v -0.025755167007446286 0.05885712057352066 -0.0243067666888237
v -0.022620216012001034 0.06064974516630173 -0.024068914353847504
v -0.025755167007446286 0.05885712057352066 -0.0243067666888237
v -0.023277409374713894 0.06328531354665756 -0.018342040479183197
v -0.023277409374713894 0.06328531354665756 -0.018342040479183197
v -0.025755167007446286 0.05885712057352066 -0.0243067666888237
v -0.026741147041320797 0.06188146770000458 -0.01854521781206131
v -0.023277409374713894 0.06328531354665756 -0.018342040479183197
v -0.026741147041320797 0.06188146770000458 -0.01854521781206131
v -0.027235805988311764 0.06316457688808441 -0.015599497593939304
v -0.027235805988311764 0.06316457688808441 -0.015599497593939304
v -0.026741147041320797 0.06188146770000458 -0.01854521781206131
v -0.030016653239727017 0.06007158011198044 -0.018773026764392853
v -0.027235805988311764 0.06316457688808441 -0.015599497593939304
v -0.030016653239727017 0.06007158011198044 -0.018773026764392853
v -0.030710138380527493 0.06152740493416786 -0.01580607146024704
v -0.030710138380527493 0.06152740493416786 -0.01580607146024704
v -0.030016653239727017 0.06007158011198044 -0.018773026764392853
v -0.03236258774995803 0.060504648834466934 -0.01591675728559494
v -0.030710138380527493 0.06152740493416786 -0.01580607146024704
v -0.03236258774995803 0.060504648834466934 -0.01591675728559494
v -0.03312603384256362 0.061806585639715195 -0.012868412770330906
v -0.03312603384256362 0.061806585639715195 -0.012868412770330906
v -0.03236258774995803 0.060504648834466934 -0.01591675728559494
v -0.034759804606437676 0.06065535172820091 -0.01295823697000742
v -0.03312603384256362 0.061806585639715195 -0.012868412770330906
v -0.034759804606437676 0.06065535172820091 -0.01295823697000742
v -0.03553191572427749 0.06172458082437515 -0.009804838337004185
v -0.03553191572427749 0.06172458082437515 -0.009804838337004185
v -0.034759804606437676 0.06065535172820091 -0.01295823697000742
v -0.037038892507553094 0.060347676277160645 -0.009861850179731846
v -0.03553191572427749 0.06172458082437515 -0.009804838337004185
v -0.037038892507553094 0.060347676277160645 -0.009861850179731846
v -0.03772397339344024 0.0611095055937767 -0.006583803333342075
v -0.03772397339344024 0.0611095055937767 -0.006583803333342075
v -0.037038892507553094 0.060347676277160645 -0.009861850179731846
v -0.03892948478460311 0.05943175405263901 -0.0066099995747208595
v -0.03772397339344024 0.0611095055937767 -0.006583803333342075
v -0.03892948478460311 0.05943175405263901 -0.0066099995747208595
v -0.039407707750797265 0.0598413348197937 -0.003197007579728961
v -0.039407707750797265 0.0598413348197937 -0.003197007579728961
v -0.03892948478460311 0.05943175405263901 -0.0066099995747208595
v -0.04012495279312133 0.05792791768908501 -0.0032073489855974913
v -0.039407707750797265 0.0598413348197937 -0.003197007579728961
v -0.04012495279312133 0.05792791768908501 -0.0032073489855974913
v -0.0397503450512886 0.05958569049835205 6.635203675386947e-08
v -0.0397503450512886 0.05958569049835205 6.635203675386947e-08
v -0.04012495279312133 0.05792791768908501 -0.0032073489855974913
v -0.040319792926311486 0.05784991383552551 3.494741065424023e-07
v -0.011676213704049586 0.0608258880674839 -0.02986530214548111
v -0.008008114062249659 0.059984318912029266 -0.032374151051044464
v -0.008008114062249659 0.057275354862213135 -0.03759569674730301
v -0.010495788417756556 0.0680079534649849 5.580903348345601e-07
v -0.008008121512830256 0.0680311843752861 4.537822348993359e-07
v -0.008008121512830256 0.06783706694841385 -0.005162605084478855
v 0.004160058684647082 0.04078840836882591 -0.08499991148710251
v 0.003651411039754748 0.04083709046244621 -0.08499991148710251
v 0.004004024900496005 0.04099298641085625 -0.08041316270828247
v -0.014808407984673975 0.038429487496614456 -0.08027730882167816
v -0.012012160383164881 0.039411500096321106 -0.0801064744591713
v -0.015414758585393427 0.03802267089486122 -0.0831492617726326
v -0.015414758585393427 0.03802267089486122 -0.0831492617726326
v -0.012012160383164881 0.039411500096321106 -0.0801064744591713
v -0.012308864854276179 0.03910871967673302 -0.08500000089406967
v -0.015414758585393427 0.03802267089486122 -0.0831492617726326
v -0.012308864854276179 0.03910871967673302 -0.08500000089406967
v -0.015826269984245297 0.037822309881448746 -0.08500000089406967
v 0.004160058684647082 0.04078840836882591 -0.08499991148710251
v 0.004004024900496005 0.04099298641085625 -0.08041316270828247
v 0.0078013213351368895 0.040250957012176514 -0.08500000834465027
v 0.01201097760349512 0.04317693039774895 -0.06313826888799667
v 0.012019664980471132 0.04314866289496422 -0.06321056932210922
v 0.01201211381703615 0.04302603006362915 -0.06356679648160934
v 0.01201211381703615 0.04302603006362915 -0.06356679648160934
v 0.012019664980471132 0.04314866289496422 -0.06321056932210922
v 0.01278091687709093 0.04116083309054375 -0.06884370744228363
v 0.01201211381703615 0.04302603006362915 -0.06356679648160934
v 0.01278091687709093 0.04116083309054375 -0.06884370744228363
v 0.01201211381703615 0.04136630520224571 -0.06899180263280869
v 0.01201211381703615 0.04136630520224571 -0.06899180263280869
v 0.01278091687709093 0.04116083309054375 -0.06884370744228363
v 0.013696205802261828 0.03960345312952995 -0.07444556057453156
v 0.01201211381703615 0.04136630520224571 -0.06899180263280869
v 0.013696205802261828 0.03960345312952995 -0.07444556057453156
v 0.012012117542326449 0.040149010717868805 -0.0745026171207428
v 0.012012117542326449 0.040149010717868805 -0.0745026171207428
v 0.013696205802261828 0.03960345312952995 -0.07444556057453156
v 0.014739655889570711 0.03848482295870781 -0.07993984967470169
v 0.012012117542326449 0.040149010717868805 -0.0745026171207428
v 0.014739655889570711 0.03848482295870781 -0.07993984967470169
v 0.012012117542326449 0.0394115149974823 -0.0801064744591713
v 0.008008067496120928 0.06238037347793579 -0.02709192782640457
v 0.011797976680099962 0.062488578259944916 -0.026123367249965668
v 0.011612997390329836 0.059965576976537704 -0.03165266662836075
v 0.011797976680099962 0.062488578259944916 -0.026123367249965668
v 0.008008067496120928 0.06238037347793579 -0.02709192782640457
v 0.011879478581249712 0.0635010376572609 -0.023587189614772797
v 0.011879478581249712 0.0635010376572609 -0.023587189614772797
v 0.008008067496120928 0.06238037347793579 -0.02709192782640457
v 0.008008067496120928 0.0644071027636528 -0.021738074719905853
v 0.011879478581249712 0.0635010376572609 -0.023587189614772797
v 0.008008067496120928 0.0644071027636528 -0.021738074719905853
v 0.011968766339123247 0.06443996727466583 -0.020978309214115143
v 0.011968766339123247 0.06443996727466583 -0.020978309214115143
v 0.008008067496120928 0.0644071027636528 -0.021738074719905853
v 0.012084287591278551 0.06538093090057373 -0.01799517124891281
v 0.012084287591278551 0.06538093090057373 -0.01799517124891281
v 0.008008067496120928 0.0644071027636528 -0.021738074719905853
v 0.008008067496120928 0.06601487845182419 -0.01630299538373947
v 0.012084287591278551 0.06538093090057373 -0.01799517124891281
v 0.008008067496120928 0.06601487845182419 -0.01630299538373947
v 0.012169797904789446 0.06591194868087769 -0.016066662967205048
v 0.012169797904789446 0.06591194868087769 -0.016066662967205048
v 0.008008067496120928 0.06601487845182419 -0.01630299538373947
v 0.00800806377083063 0.06716442108154297 -0.010779031552374363
v 0.012169797904789446 0.06591194868087769 -0.016066662967205048
v 0.00800806377083063 0.06716442108154297 -0.010779031552374363
v 0.012431130744516848 0.06696293503046036 -0.011279799975454807
v 0.012431130744516848 0.06696293503046036 -0.011279799975454807
v 0.00800806377083063 0.06716442108154297 -0.010779031552374363
v 0.00800806377083063 0.06783706694841385 -0.005162605084478855
v 0.012431130744516848 0.06696293503046036 -0.011279799975454807
v 0.00800806377083063 0.06783706694841385 -0.005162605084478855
v 0.01281746197491884 0.06767524778842926 -0.006043740548193455
v 0.01281746197491884 0.06767524778842926 -0.006043740548193455
v 0.00800806377083063 0.06783706694841385 -0.005162605084478855
v 0.013278246857225893 0.06793376058340073 -0.0012732825707644224
v 0.013278246857225893 0.06793376058340073 -0.0012732825707644224
v 0.00800806377083063 0.06783706694841385 -0.005162605084478855
v 0.004808382131159305 0.06802824139595032 1.1105552033541244e-07
v 0.013278246857225893 0.06793376058340073 -0.0012732825707644224
v 0.004808382131159305 0.06802824139595032 1.1105552033541244e-07
v 0.013420292176306246 0.0679415911436081 -1.8696769643611333e-07
v -0.008008121512830256 0.06783706694841385 -0.005162605084478855
v -0.008008121512830256 0.06716442108154297 -0.010779046453535557
v -0.012528746388852595 0.06721056997776031 -0.009798922576010227
v -0.013420297764241694 0.0679415911436081 -3.7956088050350445e-08
v -0.010495788417756556 0.0680079534649849 5.580903348345601e-07
v -0.012916705571115015 0.06776968389749527 -0.004913710989058018
v -0.012916705571115015 0.06776968389749527 -0.004913710989058018
v -0.010495788417756556 0.0680079534649849 5.580903348345601e-07
v -0.008008121512830256 0.06783706694841385 -0.005162605084478855
v -0.012916705571115015 0.06776968389749527 -0.004913710989058018
v -0.008008121512830256 0.06783706694841385 -0.005162605084478855
v -0.012821420095860956 0.06767955422401428 -0.0059972042217850685
v -0.012821420095860956 0.06767955422401428 -0.0059972042217850685
v -0.008008121512830256 0.06783706694841385 -0.005162605084478855
v -0.012528746388852595 0.06721056997776031 -0.009798922576010227
v -0.01202177908271551 0.0649077519774437 -0.019552163779735565
v -0.012091456912457941 0.06543032824993134 -0.017824731767177582
v -0.008008121512830256 0.06601487100124359 -0.01630299538373947
v -0.008008121512830256 0.06601487100124359 -0.01630299538373947
v -0.012091456912457941 0.06543032824993134 -0.017824731767177582
v -0.01223908271640539 0.06626200675964355 -0.014653378166258335
v -0.008008121512830256 0.06601487100124359 -0.01630299538373947
v -0.01223908271640539 0.06626200675964355 -0.014653378166258335
v -0.008008121512830256 0.06716442108154297 -0.010779046453535557
v -0.008008121512830256 0.06716442108154297 -0.010779046453535557
v -0.01223908271640539 0.06626200675964355 -0.014653378166258335
v -0.012385292910039423 0.06682473421096802 -0.012023591436445713
v -0.008008121512830256 0.06716442108154297 -0.010779046453535557
v -0.012385292910039423 0.06682473421096802 -0.012023591436445713
v -0.012528746388852595 0.06721056997776031 -0.009798922576010227
v -0.008008121512830256 0.06601487100124359 -0.01630299538373947
v -0.008008121512830256 0.0644070953130722 -0.021738074719905853
v -0.01202177908271551 0.0649077519774437 -0.019552163779735565
v -0.01202177908271551 0.0649077519774437 -0.019552163779735565
v -0.008008121512830256 0.0644070953130722 -0.021738074719905853
v -0.008008121512830256 0.062380366027355194 -0.02709192782640457
v -0.01202177908271551 0.0649077519774437 -0.019552163779735565
v -0.008008121512830256 0.062380366027355194 -0.02709192782640457
v -0.011847085319459437 0.06311433762311935 -0.024584613740444183
v -0.011676213704049586 0.0608258880674839 -0.02986530214548111
v -0.008008114062249659 0.057275354862213135 -0.03759569674730301
v -0.011451951228082178 0.057956475764513016 -0.03555045276880264
v -0.011451951228082178 0.057956475764513016 -0.03555045276880264
v -0.008008114062249659 0.057275354862213135 -0.03759569674730301
v -0.008008114062249659 0.05431677773594856 -0.04276882857084274
v -0.011451951228082178 0.057956475764513016 -0.03555045276880264
v -0.008008114062249659 0.05431677773594856 -0.04276882857084274
v -0.011080994270741938 0.054385390132665634 -0.04185628145933151
v -0.011080994270741938 0.054385390132665634 -0.04185628145933151
v -0.008008114062249659 0.05431677773594856 -0.04276882857084274
v -0.008008114062249659 0.05125484988093376 -0.047921933233737946
v -0.011080994270741938 0.054385390132665634 -0.04185628145933151
v -0.008008114062249659 0.05125484988093376 -0.047921933233737946
v -0.01079460885375738 0.052295200526714325 -0.045324333012104034
v -0.01079460885375738 0.052295200526714325 -0.045324333012104034
v -0.008008114062249659 0.05125484988093376 -0.047921933233737946
v -0.010940394364297388 0.04929051548242569 -0.050340838730335236
v -0.010940394364297388 0.04929051548242569 -0.050340838730335236
v -0.008008114062249659 0.05125484988093376 -0.047921933233737946
v -0.008008114062249659 0.04846557602286339 -0.053127892315387726
v -0.010940394364297388 0.04929051548242569 -0.050340838730335236
v -0.008008114062249659 0.04846557602286339 -0.053127892315387726
v -0.01108365412801504 0.04783172532916069 -0.05301075428724289
v -0.008008114062249659 0.043986640870571136 -0.06375307589769363
v -0.011966965161263941 0.04332275316119194 -0.06276807934045792
v -0.008008114062249659 0.04603557661175728 -0.05840354412794113
v -0.008008114062249659 0.04603557661175728 -0.05840354412794113
v -0.011966965161263941 0.04332275316119194 -0.06276807934045792
v -0.01149099227041006 0.04524635896086693 -0.05825979262590408
v -0.008008114062249659 0.04603557661175728 -0.05840354412794113
v -0.01149099227041006 0.04524635896086693 -0.05825979262590408
v -0.008008114062249659 0.04846557602286339 -0.053127892315387726
v -0.008008114062249659 0.04846557602286339 -0.053127892315387726
v -0.01149099227041006 0.04524635896086693 -0.05825979262590408
v -0.011223918758332728 0.04677344113588333 -0.0550689622759819
v -0.008008114062249659 0.04846557602286339 -0.053127892315387726
v -0.011223918758332728 0.04677344113588333 -0.0550689622759819
v -0.01108365412801504 0.04783172532916069 -0.05301075428724289
v -0.014808407984673975 0.038429487496614456 -0.08027730882167816
v -0.014738864265382288 0.038485489785671234 -0.07993572950363159
v -0.012012160383164881 0.039411500096321106 -0.0801064744591713
v -0.012012160383164881 0.039411500096321106 -0.0801064744591713
v -0.014738864265382288 0.038485489785671234 -0.07993572950363159
v -0.013662203215062617 0.03965010121464729 -0.0742526724934578
v -0.012012160383164881 0.039411500096321106 -0.0801064744591713
v -0.013662203215062617 0.03965010121464729 -0.0742526724934578
v -0.012012160383164881 0.04014899581670761 -0.0745026171207428
v -0.012012160383164881 0.04014899581670761 -0.0745026171207428
v -0.013662203215062617 0.03965010121464729 -0.0742526724934578
v -0.012797719798982142 0.041125617921352386 -0.06895560026168823
v -0.012012160383164881 0.04014899581670761 -0.0745026171207428
v -0.012797719798982142 0.041125617921352386 -0.06895560026168823
v -0.012012160383164881 0.04136628657579422 -0.06899180263280869
v -0.012012160383164881 0.04136628657579422 -0.06899180263280869
v -0.012797719798982142 0.041125617921352386 -0.06895560026168823
v -0.012220761738717554 0.042536213994026184 -0.06482348591089249
v -0.012012160383164881 0.04136628657579422 -0.06899180263280869
v -0.012220761738717554 0.042536213994026184 -0.06482348591089249
v -0.012012160383164881 0.04302601516246796 -0.06356679648160934
v -0.012012160383164881 0.04302601516246796 -0.06356679648160934
v -0.012220761738717554 0.042536213994026184 -0.06482348591089249
v -0.012063114903867243 0.04300975427031517 -0.06356846541166306
v 0.008008067496120928 0.05998432636260986 -0.032374151051044464
v 0.011339337565004824 0.05673325061798096 -0.03778166323900223
v 0.008008067496120928 0.05727536231279373 -0.03759569674730301
v 0.008008067496120928 0.05727536231279373 -0.03759569674730301
v 0.011339337565004824 0.05673325061798096 -0.03778166323900223
v 0.01079458463937044 0.05229507014155388 -0.04532454162836075
v 0.008008067496120928 0.05727536231279373 -0.03759569674730301
v 0.01079458463937044 0.05229507014155388 -0.04532454162836075
v 0.008008067496120928 0.05431678146123886 -0.04276882857084274
v 0.008008067496120928 0.05431678146123886 -0.04276882857084274
v 0.01079458463937044 0.05229507014155388 -0.04532454162836075
v 0.010817524977028368 0.05145300552248955 -0.04667393118143082
v 0.008008067496120928 0.05431678146123886 -0.04276882857084274
v 0.010817524977028368 0.05145300552248955 -0.04667393118143082
v 0.008008067496120928 0.05125485733151436 -0.047921933233737946
v 0.008008067496120928 0.05125485733151436 -0.047921933233737946
v 0.010817524977028368 0.05145300552248955 -0.04667393118143082
v 0.011024390347301958 0.048370543867349625 -0.05200368911027908
v 0.008008067496120928 0.05125485733151436 -0.047921933233737946
v 0.011024390347301958 0.048370543867349625 -0.05200368911027908
v 0.008008067496120928 0.04846558719873428 -0.053127892315387726
v 0.008008067496120928 0.04846558719873428 -0.053127892315387726
v 0.011024390347301958 0.048370543867349625 -0.05200368911027908
v 0.01143002975732088 0.04555530846118927 -0.05759041756391525
v 0.008008067496120928 0.04846558719873428 -0.053127892315387726
v 0.01143002975732088 0.04555530846118927 -0.05759041756391525
v 0.008008067496120928 0.046035587787628174 -0.05840354412794113
v 0.008008067496120928 0.046035587787628174 -0.05840354412794113
v 0.01143002975732088 0.04555530846118927 -0.05759041756391525
v 0.01201097760349512 0.04317693039774895 -0.06313826888799667
v 0.008008067496120928 0.046035587787628174 -0.05840354412794113
v 0.01201097760349512 0.04317693039774895 -0.06313826888799667
v 0.008008067496120928 0.04398665204644203 -0.06375307589769363
v 0.008008067496120928 0.04398665204644203 -0.06375307589769363
v 0.01201097760349512 0.04317693039774895 -0.06313826888799667
v 0.01201211381703615 0.04302603006362915 -0.06356679648160934
v 0.008008067496120928 0.04398665204644203 -0.06375307589769363
v 0.01201211381703615 0.04302603006362915 -0.06356679648160934
v 0.008008067496120928 0.042342349886894226 -0.06918108463287354
v 0.008008067496120928 0.042342349886894226 -0.06918108463287354
v 0.01201211381703615 0.04302603006362915 -0.06356679648160934
v 0.01201211381703615 0.04136630520224571 -0.06899180263280869
v 0.008008067496120928 0.042342349886894226 -0.06918108463287354
v 0.01201211381703615 0.04136630520224571 -0.06899180263280869
v 0.008008071221411226 0.04113315790891647 -0.0746934711933136
v 0.008008071221411226 0.04113315790891647 -0.0746934711933136
v 0.01201211381703615 0.04136630520224571 -0.06899180263280869
v 0.012012117542326449 0.040149010717868805 -0.0745026171207428
v 0.008008071221411226 0.04113315790891647 -0.0746934711933136
v 0.012012117542326449 0.040149010717868805 -0.0745026171207428
v 0.008008071221411226 0.04040691629052162 -0.080299511551857
v 0.008008071221411226 0.04040691629052162 -0.080299511551857
v 0.012012117542326449 0.040149010717868805 -0.0745026171207428
v 0.012012117542326449 0.0394115149974823 -0.0801064744591713
v -2.15889510712941e-08 0.06029362976551056 -0.0324341282248497
v 0.004004021175205707 0.06021686643362045 -0.03241924196481705
v -2.15889510712941e-08 0.05765758082270622 -0.03766981512308121
v -2.15889510712941e-08 0.05765758082270622 -0.03766981512308121
v 0.004004021175205707 0.06021686643362045 -0.03241924196481705
v 0.004004021175205707 0.057563237845897675 -0.03765151649713516
v -2.15889510712941e-08 0.05765758082270622 -0.03766981512308121
v 0.004004021175205707 0.057563237845897675 -0.03765151649713516
v -2.15889510712941e-08 0.05478598177433014 -0.04285981506109238
v -2.15889510712941e-08 0.05478598177433014 -0.04285981506109238
v 0.004004021175205707 0.057563237845897675 -0.03765151649713516
v 0.004004021175205707 0.05466833710670471 -0.042837001383304596
v -2.15889510712941e-08 0.05478598177433014 -0.04285981506109238
v 0.004004021175205707 0.05466833710670471 -0.042837001383304596
v -2.15889510712941e-08 0.05186633765697479 -0.04804050177335739
v -2.15889510712941e-08 0.05186633765697479 -0.04804050177335739
v 0.004004021175205707 0.05466833710670471 -0.042837001383304596
v 0.004004021175205707 0.05171284079551697 -0.04801074415445328
v -2.15889510712941e-08 0.05186633765697479 -0.04804050177335739
v 0.004004021175205707 0.05171284079551697 -0.04801074415445328
v -2.15889510712941e-08 0.04915866255760193 -0.05326230078935623
v -2.15889510712941e-08 0.04915866255760193 -0.05326230078935623
v 0.004004021175205707 0.05171284079551697 -0.04801074415445328
v 0.004004021175205707 0.04898509010672569 -0.05322863906621933
v -2.15889510712941e-08 0.04915866255760193 -0.05326230078935623
v 0.004004021175205707 0.04898509010672569 -0.05322863906621933
v -2.15889510712941e-08 0.04677855595946312 -0.058547623455524445
v -2.15889510712941e-08 0.04677855595946312 -0.058547623455524445
v 0.004004021175205707 0.04898509010672569 -0.05322863906621933
v 0.004004021175205707 0.04659297317266464 -0.05851162225008011
v -2.15889510712941e-08 0.04677855595946312 -0.058547623455524445
v 0.004004021175205707 0.04659297317266464 -0.05851162225008011
v -2.15889510712941e-08 0.0447549931704998 -0.06390207260847092
v -2.15889510712941e-08 0.0447549931704998 -0.06390207260847092
v 0.004004021175205707 0.04659297317266464 -0.05851162225008011
v 0.004004021175205707 0.04456307739019394 -0.06386486440896988
v -2.15889510712941e-08 0.0447549931704998 -0.06390207260847092
v 0.004004021175205707 0.04456307739019394 -0.06386486440896988
v -2.15889510712941e-08 0.043118249624967575 -0.06933154910802841
v -2.15889510712941e-08 0.043118249624967575 -0.06933154910802841
v 0.004004021175205707 0.04456307739019394 -0.06386486440896988
v 0.004004024900496005 0.042924825102090836 -0.0692940428853035
v -2.15889510712941e-08 0.043118249624967575 -0.06933154910802841
v 0.004004024900496005 0.042924825102090836 -0.0692940428853035
v -2.15889510712941e-08 0.0419088713824749 -0.07484389841556549
v -2.15889510712941e-08 0.0419088713824749 -0.07484389841556549
v 0.004004024900496005 0.042924825102090836 -0.0692940428853035
v 0.004004024900496005 0.04171600937843323 -0.07480649650096893
v -2.15889510712941e-08 0.0419088713824749 -0.07484389841556549
v 0.004004024900496005 0.04171600937843323 -0.07480649650096893
v -2.15889510712941e-08 0.04118646681308746 -0.08045068383216858
v -2.15889510712941e-08 0.04118646681308746 -0.08045068383216858
v 0.004004024900496005 0.04171600937843323 -0.07480649650096893
v 0.004004024900496005 0.04099298641085625 -0.08041316270828247
v -2.15889510712941e-08 0.04118646681308746 -0.08045068383216858
v 0.004004024900496005 0.04099298641085625 -0.08041316270828247
v 7.627915521446481e-10 0.04100000113248825 -0.08500000089406967
v 7.627915521446481e-10 0.04100000113248825 -0.08500000089406967
v 0.004004024900496005 0.04099298641085625 -0.08041316270828247
v 0.003651411039754748 0.04083709046244621 -0.08499991148710251
v 0.004004021175205707 0.06021686643362045 -0.03241924196481705
v 0.008008067496120928 0.05998432636260986 -0.032374151051044464
v 0.004004021175205707 0.057563237845897675 -0.03765151649713516
v 0.004004021175205707 0.057563237845897675 -0.03765151649713516
v 0.008008067496120928 0.05998432636260986 -0.032374151051044464
v 0.008008067496120928 0.05727536231279373 -0.03759569674730301
v 0.004004021175205707 0.057563237845897675 -0.03765151649713516
v 0.008008067496120928 0.05727536231279373 -0.03759569674730301
v 0.004004021175205707 0.05466833710670471 -0.042837001383304596
v 0.004004021175205707 0.05466833710670471 -0.042837001383304596
v 0.008008067496120928 0.05727536231279373 -0.03759569674730301
v 0.008008067496120928 0.05431678146123886 -0.04276882857084274
v 0.004004021175205707 0.05466833710670471 -0.042837001383304596
v 0.008008067496120928 0.05431678146123886 -0.04276882857084274
v 0.004004021175205707 0.05171284079551697 -0.04801074415445328
v 0.004004021175205707 0.05171284079551697 -0.04801074415445328
v 0.008008067496120928 0.05431678146123886 -0.04276882857084274
v 0.008008067496120928 0.05125485733151436 -0.047921933233737946
v 0.004004021175205707 0.05171284079551697 -0.04801074415445328
v 0.008008067496120928 0.05125485733151436 -0.047921933233737946
v 0.004004021175205707 0.04898509010672569 -0.05322863906621933
v 0.004004021175205707 0.04898509010672569 -0.05322863906621933
v 0.008008067496120928 0.05125485733151436 -0.047921933233737946
v 0.008008067496120928 0.04846558719873428 -0.053127892315387726
v 0.004004021175205707 0.04898509010672569 -0.05322863906621933
v 0.008008067496120928 0.04846558719873428 -0.053127892315387726
v 0.004004021175205707 0.04659297317266464 -0.05851162225008011
v 0.004004021175205707 0.04659297317266464 -0.05851162225008011
v 0.008008067496120928 0.04846558719873428 -0.053127892315387726
v 0.008008067496120928 0.046035587787628174 -0.05840354412794113
v 0.004004021175205707 0.04659297317266464 -0.05851162225008011
v 0.008008067496120928 0.046035587787628174 -0.05840354412794113
v 0.004004021175205707 0.04456307739019394 -0.06386486440896988
v 0.004004021175205707 0.04456307739019394 -0.06386486440896988
v 0.008008067496120928 0.046035587787628174 -0.05840354412794113
v 0.008008067496120928 0.04398665204644203 -0.06375307589769363
v 0.004004021175205707 0.04456307739019394 -0.06386486440896988
v 0.008008067496120928 0.04398665204644203 -0.06375307589769363
v 0.004004024900496005 0.042924825102090836 -0.0692940428853035
v 0.004004024900496005 0.042924825102090836 -0.0692940428853035
v 0.008008067496120928 0.04398665204644203 -0.06375307589769363
v 0.008008067496120928 0.042342349886894226 -0.06918108463287354
v 0.004004024900496005 0.042924825102090836 -0.0692940428853035
v 0.008008067496120928 0.042342349886894226 -0.06918108463287354
v 0.004004024900496005 0.04171600937843323 -0.07480649650096893
v 0.004004024900496005 0.04171600937843323 -0.07480649650096893
v 0.008008067496120928 0.042342349886894226 -0.06918108463287354
v 0.008008071221411226 0.04113315790891647 -0.0746934711933136
v 0.004004024900496005 0.04171600937843323 -0.07480649650096893
v 0.008008071221411226 0.04113315790891647 -0.0746934711933136
v 0.004004024900496005 0.04099298641085625 -0.08041316270828247
v 0.004004024900496005 0.04099298641085625 -0.08041316270828247
v 0.008008071221411226 0.04113315790891647 -0.0746934711933136
v 0.008008071221411226 0.04040691629052162 -0.080299511551857
v 0.004004024900496005 0.04099298641085625 -0.08041316270828247
v 0.008008071221411226 0.04040691629052162 -0.080299511551857
v 0.0078013213351368895 0.040250957012176514 -0.08500000834465027
v 0.0078013213351368895 0.040250957012176514 -0.08500000834465027
v 0.008008071221411226 0.04040691629052162 -0.080299511551857
v 0.012012117542326449 0.0394115149974823 -0.0801064744591713
v 0.0078013213351368895 0.040250957012176514 -0.08500000834465027
v 0.012012117542326449 0.0394115149974823 -0.0801064744591713
v 0.011866667307913302 0.039245277643203735 -0.08500005304813385
v 0.011866667307913302 0.039245277643203735 -0.08500005304813385
v 0.012012117542326449 0.0394115149974823 -0.0801064744591713
v 0.014739655889570711 0.03848482295870781 -0.07993984967470169
v 0.011866667307913302 0.039245277643203735 -0.08500005304813385
v 0.014739655889570711 0.03848482295870781 -0.07993984967470169
v 0.015826221555471417 0.03782232850790024 -0.08500002324581146
v 0.004004021175205707 0.0625576302409172 -0.027126304805278778
v -2.903953166821793e-08 0.06261605024337769 -0.027137629687786102
v 0.004004021175205707 0.06453260034322739 -0.021762408316135406
v 0.004004021175205707 0.06453260034322739 -0.021762408316135406
v -2.903953166821793e-08 0.06261605024337769 -0.027137629687786102
v -2.903953166821793e-08 0.06457318365573883 -0.021770291030406952
v 0.004004021175205707 0.06453260034322739 -0.021762408316135406
v -2.903953166821793e-08 0.06457318365573883 -0.021770291030406952
v -2.903953166821793e-08 0.06611768901348114 -0.01632293313741684
v 1.5722498858394826e-07 0.06800000369548798 -1.5716537404841802e-07
v 0.004808382131159305 0.06802824139595032 1.1105552033541244e-07
v -2.903953166821793e-08 0.06783109158277512 -0.005161442793905735
v -2.903953166821793e-08 0.06783109158277512 -0.005161442793905735
v 0.004808382131159305 0.06802824139595032 1.1105552033541244e-07
v 0.00800806377083063 0.06783706694841385 -0.005162605084478855
v -2.903953166821793e-08 0.06783109158277512 -0.005161442793905735
v 0.00800806377083063 0.06783706694841385 -0.005162605084478855
v -2.903953166821793e-08 0.06721007823944092 -0.010787897743284702
v -2.903953166821793e-08 0.06721007823944092 -0.010787897743284702
v 0.00800806377083063 0.06783706694841385 -0.005162605084478855
v 0.00800806377083063 0.06716442108154297 -0.010779031552374363
v -2.903953166821793e-08 0.06721007823944092 -0.010787897743284702
v 0.00800806377083063 0.06716442108154297 -0.010779031552374363
v -2.903953166821793e-08 0.06611768901348114 -0.01632293313741684
v -2.903953166821793e-08 0.06611768901348114 -0.01632293313741684
v 0.00800806377083063 0.06716442108154297 -0.010779031552374363
v 0.008008067496120928 0.06601487845182419 -0.01630299538373947
v -2.903953166821793e-08 0.06611768901348114 -0.01632293313741684
v 0.008008067496120928 0.06601487845182419 -0.01630299538373947
v 0.004004021175205707 0.06453260034322739 -0.021762408316135406
v 0.004004021175205707 0.06453260034322739 -0.021762408316135406
v 0.008008067496120928 0.06601487845182419 -0.01630299538373947
v 0.008008067496120928 0.0644071027636528 -0.021738074719905853
v 0.004004021175205707 0.06453260034322739 -0.021762408316135406
v 0.008008067496120928 0.0644071027636528 -0.021738074719905853
v 0.004004021175205707 0.0625576302409172 -0.027126304805278778
v 0.004004021175205707 0.0625576302409172 -0.027126304805278778
v 0.008008067496120928 0.0644071027636528 -0.021738074719905853
v 0.008008067496120928 0.06238037347793579 -0.02709192782640457
v -0.008008121512830256 0.0680311843752861 4.537822348993359e-07
v 1.5722498858394826e-07 0.06800000369548798 -1.5716537404841802e-07
v -0.008008121512830256 0.06783706694841385 -0.005162605084478855
v -0.008008121512830256 0.06783706694841385 -0.005162605084478855
v 1.5722498858394826e-07 0.06800000369548798 -1.5716537404841802e-07
v -2.903953166821793e-08 0.06783109158277512 -0.005161442793905735
v -0.008008121512830256 0.06783706694841385 -0.005162605084478855
v -2.903953166821793e-08 0.06783109158277512 -0.005161442793905735
v -0.008008121512830256 0.06716442108154297 -0.010779046453535557
v -0.008008121512830256 0.06716442108154297 -0.010779046453535557
v -2.903953166821793e-08 0.06783109158277512 -0.005161442793905735
v -2.903953166821793e-08 0.06721007823944092 -0.010787897743284702
v -0.008008121512830256 0.06716442108154297 -0.010779046453535557
v -2.903953166821793e-08 0.06721007823944092 -0.010787897743284702
v -0.008008121512830256 0.06601487100124359 -0.01630299538373947
v -0.008008121512830256 0.06601487100124359 -0.01630299538373947
v -2.903953166821793e-08 0.06721007823944092 -0.010787897743284702
v -2.903953166821793e-08 0.06611768901348114 -0.01632293313741684
v -0.008008121512830256 0.06601487100124359 -0.01630299538373947
v -2.903953166821793e-08 0.06611768901348114 -0.01632293313741684
v -0.008008121512830256 0.0644070953130722 -0.021738074719905853
v -0.008008121512830256 0.0644070953130722 -0.021738074719905853
v -2.903953166821793e-08 0.06611768901348114 -0.01632293313741684
v -2.903953166821793e-08 0.06457318365573883 -0.021770291030406952
v -0.008008121512830256 0.0644070953130722 -0.021738074719905853
v -2.903953166821793e-08 0.06457318365573883 -0.021770291030406952
v -0.008008121512830256 0.062380366027355194 -0.02709192782640457
v -0.008008121512830256 0.062380366027355194 -0.02709192782640457
v -2.903953166821793e-08 0.06457318365573883 -0.021770291030406952
v -2.903953166821793e-08 0.06261605024337769 -0.027137629687786102
v -0.008008121512830256 0.062380366027355194 -0.02709192782640457
v -2.903953166821793e-08 0.06261605024337769 -0.027137629687786102
v -2.15889510712941e-08 0.06029362976551056 -0.0324341282248497
v -2.15889510712941e-08 0.06029362976551056 -0.0324341282248497
v -2.903953166821793e-08 0.06261605024337769 -0.027137629687786102
v 0.004004021175205707 0.0625576302409172 -0.027126304805278778
v -2.15889510712941e-08 0.06029362976551056 -0.0324341282248497
v 0.004004021175205707 0.0625576302409172 -0.027126304805278778
v 0.004004021175205707 0.06021686643362045 -0.03241924196481705
v 0.004004021175205707 0.06021686643362045 -0.03241924196481705
v 0.004004021175205707 0.0625576302409172 -0.027126304805278778
v 0.008008067496120928 0.06238037347793579 -0.02709192782640457
v 0.004004021175205707 0.06021686643362045 -0.03241924196481705
v 0.008008067496120928 0.06238037347793579 -0.02709192782640457
v 0.008008067496120928 0.05998432636260986 -0.032374151051044464
v 0.008008067496120928 0.05998432636260986 -0.032374151051044464
v 0.008008067496120928 0.06238037347793579 -0.02709192782640457
v 0.011612997390329836 0.059965576976537704 -0.03165266662836075
v 0.008008067496120928 0.05998432636260986 -0.032374151051044464
v 0.011612997390329836 0.059965576976537704 -0.03165266662836075
v 0.011339337565004824 0.05673325061798096 -0.03778166323900223
v -0.012063114903867243 0.04300975427031517 -0.06356846541166306
v -0.011966965161263941 0.04332275316119194 -0.06276807934045792
v -0.012012160383164881 0.04302601516246796 -0.06356679648160934
v -0.012012160383164881 0.04302601516246796 -0.06356679648160934
v -0.011966965161263941 0.04332275316119194 -0.06276807934045792
v -0.008008114062249659 0.043986640870571136 -0.06375307589769363
v -0.012012160383164881 0.04302601516246796 -0.06356679648160934
v -0.008008114062249659 0.043986640870571136 -0.06375307589769363
v -0.012012160383164881 0.04136628657579422 -0.06899180263280869
v -0.012012160383164881 0.04136628657579422 -0.06899180263280869
v -0.008008114062249659 0.043986640870571136 -0.06375307589769363
v -0.008008114062249659 0.04234233498573303 -0.06918108463287354
v -0.012012160383164881 0.04136628657579422 -0.06899180263280869
v -0.008008114062249659 0.04234233498573303 -0.06918108463287354
v -0.012012160383164881 0.04014899581670761 -0.0745026171207428
v -0.012012160383164881 0.04014899581670761 -0.0745026171207428
v -0.008008114062249659 0.04234233498573303 -0.06918108463287354
v -0.008008114062249659 0.04113314673304558 -0.0746934711933136
v -0.012012160383164881 0.04014899581670761 -0.0745026171207428
v -0.008008114062249659 0.04113314673304558 -0.0746934711933136
v -0.012012160383164881 0.039411500096321106 -0.0801064744591713
v -0.012012160383164881 0.039411500096321106 -0.0801064744591713
v -0.008008114062249659 0.04113314673304558 -0.0746934711933136
v -0.008008114062249659 0.040406905114650726 -0.080299511551857
v -0.012012160383164881 0.039411500096321106 -0.0801064744591713
v -0.008008114062249659 0.040406905114650726 -0.080299511551857
v -0.012308864854276179 0.03910871967673302 -0.08500000089406967
v -0.012308864854276179 0.03910871967673302 -0.08500000089406967
v -0.008008114062249659 0.040406905114650726 -0.080299511551857
v -0.008008121512830256 0.04021032154560089 -0.08500000089406967
v -0.008008114062249659 0.059984318912029266 -0.032374151051044464
v -0.0040040677413344375 0.06021686643362045 -0.03241924196481705
v -0.008008114062249659 0.057275354862213135 -0.03759569674730301
v -0.008008114062249659 0.057275354862213135 -0.03759569674730301
v -0.0040040677413344375 0.06021686643362045 -0.03241924196481705
v -0.0040040677413344375 0.057563234120607376 -0.03765151649713516
v -0.008008114062249659 0.057275354862213135 -0.03759569674730301
v -0.0040040677413344375 0.057563234120607376 -0.03765151649713516
v -0.008008114062249659 0.05431677773594856 -0.04276882857084274
v -0.008008114062249659 0.05431677773594856 -0.04276882857084274
v -0.0040040677413344375 0.057563234120607376 -0.03765151649713516
v -0.0040040677413344375 0.05466834083199501 -0.042837001383304596
v -0.008008114062249659 0.05431677773594856 -0.04276882857084274
v -0.0040040677413344375 0.05466834083199501 -0.042837001383304596
v -0.008008114062249659 0.05125484988093376 -0.047921933233737946
v -0.008008114062249659 0.05125484988093376 -0.047921933233737946
v -0.0040040677413344375 0.05466834083199501 -0.042837001383304596
v -0.0040040677413344375 0.05171284079551697 -0.04801074415445328
v -0.008008114062249659 0.05125484988093376 -0.047921933233737946
v -0.0040040677413344375 0.05171284079551697 -0.04801074415445328
v -0.008008114062249659 0.04846557602286339 -0.053127892315387726
v -0.008008114062249659 0.04846557602286339 -0.053127892315387726
v -0.0040040677413344375 0.05171284079551697 -0.04801074415445328
v -0.0040040677413344375 0.048985086381435394 -0.05322863906621933
v -0.008008114062249659 0.04846557602286339 -0.053127892315387726
v -0.0040040677413344375 0.048985086381435394 -0.05322863906621933
v -0.008008114062249659 0.04603557661175728 -0.05840354412794113
v -0.008008114062249659 0.04603557661175728 -0.05840354412794113
v -0.0040040677413344375 0.048985086381435394 -0.05322863906621933
v -0.0040040677413344375 0.046592965722084045 -0.05851162225008011
v -0.008008114062249659 0.04603557661175728 -0.05840354412794113
v -0.0040040677413344375 0.046592965722084045 -0.05851162225008011
v -0.008008114062249659 0.043986640870571136 -0.06375307589769363
v -0.008008114062249659 0.043986640870571136 -0.06375307589769363
v -0.0040040677413344375 0.046592965722084045 -0.05851162225008011
v -0.0040040677413344375 0.04456306993961334 -0.06386486440896988
v -0.008008114062249659 0.043986640870571136 -0.06375307589769363
v -0.0040040677413344375 0.04456306993961334 -0.06386486440896988
v -0.008008114062249659 0.04234233498573303 -0.06918108463287354
v -0.008008114062249659 0.04234233498573303 -0.06918108463287354
v -0.0040040677413344375 0.04456306993961334 -0.06386486440896988
v -0.0040040677413344375 0.04292481765151024 -0.0692940428853035
v -0.008008114062249659 0.04234233498573303 -0.06918108463287354
v -0.0040040677413344375 0.04292481765151024 -0.0692940428853035
v -0.008008114062249659 0.04113314673304558 -0.0746934711933136
v -0.008008114062249659 0.04113314673304558 -0.0746934711933136
v -0.0040040677413344375 0.04292481765151024 -0.0692940428853035
v -0.0040040677413344375 0.04171600192785263 -0.07480649650096893
v -0.008008114062249659 0.04113314673304558 -0.0746934711933136
v -0.0040040677413344375 0.04171600192785263 -0.07480649650096893
v -0.008008114062249659 0.040406905114650726 -0.080299511551857
v -0.008008114062249659 0.040406905114650726 -0.080299511551857
v -0.0040040677413344375 0.04171600192785263 -0.07480649650096893
v -0.0040040677413344375 0.04099297896027565 -0.08041316270828247
v -0.008008114062249659 0.040406905114650726 -0.080299511551857
v -0.0040040677413344375 0.04099297896027565 -0.08041316270828247
v -0.008008121512830256 0.04021032154560089 -0.08500000089406967
v -0.008008121512830256 0.04021032154560089 -0.08500000089406967
v -0.0040040677413344375 0.04099297896027565 -0.08041316270828247
v -0.004160060547292232 0.040788404643535614 -0.08500000089406967
v -0.011676213704049586 0.0608258880674839 -0.02986530214548111
v -0.011847085319459437 0.06311433762311935 -0.024584613740444183
v -0.008008114062249659 0.059984318912029266 -0.032374151051044464
v -0.008008114062249659 0.059984318912029266 -0.032374151051044464
v -0.011847085319459437 0.06311433762311935 -0.024584613740444183
v -0.008008121512830256 0.062380366027355194 -0.02709192782640457
v -0.008008114062249659 0.059984318912029266 -0.032374151051044464
v -0.008008121512830256 0.062380366027355194 -0.02709192782640457
v -0.0040040677413344375 0.06021686643362045 -0.03241924196481705
v -0.0040040677413344375 0.06021686643362045 -0.03241924196481705
v -0.008008121512830256 0.062380366027355194 -0.02709192782640457
v -2.15889510712941e-08 0.06029362976551056 -0.0324341282248497
v -0.0040040677413344375 0.06021686643362045 -0.03241924196481705
v -2.15889510712941e-08 0.06029362976551056 -0.0324341282248497
v -0.0040040677413344375 0.057563234120607376 -0.03765151649713516
v -0.0040040677413344375 0.057563234120607376 -0.03765151649713516
v -2.15889510712941e-08 0.06029362976551056 -0.0324341282248497
v -2.15889510712941e-08 0.05765758082270622 -0.03766981512308121
v -0.0040040677413344375 0.057563234120607376 -0.03765151649713516
v -2.15889510712941e-08 0.05765758082270622 -0.03766981512308121
v -0.0040040677413344375 0.05466834083199501 -0.042837001383304596
v -0.0040040677413344375 0.05466834083199501 -0.042837001383304596
v -2.15889510712941e-08 0.05765758082270622 -0.03766981512308121
v -2.15889510712941e-08 0.05478598177433014 -0.04285981506109238
v -0.0040040677413344375 0.05466834083199501 -0.042837001383304596
v -2.15889510712941e-08 0.05478598177433014 -0.04285981506109238
v -0.0040040677413344375 0.05171284079551697 -0.04801074415445328
v -0.0040040677413344375 0.05171284079551697 -0.04801074415445328
v -2.15889510712941e-08 0.05478598177433014 -0.04285981506109238
v -2.15889510712941e-08 0.05186633765697479 -0.04804050177335739
v -0.0040040677413344375 0.05171284079551697 -0.04801074415445328
v -2.15889510712941e-08 0.05186633765697479 -0.04804050177335739
v -0.0040040677413344375 0.048985086381435394 -0.05322863906621933
v -0.0040040677413344375 0.048985086381435394 -0.05322863906621933
v -2.15889510712941e-08 0.05186633765697479 -0.04804050177335739
v -2.15889510712941e-08 0.04915866255760193 -0.05326230078935623
v -0.0040040677413344375 0.048985086381435394 -0.05322863906621933
v -2.15889510712941e-08 0.04915866255760193 -0.05326230078935623
v -0.0040040677413344375 0.046592965722084045 -0.05851162225008011
v -0.0040040677413344375 0.046592965722084045 -0.05851162225008011
v -2.15889510712941e-08 0.04915866255760193 -0.05326230078935623
v -2.15889510712941e-08 0.04677855595946312 -0.058547623455524445
v -0.0040040677413344375 0.046592965722084045 -0.05851162225008011
v -2.15889510712941e-08 0.04677855595946312 -0.058547623455524445
v -0.0040040677413344375 0.04456306993961334 -0.06386486440896988
v -0.0040040677413344375 0.04456306993961334 -0.06386486440896988
v -2.15889510712941e-08 0.04677855595946312 -0.058547623455524445
v -2.15889510712941e-08 0.0447549931704998 -0.06390207260847092
v -0.0040040677413344375 0.04456306993961334 -0.06386486440896988
v -2.15889510712941e-08 0.0447549931704998 -0.06390207260847092
v -0.0040040677413344375 0.04292481765151024 -0.0692940428853035
v -0.0040040677413344375 0.04292481765151024 -0.0692940428853035
v -2.15889510712941e-08 0.0447549931704998 -0.06390207260847092
v -2.15889510712941e-08 0.043118249624967575 -0.06933154910802841
v -0.0040040677413344375 0.04292481765151024 -0.0692940428853035
v -2.15889510712941e-08 0.043118249624967575 -0.06933154910802841
v -0.0040040677413344375 0.04171600192785263 -0.07480649650096893
v -0.0040040677413344375 0.04171600192785263 -0.07480649650096893
v -2.15889510712941e-08 0.043118249624967575 -0.06933154910802841
v -2.15889510712941e-08 0.0419088713824749 -0.07484389841556549
v -0.0040040677413344375 0.04171600192785263 -0.07480649650096893
v -2.15889510712941e-08 0.0419088713824749 -0.07484389841556549
v -0.0040040677413344375 0.04099297896027565 -0.08041316270828247
v -0.0040040677413344375 0.04099297896027565 -0.08041316270828247
v -2.15889510712941e-08 0.0419088713824749 -0.07484389841556549
v -2.15889510712941e-08 0.04118646681308746 -0.08045068383216858
v -0.0040040677413344375 0.04099297896027565 -0.08041316270828247
v -2.15889510712941e-08 0.04118646681308746 -0.08045068383216858
v -0.004160060547292232 0.040788404643535614 -0.08500000089406967
v -0.004160060547292232 0.040788404643535614 -0.08500000089406967
v -2.15889510712941e-08 0.04118646681308746 -0.08045068383216858
v 7.627915521446481e-10 0.04100000113248825 -0.08500000089406967
v 0.039730686694383614 -0.010122883133590221 -0.09100005775690079
v 0.03979910165071487 -0.009850393049418926 -0.08500000834465027
v 0.03858672082424163 -0.013858537189662457 -0.08500000834465027
v 0.039730686694383614 -0.010122883133590221 -0.09100005775690079
v 0.03858672082424163 -0.013858537189662457 -0.08500000834465027
v 0.03686898946762084 -0.01793537475168705 -0.09100005775690079
v 0.03979910165071487 -0.009850393049418926 -0.08500000834465027
v 0.039730686694383614 -0.010122883133590221 -0.09100005775690079
v 0.040596321225166314 -0.005739609245210886 -0.08500000834465027
v 0.040596321225166314 -0.005739609245210886 -0.08500000834465027
v 0.039730686694383614 -0.010122883133590221 -0.09100005775690079
v 0.04095625132322311 -0.0018935229163616896 -0.09100005775690079
v 0.040596321225166314 -0.005739609245210886 -0.08500000834465027
v 0.04095625132322311 -0.0018935229163616896 -0.09100005775690079
v 0.04097004234790801 -0.0015692252200096846 -0.08500000834465027
v 0.04097004234790801 -0.0015692252200096846 -0.08500000834465027
v 0.04095625132322311 -0.0018935229163616896 -0.09100005775690079
v 0.041000001132488244 1.1817292699944915e-09 -0.09100005775690079
v 0.04097004234790801 -0.0015692252200096846 -0.08500000834465027
v 0.041000001132488244 1.1817292699944915e-09 -0.09100005775690079
v 0.04100004211068153 1.1817292699944915e-09 -0.08500000834465027
v -0.041000045835971825 1.1817292699944915e-09 -0.08500000089406967
v -0.041000001132488244 1.1817292699944915e-09 -0.09100005775690079
v -0.04095625132322311 -0.0018935229163616896 -0.09100005775690079
v 0.03858672082424163 -0.013858537189662457 -0.08500000834465027
v 0.03697194904088973 -0.017722005024552345 -0.08500000834465027
v 0.03686898946762084 -0.01793537475168705 -0.09100005775690079
v 0.03686898946762084 -0.01793537475168705 -0.09100005775690079
v 0.03697194904088973 -0.017722005024552345 -0.08500000834465027
v 0.03497174009680747 -0.021400393918156624 -0.08500000834465027
v 0.03686898946762084 -0.01793537475168705 -0.09100005775690079
v 0.03497174009680747 -0.021400393918156624 -0.08500000834465027
v 0.032489009201526635 -0.025009283795952797 -0.09100005775690079
v 0.03497174009680747 -0.021400393918156624 -0.08500000834465027
v 0.03260688111186027 -0.024855496361851692 -0.08500000834465027
v 0.032489009201526635 -0.025009283795952797 -0.09100005775690079
v 0.032489009201526635 -0.025009283795952797 -0.09100005775690079
v 0.03260688111186027 -0.024855496361851692 -0.08500000834465027
v 0.029901828616857525 -0.028051497414708138 -0.08500000834465027
v 0.032489009201526635 -0.025009283795952797 -0.09100005775690079
v 0.029901828616857525 -0.028051497414708138 -0.08500000834465027
v 0.026771120727062222 -0.031053291633725166 -0.09100005775690079
v 0.029901828616857525 -0.028051497414708138 -0.08500000834465027
v 0.02688498422503471 -0.03095485456287861 -0.08500000834465027
v 0.026771120727062222 -0.031053291633725166 -0.09100005775690079
v 0.026771120727062222 -0.031053291633725166 -0.09100005775690079
v 0.02688498422503471 -0.03095485456287861 -0.08500000834465027
v 0.02358755841851234 -0.033535491675138474 -0.08500000834465027
v 0.026771120727062222 -0.031053291633725166 -0.09100005775690079
v 0.02358755841851234 -0.033535491675138474 -0.08500000834465027
v 0.01995078474283218 -0.035818520933389664 -0.09100005775690079
v 0.02358755841851234 -0.033535491675138474 -0.08500000834465027
v 0.020043902099132534 -0.03576644882559776 -0.08500000089406967
v 0.01995078474283218 -0.035818520933389664 -0.09100005775690079
v 0.01995078474283218 -0.035818520933389664 -0.09100005775690079
v 0.020043902099132534 -0.03576644882559776 -0.08500000089406967
v 0.016291189938783642 -0.03762435540556908 -0.08500000089406967
v 0.01995078474283218 -0.035818520933389664 -0.09100005775690079
v 0.016291189938783642 -0.03762435540556908 -0.08500000089406967
v 0.01230886299163103 -0.03910871967673302 -0.09100005775690079
v 0.016291189938783642 -0.03762435540556908 -0.08500000089406967
v 0.01236883271485567 -0.039089757949113846 -0.08500000089406967
v 0.01230886299163103 -0.03910871967673302 -0.09100005775690079
v 0.01230886299163103 -0.03910871967673302 -0.09100005775690079
v 0.01236883271485567 -0.039089757949113846 -0.08500000089406967
v 0.008317825384438036 -0.04014742746949196 -0.08500000089406967
v 0.01230886299163103 -0.03910871967673302 -0.09100005775690079
v 0.008317825384438036 -0.04014742746949196 -0.08500000089406967
v 0.004160058684647082 -0.04078840836882591 -0.09100005775690079
v 0.004160058684647082 -0.04078840836882591 -0.09100005775690079
v 0.008317825384438036 -0.04014742746949196 -0.08500000089406967
v 0.0041801007464528075 -0.04078640416264534 -0.08500000089406967
v 0.004160058684647082 -0.04078840836882591 -0.09100005775690079
v 0.0041801007464528075 -0.04078640416264534 -0.08500000089406967
v -0.004160060547292232 -0.04078840836882591 -0.09100005775690079
v -0.004160060547292232 -0.04078840836882591 -0.09100005775690079
v 0.0041801007464528075 -0.04078640416264534 -0.08500000089406967
v 7.627915521446481e-10 -0.040999989956617355 -0.08500000089406967
v 7.627915521446481e-10 -0.040999989956617355 -0.08500000089406967
v -0.004160060547292232 -0.04078840836882591 -0.08500000089406967
v -0.004160060547292232 -0.04078840836882591 -0.09100005775690079
v -0.004160060547292232 -0.04078840836882591 -0.09100005775690079
v -0.004160060547292232 -0.04078840836882591 -0.08500000089406967
v -0.0070419376716017714 -0.0403907336294651 -0.08500000089406967
v -0.004160060547292232 -0.04078840836882591 -0.09100005775690079
v -0.0070419376716017714 -0.0403907336294651 -0.08500000089406967
v -0.012308864854276179 -0.03910871967673302 -0.09100005775690079
v -0.012308864854276179 -0.03910871967673302 -0.09100005775690079
v -0.0070419376716017714 -0.0403907336294651 -0.08500000089406967
v -0.012308864854276179 -0.03910871967673302 -0.08500000089406967
v -0.012308864854276179 -0.03910871967673302 -0.09100005775690079
v -0.012308864854276179 -0.03910871967673302 -0.08500000089406967
v -0.01995078474283218 -0.035818520933389664 -0.09100005775690079
v -0.01995078474283218 -0.035818520933389664 -0.09100005775690079
v -0.012308864854276179 -0.03910871967673302 -0.08500000089406967
v -0.017148539423942562 -0.03724147751927376 -0.08500000089406967
v -0.01995078474283218 -0.035818520933389664 -0.09100005775690079
v -0.017148539423942562 -0.03724147751927376 -0.08500000089406967
v -0.01995078474283218 -0.035818520933389664 -0.08500000089406967
v -0.026111975312232968 -0.03160956874489784 -0.08500000089406967
v -0.026771120727062222 -0.031053291633725166 -0.09100005775690079
v -0.023290097713470456 -0.03374272212386131 -0.08500000089406967
v -0.023290097713470456 -0.03374272212386131 -0.08500000089406967
v -0.026771120727062222 -0.031053291633725166 -0.09100005775690079
v -0.01995078474283218 -0.035818520933389664 -0.09100005775690079
v -0.023290097713470456 -0.03374272212386131 -0.08500000089406967
v -0.01995078474283218 -0.035818520933389664 -0.09100005775690079
v -0.02029486000537872 -0.03562469407916069 -0.08500000089406967
v -0.02029486000537872 -0.03562469407916069 -0.08500000089406967
v -0.01995078474283218 -0.035818520933389664 -0.09100005775690079
v -0.01995078474283218 -0.035818520933389664 -0.08500000089406967
v -0.026111975312232968 -0.03160956874489784 -0.08500000089406967
v -0.026771120727062222 -0.031053291633725166 -0.08500000089406967
v -0.026771120727062222 -0.031053291633725166 -0.09100005775690079
v -0.026771120727062222 -0.031053291633725166 -0.09100005775690079
v -0.026771120727062222 -0.031053291633725166 -0.08500000089406967
v -0.028739474713802334 -0.02924111671745777 -0.08500000089406967
v -0.026771120727062222 -0.031053291633725166 -0.09100005775690079
v -0.028739474713802334 -0.02924111671745777 -0.08500000089406967
v -0.032489009201526635 -0.025009283795952797 -0.09100005775690079
v -0.032489009201526635 -0.025009283795952797 -0.09100005775690079
v -0.028739474713802334 -0.02924111671745777 -0.08500000089406967
v -0.032489009201526635 -0.025009283795952797 -0.08500000089406967
v -0.032489009201526635 -0.025009283795952797 -0.09100005775690079
v -0.032489009201526635 -0.025009283795952797 -0.08500000089406967
v -0.03686898946762084 -0.01793537475168705 -0.09100005775690079
v -0.03686898946762084 -0.01793537475168705 -0.09100005775690079
v -0.032489009201526635 -0.025009283795952797 -0.08500000089406967
v -0.03526820242404937 -0.02090822346508503 -0.08500000089406967
v -0.03686898946762084 -0.01793537475168705 -0.09100005775690079
v -0.03526820242404937 -0.02090822346508503 -0.08500000089406967
v -0.03686898946762084 -0.01793537475168705 -0.08500000089406967
v -0.039445832371711724 -0.011181513778865337 -0.08500000089406967
v -0.039730682969093316 -0.010122883133590221 -0.09100005775690079
v -0.03833519667387008 -0.014540049247443676 -0.08500000089406967
v -0.03833519667387008 -0.014540049247443676 -0.08500000089406967
v -0.039730682969093316 -0.010122883133590221 -0.09100005775690079
v -0.03686898946762084 -0.01793537475168705 -0.09100005775690079
v -0.03833519667387008 -0.014540049247443676 -0.08500000089406967
v -0.03686898946762084 -0.01793537475168705 -0.09100005775690079
v -0.03693918883800506 -0.017790349200367928 -0.08500000089406967
v -0.03693918883800506 -0.017790349200367928 -0.08500000089406967
v -0.03686898946762084 -0.01793537475168705 -0.09100005775690079
v -0.03686898946762084 -0.01793537475168705 -0.08500000089406967
v -0.039445832371711724 -0.011181513778865337 -0.08500000089406967
v -0.039730682969093316 -0.010122883133590221 -0.08500000089406967
v -0.039730682969093316 -0.010122883133590221 -0.09100005775690079
v -0.039730682969093316 -0.010122883133590221 -0.09100005775690079
v -0.039730682969093316 -0.010122883133590221 -0.08500000089406967
v -0.0402628406882286 -0.007739739958196878 -0.08500000089406967
v -0.039730682969093316 -0.010122883133590221 -0.09100005775690079
v -0.0402628406882286 -0.007739739958196878 -0.08500000089406967
v -0.04095625132322311 -0.0018935229163616896 -0.09100005775690079
v -0.04095625132322311 -0.0018935229163616896 -0.09100005775690079
v -0.0402628406882286 -0.007739739958196878 -0.08500000089406967
v -0.04095625132322311 -0.0018935229163616896 -0.08500000089406967
v -0.04095625132322311 -0.0018935229163616896 -0.09100005775690079
v -0.04095625132322311 -0.0018935229163616896 -0.08500000089406967
v -0.041000045835971825 1.1817292699944915e-09 -0.08500000089406967
v 0.040199998766183846 -0.013471010141074657 0.0009999938774853945
v 0.040199998766183846 -0.013471010141074657 6.747394643014104e-09
v 0.03997978195548057 -0.013471010141074657 0.004202044568955898
v 0.03997978195548057 -0.013471010141074657 -0.0042020464316010475
v 0.040199998766183846 -0.013471010141074657 -0.0009999952744692564
v 0.04048765450716018 -0.013471010141074657 -0.0009999952744692564
v 0.03941040486097335 -0.013471010141074657 -0.009331130422651768
v 0.03823247179388999 -0.013471010141074657 -0.012422480620443821
v 0.036637604236602776 -0.013471010141074657 -0.017260827124118805
v 0.03481421992182731 -0.013471010141074657 -0.020100004971027374
v 0.0322885476052761 -0.013471010141074657 -0.02444789558649063
v 0.02987442165613174 -0.013471010141074657 -0.026899047195911407
v 0.026550348848104473 -0.013471010141074657 -0.030583150684833527
v 0.023628965020179745 -0.013471010141074657 -0.032522477209568024
v 0.019669871777296063 -0.013471010141074657 -0.035402633249759674
v 0.016350813210010525 -0.013471010141074657 -0.036724530160427094
v 0.011943143792450426 -0.013471010141074657 -0.03869897872209549
v 0.008358051069080828 -0.013471010141074657 -0.03932153433561325
v 0.0037025853525847192 -0.013471010141074657 -0.04033040255308151
v 7.627915521446481e-10 -0.013471010141074657 -0.04020000249147415
v -0.00469726976007223 -0.013471010141074657 -0.04022667557001114
v -0.008358052931725977 -0.013471010141074657 -0.03932153433561325
v -0.012895031832158564 -0.013471010141074657 -0.03839229792356491
v -0.016350813210010525 -0.013471010141074657 -0.036724530160427094
v -0.020538017153739926 -0.013471010141074657 -0.03490615636110306
v -0.023628965020179745 -0.013471010141074657 -0.032522477209568024
v -0.027297392487525936 -0.013471010141074657 -0.029918260872364044
v -0.02987442165613174 -0.013471010141074657 -0.026899047195911407
v -0.03288235515356063 -0.013471010141074657 -0.023643188178539276
v -0.03481422364711761 -0.013471010141074657 -0.020100004971027374
v -0.03705263137817382 -0.013471010141074657 -0.01635093241930008
v -0.03823247551918029 -0.013471010141074657 -0.012422480620443821
v -0.039628788828849786 -0.013471010141074657 -0.00835519377142191
v -0.03997977823019027 -0.013471010141074657 -0.0042020464316010475
v -0.04050000011920928 -0.013471010141074657 6.747394643014104e-09
v -0.03997977823019027 -0.013471010141074657 0.004202044568955898
v -0.039628788828849786 -0.013471010141074657 0.00835519190877676
v -0.03823247551918029 -0.013471010141074657 0.012422478757798672
v -0.03705263137817382 -0.013471010141074657 0.01635093241930008
v -0.03481422364711761 -0.013471010141074657 0.020100004971027374
v -0.03288235515356063 -0.013471010141074657 0.023643188178539276
v -0.02987442165613174 -0.013471010141074657 0.026899047195911407
v -0.027297392487525936 -0.013471010141074657 0.029918260872364044
v -0.023628965020179745 -0.013471010141074657 0.032522477209568024
v -0.020538017153739926 -0.013471010141074657 0.03490615636110306
v -0.016350813210010525 -0.013471010141074657 0.036724530160427094
v -0.012895031832158564 -0.013471010141074657 0.03839229792356491
v -0.008358052931725977 -0.013471010141074657 0.03932153433561325
v -0.00469726976007223 -0.013471010141074657 0.04022667557001114
v 7.627915521446481e-10 -0.013471010141074657 0.04020000249147415
v 0.0037025853525847192 -0.013471010141074657 0.04033040255308151
v 0.008358051069080828 -0.013471010141074657 0.03932153433561325
v 0.011943143792450426 -0.013471010141074657 0.03869897872209549
v 0.016350813210010525 -0.013471010141074657 0.036724530160427094
v 0.019669871777296063 -0.013471010141074657 0.035402633249759674
v 0.023628965020179745 -0.013471010141074657 0.032522477209568024
v 0.026550348848104473 -0.013471010141074657 0.030583150684833527
v 0.02987442165613174 -0.013471010141074657 0.026899047195911407
v 0.0322885476052761 -0.013471010141074657 0.02444789558649063
v 0.03481421992182731 -0.013471010141074657 0.020100004971027374
v 0.036637604236602776 -0.013471010141074657 0.017260827124118805
v 0.03823247179388999 -0.013471010141074657 0.012422478757798672
v 0.03941040486097335 -0.013471010141074657 0.009331143461167812
v 0.04048765450716018 -0.013471010141074657 0.0009999938774853945
v -0.02723361551761627 -0.030245991423726082 -0.09100005775690079
v -0.032489009201526635 -0.025009283795952797 -0.09100005775690079
v -0.0329269915819168 -0.023922862485051155 -0.09100005775690079
v -0.03686898946762084 -0.01793537475168705 -0.09100005775690079
v -0.037181302905082696 -0.016554178670048714 -0.09100005775690079
v -0.039730682969093316 -0.010122883133590221 -0.09100005775690079
v -0.03981060534715652 -0.008462007157504559 -0.09100005775690079
v -0.04095625132322311 -0.0018935229163616896 -0.09100005775690079
v -0.040700003504753106 1.1817292699944915e-09 -0.09100005775690079
v 0.04069999977946281 1.1817292699944915e-09 -0.09100005775690079
v 0.04095625132322311 -0.0018935229163616896 -0.09100005775690079
v 0.039810609072446816 -0.008462007157504559 -0.09100005775690079
v 0.039730686694383614 -0.010122883133590221 -0.09100005775690079
v 0.0371812991797924 -0.016554178670048714 -0.09100005775690079
v 0.03686898946762084 -0.01793537475168705 -0.09100005775690079
v 0.0329269915819168 -0.023922862485051155 -0.09100005775690079
v 0.032489009201526635 -0.025009283795952797 -0.09100005775690079
v 0.02723361551761627 -0.030245991423726082 -0.09100005775690079
v 0.026771120727062222 -0.031053291633725166 -0.09100005775690079
v 0.020349998027086254 -0.035247232764959335 -0.09100005775690079
v 0.01995078474283218 -0.035818520933389664 -0.09100005775690079
v 0.012576990760862826 -0.03870800510048866 -0.09100005775690079
v 0.01230886299163103 -0.03910871967673302 -0.09100005775690079
v 0.004254308529198169 -0.04047704115509987 -0.09100005775690079
v 0.004160058684647082 -0.04078840836882591 -0.09100005775690079
v -0.004254310391843318 -0.04047704115509987 -0.09100005775690079
v -0.004160060547292232 -0.04078840836882591 -0.09100005775690079
v -0.012576988898217676 -0.03870800510048866 -0.09100005775690079
v -0.012308864854276179 -0.03910871967673302 -0.09100005775690079
v -0.020350001752376553 -0.035247232764959335 -0.09100005775690079
v -0.01995078474283218 -0.035818520933389664 -0.09100005775690079
v -0.026771120727062222 -0.031053291633725166 -0.09100005775690079
v -0.041000001132488244 1.1817292699944915e-09 -0.09100005775690079
v -0.04095625132322311 0.0018935215193778276 -0.09100005775690079
v -0.03981060534715652 0.00846200529485941 -0.09100005775690079
v -0.039730682969093316 0.010122881270945072 -0.09100005775690079
v -0.037181302905082696 0.016554182395339012 -0.09100005775690079
v -0.03686898946762084 0.01793537475168705 -0.09100005775690079
v -0.0329269915819168 0.023922858759760857 -0.09100005775690079
v -0.032489009201526635 0.0250092800706625 -0.09100005775690079
v -0.02723361551761627 0.03024599514901638 -0.09100005775690079
v -0.026771120727062222 0.031053295359015465 -0.09100005775690079
v -0.020350001752376553 0.035247232764959335 -0.09100005775690079
v -0.01995078474283218 0.035818517208099365 -0.09100005775690079
v -0.012576988898217676 0.038708001375198364 -0.09100005775690079
v -0.012308864854276179 0.03910871967673302 -0.09100005775690079
v -0.004254310391843318 0.04047704115509987 -0.09100005775690079
v -0.004160060547292232 0.040788404643535614 -0.09100005775690079
v 0.004254308529198169 0.04047704115509987 -0.09100005775690079
v 0.004160058684647082 0.040788404643535614 -0.09100005775690079
v 0.012576990760862826 0.038708001375198364 -0.09100005775690079
v 0.01230886299163103 0.03910871967673302 -0.09100005775690079
v 0.020349998027086254 0.035247232764959335 -0.09100005775690079
v 0.01995078474283218 0.035818517208099365 -0.09100005775690079
v 0.02723361551761627 0.03024599514901638 -0.09100005775690079
v 0.026771120727062222 0.031053295359015465 -0.09100005775690079
v 0.032489009201526635 0.0250092800706625 -0.09100005775690079
v 0.0329269915819168 0.023922858759760857 -0.09100005775690079
v 0.03686898946762084 0.01793537475168705 -0.09100005775690079
v 0.0371812991797924 0.016554182395339012 -0.09100005775690079
v 0.039730686694383614 0.010122881270945072 -0.09100005775690079
v 0.039810609072446816 0.00846200529485941 -0.09100005775690079
v 0.04095625132322311 0.0018935215193778276 -0.09100005775690079
v 0.041000001132488244 1.1817292699944915e-09 -0.09100005775690079
v 0.04048765450716018 -0.016461024060845375 0.0009999938774853945
v 0.04048765450716018 -0.013471010141074657 0.0009999938774853945
v 0.03941040486097335 -0.013471010141074657 0.009331143461167812
v 0.03941040486097335 -0.016461024060845375 0.009331143461167812
v 0.03941040486097335 -0.016461024060845375 0.009331143461167812
v 0.03941040486097335 -0.013471010141074657 0.009331143461167812
v 0.036637604236602776 -0.013471010141074657 0.017260827124118805
v 0.036637604236602776 -0.016461024060845375 0.017260827124118805
v 0.036637604236602776 -0.016461024060845375 0.017260827124118805
v 0.036637604236602776 -0.013471010141074657 0.017260827124118805
v 0.0322885476052761 -0.013471010141074657 0.02444789558649063
v 0.0322885476052761 -0.016461024060845375 0.02444789558649063
v 0.0322885476052761 -0.016461024060845375 0.02444789558649063
v 0.0322885476052761 -0.013471010141074657 0.02444789558649063
v 0.026550348848104473 -0.013471010141074657 0.030583150684833527
v 0.026550348848104473 -0.016461024060845375 0.030583150684833527
v 0.026550348848104473 -0.016461024060845375 0.030583150684833527
v 0.026550348848104473 -0.013471010141074657 0.030583150684833527
v 0.019669871777296063 -0.013471010141074657 0.035402633249759674
v 0.019669871777296063 -0.016461024060845375 0.035402633249759674
v 0.019669871777296063 -0.016461024060845375 0.035402633249759674
v 0.019669871777296063 -0.013471010141074657 0.035402633249759674
v 0.011943143792450426 -0.013471010141074657 0.03869897872209549
v 0.011943143792450426 -0.016461024060845375 0.03869897872209549
v 0.011943143792450426 -0.016461024060845375 0.03869897872209549
v 0.011943143792450426 -0.013471010141074657 0.03869897872209549
v 0.0037025853525847192 -0.013471010141074657 0.04033040255308151
v 0.0037025853525847192 -0.016461024060845375 0.04033040255308151
v 0.0037025853525847192 -0.016461024060845375 0.04033040255308151
v 0.0037025853525847192 -0.013471010141074657 0.04033040255308151
v -0.00469726976007223 -0.013471010141074657 0.04022667557001114
v -0.00469726976007223 -0.016461024060845375 0.04022667557001114
v -0.00469726976007223 -0.016461024060845375 0.04022667557001114
v -0.00469726976007223 -0.013471010141074657 0.04022667557001114
v -0.012895031832158564 -0.013471010141074657 0.03839229792356491
v -0.012895031832158564 -0.016461024060845375 0.03839229792356491
v -0.012895031832158564 -0.016461024060845375 0.03839229792356491
v -0.012895031832158564 -0.013471010141074657 0.03839229792356491
v -0.020538017153739926 -0.013471010141074657 0.03490615636110306
v -0.020538017153739926 -0.016461024060845375 0.03490615636110306
v -0.020538017153739926 -0.016461024060845375 0.03490615636110306
v -0.020538017153739926 -0.013471010141074657 0.03490615636110306
v -0.027297392487525936 -0.013471010141074657 0.029918260872364044
v -0.027297392487525936 -0.016461024060845375 0.029918260872364044
v -0.027297392487525936 -0.016461024060845375 0.029918260872364044
v -0.027297392487525936 -0.013471010141074657 0.029918260872364044
v -0.03288235515356063 -0.013471010141074657 0.023643188178539276
v -0.03288235515356063 -0.016461024060845375 0.023643188178539276
v -0.03288235515356063 -0.016461024060845375 0.023643188178539276
v -0.03288235515356063 -0.013471010141074657 0.023643188178539276
v -0.03705263137817382 -0.013471010141074657 0.01635093241930008
v -0.03705263137817382 -0.016461024060845375 0.01635093241930008
v -0.03705263137817382 -0.016461024060845375 0.01635093241930008
v -0.03705263137817382 -0.013471010141074657 0.01635093241930008
v -0.039628788828849786 -0.013471010141074657 0.00835519190877676
v -0.039628788828849786 -0.016461024060845375 0.00835519190877676
v -0.039628788828849786 -0.016461024060845375 0.00835519190877676
v -0.039628788828849786 -0.013471010141074657 0.00835519190877676
v -0.04050000011920928 -0.013471010141074657 6.747394643014104e-09
v -0.04050000011920928 -0.016461024060845375 6.747394643014104e-09
v -0.040700003504753106 1.1817292699944915e-09 -0.09100005775690079
v -0.040700003504753106 1.1817292699944915e-09 -0.09800005704164505
v -0.03981060534715652 -0.008462007157504559 -0.09800005704164505
v -0.03981060534715652 -0.008462007157504559 -0.09100005775690079
v -0.03981060534715652 -0.008462007157504559 -0.09100005775690079
v -0.03981060534715652 -0.008462007157504559 -0.09800005704164505
v -0.037181302905082696 -0.016554178670048714 -0.09800005704164505
v -0.037181302905082696 -0.016554178670048714 -0.09100005775690079
v -0.037181302905082696 -0.016554178670048714 -0.09100005775690079
v -0.037181302905082696 -0.016554178670048714 -0.09800005704164505
v -0.0329269915819168 -0.023922862485051155 -0.09800005704164505
v -0.0329269915819168 -0.023922862485051155 -0.09100005775690079
v -0.0329269915819168 -0.023922862485051155 -0.09100005775690079
v -0.0329269915819168 -0.023922862485051155 -0.09800005704164505
v -0.02723361551761627 -0.030245991423726082 -0.09800005704164505
v -0.02723361551761627 -0.030245991423726082 -0.09100005775690079
v -0.02723361551761627 -0.030245991423726082 -0.09100005775690079
v -0.02723361551761627 -0.030245991423726082 -0.09800005704164505
v -0.020350001752376553 -0.035247232764959335 -0.09800005704164505
v -0.020350001752376553 -0.035247232764959335 -0.09100005775690079
v -0.020350001752376553 -0.035247232764959335 -0.09100005775690079
v -0.020350001752376553 -0.035247232764959335 -0.09800005704164505
v -0.012576988898217676 -0.03870800510048866 -0.09800005704164505
v -0.012576988898217676 -0.03870800510048866 -0.09100005775690079
v -0.012576988898217676 -0.03870800510048866 -0.09100005775690079
v -0.012576988898217676 -0.03870800510048866 -0.09800005704164505
v -0.004254310391843318 -0.04047704115509987 -0.09800005704164505
v -0.004254310391843318 -0.04047704115509987 -0.09100005775690079
v -0.004254310391843318 -0.04047704115509987 -0.09100005775690079
v -0.004254310391843318 -0.04047704115509987 -0.09800005704164505
v 0.004254308529198169 -0.04047704115509987 -0.09800005704164505
v 0.004254308529198169 -0.04047704115509987 -0.09100005775690079
v 0.004254308529198169 -0.04047704115509987 -0.09100005775690079
v 0.004254308529198169 -0.04047704115509987 -0.09800005704164505
v 0.012576990760862826 -0.03870800510048866 -0.09800005704164505
v 0.012576990760862826 -0.03870800510048866 -0.09100005775690079
v 0.012576990760862826 -0.03870800510048866 -0.09100005775690079
v 0.012576990760862826 -0.03870800510048866 -0.09800005704164505
v 0.020349998027086254 -0.035247232764959335 -0.09800005704164505
v 0.020349998027086254 -0.035247232764959335 -0.09100005775690079
v 0.020349998027086254 -0.035247232764959335 -0.09100005775690079
v 0.020349998027086254 -0.035247232764959335 -0.09800005704164505
v 0.02723361551761627 -0.030245991423726082 -0.09800005704164505
v 0.02723361551761627 -0.030245991423726082 -0.09100005775690079
v 0.02723361551761627 -0.030245991423726082 -0.09100005775690079
v 0.02723361551761627 -0.030245991423726082 -0.09800005704164505
v 0.0329269915819168 -0.023922862485051155 -0.09800005704164505
v 0.0329269915819168 -0.023922862485051155 -0.09100005775690079
v 0.0329269915819168 -0.023922862485051155 -0.09100005775690079
v 0.0329269915819168 -0.023922862485051155 -0.09800005704164505
v 0.0371812991797924 -0.016554178670048714 -0.09800005704164505
v 0.0371812991797924 -0.016554178670048714 -0.09100005775690079
v 0.0371812991797924 -0.016554178670048714 -0.09100005775690079
v 0.0371812991797924 -0.016554178670048714 -0.09800005704164505
v 0.039810609072446816 -0.008462007157504559 -0.09800005704164505
v 0.039810609072446816 -0.008462007157504559 -0.09100005775690079
v 0.039810609072446816 -0.008462007157504559 -0.09100005775690079
v 0.039810609072446816 -0.008462007157504559 -0.09800005704164505
v 0.04069999977946281 1.1817292699944915e-09 -0.09800005704164505
v 0.04069999977946281 1.1817292699944915e-09 -0.09100005775690079
v 0.04069999977946281 -0.001000000862404704 -0.09800005704164505
v 0.04069999977946281 1.1817292699944915e-09 -0.09800005704164505
v 0.039810609072446816 -0.008462007157504559 -0.09800005704164505
v 0.039810609072446816 0.00846200529485941 -0.09800005704164505
v 0.04069999977946281 0.0009999994654208422 -0.09800005704164505
v 0.020349998027086254 -0.035247232764959335 -0.09800005704164505
v 0.026884965598583218 -0.03095478005707264 -0.09800005704164505
v 0.02723361551761627 -0.030245991423726082 -0.09800005704164505
v 0.032693136483430855 -0.024741845205426216 -0.09800005704164505
v 0.0329269915819168 -0.023922862485051155 -0.09800005704164505
v 0.03709448128938674 -0.01746423728764057 -0.09800005704164505
v 0.0371812991797924 -0.016554178670048714 -0.09800005704164505
v 0.03989960625767707 -0.009435120038688183 -0.09800005704164505
v 0.04098780453205108 -0.001000000862404704 -0.09800005704164505
v 0.04098780453205108 0.0009999994654208422 -0.09800005704164505
v 0.03989960625767707 0.009435118176043034 -0.09800005704164505
v 0.0371812991797924 0.016554182395339012 -0.09800005704164505
v 0.03709448128938674 0.01746423728764057 -0.09800005704164505
v 0.0329269915819168 0.023922858759760857 -0.09800005704164505
v 0.032693136483430855 0.024741845205426216 -0.09800005704164505
v 0.02723361551761627 0.03024599514901638 -0.09800005704164505
v 0.026884965598583218 0.03095478191971779 -0.09800005704164505
v 0.020349998027086254 0.035247232764959335 -0.09800005704164505
v 0.01991990581154823 0.03583569824695587 -0.09800005704164505
v 0.012576990760862826 0.038708001375198364 -0.09800005704164505
v 0.012097668834030626 0.03917456418275833 -0.09800005704164505
v 0.004254308529198169 0.04047704115509987 -0.09800005704164505
v 0.0037548549007624383 0.04082769900560379 -0.09800005704164505
v -0.004254310391843318 0.04047704115509987 -0.09800005704164505
v -0.004749535582959651 0.04072397202253342 -0.09800005704164505
v -0.012576988898217676 0.038708001375198364 -0.09800005704164505
v -0.013049549423158167 0.03886784240603447 -0.09800005704164505
v -0.020350001752376553 0.035247232764959335 -0.09800005704164505
v -0.020788021385669705 0.03533918783068657 -0.09800005704164505
v -0.02723361551761627 0.03024599514901638 -0.09800005704164505
v -0.027631968259811398 0.030289841815829277 -0.09800005704164505
v -0.0329269915819168 0.023922858759760857 -0.09800005704164505
v -0.03328686952590942 0.02393708936870098 -0.09800005704164505
v -0.037181302905082696 0.016554182395339012 -0.09800005704164505
v -0.03750940412282943 0.016554297879338264 -0.09800005704164505
v -0.03981060534715652 0.00846200529485941 -0.09800005704164505
v -0.04011785984039306 0.008459151722490788 -0.09800005704164505
v -0.040700003504753106 1.1817292699944915e-09 -0.09800005704164505
v -0.041000001132488244 1.1817292699944915e-09 -0.09800005704164505
v -0.03981060534715652 -0.008462007157504559 -0.09800005704164505
v -0.04011785984039306 -0.008459153585135937 -0.09800005704164505
v -0.037181302905082696 -0.016554178670048714 -0.09800005704164505
v -0.03750940412282943 -0.016554297879338264 -0.09800005704164505
v -0.0329269915819168 -0.023922862485051155 -0.09800005704164505
v -0.03328686952590942 -0.023937085643410683 -0.09800005704164505
v -0.02723361551761627 -0.030245991423726082 -0.09800005704164505
v -0.027631968259811398 -0.03028983809053898 -0.09800005704164505
v -0.020350001752376553 -0.035247232764959335 -0.09800005704164505
v -0.020788021385669705 -0.03533918783068657 -0.09800005704164505
v -0.012576988898217676 -0.03870800510048866 -0.09800005704164505
v -0.013049549423158167 -0.03886784240603447 -0.09800005704164505
v -0.004254310391843318 -0.04047704115509987 -0.09800005704164505
v -0.004749535582959651 -0.040723975747823715 -0.09800005704164505
v 0.004254308529198169 -0.04047704115509987 -0.09800005704164505
v 0.0037548549007624383 -0.04082770273089409 -0.09800005704164505
v 0.012576990760862826 -0.03870800510048866 -0.09800005704164505
v 0.012097668834030626 -0.03917456790804863 -0.09800005704164505
v 0.01991990581154823 -0.03583570197224617 -0.09800005704164505
v 0.04069999977946281 -0.001000000862404704 -0.10199999809265137
v 0.04069999977946281 -0.001000000862404704 -0.09800005704164505
v 0.04098780453205108 -0.001000000862404704 -0.10199999809265137
v 0.04098780453205108 -0.001000000862404704 -0.09800005704164505
v 0.04069999977946281 -0.001000000862404704 -0.09800005704164505
v 0.04069999977946281 -0.001000000862404704 -0.10199999809265137
v 0.04069999977946281 1.1817292699944915e-09 -0.09800005704164505
v 0.04069999977946281 0.0009999994654208422 -0.10199999809265137
v 0.04069999977946281 0.0009999994654208422 -0.09800005704164505
v 0.04069999977946281 0.0009999994654208422 -0.09800005704164505
v 0.04069999977946281 0.0009999994654208422 -0.10199999809265137
v 0.04098780453205108 0.0009999994654208422 -0.09800005704164505
v 0.04098780453205108 0.0009999994654208422 -0.10199999809265137
v 0.040199998766183846 -0.016461024060845375 0.0009999938774853945
v 0.040199998766183846 -0.013471010141074657 0.0009999938774853945
v 0.04048765450716018 -0.016461024060845375 0.0009999938774853945
v 0.04048765450716018 -0.013471010141074657 0.0009999938774853945
v 0.040199998766183846 -0.013471010141074657 0.0009999938774853945
v 0.040199998766183846 -0.016461024060845375 0.0009999938774853945
v 0.040199998766183846 -0.013471010141074657 6.747394643014104e-09
v 0.040199998766183846 -0.016461024060845375 -0.0009999952744692564
v 0.040199998766183846 -0.013471010141074657 -0.0009999952744692564
v 0.040199998766183846 -0.013471010141074657 -0.0009999952744692564
v 0.040199998766183846 -0.016461024060845375 -0.0009999952744692564
v 0.04048765450716018 -0.013471010141074657 -0.0009999952744692564
v 0.04048765450716018 -0.016461024060845375 -0.0009999952744692564
v 0.028985504060983654 -0.016461024060845375 -0.01099275890737772
v 0.025512497872114178 -0.016461024060845375 -0.017610006034374237
v 0.040199998766183846 -0.016461024060845375 -0.0009999952744692564
v 0.028985504060983654 -0.016461024060845375 0.01099275704473257
v 0.030773974955081936 -0.016461024060845375 0.003736636834219098
v 0.040199998766183846 -0.016461024060845375 0.0009999938774853945
v 0.030773974955081936 -0.016461024060845375 -0.00373663823120296
v -0.007418788038194179 -0.016461024060845375 -0.030099190771579742
v -0.00469726976007223 -0.016461024060845375 -0.04022667557001114
v 7.627915521446481e-10 -0.016461024060845375 -0.03099999576807022
v 0.0037025853525847192 -0.016461024060845375 -0.04033040255308151
v 0.0074187861755490294 -0.016461024060845375 -0.030099190771579742
v 0.011943143792450426 -0.016461024060845375 -0.03869897872209549
v 0.014406417496502398 -0.016461024060845375 -0.027449138462543488
v 0.019669871777296063 -0.016461024060845375 -0.035402633249759674
v 0.02055680006742477 -0.016461024060845375 -0.023203827440738678
v 0.026550348848104473 -0.016461024060845375 -0.030583150684833527
v 0.0322885476052761 -0.016461024060845375 -0.02444789558649063
v 0.04048765450716018 -0.016461024060845375 -0.0009999952744692564
v 0.03941040486097335 -0.016461024060845375 -0.009331130422651768
v 0.036637604236602776 -0.016461024060845375 -0.017260827124118805
v -0.030773974955081936 -0.016461024060845375 0.003736636834219098
v -0.04050000011920928 -0.016461024060845375 6.747394643014104e-09
v -0.030773974955081936 -0.016461024060845375 -0.00373663823120296
v -0.039628788828849786 -0.016461024060845375 -0.00835519377142191
v -0.028985507786273953 -0.016461024060845375 -0.01099275890737772
v -0.03705263137817382 -0.016461024060845375 -0.01635093241930008
v -0.025512501597404477 -0.016461024060845375 -0.017610006034374237
v -0.03288235515356063 -0.016461024060845375 -0.023643188178539276
v -0.02055680006742477 -0.016461024060845375 -0.023203827440738678
v -0.027297392487525936 -0.016461024060845375 -0.029918260872364044
v -0.014406419359147547 -0.016461024060845375 -0.027449138462543488
v -0.020538017153739926 -0.016461024060845375 -0.03490615636110306
v -0.012895031832158564 -0.016461024060845375 -0.03839229792356491
v 7.627915521446481e-10 -0.016461024060845375 0.03099999576807022
v -0.00469726976007223 -0.016461024060845375 0.04022667557001114
v -0.007418788038194179 -0.016461024060845375 0.030099190771579742
v -0.012895031832158564 -0.016461024060845375 0.03839229792356491
v -0.014406419359147547 -0.016461024060845375 0.027449138462543488
v -0.020538017153739926 -0.016461024060845375 0.03490615636110306
v -0.02055680006742477 -0.016461024060845375 0.023203827440738678
v -0.027297392487525936 -0.016461024060845375 0.029918260872364044
v -0.025512501597404477 -0.016461024060845375 0.017610006034374237
v -0.03288235515356063 -0.016461024060845375 0.023643188178539276
v -0.028985507786273953 -0.016461024060845375 0.01099275704473257
v -0.03705263137817382 -0.016461024060845375 0.01635093241930008
v -0.039628788828849786 -0.016461024060845375 0.00835519190877676
v 0.025512497872114178 -0.016461024060845375 0.017610006034374237
v 0.04048765450716018 -0.016461024060845375 0.0009999938774853945
v 0.03941040486097335 -0.016461024060845375 0.009331143461167812
v 0.036637604236602776 -0.016461024060845375 0.017260827124118805
v 0.0322885476052761 -0.016461024060845375 0.02444789558649063
v 0.02055680006742477 -0.016461024060845375 0.023203827440738678
v 0.026550348848104473 -0.016461024060845375 0.030583150684833527
v 0.014406417496502398 -0.016461024060845375 0.027449138462543488
v 0.019669871777296063 -0.016461024060845375 0.035402633249759674
v 0.0074187861755490294 -0.016461024060845375 0.030099190771579742
v 0.011943143792450426 -0.016461024060845375 0.03869897872209549
v 0.0037025853525847192 -0.016461024060845375 0.04033040255308151
v 7.627915521446481e-10 -0.006171020213514566 0.03099999576807022
v -0.007418788038194179 -0.006171020213514566 0.030099190771579742
v 0.02055680006742477 -0.006171020213514566 -0.023203827440738678
v 0.02055680006742477 -0.006171020213514566 0.023203827440738678
v 0.014406417496502398 -0.006171020213514566 0.027449138462543488
v 0.028985504060983654 -0.006171020213514566 -0.01099275890737772
v -0.014406419359147547 -0.006171020213514566 0.027449138462543488
v -0.02055680006742477 -0.006171020213514566 0.023203827440738678
v 0.014406417496502398 -0.006171020213514566 -0.027449138462543488
v 0.0074187861755490294 -0.006171020213514566 -0.030099190771579742
v -0.025512501597404477 -0.006171020213514566 0.017610006034374237
v -0.028985507786273953 -0.006171020213514566 0.01099275704473257
v 0.025512497872114178 -0.006171020213514566 -0.017610006034374237
v 0.030773974955081936 -0.006171020213514566 -0.00373663823120296
v 0.030773974955081936 -0.006171020213514566 0.003736636834219098
v 0.028985504060983654 -0.006171020213514566 0.01099275704473257
v 0.0074187861755490294 -0.006171020213514566 0.030099190771579742
v -0.030773974955081936 -0.006171020213514566 -0.00373663823120296
v -0.014406419359147547 -0.006171020213514566 -0.027449138462543488
v -0.007418788038194179 -0.006171020213514566 -0.030099190771579742
v -0.028985507786273953 -0.006171020213514566 -0.01099275890737772
v -0.025512501597404477 -0.006171020213514566 -0.017610006034374237
v -0.02055680006742477 -0.006171020213514566 -0.023203827440738678
v -0.030773974955081936 -0.006171020213514566 0.003736636834219098
v 7.627915521446481e-10 -0.006171020213514566 -0.03099999576807022
v 0.025512497872114178 -0.006171020213514566 0.017610006034374237
v 7.627915521446481e-10 -0.006171020213514566 -0.03099999576807022
v 7.627915521446481e-10 -0.016461024060845375 -0.03099999576807022
v 0.0074187861755490294 -0.006171020213514566 -0.030099190771579742
v 0.0074187861755490294 -0.016461024060845375 -0.030099190771579742
v 0.0074187861755490294 -0.006171020213514566 -0.030099190771579742
v 0.0074187861755490294 -0.016461024060845375 -0.030099190771579742
v 0.014406417496502398 -0.006171020213514566 -0.027449138462543488
v 0.014406417496502398 -0.016461024060845375 -0.027449138462543488
v 0.014406417496502398 -0.006171020213514566 -0.027449138462543488
v 0.014406417496502398 -0.016461024060845375 -0.027449138462543488
v 0.02055680006742477 -0.006171020213514566 -0.023203827440738678
v 0.02055680006742477 -0.016461024060845375 -0.023203827440738678
v 0.02055680006742477 -0.006171020213514566 -0.023203827440738678
v 0.02055680006742477 -0.016461024060845375 -0.023203827440738678
v 0.025512497872114178 -0.006171020213514566 -0.017610006034374237
v 0.025512497872114178 -0.016461024060845375 -0.017610006034374237
v 0.025512497872114178 -0.006171020213514566 -0.017610006034374237
v 0.025512497872114178 -0.016461024060845375 -0.017610006034374237
v 0.028985504060983654 -0.006171020213514566 -0.01099275890737772
v 0.028985504060983654 -0.016461024060845375 -0.01099275890737772
v 0.028985504060983654 -0.006171020213514566 -0.01099275890737772
v 0.028985504060983654 -0.016461024060845375 -0.01099275890737772
v 0.030773974955081936 -0.006171020213514566 -0.00373663823120296
v 0.030773974955081936 -0.016461024060845375 -0.00373663823120296
v 0.030773974955081936 -0.006171020213514566 -0.00373663823120296
v 0.030773974955081936 -0.016461024060845375 -0.00373663823120296
v 0.030773974955081936 -0.006171020213514566 0.003736636834219098
v 0.030773974955081936 -0.016461024060845375 0.003736636834219098
v 0.030773974955081936 -0.006171020213514566 0.003736636834219098
v 0.030773974955081936 -0.016461024060845375 0.003736636834219098
v 0.028985504060983654 -0.006171020213514566 0.01099275704473257
v 0.028985504060983654 -0.016461024060845375 0.01099275704473257
v 0.028985504060983654 -0.006171020213514566 0.01099275704473257
v 0.028985504060983654 -0.016461024060845375 0.01099275704473257
v 0.025512497872114178 -0.006171020213514566 0.017610006034374237
v 0.025512497872114178 -0.016461024060845375 0.017610006034374237
v 0.025512497872114178 -0.006171020213514566 0.017610006034374237
v 0.025512497872114178 -0.016461024060845375 0.017610006034374237
v 0.02055680006742477 -0.006171020213514566 0.023203827440738678
v 0.02055680006742477 -0.016461024060845375 0.023203827440738678
v 0.02055680006742477 -0.006171020213514566 0.023203827440738678
v 0.02055680006742477 -0.016461024060845375 0.023203827440738678
v 0.014406417496502398 -0.006171020213514566 0.027449138462543488
v 0.014406417496502398 -0.016461024060845375 0.027449138462543488
v 0.014406417496502398 -0.006171020213514566 0.027449138462543488
v 0.014406417496502398 -0.016461024060845375 0.027449138462543488
v 0.0074187861755490294 -0.006171020213514566 0.030099190771579742
v 0.0074187861755490294 -0.016461024060845375 0.030099190771579742
v 0.0074187861755490294 -0.006171020213514566 0.030099190771579742
v 0.0074187861755490294 -0.016461024060845375 0.030099190771579742
v 7.627915521446481e-10 -0.006171020213514566 0.03099999576807022
v 7.627915521446481e-10 -0.016461024060845375 0.03099999576807022
v 0.03989960625767707 -0.009435120038688183 -0.10199999809265137
v 0.03709448128938674 -0.01746423728764057 -0.10199999809265137
v 0.027449134737253186 -0.01440641563385725 -0.10199999809265137
v 0.030099194496870037 0.007418786641210318 -0.10199999809265137
v 0.027449134737253186 0.0144064174965024 -0.10199999809265137
v 0.04069999977946281 0.0009999994654208422 -0.10199999809265137
v 0.030999999493360516 1.1817292699944915e-09 -0.10199999809265137
v 0.017610006034374234 0.02551249973475933 -0.10199999809265137
v 0.026884965598583218 0.03095478191971779 -0.10199999809265137
v 0.023203831166028973 0.020556801930069923 -0.10199999809265137
v 0.032693136483430855 0.024741845205426216 -0.10199999809265137
v 0.04098780453205108 0.0009999994654208422 -0.10199999809265137
v 0.03989960625767707 0.009435118176043034 -0.10199999809265137
v 0.03709448128938674 0.01746423728764057 -0.10199999809265137
v 0.023203831166028973 -0.020556801930069923 -0.10199999809265137
v -0.017610006034374234 -0.025512496009469032 -0.10199999809265137
v -0.027631968259811398 -0.03028983809053898 -0.10199999809265137
v -0.02320383489131927 -0.020556801930069923 -0.10199999809265137
v -0.03328686952590942 -0.023937085643410683 -0.10199999809265137
v -0.027449138462543484 -0.01440641563385725 -0.10199999809265137
v -0.03750940412282943 -0.016554297879338264 -0.10199999809265137
v -0.030099198222160336 -0.007418783847242594 -0.10199999809265137
v -0.04011785984039306 -0.008459153585135937 -0.10199999809265137
v -0.031000003218650814 1.1817292699944915e-09 -0.10199999809265137
v -0.041000001132488244 1.1817292699944915e-09 -0.10199999809265137
v -0.030099198222160336 0.007418786641210318 -0.10199999809265137
v -0.04011785984039306 0.008459151722490788 -0.10199999809265137
v -0.027449138462543484 0.0144064174965024 -0.10199999809265137
v -0.03750940412282943 0.016554297879338264 -0.10199999809265137
v -0.02320383489131927 0.020556801930069923 -0.10199999809265137
v 0.030099194496870037 -0.007418783847242594 -0.10199999809265137
v 0.04069999977946281 -0.001000000862404704 -0.10199999809265137
v 0.04098780453205108 -0.001000000862404704 -0.10199999809265137
v -0.03328686952590942 0.02393708936870098 -0.10199999809265137
v -0.027631968259811398 0.030289841815829277 -0.10199999809265137
v -0.017610006034374234 0.02551249973475933 -0.10199999809265137
v -0.020788021385669705 0.03533918783068657 -0.10199999809265137
v -0.010992749594151972 0.028985504060983658 -0.10199999809265137
v -0.013049549423158167 0.03886784240603447 -0.10199999809265137
v -0.0037366368342190977 0.03077397495508194 -0.10199999809265137
v -0.004749535582959651 0.04072397202253342 -0.10199999809265137
v 0.0037366382312029596 0.03077397495508194 -0.10199999809265137
v 0.0037548549007624383 0.04082769900560379 -0.10199999809265137
v 0.010992751456797121 0.028985504060983658 -0.10199999809265137
v 0.012097668834030626 0.03917456418275833 -0.10199999809265137
v 0.01991990581154823 0.03583569824695587 -0.10199999809265137
v 0.032693136483430855 -0.024741845205426216 -0.10199999809265137
v 0.026884965598583218 -0.03095478005707264 -0.10199999809265137
v 0.017610006034374234 -0.025512496009469032 -0.10199999809265137
v 0.01991990581154823 -0.03583570197224617 -0.10199999809265137
v 0.010992751456797121 -0.02898550219833851 -0.10199999809265137
v 0.012097668834030626 -0.03917456790804863 -0.10199999809265137
v 0.0037366382312029596 -0.03077397681772709 -0.10199999809265137
v 0.0037548549007624383 -0.04082770273089409 -0.10199999809265137
v -0.0037366368342190977 -0.03077397681772709 -0.10199999809265137
v -0.004749535582959651 -0.040723975747823715 -0.10199999809265137
v -0.010992749594151972 -0.02898550219833851 -0.10199999809265137
v -0.013049549423158167 -0.03886784240603447 -0.10199999809265137
v -0.020788021385669705 -0.03533918783068657 -0.10199999809265137
v 0.030099194496870037 -0.007418783847242594 -0.09200000017881393
v 0.027449134737253186 -0.01440641563385725 -0.09200000017881393
v -0.031000003218650814 1.1817292699944915e-09 -0.09200000017881393
v -0.027449138462543484 0.0144064174965024 -0.09200000017881393
v -0.02320383489131927 0.020556801930069923 -0.09200000017881393
v 0.030999999493360516 1.1817292699944915e-09 -0.09200000017881393
v 0.023203831166028973 -0.020556801930069923 -0.09200000017881393
v 0.017610006034374234 -0.025512496009469032 -0.09200000017881393
v -0.030099198222160336 -0.007418783847242594 -0.09200000017881393
v -0.027449138462543484 -0.01440641563385725 -0.09200000017881393
v -0.030099198222160336 0.007418786641210318 -0.09200000017881393
v 0.010992751456797121 -0.02898550219833851 -0.09200000017881393
v 0.0037366382312029596 -0.03077397681772709 -0.09200000017881393
v -0.0037366368342190977 -0.03077397681772709 -0.09200000017881393
v -0.017610006034374234 0.02551249973475933 -0.09200000017881393
v -0.010992749594151972 0.028985504060983658 -0.09200000017881393
v -0.0037366368342190977 0.03077397495508194 -0.09200000017881393
v 0.027449134737253186 0.0144064174965024 -0.09200000017881393
v 0.010992751456797121 0.028985504060983658 -0.09200000017881393
v 0.023203831166028973 0.020556801930069923 -0.09200000017881393
v 0.017610006034374234 0.02551249973475933 -0.09200000017881393
v 0.0037366382312029596 0.03077397495508194 -0.09200000017881393
v 0.030099194496870037 0.007418786641210318 -0.09200000017881393
v -0.010992749594151972 -0.02898550219833851 -0.09200000017881393
v -0.017610006034374234 -0.025512496009469032 -0.09200000017881393
v -0.02320383489131927 -0.020556801930069923 -0.09200000017881393
v -0.031000003218650814 1.1817292699944915e-09 -0.09200000017881393
v -0.031000003218650814 1.1817292699944915e-09 -0.10199999809265137
v -0.030099198222160336 0.007418786641210318 -0.09200000017881393
v -0.030099198222160336 0.007418786641210318 -0.10199999809265137
v -0.030099198222160336 0.007418786641210318 -0.09200000017881393
v -0.030099198222160336 0.007418786641210318 -0.10199999809265137
v -0.027449138462543484 0.0144064174965024 -0.09200000017881393
v -0.027449138462543484 0.0144064174965024 -0.10199999809265137
v -0.027449138462543484 0.0144064174965024 -0.09200000017881393
v -0.027449138462543484 0.0144064174965024 -0.10199999809265137
v -0.02320383489131927 0.020556801930069923 -0.09200000017881393
v -0.02320383489131927 0.020556801930069923 -0.10199999809265137
v -0.02320383489131927 0.020556801930069923 -0.09200000017881393
v -0.02320383489131927 0.020556801930069923 -0.10199999809265137
v -0.017610006034374234 0.02551249973475933 -0.09200000017881393
v -0.017610006034374234 0.02551249973475933 -0.10199999809265137
v -0.017610006034374234 0.02551249973475933 -0.09200000017881393
v -0.017610006034374234 0.02551249973475933 -0.10199999809265137
v -0.010992749594151972 0.028985504060983658 -0.09200000017881393
v -0.010992749594151972 0.028985504060983658 -0.10199999809265137
v -0.010992749594151972 0.028985504060983658 -0.09200000017881393
v -0.010992749594151972 0.028985504060983658 -0.10199999809265137
v -0.0037366368342190977 0.03077397495508194 -0.09200000017881393
v -0.0037366368342190977 0.03077397495508194 -0.10199999809265137
v -0.0037366368342190977 0.03077397495508194 -0.09200000017881393
v -0.0037366368342190977 0.03077397495508194 -0.10199999809265137
v 0.0037366382312029596 0.03077397495508194 -0.09200000017881393
v 0.0037366382312029596 0.03077397495508194 -0.10199999809265137
v 0.0037366382312029596 0.03077397495508194 -0.09200000017881393
v 0.0037366382312029596 0.03077397495508194 -0.10199999809265137
v 0.010992751456797121 0.028985504060983658 -0.09200000017881393
v 0.010992751456797121 0.028985504060983658 -0.10199999809265137
v 0.010992751456797121 0.028985504060983658 -0.09200000017881393
v 0.010992751456797121 0.028985504060983658 -0.10199999809265137
v 0.017610006034374234 0.02551249973475933 -0.09200000017881393
v 0.017610006034374234 0.02551249973475933 -0.10199999809265137
v 0.017610006034374234 0.02551249973475933 -0.09200000017881393
v 0.017610006034374234 0.02551249973475933 -0.10199999809265137
v 0.023203831166028973 0.020556801930069923 -0.09200000017881393
v 0.023203831166028973 0.020556801930069923 -0.10199999809265137
v 0.023203831166028973 0.020556801930069923 -0.09200000017881393
v 0.023203831166028973 0.020556801930069923 -0.10199999809265137
v 0.027449134737253186 0.0144064174965024 -0.09200000017881393
v 0.027449134737253186 0.0144064174965024 -0.10199999809265137
v 0.027449134737253186 0.0144064174965024 -0.09200000017881393
v 0.027449134737253186 0.0144064174965024 -0.10199999809265137
v 0.030099194496870037 0.007418786641210318 -0.09200000017881393
v 0.030099194496870037 0.007418786641210318 -0.10199999809265137
v 0.030099194496870037 0.007418786641210318 -0.09200000017881393
v 0.030099194496870037 0.007418786641210318 -0.10199999809265137
v 0.030999999493360516 1.1817292699944915e-09 -0.09200000017881393
v 0.030999999493360516 1.1817292699944915e-09 -0.10199999809265137
f 1 2 3
f 3 2 4
f 5 6 7
f 7 6 8
f 9 10 11
f 11 10 12
f 13 14 15
f 15 14 16
f 17 18 19
f 19 18 20
f 21 22 23
f 23 22 24
f 25 26 27
f 27 26 28
f 29 30 31
f 31 30 32
f 33 34 35
f 35 34 36
f 37 38 39
f 39 38 40
f 41 42 43
f 43 42 44
f 45 46 47
f 47 46 48
f 49 50 51
f 51 50 52
f 53 54 55
f 55 54 56
f 57 58 59
f 59 58 60
f 61 62 63
f 63 62 64
f 65 66 67
f 67 66 68
f 69 70 71
f 71 70 72
f 73 74 75
f 75 74 76
f 77 78 79
f 79 78 80
f 81 82 83
f 83 82 84
f 85 86 87
f 87 86 88
f 89 90 91
f 91 90 92
f 93 94 95
f 95 94 96
f 97 98 99
f 99 98 100
f 101 102 103
f 103 102 104
f 105 106 107
f 108 109 110
f 111 112 113
f 114 115 116
f 117 118 119
f 120 121 122
f 123 124 125
f 125 124 126
f 125 126 127
f 128 129 130
f 129 131 130
f 130 131 132
f 133 134 135
f 127 136 125
f 137 138 139
f 140 141 142
f 143 144 145
f 146 147 148
f 149 150 151
f 152 153 154
f 155 156 157
f 158 159 160
f 161 162 163
f 164 165 166
f 167 168 169
f 170 171 172
f 173 174 175
f 176 177 178
f 179 180 181
f 182 183 184
f 185 186 187
f 188 189 190
f 191 192 193
f 194 195 196
f 197 198 199
f 200 201 202
f 203 204 205
f 206 207 208
f 209 210 211
f 212 213 214
f 215 216 217
f 218 219 220
f 221 222 223
f 224 225 226
f 227 228 229
f 230 231 232
f 230 232 233
f 234 235 236
f 234 236 237
f 238 239 240
f 238 240 241
f 242 243 244
f 242 244 245
f 246 247 248
f 246 248 249
f 250 251 252
f 250 252 253
f 254 255 256
f 257 258 259
f 227 260 228
f 261 262 263
f 264 265 266
f 264 266 267
f 268 269 270
f 268 270 271
f 272 273 274
f 272 274 275
f 276 277 278
f 276 278 279
f 280 281 282
f 280 282 283
f 284 285 286
f 284 286 287
f 288 289 290
f 288 290 291
f 292 293 294
f 295 296 297
f 298 299 300
f 301 302 303
f 304 305 306
f 307 308 309
f 310 311 312
f 313 314 315
f 316 317 318
f 319 320 321
f 322 323 324
f 325 326 327
f 328 329 330
f 331 332 333
f 334 335 336
f 337 338 339
f 340 341 342
f 343 344 345
f 346 347 348
f 349 350 351
f 352 353 354
f 355 356 357
f 358 359 360
f 361 362 363
f 364 365 366
f 367 368 369
f 370 371 372
f 373 374 375
f 376 377 378
f 379 380 381
f 382 383 384
f 385 386 387
f 388 389 390
f 391 392 393
f 394 395 396
f 397 398 399
f 400 401 402
f 403 404 405
f 406 407 408
f 409 410 411
f 412 413 414
f 415 416 417
f 418 419 420
f 421 422 423
f 424 425 426
f 427 428 429
f 430 431 432
f 433 434 435
f 436 437 438
f 439 440 441
f 442 443 444
f 445 446 447
f 448 449 450
f 451 452 453
f 454 455 456
f 457 458 459
f 460 461 462
f 463 464 465
f 466 467 468
f 469 470 471
f 472 473 474
f 472 474 475
f 476 477 478
f 476 478 479
f 480 481 482
f 480 482 483
f 484 485 486
f 484 486 487
f 488 489 490
f 488 490 491
f 492 493 494
f 492 494 495
f 496 497 498
f 496 498 499
f 500 501 502
f 500 502 503
f 504 505 506
f 504 506 507
f 508 509 510
f 508 510 511
f 512 513 514
f 512 514 515
f 516 517 518
f 516 518 519
f 520 521 522
f 520 522 523
f 524 525 526
f 524 526 527
f 528 529 530
f 528 530 531
f 532 533 534
f 532 534 535
f 536 537 538
f 536 538 539
f 540 541 542
f 540 542 543
f 544 545 546
f 544 546 547
f 548 549 550
f 548 550 551
f 552 553 554
f 552 554 555
f 556 557 558
f 556 558 559
f 560 561 562
f 560 562 563
f 564 565 566
f 564 566 567
f 568 569 570
f 568 570 571
f 572 573 574
f 572 574 575
f 576 577 578
f 576 578 579
f 580 581 582
f 580 582 583
f 584 585 586
f 584 586 587
f 588 589 590
f 588 590 591
f 592 593 594
f 592 594 595
f 596 597 598
f 596 598 599
f 600 601 602
f 600 602 603
f 604 605 606
f 604 606 607
f 608 609 610
f 608 610 611
f 612 613 614
f 612 614 615
f 616 617 618
f 616 618 619
f 620 621 622
f 620 622 623
f 624 625 626
f 624 626 627
f 628 629 630
f 628 630 631
f 632 633 634
f 632 634 635
f 636 637 638
f 636 638 639
f 640 641 642
f 640 642 643
f 644 645 646
f 644 646 647
f 648 649 650
f 648 650 651
f 652 653 654
f 652 654 655
f 656 657 658
f 656 658 659
f 660 661 662
f 660 662 663
f 664 665 666
f 664 666 667
f 668 669 670
f 668 670 671
f 672 673 674
f 672 674 675
f 676 677 678
f 676 678 679
f 680 681 682
f 680 682 683
f 684 685 686
f 684 686 687
f 688 689 690
f 688 690 691
f 692 693 694
f 692 694 695
f 696 697 698
f 696 698 699
f 700 701 702
f 700 702 703
f 704 705 706
f 704 706 707
f 708 709 710
f 708 710 711
f 712 713 714
f 715 716 717
f 718 719 720
f 721 722 723
f 724 725 726
f 727 728 729
f 730 731 732
f 733 734 735
f 736 737 738
f 739 740 741
f 742 743 744
f 745 746 747
f 748 749 750
f 751 752 753
f 754 755 756
f 757 758 759
f 760 761 762
f 763 764 765
f 766 767 768
f 769 770 771
f 772 773 774
f 775 776 777
f 778 779 780
f 781 782 783
f 784 785 786
f 787 788 789
f 790 791 792
f 793 794 795
f 796 797 798
f 799 800 801
f 802 803 804
f 805 806 807
f 808 809 810
f 811 812 813
f 814 815 816
f 811 817 812
f 812 817 818
f 819 820 821
f 822 823 824
f 822 824 825
f 826 827 828
f 825 829 822
f 822 829 830
f 831 832 833
f 834 835 836
f 837 838 839
f 840 841 842
f 843 844 845
f 846 847 848
f 849 850 851
f 852 853 854
f 855 856 857
f 858 859 860
f 861 862 863
f 864 865 866
f 867 868 869
f 870 871 872
f 873 874 875
f 876 877 878
f 879 880 881
f 882 883 884
f 885 886 887
f 888 889 890
f 891 892 893
f 894 895 896
f 897 898 899
f 900 901 902
f 903 904 905
f 906 907 908
f 909 910 911
f 912 913 914
f 915 916 917
f 918 919 920
f 921 922 923
f 924 925 926
f 927 928 929
f 930 931 932
f 933 934 935
f 936 937 938
f 939 940 941
f 942 943 944
f 945 946 947
f 948 949 950
f 951 952 953
f 954 955 956
f 957 958 959
f 960 961 962
f 963 964 965
f 966 967 968
f 969 970 971
f 972 973 974
f 975 976 977
f 978 979 980
f 981 982 983
f 984 985 986
f 987 988 989
f 990 991 992
f 993 994 995
f 996 997 998
f 999 1000 1001
f 1002 1003 1004
f 1005 1006 1007
f 1008 1009 1010
f 1011 1012 1013
f 1014 1015 1016
f 1017 1018 1019
f 1020 1021 1022
f 1023 1024 1025
f 1026 1027 1028
f 1029 1030 1031
f 1032 1033 1034
f 1035 1036 1037
f 1038 1039 1040
f 1041 1042 1043
f 1044 1045 1046
f 1047 1048 1049
f 1050 1051 1052
f 1053 1054 1055
f 1056 1057 1058
f 1059 1060 1061
f 1062 1063 1064
f 1065 1066 1067
f 1068 1069 1070
f 1071 1072 1073
f 1074 1075 1076
f 1077 1078 1079
f 1080 1081 1082
f 1083 1084 1085
f 1086 1087 1088
f 1089 1090 1091
f 1092 1093 1094
f 1095 1096 1097
f 1098 1099 1100
f 1101 1102 1103
f 1104 1105 1106
f 1107 1108 1109
f 1110 1111 1112
f 1113 1114 1115
f 1116 1117 1118
f 1119 1120 1121
f 1122 1123 1124
f 1125 1126 1127
f 1128 1129 1130
f 1131 1132 1133
f 1134 1135 1136
f 1137 1138 1139
f 1140 1141 1142
f 1143 1144 1145
f 844 1146 845
f 1147 1148 1149
f 1150 1151 1152
f 1153 1154 1155
f 1156 1157 1158
f 1159 1160 1161
f 1162 1163 1164
f 1165 1166 1167
f 1168 1169 1170
f 1171 1172 1173
f 1174 1175 1176
f 1177 1178 1179
f 1180 1181 1182
f 1183 1184 1185
f 1186 1187 1188
f 1189 1190 1191
f 1192 1193 1194
f 1195 1196 1197
f 1198 1199 1200
f 1201 1202 1203
f 1204 1205 1206
f 1207 1208 1209
f 1210 1211 1212
f 1213 1214 1215
f 1216 1217 1218
f 1219 1220 1221
f 1222 1223 1224
f 1225 1226 1227
f 1228 1229 1230
f 1231 1232 1233
f 1234 1235 1236
f 1237 1238 1239
f 1240 1241 1242
f 1243 1244 1245
f 1246 1247 1248
f 1249 1250 1251
f 1252 1253 1254
f 1255 1256 1257
f 1258 1259 1260
f 1261 1262 1263
f 1264 1265 1266
f 1267 1268 1269
f 1270 1271 1272
f 1273 1274 1275
f 1276 1277 1278
f 1279 1280 1281
f 1282 1283 1284
f 1285 1286 1287
f 1288 1289 1290
f 1291 1292 1293
f 1294 1295 1296
f 1297 1298 1299
f 1300 1301 1302
f 1303 1304 1305
f 1306 1307 1308
f 1309 1310 1311
f 1312 1313 1314
f 1315 1316 1317
f 1318 1319 1320
f 1321 1322 1323
f 1324 1325 1326
f 1327 1328 1329
f 1330 1331 1332
f 1333 1334 1335
f 1336 1337 1338
f 1339 1340 1341
f 1342 1343 1344
f 1345 1346 1347
f 1348 1349 1350
f 1351 1352 1353
f 1354 1355 1356
f 1357 1358 1359
f 1360 1361 1362
f 1363 1364 1365
f 1366 1367 1368
f 1369 1370 1371
f 1372 1373 1374
f 1375 1376 1377
f 1378 1379 1380
f 1381 1382 1383
f 1384 1385 1386
f 1387 1388 1389
f 1390 1391 1392
f 1393 1394 1395
f 1396 1397 1398
f 1399 1400 1401
f 1402 1403 1404
f 1405 1406 1407
f 1408 1409 1410
f 1411 1412 1413
f 1414 1415 1416
f 1417 1418 1419
f 1420 1421 1422
f 1423 1424 1425
f 1426 1427 1428
f 1429 1430 1431
f 1432 1433 1434
f 1435 1436 1437
f 1438 1439 1440
f 1441 1442 1443
f 1444 1445 1446
f 1447 1448 1449
f 1450 1451 1452
f 1453 1454 1455
f 1456 1457 1458
f 1459 1460 1461
f 1462 1463 1464
f 1465 1466 1467
f 1468 1469 1470
f 1471 1472 1473
f 1474 1475 1476
f 1477 1478 1479
f 1480 1481 1482
f 1483 1484 1485
f 1486 1487 1488
f 1489 1490 1491
f 1492 1493 1494
f 1495 1496 1497
f 1498 1499 1500
f 1501 1502 1503
f 1504 1505 1506
f 1507 1508 1509
f 1510 1511 1512
f 1513 1514 1515
f 1516 1517 1518
f 1519 1520 1521
f 1522 1523 1524
f 1525 1526 1527
f 1528 1529 1530
f 1531 1532 1533
f 1534 1535 1536
f 1537 1538 1539
f 1540 1541 1542
f 1543 1544 1545
f 1546 1547 1548
f 1549 1550 1551
f 1552 1553 1554
f 1555 1556 1557
f 1558 1559 1560
f 1561 1562 1563
f 1564 1565 1566
f 1567 1568 1569
f 1570 1571 1572
f 1573 1574 1575
f 1576 1577 1578
f 1579 1580 1581
f 1582 1583 1584
f 1585 1586 1587
f 1588 1589 1590
f 1591 1592 1593
f 1594 1595 1596
f 1597 1598 1599
f 1600 1601 1602
f 1603 1604 1605
f 1606 1607 1608
f 1609 1610 1611
f 1612 1613 1614
f 1615 1616 1617
f 1618 1619 1620
f 1621 1622 1623
f 1624 1625 1626
f 1627 1628 1629
f 1630 1631 1632
f 1633 1634 1635
f 1636 1637 1638
f 1639 1640 1641
f 1642 1643 1644
f 1645 1646 1647
f 1648 1649 1650
f 1651 1652 1653
f 1654 1655 1656
f 1657 1658 1659
f 1660 1661 1662
f 1663 1664 1665
f 1666 1667 1668
f 1669 1670 1671
f 1672 1673 1674
f 1675 1676 1677
f 1678 1679 1680
f 1681 1682 1683
f 1684 1685 1686
f 1687 1688 1689
f 1690 1691 1692
f 1693 1694 1695
f 1696 1697 1698
f 1699 1700 1701
f 1702 1703 1704
f 1705 1706 1707
f 1708 1709 1710
f 1711 1712 1713
f 1714 1715 1716
f 1717 1718 1719
f 1720 1721 1722
f 1723 1724 1725
f 1726 1727 1728
f 1729 1730 1731
f 1732 1733 1734
f 1735 1736 1737
f 1738 1739 1740
f 1741 1742 1743
f 1744 1745 1746
f 1747 1748 1749
f 1750 1751 1752
f 1753 1754 1755
f 1756 1757 1758
f 1759 1760 1761
f 1762 1763 1764
f 1765 1766 1767
f 1768 1769 1770
f 1771 1772 1773
f 1774 1775 1776
f 1777 1778 1779
f 1780 1781 1782
f 1783 1784 1785
f 1786 1787 1788
f 1789 1790 1791
f 1792 1793 1794
f 1795 1796 1797
f 1798 1799 1800
f 1801 1802 1803
f 1804 1805 1806
f 1807 1808 1809
f 1810 1811 1812
f 1813 1814 1815
f 1816 1817 1818
f 1819 1820 1821
f 1822 1823 1824
f 1825 1826 1827
f 1828 1829 1830
f 1831 1832 1833
f 1834 1835 1836
f 1837 1838 1839
f 1840 1841 1842
f 850 1843 851
f 1844 1845 1846
f 1847 1848 1849
f 1850 1851 1852
f 1853 1854 1855
f 1856 1857 1858
f 1859 1860 1861
f 1862 1863 1864
f 1865 1866 1867
f 1868 1869 1870
f 1871 1872 1873
f 1874 1875 1876
f 1877 1878 1879
f 1880 1881 1882
f 1883 1884 1885
f 1886 1887 1888
f 1889 1890 1891
f 1892 1893 1894
f 1895 1896 1897
f 1898 1899 1900
f 1901 1902 1903
f 1904 1905 1906
f 1907 1908 1909
f 1910 1911 1912
f 1913 1914 1915
f 1916 1917 1918
f 1919 1920 1921
f 1922 1923 1924
f 1925 1926 1927
f 1928 1929 1930
f 1931 1932 1933
f 1934 1935 1936
f 1937 1938 1939
f 1940 1941 1942
f 1943 1944 1945
f 1946 1947 1948
f 1949 1950 1951
f 1952 1953 1954
f 1955 1956 1957
f 1958 1959 1960
f 1961 1962 1963
f 1964 1965 1966
f 1967 1968 1969
f 1970 1971 1972
f 1973 1974 1975
f 1976 1977 1978
f 1979 1980 1981
f 1982 1983 1984
f 1985 1986 1987
f 1988 1989 1990
f 1991 1992 1993
f 1994 1995 1996
f 1997 1998 1999
f 2000 2001 2002
f 2003 2004 2005
f 2006 2007 2008
f 2009 2010 2011
f 2012 2013 2014
f 2015 2016 2017
f 2018 2019 2020
f 2021 2022 2023
f 2024 2025 2026
f 2027 2028 2029
f 2030 2031 2032
f 2033 2034 2035
f 2036 2037 2038
f 2039 2040 2041
f 2042 2043 2044
f 2045 2046 2047
f 2048 2049 2050
f 2051 2052 2053
f 2054 2055 2056
f 2057 2058 2059
f 2060 2061 2062
f 2063 2064 2065
f 2066 2067 2068
f 2069 2070 2071
f 2072 2073 2074
f 2075 2076 2077
f 2078 2079 2080
f 2081 2082 2083
f 2084 2085 2086
f 2087 2088 2089
f 2090 2091 2092
f 2093 2094 2095
f 2096 2097 2098
f 2099 2100 2101
f 2102 2103 2104
f 2105 2106 2107
f 2108 2109 2110
f 2111 2112 2113
f 2114 2115 2116
f 2117 2118 2119
f 2120 2121 2122
f 2123 2124 2125
f 2126 2127 2128
f 2129 2130 2131
f 2132 2133 2134
f 2135 2136 2137
f 2138 2139 2140
f 2141 2142 2143
f 2144 2145 2146
f 2147 2148 2149
f 2150 2151 2152
f 2153 2154 2155
f 2156 2157 2158
f 2159 2160 2161
f 2162 2163 2164
f 2165 2166 2167
f 2168 2169 2170
f 2171 2172 2173
f 2174 2175 2176
f 2177 2178 2179
f 2180 2181 2182
f 2183 2184 2185
f 2186 2187 2188
f 2189 2190 2191
f 2192 2193 2194
f 2195 2196 2197
f 2198 2199 2200
f 2201 2202 2203
f 2204 2205 2206
f 2207 2208 2209
f 2210 2211 2212
f 2213 2214 2215
f 2216 2217 2218
f 2219 2220 2221
f 2222 2223 2224
f 2225 2226 2227
f 2228 2229 2230
f 2231 2232 2233
f 2234 2235 2236
f 2237 2238 2239
f 2240 2241 2242
f 2243 2244 2245
f 2246 2247 2248
f 2249 2250 2251
f 2252 2253 2254
f 2255 2256 2257
f 2258 2259 2260
f 2261 2262 2263
f 2264 2265 2266
f 2267 2268 2269
f 2270 2271 2272
f 2273 2274 2275
f 2276 2277 2278
f 2279 2280 2281
f 2282 2283 2284
f 2285 2286 2287
f 2288 2289 2290
f 2291 2292 2293
f 2294 2295 2296
f 2297 2298 2299
f 2300 2301 2302
f 2303 2304 2305
f 2306 2307 2308
f 2309 2310 2311
f 2312 2313 2314
f 2315 2316 2317
f 2318 2319 2320
f 2321 2322 2323
f 2324 2325 2326
f 2327 2328 2329
f 2330 2331 2332
f 2333 2334 2335
f 2336 2337 2338
f 2339 2340 2341
f 2342 2343 2344
f 2345 2346 2347
f 2348 2349 2350
f 2351 2352 2353
f 2354 2355 2356
f 2357 2358 2359
f 2360 2361 2362
f 2363 2364 2365
f 2366 2367 2368
f 2369 2370 2371
f 2372 2373 2374
f 2375 2376 2377
f 2378 2379 2380
f 2381 2382 2383
f 2384 2385 2386
f 2387 2388 2389
f 2390 2391 2392
f 2393 2394 2395
f 2396 2397 2398
f 2399 2400 2401
f 2402 2403 2404
f 2405 2406 2407
f 2408 2409 2410
f 2411 2412 2413
f 2414 2415 2416
f 2417 2418 2419
f 2420 2421 2422
f 2423 2424 2425
f 2426 2427 2428
f 2429 2430 2431
f 2432 2433 2434
f 2435 2436 2437
f 2438 2439 2440
f 2441 2442 2443
f 2443 2442 2444
f 2443 2444 2445
f 2445 2444 2446
f 2445 2446 2447
f 2447 2446 2448
f 2447 2448 2449
f 2450 2451 2452
f 2451 2450 2453
f 2453 2450 2454
f 2453 2454 2455
f 2441 2443 2456
f 2456 2443 2457
f 2456 2457 2458
f 2455 2454 2459
f 2459 2454 2460
f 2459 2460 2461
f 2461 2460 2462
f 2462 2460 2463
f 2462 2463 2464
f 2465 2466 2463
f 2463 2466 2467
f 2463 2467 2464
f 2468 2469 2470
f 2470 2469 2471
f 2470 2471 2472
f 2472 2471 2473
f 2472 2473 2474
f 2474 2473 2475
f 2474 2475 2476
f 2476 2475 2477
f 2476 2477 2478
f 2479 2480 2481
f 2482 2483 2484
f 2485 2486 2487
f 2488 2489 2490
f 2491 2492 2493
f 2494 2495 2496
f 2477 2497 2478
f 2478 2497 2498
f 2478 2498 2499
f 2499 2498 2500
f 2499 2500 2501
f 2501 2500 2502
f 2501 2502 2503
f 2503 2502 2504
f 2503 2504 2505
f 2505 2504 2506
f 2505 2506 2507
f 2507 2506 2508
f 2507 2508 2509
f 2509 2508 2510
f 2509 2510 2465
f 2465 2510 2511
f 2465 2511 2466
f 2512 2513 2514
f 2515 2516 2517
f 2518 2519 2520
f 2521 2522 2523
f 2524 2525 2526
f 2527 2528 2529
f 2530 2531 2532
f 2533 2534 2535
f 2536 2537 2538
f 2539 2540 2541
f 2542 2543 2544
f 2545 2546 2547
f 2452 2548 2450
f 2450 2548 2549
f 2450 2549 2457
f 2457 2549 2550
f 2457 2550 2458
f 2551 2552 2553
f 2554 2555 2556
f 2557 2558 2559
f 2560 2561 2562
f 2563 2564 2565
f 2566 2567 2568
f 2569 2570 2571
f 2516 2572 2573
f 2573 2572 2574
f 2573 2574 2575
f 2575 2574 2576
f 2575 2576 2468
f 2468 2576 2577
f 2468 2577 2469
f 2578 2579 2580
f 2581 2582 2583
f 2584 2585 2586
f 2587 2588 2589
f 2590 2591 2592
f 2593 2594 2595
f 2596 2597 2598
f 2599 2600 2601
f 2602 2603 2604
f 2605 2606 2607
f 2608 2609 2610
f 2611 2612 2613
f 2614 2615 2616
f 2617 2618 2619
f 2620 2621 2622
f 2623 2624 2625
f 2626 2627 2628
f 2629 2630 2631
f 2632 2633 2634
f 2635 2636 2637
f 2638 2639 2640
f 2641 2642 2643
f 2644 2645 2646
f 2647 2648 2649
f 2650 2651 2652
f 2653 2654 2655
f 2656 2657 2658
f 2659 2660 2661
f 2662 2663 2664
f 2665 2666 2667
f 2668 2669 2670
f 2671 2672 2673
f 2674 2675 2676
f 2677 2678 2679
f 2680 2681 2682
f 2683 2684 2685
f 2686 2687 2688
f 2689 2690 2691
f 2692 2693 2694
f 2695 2696 2697
f 2698 2699 2700
f 2701 2702 2703
f 2704 2705 2706
f 2707 2708 2709
f 2710 2711 2712
f 2713 2714 2715
f 2716 2717 2718
f 2719 2720 2721
f 2722 2723 2724
f 2725 2726 2727
f 2728 2729 2730
f 2731 2732 2733
f 2734 2735 2736
f 2737 2738 2739
f 2740 2741 2742
f 2743 2744 2745
f 2746 2747 2748
f 2598 2749 2596
f 2750 2751 2752
f 2753 2754 2755
f 2756 2757 2758
f 2759 2760 2761
f 2762 2763 2764
f 2765 2766 2767
f 2768 2769 2770
f 2771 2772 2773
f 2774 2775 2776
f 2777 2778 2779
f 2780 2781 2782
f 2783 2784 2785
f 2786 2787 2788
f 2789 2790 2791
f 2792 2793 2794
f 2795 2796 2797
f 2798 2799 2800
f 2801 2802 2803
f 2804 2805 2806
f 2807 2808 2809
f 2810 2811 2812
f 2813 2814 2815
f 2816 2817 2818
f 2819 2820 2821
f 2822 2823 2824
f 2825 2826 2827
f 2828 2829 2830
f 2831 2832 2833
f 2834 2835 2836
f 2837 2838 2839
f 2840 2841 2842
f 2843 2844 2845
f 2846 2847 2848
f 2849 2850 2851
f 2852 2853 2854
f 2855 2856 2857
f 2858 2859 2860
f 2861 2862 2863
f 2864 2865 2866
f 2867 2868 2869
f 2870 2871 2872
f 2873 2874 2875
f 2876 2877 2878
f 2879 2880 2881
f 2882 2883 2884
f 2885 2886 2887
f 2888 2889 2890
f 2891 2892 2893
f 2894 2895 2896
f 2897 2898 2899
f 2900 2901 2902
f 2903 2904 2905
f 2906 2907 2908
f 2909 2910 2911
f 2912 2913 2914
f 2915 2916 2917
f 2918 2919 2920
f 2921 2922 2923
f 2924 2925 2926
f 2927 2928 2929
f 2930 2931 2932
f 2933 2934 2935
f 2936 2937 2938
f 2939 2940 2941
f 2942 2943 2944
f 2945 2946 2947
f 2948 2949 2950
f 2951 2952 2953
f 2954 2955 2956
f 2957 2958 2959
f 2960 2961 2962
f 2963 2964 2965
f 2966 2967 2968
f 2969 2970 2971
f 2972 2973 2974
f 2975 2976 2977
f 2978 2979 2980
f 2981 2982 2983
f 2984 2985 2986
f 2987 2988 2989
f 2990 2991 2992
f 2993 2994 2995
f 2996 2997 2998
f 2999 3000 3001
f 3002 3003 3004
f 3005 3006 3007
f 3008 3009 3010
f 3011 3012 3013
f 3014 3015 3016
f 3017 3018 3019
f 3020 3021 3022
f 3023 3024 3025
f 3026 3027 3028
f 3029 3030 3031
f 3032 3033 3034
f 3035 3036 3037
f 3038 3039 3040
f 3041 3042 3043
f 3044 3045 3046
f 3047 3048 3049
f 3050 3051 3052
f 3053 3054 3055
f 3056 3057 3058
f 3059 3060 3061
f 3062 3063 3064
f 3065 3066 3067
f 3068 3069 3070
f 3071 3072 3073
f 3074 3075 3076
f 3077 3078 3079
f 3080 3081 3082
f 3083 3084 3085
f 3086 3087 3088
f 3089 3090 3091
f 3092 3093 3094
f 3095 3096 3097
f 3098 3099 3100
f 3101 3102 3103
f 3104 3105 3106
f 3107 3108 3109
f 3110 3111 3112
f 3113 3114 3115
f 3116 3117 3118
f 3119 3120 3121
f 3122 3123 3124
f 3125 3126 3127
f 3128 3129 3130
f 3131 3132 3133
f 3134 3135 3136
f 3137 3138 3139
f 3140 3141 3142
f 3143 3144 3145
f 3146 3147 3148
f 3149 3150 3151
f 3152 3153 3154
f 3155 3156 3157
f 3158 3159 3160
f 3161 3162 3163
f 3164 3165 3166
f 3167 3168 3169
f 3170 3171 3172
f 3173 3174 3175
f 3176 3177 3178
f 3179 3180 3181
f 3182 3183 3184
f 3185 3186 3187
f 3188 3189 3190
f 3191 3192 3193
f 3194 3195 3196
f 3197 3198 3199
f 3200 3201 3202
f 3203 3204 3205
f 3206 3207 3208
f 3209 3210 3211
f 3212 3213 3214
f 3215 3216 3217
f 3218 3219 3220
f 3221 3222 3223
f 3224 3225 3226
f 3227 3228 3229
f 3230 3231 3232
f 3233 3234 3235
f 3236 3237 3238
f 3239 3240 3241
f 3242 3243 3244
f 3245 3246 3247
f 3248 3249 3250
f 3251 3252 3253
f 3254 3255 3256
f 3257 3258 3259
f 3260 3261 3262
f 3263 3264 3265
f 3266 3267 3268
f 3269 3270 3271
f 3272 3273 3274
f 3275 3276 3277
f 3278 3279 3280
f 3281 3282 3283
f 3284 3285 3286
f 3287 3288 3289
f 3290 3291 3292
f 3293 3294 3295
f 3296 3297 3298
f 3299 3300 3301
f 3302 3303 3304
f 3305 3306 3307
f 3308 3309 3310
f 3311 3312 3313
f 3314 3315 3316
f 3317 3318 3319
f 3320 3321 3322
f 3323 3324 3325
f 3326 3327 3328
f 3329 3330 3331
f 3332 3333 3334
f 3335 3336 3337
f 3337 3336 3338
f 3339 3340 3341
f 3342 3343 3344
f 3345 3346 3347
f 3348 3349 3350
f 3351 3352 3353
f 3354 3355 3356
f 3357 3358 3359
f 3360 3361 3362
f 3363 3364 3365
f 3366 3367 3368
f 3369 3370 3371
f 3372 3373 3374
f 3375 3376 3377
f 3378 3379 3380
f 3381 3382 3383
f 3384 3385 3386
f 3387 3388 3389
f 3390 3391 3392
f 3393 3394 3395
f 3396 3397 3398
f 3399 3400 3401
f 3402 3403 3404
f 3405 3406 3407
f 3408 3409 3410
f 3411 3412 3413
f 3414 3415 3416
f 3417 3418 3419
f 3420 3421 3422
f 3423 3424 3425
f 3426 3427 3428
f 3429 3430 3431
f 3432 3433 3434
f 3435 3436 3437
f 3438 3439 3440
f 3441 3442 3443
f 3444 3445 3446
f 3447 3448 3449
f 3450 3451 3452
f 3453 3454 3455
f 3456 3457 3458
f 3459 3460 3461
f 3462 3463 3464
f 3465 3466 3467
f 3468 3469 3470
f 3471 3472 3473
f 3474 3475 3476
f 3477 3478 3479
f 3480 3481 3482
f 3483 3484 3485
f 3486 3487 3488
f 3489 3490 3491
f 3492 3493 3494
f 3495 3496 3497
f 3498 3499 3500
f 3501 3502 3503
f 3504 3505 3506
f 3507 3508 3509
f 3510 3511 3512
f 3513 3514 3515
f 3516 3517 3518
f 3519 3520 3521
f 3522 3523 3524
f 3525 3526 3527
f 3528 3529 3530
f 3531 3532 3533
f 3534 3535 3536
f 3537 3538 3539
f 3540 3541 3542
f 3543 3544 3545
f 3546 3547 3548
f 3549 3550 3551
f 3552 3553 3554
f 3555 3556 3557
f 3558 3559 3560
f 3561 3562 3563
f 3564 3565 3566
f 3567 3568 3569
f 3570 3571 3572
f 3573 3574 3575
f 3576 3577 3578
f 3579 3580 3581
f 3582 3583 3584
f 3585 3586 3587
f 3588 3589 3590
f 3591 3592 3593
f 3594 3595 3596
f 3597 3598 3599
f 3600 3601 3602
f 3603 3604 3605
f 3606 3607 3608
f 3609 3610 3611
f 3612 3613 3614
f 3615 3616 3617
f 3618 3619 3620
f 3621 3622 3623
f 3624 3625 3626
f 3627 3628 3629
f 3630 3631 3632
f 3633 3634 3635
f 3636 3637 3638
f 3639 3640 3641
f 3642 3643 3644
f 3645 3646 3647
f 3648 3649 3650
f 3651 3652 3653
f 3654 3655 3656
f 3657 3658 3659
f 3660 3661 3662
f 3663 3664 3665
f 3666 3667 3668
f 3669 3670 3671
f 3672 3673 3674
f 3675 3676 3677
f 3678 3679 3680
f 3681 3682 3683
f 3684 3685 3686
f 3687 3688 3689
f 3690 3691 3692
f 3693 3694 3695
f 3696 3697 3698
f 3699 3700 3701
f 3702 3703 3704
f 3705 3706 3707
f 3708 3709 3710
f 3711 3712 3713
f 3714 3715 3716
f 3717 3718 3719
f 3720 3721 3722
f 3723 3724 3725
f 3726 3727 3728
f 3729 3730 3731
f 3732 3733 3734
f 3735 3736 3737
f 3738 3739 3740
f 3741 3742 3743
f 3744 3745 3746
f 3747 3748 3749
f 3750 3751 3752
f 3753 3754 3755
f 3756 3757 3758
f 3759 3760 3761
f 3762 3763 3764
f 3765 3766 3767
f 3768 3769 3770
f 3771 3772 3773
f 3774 3775 3776
f 3777 3778 3779
f 3780 3781 3782
f 3783 3784 3785
f 3786 3787 3788
f 3789 3790 3791
f 3792 3793 3794
f 3795 3796 3797
f 3798 3799 3800
f 3801 3802 3803
f 3804 3805 3806
f 3807 3808 3809
f 3810 3811 3812
f 3813 3814 3815
f 3816 3817 3818
f 3819 3820 3821
f 3822 3823 3824
f 3825 3826 3827
f 3828 3829 3830
f 3831 3832 3833
f 3834 3835 3836
f 3837 3838 3839
f 3840 3841 3842
f 3843 3844 3845
f 3846 3847 3848
f 3849 3850 3851
f 3852 3853 3854
f 3855 3856 3857
f 3858 3859 3860
f 3861 3862 3863
f 3864 3865 3866
f 3867 3868 3869
f 3870 3871 3872
f 3873 3874 3875
f 3876 3877 3878
f 3879 3880 3881
f 3882 3883 3884
f 3885 3886 3887
f 3888 3889 3890
f 3891 3892 3893
f 3894 3895 3896
f 3897 3898 3899
f 3900 3901 3902
f 3903 3904 3905
f 3906 3907 3908
f 3909 3910 3911
f 3912 3913 3914
f 3915 3916 3917
f 3918 3919 3920
f 3921 3922 3923
f 3924 3925 3926
f 3927 3928 3929
f 3930 3931 3932
f 3933 3934 3935
f 3936 3937 3938
f 3939 3940 3941
f 3942 3943 3944
f 3945 3946 3947
f 3948 3949 3950
f 3951 3952 3953
f 3954 3955 3956
f 3957 3958 3959
f 3960 3961 3962
f 3963 3964 3965
f 3966 3967 3968
f 3969 3970 3971
f 3972 3973 3974
f 3975 3976 3977
f 3978 3979 3980
f 3981 3982 3983
f 3984 3985 3986
f 3987 3988 3989
f 3990 3991 3992
f 3993 3994 3995
f 3996 3997 3998
f 3999 4000 4001
f 4002 4003 4004
f 4005 4006 4007
f 4008 4009 4010
f 4011 4012 4013
f 4014 4015 4016
f 4017 4018 4019
f 4020 4021 4022
f 4023 4024 4025
f 4026 4027 4028
f 4029 4030 4031
f 4032 4033 4034
f 4035 4036 4037
f 4038 4039 4040
f 4041 4042 4043
f 4044 4045 4046
f 4047 4048 4049
f 4050 4051 4052
f 4053 4054 4055
f 4056 4057 4058
f 4059 4060 4061
f 4062 4063 4064
f 4065 4066 4067
f 4068 4069 4070
f 4071 4072 4073
f 4074 4075 4076
f 4077 4078 4079
f 4080 4081 4082
f 4083 4084 4085
f 4086 4087 4088
f 4089 4090 4091
f 4092 4093 4094
f 4095 4096 4097
f 4098 4099 4100
f 4101 4102 4103
f 4104 4105 4106
f 4107 4108 4109
f 4110 4111 4112
f 4113 4114 4115
f 4116 4117 4118
f 4119 4120 4121
f 4122 4123 4124
f 4125 4126 4127
f 4128 4129 4130
f 4131 4132 4133
f 4134 4135 4136
f 4137 4138 4139
f 4140 4141 4142
f 4143 4144 4145
f 4146 4147 4148
f 4149 4150 4151
f 4152 4153 4154
f 4155 4156 4157
f 4158 4159 4160
f 4161 4162 4163
f 4164 4165 4166
f 4167 4168 4169
f 4170 4171 4172
f 4173 4174 4175
f 4176 4177 4178
f 4179 4180 4181
f 4182 4183 4184
f 4185 4186 4187
f 4188 4189 4190
f 4191 4192 4193
f 4194 4195 4196
f 4197 4198 4199
f 4200 4201 4202
f 4203 4204 4205
f 4206 4207 4208
f 4209 4210 4211
f 4212 4213 4214
f 4215 4216 4217
f 4218 4219 4220
f 4221 4222 4223
f 4224 4225 4226
f 4227 4228 4229
f 4230 4231 4232
f 4233 4234 4235
f 4236 4237 4238
f 4239 4240 4241
f 4242 4243 4244
f 4245 4246 4247
f 4248 4249 4250
f 4251 4252 4253
f 4254 4255 4256
f 4257 4258 4259
f 4260 4261 4262
f 4263 4264 4265
f 4266 4267 4268
f 4269 4270 4271
f 4272 4273 4274
f 4275 4276 4277
f 4278 4279 4280
f 4281 4282 4283
f 4284 4285 4286
f 4287 4288 4289
f 4290 4291 4292
f 4293 4294 4295
f 4296 4297 4298
f 4299 4300 4301
f 4302 4303 4304
f 4305 4306 4307
f 4308 4309 4310
f 4311 4312 4313
f 4314 4315 4316
f 4317 4318 4319
f 4320 4321 4322
f 4323 4324 4325
f 4326 4327 4328
f 4329 4330 4331
f 4332 4333 4334
f 4335 4336 4337
f 4338 4339 4340
f 4341 4342 4343
f 4344 4345 4346
f 4347 4348 4349
f 4350 4351 4352
f 4353 4354 4355
f 4356 4357 4358
f 4359 4360 4361
f 4362 4363 4364
f 4365 4366 4367
f 4368 4369 4370
f 4371 4372 4373
f 4374 4375 4376
f 4377 4378 4379
f 4380 4381 4382
f 4383 4384 4385
f 4386 4387 4388
f 4389 4390 4391
f 4392 4393 4394
f 4395 4396 4397
f 4398 4399 4400
f 4401 4402 4403
f 4404 4405 4406
f 4407 4408 4409
f 4410 4411 4412
f 4413 4414 4415
f 4416 4417 4418
f 4419 4420 4421
f 4422 4423 4424
f 4425 4426 4427
f 4428 4429 4430
f 4431 4432 4433
f 4434 4435 4436
f 4437 4438 4439
f 4440 4441 4442
f 4443 4444 4445
f 4446 4447 4448
f 4449 4450 4451
f 4452 4453 4454
f 4455 4456 4457
f 4458 4459 4460
f 4461 4462 4463
f 4464 4465 4466
f 4467 4468 4469
f 4470 4471 4472
f 4473 4474 4475
f 4476 4477 4478
f 4479 4480 4481
f 4482 4483 4484
f 4485 4486 4487
f 4488 4489 4490
f 4491 4492 4493
f 4494 4495 4496
f 4497 4498 4499
f 4500 4501 4502
f 4503 4504 4505
f 4506 4507 4508
f 4509 4510 4511
f 4512 4513 4514
f 4515 4516 4517
f 4518 4519 4520
f 4521 4522 4523
f 4524 4525 4526
f 4527 4528 4529
f 4530 4531 4532
f 4533 4534 4535
f 4536 4537 4538
f 4539 4540 4541
f 4542 4543 4544
f 4545 4546 4547
f 4548 4549 4550
f 4551 4552 4553
f 4554 4555 4556
f 4557 4558 4559
f 4560 4561 4562
f 4563 4564 4565
f 4566 4567 4568
f 4569 4570 4571
f 4572 4573 4574
f 4575 4576 4577
f 4578 4579 4580
f 4581 4582 4583
f 4584 4585 4586
f 4587 4588 4589
f 4590 4591 4592
f 4593 4594 4595
f 4596 4597 4598
f 4599 4600 4601
f 4602 4603 4604
f 4605 4606 4607
f 4608 4609 4610
f 4611 4612 4613
f 4614 4615 4616
f 4617 4618 4619
f 4620 4621 4622
f 4623 4624 4625
f 4626 4627 4628
f 4629 4630 4631
f 4632 4633 4634
f 4635 4636 4637
f 4638 4639 4640
f 4641 4642 4643
f 4644 4645 4646
f 4647 4648 4649
f 4650 4651 4652
f 4653 4654 4655
f 4656 4657 4658
f 4659 4660 4661
f 4662 4663 4664
f 4665 4666 4667
f 4668 4669 4670
f 4671 4672 4673
f 4674 4675 4676
f 4677 4678 4679
f 4680 4681 4682
f 4683 4684 4685
f 4686 4687 4688
f 4689 4690 4691
f 4692 4693 4694
f 4695 4696 4697
f 4698 4699 4700
f 4701 4702 4703
f 4704 4705 4706
f 4707 4708 4709
f 4710 4711 4712
f 4713 4714 4715
f 4716 4717 4718
f 4719 4720 4721
f 4722 4723 4724
f 4725 4726 4727
f 4728 4729 4730
f 4731 4732 4733
f 4734 4735 4736
f 4737 4738 4739
f 4740 4741 4742
f 4743 4744 4745
f 4746 4747 4748
f 4749 4750 4751
f 4752 4753 4754
f 4755 4756 4757
f 4758 4759 4760
f 4761 4762 4763
f 4764 4765 4766
f 4767 4768 4769
f 4770 4771 4772
f 4773 4774 4775
f 4776 4777 4778
f 4779 4780 4781
f 4782 4783 4784
f 4785 4786 4787
f 4788 4789 4790
f 4791 4792 4793
f 4794 4795 4796
f 4797 4798 4799
f 4800 4801 4802
f 4803 4804 4805
f 4806 4807 4808
f 4809 4810 4811
f 4812 4813 4814
f 4815 4816 4817
f 4818 4819 4820
f 4821 4822 4823
f 4824 4825 4826
f 4827 4828 4829
f 4830 4831 4832
f 4833 4834 4835
f 4836 4837 4838
f 4839 4840 4841
f 4842 4843 4844
f 4845 4846 4847
f 4848 4849 4850
f 4851 4852 4853
f 4854 4855 4856
f 4857 4858 4859
f 4860 4861 4862
f 4863 4864 4865
f 4866 4867 4868
f 4869 4870 4871
f 4872 4873 4874
f 4875 4876 4877
f 4878 4879 4880
f 4881 4882 4883
f 4884 4885 4886
f 4887 4888 4889
f 4890 4891 4892
f 4893 4894 4895
f 4896 4897 4898
f 4899 4900 4901
f 4902 4903 4904
f 4905 4906 4907
f 4908 4909 4910
f 4911 4912 4913
f 4914 4915 4916
f 4917 4918 4919
f 4920 4921 4922
f 4923 4924 4925
f 4926 4927 4928
f 4929 4930 4931
f 4932 4933 4934
f 4935 4936 4937
f 4938 4939 4940
f 4941 4942 4943
f 4944 4945 4946
f 4947 4948 4949
f 4950 4951 4952
f 4953 4954 4955
f 4956 4957 4958
f 4959 4960 4961
f 4962 4963 4964
f 4965 4966 4967
f 4968 4969 4970
f 4971 4972 4973
f 4974 4975 4976
f 4977 4978 4979
f 4980 4981 4982
f 4983 4984 4985
f 4986 4987 4988
f 4989 4990 4991
f 4992 4993 4994
f 4995 4996 4997
f 4998 4999 5000
f 5001 5002 5003
f 5004 5005 5006
f 5007 5008 5009
f 5010 5011 5012
f 5013 5014 5015
f 5016 5017 5018
f 5019 5020 5021
f 5022 5023 5024
f 5025 5026 5027
f 5028 5029 5030
f 5031 5032 5033
f 5034 5035 5036
f 5037 5038 5039
f 5040 5041 5042
f 5043 5044 5045
f 5046 5047 5048
f 5049 5050 5051
f 5052 5053 5054
f 5055 5056 5057
f 5058 5059 5060
f 5061 5062 5063
f 5064 5065 5066
f 5067 5068 5069
f 5070 5071 5072
f 5073 5074 5075
f 5076 5077 5078
f 5079 5080 5081
f 5082 5083 5084
f 5085 5086 5087
f 5088 5089 5090
f 5091 5092 5093
f 5094 5095 5096
f 5097 5098 5099
f 5100 5101 5102
f 5103 5104 5105
f 5106 5107 5108
f 5109 5110 5111
f 5112 5113 5114
f 5115 5116 5117
f 5118 5119 5120
f 5121 5122 5123
f 5124 5125 5126
f 5127 5128 5129
f 5130 5131 5132
f 5133 5134 5135
f 5136 5137 5138
f 5139 5140 5141
f 5142 5143 5144
f 5145 5146 5147
f 5148 5149 5150
f 5151 5152 5153
f 5154 5155 5156
f 5157 5158 5159
f 5160 5161 5162
f 5163 5164 5165
f 5166 5167 5168
f 5169 5170 5171
f 5172 5173 5174
f 5175 5176 5177
f 5178 5179 5180
f 5181 5182 5183
f 5184 5185 5186
f 5187 5188 5189
f 5190 5191 5192
f 5193 5194 5195
f 5196 5197 5198
f 5199 5200 5201
f 5202 5203 5204
f 5205 5206 5207
f 5208 5209 5210
f 5211 5212 5213
f 5214 5215 5216
f 5217 5218 5219
f 5220 5221 5222
f 5223 5224 5225
f 5226 5227 5228
f 5229 5230 5231
f 5232 5233 5234
f 5235 5236 5237
f 5238 5239 5240
f 5241 5242 5243
f 5244 5245 5246
f 5247 5248 5249
f 5250 5251 5252
f 5253 5254 5255
f 5256 5257 5258
f 5259 5260 5261
f 5262 5263 5264
f 5265 5266 5267
f 5268 5269 5270
f 5271 5272 5273
f 5274 5275 5276
f 5277 5278 5279
f 5280 5281 5282
f 5283 5284 5285
f 5286 5287 5288
f 5289 5290 5291
f 5292 5293 5294
f 5295 5296 5297
f 5298 5299 5300
f 5301 5302 5303
f 5304 5305 5306
f 5307 5308 5309
f 5310 5311 5312
f 5313 5314 5315
f 5316 5317 5318
f 5319 5320 5321
f 5322 5323 5324
f 5325 5326 5327
f 5328 5329 5330
f 5331 5332 5333
f 5334 5335 5336
f 5337 5338 5339
f 5340 5341 5342
f 5343 5344 5345
f 5346 5347 5348
f 5349 5350 5351
f 5352 5353 5354
f 5355 5356 5357
f 5358 5359 5360
f 5361 5362 5363
f 5364 5365 5366
f 5367 5368 5369
f 5370 5371 5372
f 5373 5374 5375
f 5376 5377 5378
f 5379 5380 5381
f 5382 5383 5384
f 5385 5386 5387
f 5388 5389 5390
f 5391 5392 5393
f 5394 5395 5396
f 5397 5398 5399
f 5400 5401 5402
f 5403 5404 5405
f 5406 5407 5408
f 5409 5410 5411
f 5412 5413 5414
f 5415 5416 5417
f 5418 5419 5420
f 5421 5422 5423
f 5424 5425 5426
f 5427 5428 5429
f 5430 5431 5432
f 5433 5434 5435
f 5436 5437 5438
f 5439 5440 5441
f 5442 5443 5444
f 5445 5446 5447
f 5448 5449 5450
f 5451 5452 5453
f 5454 5455 5456
f 5457 5458 5459
f 5460 5461 5462
f 5463 5464 5465
f 5466 5467 5468
f 5469 5470 5471
f 5472 5473 5474
f 5475 5476 5477
f 5478 5479 5480
f 5481 5482 5483
f 5484 5485 5486
f 5487 5488 5489
f 5490 5491 5492
f 5493 5494 5495
f 5496 5497 5498
f 5499 5500 5501
f 5502 5503 5504
f 5505 5506 5507
f 5508 5509 5510
f 5511 5512 5513
f 5514 5515 5516
f 5517 5518 5519
f 5520 5521 5522
f 5523 5524 5525
f 5526 5527 5528
f 5529 5530 5531
f 5532 5533 5534
f 5535 5536 5537
f 5538 5539 5540
f 5541 5542 5543
f 5544 5545 5546
f 5547 5548 5549
f 5550 5551 5552
f 5553 5554 5555
f 5556 5557 5558
f 5559 5560 5561
f 5562 5563 5564
f 5565 5566 5567
f 5568 5569 5570
f 5571 5572 5573
f 5574 5575 5576
f 5577 5578 5579
f 5580 5581 5582
f 5583 5584 5585
f 5586 5587 5588
f 5589 5590 5591
f 5592 5593 5594
f 5595 5596 5597
f 5598 5599 5600
f 5601 5602 5603
f 5604 5605 5606
f 5607 5608 5609
f 5610 5611 5612
f 5613 5614 5615
f 5616 5617 5618
f 5619 5620 5621
f 5622 5623 5624
f 5625 5626 5627
f 5628 5629 5630
f 5631 5632 5633
f 5634 5635 5636
f 5637 5638 5639
f 5640 5641 5642
f 5643 5644 5645
f 5646 5647 5648
f 5649 5650 5651
f 5652 5653 5654
f 5655 5656 5657
f 5658 5659 5660
f 5661 5662 5663
f 5664 5665 5666
f 5667 5668 5669
f 5670 5671 5672
f 5673 5674 5675
f 5676 5677 5678
f 5679 5680 5681
f 5682 5683 5684
f 5685 5686 5687
f 5688 5689 5690
f 5691 5692 5693
f 5694 5695 5696
f 5697 5698 5699
f 5700 5701 5702
f 5703 5704 5705
f 5706 5707 5708
f 5709 5710 5711
f 5712 5713 5714
f 5715 5716 5717
f 5718 5719 5720
f 5721 5722 5723
f 5724 5725 5726
f 5727 5728 5729
f 5730 5731 5732
f 5733 5734 5735
f 5736 5737 5738
f 5739 5740 5741
f 5742 5743 5744
f 5745 5746 5747
f 5748 5749 5750
f 5751 5752 5753
f 5754 5755 5756
f 5757 5758 5759
f 5760 5761 5762
f 5763 5764 5765
f 5766 5767 5768
f 5769 5770 5771
f 5772 5773 5774
f 5775 5776 5777
f 5778 5779 5780
f 5781 5782 5783
f 5784 5785 5786
f 5787 5788 5789
f 5790 5791 5792
f 5793 5794 5795
f 5796 5797 5798
f 5799 5800 5801
f 5802 5803 5804
f 5805 5806 5807
f 5808 5809 5810
f 5811 5812 5813
f 5814 5815 5816
f 5817 5818 5819
f 5820 5821 5822
f 5823 5824 5825
f 5826 5827 5828
f 5829 5830 5831
f 5832 5833 5834
f 5835 5836 5837
f 5838 5839 5840
f 5841 5842 5843
f 5844 5845 5846
f 5847 5848 5849
f 5850 5851 5852
f 5853 5854 5855
f 5856 5857 5858
f 5859 5860 5861
f 5862 5863 5864
f 5865 5866 5867
f 5868 5869 5870
f 5871 5872 5873
f 5874 5875 5876
f 5877 5878 5879
f 5880 5881 5882
f 5883 5884 5885
f 5886 5887 5888
f 5889 5890 5891
f 5892 5893 5894
f 5895 5896 5897
f 5898 5899 5900
f 5901 5902 5903
f 5904 5905 5906
f 5907 5908 5909
f 5910 5911 5912
f 5913 5914 5915
f 5916 5917 5918
f 5919 5920 5921
f 5922 5923 5924
f 5925 5926 5927
f 5928 5929 5930
f 5931 5932 5933
f 5934 5935 5936
f 5937 5938 5939
f 5940 5941 5942
f 5943 5944 5945
f 5946 5947 5948
f 5949 5950 5951
f 5952 5953 5954
f 5955 5956 5957
f 5958 5959 5960
f 5961 5962 5963
f 5964 5965 5966
f 5967 5968 5969
f 5970 5971 5972
f 5973 5974 5975
f 5976 5977 5978
f 5979 5980 5981
f 5982 5983 5984
f 5985 5986 5987
f 5988 5989 5990
f 5991 5992 5993
f 5994 5995 5996
f 5997 5998 5999
f 6000 6001 6002
f 6003 6004 6005
f 6006 6007 6008
f 6009 6010 6011
f 6012 6013 6014
f 6015 6016 6017
f 6018 6019 6020
f 6021 6022 6023
f 6024 6025 6026
f 6027 6028 6029
f 6030 6031 6032
f 6033 6034 6035
f 6036 6037 6038
f 6039 6040 6041
f 6042 6043 6044
f 6045 6046 6047
f 6048 6049 6050
f 6051 6052 6053
f 6054 6055 6056
f 6057 6058 6059
f 6060 6061 6062
f 6063 6064 6065
f 6066 6067 6068
f 6069 6070 6071
f 6072 6073 6074
f 6075 6076 6077
f 6078 6079 6080
f 6081 6082 6083
f 6084 6085 6086
f 6087 6088 6089
f 6090 6091 6092
f 6093 6094 6095
f 6096 6097 6098
f 6099 6100 6101
f 6102 6103 6104
f 6105 6106 6107
f 6108 6109 6110
f 6111 6112 6113
f 6114 6115 6116
f 6117 6118 6119
f 6120 6121 6122
f 6123 6124 6125
f 6126 6127 6128
f 6129 6130 6131
f 6132 6133 6134
f 6135 6136 6137
f 6138 6139 6140
f 6141 6142 6143
f 6144 6145 6146
f 6147 6148 6149
f 6150 6151 6152
f 6153 6154 6155
f 6156 6157 6158
f 6159 6160 6161
f 6162 6163 6164
f 6165 6166 6167
f 6168 6169 6170
f 6171 6172 6173
f 6174 6175 6176
f 6177 6178 6179
f 6180 6181 6182
f 6183 6184 6185
f 6186 6187 6188
f 6189 6190 6191
f 6192 6193 6194
f 6195 6196 6197
f 6198 6199 6200
f 6201 6202 6203
f 6204 6205 6206
f 6207 6208 6209
f 6210 6211 6212
f 6213 6214 6215
f 6216 6217 6218
f 6219 6220 6221
f 6222 6223 6224
f 6225 6226 6227
f 6228 6229 6230
f 6231 6232 6233
f 6234 6235 6236
f 6237 6238 6239
f 6240 6241 6242
f 6243 6244 6245
f 6246 6247 6248
f 6249 6250 6251
f 6252 6253 6254
f 6255 6256 6257
f 6258 6259 6260
f 6261 6262 6263
f 6264 6265 6266
f 6267 6268 6269
f 6270 6271 6272
f 6273 6274 6275
f 6276 6277 6278
f 6279 6280 6281
f 6282 6283 6284
f 6285 6286 6287
f 6288 6289 6290
f 6291 6292 6293
f 6294 6295 6296
f 6297 6298 6299
f 6300 6301 6302
f 6303 6304 6305
f 6306 6307 6308
f 6309 6310 6311
f 6312 6313 6314
f 6315 6316 6317
f 6318 6319 6320
f 6321 6322 6323
f 6324 6325 6326
f 6327 6328 6329
f 6330 6331 6332
f 6333 6334 6335
f 6336 6337 6338
f 6339 6340 6341
f 6342 6343 6344
f 6345 6346 6347
f 6348 6349 6350
f 6351 6352 6353
f 6354 6355 6356
f 6357 6358 6359
f 6360 6361 6362
f 6363 6364 6365
f 6366 6367 6368
f 6369 6370 6371
f 6372 6373 6374
f 6375 6376 6377
f 6378 6379 6380
f 6381 6382 6383
f 6384 6385 6386
f 6387 6388 6389
f 6390 6391 6392
f 6393 6394 6395
f 6396 6397 6398
f 6399 6400 6401
f 6402 6403 6404
f 6405 6406 6407
f 6408 6409 6410
f 6411 6412 6413
f 6414 6415 6416
f 6417 6418 6419
f 6420 6421 6422
f 6423 6424 6425
f 6426 6427 6428
f 6429 6430 6431
f 6432 6433 6434
f 6435 6436 6437
f 6438 6439 6440
f 6441 6442 6443
f 6444 6445 6446
f 6447 6448 6449
f 6450 6451 6452
f 6453 6454 6455
f 6456 6457 6458
f 6459 6460 6461
f 6462 6463 6464
f 6465 6466 6467
f 6468 6469 6470
f 6471 6472 6473
f 6474 6475 6476
f 6477 6478 6479
f 6480 6481 6482
f 6483 6484 6485
f 6486 6487 6488
f 6489 6490 6491
f 6492 6493 6494
f 6495 6496 6497
f 6498 6499 6500
f 6501 6502 6503
f 6504 6505 6506
f 6507 6508 6509
f 6510 6511 6512
f 6513 6514 6515
f 6516 6517 6518
f 6519 6520 6521
f 6522 6523 6524
f 6525 6526 6527
f 6528 6529 6530
f 6531 6532 6533
f 6534 6535 6536
f 6537 6538 6539
f 6540 6541 6542
f 6543 6544 6545
f 6546 6547 6548
f 6549 6550 6551
f 6552 6553 6554
f 6555 6556 6557
f 6558 6559 6560
f 6561 6562 6563
f 6564 6565 6566
f 6567 6568 6569
f 6570 6571 6572
f 6573 6574 6575
f 6576 6577 6578
f 6579 6580 6581
f 6582 6583 6584
f 6585 6586 6587
f 6588 6589 6590
f 6591 6592 6593
f 6594 6595 6596
f 6597 6598 6599
f 6600 6601 6602
f 6603 6604 6605
f 6606 6607 6608
f 6609 6610 6611
f 6612 6613 6614
f 6615 6616 6617
f 6618 6619 6620
f 6621 6622 6623
f 6624 6625 6626
f 6627 6628 6629
f 6630 6631 6632
f 6633 6634 6635
f 6636 6637 6638
f 6639 6640 6641
f 6642 6643 6644
f 6645 6646 6647
f 6648 6649 6650
f 6651 6652 6653
f 6654 6655 6656
f 6657 6658 6659
f 6660 6661 6662
f 6663 6664 6665
f 6666 6667 6668
f 6669 6670 6671
f 6672 6673 6674
f 6675 6676 6677
f 6678 6679 6680
f 6681 6682 6683
f 6684 6685 6686
f 6687 6688 6689
f 6690 6691 6692
f 6693 6694 6695
f 6696 6697 6698
f 6699 6700 6701
f 6702 6703 6704
f 6705 6706 6707
f 6708 6709 6710
f 6711 6712 6713
f 6714 6715 6716
f 6717 6718 6719
f 6720 6721 6722
f 6723 6724 6725
f 6726 6727 6728
f 6729 6730 6731
f 6732 6733 6734
f 6735 6736 6737
f 6738 6739 6740
f 6741 6742 6743
f 6744 6745 6746
f 6747 6748 6749
f 6750 6751 6752
f 6753 6754 6755
f 6756 6757 6758
f 6759 6760 6761
f 6762 6763 6764
f 6765 6766 6767
f 6768 6769 6770
f 6771 6772 6773
f 6774 6775 6776
f 6777 6778 6779
f 6780 6781 6782
f 6783 6784 6785
f 6786 6787 6788
f 6789 6790 6791
f 6792 6793 6794
f 6795 6796 6797
f 6798 6799 6800
f 6801 6802 6803
f 6804 6805 6806
f 6807 6808 6809
f 6810 6811 6812
f 6813 6814 6815
f 6816 6817 6818
f 6819 6820 6821
f 6822 6823 6824
f 6825 6826 6827
f 6828 6829 6830
f 6831 6832 6833
f 6834 6835 6836
f 6837 6838 6839
f 6840 6841 6842
f 6843 6844 6845
f 6846 6847 6848
f 6849 6850 6851
f 6852 6853 6854
f 6855 6856 6857
f 6858 6859 6860
f 6861 6862 6863
f 6864 6865 6866
f 6867 6868 6869
f 6870 6871 6872
f 6873 6874 6875
f 6876 6877 6878
f 6879 6880 6881
f 6882 6883 6884
f 6885 6886 6887
f 6888 6889 6890
f 6891 6892 6893
f 6894 6895 6896
f 6897 6898 6899
f 6900 6901 6902
f 6903 6904 6905
f 6906 6907 6908
f 6909 6910 6911
f 6912 6913 6914
f 6915 6916 6917
f 6918 6919 6920
f 6921 6922 6923
f 6924 6925 6926
f 6927 6928 6929
f 6930 6931 6932
f 6933 6934 6935
f 6936 6937 6938
f 6939 6940 6941
f 6942 6943 6944
f 6945 6946 6947
f 6948 6949 6950
f 6951 6952 6953
f 6954 6955 6956
f 6957 6958 6959
f 6960 6961 6962
f 6963 6964 6965
f 6966 6967 6968
f 6969 6970 6971
f 6972 6973 6974
f 6975 6976 6977
f 6978 6979 6980
f 6981 6982 6983
f 6984 6985 6986
f 6987 6988 6989
f 6990 6991 6992
f 6993 6994 6995
f 6996 6997 6998
f 6999 7000 7001
f 7002 7003 7004
f 7005 7006 7007
f 7008 7009 7010
f 7011 7012 7013
f 7014 7015 7016
f 7017 7018 7019
f 7020 7021 7022
f 7023 7024 7025
f 7026 7027 7028
f 7029 7030 7031
f 7032 7033 7034
f 7035 7036 7037
f 7038 7039 7040
f 7041 7042 7043
f 7044 7045 7046
f 7047 7048 7049
f 7050 7051 7052
f 7053 7054 7055
f 7056 7057 7058
f 7059 7060 7061
f 7062 7063 7064
f 7065 7066 7067
f 7068 7069 7070
f 7071 7072 7073
f 7074 7075 7076
f 7077 7078 7079
f 7080 7081 7082
f 7083 7084 7085
f 7086 7087 7088
f 7089 7090 7091
f 7092 7093 7094
f 7095 7096 7097
f 7098 7099 7100
f 7101 7102 7103
f 7104 7105 7106
f 7107 7108 7109
f 7110 7111 7112
f 7113 7114 7115
f 7116 7117 7118
f 7119 7120 7121
f 7122 7123 7124
f 7125 7126 7127
f 7128 7129 7130
f 7131 7132 7133
f 7134 7135 7136
f 7137 7138 7139
f 7140 7141 7142
f 7143 7144 7145
f 7146 7147 7148
f 7149 7150 7151
f 7152 7153 7154
f 7155 7156 7157
f 7158 7159 7160
f 7161 7162 7163
f 7164 7165 7166
f 7167 7168 7169
f 7170 7171 7172
f 7173 7174 7175
f 7176 7177 7178
f 7179 7180 7181
f 7182 7183 7184
f 7185 7186 7187
f 7188 7189 7190
f 7191 7192 7193
f 7194 7195 7196
f 7197 7198 7199
f 7200 7201 7202
f 7203 7204 7205
f 7206 7207 7208
f 7209 7210 7211
f 7212 7213 7214
f 7215 7216 7217
f 7218 7219 7220
f 7221 7222 7223
f 7224 7225 7226
f 7227 7228 7229
f 7230 7231 7232
f 7233 7234 7235
f 7236 7237 7238
f 7239 7240 7241
f 7242 7243 7244
f 7245 7246 7247
f 7248 7249 7250
f 7251 7252 7253
f 7254 7255 7256
f 7257 7258 7259
f 7260 7261 7262
f 7263 7264 7265
f 7266 7267 7268
f 7269 7270 7271
f 7272 7273 7274
f 7275 7276 7277
f 7278 7279 7280
f 7281 7282 7283
f 7284 7285 7286
f 7287 7288 7289
f 7290 7291 7292
f 7293 7294 7295
f 7296 7297 7298
f 7299 7300 7301
f 7302 7303 7304
f 7305 7306 7307
f 7308 7309 7310
f 7311 7312 7313
f 7314 7315 7316
f 7317 7318 7319
f 7320 7321 7322
f 7323 7324 7325
f 7326 7327 7328
f 7329 7330 7331
f 7332 7333 7334
f 7335 7336 7337
f 7338 7339 7340
f 7341 7342 7343
f 7344 7345 7346
f 7347 7348 7349
f 7350 7351 7352
f 7353 7354 7355
f 7356 7357 7358
f 7359 7360 7361
f 7362 7363 7364
f 7365 7366 7367
f 7368 7369 7370
f 7371 7372 7373
f 7374 7375 7376
f 7377 7378 7379
f 7380 7381 7382
f 7383 7384 7385
f 7386 7387 7388
f 7389 7390 7391
f 7392 7393 7394
f 7395 7396 7397
f 7398 7399 7400
f 7401 7402 7403
f 7404 7405 7406
f 7407 7408 7409
f 7410 7411 7412
f 7413 7414 7415
f 7416 7417 7418
f 7419 7420 7421
f 7422 7423 7424
f 7425 7426 7427
f 7428 7429 7430
f 7431 7432 7433
f 7434 7435 7436
f 7437 7438 7439
f 7440 7441 7442
f 7443 7444 7445
f 7446 7447 7448
f 7449 7450 7451
f 7452 7453 7454
f 7455 7456 7457
f 7458 7459 7460
f 7461 7462 7463
f 7464 7465 7466
f 7467 7468 7469
f 7470 7471 7472
f 7473 7474 7475
f 7476 7477 7478
f 7479 7480 7481
f 7482 7483 7484
f 7485 7486 7487
f 7488 7489 7490
f 7491 7492 7493
f 7494 7495 7496
f 7497 7498 7499
f 7500 7501 7502
f 7503 7504 7505
f 7506 7507 7508
f 7509 7510 7511
f 7512 7513 7514
f 7515 7516 7517
f 7518 7519 7520
f 7521 7522 7523
f 7524 7525 7526
f 7527 7528 7529
f 7530 7531 7532
f 7533 7534 7535
f 7536 7537 7538
f 7539 7540 7541
f 7542 7543 7544
f 7545 7546 7547
f 7548 7549 7550
f 7551 7552 7553
f 7554 7555 7556
f 7557 7558 7559
f 7560 7561 7562
f 7563 7564 7565
f 7566 7567 7568
f 7569 7570 7571
f 7572 7573 7574
f 7575 7576 7577
f 7578 7579 7580
f 7581 7582 7583
f 7584 7585 7586
f 7587 7588 7589
f 7590 7591 7592
f 7593 7594 7595
f 7596 7597 7598
f 7599 7600 7601
f 7602 7603 7604
f 7605 7606 7607
f 7608 7609 7610
f 7611 7612 7613
f 7614 7615 7616
f 7617 7618 7619
f 7620 7621 7622
f 7623 7624 7625
f 7626 7627 7628
f 7629 7630 7631
f 7632 7633 7634
f 7635 7636 7637
f 7638 7639 7640
f 7641 7642 7643
f 7644 7645 7646
f 7647 7648 7649
f 7650 7651 7652
f 7653 7654 7655
f 7656 7657 7658
f 7659 7660 7661
f 7662 7663 7664
f 7665 7666 7667
f 7668 7669 7670
f 7671 7672 7673
f 7674 7675 7676
f 7677 7678 7679
f 7680 7681 7682
f 7683 7684 7685
f 7686 7687 7688
f 7689 7690 7691
f 7692 7693 7694
f 7695 7696 7697
f 7698 7699 7700
f 7701 7702 7703
f 7704 7705 7706
f 7707 7708 7709
f 7710 7711 7712
f 7713 7714 7715
f 7716 7717 7718
f 7719 7720 7721
f 7722 7723 7724
f 7725 7726 7727
f 7728 7729 7730
f 7731 7732 7733
f 7734 7735 7736
f 7737 7738 7739
f 7740 7741 7742
f 7743 7744 7745
f 7746 7747 7748
f 7749 7750 7751
f 7752 7753 7754
f 7755 7756 7757
f 7758 7759 7760
f 7761 7762 7763
f 7764 7765 7766
f 7767 7768 7769
f 7770 7771 7772
f 7773 7774 7775
f 7776 7777 7778
f 7779 7780 7781
f 7782 7783 7784
f 7785 7786 7787
f 7788 7789 7790
f 7791 7792 7793
f 7794 7795 7796
f 7797 7798 7799
f 7800 7801 7802
f 7803 7804 7805
f 7806 7807 7808
f 7809 7810 7811
f 7812 7813 7814
f 7815 7816 7817
f 7818 7819 7820
f 7821 7822 7823
f 7824 7825 7826
f 7827 7828 7829
f 7830 7831 7832
f 7833 7834 7835
f 7836 7837 7838
f 7839 7840 7841
f 7842 7843 7844
f 7845 7846 7847
f 7848 7849 7850
f 7851 7852 7853
f 7854 7855 7856
f 7857 7858 7859
f 7860 7861 7862
f 7863 7864 7865
f 7866 7867 7868
f 7869 7870 7871
f 7872 7873 7874
f 7875 7876 7877
f 7878 7879 7880
f 7881 7882 7883
f 7884 7885 7886
f 7887 7888 7889
f 7890 7891 7892
f 7893 7894 7895
f 7896 7897 7898
f 7899 7900 7901
f 7902 7903 7904
f 7905 7906 7907
f 7908 7909 7910
f 7911 7912 7913
f 7914 7915 7916
f 7917 7918 7919
f 7920 7921 7922
f 7923 7924 7925
f 7926 7927 7928
f 7929 7930 7931
f 7932 7933 7934
f 7935 7936 7937
f 7938 7939 7940
f 7941 7942 7943
f 7944 7945 7946
f 7947 7948 7949
f 7950 7951 7952
f 7953 7954 7955
f 7956 7957 7958
f 7959 7960 7961
f 7962 7963 7964
f 7965 7966 7967
f 7968 7969 7970
f 7971 7972 7973
f 7974 7975 7976
f 7977 7978 7979
f 7980 7981 7982
f 7983 7984 7985
f 7986 7987 7988
f 7989 7990 7991
f 7992 7993 7994
f 7995 7996 7997
f 7998 7999 8000
f 8001 8002 8003
f 8004 8005 8006
f 8007 8008 8009
f 8010 8011 8012
f 8013 8014 8015
f 8016 8017 8018
f 8019 8020 8021
f 8022 8023 8024
f 8025 8026 8027
f 8028 8029 8030
f 8031 8032 8033
f 8034 8035 8036
f 8037 8038 8039
f 8040 8041 8042
f 8043 8044 8045
f 8046 8047 8048
f 8049 8050 8051
f 8052 8053 8054
f 8055 8056 8057
f 8058 8059 8060
f 8061 8062 8063
f 8064 8065 8066
f 8067 8068 8069
f 8070 8071 8072
f 8073 8074 8075
f 8076 8077 8078
f 8079 8080 8081
f 8082 8083 8084
f 8085 8086 8087
f 8088 8089 8090
f 8091 8092 8093
f 8094 8095 8096
f 8097 8098 8099
f 8100 8101 8102
f 8103 8104 8105
f 8106 8107 8108
f 8109 8110 8111
f 8112 8113 8114
f 8115 8116 8117
f 8118 8119 8120
f 8121 8122 8123
f 8124 8125 8126
f 8127 8128 8129
f 8130 8131 8132
f 8133 8134 8135
f 8136 8137 8138
f 8139 8140 8141
f 8142 8143 8144
f 8145 8146 8147
f 8148 8149 8150
f 8151 8152 8153
f 8154 8155 8156
f 8157 8158 8159
f 8160 8161 8162
f 8163 8164 8165
f 8166 8167 8168
f 8169 8170 8171
f 8172 8173 8174
f 8175 8176 8177
f 8178 8179 8180
f 8181 8182 8183
f 8184 8185 8186
f 8187 8188 8189
f 8190 8191 8192
f 8193 8194 8195
f 8196 8197 8198
f 8199 8200 8201
f 8202 8203 8204
f 8205 8206 8207
f 8208 8209 8210
f 8211 8212 8213
f 8214 8215 8216
f 8217 8218 8219
f 8220 8221 8222
f 8223 8224 8225
f 8226 8227 8228
f 8229 8230 8231
f 8232 8233 8234
f 8235 8236 8237
f 8238 8239 8240
f 8241 8242 8243
f 8244 8245 8246
f 8247 8248 8249
f 8250 8251 8252
f 8253 8254 8255
f 8256 8257 8258
f 8259 8260 8261
f 8262 8263 8264
f 8265 8266 8267
f 8268 8269 8270
f 8271 8272 8273
f 8274 8275 8276
f 8277 8278 8279
f 8280 8281 8282
f 8283 8284 8285
f 8286 8287 8288
f 8289 8290 8291
f 8292 8293 8294
f 8295 8296 8297
f 8298 8299 8300
f 8301 8302 8303
f 8304 8305 8306
f 8307 8308 8309
f 8310 8311 8312
f 8313 8314 8315
f 8316 8317 8318
f 8319 8320 8321
f 8322 8323 8324
f 8325 8326 8327
f 8328 8329 8330
f 8331 8332 8333
f 8334 8335 8336
f 8337 8338 8339
f 8340 8341 8342
f 8343 8344 8345
f 8346 8347 8348
f 8349 8350 8351
f 8352 8353 8354
f 8355 8356 8357
f 8358 8359 8360
f 8361 8362 8363
f 8364 8365 8366
f 8367 8368 8369
f 8370 8371 8372
f 8373 8374 8375
f 8376 8377 8378
f 8379 8380 8381
f 8382 8383 8384
f 8385 8386 8387
f 8388 8389 8390
f 8391 8392 8393
f 8394 8395 8396
f 8397 8398 8399
f 8400 8401 8402
f 8403 8404 8405
f 8406 8407 8408
f 8409 8410 8411
f 8412 8413 8414
f 8415 8416 8417
f 8418 8419 8420
f 8421 8422 8423
f 8424 8425 8426
f 8427 8428 8429
f 8430 8431 8432
f 8433 8434 8435
f 8436 8437 8438
f 8439 8440 8441
f 8442 8443 8444
f 8445 8446 8447
f 8448 8449 8450
f 8451 8452 8453
f 8454 8455 8456
f 8457 8458 8459
f 8460 8461 8462
f 8463 8464 8465
f 8463 8465 8466
f 8467 8468 8469
f 8467 8469 8470
f 8471 8472 8473
f 8471 8473 8474
f 8475 8476 8477
f 8475 8477 8478
f 8479 8480 8481
f 8479 8481 8482
f 8483 8484 8485
f 8483 8485 8486
f 8487 8488 8489
f 8487 8489 8490
f 8491 8492 8493
f 8491 8493 8494
f 8495 8496 8497
f 8495 8497 8498
f 8499 8500 8501
f 8499 8501 8502
f 8503 8504 8505
f 8503 8505 8506
f 8507 8508 8509
f 8507 8509 8510
f 8511 8512 8513
f 8511 8513 8514
f 8515 8516 8517
f 8515 8517 8518
f 8519 8520 8521
f 8519 8521 8522
f 8523 8524 8525
f 8526 8527 8528
f 8529 8530 8531
f 8532 8533 8534
f 8535 8536 8537
f 8538 8539 8540
f 8541 8542 8543
f 8544 8545 8546
f 8547 8548 8549
f 8550 8551 8552
f 8553 8554 8555
f 8556 8557 8558
f 8559 8560 8561
f 8562 8563 8564
f 8565 8566 8567
f 8568 8569 8570
f 8571 8572 8573
f 8574 8575 8576
f 8577 8578 8579
f 8580 8581 8582
f 8583 8584 8585
f 8586 8587 8588
f 8589 8590 8591
f 8592 8593 8594
f 8595 8596 8597
f 8598 8599 8600
f 8601 8602 8603
f 8604 8605 8606
f 8607 8608 8609
f 8610 8611 8612
f 8613 8614 8615
f 8616 8617 8618
f 8619 8620 8621
f 8622 8623 8624
f 8625 8626 8627
f 8628 8629 8630
f 8631 8632 8633
f 8634 8635 8636
f 8637 8638 8639
f 8640 8641 8642
f 8643 8644 8645
f 8646 8647 8648
f 8649 8650 8651
f 8652 8653 8654
f 8655 8656 8657
f 8658 8659 8660
f 8661 8662 8663
f 8664 8665 8666
f 8667 8668 8669
f 8670 8671 8672
f 8673 8674 8675
f 8676 8677 8678
f 8679 8680 8681
f 8682 8683 8684
f 8685 8686 8687
f 8688 8689 8690
f 8691 8692 8693
f 8694 8695 8696
f 8697 8698 8699
f 8700 8701 8702
f 8703 8704 8705
f 8706 8707 8708
f 8709 8710 8711
f 8712 8713 8714
f 8715 8716 8717
f 8718 8719 8720
f 8721 8722 8723
f 8724 8725 8726
f 8727 8728 8729
f 8730 8731 8732
f 8733 8734 8735
f 8736 8737 8738
f 8739 8740 8741
f 8742 8743 8744
f 8745 8746 8747
f 8748 8749 8750
f 8751 8752 8753
f 8754 8755 8756
f 8757 8758 8759
f 8760 8761 8762
f 8763 8764 8765
f 8766 8767 8768
f 8769 8770 8771
f 8772 8773 8774
f 8775 8776 8777
f 8778 8779 8780
f 8781 8782 8783
f 8784 8785 8786
f 8787 8788 8789
f 8790 8791 8792
f 8793 8794 8795
f 8796 8797 8798
f 8799 8800 8801
f 8802 8803 8804
f 8805 8806 8807
f 8808 8809 8810
f 8811 8812 8813
f 8814 8815 8816
f 8817 8818 8819
f 8820 8821 8822
f 8823 8824 8825
f 8826 8827 8828
f 8829 8830 8831
f 8832 8833 8834
f 8835 8836 8837
f 8838 8839 8840
f 8841 8842 8843
f 8844 8845 8846
f 8847 8848 8849
f 8850 8851 8852
f 8853 8854 8855
f 8856 8857 8858
f 8859 8860 8861
f 8862 8863 8864
f 8865 8866 8867
f 8868 8869 8870
f 8871 8872 8873
f 8874 8875 8876
f 8877 8878 8879
f 8880 8881 8882
f 8883 8884 8885
f 8886 8887 8888
f 8889 8890 8891
f 8892 8893 8894
f 8895 8896 8897
f 8898 8899 8900
f 8901 8902 8903
f 8904 8905 8906
f 8907 8908 8909
f 8910 8911 8912
f 8913 8914 8915
f 8916 8917 8918
f 8919 8920 8921
f 8922 8923 8924
f 8925 8926 8927
f 8928 8929 8930
f 8931 8932 8933
f 8934 8935 8936
f 8937 8938 8939
f 8940 8941 8942
f 8943 8944 8945
f 8946 8947 8948
f 8949 8950 8951
f 8952 8953 8954
f 8955 8956 8957
f 8958 8959 8960
f 8961 8962 8963
f 8964 8965 8966
f 8967 8968 8969
f 8970 8971 8972
f 8973 8974 8975
f 8976 8977 8978
f 8979 8980 8981
f 8982 8983 8984
f 8985 8986 8987
f 8988 8989 8990
f 8991 8992 8993
f 8994 8995 8996
f 8997 8998 8999
f 9000 9001 9002
f 9003 9004 9005
f 9006 9007 9008
f 9009 9010 9011
f 9012 9013 9014
f 9015 9016 9017
f 9018 9019 9020
f 9021 9022 9023
f 9024 9025 9026
f 9027 9028 9029
f 9030 9031 9032
f 9033 9034 9035
f 9036 9037 9038
f 9039 9040 9041
f 9042 9043 9044
f 9045 9046 9047
f 9048 9049 9050
f 9051 9052 9053
f 9054 9055 9056
f 9057 9058 9059
f 9060 9061 9062
f 9063 9064 9065
f 9066 9067 9068
f 9069 9070 9071
f 9072 9073 9074
f 9075 9076 9077
f 9078 9079 9080
f 9081 9082 9083
f 9084 9085 9086
f 9087 9088 9089
f 9090 9091 9092
f 9093 9094 9095
f 9096 9097 9098
f 9099 9100 9101
f 9102 9103 9104
f 9105 9106 9107
f 9108 9109 9110
f 9111 9112 9113
f 9114 9115 9116
f 9117 9118 9119
f 9120 9121 9122
f 9123 9124 9125
f 9126 9127 9128
f 9129 9130 9131
f 9132 9133 9134
f 9135 9136 9137
f 9138 9139 9140
f 9141 9142 9143
f 9144 9145 9146
f 9147 9148 9149
f 9150 9151 9152
f 9153 9154 9155
f 9156 9157 9158
f 9159 9160 9161
f 9162 9163 9164
f 9165 9166 9167
f 9168 9169 9170
f 9171 9172 9173
f 9174 9175 9176
f 9177 9178 9179
f 9180 9181 9182
f 9183 9184 9185
f 9186 9187 9188
f 9189 9190 9191
f 9192 9193 9194
f 9195 9196 9197
f 9198 9199 9200
f 9201 9202 9203
f 9204 9205 9206
f 9207 9208 9209
f 9210 9211 9212
f 9212 9211 9213
f 9214 9215 9216
f 9217 9218 9219
f 9220 9221 9222
f 9223 9224 9225
f 9226 9227 9228
f 9229 9230 9231
f 9232 9233 9234
f 9235 9236 9237
f 9238 9239 9240
f 9241 9242 9243
f 9244 9245 9246
f 9247 9248 9249
f 9250 9251 9252
f 9253 9254 9255
f 9256 9257 9258
f 9259 9260 9261
f 9262 9263 9264
f 9265 9266 9267
f 9268 9269 9270
f 9271 9272 9273
f 9274 9275 9276
f 9277 9278 9279
f 9280 9281 9282
f 9283 9284 9285
f 9286 9287 9288
f 9289 9290 9291
f 9292 9293 9294
f 9295 9296 9297
f 9298 9299 9300
f 9301 9302 9303
f 9304 9305 9306
f 9307 9308 9309
f 9310 9311 9312
f 9313 9314 9315
f 9316 9317 9318
f 9319 9320 9321
f 9322 9323 9324
f 9325 9326 9327
f 9328 9329 9330
f 9331 9332 9333
f 9334 9335 9336
f 9337 9338 9339
f 9340 9341 9342
f 9343 9344 9345
f 9346 9347 9348
f 9349 9350 9351
f 9352 9353 9354
f 9355 9356 9357
f 9358 9359 9360
f 9361 9362 9363
f 9364 9365 9366
f 9367 9368 9369
f 9370 9371 9372
f 9373 9374 9375
f 9376 9377 9378
f 9379 9380 9381
f 9382 9383 9384
f 9385 9386 9387
f 9388 9389 9390
f 9391 9392 9393
f 9394 9395 9396
f 9397 9398 9399
f 9400 9401 9402
f 9403 9404 9405
f 9406 9407 9408
f 9409 9410 9411
f 9412 9413 9414
f 9415 9416 9417
f 9418 9419 9420
f 9421 9422 9423
f 9424 9425 9426
f 9427 9428 9429
f 9430 9431 9432
f 9433 9434 9435
f 9436 9437 9438
f 9439 9440 9441
f 9442 9443 9444
f 9445 9446 9447
f 9448 9449 9450
f 9451 9452 9453
f 9454 9455 9456
f 9457 9458 9459
f 9460 9461 9462
f 9463 9464 9465
f 9466 9467 9468
f 9469 9470 9471
f 9472 9473 9474
f 9475 9476 9477
f 9478 9479 9480
f 9481 9482 9483
f 9484 9485 9486
f 9487 9488 9489
f 9490 9491 9492
f 9493 9494 9495
f 9496 9497 9498
f 9499 9500 9501
f 9502 9503 9504
f 9505 9506 9507
f 9508 9509 9510
f 9511 9512 9513
f 9514 9515 9516
f 9517 9518 9519
f 9520 9521 9522
f 9523 9524 9525
f 9526 9527 9528
f 9529 9530 9531
f 9532 9533 9534
f 9535 9536 9537
f 9538 9539 9540
f 9541 9542 9543
f 9544 9545 9546
f 9547 9548 9549
f 9550 9551 9552
f 9553 9554 9555
f 9556 9557 9558
f 9559 9560 9561
f 9562 9563 9564
f 9565 9566 9567
f 9568 9569 9570
f 9571 9572 9573
f 9574 9575 9576
f 9577 9578 9579
f 9580 9581 9582
f 9583 9584 9585
f 9586 9587 9588
f 9589 9590 9591
f 9592 9593 9594
f 9595 9596 9597
f 9598 9599 9600
f 9601 9602 9603
f 9604 9605 9606
f 9607 9608 9609
f 9610 9611 9612
f 9613 9614 9615
f 9616 9617 9618
f 9619 9620 9621
f 9622 9623 9624
f 9625 9626 9627
f 9628 9629 9630
f 9631 9632 9633
f 9634 9635 9636
f 9637 9638 9639
f 9640 9641 9642
f 9643 9644 9645
f 9646 9647 9648
f 9649 9650 9651
f 9652 9653 9654
f 9655 9656 9657
f 9658 9659 9660
f 9661 9662 9663
f 9664 9665 9666
f 9667 9668 9669
f 9670 9671 9672
f 9673 9674 9675
f 9676 9677 9678
f 9679 9680 9681
f 9682 9683 9684
f 9685 9686 9687
f 9688 9689 9690
f 9691 9692 9693
f 9694 9695 9696
f 9697 9698 9699
f 9700 9701 9702
f 9703 9704 9705
f 9706 9707 9708
f 9709 9710 9711
f 9712 9713 9714
f 9715 9716 9717
f 9718 9719 9720
f 9721 9722 9723
f 9724 9725 9726
f 9727 9728 9729
f 9730 9731 9732
f 9733 9734 9735
f 9736 9737 9738
f 9739 9740 9741
f 9742 9743 9744
f 9745 9746 9747
f 9748 9749 9750
f 9751 9752 9753
f 9754 9755 9756
f 9757 9758 9759
f 9760 9761 9762
f 9763 9764 9765
f 9766 9767 9768
f 9769 9770 9771
f 9772 9773 9774
f 9775 9776 9777
f 9778 9779 9780
f 9781 9782 9783
f 9784 9785 9786
f 9787 9788 9789
f 9790 9791 9792
f 9793 9794 9795
f 9796 9797 9798
f 9799 9800 9801
f 9802 9803 9804
f 9805 9806 9807
f 9808 9809 9810
f 9811 9812 9813
f 9814 9815 9816
f 9817 9818 9819
f 9820 9821 9822
f 9823 9824 9825
f 9826 9827 9828
f 9829 9830 9831
f 9832 9833 9834
f 9835 9836 9837
f 9838 9839 9840
f 9841 9842 9843
f 9844 9845 9846
f 9847 9848 9849
f 9850 9851 9852
f 9853 9854 9855
f 9856 9857 9858
f 9859 9860 9861
f 9862 9863 9864
f 9865 9866 9867
f 9868 9869 9870
f 9871 9872 9873
f 9874 9875 9876
f 9877 9878 9879
f 9880 9881 9882
f 9883 9884 9885
f 9886 9887 9888
f 9889 9890 9891
f 9892 9893 9894
f 9895 9896 9897
f 9898 9899 9900
f 9901 9902 9903
f 9904 9905 9906
f 9907 9908 9909
f 9910 9911 9912
f 9913 9914 9915
f 9916 9917 9918
f 9919 9920 9921
f 9922 9923 9924
f 9925 9926 9927
f 9928 9929 9930
f 9931 9932 9933
f 9934 9935 9936
f 9937 9938 9939
f 9940 9941 9942
f 9943 9944 9945
f 9946 9947 9948
f 9949 9950 9951
f 9952 9953 9954
f 9955 9956 9957
f 9958 9959 9960
f 9961 9962 9963
f 9964 9965 9966
f 9967 9968 9969
f 9970 9971 9972
f 9973 9974 9975
f 9976 9977 9978
f 9979 9980 9981
f 9982 9983 9984
f 9985 9986 9987
f 9988 9989 9990
f 9991 9992 9993
f 9994 9995 9996
f 9997 9998 9999
f 10000 10001 10002
f 10003 10004 10005
f 10006 10007 10008
f 10009 10010 10011
f 10012 10013 10014
f 10015 10016 10017
f 10018 10019 10020
f 10021 10022 10023
f 10024 10025 10026
f 10027 10028 10029
f 10030 10031 10032
f 10033 10034 10035
f 10036 10037 10038
f 10039 10040 10041
f 10042 10043 10044
f 10045 10046 10047
f 10048 10049 10050
f 10051 10052 10053
f 10054 10055 10056
f 10057 10058 10059
f 10060 10061 10062
f 10063 10064 10065
f 10066 10067 10068
f 10069 10070 10071
f 10072 10073 10074
f 10075 10076 10077
f 10078 10079 10080
f 10081 10082 10083
f 10084 10085 10086
f 10087 10088 10089
f 10090 10091 10092
f 10093 10094 10095
f 10096 10097 10098
f 10099 10100 10101
f 10102 10103 10104
f 10105 10106 10107
f 10108 10109 10110
f 10111 10112 10113
f 10114 10115 10116
f 10117 10118 10119
f 10120 10121 10122
f 10123 10124 10125
f 10126 10127 10128
f 10129 10130 10131
f 10132 10133 10134
f 10135 10136 10137
f 10138 10139 10140
f 10141 10142 10143
f 10144 10145 10146
f 10147 10148 10149
f 10150 10151 10152
f 10153 10154 10155
f 10156 10157 10158
f 10159 10160 10161
f 10162 10163 10164
f 10165 10166 10167
f 10168 10169 10170
f 10171 10172 10173
f 10174 10175 10176
f 10177 10178 10179
f 10180 10181 10182
f 10183 10184 10185
f 10186 10187 10188
f 10189 10190 10191
f 10192 10193 10194
f 10195 10196 10197
f 10198 10199 10200
f 10201 10202 10203
f 10204 10205 10206
f 10207 10208 10209
f 10210 10211 10212
f 10213 10214 10215
f 10216 10217 10218
f 10219 10220 10221
f 10222 10223 10224
f 10225 10226 10227
f 10228 10229 10230
f 10231 10232 10233
f 10234 10235 10236
f 10237 10238 10239
f 10240 10241 10242
f 10243 10244 10245
f 10246 10247 10248
f 10249 10250 10251
f 10252 10253 10254
f 10255 10256 10257
f 10258 10259 10260
f 10261 10262 10263
f 10264 10265 10266
f 10267 10268 10269
f 10270 10271 10272
f 10273 10274 10275
f 10276 10277 10278
f 10279 10280 10281
f 10282 10283 10284
f 10285 10286 10287
f 10288 10289 10290
f 10291 10292 10293
f 10294 10295 10296
f 10297 10298 10299
f 10300 10301 10302
f 10303 10304 10305
f 10306 10307 10308
f 10309 10310 10311
f 10312 10313 10314
f 10315 10316 10317
f 10318 10319 10320
f 10321 10322 10323
f 10324 10325 10326
f 10327 10328 10329
f 10330 10331 10332
f 10333 10334 10335
f 10336 10337 10338
f 10339 10340 10341
f 10342 10343 10344
f 10345 10346 10347
f 10348 10349 10350
f 10351 10352 10353
f 10354 10355 10356
f 10357 10358 10359
f 10360 10361 10362
f 10363 10364 10365
f 10366 10367 10368
f 10369 10370 10371
f 10372 10373 10374
f 10375 10376 10377
f 10378 10379 10380
f 10381 10382 10383
f 10384 10385 10386
f 10387 10388 10389
f 10390 10391 10392
f 10393 10394 10395
f 10396 10397 10398
f 10399 10400 10401
f 10402 10403 10404
f 10405 10406 10407
f 10408 10409 10410
f 10411 10412 10413
f 10414 10415 10416
f 10417 10418 10419
f 10420 10421 10422
f 10423 10424 10425
f 10426 10427 10428
f 10429 10430 10431
f 10432 10433 10434
f 10435 10436 10437
f 10438 10439 10440
f 10441 10442 10443
f 10444 10445 10446
f 10447 10448 10449
f 10450 10451 10452
f 10453 10454 10455
f 10456 10457 10458
f 10459 10460 10461
f 10462 10463 10464
f 10465 10466 10467
f 10468 10469 10470
f 10471 10472 10473
f 10474 10475 10476
f 10477 10478 10479
f 10480 10481 10482
f 10483 10484 10485
f 10486 10487 10488
f 10489 10490 10491
f 10492 10493 10494
f 10495 10496 10497
f 10498 10499 10500
f 10501 10502 10503
f 10504 10505 10506
f 10507 10508 10509
f 10510 10511 10512
f 10513 10514 10515
f 10516 10517 10518
f 10519 10520 10521
f 10522 10523 10524
f 10525 10526 10527
f 10528 10529 10530
f 10531 10532 10533
f 10534 10535 10536
f 10537 10538 10539
f 10540 10541 10542
f 10543 10544 10545
f 10546 10547 10548
f 10549 10550 10551
f 10552 10553 10554
f 10555 10556 10557
f 10558 10559 10560
f 10561 10562 10563
f 10564 10565 10566
f 10567 10568 10569
f 10570 10571 10572
f 10573 10574 10575
f 10576 10577 10578
f 10579 10580 10581
f 10582 10583 10584
f 10585 10586 10587
f 10588 10589 10590
f 10591 10592 10593
f 10594 10595 10596
f 10597 10598 10599
f 10600 10601 10602
f 10603 10604 10605
f 10606 10607 10608
f 10609 10610 10611
f 10612 10613 10614
f 10615 10616 10617
f 10618 10619 10620
f 10621 10622 10623
f 10624 10625 10626
f 10627 10628 10629
f 10630 10631 10632
f 10633 10634 10635
f 10636 10637 10638
f 10639 10640 10641
f 10642 10643 10644
f 10645 10646 10647
f 10648 10649 10650
f 10651 10652 10653
f 10654 10655 10656
f 10657 10658 10659
f 10660 10661 10662
f 10663 10664 10665
f 10666 10667 10668
f 10669 10670 10671
f 10672 10673 10674
f 10675 10676 10677
f 10678 10679 10680
f 10681 10682 10683
f 10684 10685 10686
f 10687 10688 10689
f 10690 10691 10692
f 10693 10694 10695
f 10696 10697 10698
f 10699 10700 10701
f 10702 10703 10704
f 10705 10706 10707
f 10708 10709 10710
f 10711 10712 10713
f 10714 10715 10716
f 10717 10718 10719
f 10720 10721 10722
f 10723 10724 10725
f 10726 10727 10728
f 10729 10730 10731
f 10732 10733 10734
f 10735 10736 10737
f 10738 10739 10740
f 10741 10742 10743
f 10744 10745 10746
f 10747 10748 10749
f 10750 10751 10752
f 10753 10754 10755
f 10756 10757 10758
f 10759 10760 10761
f 10762 10763 10764
f 10765 10766 10767
f 10768 10769 10770
f 10771 10772 10773
f 10774 10775 10776
f 10777 10778 10779
f 10780 10781 10782
f 10783 10784 10785
f 10786 10787 10788
f 10789 10790 10791
f 10792 10793 10794
f 10795 10796 10797
f 10798 10799 10800
f 10801 10802 10803
f 10804 10805 10806
f 10807 10808 10809
f 10810 10811 10812
f 10813 10814 10815
f 10816 10817 10818
f 10819 10820 10821
f 10822 10823 10824
f 10825 10826 10827
f 10828 10829 10830
f 10831 10832 10833
f 10834 10835 10836
f 10837 10838 10839
f 10840 10841 10842
f 10843 10844 10845
f 10846 10847 10848
f 10849 10850 10851
f 10852 10853 10854
f 10855 10856 10857
f 10858 10859 10860
f 10861 10862 10863
f 10864 10865 10866
f 10867 10868 10869
f 10870 10871 10872
f 10873 10874 10875
f 10876 10877 10878
f 10879 10880 10881
f 10882 10883 10884
f 10885 10886 10887
f 10888 10889 10890
f 10891 10892 10893
f 10894 10895 10896
f 10897 10898 10899
f 10900 10901 10902
f 10903 10904 10905
f 10906 10907 10908
f 10909 10910 10911
f 10912 10913 10914
f 10915 10916 10917
f 10918 10919 10920
f 10921 10922 10923
f 10924 10925 10926
f 10927 10928 10929
f 10930 10931 10932
f 10933 10934 10935
f 10936 10937 10938
f 10939 10940 10941
f 10942 10943 10944
f 10945 10946 10947
f 10948 10949 10950
f 10951 10952 10953
f 10954 10955 10956
f 10957 10958 10959
f 10960 10961 10962
f 10963 10964 10965
f 10966 10967 10968
f 10969 10970 10971
f 10972 10973 10974
f 10975 10976 10977
f 10978 10979 10980
f 10981 10982 10983
f 10984 10985 10986
f 10987 10988 10989
f 10990 10991 10992
f 10993 10994 10995
f 10996 10997 10998
f 10999 11000 11001
f 11002 11003 11004
f 11005 11006 11007
f 11008 11009 11010
f 11011 11012 11013
f 11014 11015 11016
f 11017 11018 11019
f 11020 11021 11022
f 11023 11024 11025
f 11026 11027 11028
f 11029 11030 11031
f 11032 11033 11034
f 11035 11036 11037
f 11038 11039 11040
f 11041 11042 11043
f 11044 11045 11046
f 11047 11048 11049
f 11050 11051 11052
f 11053 11054 11055
f 11056 11057 11058
f 11059 11060 11061
f 11062 11063 11064
f 11065 11066 11067
f 11068 11069 11070
f 11071 11072 11073
f 11074 11075 11076
f 11077 11078 11079
f 11080 11081 11082
f 11083 11084 11085
f 11086 11087 11088
f 11089 11090 11091
f 11092 11093 11094
f 11095 11096 11097
f 11098 11099 11100
f 11101 11102 11103
f 11104 11105 11106
f 11107 11108 11109
f 11110 11111 11112
f 11113 11114 11115
f 11116 11117 11118
f 11119 11120 11121
f 11122 11123 11124
f 11125 11126 11127
f 11128 11129 11130
f 11131 11132 11133
f 11134 11135 11136
f 11137 11138 11139
f 11140 11141 11142
f 11143 11144 11145
f 11146 11147 11148
f 11149 11150 11151
f 11152 11153 11154
f 11155 11156 11157
f 11158 11159 11160
f 11161 11162 11163
f 11164 11165 11166
f 11167 11168 11169
f 11170 11171 11172
f 11173 11174 11175
f 11176 11177 11178
f 11179 11180 11181
f 11182 11183 11184
f 11185 11186 11187
f 11188 11189 11190
f 11191 11192 11193
f 11194 11195 11196
f 11197 11198 11199
f 11200 11201 11202
f 11203 11204 11205
f 11206 11207 11208
f 11209 11210 11211
f 11212 11213 11214
f 11215 11216 11217
f 11218 11219 11220
f 11221 11222 11223
f 11224 11225 11226
f 11227 11228 11229
f 11230 11231 11232
f 11233 11234 11235
f 11236 11237 11238
f 11239 11240 11241
f 11242 11243 11244
f 11245 11246 11247
f 11248 11249 11250
f 11251 11252 11253
f 11254 11255 11256
f 11257 11258 11259
f 11260 11261 11262
f 11263 11264 11265
f 11266 11267 11268
f 11269 11270 11271
f 11272 11273 11274
f 11275 11276 11277
f 11278 11279 11280
f 11281 11282 11283
f 11284 11285 11286
f 11287 11288 11289
f 11290 11291 11292
f 11293 11294 11295
f 11296 11297 11298
f 11299 11300 11301
f 11302 11303 11304
f 11305 11306 11307
f 11308 11309 11310
f 11311 11312 11313
f 11314 11315 11316
f 11317 11318 11319
f 11320 11321 11322
f 11323 11324 11325
f 11326 11327 11328
f 11329 11330 11331
f 11332 11333 11334
f 11335 11336 11337
f 11338 11339 11340
f 11341 11342 11343
f 11344 11345 11346
f 11347 11348 11349
f 11350 11351 11352
f 11353 11354 11355
f 11356 11357 11358
f 11359 11360 11361
f 11362 11363 11364
f 11365 11366 11367
f 11368 11369 11370
f 11371 11372 11373
f 11374 11375 11376
f 11377 11378 11379
f 11380 11381 11382
f 11383 11384 11385
f 11386 11387 11388
f 11389 11390 11391
f 11392 11393 11394
f 11395 11396 11397
f 11398 11399 11400
f 11401 11402 11403
f 11404 11405 11406
f 11407 11408 11409
f 11410 11411 11412
f 11413 11414 11415
f 11416 11417 11418
f 11419 11420 11421
f 11422 11423 11424
f 11425 11426 11427
f 11428 11429 11430
f 11431 11432 11433
f 11434 11435 11436
f 11437 11438 11439
f 11440 11441 11442
f 11443 11444 11445
f 11446 11447 11448
f 11449 11450 11451
f 11452 11453 11454
f 11455 11456 11457
f 11458 11459 11460
f 11461 11462 11463
f 11464 11465 11466
f 11467 11468 11469
f 11470 11471 11472
f 11473 11474 11475
f 11476 11477 11478
f 11479 11480 11481
f 11482 11483 11484
f 11485 11486 11487
f 11488 11489 11490
f 11491 11492 11493
f 11494 11495 11496
f 11497 11498 11499
f 11500 11501 11502
f 11503 11504 11505
f 11506 11507 11508
f 11509 11510 11511
f 11512 11513 11514
f 11515 11516 11517
f 11518 11519 11520
f 11521 11522 11523
f 11524 11525 11526
f 11527 11528 11529
f 11530 11531 11532
f 11533 11534 11535
f 11536 11537 11538
f 11539 11540 11541
f 11542 11543 11544
f 11545 11546 11547
f 11548 11549 11550
f 11551 11552 11553
f 11554 11555 11556
f 11557 11558 11559
f 11560 11561 11562
f 11563 11564 11565
f 11566 11567 11568
f 11569 11570 11571
f 11572 11573 11574
f 11575 11576 11577
f 11578 11579 11580
f 11581 11582 11583
f 11584 11585 11586
f 11587 11588 11589
f 11590 11591 11592
f 11593 11594 11595
f 11596 11597 11598
f 11599 11600 11601
f 11602 11603 11604
f 11605 11606 11607
f 11608 11609 11610
f 11611 11612 11613
f 11614 11615 11616
f 11617 11618 11619
f 11620 11621 11622
f 11623 11624 11625
f 11626 11627 11628
f 11629 11630 11631
f 11632 11633 11634
f 11635 11636 11637
f 11638 11639 11640
f 11641 11642 11643
f 11644 11645 11646
f 11647 11648 11649
f 11650 11651 11652
f 11653 11654 11655
f 11656 11657 11658
f 11659 11660 11661
f 11662 11663 11664
f 11665 11666 11667
f 11668 11669 11670
f 11671 11672 11673
f 11674 11675 11676
f 11677 11678 11679
f 11680 11681 11682
f 11683 11684 11685
f 11686 11687 11688
f 11689 11690 11691
f 11692 11693 11694
f 11695 11696 11697
f 11698 11699 11700
f 11701 11702 11703
f 11704 11705 11706
f 11707 11708 11709
f 11710 11711 11712
f 11713 11714 11715
f 11716 11717 11718
f 11719 11720 11721
f 11722 11723 11724
f 11725 11726 11727
f 11728 11729 11730
f 11731 11732 11733
f 11734 11735 11736
f 11737 11738 11739
f 11740 11741 11742
f 11743 11744 11745
f 11746 11747 11748
f 11749 11750 11751
f 11752 11753 11754
f 11755 11756 11757
f 11758 11759 11760
f 11761 11762 11763
f 11764 11765 11766
f 11767 11768 11769
f 11770 11771 11772
f 11773 11774 11775
f 11776 11777 11778
f 11779 11780 11781
f 11782 11783 11784
f 11785 11786 11787
f 11788 11789 11790
f 11791 11792 11793
f 11794 11795 11796
f 11797 11798 11799
f 11800 11801 11802
f 11803 11804 11805
f 11806 11807 11808
f 11809 11810 11811
f 11812 11813 11814
f 11815 11816 11817
f 11818 11819 11820
f 11821 11822 11823
f 11824 11825 11826
f 11827 11828 11829
f 11830 11831 11832
f 11833 11834 11835
f 11836 11834 11837
f 11837 11838 11836
f 11836 11838 11839
f 11836 11839 11840
f 11840 11839 11841
f 11840 11841 11842
f 11842 11841 11843
f 11842 11843 11844
f 11844 11843 11845
f 11844 11845 11846
f 11846 11845 11847
f 11846 11847 11848
f 11848 11847 11849
f 11848 11849 11850
f 11850 11849 11851
f 11850 11851 11852
f 11852 11851 11853
f 11852 11853 11854
f 11854 11853 11855
f 11854 11855 11856
f 11856 11855 11857
f 11856 11857 11858
f 11858 11857 11859
f 11858 11859 11860
f 11860 11859 11861
f 11860 11861 11862
f 11862 11861 11863
f 11862 11863 11864
f 11864 11863 11865
f 11864 11865 11866
f 11866 11865 11867
f 11866 11867 11868
f 11868 11867 11869
f 11868 11869 11870
f 11870 11869 11871
f 11870 11871 11872
f 11872 11871 11873
f 11872 11873 11874
f 11874 11873 11875
f 11874 11875 11876
f 11876 11875 11877
f 11876 11877 11878
f 11878 11877 11879
f 11878 11879 11880
f 11880 11879 11881
f 11880 11881 11882
f 11882 11881 11883
f 11882 11883 11884
f 11884 11883 11885
f 11884 11885 11886
f 11886 11885 11887
f 11886 11887 11888
f 11888 11887 11889
f 11888 11889 11890
f 11890 11889 11891
f 11890 11891 11892
f 11892 11891 11893
f 11892 11893 11894
f 11894 11893 11895
f 11894 11895 11835
f 11835 11895 11896
f 11835 11896 11833
f 11897 11898 11899
f 11899 11898 11900
f 11899 11900 11901
f 11901 11900 11902
f 11901 11902 11903
f 11903 11902 11904
f 11903 11904 11905
f 11906 11907 11908
f 11908 11907 11909
f 11908 11909 11910
f 11910 11909 11911
f 11910 11911 11912
f 11912 11911 11913
f 11912 11913 11914
f 11914 11913 11915
f 11914 11915 11916
f 11916 11915 11917
f 11916 11917 11918
f 11918 11917 11919
f 11918 11919 11920
f 11920 11919 11921
f 11920 11921 11922
f 11922 11921 11923
f 11922 11923 11924
f 11924 11923 11925
f 11924 11925 11926
f 11926 11925 11927
f 11926 11927 11897
f 11897 11927 11928
f 11897 11928 11898
f 11904 11929 11905
f 11905 11929 11930
f 11905 11930 11931
f 11931 11930 11932
f 11931 11932 11933
f 11933 11932 11934
f 11933 11934 11935
f 11935 11934 11936
f 11935 11936 11937
f 11937 11936 11938
f 11937 11938 11939
f 11939 11938 11940
f 11939 11940 11941
f 11941 11940 11942
f 11941 11942 11943
f 11943 11942 11944
f 11943 11944 11945
f 11945 11944 11946
f 11945 11946 11947
f 11947 11946 11948
f 11947 11948 11949
f 11949 11948 11950
f 11949 11950 11951
f 11950 11952 11951
f 11951 11952 11953
f 11951 11953 11954
f 11954 11953 11955
f 11954 11955 11956
f 11956 11955 11957
f 11956 11957 11958
f 11958 11957 11959
f 11958 11959 11906
f 11906 11959 11960
f 11906 11960 11907
f 11961 11962 11963
f 11961 11963 11964
f 11965 11966 11967
f 11965 11967 11968
f 11969 11970 11971
f 11969 11971 11972
f 11973 11974 11975
f 11973 11975 11976
f 11977 11978 11979
f 11977 11979 11980
f 11981 11982 11983
f 11981 11983 11984
f 11985 11986 11987
f 11985 11987 11988
f 11989 11990 11991
f 11989 11991 11992
f 11993 11994 11995
f 11993 11995 11996
f 11997 11998 11999
f 11997 11999 12000
f 12001 12002 12003
f 12001 12003 12004
f 12005 12006 12007
f 12005 12007 12008
f 12009 12010 12011
f 12009 12011 12012
f 12013 12014 12015
f 12013 12015 12016
f 12017 12018 12019
f 12017 12019 12020
f 12021 12022 12023
f 12021 12023 12024
f 12025 12026 12027
f 12025 12027 12028
f 12029 12030 12031
f 12029 12031 12032
f 12033 12034 12035
f 12033 12035 12036
f 12037 12038 12039
f 12037 12039 12040
f 12041 12042 12043
f 12041 12043 12044
f 12045 12046 12047
f 12045 12047 12048
f 12049 12050 12051
f 12049 12051 12052
f 12053 12054 12055
f 12053 12055 12056
f 12057 12058 12059
f 12057 12059 12060
f 12061 12062 12063
f 12061 12063 12064
f 12065 12066 12067
f 12065 12067 12068
f 12069 12070 12071
f 12069 12071 12072
f 12073 12074 12075
f 12073 12075 12076
f 12077 12078 12079
f 12077 12079 12080
f 12081 12082 12083
f 12084 12082 12085
f 12086 12087 12088
f 12088 12087 12089
f 12088 12089 12090
f 12090 12089 12091
f 12090 12091 12092
f 12092 12091 12093
f 12092 12093 12083
f 12083 12093 12094
f 12083 12094 12081
f 12085 12095 12084
f 12084 12095 12096
f 12084 12096 12097
f 12097 12096 12098
f 12097 12098 12099
f 12099 12098 12100
f 12099 12100 12101
f 12101 12100 12102
f 12101 12102 12103
f 12103 12102 12104
f 12103 12104 12105
f 12105 12104 12106
f 12105 12106 12107
f 12107 12106 12108
f 12107 12108 12109
f 12109 12108 12110
f 12109 12110 12111
f 12111 12110 12112
f 12111 12112 12113
f 12113 12112 12114
f 12113 12114 12115
f 12115 12114 12116
f 12115 12116 12117
f 12117 12116 12118
f 12117 12118 12119
f 12119 12118 12120
f 12119 12120 12121
f 12121 12120 12122
f 12121 12122 12123
f 12123 12122 12124
f 12123 12124 12125
f 12125 12124 12126
f 12125 12126 12127
f 12127 12126 12128
f 12127 12128 12129
f 12129 12128 12130
f 12129 12130 12131
f 12131 12130 12132
f 12131 12132 12133
f 12133 12132 12134
f 12133 12134 12135
f 12135 12134 12136
f 12135 12136 12137
f 12137 12136 12138
f 12137 12138 12139
f 12139 12138 12140
f 12139 12140 12141
f 12141 12140 12142
f 12141 12142 12086
f 12086 12142 12143
f 12086 12143 12087
f 12144 12145 12146
f 12146 12145 12147
f 12148 12149 12150
f 12150 12149 12151
f 12150 12151 12152
f 12153 12154 12155
f 12155 12154 12156
f 12157 12158 12159
f 12159 12158 12160
f 12161 12162 12163
f 12163 12162 12164
f 12163 12164 12165
f 12166 12167 12168
f 12168 12167 12169
f 12170 12171 12172
f 12173 12174 12175
f 12175 12174 12172
f 12172 12174 12176
f 12172 12176 12170
f 12177 12178 12179
f 12179 12178 12180
f 12179 12180 12181
f 12181 12180 12182
f 12181 12182 12183
f 12183 12182 12184
f 12183 12184 12185
f 12185 12184 12186
f 12185 12186 12171
f 12171 12186 12187
f 12188 12172 12189
f 12189 12172 12171
f 12189 12171 12190
f 12190 12171 12187
f 12191 12192 12193
f 12193 12192 12194
f 12193 12194 12195
f 12195 12194 12196
f 12195 12196 12197
f 12197 12196 12198
f 12197 12198 12199
f 12199 12198 12200
f 12199 12200 12201
f 12201 12200 12202
f 12201 12202 12177
f 12177 12202 12203
f 12177 12203 12178
f 12204 12205 12206
f 12206 12205 12207
f 12206 12207 12208
f 12208 12207 12209
f 12208 12209 12210
f 12210 12209 12211
f 12210 12211 12212
f 12212 12211 12213
f 12212 12213 12214
f 12214 12213 12215
f 12214 12215 12191
f 12191 12215 12216
f 12191 12216 12192
f 12173 12175 12217
f 12217 12175 12218
f 12217 12218 12219
f 12219 12220 12217
f 12217 12220 12221
f 12217 12221 12222
f 12222 12221 12223
f 12222 12223 12224
f 12224 12223 12225
f 12224 12225 12226
f 12226 12225 12227
f 12226 12227 12204
f 12204 12227 12228
f 12204 12228 12205
f 12229 12230 12231
f 12232 12233 12234
f 12230 12235 12231
f 12231 12235 12236
f 12231 12236 12237
f 12237 12236 12238
f 12238 12236 12239
f 12238 12239 12240
f 12234 12233 12241
f 12242 12243 12244
f 12241 12233 12231
f 12231 12233 12245
f 12231 12245 12229
f 12246 12247 12248
f 12246 12249 12247
f 12247 12249 12250
f 12247 12250 12251
f 12240 12252 12238
f 12238 12252 12246
f 12238 12246 12253
f 12253 12246 12248
f 12242 12244 12234
f 12234 12244 12254
f 12234 12254 12232
f 12255 12256 12257
f 12257 12256 12258
f 12259 12260 12261
f 12261 12260 12262
f 12263 12264 12265
f 12265 12264 12266
f 12267 12268 12269
f 12269 12268 12270
f 12271 12272 12273
f 12273 12272 12274
f 12275 12276 12277
f 12277 12276 12278
f 12279 12280 12281
f 12281 12280 12282
f 12283 12284 12285
f 12285 12284 12286
f 12287 12288 12289
f 12289 12288 12290
f 12291 12292 12293
f 12293 12292 12294
f 12295 12296 12297
f 12297 12296 12298
f 12299 12300 12301
f 12301 12300 12302
f 12303 12304 12305
f 12305 12304 12306
f 12307 12308 12309
f 12310 12311 12312
f 12310 12312 12313
f 12314 12315 12316
f 12316 12315 12317
f 12316 12317 12311
f 12318 12312 12319
f 12319 12312 12311
f 12319 12311 12320
f 12320 12311 12317
f 12309 12308 12321
f 12322 12323 12324
f 12324 12323 12325
f 12324 12325 12326
f 12326 12325 12327
f 12326 12327 12328
f 12328 12327 12329
f 12328 12329 12330
f 12330 12329 12331
f 12330 12331 12332
f 12332 12331 12333
f 12332 12333 12334
f 12334 12333 12335
f 12334 12335 12336
f 12313 12312 12337
f 12337 12312 12338
f 12337 12338 12309
f 12309 12338 12339
f 12309 12339 12307
f 12335 12340 12336
f 12336 12340 12341
f 12336 12341 12342
f 12342 12341 12343
f 12342 12343 12344
f 12344 12343 12345
f 12344 12345 12346
f 12346 12345 12347
f 12346 12347 12348
f 12348 12347 12349
f 12348 12349 12350
f 12350 12349 12351
f 12350 12351 12314
f 12314 12351 12352
f 12314 12352 12315
f 12308 12353 12321
f 12321 12353 12354
f 12321 12354 12355
f 12355 12354 12356
f 12355 12356 12357
f 12357 12356 12358
f 12357 12358 12359
f 12359 12358 12360
f 12359 12360 12361
f 12361 12360 12362
f 12361 12362 12363
f 12363 12362 12364
f 12363 12364 12322
f 12322 12364 12365
f 12322 12365 12323
f 12366 12367 12368
f 12369 12370 12371
f 12367 12372 12368
f 12368 12372 12373
f 12368 12373 12374
f 12374 12373 12375
f 12366 12368 12371
f 12371 12368 12376
f 12371 12376 12369
f 12373 12377 12375
f 12375 12377 12378
f 12375 12378 12379
f 12370 12380 12371
f 12371 12380 12381
f 12371 12381 12382
f 12383 12384 12385
f 12385 12384 12386
f 12382 12387 12371
f 12371 12387 12384
f 12371 12384 12388
f 12388 12384 12383
f 12379 12389 12375
f 12375 12389 12390
f 12375 12390 12391
f 12392 12393 12394
f 12394 12393 12395
f 12396 12397 12398
f 12398 12397 12399
f 12400 12401 12402
f 12402 12401 12403
f 12404 12405 12406
f 12406 12405 12407
f 12408 12409 12410
f 12410 12409 12411
f 12412 12413 12414
f 12414 12413 12415
f 12416 12417 12418
f 12418 12417 12419
f 12420 12421 12422
f 12422 12421 12423
f 12424 12425 12426
f 12426 12425 12427
f 12428 12429 12430
f 12430 12429 12431
f 12432 12433 12434
f 12434 12433 12435
f 12436 12437 12438
f 12438 12437 12439
f 12440 12441 12442
f 12442 12441 12443
