v 1.1230837344555764e-06 0.002135998336598277 0.02249997667968273
v 1.1230837344555764e-06 0.01213600393384695 0.02249997667968273
v 0.005385724827647208 0.002135998336598277 0.021846173331141472
v 0.005385724827647208 0.01213600393384695 0.021846173331141472
v 0.005385724827647208 0.002135998336598277 0.021846173331141472
v 0.005385724827647208 0.01213600393384695 0.021846173331141472
v 0.010457394644618033 0.002135998336598277 0.019922791048884392
v 0.010457394644618033 0.01213600393384695 0.019922791048884392
v 0.010457394644618033 0.002135998336598277 0.019922791048884392
v 0.010457394644618033 0.01213600393384695 0.019922791048884392
v 0.014921380206942557 0.002135998336598277 0.016841469332575798
v 0.014921380206942557 0.01213600393384695 0.016841469332575798
v 0.014921380206942557 0.002135998336598277 0.016841469332575798
v 0.014921380206942557 0.01213600393384695 0.016841469332575798
v 0.018518259748816487 0.002135998336598277 0.012781438417732716
v 0.018518259748816487 0.01213600393384695 0.012781438417732716
v 0.018518259748816487 0.002135998336598277 0.012781438417732716
v 0.018518259748816487 0.01213600393384695 0.012781438417732716
v 0.021038992330431935 0.002135998336598277 0.00797861535102129
v 0.021038992330431935 0.01213600393384695 0.00797861535102129
v 0.021038992330431935 0.002135998336598277 0.00797861535102129
v 0.021038992330431935 0.01213600393384695 0.00797861535102129
v 0.022337077185511586 0.002135998336598277 0.0027120683807879686
v 0.022337077185511586 0.01213600393384695 0.0027120683807879686
v 0.022337077185511586 0.002135998336598277 0.0027120683807879686
v 0.022337077185511586 0.01213600393384695 0.0027120683807879686
v 0.022337077185511586 0.002135998336598277 -0.002712073503062129
v 0.022337077185511586 0.01213600393384695 -0.002712073503062129
v 0.022337077185511586 0.002135998336598277 -0.002712073503062129
v 0.022337077185511586 0.01213600393384695 -0.002712073503062129
v 0.021038992330431935 0.002135998336598277 -0.007978620938956738
v 0.021038992330431935 0.01213600393384695 -0.007978620938956738
v 0.021038992330431935 0.002135998336598277 -0.007978620938956738
v 0.021038992330431935 0.01213600393384695 -0.007978620938956738
v 0.018518259748816487 0.002135998336598277 -0.012781444005668163
v 0.018518259748816487 0.01213600393384695 -0.012781444005668163
v 0.018518259748816487 0.002135998336598277 -0.012781444005668163
v 0.018518259748816487 0.01213600393384695 -0.012781444005668163
v 0.014921380206942557 0.002135998336598277 -0.016841473057866096
v 0.014921380206942557 0.01213600393384695 -0.016841473057866096
v 0.014921380206942557 0.002135998336598277 -0.016841473057866096
v 0.014921380206942557 0.01213600393384695 -0.016841473057866096
v 0.010457394644618033 0.002135998336598277 -0.019922735169529915
v 0.010457394644618033 0.01213600393384695 -0.019922735169529915
v 0.010457394644618033 0.002135998336598277 -0.019922735169529915
v 0.010457394644618033 0.01213600393384695 -0.019922735169529915
v 0.005385724827647208 0.002135998336598277 -0.02184617705643177
v 0.005385724827647208 0.01213600393384695 -0.02184617705643177
v 0.005385724827647208 0.002135998336598277 -0.02184617705643177
v 0.005385724827647208 0.01213600393384695 -0.02184617705643177
v 1.1230837344555764e-06 0.002135998336598277 -0.02249998040497303
v 1.1230837344555764e-06 0.01213600393384695 -0.02249998040497303
v -0.022498877719044682 -1.1722623982635128e-09 -0.07150000333786011
v -0.022498877719044682 -1.1722623982635128e-09 -0.08149999380111694
v -0.021845066919922825 0.005384600255638361 -0.07150000333786011
v -0.021845066919922825 0.005384600255638361 -0.08149999380111694
v -0.021845066919922825 0.005384600255638361 -0.07150000333786011
v -0.021845066919922825 0.005384600255638361 -0.08149999380111694
v -0.019921636208891865 0.010456270538270473 -0.07150000333786011
v -0.019921636208891865 0.010456270538270473 -0.08149999380111694
v -0.019921636208891865 0.010456270538270473 -0.07150000333786011
v -0.019921636208891865 0.010456270538270473 -0.08149999380111694
v -0.01684036664664745 0.014920263551175594 -0.07150000333786011
v -0.01684036664664745 0.014920263551175594 -0.08149999380111694
v -0.01684036664664745 0.014920263551175594 -0.07150000333786011
v -0.01684036664664745 0.014920263551175594 -0.08149999380111694
v -0.012780332937836645 0.018517134711146355 -0.07150000333786011
v -0.012780332937836645 0.018517134711146355 -0.08149999380111694
v -0.012780332937836645 0.018517134711146355 -0.07150000333786011
v -0.012780332937836645 0.018517134711146355 -0.08149999380111694
v -0.007977487519383429 0.021037867292761803 -0.07150000333786011
v -0.007977487519383429 0.021037867292761803 -0.08149999380111694
v -0.007977487519383429 0.021037867292761803 -0.07150000333786011
v -0.007977487519383429 0.021037867292761803 -0.08149999380111694
v -0.002710947766900062 0.022335952147841454 -0.07150000333786011
v -0.002710947766900062 0.022335952147841454 -0.08149999380111694
v -0.002710947766900062 0.022335952147841454 -0.07150000333786011
v -0.002710947766900062 0.022335952147841454 -0.08149999380111694
v 0.0027132015675306316 0.022335952147841454 -0.07150000333786011
v 0.0027132015675306316 0.022335952147841454 -0.08149999380111694
v 0.0027132015675306316 0.022335952147841454 -0.07150000333786011
v 0.0027132015675306316 0.022335952147841454 -0.08149999380111694
v 0.007979733869433401 0.021037867292761803 -0.07150000333786011
v 0.007979733869433401 0.021037867292761803 -0.08149999380111694
v 0.007979733869433401 0.021037867292761803 -0.07150000333786011
v 0.007979733869433401 0.021037867292761803 -0.08149999380111694
v 0.012782579287886618 0.018517134711146355 -0.07150000333786011
v 0.012782579287886618 0.018517134711146355 -0.08149999380111694
v 0.012782579287886618 0.018517134711146355 -0.07150000333786011
v 0.012782579287886618 0.018517134711146355 -0.08149999380111694
v 0.01684261672198772 0.014920263551175594 -0.07150000333786011
v 0.01684261672198772 0.014920263551175594 -0.08149999380111694
v 0.01684261672198772 0.014920263551175594 -0.07150000333786011
v 0.01684261672198772 0.014920263551175594 -0.08149999380111694
v 0.019923886284232136 0.010456270538270473 -0.07150000333786011
v 0.019923886284232136 0.010456270538270473 -0.08149999380111694
v 0.019923886284232136 0.010456270538270473 -0.07150000333786011
v 0.019923886284232136 0.010456270538270473 -0.08149999380111694
v 0.021847313269972798 0.005384600255638361 -0.07150000333786011
v 0.021847313269972798 0.005384600255638361 -0.08149999380111694
v 0.021847313269972798 0.005384600255638361 -0.07150000333786011
v 0.021847313269972798 0.005384600255638361 -0.08149999380111694
v 0.022501124069094654 -1.172030583695971e-09 -0.07150000333786011
v 0.022501124069094654 -1.172030583695971e-09 -0.08149999380111694
v 1.1230837344555764e-06 0.009436002932488918 -0.028199972584843636
v 1.1230837344555764e-06 0.0034359979908913374 -0.028199972584843636
v -0.006273968145251273 0.0034359979908913374 -0.027492942288517952
v -0.006273968145251273 0.009436002932488918 -0.027492942288517952
v -0.006273968145251273 0.009436002932488918 -0.027492942288517952
v -0.006273968145251273 0.0034359979908913374 -0.027492942288517952
v -0.012234399095177649 0.0034359979908913374 -0.02540731616318226
v -0.012234399095177649 0.009436002932488918 -0.02540731616318226
v -0.012234399095177649 0.009436002932488918 -0.02540731616318226
v -0.012234399095177649 0.0034359979908913374 -0.02540731616318226
v -0.01758128963410854 0.0034359979908913374 -0.02204764075577259
v -0.01758128963410854 0.009436002932488918 -0.02204764075577259
v -0.01758128963410854 0.009436002932488918 -0.02204764075577259
v -0.01758128963410854 0.0034359979908913374 -0.02204764075577259
v -0.02204652316868305 0.0034359979908913374 -0.017582418397068977
v -0.02204652316868305 0.009436002932488918 -0.017582418397068977
v -0.02204652316868305 0.009436002932488918 -0.017582418397068977
v -0.02204652316868305 0.0034359979908913374 -0.017582418397068977
v -0.025406198576092717 0.0034359979908913374 -0.01223552506417036
v -0.025406198576092717 0.009436002932488918 -0.01223552506417036
v -0.025406198576092717 0.009436002932488918 -0.01223552506417036
v -0.025406198576092717 0.0034359979908913374 -0.01223552506417036
v -0.027491843327879902 0.0034359979908913374 -0.006275119725614786
v -0.027491843327879902 0.009436002932488918 -0.006275119725614786
v -0.027491843327879902 0.009436002932488918 -0.006275119725614786
v -0.027491843327879902 0.0034359979908913374 -0.006275119725614786
v -0.028198877349495884 0.0034359979908913374 -2.5509288015257425e-09
v -0.028198877349495884 0.009436002932488918 -2.5509288015257425e-09
v -0.028198877349495884 0.009436002932488918 -2.5509288015257425e-09
v -0.028198877349495884 0.0034359979908913374 -2.5509288015257425e-09
v -0.027491843327879902 0.0034359979908913374 0.006275115069001913
v -0.027491843327879902 0.009436002932488918 0.006275115069001913
v -0.027491843327879902 0.009436002932488918 0.006275115069001913
v -0.027491843327879902 0.0034359979908913374 0.006275115069001913
v -0.025406198576092717 0.0034359979908913374 0.012235519476234913
v -0.025406198576092717 0.009436002932488918 0.012235519476234913
v -0.025406198576092717 0.009436002932488918 0.012235519476234913
v -0.025406198576092717 0.0034359979908913374 0.012235519476234913
v -0.02204652316868305 0.0034359979908913374 0.01758241467177868
v -0.02204652316868305 0.009436002932488918 0.01758241467177868
v -0.02204652316868305 0.009436002932488918 0.01758241467177868
v -0.02204652316868305 0.0034359979908913374 0.01758241467177868
v -0.01758128963410854 0.0034359979908913374 0.022047637030482292
v -0.01758128963410854 0.009436002932488918 0.022047637030482292
v -0.01758128963410854 0.009436002932488918 0.022047637030482292
v -0.01758128963410854 0.0034359979908913374 0.022047637030482292
v -0.012234399095177649 0.0034359979908913374 0.02540731243789196
v -0.012234399095177649 0.009436002932488918 0.02540731243789196
v -0.012234399095177649 0.009436002932488918 0.02540731243789196
v -0.012234399095177649 0.0034359979908913374 0.02540731243789196
v -0.006273968145251273 0.0034359979908913374 0.027492938563227654
v -0.006273968145251273 0.009436002932488918 0.027492938563227654
v -0.006273968145251273 0.009436002932488918 0.027492938563227654
v -0.006273968145251273 0.0034359979908913374 0.027492938563227654
v 1.1230837344555764e-06 0.0034359979908913374 0.028200028464198112
v 1.1230837344555764e-06 0.009436002932488918 0.028200028464198112
v 0.003051480278372764 -0.028839116916060448 -0.06999999284744263
v 1.1230838481424141e-06 -0.029000001028180122 -0.07300001382827759
v 0.0060694124549627295 -0.028357988223433495 -0.06999999284744263
v 0.0060694124549627295 -0.028357988223433495 -0.06999999284744263
v 1.1230838481424141e-06 -0.029000001028180122 -0.07300001382827759
v 0.006216092035174369 -0.028326211497187614 -0.07300001382827759
v 0.0060694124549627295 -0.028357988223433495 -0.06999999284744263
v 0.006216092035174369 -0.028326211497187614 -0.07300001382827759
v 0.009020527824759482 -0.027561770752072334 -0.06999999284744263
v 0.009020527824759482 -0.027561770752072334 -0.06999999284744263
v 0.006216092035174369 -0.028326211497187614 -0.07300001382827759
v 0.011871157214045523 -0.02645944617688656 -0.06999999284744263
v 0.011871157214045523 -0.02645944617688656 -0.06999999284744263
v 0.006216092035174369 -0.028326211497187614 -0.07300001382827759
v 0.012142254039645193 -0.026336153969168663 -0.07300001382827759
v 0.011871157214045523 -0.02645944617688656 -0.06999999284744263
v 0.012142254039645193 -0.026336153969168663 -0.07300001382827759
v 0.012142254039645193 -0.026336153969168663 -0.06999999284744263
v 0.019513232633471485 -0.021454090252518654 -0.06999999284744263
v 0.017504250630736348 -0.023122301325201988 -0.06999999284744263
v 0.01750424318015575 -0.023122301325201988 -0.07300001382827759
v 0.01750424318015575 -0.023122301325201988 -0.07300001382827759
v 0.017504250630736348 -0.023122301325201988 -0.06999999284744263
v 0.01714680157601833 -0.023388581350445747 -0.06999999284744263
v 0.01750424318015575 -0.023122301325201988 -0.07300001382827759
v 0.01714680157601833 -0.023388581350445747 -0.06999999284744263
v 0.012142254039645193 -0.026336153969168663 -0.07300001382827759
v 0.012142254039645193 -0.026336153969168663 -0.07300001382827759
v 0.01714680157601833 -0.023388581350445747 -0.06999999284744263
v 0.014589911326766012 -0.025063252076506615 -0.06999999284744263
v 0.012142254039645193 -0.026336153969168663 -0.07300001382827759
v 0.014589911326766012 -0.025063252076506615 -0.06999999284744263
v 0.012142254039645193 -0.026336153969168663 -0.06999999284744263
v 0.019513232633471485 -0.021454090252518654 -0.06999999284744263
v 0.01750424318015575 -0.023122301325201988 -0.07300001382827759
v 0.021662754938006398 -0.019281426444649696 -0.06999993324279785
v 0.021662754938006398 -0.019281426444649696 -0.06999993324279785
v 0.01750424318015575 -0.023122301325201988 -0.07300001382827759
v 0.022052897140383717 -0.01883399300277233 -0.07300001382827759
v 0.021662754938006398 -0.019281426444649696 -0.06999993324279785
v 0.022052897140383717 -0.01883399300277233 -0.07300001382827759
v 0.02205288968980312 -0.018833989277482033 -0.06999993324279785
v 0.02557684294879436 -0.01367050502449274 -0.07300001382827759
v 0.02557684294879436 -0.01367050502449274 -0.06999999284744263
v 0.0252190139144659 -0.014319856651127338 -0.0700000524520874
v 0.02557684294879436 -0.01367050502449274 -0.07300001382827759
v 0.0252190139144659 -0.014319856651127338 -0.0700000524520874
v 0.022052897140383717 -0.01883399300277233 -0.07300001382827759
v 0.022052897140383717 -0.01883399300277233 -0.07300001382827759
v 0.0252190139144659 -0.014319856651127338 -0.0700000524520874
v 0.023571809753775593 -0.016894465312361717 -0.06999999284744263
v 0.022052897140383717 -0.01883399300277233 -0.07300001382827759
v 0.023571809753775593 -0.016894465312361717 -0.06999999284744263
v 0.02205288968980312 -0.018833989277482033 -0.06999993324279785
v 0.027912324294447895 -0.007871774025261402 -0.07300001382827759
v 0.02765782736241817 -0.00872389692813158 -0.06999993324279785
v 0.02557684294879436 -0.01367050502449274 -0.07300001382827759
v 0.02557684294879436 -0.01367050502449274 -0.07300001382827759
v 0.02765782736241817 -0.00872389692813158 -0.06999993324279785
v 0.02658606134355068 -0.011586242355406284 -0.06999999284744263
v 0.02557684294879436 -0.01367050502449274 -0.07300001382827759
v 0.02658606134355068 -0.011586242355406284 -0.06999999284744263
v 0.02557684294879436 -0.01367050502449274 -0.06999999284744263
v 0.028871273621916767 -0.00274132308550179 -0.0700000524520874
v 0.02842241339385509 -0.005764597561210394 -0.06999999284744263
v 0.027912324294447895 -0.007871774025261402 -0.07300001382827759
v 0.027912324294447895 -0.007871774025261402 -0.07300001382827759
v 0.02842241339385509 -0.005764597561210394 -0.06999999284744263
v 0.027912324294447895 -0.007871774025261402 -0.06999993324279785
v 0.027912324294447895 -0.007871774025261402 -0.07300001382827759
v 0.027912324294447895 -0.007871774025261402 -0.06999993324279785
v 0.02765782736241817 -0.00872389692813158 -0.06999993324279785
v 0.027912324294447895 -0.007871774025261402 -0.07300001382827759
v 0.028950823470950123 -0.0017072532791644335 -0.07300001382827759
v 0.028871273621916767 -0.00274132308550179 -0.0700000524520874
v 0.028871273621916767 -0.00274132308550179 -0.0700000524520874
v 0.028950823470950123 -0.0017072532791644335 -0.07300001382827759
v 0.029001122340559956 -1.1719970549606273e-09 -0.07300001382827759
v 0.028871273621916767 -0.00274132308550179 -0.0700000524520874
v 0.029001122340559956 -1.1719970549606273e-09 -0.07300001382827759
v 0.029001122340559956 -1.1719970549606273e-09 -0.06999993324279785
v -0.028998872265219685 -1.172295815976554e-09 -0.06999993324279785
v -0.028998875990509983 -1.172295815976554e-09 -0.07300001382827759
v -0.02883791364729404 -0.0030512523371726274 -0.0700000524520874
v -0.02883791364729404 -0.0030512523371726274 -0.0700000524520874
v -0.028998875990509983 -1.172295815976554e-09 -0.07300001382827759
v -0.02894857712090015 -0.0017072532791644335 -0.07300001382827759
v -0.02883791364729404 -0.0030512523371726274 -0.0700000524520874
v -0.02894857712090015 -0.0017072532791644335 -0.07300001382827759
v -0.028356602415442463 -0.006069561000913382 -0.06999999284744263
v -0.028356602415442463 -0.006069561000913382 -0.06999999284744263
v -0.02894857712090015 -0.0017072532791644335 -0.07300001382827759
v -0.027910077944397923 -0.007871774025261402 -0.07300001382827759
v -0.028356602415442463 -0.006069561000913382 -0.06999999284744263
v -0.027910077944397923 -0.007871774025261402 -0.07300001382827759
v -0.027910074219107624 -0.007871774025261402 -0.06999993324279785
v -0.025061497464776036 -0.014589902944862843 -0.0700000524520874
v -0.02557459659874439 -0.01367050502449274 -0.06999999284744263
v -0.02557459287345409 -0.01367050502449274 -0.07300001382827759
v -0.02557459287345409 -0.01367050502449274 -0.07300001382827759
v -0.02557459659874439 -0.01367050502449274 -0.06999999284744263
v -0.02645785920321941 -0.01187105942517519 -0.06999999284744263
v -0.02557459287345409 -0.01367050502449274 -0.07300001382827759
v -0.02645785920321941 -0.01187105942517519 -0.06999999284744263
v -0.027910077944397923 -0.007871774025261402 -0.07300001382827759
v -0.027910077944397923 -0.007871774025261402 -0.07300001382827759
v -0.02645785920321941 -0.01187105942517519 -0.06999999284744263
v -0.027560314163565632 -0.009020362980663776 -0.06999993324279785
v -0.027910077944397923 -0.007871774025261402 -0.07300001382827759
v -0.027560314163565632 -0.009020362980663776 -0.06999993324279785
v -0.027910074219107624 -0.007871774025261402 -0.06999993324279785
v -0.025061497464776036 -0.014589902944862843 -0.0700000524520874
v -0.02557459287345409 -0.01367050502449274 -0.07300001382827759
v -0.023386767134070393 -0.017146622762084007 -0.06999999284744263
v -0.023386767134070393 -0.017146622762084007 -0.06999999284744263
v -0.02557459287345409 -0.01367050502449274 -0.07300001382827759
v -0.022050650790333744 -0.01883399300277233 -0.07300001382827759
v -0.023386767134070393 -0.017146622762084007 -0.06999999284744263
v -0.022050650790333744 -0.01883399300277233 -0.07300001382827759
v -0.022050643339753147 -0.018833989277482033 -0.06999993324279785
v -0.016892375424504277 -0.023571373894810677 -0.06999999284744263
v -0.017502000555396077 -0.023122301325201988 -0.06999999284744263
v -0.017501996830105778 -0.023122301325201988 -0.07300001382827759
v -0.017501996830105778 -0.023122301325201988 -0.07300001382827759
v -0.017502000555396077 -0.023122301325201988 -0.06999999284744263
v -0.019279388710856434 -0.021662460640072823 -0.06999999284744263
v -0.017501996830105778 -0.023122301325201988 -0.07300001382827759
v -0.019279388710856434 -0.021662460640072823 -0.06999999284744263
v -0.022050650790333744 -0.01883399300277233 -0.07300001382827759
v -0.022050650790333744 -0.01883399300277233 -0.07300001382827759
v -0.019279388710856434 -0.021662460640072823 -0.06999999284744263
v -0.02145225368440151 -0.019512871280312538 -0.06999993324279785
v -0.022050650790333744 -0.01883399300277233 -0.07300001382827759
v -0.02145225368440151 -0.019512871280312538 -0.06999993324279785
v -0.022050643339753147 -0.018833989277482033 -0.06999993324279785
v -0.016892375424504277 -0.023571373894810677 -0.06999999284744263
v -0.017501996830105778 -0.023122301325201988 -0.07300001382827759
v -0.014317823573946951 -0.025218388065695763 -0.06999999284744263
v -0.014317823573946951 -0.025218388065695763 -0.06999999284744263
v -0.017501996830105778 -0.023122301325201988 -0.07300001382827759
v -0.01214000768959522 -0.026336153969168663 -0.07300001382827759
v -0.014317823573946951 -0.025218388065695763 -0.06999999284744263
v -0.01214000768959522 -0.026336153969168663 -0.07300001382827759
v -0.01214000768959522 -0.026336153969168663 -0.06999999284744263
v -0.006213841959834098 -0.028326211497187614 -0.07300001382827759
v -0.006213841959834098 -0.028326207771897316 -0.06999999284744263
v -0.00872155837714672 -0.02765710838139057 -0.06999999284744263
v -0.006213841959834098 -0.028326211497187614 -0.07300001382827759
v -0.00872155837714672 -0.02765710838139057 -0.06999999284744263
v -0.01214000768959522 -0.026336153969168663 -0.07300001382827759
v -0.01214000768959522 -0.026336153969168663 -0.07300001382827759
v -0.00872155837714672 -0.02765710838139057 -0.06999999284744263
v -0.011584015563130377 -0.026585424318909645 -0.06999999284744263
v -0.01214000768959522 -0.026336153969168663 -0.07300001382827759
v -0.011584015563130377 -0.026585424318909645 -0.06999999284744263
v -0.01214000768959522 -0.026336153969168663 -0.06999999284744263
v 0.003051480278372764 -0.028839116916060448 -0.06999999284744263
v 1.1230838481424141e-06 -0.029000001028180122 -0.06999999284744263
v 1.1230838481424141e-06 -0.029000001028180122 -0.07300001382827759
v 1.1230838481424141e-06 -0.029000001028180122 -0.07300001382827759
v 1.1230838481424141e-06 -0.029000001028180122 -0.06999999284744263
v -0.0027391780167818065 -0.02887023240327835 -0.06999999284744263
v 1.1230838481424141e-06 -0.029000001028180122 -0.07300001382827759
v -0.0027391780167818065 -0.02887023240327835 -0.06999999284744263
v -0.006213841959834098 -0.028326211497187614 -0.07300001382827759
v -0.006213841959834098 -0.028326211497187614 -0.07300001382827759
v -0.0027391780167818065 -0.02887023240327835 -0.06999999284744263
v -0.005762407556176185 -0.028421493247151375 -0.06999999284744263
v -0.006213841959834098 -0.028326211497187614 -0.07300001382827759
v -0.005762407556176185 -0.028421493247151375 -0.06999999284744263
v -0.006213841959834098 -0.028326207771897316 -0.06999999284744263
v 1.1230837344555764e-06 0.01213600393384695 -0.028500022366642952
v 1.1230837344555764e-06 0.009436002932488918 -0.028500022366642952
v -0.00620133988559246 0.009436002932488918 -0.0278168935328722
v -0.00620133988559246 0.01213600393384695 -0.0278168935328722
v -0.00620133988559246 0.01213600393384695 -0.0278168935328722
v -0.00620133988559246 0.009436002932488918 -0.0278168935328722
v -0.012106472626328467 0.009436002932488918 -0.02580028958618641
v -0.012106472626328467 0.01213600393384695 -0.02580028958618641
v -0.012106472626328467 0.01213600393384695 -0.02580028958618641
v -0.012106472626328467 0.009436002932488918 -0.02580028958618641
v -0.01743119768798351 0.009436002932488918 -0.022546948865056038
v -0.01743119768798351 0.01213600393384695 -0.022546948865056038
v -0.01743119768798351 0.01213600393384695 -0.022546948865056038
v -0.01743119768798351 0.009436002932488918 -0.022546948865056038
v -0.02192026190459728 0.009436002932488918 -0.018212737515568733
v -0.02192026190459728 0.01213600393384695 -0.018212737515568733
v -0.02192026190459728 0.01213600393384695 -0.018212737515568733
v -0.02192026190459728 0.009436002932488918 -0.018212737515568733
v -0.02535847388207912 0.009436002932488918 -0.013005438260734081
v -0.02535847388207912 0.01213600393384695 -0.013005438260734081
v -0.02535847388207912 0.01213600393384695 -0.013005438260734081
v -0.02535847388207912 0.009436002932488918 -0.013005438260734081
v -0.027581008151173588 0.009436002932488918 -0.0071746730245649815
v -0.027581008151173588 0.01213600393384695 -0.0071746730245649815
v -0.027581008151173588 0.01213600393384695 -0.0071746730245649815
v -0.027581008151173588 0.009436002932488918 -0.0071746730245649815
v -0.028481325134634968 0.009436002932488918 -0.0009999896865338087
v -0.028481325134634968 0.01213600393384695 -0.0009999896865338087
v 1.1230837344555764e-06 0.01213600393384695 0.028500018641352654
v 1.1230837344555764e-06 0.009436002932488918 0.028500018641352654
v 0.0059266071766614905 0.009436002932488918 0.027877209708094597
v 0.0059266071766614905 0.01213600393384695 0.027877209708094597
v 0.0059266071766614905 0.01213600393384695 0.027877209708094597
v 0.0059266071766614905 0.009436002932488918 0.027877209708094597
v 0.01159311644732952 0.009436002932488918 0.02603602223098278
v 0.01159311644732952 0.01213600393384695 0.02603602223098278
v 0.01159311644732952 0.01213600393384695 0.02603602223098278
v 0.01159311644732952 0.009436002932488918 0.02603602223098278
v 0.01675300113856792 0.009436002932488918 0.023056982085108757
v 0.01675300113856792 0.01213600393384695 0.023056982085108757
v 0.01675300113856792 0.01213600393384695 0.023056982085108757
v 0.01675300113856792 0.009436002932488918 0.023056982085108757
v 0.021180754527449604 0.009436002932488918 0.019070206210017204
v 0.021180754527449604 0.01213600393384695 0.019070206210017204
v 0.021180754527449604 0.01213600393384695 0.019070206210017204
v 0.021180754527449604 0.009436002932488918 0.019070206210017204
v 0.02468284778296947 0.009436002932488918 0.01424997765570879
v 0.02468284778296947 0.01213600393384695 0.01424997765570879
v 0.02468284778296947 0.01213600393384695 0.01424997765570879
v 0.02468284778296947 0.009436002932488918 0.01424997765570879
v 0.027106231078505513 0.009436002932488918 0.008807000704109669
v 0.027106231078505513 0.01213600393384695 0.008807000704109669
v 0.027106231078505513 0.01213600393384695 0.008807000704109669
v 0.027106231078505513 0.009436002932488918 0.008807000704109669
v 0.028344994410872456 0.009436002932488918 0.0029790375847369432
v 0.028344994410872456 0.01213600393384695 0.0029790375847369432
v 0.028344994410872456 0.01213600393384695 0.0029790375847369432
v 0.028344994410872456 0.009436002932488918 0.0029790375847369432
v 0.028344994410872456 0.009436002932488918 -0.0029790427070111036
v 0.028344994410872456 0.01213600393384695 -0.0029790427070111036
v 0.028344994410872456 0.01213600393384695 -0.0029790427070111036
v 0.028344994410872456 0.009436002932488918 -0.0029790427070111036
v 0.027106231078505513 0.009436002932488918 -0.008807006292045116
v 0.027106231078505513 0.01213600393384695 -0.008807006292045116
v 0.027106231078505513 0.01213600393384695 -0.008807006292045116
v 0.027106231078505513 0.009436002932488918 -0.008807006292045116
v 0.02468284778296947 0.009436002932488918 -0.014249983243644238
v 0.02468284778296947 0.01213600393384695 -0.014249983243644238
v 0.02468284778296947 0.01213600393384695 -0.014249983243644238
v 0.02468284778296947 0.009436002932488918 -0.014249983243644238
v 0.021180754527449604 0.009436002932488918 -0.019070209935307503
v 0.021180754527449604 0.01213600393384695 -0.019070209935307503
v 0.021180754527449604 0.01213600393384695 -0.019070209935307503
v 0.021180754527449604 0.009436002932488918 -0.019070209935307503
v 0.01675300113856792 0.009436002932488918 -0.023056985810399055
v 0.01675300113856792 0.01213600393384695 -0.023056985810399055
v 0.01675300113856792 0.01213600393384695 -0.023056985810399055
v 0.01675300113856792 0.009436002932488918 -0.023056985810399055
v 0.01159311644732952 0.009436002932488918 -0.02603602595627308
v 0.01159311644732952 0.01213600393384695 -0.02603602595627308
v 0.01159311644732952 0.01213600393384695 -0.02603602595627308
v 0.01159311644732952 0.009436002932488918 -0.02603602595627308
v 0.0059266071766614905 0.009436002932488918 -0.027877213433384895
v 0.0059266071766614905 0.01213600393384695 -0.027877213433384895
v 0.0059266071766614905 0.01213600393384695 -0.027877213433384895
v 0.0059266071766614905 0.009436002932488918 -0.027877213433384895
v 1.1230837344555764e-06 0.009436002932488918 -0.028500022366642952
v 1.1230837344555764e-06 0.01213600393384695 -0.028500022366642952
v 0.028701124712824818 -1.1719986092728618e-09 -0.07960116863250732
v 0.028701124712824818 -1.1719986092728618e-09 -0.07300001382827759
v 0.02807395718991756 -0.005967067088931799 -0.07300001382827759
v 0.02807395718991756 -0.005967067088931799 -0.07960116863250732
v 0.02807395718991756 -0.005967067088931799 -0.07960116863250732
v 0.02807395718991756 -0.005967067088931799 -0.07300001382827759
v 0.026219880208373066 -0.011673339642584324 -0.07300001382827759
v 0.026219880208373066 -0.011673339642584324 -0.07960116863250732
v 0.026219880208373066 -0.011673339642584324 -0.07960116863250732
v 0.026219880208373066 -0.011673339642584324 -0.07300001382827759
v 0.023219911381602284 -0.01686943881213665 -0.07300001382827759
v 0.023219911381602284 -0.01686943881213665 -0.07960116863250732
v 0.023219911381602284 -0.01686943881213665 -0.07960116863250732
v 0.023219911381602284 -0.01686943881213665 -0.07300001382827759
v 0.019205173477530476 -0.021328257396817207 -0.07300001382827759
v 0.019205173477530476 -0.021328257396817207 -0.07960116863250732
v 0.019205173477530476 -0.021328257396817207 -0.07960116863250732
v 0.019205173477530476 -0.021328257396817207 -0.07300001382827759
v 0.014351120218634604 -0.024854930117726326 -0.07300001382827759
v 0.014351120218634604 -0.024854930117726326 -0.07960116863250732
v 0.014351120218634604 -0.024854930117726326 -0.07960116863250732
v 0.014351120218634604 -0.024854930117726326 -0.07300001382827759
v 0.008869914337992666 -0.027295323088765144 -0.07300001382827759
v 0.008869914337992666 -0.027295323088765144 -0.07960116863250732
v 0.008869914337992666 -0.027295323088765144 -0.07960116863250732
v 0.008869914337992666 -0.027295323088765144 -0.07300001382827759
v 0.0030010920017957683 -0.02854277938604355 -0.07300001382827759
v 0.0030010920017957683 -0.02854277938604355 -0.07960116863250732
v 0.0030010920017957683 -0.02854277938604355 -0.07960116863250732
v 0.0030010920017957683 -0.02854277938604355 -0.07300001382827759
v -0.0029988419264554973 -0.02854277938604355 -0.07300001382827759
v -0.0029988419264554973 -0.02854277938604355 -0.07960116863250732
v -0.0029988419264554973 -0.02854277938604355 -0.07960116863250732
v -0.0029988419264554973 -0.02854277938604355 -0.07300001382827759
v -0.008867664262652395 -0.027295323088765144 -0.07300001382827759
v -0.008867664262652395 -0.027295323088765144 -0.07960116863250732
v -0.008867664262652395 -0.027295323088765144 -0.07960116863250732
v -0.008867664262652395 -0.027295323088765144 -0.07300001382827759
v -0.01434887759387493 -0.024854930117726326 -0.07300001382827759
v -0.01434887759387493 -0.024854930117726326 -0.07960116863250732
v -0.01434887759387493 -0.024854930117726326 -0.07960116863250732
v -0.01434887759387493 -0.024854930117726326 -0.07300001382827759
v -0.019202923402190205 -0.021328257396817207 -0.07300001382827759
v -0.019202923402190205 -0.021328257396817207 -0.07960116863250732
v -0.019202923402190205 -0.021328257396817207 -0.07960116863250732
v -0.019202923402190205 -0.021328257396817207 -0.07300001382827759
v -0.02321766503155231 -0.01686943881213665 -0.07300001382827759
v -0.02321766503155231 -0.01686943881213665 -0.07960116863250732
v -0.02321766503155231 -0.01686943881213665 -0.07960116863250732
v -0.02321766503155231 -0.01686943881213665 -0.07300001382827759
v -0.026217630133032795 -0.011673339642584324 -0.07300001382827759
v -0.026217630133032795 -0.011673339642584324 -0.07960116863250732
v -0.026217630133032795 -0.011673339642584324 -0.07960116863250732
v -0.026217630133032795 -0.011673339642584324 -0.07300001382827759
v -0.02807171083986759 -0.005967067088931799 -0.07300001382827759
v -0.02807171083986759 -0.005967067088931799 -0.07960116863250732
v -0.02807171083986759 -0.005967067088931799 -0.07960116863250732
v -0.02807171083986759 -0.005967067088931799 -0.07300001382827759
v -0.028698874637484547 -1.1722942616643195e-09 -0.07300001382827759
v -0.028698874637484547 -1.1722942616643195e-09 -0.07960116863250732
v 1.1230836207687387e-06 0.028999997302889824 -0.07960116863250732
v 1.1230836207687387e-06 0.028999997302889824 -0.08149999380111694
v -0.006312603130936622 0.028304358944296837 -0.08149999380111694
v -0.006312603130936622 0.028304358944296837 -0.07960116863250732
v -0.006312603130936622 0.028304358944296837 -0.07960116863250732
v -0.006312603130936622 0.028304358944296837 -0.08149999380111694
v -0.012323426082730292 0.026250815019011497 -0.08149999380111694
v -0.012323426082730292 0.026250815019011497 -0.07960116863250732
v -0.012323426082730292 0.026250815019011497 -0.07960116863250732
v -0.012323426082730292 0.026250815019011497 -0.08149999380111694
v -0.017742978408932682 0.022937892004847527 -0.08149999380111694
v -0.017742978408932682 0.022937892004847527 -0.07960116863250732
v -0.017742978408932682 0.022937892004847527 -0.07960116863250732
v -0.017742978408932682 0.022937892004847527 -0.08149999380111694
v -0.022311257198452946 0.01852451078593731 -0.08149999380111694
v -0.022311257198452946 0.01852451078593731 -0.07960116863250732
v -0.022311257198452946 0.01852451078593731 -0.07960116863250732
v -0.022311257198452946 0.01852451078593731 -0.08149999380111694
v -0.02580909617245197 0.013222425244748592 -0.08149999380111694
v -0.02580909617245197 0.013222425244748592 -0.07960116863250732
v -0.02580909617245197 0.013222425244748592 -0.07960116863250732
v -0.02580909617245197 0.013222425244748592 -0.08149999380111694
v -0.028068689629435536 0.007285980973392725 -0.08149999380111694
v -0.028068689629435536 0.007285980973392725 -0.07960116863250732
v -0.028068689629435536 0.007285980973392725 -0.07960116863250732
v -0.028068689629435536 0.007285980973392725 -0.08149999380111694
v -0.028981627896428105 0.001000000862404704 -0.08149999380111694
v -0.028981627896428105 0.001000000862404704 -0.07960116863250732
v 1.1230838481424141e-06 -0.029000001028180122 -0.07960116863250732
v 1.1230838481424141e-06 -0.029000001028180122 -0.08149999380111694
v 0.006030565127730369 -0.02836628071963787 -0.08149999380111694
v 0.006030565127730369 -0.02836628071963787 -0.07960116863250732
v 0.006030565127730369 -0.02836628071963787 -0.07960116863250732
v 0.006030565127730369 -0.02836628071963787 -0.08149999380111694
v 0.011796487495303152 -0.02649281732738018 -0.08149999380111694
v 0.011796487495303152 -0.02649281732738018 -0.07960116863250732
v 0.011796487495303152 -0.02649281732738018 -0.07960116863250732
v 0.011796487495303152 -0.02649281732738018 -0.08149999380111694
v 0.01704689674079418 -0.023461492732167244 -0.08149999380111694
v 0.01704689674079418 -0.023461492732167244 -0.07960116863250732
v 0.01704689674079418 -0.023461492732167244 -0.07960116863250732
v 0.01704689674079418 -0.023461492732167244 -0.08149999380111694
v 0.021552322432398793 -0.019404789432883263 -0.08149999380111694
v 0.021552322432398793 -0.019404789432883263 -0.07960116863250732
v 0.021552322432398793 -0.019404789432883263 -0.07960116863250732
v 0.021552322432398793 -0.019404789432883263 -0.08149999380111694
v 0.02511586062610149 -0.014500000514090061 -0.08149999380111694
v 0.02511586062610149 -0.014500000514090061 -0.07960116863250732
v 0.02511586062610149 -0.014500000514090061 -0.07960116863250732
v 0.02511586062610149 -0.014500000514090061 -0.08149999380111694
v 0.027581764385104176 -0.008961492218077183 -0.08149999380111694
v 0.027581764385104176 -0.008961492218077183 -0.07960116863250732
v 0.027581764385104176 -0.008961492218077183 -0.07960116863250732
v 0.027581764385104176 -0.008961492218077183 -0.08149999380111694
v 0.028842261061072346 -0.0030313257593661547 -0.08149999380111694
v 0.028842261061072346 -0.0030313257593661547 -0.07960116863250732
v 0.028842261061072346 -0.0030313257593661547 -0.07960116863250732
v 0.028842261061072346 -0.0030313257593661547 -0.08149999380111694
v 0.028842261061072346 0.0030313271563500166 -0.08149999380111694
v 0.028842261061072346 0.0030313271563500166 -0.07960116863250732
v 0.028842261061072346 0.0030313271563500166 -0.07960116863250732
v 0.028842261061072346 0.0030313271563500166 -0.08149999380111694
v 0.027581764385104176 0.008961490355432034 -0.08149999380111694
v 0.027581764385104176 0.008961490355432034 -0.07960116863250732
v 0.027581764385104176 0.008961490355432034 -0.07960116863250732
v 0.027581764385104176 0.008961490355432034 -0.08149999380111694
v 0.02511586062610149 0.014499998651444912 -0.08149999380111694
v 0.02511586062610149 0.014499998651444912 -0.07960116863250732
v 0.02511586062610149 0.014499998651444912 -0.07960116863250732
v 0.02511586062610149 0.014499998651444912 -0.08149999380111694
v 0.021552322432398793 0.019404789432883263 -0.08149999380111694
v 0.021552322432398793 0.019404789432883263 -0.07960116863250732
v 0.021552322432398793 0.019404789432883263 -0.07960116863250732
v 0.021552322432398793 0.019404789432883263 -0.08149999380111694
v 0.01704689674079418 0.023461489006876945 -0.08149999380111694
v 0.01704689674079418 0.023461489006876945 -0.07960116863250732
v 0.01704689674079418 0.023461489006876945 -0.07960116863250732
v 0.01704689674079418 0.023461489006876945 -0.08149999380111694
v 0.011796487495303152 0.02649281732738018 -0.08149999380111694
v 0.011796487495303152 0.02649281732738018 -0.07960116863250732
v 0.011796487495303152 0.02649281732738018 -0.07960116863250732
v 0.011796487495303152 0.02649281732738018 -0.08149999380111694
v 0.006030565127730369 0.02836628071963787 -0.08149999380111694
v 0.006030565127730369 0.02836628071963787 -0.07960116863250732
v 0.006030565127730369 0.02836628071963787 -0.07960116863250732
v 0.006030565127730369 0.02836628071963787 -0.08149999380111694
v 1.1230836207687387e-06 0.028999997302889824 -0.08149999380111694
v 1.1230836207687387e-06 0.028999997302889824 -0.07960116863250732
v -0.006220305338501929 -0.039400000125169754 0.02781265787780285
v -0.0061066877096891395 -0.039400000125169754 0.027837811037898064
v -0.0061066877096891395 0.0034359979908913374 0.027837811037898064
v -0.0014314969303086398 -0.039400000125169754 0.028463957831263542
v 1.1230839618292519e-06 -0.039400000125169754 0.02850007824599743
v 1.1230837344555764e-06 0.0034359979908913374 0.028500018641352654
v 0.020198037847876545 -0.039400000125169754 0.02010810188949108
v 0.021672694012522694 -0.039400000125169754 0.018509266898036003
v 0.021672694012522694 0.0034359979908913374 0.018509266898036003
v 0.02850118093192577 -0.039400000125169754 -2.5509288015257425e-09
v 0.028501121327280995 -0.036925118416547775 -2.5509288015257425e-09
v 0.028451694175601002 -0.039400000125169754 0.0016778085846453905
v 0.028451694175601002 -0.039400000125169754 0.0016778085846453905
v 0.028501121327280995 -0.036925118416547775 -2.5509288015257425e-09
v 0.028501121327280995 -0.029655346646904945 -2.5509288015257425e-09
v 0.028501121327280995 -0.02790088765323162 -2.5509288015257425e-09
v 0.028501121327280995 -0.021797118708491325 -2.5509288015257425e-09
v 0.028451694175601002 0.0034359979908913374 0.0016778085846453905
v 0.028501121327280995 -0.01363495085388422 -2.5509288015257425e-09
v 0.028501121327280995 -0.013586741872131824 -2.5509288015257425e-09
v 0.028501121327280995 -0.005042207892984152 -2.5509288015257425e-09
v 0.028501121327280995 0.001700355438515544 -2.5509288015257425e-09
v 0.028501121327280995 0.0034359979908913374 -2.5509288015257425e-09
v -0.028498874977231022 -0.005042207892984152 -2.5509288015257425e-09
v -0.02844944410026073 0.0034359979908913374 0.0016778085846453905
v -0.028498874977231022 0.0017003815155476332 -2.5509288015257425e-09
v -0.028498871251940724 0.0034359979908913374 -2.5509288015257425e-09
v -0.028498874977231022 -0.013586741872131824 -2.5509288015257425e-09
v -0.028498874977231022 -0.013634935952723026 -2.5509288015257425e-09
v -0.028498874977231022 -0.021797118708491325 -2.5509288015257425e-09
v -0.028498874977231022 -0.027900880202651024 -2.5509288015257425e-09
v -0.028498874977231022 -0.029655346646904945 -2.5509288015257425e-09
v -0.02844944410026073 -0.039400000125169754 0.0016778085846453905
v -0.028498874977231022 -0.036925118416547775 -2.5509288015257425e-09
v -0.02844944410026073 -0.039400000125169754 0.0016778085846453905
v -0.028498874977231022 -0.036925118416547775 -2.5509288015257425e-09
v -0.0284989308565855 -0.039400000125169754 -2.5509288015257425e-09
v 0.027431098744273182 -0.039400000125169754 0.007736024912446737
v 0.027830434963107106 -0.039400000125169754 0.00614648824557662
v 0.027431098744273182 0.0034359979908913374 0.007736024912446737
v 0.027431098744273182 0.0034359979908913374 0.007736024912446737
v 0.027830434963107106 -0.039400000125169754 0.00614648824557662
v 0.02830046974122524 -0.039400000125169754 0.0033759449142962694
v 0.027431098744273182 0.0034359979908913374 0.007736024912446737
v 0.02830046974122524 -0.039400000125169754 0.0033759449142962694
v 0.028451694175601002 0.0034359979908913374 0.0016778085846453905
v 0.028451694175601002 0.0034359979908913374 0.0016778085846453905
v 0.02830046974122524 -0.039400000125169754 0.0033759449142962694
v 0.028335986658930775 -0.039400000125169754 0.003063556971028447
v 0.028451694175601002 0.0034359979908913374 0.0016778085846453905
v 0.028335986658930775 -0.039400000125169754 0.003063556971028447
v 0.028451694175601002 -0.039400000125169754 0.0016778085846453905
v 0.025135880336165425 -0.039400000125169754 0.013434824533760548
v 0.026052987203001973 -0.039400000125169754 0.011556384153664112
v 0.025135880336165425 0.0034359979908913374 0.013434824533760548
v 0.025135880336165425 0.0034359979908913374 0.013434824533760548
v 0.026052987203001973 -0.039400000125169754 0.011556384153664112
v 0.02696946822106838 -0.039400000125169754 0.009217319078743458
v 0.025135880336165425 0.0034359979908913374 0.013434824533760548
v 0.02696946822106838 -0.039400000125169754 0.009217319078743458
v 0.027431098744273182 0.0034359979908913374 0.007736024912446737
v 0.027431098744273182 0.0034359979908913374 0.007736024912446737
v 0.02696946822106838 -0.039400000125169754 0.009217319078743458
v 0.027055053040385243 -0.039400000125169754 0.008962986059486866
v 0.027431098744273182 0.0034359979908913374 0.007736024912446737
v 0.027055053040385243 -0.039400000125169754 0.008962986059486866
v 0.027431098744273182 -0.039400000125169754 0.007736024912446737
v 0.021672694012522694 -0.039400000125169754 0.018509266898036003
v 0.021916350349783894 -0.039400000125169754 0.018220124766230583
v 0.021672694012522694 0.0034359979908913374 0.018509266898036003
v 0.021672694012522694 0.0034359979908913374 0.018509266898036003
v 0.021916350349783894 -0.039400000125169754 0.018220124766230583
v 0.023469066247344014 -0.039400000125169754 0.016171155497431755
v 0.021672694012522694 0.0034359979908913374 0.018509266898036003
v 0.023469066247344014 -0.039400000125169754 0.016171155497431755
v 0.025135880336165425 0.0034359979908913374 0.013434824533760548
v 0.025135880336165425 0.0034359979908913374 0.013434824533760548
v 0.023469066247344014 -0.039400000125169754 0.016171155497431755
v 0.02485210262238979 -0.039400000125169754 0.013952729292213917
v 0.025135880336165425 0.0034359979908913374 0.013434824533760548
v 0.02485210262238979 -0.039400000125169754 0.013952729292213917
v 0.025135880336165425 -0.039400000125169754 0.013434824533760548
v 0.020198037847876545 -0.039400000125169754 0.02010810188949108
v 0.021672694012522694 0.0034359979908913374 0.018509266898036003
v 0.017202464863657948 -0.039400000125169754 0.022723613306879997
v 0.017202464863657948 -0.039400000125169754 0.022723613306879997
v 0.021672694012522694 0.0034359979908913374 0.018509266898036003
v 0.017202464863657948 0.0034359979908913374 0.022723613306879997
v 0.017202464863657948 -0.039400000125169754 0.022723613306879997
v 0.017202464863657948 0.0034359979908913374 0.022723613306879997
v 0.01405472122132778 -0.039400000125169754 0.02479409985244274
v 0.01405472122132778 -0.039400000125169754 0.02479409985244274
v 0.017202464863657948 0.0034359979908913374 0.022723613306879997
v 0.011932929977774618 0.0034359979908913374 0.025882063433527946
v 0.01405472122132778 -0.039400000125169754 0.02479409985244274
v 0.011932929977774618 0.0034359979908913374 0.025882063433527946
v 0.011932929977774618 -0.039400000125169754 0.025882063433527946
v 0.009052617475390433 -0.039400000125169754 0.027024446055293083
v 0.01036546193063259 -0.039400000125169754 0.02654862217605114
v 0.011932929977774618 0.0034359979908913374 0.025882063433527946
v 0.011932929977774618 0.0034359979908913374 0.025882063433527946
v 0.01036546193063259 -0.039400000125169754 0.02654862217605114
v 0.01165562681853771 -0.039400000125169754 0.026008127257227898
v 0.011932929977774618 0.0034359979908913374 0.025882063433527946
v 0.01165562681853771 -0.039400000125169754 0.026008127257227898
v 0.011932929977774618 -0.039400000125169754 0.025882063433527946
v 0.004556035622954368 -0.039400000125169754 0.028133688494563103
v 0.004705486819148063 -0.039400000125169754 0.028109071776270866
v 0.0061089377850294104 0.0034359979908913374 0.027837811037898064
v 0.0061089377850294104 0.0034359979908913374 0.027837811037898064
v 0.004705486819148063 -0.039400000125169754 0.028109071776270866
v 0.0061089377850294104 -0.039400000125169754 0.027837811037898064
v 0.0061089377850294104 0.0034359979908913374 0.027837811037898064
v 0.0061089377850294104 -0.039400000125169754 0.027837811037898064
v 0.011932929977774618 0.0034359979908913374 0.025882063433527946
v 0.011932929977774618 0.0034359979908913374 0.025882063433527946
v 0.0061089377850294104 -0.039400000125169754 0.027837811037898064
v 0.006222574040293693 -0.039400000125169754 0.02781265787780285
v 0.011932929977774618 0.0034359979908913374 0.025882063433527946
v 0.006222574040293693 -0.039400000125169754 0.02781265787780285
v 0.009052617475390433 -0.039400000125169754 0.027024446055293083
v 1.1230839618292519e-06 -0.039400000125169754 0.02850007824599743
v 0.0014337504981085656 -0.039400000125169754 0.028463957831263542
v 1.1230837344555764e-06 0.0034359979908913374 0.028500018641352654
v 1.1230837344555764e-06 0.0034359979908913374 0.028500018641352654
v 0.0014337504981085656 -0.039400000125169754 0.028463957831263542
v 0.002174099907279014 -0.039400000125169754 0.02841704897582531
v 1.1230837344555764e-06 0.0034359979908913374 0.028500018641352654
v 0.002174099907279014 -0.039400000125169754 0.02841704897582531
v 0.0061089377850294104 0.0034359979908913374 0.027837811037898064
v 0.0061089377850294104 0.0034359979908913374 0.027837811037898064
v 0.002174099907279014 -0.039400000125169754 0.02841704897582531
v 0.003112232312560081 -0.039400000125169754 0.028329668566584587
v 0.0061089377850294104 0.0034359979908913374 0.027837811037898064
v 0.003112232312560081 -0.039400000125169754 0.028329668566584587
v 0.004556035622954368 -0.039400000125169754 0.028133688494563103
v -0.0061066877096891395 -0.039400000125169754 0.027837811037898064
v -0.004553774371743201 -0.039400000125169754 0.028133688494563103
v -0.0061066877096891395 0.0034359979908913374 0.027837811037898064
v -0.0061066877096891395 0.0034359979908913374 0.027837811037898064
v -0.004553774371743201 -0.039400000125169754 0.028133688494563103
v -0.003109974786639213 -0.039400000125169754 0.028329668566584587
v -0.0061066877096891395 0.0034359979908913374 0.027837811037898064
v -0.003109974786639213 -0.039400000125169754 0.028329668566584587
v 1.1230837344555764e-06 0.0034359979908913374 0.028500018641352654
v 1.1230837344555764e-06 0.0034359979908913374 0.028500018641352654
v -0.003109974786639213 -0.039400000125169754 0.028329668566584587
v -0.0021718386560678478 -0.039400000125169754 0.02841704897582531
v 1.1230837344555764e-06 0.0034359979908913374 0.028500018641352654
v -0.0021718386560678478 -0.039400000125169754 0.02841704897582531
v -0.0014314969303086398 -0.039400000125169754 0.028463957831263542
v -0.011653339490294455 -0.039400000125169754 0.026008127257227898
v -0.010363211855292319 -0.039400000125169754 0.02654862217605114
v -0.011930679902434347 0.0034359979908913374 0.025882063433527946
v -0.011930679902434347 0.0034359979908913374 0.025882063433527946
v -0.010363211855292319 -0.039400000125169754 0.02654862217605114
v -0.0061066877096891395 0.0034359979908913374 0.027837811037898064
v -0.0061066877096891395 0.0034359979908913374 0.027837811037898064
v -0.010363211855292319 -0.039400000125169754 0.02654862217605114
v -0.009050337597727774 -0.039400000125169754 0.027024446055293083
v -0.0061066877096891395 0.0034359979908913374 0.027837811037898064
v -0.009050337597727774 -0.039400000125169754 0.027024446055293083
v -0.006220305338501929 -0.039400000125169754 0.02781265787780285
v -0.017200222238898274 0.0034359979908913374 0.022723613306879997
v -0.014052430167794226 -0.039400000125169754 0.02479409985244274
v -0.011930679902434347 0.0034359979908913374 0.025882063433527946
v -0.011930679902434347 0.0034359979908913374 0.025882063433527946
v -0.014052430167794226 -0.039400000125169754 0.02479409985244274
v -0.011930679902434347 -0.039400000125169754 0.025882063433527946
v -0.011930679902434347 0.0034359979908913374 0.025882063433527946
v -0.011930679902434347 -0.039400000125169754 0.025882063433527946
v -0.011653339490294455 -0.039400000125169754 0.026008127257227898
v -0.02167044766247272 0.0034359979908913374 0.018509266898036003
v -0.020195739343762394 -0.039400000125169754 0.02010810188949108
v -0.017200222238898274 0.0034359979908913374 0.022723613306879997
v -0.017200222238898274 0.0034359979908913374 0.022723613306879997
v -0.020195739343762394 -0.039400000125169754 0.02010810188949108
v -0.017200222238898274 -0.039400000125169754 0.022723613306879997
v -0.017200222238898274 0.0034359979908913374 0.022723613306879997
v -0.017200222238898274 -0.039400000125169754 0.022723613306879997
v -0.014052430167794226 -0.039400000125169754 0.02479409985244274
v -0.023466764017939564 -0.039400000125169754 0.01617121510207653
v -0.02167044766247272 0.0034359979908913374 0.018509266898036003
v -0.02484980039298534 -0.039400000125169754 0.013952848501503468
v -0.02484980039298534 -0.039400000125169754 0.013952848501503468
v -0.02167044766247272 0.0034359979908913374 0.018509266898036003
v -0.025133630260825154 0.0034359979908913374 0.013434824533760548
v -0.023466764017939564 -0.039400000125169754 0.01617121510207653
v -0.021914048120379444 -0.039400000125169754 0.01822018437087536
v -0.02167044766247272 0.0034359979908913374 0.018509266898036003
v -0.02167044766247272 0.0034359979908913374 0.018509266898036003
v -0.021914048120379444 -0.039400000125169754 0.01822018437087536
v -0.02167044766247272 -0.039400000125169754 0.018509266898036003
v -0.02167044766247272 0.0034359979908913374 0.018509266898036003
v -0.02167044766247272 -0.039400000125169754 0.018509266898036003
v -0.020195739343762394 -0.039400000125169754 0.02010810188949108
v -0.027052765712141987 -0.039400000125169754 0.008963105268776417
v -0.026967218145728108 -0.039400000125169754 0.009217319078743458
v -0.02742884866893291 0.0034359979908913374 0.007736024912446737
v -0.02742884866893291 0.0034359979908913374 0.007736024912446737
v -0.026967218145728108 -0.039400000125169754 0.009217319078743458
v -0.02605068869888782 -0.039400000125169754 0.011556503362953663
v -0.02742884866893291 0.0034359979908913374 0.007736024912446737
v -0.02605068869888782 -0.039400000125169754 0.011556503362953663
v -0.025133630260825154 0.0034359979908913374 0.013434824533760548
v -0.025133630260825154 0.0034359979908913374 0.013434824533760548
v -0.02605068869888782 -0.039400000125169754 0.011556503362953663
v -0.025133630260825154 -0.039400000125169754 0.013434824533760548
v -0.025133630260825154 0.0034359979908913374 0.013434824533760548
v -0.025133630260825154 -0.039400000125169754 0.013434824533760548
v -0.02484980039298534 -0.039400000125169754 0.013952848501503468
v -0.02833372168242931 -0.039400000125169754 0.0030637357849627733
v -0.02844944410026073 0.0034359979908913374 0.0016778085846453905
v -0.02844944410026073 -0.039400000125169754 0.0016778085846453905
v -0.02833372168242931 -0.039400000125169754 0.0030637357849627733
v -0.028298219665884968 -0.039400000125169754 0.0033759449142962694
v -0.02844944410026073 0.0034359979908913374 0.0016778085846453905
v -0.02844944410026073 0.0034359979908913374 0.0016778085846453905
v -0.028298219665884968 -0.039400000125169754 0.0033759449142962694
v -0.02782815136015415 -0.039400000125169754 0.006146667059510946
v -0.02844944410026073 0.0034359979908913374 0.0016778085846453905
v -0.02782815136015415 -0.039400000125169754 0.006146667059510946
v -0.02742884866893291 0.0034359979908913374 0.007736024912446737
v -0.02742884866893291 0.0034359979908913374 0.007736024912446737
v -0.02782815136015415 -0.039400000125169754 0.006146667059510946
v -0.02742884866893291 -0.039400000125169754 0.007736024912446737
v -0.02742884866893291 0.0034359979908913374 0.007736024912446737
v -0.02742884866893291 -0.039400000125169754 0.007736024912446737
v -0.027052765712141987 -0.039400000125169754 0.008963105268776417
v -0.015237798914313315 -0.00594371696934104 -0.02782309241592884
v -0.015583543106913565 -0.007112090941518545 -0.02860892005264759
v -0.01709247566759586 -0.0075724138878285885 -0.027314187958836555
v -0.010591758415102957 -0.0001690399512881413 -0.02724290080368519
v -0.010522661730647085 0.0016299474518746138 -0.026908161118626595
v -0.008369820192456244 0.0012710790615528822 -0.0275688786059618
v -0.02097862400114536 -0.01686367206275463 -0.031641487032175064
v -0.021521726623177525 -0.01873437874019146 -0.03303742781281471
v -0.022826327010989186 -0.02207770012319088 -0.029279353097081184
v -0.011887481436133383 -0.007281092461198568 -0.034561339765787125
v -0.010239990428090094 -0.006739338394254446 -0.03595644608139992
v -0.011104913428425787 -0.0070093064568936825 -0.03712112084031105
v -0.02559530548751354 -0.033672042191028595 -0.019751491025090218
v -0.02582914941012859 -0.030896741896867752 -0.01885324902832508
v -0.02495424263179302 -0.028186311945319176 -0.022267403081059456
v -0.02419701404869556 -0.005211228039115667 -0.016543151810765266
v -0.025101078674197193 -0.006194935645908117 -0.014910879544913769
v -0.02528758533298969 -0.00247516599483788 -0.014011266641318798
v -0.0026335287839174266 0.003436042694374919 -0.02838987298309803
v -0.0012983774067834017 0.003279729513451457 -0.028475763276219368
v -0.001276241731829941 0.0013401198666542768 -0.028473498299717903
v -0.018675306811928746 -0.01049662847071886 -0.04411960020661354
v -0.019692247733473774 -0.01281100232154131 -0.04276115074753761
v -0.018652254715561863 -0.011918910779058933 -0.04076719656586647
v -0.02154298312962055 -0.018331455066800117 -0.04161650314927101
v -0.021366601809859272 -0.01796656660735607 -0.040574733167886734
v -0.020787851884961125 -0.015345067717134953 -0.04257005825638771
v -0.022403659299015995 -0.02719627134501934 -0.03562301769852638
v -0.02221899293363094 -0.02392992563545704 -0.03788960352540016
v -0.022119404748082157 -0.025892315432429314 -0.03919893875718117
v -0.028498874977231022 -0.027900880202651024 -2.5509288015257425e-09
v -0.02849895320832729 -0.029287192970514297 -0.00010568158904789016
v -0.028498874977231022 -0.029655346646904945 -2.5509288015257425e-09
v -0.028498874977231022 -0.027900880202651024 -2.5509288015257425e-09
v -0.028498874977231022 -0.021797118708491325 -2.5509288015257425e-09
v -0.028466613963246342 -0.02010866068303585 -0.0015910293441265821
v -0.028498874977231022 -0.013634935952723026 -2.5509288015257425e-09
v -0.028498874977231022 -0.013586741872131824 -2.5509288015257425e-09
v -0.028343500569462773 -0.010438931174576283 -0.0032568599563091993
v -0.028498874977231022 -0.005042207892984152 -2.5509288015257425e-09
v -0.028343500569462773 -0.010438931174576283 -0.0032568599563091993
v -0.028498874977231022 -0.005042207892984152 -2.5509288015257425e-09
v -0.02846894599497318 -0.0035543900448828936 -0.0013603593688458204
v -0.02846894599497318 -0.0035543900448828936 -0.0013603593688458204
v -0.028498874977231022 -0.005042207892984152 -2.5509288015257425e-09
v -0.028498874977231022 0.0017003815155476332 -2.5509288015257425e-09
v -0.0284989308565855 -0.039400000125169754 -2.5509288015257425e-09
v -0.028498874977231022 -0.036925118416547775 -2.5509288015257425e-09
v -0.02845264412462711 -0.039323724806308746 -0.0022482897620648146
v -0.02845264412462711 -0.039323724806308746 -0.0022482897620648146
v -0.028498874977231022 -0.036925118416547775 -2.5509288015257425e-09
v -0.028454983606934544 -0.035104814916849136 -0.0024037386756390333
v -0.02845264412462711 -0.039323724806308746 -0.0022482897620648146
v -0.028454983606934544 -0.035104814916849136 -0.0024037386756390333
v -0.028252022340893742 -0.039001330733299255 -0.005180420819669962
v -0.028252022340893742 -0.039001330733299255 -0.005180420819669962
v -0.028454983606934544 -0.035104814916849136 -0.0024037386756390333
v -0.02819145284593105 -0.032532867044210434 -0.006069364491850138
v -0.02582914941012859 -0.030896741896867752 -0.01885324902832508
v -0.02559530548751354 -0.033672042191028595 -0.019751491025090218
v -0.026620166376233097 -0.03341452777385712 -0.01541066449135542
v -0.025526067242026326 -0.034274011850357056 -0.019940020516514778
v -0.025609845295548436 -0.034429557621479034 -0.01958763785660267
v -0.02559530548751354 -0.033672042191028595 -0.019751491025090218
v -0.02559530548751354 -0.033672042191028595 -0.019751491025090218
v -0.025609845295548436 -0.034429557621479034 -0.01958763785660267
v -0.026559187099337574 -0.036139070987701416 -0.01545888464897871
v -0.02559530548751354 -0.033672042191028595 -0.019751491025090218
v -0.026559187099337574 -0.036139070987701416 -0.01545888464897871
v -0.026620166376233097 -0.03341452777385712 -0.01541066449135542
v -0.026620166376233097 -0.03341452777385712 -0.01541066449135542
v -0.026559187099337574 -0.036139070987701416 -0.01545888464897871
v -0.0273458007723093 -0.037497472018003464 -0.011575940065085888
v -0.026620166376233097 -0.03341452777385712 -0.01541066449135542
v -0.0273458007723093 -0.037497472018003464 -0.011575940065085888
v -0.027313834056258198 -0.03579305112361908 -0.011914911679923534
v -0.027313834056258198 -0.03579305112361908 -0.011914911679923534
v -0.0273458007723093 -0.037497472018003464 -0.011575940065085888
v -0.027890959754586216 -0.038408271968364716 -0.00823927205055952
v -0.027313834056258198 -0.03579305112361908 -0.011914911679923534
v -0.027890959754586216 -0.038408271968364716 -0.00823927205055952
v -0.027878558263182637 -0.03809462487697601 -0.008362236432731152
v -0.024798860773444172 -0.03086739405989647 -0.023201288655400276
v -0.0246139895170927 -0.03252049908041954 -0.02377432771027088
v -0.025526067242026326 -0.034274011850357056 -0.019940020516514778
v -0.022974854335188862 -0.02636978216469288 -0.03178012743592262
v -0.022914106026291844 -0.028722280636429787 -0.03197646513581276
v -0.023374220356345173 -0.029863908886909485 -0.029445352032780647
v -0.022914106026291844 -0.028722280636429787 -0.03197646513581276
v -0.022974854335188862 -0.02636978216469288 -0.03178012743592262
v -0.022403659299015995 -0.02719627134501934 -0.03562301769852638
v -0.022403659299015995 -0.02719627134501934 -0.03562301769852638
v -0.022974854335188862 -0.02636978216469288 -0.03178012743592262
v -0.022170418873429295 -0.022269999608397484 -0.03607833757996559
v -0.022403659299015995 -0.02719627134501934 -0.03562301769852638
v -0.022170418873429295 -0.022269999608397484 -0.03607833757996559
v -0.02221899293363094 -0.02392992563545704 -0.03788960352540016
v -0.021366601809859272 -0.01796656660735607 -0.040574733167886734
v -0.02154298312962055 -0.018331455066800117 -0.04161650314927101
v -0.022170418873429295 -0.022269999608397484 -0.03607833757996559
v -0.022170418873429295 -0.022269999608397484 -0.03607833757996559
v -0.02154298312962055 -0.018331455066800117 -0.04161650314927101
v -0.0219788271933794 -0.021276211366057396 -0.04067457094788551
v -0.022170418873429295 -0.022269999608397484 -0.03607833757996559
v -0.0219788271933794 -0.021276211366057396 -0.04067457094788551
v -0.02221899293363094 -0.02392992563545704 -0.03788960352540016
v -0.02221899293363094 -0.02392992563545704 -0.03788960352540016
v -0.0219788271933794 -0.021276211366057396 -0.04067457094788551
v -0.022143246605992314 -0.024288715794682503 -0.039711181074380875
v -0.02221899293363094 -0.02392992563545704 -0.03788960352540016
v -0.022143246605992314 -0.024288715794682503 -0.039711181074380875
v -0.022119404748082157 -0.025892315432429314 -0.03919893875718117
v -0.018675306811928746 -0.01049662847071886 -0.04411960020661354
v -0.018652254715561863 -0.011918910779058933 -0.04076719656586647
v -0.01731844805181026 -0.00848317239433527 -0.04476368799805641
v -0.012478297576308249 -0.0054633780382573605 -0.04411900416016579
v -0.013585483655333517 -0.0054017468355596066 -0.04518336430191994
v -0.015577955171465872 -0.008123663254082203 -0.04225659742951393
v -0.015577955171465872 -0.008123663254082203 -0.04225659742951393
v -0.013585483655333517 -0.0054017468355596066 -0.04518336430191994
v -0.015822755172848698 -0.006796961184591055 -0.04530215635895729
v -0.015577955171465872 -0.008123663254082203 -0.04225659742951393
v -0.015822755172848698 -0.006796961184591055 -0.04530215635895729
v -0.017179468646645542 -0.008578469045460224 -0.04431939497590065
v -0.017179468646645542 -0.008578469045460224 -0.04431939497590065
v -0.015822755172848698 -0.006796961184591055 -0.04530215635895729
v -0.01731844805181026 -0.00848317239433527 -0.04476368799805641
v -0.006167592480778693 -0.0023653407115489244 -0.0467185415327549
v -0.008329829201102255 -0.0027523573953658342 -0.04659492149949074
v -0.008719624951481817 -0.0035949957091361284 -0.04545730724930763
v -0.008719624951481817 -0.0035949957091361284 -0.04545730724930763
v -0.008329829201102255 -0.0027523573953658342 -0.04659492149949074
v -0.01052986644208431 -0.003417418571189046 -0.04638278856873512
v -0.008719624951481817 -0.0035949957091361284 -0.04545730724930763
v -0.01052986644208431 -0.003417418571189046 -0.04638278856873512
v -0.012478297576308249 -0.0054633780382573605 -0.04411900416016579
v -0.012478297576308249 -0.0054633780382573605 -0.04411900416016579
v -0.01052986644208431 -0.003417418571189046 -0.04638278856873512
v -0.012415817007422445 -0.004276332911103964 -0.04610813036561012
v -0.012478297576308249 -0.0054633780382573605 -0.04411900416016579
v -0.012415817007422445 -0.004276332911103964 -0.04610813036561012
v -0.013585483655333517 -0.0054017468355596066 -0.04518336430191994
v -0.013585483655333517 -0.0054017468355596066 -0.04518336430191994
v -0.012415817007422445 -0.004276332911103964 -0.04610813036561012
v -0.014240140095353125 -0.0054397000931203365 -0.045735958963632584
v -0.013585483655333517 -0.0054017468355596066 -0.04518336430191994
v -0.014240140095353125 -0.0054397000931203365 -0.045735958963632584
v -0.015822755172848698 -0.006796961184591055 -0.04530215635895729
v 1.1156331538586526e-06 -0.0023696545977145433 -0.046466950327157974
v 1.145435476246348e-06 -0.002094556810334325 -0.04680532589554787
v -0.0034545343369245525 -0.0021437418181449175 -0.04678976908326149
v 1.0187756060986428e-06 -0.004957364406436682 -0.04083806648850441
v 1.2944470881848245e-06 -0.004360088612884283 -0.04293352738022804
v -0.0018857588293030856 -0.005213023629039526 -0.03946036472916603
v -0.0018857588293030856 -0.005213023629039526 -0.03946036472916603
v 1.2944470881848245e-06 -0.004360088612884283 -0.04293352738022804
v -0.003138823434710502 -0.005002120044082403 -0.04092032089829445
v -0.0018857588293030856 -0.005213023629039526 -0.03946036472916603
v -0.003138823434710502 -0.005002120044082403 -0.04092032089829445
v -0.0038255620747804637 -0.0054341754876077175 -0.03843754902482033
v -0.0018857588293030856 -0.005213023629039526 -0.03946036472916603
v 8.697640510035852e-07 -0.005316400434821844 -0.038108114153146744
v 7.803570838404993e-07 -0.005283390637487173 -0.038538817316293716
v -0.0018857588293030856 -0.005213023629039526 -0.03946036472916603
v 7.803570838404993e-07 -0.005283390637487173 -0.038538817316293716
v 1.0187756060986428e-06 -0.004957364406436682 -0.04083806648850441
v 1.0858308314709573e-06 -0.0053857057355344296 -0.03648156300187111
v -0.0007307623745873569 -0.005340417381376028 -0.037803832441568375
v -0.0027721244841814037 -0.00546308746561408 -0.03684914484620094
v 1.0858308314709573e-06 -0.0053857057355344296 -0.03648156300187111
v -0.0027721244841814037 -0.00546308746561408 -0.03684914484620094
v 1.0634790896801858e-06 -0.005394862499088049 -0.03590459004044533
v 1.0634790896801858e-06 -0.005394862499088049 -0.03590459004044533
v -0.0027721244841814037 -0.00546308746561408 -0.03684914484620094
v -0.00478619523346424 -0.005643533077090979 -0.035753849893808365
v 1.1677872180371194e-06 -0.005355072673410177 -0.03376663103699684
v 1.056028509083262e-06 -0.005399031098932028 -0.03531480208039284
v -0.0009832849027588961 -0.005295561160892248 -0.03340733423829079
v 7.356535434155375e-07 -0.002419357420876622 -0.029314996674656868
v 8.846652121974329e-07 -0.0033951897639781237 -0.030023517087101936
v -0.002015301957726478 -0.003465616377070546 -0.030053677037358284
v -0.002015301957726478 -0.003465616377070546 -0.030053677037358284
v 8.846652121974329e-07 -0.0033951897639781237 -0.030023517087101936
v 6.984006972743372e-07 -0.003864762606099248 -0.030491651967167854
v -0.002015301957726478 -0.003465616377070546 -0.030053677037358284
v 6.984006972743372e-07 -0.003864762606099248 -0.030491651967167854
v 5.419385047389368e-07 -0.004292489495128393 -0.031026961281895638
v -0.002015301957726478 -0.003465616377070546 -0.030053677037358284
v -0.0016327520133927462 -0.002182909520342946 -0.029175879433751106
v 7.356535434155375e-07 -0.002419357420876622 -0.029314996674656868
v 7.356535434155375e-07 -0.002419357420876622 -0.029314996674656868
v -0.0016327520133927462 -0.002182909520342946 -0.029175879433751106
v -0.0013862123014405368 -0.0005398702342063189 -0.0286101121455431
v 7.356535434155375e-07 -0.002419357420876622 -0.029314996674656868
v -0.0013862123014405368 -0.0005398702342063189 -0.0286101121455431
v 7.58005285206309e-07 -0.0011592519003897905 -0.02876371331512928
v 7.58005285206309e-07 -0.0011592519003897905 -0.02876371331512928
v -0.0013862123014405368 -0.0005398702342063189 -0.0286101121455431
v -0.001276241731829941 0.0013401198666542768 -0.028473498299717903
v 7.58005285206309e-07 -0.0011592519003897905 -0.02876371331512928
v -0.001276241731829941 0.0013401198666542768 -0.028473498299717903
v 8.697639941601664e-07 0.00012967245129402727 -0.028518440201878548
v -0.0026335287839174266 0.003436042694374919 -0.02838987298309803
v 1.137984895649424e-06 0.0034359979908913374 -0.028500022366642952
v -0.0012983774067834017 0.003279729513451457 -0.028475763276219368
v -0.0012983774067834017 0.003279729513451457 -0.028475763276219368
v 1.137984895649424e-06 0.0034359979908913374 -0.028500022366642952
v 1.1230837344555764e-06 0.0028066139202564955 -0.028500081971287727
v -0.0012983774067834017 0.003279729513451457 -0.028475763276219368
v 1.1230837344555764e-06 0.0028066139202564955 -0.028500081971287727
v -0.001276241731829941 0.0013401198666542768 -0.028473498299717903
v -0.001276241731829941 0.0013401198666542768 -0.028473498299717903
v 1.1230837344555764e-06 0.0028066139202564955 -0.028500081971287727
v 8.697639941601664e-07 0.00012967245129402727 -0.028518440201878548
v -0.014201039448380469 0.0034364003222435713 -0.025102855637669563
v -0.016285298392176625 0.0018557372968643904 -0.024071039631962776
v -0.0166118461638689 0.0034359905403107405 -0.023640217259526253
v -0.0166118461638689 0.0034359905403107405 -0.023640217259526253
v -0.016285298392176625 0.0018557372968643904 -0.024071039631962776
v -0.01795348338782787 0.001644457457587123 -0.02288741059601307
v -0.0166118461638689 0.0034359905403107405 -0.023640217259526253
v -0.01795348338782787 0.001644457457587123 -0.02288741059601307
v -0.018884008750319477 0.0034358713310211897 -0.021877767518162727
v -0.023338882252573964 -0.0005885560531169176 -0.01725572533905506
v -0.02288377098739147 0.0034358117263764143 -0.017484070733189583
v -0.022182023152709004 0.00017099337128456682 -0.01878124661743641
v -0.022182023152709004 0.00017099337128456682 -0.01878124661743641
v -0.02288377098739147 0.0034358117263764143 -0.017484070733189583
v -0.0209734421223402 0.003435953287407756 -0.019833149388432503
v -0.022182023152709004 0.00017099337128456682 -0.01878124661743641
v -0.0209734421223402 0.003435953287407756 -0.019833149388432503
v -0.020900385454297062 0.0007994237821549177 -0.020233692601323128
v -0.020900385454297062 0.0007994237821549177 -0.020233692601323128
v -0.0209734421223402 0.003435953287407756 -0.019833149388432503
v -0.018884008750319477 0.0034358713310211897 -0.021877767518162727
v -0.020900385454297062 0.0007994237821549177 -0.020233692601323128
v -0.018884008750319477 0.0034358713310211897 -0.021877767518162727
v -0.019491532817482945 0.001291746972128749 -0.021605314686894417
v -0.019491532817482945 0.001291746972128749 -0.021605314686894417
v -0.018884008750319477 0.0034358713310211897 -0.021877767518162727
v -0.01795348338782787 0.001644457457587123 -0.02288741059601307
v -0.024565825238823887 0.003435938386246562 -0.01487064640969038
v -0.02288377098739147 0.0034358117263764143 -0.017484070733189583
v -0.024373358115553852 -0.001473077805712819 -0.015663566067814827
v -0.024373358115553852 -0.001473077805712819 -0.015663566067814827
v -0.02288377098739147 0.0034358117263764143 -0.017484070733189583
v -0.023338882252573964 -0.0005885560531169176 -0.01725572533905506
v -0.024373358115553852 -0.001473077805712819 -0.015663566067814827
v -0.023338882252573964 -0.0005885560531169176 -0.01725572533905506
v -0.023179234936833378 -0.004332692828029394 -0.018115760758519173
v -0.02833747304975986 0.003436035243794322 -0.0031068946700543165
v -0.02820920757949352 0.0034361693542450666 -0.00415927404537797
v -0.028075153008103367 -0.0002576981205493212 -0.005090358201414347
v -0.028075153008103367 -0.0002576981205493212 -0.005090358201414347
v -0.02820920757949352 0.0034361693542450666 -0.00415927404537797
v -0.027856709435582157 0.0034364599268883467 -0.006176235619932413
v -0.023179234936833378 -0.004332692828029394 -0.018115760758519173
v -0.022045364603400227 -0.0035666723269969225 -0.01962280459702015
v -0.022037623450160023 -0.007059821393340826 -0.02057904191315174
v -0.025101078674197193 -0.006194935645908117 -0.014910879544913769
v -0.02419701404869556 -0.005211228039115667 -0.016543151810765266
v -0.02497806958854198 -0.009764631278812885 -0.01587599702179432
v -0.02497806958854198 -0.009764631278812885 -0.01587599702179432
v -0.02419701404869556 -0.005211228039115667 -0.016543151810765266
v -0.023124122992157933 -0.007867873646318913 -0.01906895823776722
v -0.02497806958854198 -0.009764631278812885 -0.01587599702179432
v -0.023124122992157933 -0.007867873646318913 -0.01906895823776722
v -0.02316874079406261 -0.011181076057255268 -0.020117225125432014
v -0.026422990486025807 -0.011990406550467014 -0.012480261735618114
v -0.027776153758168217 -0.007479382213205099 -0.006943645421415567
v -0.02676262520253658 -0.004797493573278189 -0.010553601197898388
v -0.02676262520253658 -0.004797493573278189 -0.010553601197898388
v -0.027776153758168217 -0.007479382213205099 -0.006943645421415567
v -0.028075153008103367 -0.0002576981205493212 -0.005090358201414347
v -0.02676262520253658 -0.004797493573278189 -0.010553601197898388
v -0.028075153008103367 -0.0002576981205493212 -0.005090358201414347
v -0.027195112779736515 0.0027291502337902784 -0.008775833062827587
v -0.027195112779736515 0.0027291502337902784 -0.008775833062827587
v -0.028075153008103367 -0.0002576981205493212 -0.005090358201414347
v -0.027856709435582157 0.0034364599268883467 -0.006176235619932413
v -0.027195112779736515 0.0027291502337902784 -0.008775833062827587
v -0.027856709435582157 0.0034364599268883467 -0.006176235619932413
v -0.027065856382250782 0.003436310915276408 -0.009166779927909374
v -0.028498874977231022 -0.013634935952723026 -2.5509288015257425e-09
v -0.028466613963246342 -0.02010866068303585 -0.0015910293441265821
v -0.028498874977231022 -0.013634935952723026 -2.5509288015257425e-09
v -0.028343500569462773 -0.010438931174576283 -0.0032568599563091993
v -0.028466613963246342 -0.02010866068303585 -0.0015910293441265821
v -0.028343500569462773 -0.010438931174576283 -0.0032568599563091993
v -0.028150042518973347 -0.01721363700926304 -0.005270006600767374
v -0.028150042518973347 -0.01721363700926304 -0.005270006600767374
v -0.028343500569462773 -0.010438931174576283 -0.0032568599563091993
v -0.027475701645016667 -0.0144907021895051 -0.008924725465476513
v -0.02849895320832729 -0.029287192970514297 -0.00010568158904789016
v -0.028498874977231022 -0.027900880202651024 -2.5509288015257425e-09
v -0.028358442708849903 -0.026486752554774284 -0.003765108762308955
v -0.028358442708849903 -0.026486752554774284 -0.003765108762308955
v -0.028498874977231022 -0.027900880202651024 -2.5509288015257425e-09
v -0.028466613963246342 -0.02010866068303585 -0.0015910293441265821
v -0.028358442708849903 -0.026486752554774284 -0.003765108762308955
v -0.028466613963246342 -0.02010866068303585 -0.0015910293441265821
v -0.027932161465287205 -0.02378140576183796 -0.007446470204740763
v -0.027932161465287205 -0.02378140576183796 -0.007446470204740763
v -0.028466613963246342 -0.02010866068303585 -0.0015910293441265821
v -0.028150042518973347 -0.01721363700926304 -0.005270006600767374
v -0.027932161465287205 -0.02378140576183796 -0.007446470204740763
v -0.028150042518973347 -0.01721363700926304 -0.005270006600767374
v -0.027214678004384037 -0.021190671250224113 -0.011080983094871044
v -0.027214678004384037 -0.021190671250224113 -0.011080983094871044
v -0.028150042518973347 -0.01721363700926304 -0.005270006600767374
v -0.027475701645016667 -0.0144907021895051 -0.008924725465476513
v -0.027214678004384037 -0.021190671250224113 -0.011080983094871044
v -0.027475701645016667 -0.0144907021895051 -0.008924725465476513
v -0.026210078969597813 -0.018733015283942223 -0.014607968740165234
v -0.025526067242026326 -0.034274011850357056 -0.019940020516514778
v -0.02559530548751354 -0.033672042191028595 -0.019751491025090218
v -0.024798860773444172 -0.03086739405989647 -0.023201288655400276
v -0.024798860773444172 -0.03086739405989647 -0.023201288655400276
v -0.02559530548751354 -0.033672042191028595 -0.019751491025090218
v -0.02495424263179302 -0.028186311945319176 -0.022267403081059456
v -0.024798860773444172 -0.03086739405989647 -0.023201288655400276
v -0.02495424263179302 -0.028186311945319176 -0.022267403081059456
v -0.02396771870553493 -0.02524595893919468 -0.025711121037602425
v -0.02396771870553493 -0.02524595893919468 -0.025711121037602425
v -0.02495424263179302 -0.028186311945319176 -0.022267403081059456
v -0.023858448490500447 -0.02266589365899563 -0.024647654965519905
v -0.02396771870553493 -0.02524595893919468 -0.025711121037602425
v -0.023858448490500447 -0.02266589365899563 -0.024647654965519905
v -0.022519847378134724 -0.019807035103440285 -0.028085770085453987
v -0.022519847378134724 -0.019807035103440285 -0.028085770085453987
v -0.023858448490500447 -0.02266589365899563 -0.024647654965519905
v -0.022135438397526738 -0.017449012026190758 -0.026865245774388313
v -0.022519847378134724 -0.019807035103440285 -0.028085770085453987
v -0.022135438397526738 -0.017449012026190758 -0.026865245774388313
v -0.020346963778138157 -0.014913820661604404 -0.03024172969162464
v -0.028498874977231022 -0.036925118416547775 -2.5509288015257425e-09
v -0.028498874977231022 -0.029655346646904945 -2.5509288015257425e-09
v -0.028454983606934544 -0.035104814916849136 -0.0024037386756390333
v -0.028454983606934544 -0.035104814916849136 -0.0024037386756390333
v -0.028498874977231022 -0.029655346646904945 -2.5509288015257425e-09
v -0.02849895320832729 -0.029287192970514297 -0.00010568158904789016
v -0.028454983606934544 -0.035104814916849136 -0.0024037386756390333
v -0.02849895320832729 -0.029287192970514297 -0.00010568158904789016
v -0.02819145284593105 -0.032532867044210434 -0.006069364491850138
v -0.02819145284593105 -0.032532867044210434 -0.006069364491850138
v -0.02849895320832729 -0.029287192970514297 -0.00010568158904789016
v -0.028358442708849903 -0.026486752554774284 -0.003765108762308955
v -0.02819145284593105 -0.032532867044210434 -0.006069364491850138
v -0.028358442708849903 -0.026486752554774284 -0.003765108762308955
v -0.02768181078135967 -0.03000650927424431 -0.009724739007651806
v -0.02768181078135967 -0.03000650927424431 -0.009724739007651806
v -0.028358442708849903 -0.026486752554774284 -0.003765108762308955
v -0.027932161465287205 -0.02378140576183796 -0.007446470204740763
v -0.02768181078135967 -0.03000650927424431 -0.009724739007651806
v -0.027932161465287205 -0.02378140576183796 -0.007446470204740763
v -0.026962703093886372 -0.027509598061442375 -0.013317289762198925
v -0.026962703093886372 -0.027509598061442375 -0.013317289762198925
v -0.027932161465287205 -0.02378140576183796 -0.007446470204740763
v -0.027214678004384037 -0.021190671250224113 -0.011080983094871044
v -0.026962703093886372 -0.027509598061442375 -0.013317289762198925
v -0.027214678004384037 -0.021190671250224113 -0.011080983094871044
v -0.026067251339554783 -0.02502099983394146 -0.01681298203766346
v -0.026067251339554783 -0.02502099983394146 -0.01681298203766346
v -0.027214678004384037 -0.021190671250224113 -0.011080983094871044
v -0.026210078969597813 -0.018733015283942223 -0.014607968740165234
v -0.026067251339554783 -0.02502099983394146 -0.01681298203766346
v -0.026210078969597813 -0.018733015283942223 -0.014607968740165234
v -0.024981351569294926 -0.02251930721104145 -0.02020794339478016
v -0.024981351569294926 -0.02251930721104145 -0.02020794339478016
v -0.026210078969597813 -0.018733015283942223 -0.014607968740165234
v -0.024912139400839802 -0.016424069181084633 -0.01799476332962513
v -0.024981351569294926 -0.02251930721104145 -0.02020794339478016
v -0.024912139400839802 -0.016424069181084633 -0.01799476332962513
v -0.023679142817854878 -0.019993046298623085 -0.023537756875157356
v -0.027890959754586216 -0.038408271968364716 -0.00823927205055952
v -0.028252022340893742 -0.039001330733299255 -0.005180420819669962
v -0.027878558263182637 -0.03809462487697601 -0.008362236432731152
v -0.027878558263182637 -0.03809462487697601 -0.008362236432731152
v -0.028252022340893742 -0.039001330733299255 -0.005180420819669962
v -0.02819145284593105 -0.032532867044210434 -0.006069364491850138
v -0.027878558263182637 -0.03809462487697601 -0.008362236432731152
v -0.02819145284593105 -0.032532867044210434 -0.006069364491850138
v -0.027313834056258198 -0.03579305112361908 -0.011914911679923534
v -0.027313834056258198 -0.03579305112361908 -0.011914911679923534
v -0.02819145284593105 -0.032532867044210434 -0.006069364491850138
v -0.02768181078135967 -0.03000650927424431 -0.009724739007651806
v -0.027313834056258198 -0.03579305112361908 -0.011914911679923534
v -0.02768181078135967 -0.03000650927424431 -0.009724739007651806
v -0.026620166376233097 -0.03341452777385712 -0.01541066449135542
v -0.026620166376233097 -0.03341452777385712 -0.01541066449135542
v -0.02768181078135967 -0.03000650927424431 -0.009724739007651806
v -0.026962703093886372 -0.027509598061442375 -0.013317289762198925
v -0.026620166376233097 -0.03341452777385712 -0.01541066449135542
v -0.026962703093886372 -0.027509598061442375 -0.013317289762198925
v -0.02582914941012859 -0.030896741896867752 -0.01885324902832508
v -0.02582914941012859 -0.030896741896867752 -0.01885324902832508
v -0.026962703093886372 -0.027509598061442375 -0.013317289762198925
v -0.026067251339554783 -0.02502099983394146 -0.01681298203766346
v -0.02582914941012859 -0.030896741896867752 -0.01885324902832508
v -0.026067251339554783 -0.02502099983394146 -0.01681298203766346
v -0.02495424263179302 -0.028186311945319176 -0.022267403081059456
v -0.02495424263179302 -0.028186311945319176 -0.022267403081059456
v -0.026067251339554783 -0.02502099983394146 -0.01681298203766346
v -0.024981351569294926 -0.02251930721104145 -0.02020794339478016
v -0.02495424263179302 -0.028186311945319176 -0.022267403081059456
v -0.024981351569294926 -0.02251930721104145 -0.02020794339478016
v -0.023858448490500447 -0.02266589365899563 -0.024647654965519905
v -0.023858448490500447 -0.02266589365899563 -0.024647654965519905
v -0.024981351569294926 -0.02251930721104145 -0.02020794339478016
v -0.023679142817854878 -0.019993046298623085 -0.023537756875157356
v -0.023858448490500447 -0.02266589365899563 -0.024647654965519905
v -0.023679142817854878 -0.019993046298623085 -0.023537756875157356
v -0.022135438397526738 -0.017449012026190758 -0.026865245774388313
v -0.0026849750429391857 -0.003247861983254552 -0.04522276297211647
v -0.004360819235444068 -0.002497834386304021 -0.04637903347611427
v -0.0072933007031679145 -0.003996444400399923 -0.04440188780426979
v -0.005738819018006324 -0.005729460623115301 -0.03726274147629738
v -0.006771320477128028 -0.0057562231086194515 -0.038637761026620865
v -0.008532138541340826 -0.006229085382074118 -0.0373234786093235
v -0.008532138541340826 -0.006229085382074118 -0.0373234786093235
v -0.006771320477128028 -0.0057562231086194515 -0.038637761026620865
v -0.007867773994803427 -0.005736855324357748 -0.0398755706846714
v -0.008532138541340826 -0.006229085382074118 -0.0373234786093235
v -0.007867773994803427 -0.005736855324357748 -0.0398755706846714
v -0.010239990428090094 -0.006739338394254446 -0.03595644608139992
v -0.011887481436133383 -0.007281092461198568 -0.034561339765787125
v -0.011104913428425787 -0.0070093064568936825 -0.03712112084031105
v -0.013468721881508825 -0.007856138981878757 -0.033150557428598404
v -0.019681608304381367 -0.012853694148361683 -0.028810860589146614
v -0.01687880419194698 -0.010021795518696308 -0.03115093894302845
v -0.017362518236041066 -0.010857564397156239 -0.03200292959809303
v -0.017362518236041066 -0.010857564397156239 -0.03200292959809303
v -0.01687880419194698 -0.010021795518696308 -0.03115093894302845
v -0.014120100066065787 -0.008445036597549915 -0.03417271748185158
v -0.013468721881508825 -0.007856138981878757 -0.033150557428598404
v -0.014120100066065787 -0.008445036597549915 -0.03417271748185158
v -0.01497886888682842 -0.008470308966934681 -0.03172803297638893
v -0.01497886888682842 -0.008470308966934681 -0.03172803297638893
v -0.014120100066065787 -0.008445036597549915 -0.03417271748185158
v -0.01687880419194698 -0.010021795518696308 -0.03115093894302845
v -0.01497886888682842 -0.008470308966934681 -0.03172803297638893
v -0.01687880419194698 -0.010021795518696308 -0.03115093894302845
v -0.01641394756734371 -0.009131242521107197 -0.030292334035038948
v -0.01641394756734371 -0.009131242521107197 -0.030292334035038948
v -0.01687880419194698 -0.010021795518696308 -0.03115093894302845
v -0.019681608304381367 -0.012853694148361683 -0.028810860589146614
v -0.01641394756734371 -0.009131242521107197 -0.030292334035038948
v -0.019681608304381367 -0.012853694148361683 -0.028810860589146614
v -0.019045973196625706 -0.010619674809277058 -0.027365924790501595
v -0.019045973196625706 -0.010619674809277058 -0.027365924790501595
v -0.019681608304381367 -0.012853694148361683 -0.028810860589146614
v -0.021726043894886967 -0.014976472593843937 -0.02561223693192005
v -0.019045973196625706 -0.010619674809277058 -0.027365924790501595
v -0.021726043894886967 -0.014976472593843937 -0.02561223693192005
v -0.02134306542575359 -0.012341705150902271 -0.024353208020329475
v -0.02134306542575359 -0.012341705150902271 -0.024353208020329475
v -0.021726043894886967 -0.014976472593843937 -0.02561223693192005
v -0.02329589985311031 -0.014284779317677021 -0.021237554028630257
v -0.02134306542575359 -0.012341705150902271 -0.024353208020329475
v -0.02329589985311031 -0.014284779317677021 -0.021237554028630257
v -0.02316874079406261 -0.011181076057255268 -0.020117225125432014
v -0.02316874079406261 -0.011181076057255268 -0.020117225125432014
v -0.02329589985311031 -0.014284779317677021 -0.021237554028630257
v -0.024918043985962864 -0.013173052109777927 -0.016908885911107063
v -0.02316874079406261 -0.011181076057255268 -0.020117225125432014
v -0.024918043985962864 -0.013173052109777927 -0.016908885911107063
v -0.02497806958854198 -0.009764631278812885 -0.01587599702179432
v -0.02497806958854198 -0.009764631278812885 -0.01587599702179432
v -0.024918043985962864 -0.013173052109777927 -0.016908885911107063
v -0.026422990486025807 -0.011990406550467014 -0.012480261735618114
v -0.02497806958854198 -0.009764631278812885 -0.01587599702179432
v -0.026422990486025807 -0.011990406550467014 -0.012480261735618114
v -0.025101078674197193 -0.006194935645908117 -0.014910879544913769
v -0.025101078674197193 -0.006194935645908117 -0.014910879544913769
v -0.026422990486025807 -0.011990406550467014 -0.012480261735618114
v -0.02676262520253658 -0.004797493573278189 -0.010553601197898388
v -0.025101078674197193 -0.006194935645908117 -0.014910879544913769
v -0.02676262520253658 -0.004797493573278189 -0.010553601197898388
v -0.02528758533298969 -0.00247516599483788 -0.014011266641318798
v -0.02528758533298969 -0.00247516599483788 -0.014011266641318798
v -0.02676262520253658 -0.004797493573278189 -0.010553601197898388
v -0.027195112779736515 0.0027291502337902784 -0.008775833062827587
v -0.02528758533298969 -0.00247516599483788 -0.014011266641318798
v -0.027195112779736515 0.0027291502337902784 -0.008775833062827587
v -0.025968192145228382 0.003435953287407756 -0.01207375805824995
v -0.025968192145228382 0.003435953287407756 -0.01207375805824995
v -0.027195112779736515 0.0027291502337902784 -0.008775833062827587
v -0.027065856382250782 0.003436310915276408 -0.009166779927909374
v -0.013468721881508825 -0.007856138981878757 -0.033150557428598404
v -0.011104913428425787 -0.0070093064568936825 -0.03712112084031105
v -0.014120100066065787 -0.008445036597549915 -0.03417271748185158
v -0.014120100066065787 -0.008445036597549915 -0.03417271748185158
v -0.011104913428425787 -0.0070093064568936825 -0.03712112084031105
v -0.01479537598788738 -0.008986727334558964 -0.035164956003427505
v -0.014120100066065787 -0.008445036597549915 -0.03417271748185158
v -0.01479537598788738 -0.008986727334558964 -0.035164956003427505
v -0.017362518236041066 -0.010857564397156239 -0.03200292959809303
v -0.017362518236041066 -0.010857564397156239 -0.03200292959809303
v -0.01479537598788738 -0.008986727334558964 -0.035164956003427505
v -0.01785423047840595 -0.011653435416519642 -0.03284204378724098
v -0.017362518236041066 -0.010857564397156239 -0.03200292959809303
v -0.01785423047840595 -0.011653435416519642 -0.03284204378724098
v -0.019681608304381367 -0.012853694148361683 -0.028810860589146614
v -0.01731844805181026 -0.00848317239433527 -0.04476368799805641
v -0.018652254715561863 -0.011918910779058933 -0.04076719656586647
v -0.017179468646645542 -0.008578469045460224 -0.04431939497590065
v -0.017179468646645542 -0.008578469045460224 -0.04431939497590065
v -0.018652254715561863 -0.011918910779058933 -0.04076719656586647
v -0.017470782622694966 -0.010971744544804096 -0.038897279649972916
v -0.017179468646645542 -0.008578469045460224 -0.04431939497590065
v -0.017470782622694966 -0.010971744544804096 -0.038897279649972916
v -0.015577955171465872 -0.008123663254082203 -0.04225659742951393
v -0.015577955171465872 -0.008123663254082203 -0.04225659742951393
v -0.017470782622694966 -0.010971744544804096 -0.038897279649972916
v -0.014716247096657751 -0.007898815907537937 -0.04125559702515602
v -0.015577955171465872 -0.008123663254082203 -0.04225659742951393
v -0.014716247096657751 -0.007898815907537937 -0.04125559702515602
v -0.012478297576308249 -0.0054633780382573605 -0.04411900416016579
v -0.012478297576308249 -0.0054633780382573605 -0.04411900416016579
v -0.014716247096657751 -0.007898815907537937 -0.04125559702515602
v -0.011335020884871481 -0.005536095704883337 -0.043083611875772476
v -0.012478297576308249 -0.0054633780382573605 -0.04411900416016579
v -0.011335020884871481 -0.005536095704883337 -0.043083611875772476
v -0.008719624951481817 -0.0035949957091361284 -0.04545730724930763
v -0.008719624951481817 -0.0035949957091361284 -0.04545730724930763
v -0.011335020884871481 -0.005536095704883337 -0.043083611875772476
v -0.0072933007031679145 -0.003996444400399923 -0.04440188780426979
v -0.008719624951481817 -0.0035949957091361284 -0.04545730724930763
v -0.0072933007031679145 -0.003996444400399923 -0.04440188780426979
v -0.006167592480778693 -0.0023653407115489244 -0.0467185415327549
v -0.006167592480778693 -0.0023653407115489244 -0.0467185415327549
v -0.0072933007031679145 -0.003996444400399923 -0.04440188780426979
v -0.004360819235444068 -0.002497834386304021 -0.04637903347611427
v -0.006167592480778693 -0.0023653407115489244 -0.0467185415327549
v -0.004360819235444068 -0.002497834386304021 -0.04637903347611427
v -0.0034545343369245525 -0.0021437418181449175 -0.04678976908326149
v -0.0034545343369245525 -0.0021437418181449175 -0.04678976908326149
v -0.004360819235444068 -0.002497834386304021 -0.04637903347611427
v -0.0026849750429391857 -0.003247861983254552 -0.04522276297211647
v -0.0034545343369245525 -0.0021437418181449175 -0.04678976908326149
v -0.0026849750429391857 -0.003247861983254552 -0.04522276297211647
v 1.1156331538586526e-06 -0.0023696545977145433 -0.046466950327157974
v -0.019277645274996754 -0.013899640180170536 -0.035289470106363297
v -0.018820686265826222 -0.013168302364647388 -0.03448069468140602
v -0.016829399392008778 -0.010486786253750324 -0.037980858236551285
v -0.016829399392008778 -0.010486786253750324 -0.037980858236551285
v -0.018820686265826222 -0.013168302364647388 -0.03448069468140602
v -0.01616271026432514 -0.009997100569307804 -0.03706097975373268
v -0.016829399392008778 -0.010486786253750324 -0.037980858236551285
v -0.01616271026432514 -0.009997100569307804 -0.03706097975373268
v -0.013824036344885824 -0.007680488284677267 -0.04026103392243385
v -0.013824036344885824 -0.007680488284677267 -0.04026103392243385
v -0.01616271026432514 -0.009997100569307804 -0.03706097975373268
v -0.012914130464196203 -0.007465244736522436 -0.03925538435578346
v -0.013824036344885824 -0.007680488284677267 -0.04026103392243385
v -0.012914130464196203 -0.007465244736522436 -0.03925538435578346
v -0.010171705856919287 -0.005613373126834631 -0.0420568622648716
v -0.010171705856919287 -0.005613373126834631 -0.0420568622648716
v -0.012914130464196203 -0.007465244736522436 -0.03925538435578346
v -0.009008562192320822 -0.005684619303792715 -0.041001979261636734
v -0.010171705856919287 -0.005613373126834631 -0.0420568622648716
v -0.009008562192320822 -0.005684619303792715 -0.041001979261636734
v -0.005868373438715934 -0.0043767779134213924 -0.0433352030813694
v -0.005868373438715934 -0.0043767779134213924 -0.0433352030813694
v -0.009008562192320822 -0.005684619303792715 -0.041001979261636734
v -0.00447406806051731 -0.004718007054179907 -0.04219562187790871
v -0.005868373438715934 -0.0043767779134213924 -0.0433352030813694
v -0.00447406806051731 -0.004718007054179907 -0.04219562187790871
v -0.0010461678029969332 -0.003918120171874762 -0.04398185387253761
v -0.01785423047840595 -0.011653435416519642 -0.03284204378724098
v -0.020346963778138157 -0.014913820661604404 -0.03024172969162464
v -0.019681608304381367 -0.012853694148361683 -0.028810860589146614
v -0.019681608304381367 -0.012853694148361683 -0.028810860589146614
v -0.020346963778138157 -0.014913820661604404 -0.03024172969162464
v -0.022135438397526738 -0.017449012026190758 -0.026865245774388313
v -0.019681608304381367 -0.012853694148361683 -0.028810860589146614
v -0.022135438397526738 -0.017449012026190758 -0.026865245774388313
v -0.021726043894886967 -0.014976472593843937 -0.02561223693192005
v -0.021726043894886967 -0.014976472593843937 -0.02561223693192005
v -0.022135438397526738 -0.017449012026190758 -0.026865245774388313
v -0.023679142817854878 -0.019993046298623085 -0.023537756875157356
v -0.021726043894886967 -0.014976472593843937 -0.02561223693192005
v -0.023679142817854878 -0.019993046298623085 -0.023537756875157356
v -0.02329589985311031 -0.014284779317677021 -0.021237554028630257
v -0.02329589985311031 -0.014284779317677021 -0.021237554028630257
v -0.023679142817854878 -0.019993046298623085 -0.023537756875157356
v -0.024912139400839802 -0.016424069181084633 -0.01799476332962513
v -0.02329589985311031 -0.014284779317677021 -0.021237554028630257
v -0.024912139400839802 -0.016424069181084633 -0.01799476332962513
v -0.024918043985962864 -0.013173052109777927 -0.016908885911107063
v -0.024918043985962864 -0.013173052109777927 -0.016908885911107063
v -0.024912139400839802 -0.016424069181084633 -0.01799476332962513
v -0.026210078969597813 -0.018733015283942223 -0.014607968740165234
v -0.024918043985962864 -0.013173052109777927 -0.016908885911107063
v -0.026210078969597813 -0.018733015283942223 -0.014607968740165234
v -0.026422990486025807 -0.011990406550467014 -0.012480261735618114
v -0.026422990486025807 -0.011990406550467014 -0.012480261735618114
v -0.026210078969597813 -0.018733015283942223 -0.014607968740165234
v -0.027475701645016667 -0.0144907021895051 -0.008924725465476513
v -0.026422990486025807 -0.011990406550467014 -0.012480261735618114
v -0.027475701645016667 -0.0144907021895051 -0.008924725465476513
v -0.027776153758168217 -0.007479382213205099 -0.006943645421415567
v -0.027776153758168217 -0.007479382213205099 -0.006943645421415567
v -0.027475701645016667 -0.0144907021895051 -0.008924725465476513
v -0.028343500569462773 -0.010438931174576283 -0.0032568599563091993
v -0.027776153758168217 -0.007479382213205099 -0.006943645421415567
v -0.028343500569462773 -0.010438931174576283 -0.0032568599563091993
v -0.028075153008103367 -0.0002576981205493212 -0.005090358201414347
v -0.028075153008103367 -0.0002576981205493212 -0.005090358201414347
v -0.028343500569462773 -0.010438931174576283 -0.0032568599563091993
v -0.02846894599497318 -0.0035543900448828936 -0.0013603593688458204
v -0.028075153008103367 -0.0002576981205493212 -0.005090358201414347
v -0.02846894599497318 -0.0035543900448828936 -0.0013603593688458204
v -0.02833747304975986 0.003436035243794322 -0.0031068946700543165
v -0.02833747304975986 0.003436035243794322 -0.0031068946700543165
v -0.02846894599497318 -0.0035543900448828936 -0.0013603593688458204
v -0.028498874977231022 0.0017003815155476332 -2.5509288015257425e-09
v -0.02833747304975986 0.003436035243794322 -0.0031068946700543165
v -0.028498874977231022 0.0017003815155476332 -2.5509288015257425e-09
v -0.028498871251940724 0.0034359979908913374 -2.5509288015257425e-09
v 1.1230837344555764e-06 -0.0034627218265086412 -0.04485255852341652
v 1.1156331538586526e-06 -0.0023696545977145433 -0.046466950327157974
v -0.0010461678029969332 -0.003918120171874762 -0.04398185387253761
v -0.0010461678029969332 -0.003918120171874762 -0.04398185387253761
v 1.1156331538586526e-06 -0.0023696545977145433 -0.046466950327157974
v -0.0026849750429391857 -0.003247861983254552 -0.04522276297211647
v -0.0010461678029969332 -0.003918120171874762 -0.04398185387253761
v -0.0026849750429391857 -0.003247861983254552 -0.04522276297211647
v -0.005868373438715934 -0.0043767779134213924 -0.0433352030813694
v -0.005868373438715934 -0.0043767779134213924 -0.0433352030813694
v -0.0026849750429391857 -0.003247861983254552 -0.04522276297211647
v -0.0072933007031679145 -0.003996444400399923 -0.04440188780426979
v -0.005868373438715934 -0.0043767779134213924 -0.0433352030813694
v -0.0072933007031679145 -0.003996444400399923 -0.04440188780426979
v -0.010171705856919287 -0.005613373126834631 -0.0420568622648716
v -0.010171705856919287 -0.005613373126834631 -0.0420568622648716
v -0.0072933007031679145 -0.003996444400399923 -0.04440188780426979
v -0.011335020884871481 -0.005536095704883337 -0.043083611875772476
v -0.010171705856919287 -0.005613373126834631 -0.0420568622648716
v -0.011335020884871481 -0.005536095704883337 -0.043083611875772476
v -0.013824036344885824 -0.007680488284677267 -0.04026103392243385
v -0.013824036344885824 -0.007680488284677267 -0.04026103392243385
v -0.011335020884871481 -0.005536095704883337 -0.043083611875772476
v -0.014716247096657751 -0.007898815907537937 -0.04125559702515602
v -0.013824036344885824 -0.007680488284677267 -0.04026103392243385
v -0.014716247096657751 -0.007898815907537937 -0.04125559702515602
v -0.016829399392008778 -0.010486786253750324 -0.037980858236551285
v -0.016829399392008778 -0.010486786253750324 -0.037980858236551285
v -0.014716247096657751 -0.007898815907537937 -0.04125559702515602
v -0.017470782622694966 -0.010971744544804096 -0.038897279649972916
v -0.016829399392008778 -0.010486786253750324 -0.037980858236551285
v -0.017470782622694966 -0.010971744544804096 -0.038897279649972916
v -0.019277645274996754 -0.013899640180170536 -0.035289470106363297
v -0.019277645274996754 -0.013899640180170536 -0.035289470106363297
v -0.017470782622694966 -0.010971744544804096 -0.038897279649972916
v -0.018652254715561863 -0.011918910779058933 -0.04076719656586647
v -0.019277645274996754 -0.013899640180170536 -0.035289470106363297
v -0.018652254715561863 -0.011918910779058933 -0.04076719656586647
v -0.02010724507272243 -0.015317087061703205 -0.03692835941910744
v -0.02010724507272243 -0.015317087061703205 -0.03692835941910744
v -0.018652254715561863 -0.011918910779058933 -0.04076719656586647
v -0.019692247733473774 -0.01281100232154131 -0.04276115074753761
v -0.023929825052618977 -0.03110821358859539 -0.026776494458317757
v -0.02396115846931934 -0.03117532469332218 -0.026633860543370247
v -0.023730223998427388 -0.030108125880360603 -0.027812780812382698
v -0.023730223998427388 -0.030108125880360603 -0.027812780812382698
v -0.02396115846931934 -0.03117532469332218 -0.026633860543370247
v -0.023948280140757557 -0.027732672169804573 -0.02674699015915394
v -0.023730223998427388 -0.030108125880360603 -0.027812780812382698
v -0.023948280140757557 -0.027732672169804573 -0.02674699015915394
v -0.02299833111464977 -0.02426840551197529 -0.03048551268875599
v -0.02299833111464977 -0.02426840551197529 -0.03048551268875599
v -0.023948280140757557 -0.027732672169804573 -0.02674699015915394
v -0.022826327010989186 -0.02207770012319088 -0.029279353097081184
v -0.02299833111464977 -0.02426840551197529 -0.03048551268875599
v -0.022826327010989186 -0.02207770012319088 -0.029279353097081184
v -0.02193120308220386 -0.020536115393042564 -0.034489456564188004
v -0.02193120308220386 -0.020536115393042564 -0.034489456564188004
v -0.022826327010989186 -0.02207770012319088 -0.029279353097081184
v -0.021521726623177525 -0.01873437874019146 -0.03303742781281471
v -0.02193120308220386 -0.020536115393042564 -0.034489456564188004
v -0.021521726623177525 -0.01873437874019146 -0.03303742781281471
v -0.020804690197110173 -0.016671521589159966 -0.03866500034928322
v -0.019790319725871083 -0.012680989690124989 -0.043421391397714615
v -0.020787851884961125 -0.015345067717134953 -0.04257005825638771
v -0.020804690197110173 -0.016671521589159966 -0.03866500034928322
v -0.020804690197110173 -0.016671521589159966 -0.03866500034928322
v -0.020787851884961125 -0.015345067717134953 -0.04257005825638771
v -0.021366601809859272 -0.01796656660735607 -0.040574733167886734
v -0.020804690197110173 -0.016671521589159966 -0.03866500034928322
v -0.021366601809859272 -0.01796656660735607 -0.040574733167886734
v -0.02193120308220386 -0.020536115393042564 -0.034489456564188004
v -0.02193120308220386 -0.020536115393042564 -0.034489456564188004
v -0.021366601809859272 -0.01796656660735607 -0.040574733167886734
v -0.022170418873429295 -0.022269999608397484 -0.03607833757996559
v -0.02193120308220386 -0.020536115393042564 -0.034489456564188004
v -0.022170418873429295 -0.022269999608397484 -0.03607833757996559
v -0.02299833111464977 -0.02426840551197529 -0.03048551268875599
v -0.02299833111464977 -0.02426840551197529 -0.03048551268875599
v -0.022170418873429295 -0.022269999608397484 -0.03607833757996559
v -0.022974854335188862 -0.02636978216469288 -0.03178012743592262
v -0.02299833111464977 -0.02426840551197529 -0.03048551268875599
v -0.022974854335188862 -0.02636978216469288 -0.03178012743592262
v -0.023730223998427388 -0.030108125880360603 -0.027812780812382698
v -0.023730223998427388 -0.030108125880360603 -0.027812780812382698
v -0.022974854335188862 -0.02636978216469288 -0.03178012743592262
v -0.023374220356345173 -0.029863908886909485 -0.029445352032780647
v -0.023730223998427388 -0.030108125880360603 -0.027812780812382698
v -0.023374220356345173 -0.029863908886909485 -0.029445352032780647
v -0.023929825052618977 -0.03110821358859539 -0.026776494458317757
v -0.010239990428090094 -0.006739338394254446 -0.03595644608139992
v -0.007867773994803427 -0.005736855324357748 -0.0398755706846714
v -0.011104913428425787 -0.0070093064568936825 -0.03712112084031105
v -0.011104913428425787 -0.0070093064568936825 -0.03712112084031105
v -0.007867773994803427 -0.005736855324357748 -0.0398755706846714
v -0.012002071365714071 -0.007245549466460943 -0.0382159985601902
v -0.011104913428425787 -0.0070093064568936825 -0.03712112084031105
v -0.012002071365714071 -0.007245549466460943 -0.0382159985601902
v -0.01479537598788738 -0.008986727334558964 -0.035164956003427505
v -0.01479537598788738 -0.008986727334558964 -0.035164956003427505
v -0.012002071365714071 -0.007245549466460943 -0.0382159985601902
v -0.01548069156706333 -0.009499718435108662 -0.0361257828772068
v -0.01479537598788738 -0.008986727334558964 -0.035164956003427505
v -0.01548069156706333 -0.009499718435108662 -0.0361257828772068
v -0.01785423047840595 -0.011653435416519642 -0.03284204378724098
v -0.01785423047840595 -0.011653435416519642 -0.03284204378724098
v -0.01548069156706333 -0.009499718435108662 -0.0361257828772068
v -0.01834347657859325 -0.012420994229614735 -0.033667031675577164
v -0.01785423047840595 -0.011653435416519642 -0.03284204378724098
v -0.01834347657859325 -0.012420994229614735 -0.033667031675577164
v -0.020346963778138157 -0.014913820661604404 -0.03024172969162464
v -0.020346963778138157 -0.014913820661604404 -0.03024172969162464
v -0.01834347657859325 -0.012420994229614735 -0.033667031675577164
v -0.02097862400114536 -0.01686367206275463 -0.031641487032175064
v -0.020346963778138157 -0.014913820661604404 -0.03024172969162464
v -0.02097862400114536 -0.01686367206275463 -0.031641487032175064
v -0.022519847378134724 -0.019807035103440285 -0.028085770085453987
v -0.022519847378134724 -0.019807035103440285 -0.028085770085453987
v -0.02097862400114536 -0.01686367206275463 -0.031641487032175064
v -0.022826327010989186 -0.02207770012319088 -0.029279353097081184
v -0.022519847378134724 -0.019807035103440285 -0.028085770085453987
v -0.022826327010989186 -0.02207770012319088 -0.029279353097081184
v -0.02396771870553493 -0.02524595893919468 -0.025711121037602425
v -0.02396771870553493 -0.02524595893919468 -0.025711121037602425
v -0.022826327010989186 -0.02207770012319088 -0.029279353097081184
v -0.023948280140757557 -0.027732672169804573 -0.02674699015915394
v -0.02396771870553493 -0.02524595893919468 -0.025711121037602425
v -0.023948280140757557 -0.027732672169804573 -0.02674699015915394
v -0.024798860773444172 -0.03086739405989647 -0.023201288655400276
v -0.024798860773444172 -0.03086739405989647 -0.023201288655400276
v -0.023948280140757557 -0.027732672169804573 -0.02674699015915394
v -0.02396115846931934 -0.03117532469332218 -0.026633860543370247
v -0.024798860773444172 -0.03086739405989647 -0.023201288655400276
v -0.02396115846931934 -0.03117532469332218 -0.026633860543370247
v -0.0246139895170927 -0.03252049908041954 -0.02377432771027088
v -0.002530986443161964 -0.004438897129148245 -0.03119039721786976
v -0.00691600702702999 -0.0037303839344531298 -0.029887976124882698
v -0.004303468391299247 -0.0029668298084288836 -0.02955430932343006
v -0.002530986443161964 -0.004438897129148245 -0.03119039721786976
v -0.0002698545285966247 -0.004773025866597891 -0.03182930126786232
v -0.0009832849027588961 -0.005295561160892248 -0.03340733423829079
v -0.0009832849027588961 -0.005295561160892248 -0.03340733423829079
v -0.0002698545285966247 -0.004773025866597891 -0.03182930126786232
v 1.1677872180371194e-06 -0.005335183348506689 -0.033620718866586685
v -0.0009832849027588961 -0.005295561160892248 -0.03340733423829079
v 1.1677872180371194e-06 -0.005335183348506689 -0.033620718866586685
v 1.1677872180371194e-06 -0.005355072673410177 -0.03376663103699684
v 1.1230837344555764e-06 -0.0034627218265086412 -0.04485255852341652
v -0.0010461678029969332 -0.003918120171874762 -0.04398185387253761
v 1.2944470881848245e-06 -0.004360088612884283 -0.04293352738022804
v 1.2944470881848245e-06 -0.004360088612884283 -0.04293352738022804
v -0.0010461678029969332 -0.003918120171874762 -0.04398185387253761
v -0.00447406806051731 -0.004718007054179907 -0.04219562187790871
v 1.2944470881848245e-06 -0.004360088612884283 -0.04293352738022804
v -0.00447406806051731 -0.004718007054179907 -0.04219562187790871
v -0.003138823434710502 -0.005002120044082403 -0.04092032089829445
v -0.003138823434710502 -0.005002120044082403 -0.04092032089829445
v -0.00447406806051731 -0.004718007054179907 -0.04219562187790871
v -0.004968306049704551 -0.005341374780982733 -0.039854053407907486
v -0.003138823434710502 -0.005002120044082403 -0.04092032089829445
v -0.004968306049704551 -0.005341374780982733 -0.039854053407907486
v -0.0038255620747804637 -0.0054341754876077175 -0.03843754902482033
v -0.007993975654244421 -0.005447113420814276 -0.032158080488443375
v -0.00740554742515087 -0.00470714783295989 -0.030949177220463753
v -0.005988420918583869 -0.005458862986415625 -0.03316367045044899
v -0.005988420918583869 -0.005458862986415625 -0.03316367045044899
v -0.00740554742515087 -0.00470714783295989 -0.030949177220463753
v -0.005316494032740592 -0.004901458974927664 -0.03177786245942116
v -0.005988420918583869 -0.005458862986415625 -0.03316367045044899
v -0.005316494032740592 -0.004901458974927664 -0.03177786245942116
v -0.00392654351890087 -0.0054682656191289425 -0.03416234627366066
v -0.00392654351890087 -0.0054682656191289425 -0.03416234627366066
v -0.005316494032740592 -0.004901458974927664 -0.03177786245942116
v -0.0031713377684354778 -0.005106774624437094 -0.0325927771627903
v -0.0031713377684354778 -0.005106774624437094 -0.0325927771627903
v 1.0634790896801858e-06 -0.005394862499088049 -0.03590459004044533
v -0.00392654351890087 -0.0054682656191289425 -0.03416234627366066
v -0.00392654351890087 -0.0054682656191289425 -0.03416234627366066
v 1.0634790896801858e-06 -0.005394862499088049 -0.03590459004044533
v -0.00478619523346424 -0.005643533077090979 -0.035753849893808365
v -0.00392654351890087 -0.0054682656191289425 -0.03416234627366066
v -0.00478619523346424 -0.005643533077090979 -0.035753849893808365
v -0.005988420918583869 -0.005458862986415625 -0.03316367045044899
v -0.005988420918583869 -0.005458862986415625 -0.03316367045044899
v -0.00478619523346424 -0.005643533077090979 -0.035753849893808365
v -0.006756430491805076 -0.005821240600198507 -0.03460359945893288
v -0.005988420918583869 -0.005458862986415625 -0.03316367045044899
v -0.006756430491805076 -0.005821240600198507 -0.03460359945893288
v -0.007993975654244421 -0.005447113420814276 -0.032158080488443375
v -0.018675306811928746 -0.01049662847071886 -0.04411960020661354
v -0.019790319725871083 -0.012680989690124989 -0.043421391397714615
v -0.019692247733473774 -0.01281100232154131 -0.04276115074753761
v -0.019692247733473774 -0.01281100232154131 -0.04276115074753761
v -0.019790319725871083 -0.012680989690124989 -0.043421391397714615
v -0.020804690197110173 -0.016671521589159966 -0.03866500034928322
v -0.019692247733473774 -0.01281100232154131 -0.04276115074753761
v -0.020804690197110173 -0.016671521589159966 -0.03866500034928322
v -0.02010724507272243 -0.015317087061703205 -0.03692835941910744
v -0.02010724507272243 -0.015317087061703205 -0.03692835941910744
v -0.020804690197110173 -0.016671521589159966 -0.03866500034928322
v -0.021521726623177525 -0.01873437874019146 -0.03303742781281471
v -0.02010724507272243 -0.015317087061703205 -0.03692835941910744
v -0.021521726623177525 -0.01873437874019146 -0.03303742781281471
v -0.019277645274996754 -0.013899640180170536 -0.035289470106363297
v -0.019277645274996754 -0.013899640180170536 -0.035289470106363297
v -0.021521726623177525 -0.01873437874019146 -0.03303742781281471
v -0.02097862400114536 -0.01686367206275463 -0.031641487032175064
v -0.019277645274996754 -0.013899640180170536 -0.035289470106363297
v -0.02097862400114536 -0.01686367206275463 -0.031641487032175064
v -0.018820686265826222 -0.013168302364647388 -0.03448069468140602
v -0.018820686265826222 -0.013168302364647388 -0.03448069468140602
v -0.02097862400114536 -0.01686367206275463 -0.031641487032175064
v -0.01834347657859325 -0.012420994229614735 -0.033667031675577164
v -0.018820686265826222 -0.013168302364647388 -0.03448069468140602
v -0.01834347657859325 -0.012420994229614735 -0.033667031675577164
v -0.01616271026432514 -0.009997100569307804 -0.03706097975373268
v -0.01616271026432514 -0.009997100569307804 -0.03706097975373268
v -0.01834347657859325 -0.012420994229614735 -0.033667031675577164
v -0.01548069156706333 -0.009499718435108662 -0.0361257828772068
v -0.01616271026432514 -0.009997100569307804 -0.03706097975373268
v -0.01548069156706333 -0.009499718435108662 -0.0361257828772068
v -0.012914130464196203 -0.007465244736522436 -0.03925538435578346
v -0.012914130464196203 -0.007465244736522436 -0.03925538435578346
v -0.01548069156706333 -0.009499718435108662 -0.0361257828772068
v -0.012002071365714071 -0.007245549466460943 -0.0382159985601902
v -0.012914130464196203 -0.007465244736522436 -0.03925538435578346
v -0.012002071365714071 -0.007245549466460943 -0.0382159985601902
v -0.009008562192320822 -0.005684619303792715 -0.041001979261636734
v -0.009008562192320822 -0.005684619303792715 -0.041001979261636734
v -0.012002071365714071 -0.007245549466460943 -0.0382159985601902
v -0.007867773994803427 -0.005736855324357748 -0.0398755706846714
v -0.009008562192320822 -0.005684619303792715 -0.041001979261636734
v -0.007867773994803427 -0.005736855324357748 -0.0398755706846714
v -0.00447406806051731 -0.004718007054179907 -0.04219562187790871
v -0.00447406806051731 -0.004718007054179907 -0.04219562187790871
v -0.007867773994803427 -0.005736855324357748 -0.0398755706846714
v -0.006771320477128028 -0.0057562231086194515 -0.038637761026620865
v -0.00447406806051731 -0.004718007054179907 -0.04219562187790871
v -0.006771320477128028 -0.0057562231086194515 -0.038637761026620865
v -0.004968306049704551 -0.005341374780982733 -0.039854053407907486
v -0.004968306049704551 -0.005341374780982733 -0.039854053407907486
v -0.006771320477128028 -0.0057562231086194515 -0.038637761026620865
v -0.005738819018006324 -0.005729460623115301 -0.03726274147629738
v -0.004968306049704551 -0.005341374780982733 -0.039854053407907486
v -0.005738819018006324 -0.005729460623115301 -0.03726274147629738
v -0.0038255620747804637 -0.0054341754876077175 -0.03843754902482033
v -0.008369820192456244 0.0012710790615528822 -0.0275688786059618
v -0.008368020877242087 0.0031971100252121687 -0.027384402230381966
v -0.006085796281695365 0.0027016315143555403 -0.027917804196476936
v -0.003980176523327827 -0.0015459556598216295 -0.028828265145421028
v -0.004303468391299247 -0.0029668298084288836 -0.02955430932343006
v -0.006534604355692863 -0.002487899037078023 -0.0290337223559618
v -0.006534604355692863 -0.002487899037078023 -0.0290337223559618
v -0.004303468391299247 -0.0029668298084288836 -0.02955430932343006
v -0.00691600702702999 -0.0037303839344531298 -0.029887976124882698
v -0.006534604355692863 -0.002487899037078023 -0.0290337223559618
v -0.00691600702702999 -0.0037303839344531298 -0.029887976124882698
v -0.009008185938000677 -0.003439323278144002 -0.029169978573918343
v -0.009008185938000677 -0.003439323278144002 -0.029169978573918343
v -0.00691600702702999 -0.0037303839344531298 -0.029887976124882698
v -0.009424498304724692 -0.0045589967630803585 -0.030084313824772835
v -0.009008185938000677 -0.003439323278144002 -0.029169978573918343
v -0.009424498304724692 -0.0045589967630803585 -0.030084313824772835
v -0.011361164972186087 -0.004486688878387213 -0.029163779690861702
v -0.0037159342318773265 0.002079686848446727 -0.028281928971409798
v -0.0037845578044652935 0.00016941384819801897 -0.02841121144592762
v -0.006118657067418098 0.0007798175793141127 -0.02807009406387806
v -0.006118657067418098 0.0007798175793141127 -0.02807009406387806
v -0.0037845578044652935 0.00016941384819801897 -0.02841121144592762
v -0.006267892196774482 -0.0009739894885569811 -0.02842480130493641
v -0.006118657067418098 0.0007798175793141127 -0.02807009406387806
v -0.006267892196774482 -0.0009739894885569811 -0.02842480130493641
v -0.008476922288537024 -0.0005076725501567125 -0.027904393151402473
v -0.008476922288537024 -0.0005076725501567125 -0.027904393151402473
v -0.006267892196774482 -0.0009739894885569811 -0.02842480130493641
v -0.00869048200547695 -0.002087840111926198 -0.028435589745640755
v -0.008476922288537024 -0.0005076725501567125 -0.027904393151402473
v -0.00869048200547695 -0.002087840111926198 -0.028435589745640755
v -0.010756248608231543 -0.0018012758810073137 -0.027725638821721077
v -0.010756248608231543 -0.0018012758810073137 -0.027725638821721077
v -0.00869048200547695 -0.002087840111926198 -0.028435589745640755
v -0.01101427339017391 -0.003242993028834462 -0.028369249776005745
v -0.010756248608231543 -0.0018012758810073137 -0.027725638821721077
v -0.01101427339017391 -0.003242993028834462 -0.028369249776005745
v -0.01292324624955654 -0.0031628322321921587 -0.027471007779240608
v -0.01292324624955654 -0.0031628322321921587 -0.027471007779240608
v -0.01101427339017391 -0.003242993028834462 -0.028369249776005745
v -0.013205567374825476 -0.004511298146098852 -0.028173329308629036
v -0.01292324624955654 -0.0031628322321921587 -0.027471007779240608
v -0.013205567374825476 -0.004511298146098852 -0.028173329308629036
v -0.014949867501854895 -0.004646280314773321 -0.027103843167424202
v -0.0037845578044652935 0.00016941384819801897 -0.02841121144592762
v -0.003980176523327827 -0.0015459556598216295 -0.028828265145421028
v -0.006267892196774482 -0.0009739894885569811 -0.02842480130493641
v -0.006267892196774482 -0.0009739894885569811 -0.02842480130493641
v -0.003980176523327827 -0.0015459556598216295 -0.028828265145421028
v -0.006534604355692863 -0.002487899037078023 -0.0290337223559618
v -0.006267892196774482 -0.0009739894885569811 -0.02842480130493641
v -0.006534604355692863 -0.002487899037078023 -0.0290337223559618
v -0.00869048200547695 -0.002087840111926198 -0.028435589745640755
v -0.00869048200547695 -0.002087840111926198 -0.028435589745640755
v -0.006534604355692863 -0.002487899037078023 -0.0290337223559618
v -0.009008185938000677 -0.003439323278144002 -0.029169978573918343
v -0.00869048200547695 -0.002087840111926198 -0.028435589745640755
v -0.009008185938000677 -0.003439323278144002 -0.029169978573918343
v -0.01101427339017391 -0.003242993028834462 -0.028369249776005745
v -0.01101427339017391 -0.003242993028834462 -0.028369249776005745
v -0.009008185938000677 -0.003439323278144002 -0.029169978573918343
v -0.011361164972186087 -0.004486688878387213 -0.029163779690861702
v -0.01101427339017391 -0.003242993028834462 -0.028369249776005745
v -0.011361164972186087 -0.004486688878387213 -0.029163779690861702
v -0.013205567374825476 -0.004511298146098852 -0.028173329308629036
v -0.006756430491805076 -0.005821240600198507 -0.03460359945893288
v -0.008670615032315252 -0.005997446831315756 -0.03343934193253517
v -0.007993975654244421 -0.005447113420814276 -0.032158080488443375
v -0.007993975654244421 -0.005447113420814276 -0.032158080488443375
v -0.008670615032315252 -0.005997446831315756 -0.03343934193253517
v -0.010518493130803106 -0.0061949766241014 -0.0322648324072361
v -0.007993975654244421 -0.005447113420814276 -0.032158080488443375
v -0.010518493130803106 -0.0061949766241014 -0.0322648324072361
v -0.011789849027991293 -0.005542544182389975 -0.03007894940674305
v -0.011789849027991293 -0.005542544182389975 -0.03007894940674305
v -0.010518493130803106 -0.0061949766241014 -0.0322648324072361
v -0.012291276827454565 -0.006435250397771597 -0.03107464499771595
v -0.011789849027991293 -0.005542544182389975 -0.03007894940674305
v -0.012291276827454565 -0.006435250397771597 -0.03107464499771595
v -0.015237798914313315 -0.00594371696934104 -0.02782309241592884
v -0.015237798914313315 -0.00594371696934104 -0.02782309241592884
v -0.012291276827454565 -0.006435250397771597 -0.03107464499771595
v -0.013981612399220465 -0.0067362613044679165 -0.029859425500035286
v -0.015237798914313315 -0.00594371696934104 -0.02782309241592884
v -0.013981612399220465 -0.0067362613044679165 -0.029859425500035286
v -0.015583543106913565 -0.007112090941518545 -0.02860892005264759
v -0.011562896892428396 0.003436057595536113 -0.026320459321141243
v -0.012565067037940024 0.0018487859051674604 -0.026095988228917122
v -0.014488002285361288 0.0019242081325501204 -0.02514529414474964
v -0.014488002285361288 0.0019242081325501204 -0.02514529414474964
v -0.012565067037940024 0.0018487859051674604 -0.026095988228917122
v -0.014493515715003012 8.67608396220021e-05 -0.025493742898106575
v -0.014488002285361288 0.0019242081325501204 -0.02514529414474964
v -0.014493515715003012 8.67608396220021e-05 -0.025493742898106575
v -0.01631001569330692 -0.001750719966366887 -0.024860085919499397
v -0.010522661730647085 0.0016299474518746138 -0.026908161118626595
v -0.010591758415102957 -0.0001690399512881413 -0.02724290080368519
v -0.012600289657711981 3.0419549148064107e-05 -0.026436271145939827
v -0.012600289657711981 3.0419549148064107e-05 -0.026436271145939827
v -0.010591758415102957 -0.0001690399512881413 -0.02724290080368519
v -0.012720176950097082 -0.0016463820356875658 -0.026890696957707405
v -0.012600289657711981 3.0419549148064107e-05 -0.026436271145939827
v -0.012720176950097082 -0.0016463820356875658 -0.026890696957707405
v -0.0145734716206789 -0.0016296517569571733 -0.025932373479008675
v -0.0145734716206789 -0.0016296517569571733 -0.025932373479008675
v -0.012720176950097082 -0.0016463820356875658 -0.026890696957707405
v -0.014726677909493445 -0.003209312679246068 -0.026469828560948372
v -0.0145734716206789 -0.0016296517569571733 -0.025932373479008675
v -0.014726677909493445 -0.003209312679246068 -0.026469828560948372
v -0.0165883582085371 -0.004898475017398596 -0.02595132775604725
v -0.023179234936833378 -0.004332692828029394 -0.018115760758519173
v -0.023338882252573964 -0.0005885560531169176 -0.01725572533905506
v -0.022045364603400227 -0.0035666723269969225 -0.01962280459702015
v -0.022045364603400227 -0.0035666723269969225 -0.01962280459702015
v -0.023338882252573964 -0.0005885560531169176 -0.01725572533905506
v -0.022182023152709004 0.00017099337128456682 -0.01878124661743641
v -0.022045364603400227 -0.0035666723269969225 -0.01962280459702015
v -0.022182023152709004 0.00017099337128456682 -0.01878124661743641
v -0.02079309709370136 -0.002919969381764531 -0.02105814404785633
v -0.02079309709370136 -0.002919969381764531 -0.02105814404785633
v -0.022182023152709004 0.00017099337128456682 -0.01878124661743641
v -0.020900385454297062 0.0007994237821549177 -0.020233692601323128
v -0.02079309709370136 -0.002919969381764531 -0.02105814404785633
v -0.020900385454297062 0.0007994237821549177 -0.020233692601323128
v -0.019420450553297993 -0.002398201497271657 -0.02241516299545765
v -0.019420450553297993 -0.002398201497271657 -0.02241516299545765
v -0.020900385454297062 0.0007994237821549177 -0.020233692601323128
v -0.019491532817482945 0.001291746972128749 -0.021605314686894417
v -0.019420450553297993 -0.002398201497271657 -0.02241516299545765
v -0.019491532817482945 0.001291746972128749 -0.021605314686894417
v -0.01792615838348865 -0.002007142873480916 -0.023685218766331673
v -0.01792615838348865 -0.002007142873480916 -0.023685218766331673
v -0.019491532817482945 0.001291746972128749 -0.021605314686894417
v -0.01795348338782787 0.001644457457587123 -0.02288741059601307
v -0.01792615838348865 -0.002007142873480916 -0.023685218766331673
v -0.01795348338782787 0.001644457457587123 -0.02288741059601307
v -0.01631001569330692 -0.001750719966366887 -0.024860085919499397
v -0.01631001569330692 -0.001750719966366887 -0.024860085919499397
v -0.01795348338782787 0.001644457457587123 -0.02288741059601307
v -0.016285298392176625 0.0018557372968643904 -0.024071039631962776
v -0.01631001569330692 -0.001750719966366887 -0.024860085919499397
v -0.016285298392176625 0.0018557372968643904 -0.024071039631962776
v -0.014488002285361288 0.0019242081325501204 -0.02514529414474964
v -0.014488002285361288 0.0019242081325501204 -0.02514529414474964
v -0.016285298392176625 0.0018557372968643904 -0.024071039631962776
v -0.014201039448380469 0.0034364003222435713 -0.025102855637669563
v -0.014488002285361288 0.0019242081325501204 -0.02514529414474964
v -0.014201039448380469 0.0034364003222435713 -0.025102855637669563
v -0.011562896892428396 0.003436057595536113 -0.026320459321141243
v 1.056028509083262e-06 -0.005399031098932028 -0.03531480208039284
v 1.0634790896801858e-06 -0.005394862499088049 -0.03590459004044533
v -0.0009832849027588961 -0.005295561160892248 -0.03340733423829079
v -0.0009832849027588961 -0.005295561160892248 -0.03340733423829079
v 1.0634790896801858e-06 -0.005394862499088049 -0.03590459004044533
v -0.0031713377684354778 -0.005106774624437094 -0.0325927771627903
v -0.0009832849027588961 -0.005295561160892248 -0.03340733423829079
v -0.0031713377684354778 -0.005106774624437094 -0.0325927771627903
v -0.002530986443161964 -0.004438897129148245 -0.03119039721786976
v -0.002530986443161964 -0.004438897129148245 -0.03119039721786976
v -0.0031713377684354778 -0.005106774624437094 -0.0325927771627903
v -0.005316494032740592 -0.004901458974927664 -0.03177786245942116
v -0.002530986443161964 -0.004438897129148245 -0.03119039721786976
v -0.005316494032740592 -0.004901458974927664 -0.03177786245942116
v -0.00691600702702999 -0.0037303839344531298 -0.029887976124882698
v -0.00691600702702999 -0.0037303839344531298 -0.029887976124882698
v -0.005316494032740592 -0.004901458974927664 -0.03177786245942116
v -0.00740554742515087 -0.00470714783295989 -0.030949177220463753
v -0.00691600702702999 -0.0037303839344531298 -0.029887976124882698
v -0.00740554742515087 -0.00470714783295989 -0.030949177220463753
v -0.009424498304724692 -0.0045589967630803585 -0.030084313824772835
v -0.009424498304724692 -0.0045589967630803585 -0.030084313824772835
v -0.00740554742515087 -0.00470714783295989 -0.030949177220463753
v -0.007993975654244421 -0.005447113420814276 -0.032158080488443375
v -0.009424498304724692 -0.0045589967630803585 -0.030084313824772835
v -0.007993975654244421 -0.005447113420814276 -0.032158080488443375
v -0.011361164972186087 -0.004486688878387213 -0.029163779690861702
v -0.011361164972186087 -0.004486688878387213 -0.029163779690861702
v -0.007993975654244421 -0.005447113420814276 -0.032158080488443375
v -0.011789849027991293 -0.005542544182389975 -0.03007894940674305
v -0.011361164972186087 -0.004486688878387213 -0.029163779690861702
v -0.011789849027991293 -0.005542544182389975 -0.03007894940674305
v -0.013205567374825476 -0.004511298146098852 -0.028173329308629036
v -0.013205567374825476 -0.004511298146098852 -0.028173329308629036
v -0.011789849027991293 -0.005542544182389975 -0.03007894940674305
v -0.015237798914313315 -0.00594371696934104 -0.02782309241592884
v -0.013205567374825476 -0.004511298146098852 -0.028173329308629036
v -0.015237798914313315 -0.00594371696934104 -0.02782309241592884
v -0.014949867501854895 -0.004646280314773321 -0.027103843167424202
v -0.014949867501854895 -0.004646280314773321 -0.027103843167424202
v -0.015237798914313315 -0.00594371696934104 -0.02782309241592884
v -0.01709247566759586 -0.0075724138878285885 -0.027314187958836555
v -0.022037623450160023 -0.007059821393340826 -0.02057904191315174
v -0.02084187604486942 -0.006353636737912893 -0.022026481106877327
v -0.021034697070717808 -0.009485558606684208 -0.023138346150517464
v -0.021034697070717808 -0.009485558606684208 -0.023138346150517464
v -0.02084187604486942 -0.006353636737912893 -0.022026481106877327
v -0.01953535713255405 -0.005755254533141851 -0.023407163098454475
v -0.021034697070717808 -0.009485558606684208 -0.023138346150517464
v -0.01953535713255405 -0.005755254533141851 -0.023407163098454475
v -0.018505131825804707 -0.008122012950479984 -0.025970282033085823
v -0.018505131825804707 -0.008122012950479984 -0.025970282033085823
v -0.01953535713255405 -0.005755254533141851 -0.023407163098454475
v -0.01811740361154079 -0.005269122775644064 -0.024717094376683235
v -0.018505131825804707 -0.008122012950479984 -0.025970282033085823
v -0.01811740361154079 -0.005269122775644064 -0.024717094376683235
v -0.01709247566759586 -0.0075724138878285885 -0.027314187958836555
v -0.01709247566759586 -0.0075724138878285885 -0.027314187958836555
v -0.01811740361154079 -0.005269122775644064 -0.024717094376683235
v -0.0165883582085371 -0.004898475017398596 -0.02595132775604725
v -0.01709247566759586 -0.0075724138878285885 -0.027314187958836555
v -0.0165883582085371 -0.004898475017398596 -0.02595132775604725
v -0.014949867501854895 -0.004646280314773321 -0.027103843167424202
v -0.014949867501854895 -0.004646280314773321 -0.027103843167424202
v -0.0165883582085371 -0.004898475017398596 -0.02595132775604725
v -0.014726677909493445 -0.003209312679246068 -0.026469828560948372
v -0.014949867501854895 -0.004646280314773321 -0.027103843167424202
v -0.014726677909493445 -0.003209312679246068 -0.026469828560948372
v -0.01292324624955654 -0.0031628322321921587 -0.027471007779240608
v -0.01292324624955654 -0.0031628322321921587 -0.027471007779240608
v -0.014726677909493445 -0.003209312679246068 -0.026469828560948372
v -0.012720176950097082 -0.0016463820356875658 -0.026890696957707405
v -0.01292324624955654 -0.0031628322321921587 -0.027471007779240608
v -0.012720176950097082 -0.0016463820356875658 -0.026890696957707405
v -0.010756248608231543 -0.0018012758810073137 -0.027725638821721077
v -0.010756248608231543 -0.0018012758810073137 -0.027725638821721077
v -0.012720176950097082 -0.0016463820356875658 -0.026890696957707405
v -0.010591758415102957 -0.0001690399512881413 -0.02724290080368519
v -0.010756248608231543 -0.0018012758810073137 -0.027725638821721077
v -0.010591758415102957 -0.0001690399512881413 -0.02724290080368519
v -0.008476922288537024 -0.0005076725501567125 -0.027904393151402473
v -0.008476922288537024 -0.0005076725501567125 -0.027904393151402473
v -0.010591758415102957 -0.0001690399512881413 -0.02724290080368519
v -0.008369820192456244 0.0012710790615528822 -0.0275688786059618
v -0.008476922288537024 -0.0005076725501567125 -0.027904393151402473
v -0.008369820192456244 0.0012710790615528822 -0.0275688786059618
v -0.006118657067418098 0.0007798175793141127 -0.02807009406387806
v -0.006118657067418098 0.0007798175793141127 -0.02807009406387806
v -0.008369820192456244 0.0012710790615528822 -0.0275688786059618
v -0.006085796281695365 0.0027016315143555403 -0.027917804196476936
v -0.006118657067418098 0.0007798175793141127 -0.02807009406387806
v -0.006085796281695365 0.0027016315143555403 -0.027917804196476936
v -0.0037159342318773265 0.002079686848446727 -0.028281928971409798
v -0.022037623450160023 -0.007059821393340826 -0.02057904191315174
v -0.022045364603400227 -0.0035666723269969225 -0.01962280459702015
v -0.02084187604486942 -0.006353636737912893 -0.022026481106877327
v -0.02084187604486942 -0.006353636737912893 -0.022026481106877327
v -0.022045364603400227 -0.0035666723269969225 -0.01962280459702015
v -0.02079309709370136 -0.002919969381764531 -0.02105814404785633
v -0.02084187604486942 -0.006353636737912893 -0.022026481106877327
v -0.02079309709370136 -0.002919969381764531 -0.02105814404785633
v -0.01953535713255405 -0.005755254533141851 -0.023407163098454475
v -0.01953535713255405 -0.005755254533141851 -0.023407163098454475
v -0.02079309709370136 -0.002919969381764531 -0.02105814404785633
v -0.019420450553297993 -0.002398201497271657 -0.02241516299545765
v -0.01953535713255405 -0.005755254533141851 -0.023407163098454475
v -0.019420450553297993 -0.002398201497271657 -0.02241516299545765
v -0.01811740361154079 -0.005269122775644064 -0.024717094376683235
v -0.01811740361154079 -0.005269122775644064 -0.024717094376683235
v -0.019420450553297993 -0.002398201497271657 -0.02241516299545765
v -0.01792615838348865 -0.002007142873480916 -0.023685218766331673
v -0.01811740361154079 -0.005269122775644064 -0.024717094376683235
v -0.01792615838348865 -0.002007142873480916 -0.023685218766331673
v -0.0165883582085371 -0.004898475017398596 -0.02595132775604725
v -0.0165883582085371 -0.004898475017398596 -0.02595132775604725
v -0.01792615838348865 -0.002007142873480916 -0.023685218766331673
v -0.01631001569330692 -0.001750719966366887 -0.024860085919499397
v -0.0165883582085371 -0.004898475017398596 -0.02595132775604725
v -0.01631001569330692 -0.001750719966366887 -0.024860085919499397
v -0.0145734716206789 -0.0016296517569571733 -0.025932373479008675
v -0.0145734716206789 -0.0016296517569571733 -0.025932373479008675
v -0.01631001569330692 -0.001750719966366887 -0.024860085919499397
v -0.014493515715003012 8.67608396220021e-05 -0.025493742898106575
v -0.0145734716206789 -0.0016296517569571733 -0.025932373479008675
v -0.014493515715003012 8.67608396220021e-05 -0.025493742898106575
v -0.012600289657711981 3.0419549148064107e-05 -0.026436271145939827
v -0.012600289657711981 3.0419549148064107e-05 -0.026436271145939827
v -0.014493515715003012 8.67608396220021e-05 -0.025493742898106575
v -0.012565067037940024 0.0018487859051674604 -0.026095988228917122
v -0.012600289657711981 3.0419549148064107e-05 -0.026436271145939827
v -0.012565067037940024 0.0018487859051674604 -0.026095988228917122
v -0.010522661730647085 0.0016299474518746138 -0.026908161118626595
v -0.010522661730647085 0.0016299474518746138 -0.026908161118626595
v -0.012565067037940024 0.0018487859051674604 -0.026095988228917122
v -0.011562896892428396 0.003436057595536113 -0.026320459321141243
v -0.010522661730647085 0.0016299474518746138 -0.026908161118626595
v -0.011562896892428396 0.003436057595536113 -0.026320459321141243
v -0.008369820192456244 0.0012710790615528822 -0.0275688786059618
v -0.008369820192456244 0.0012710790615528822 -0.0275688786059618
v -0.011562896892428396 0.003436057595536113 -0.026320459321141243
v -0.008891893550753592 0.0034353274386376143 -0.027226092293858528
v -0.008369820192456244 0.0012710790615528822 -0.0275688786059618
v -0.008891893550753592 0.0034353274386376143 -0.027226092293858528
v -0.008368020877242087 0.0031971100252121687 -0.027384402230381966
v -0.008368020877242087 0.0031971100252121687 -0.027384402230381966
v -0.008891893550753592 0.0034353274386376143 -0.027226092293858528
v -0.005834454670548438 0.0034359756391495466 -0.02794361300766468
v -0.008368020877242087 0.0031971100252121687 -0.027384402230381966
v -0.005834454670548438 0.0034359756391495466 -0.02794361300766468
v -0.006085796281695365 0.0027016315143555403 -0.027917804196476936
v -0.006085796281695365 0.0027016315143555403 -0.027917804196476936
v -0.005834454670548438 0.0034359756391495466 -0.02794361300766468
v -0.0026335287839174266 0.003436042694374919 -0.02838987298309803
v -0.006085796281695365 0.0027016315143555403 -0.027917804196476936
v -0.0026335287839174266 0.003436042694374919 -0.02838987298309803
v -0.0037159342318773265 0.002079686848446727 -0.028281928971409798
v -0.0037159342318773265 0.002079686848446727 -0.028281928971409798
v -0.0026335287839174266 0.003436042694374919 -0.02838987298309803
v -0.001276241731829941 0.0013401198666542768 -0.028473498299717903
v -0.0037159342318773265 0.002079686848446727 -0.028281928971409798
v -0.001276241731829941 0.0013401198666542768 -0.028473498299717903
v -0.0037845578044652935 0.00016941384819801897 -0.02841121144592762
v -0.0037845578044652935 0.00016941384819801897 -0.02841121144592762
v -0.001276241731829941 0.0013401198666542768 -0.028473498299717903
v -0.0013862123014405368 -0.0005398702342063189 -0.0286101121455431
v -0.0037845578044652935 0.00016941384819801897 -0.02841121144592762
v -0.0013862123014405368 -0.0005398702342063189 -0.0286101121455431
v -0.003980176523327827 -0.0015459556598216295 -0.028828265145421028
v -0.003980176523327827 -0.0015459556598216295 -0.028828265145421028
v -0.0013862123014405368 -0.0005398702342063189 -0.0286101121455431
v -0.0016327520133927462 -0.002182909520342946 -0.029175879433751106
v -0.003980176523327827 -0.0015459556598216295 -0.028828265145421028
v -0.0016327520133927462 -0.002182909520342946 -0.029175879433751106
v -0.004303468391299247 -0.0029668298084288836 -0.02955430932343006
v -0.004303468391299247 -0.0029668298084288836 -0.02955430932343006
v -0.0016327520133927462 -0.002182909520342946 -0.029175879433751106
v -0.002015301957726478 -0.003465616377070546 -0.030053677037358284
v -0.004303468391299247 -0.0029668298084288836 -0.02955430932343006
v -0.002015301957726478 -0.003465616377070546 -0.030053677037358284
v -0.002530986443161964 -0.004438897129148245 -0.03119039721786976
v -0.002530986443161964 -0.004438897129148245 -0.03119039721786976
v -0.002015301957726478 -0.003465616377070546 -0.030053677037358284
v 5.419385047389368e-07 -0.004292489495128393 -0.031026961281895638
v -0.002530986443161964 -0.004438897129148245 -0.03119039721786976
v 5.419385047389368e-07 -0.004292489495128393 -0.031026961281895638
v -0.0002698545285966247 -0.004773025866597891 -0.03182930126786232
v -0.0002698545285966247 -0.004773025866597891 -0.03182930126786232
v 5.419385047389368e-07 -0.004292489495128393 -0.031026961281895638
v 7.95258245034347e-07 -0.004970224108546972 -0.03226989880204201
v -0.0002698545285966247 -0.004773025866597891 -0.03182930126786232
v 7.95258245034347e-07 -0.004970224108546972 -0.03226989880204201
v 1.1677872180371194e-06 -0.005335183348506689 -0.033620718866586685
v -0.025968192145228382 0.003435953287407756 -0.01207375805824995
v -0.024565825238823887 0.003435938386246562 -0.01487064640969038
v -0.02528758533298969 -0.00247516599483788 -0.014011266641318798
v -0.02528758533298969 -0.00247516599483788 -0.014011266641318798
v -0.024565825238823887 0.003435938386246562 -0.01487064640969038
v -0.024373358115553852 -0.001473077805712819 -0.015663566067814827
v -0.02528758533298969 -0.00247516599483788 -0.014011266641318798
v -0.024373358115553852 -0.001473077805712819 -0.015663566067814827
v -0.02419701404869556 -0.005211228039115667 -0.016543151810765266
v -0.02419701404869556 -0.005211228039115667 -0.016543151810765266
v -0.024373358115553852 -0.001473077805712819 -0.015663566067814827
v -0.023179234936833378 -0.004332692828029394 -0.018115760758519173
v -0.02419701404869556 -0.005211228039115667 -0.016543151810765266
v -0.023179234936833378 -0.004332692828029394 -0.018115760758519173
v -0.023124122992157933 -0.007867873646318913 -0.01906895823776722
v -0.023124122992157933 -0.007867873646318913 -0.01906895823776722
v -0.023179234936833378 -0.004332692828029394 -0.018115760758519173
v -0.022037623450160023 -0.007059821393340826 -0.02057904191315174
v -0.023124122992157933 -0.007867873646318913 -0.01906895823776722
v -0.022037623450160023 -0.007059821393340826 -0.02057904191315174
v -0.02316874079406261 -0.011181076057255268 -0.020117225125432014
v -0.02316874079406261 -0.011181076057255268 -0.020117225125432014
v -0.022037623450160023 -0.007059821393340826 -0.02057904191315174
v -0.021034697070717808 -0.009485558606684208 -0.023138346150517464
v -0.02316874079406261 -0.011181076057255268 -0.020117225125432014
v -0.021034697070717808 -0.009485558606684208 -0.023138346150517464
v -0.02134306542575359 -0.012341705150902271 -0.024353208020329475
v -0.02134306542575359 -0.012341705150902271 -0.024353208020329475
v -0.021034697070717808 -0.009485558606684208 -0.023138346150517464
v -0.018505131825804707 -0.008122012950479984 -0.025970282033085823
v -0.02134306542575359 -0.012341705150902271 -0.024353208020329475
v -0.018505131825804707 -0.008122012950479984 -0.025970282033085823
v -0.019045973196625706 -0.010619674809277058 -0.027365924790501595
v -0.019045973196625706 -0.010619674809277058 -0.027365924790501595
v -0.018505131825804707 -0.008122012950479984 -0.025970282033085823
v -0.01709247566759586 -0.0075724138878285885 -0.027314187958836555
v -0.019045973196625706 -0.010619674809277058 -0.027365924790501595
v -0.01709247566759586 -0.0075724138878285885 -0.027314187958836555
v -0.01641394756734371 -0.009131242521107197 -0.030292334035038948
v -0.01641394756734371 -0.009131242521107197 -0.030292334035038948
v -0.01709247566759586 -0.0075724138878285885 -0.027314187958836555
v -0.015583543106913565 -0.007112090941518545 -0.02860892005264759
v -0.01641394756734371 -0.009131242521107197 -0.030292334035038948
v -0.015583543106913565 -0.007112090941518545 -0.02860892005264759
v -0.01497886888682842 -0.008470308966934681 -0.03172803297638893
v -0.01497886888682842 -0.008470308966934681 -0.03172803297638893
v -0.015583543106913565 -0.007112090941518545 -0.02860892005264759
v -0.013981612399220465 -0.0067362613044679165 -0.029859425500035286
v -0.01497886888682842 -0.008470308966934681 -0.03172803297638893
v -0.013981612399220465 -0.0067362613044679165 -0.029859425500035286
v -0.013468721881508825 -0.007856138981878757 -0.033150557428598404
v -0.013468721881508825 -0.007856138981878757 -0.033150557428598404
v -0.013981612399220465 -0.0067362613044679165 -0.029859425500035286
v -0.012291276827454565 -0.006435250397771597 -0.03107464499771595
v -0.013468721881508825 -0.007856138981878757 -0.033150557428598404
v -0.012291276827454565 -0.006435250397771597 -0.03107464499771595
v -0.011887481436133383 -0.007281092461198568 -0.034561339765787125
v -0.011887481436133383 -0.007281092461198568 -0.034561339765787125
v -0.012291276827454565 -0.006435250397771597 -0.03107464499771595
v -0.010518493130803106 -0.0061949766241014 -0.0322648324072361
v -0.011887481436133383 -0.007281092461198568 -0.034561339765787125
v -0.010518493130803106 -0.0061949766241014 -0.0322648324072361
v -0.010239990428090094 -0.006739338394254446 -0.03595644608139992
v -0.010239990428090094 -0.006739338394254446 -0.03595644608139992
v -0.010518493130803106 -0.0061949766241014 -0.0322648324072361
v -0.008670615032315252 -0.005997446831315756 -0.03343934193253517
v -0.010239990428090094 -0.006739338394254446 -0.03595644608139992
v -0.008670615032315252 -0.005997446831315756 -0.03343934193253517
v -0.008532138541340826 -0.006229085382074118 -0.0373234786093235
v -0.008532138541340826 -0.006229085382074118 -0.0373234786093235
v -0.008670615032315252 -0.005997446831315756 -0.03343934193253517
v -0.006756430491805076 -0.005821240600198507 -0.03460359945893288
v -0.008532138541340826 -0.006229085382074118 -0.0373234786093235
v -0.006756430491805076 -0.005821240600198507 -0.03460359945893288
v -0.005738819018006324 -0.005729460623115301 -0.03726274147629738
v -0.005738819018006324 -0.005729460623115301 -0.03726274147629738
v -0.006756430491805076 -0.005821240600198507 -0.03460359945893288
v -0.00478619523346424 -0.005643533077090979 -0.035753849893808365
v -0.005738819018006324 -0.005729460623115301 -0.03726274147629738
v -0.00478619523346424 -0.005643533077090979 -0.035753849893808365
v -0.0038255620747804637 -0.0054341754876077175 -0.03843754902482033
v -0.0038255620747804637 -0.0054341754876077175 -0.03843754902482033
v -0.00478619523346424 -0.005643533077090979 -0.035753849893808365
v -0.0027721244841814037 -0.00546308746561408 -0.03684914484620094
v -0.0038255620747804637 -0.0054341754876077175 -0.03843754902482033
v -0.0027721244841814037 -0.00546308746561408 -0.03684914484620094
v -0.0018857588293030856 -0.005213023629039526 -0.03946036472916603
v -0.0018857588293030856 -0.005213023629039526 -0.03946036472916603
v -0.0027721244841814037 -0.00546308746561408 -0.03684914484620094
v -0.0007307623745873569 -0.005340417381376028 -0.037803832441568375
v -0.0018857588293030856 -0.005213023629039526 -0.03946036472916603
v -0.0007307623745873569 -0.005340417381376028 -0.037803832441568375
v 8.697640510035852e-07 -0.005316400434821844 -0.038108114153146744
v 8.697640510035852e-07 -0.005316400434821844 -0.038108114153146744
v -0.0007307623745873569 -0.005340417381376028 -0.037803832441568375
v 1.0858308314709573e-06 -0.0053857057355344296 -0.03648156300187111
v 0.002619436010718345 0.0034359979908913374 -0.02839118428528309
v 1.1230837344555764e-06 0.0034359979908913374 -0.028199972584843636
v 0.006276210770010947 0.0034359979908913374 -0.027492942288517952
v 0.01758353970944881 0.0034359979908913374 -0.02204764075577259
v 0.02204876951873302 0.0034359979908913374 -0.017582418397068977
v 0.02096782438457012 0.0034359979908913374 -0.01984185166656971
v 0.01156688295304775 0.0034359979908913374 -0.02631974406540394
v 0.008886320516467093 0.0034359979908913374 -0.027228476479649544
v 0.012236645445227621 0.0034359979908913374 -0.02540731616318226
v 0.008377743884921072 0.0034359979908913374 -0.027369322255253792
v 0.00581398420035839 0.0034359979908913374 -0.027947844937443733
v 0.02540844492614269 0.0034359979908913374 -0.01223552506417036
v 0.024557745084166523 0.0034359979908913374 -0.014889302663505077
v 0.022871067747473713 0.0034359979908913374 -0.01750517077744007
v 0.018866745755076405 0.0034359979908913374 -0.021895410493016243
v 0.01660480163991451 0.0034359979908913374 -0.02364725060760975
v 0.014179779216647146 0.0034359979908913374 -0.025115134194493294
v 0.02821162901818752 0.0034359979908913374 -0.004159333650022745
v 0.02785759977996349 0.0034359979908913374 -0.006182911340147257
v 0.027494093403220173 0.0034359979908913374 -0.006275119725614786
v 0.02705980651080608 0.0034359979908913374 -0.009193542413413525
v 0.025951838120818135 0.0034359979908913374 -0.012116852216422558
v -0.01758128963410854 0.0034359979908913374 -0.02204764075577259
v -0.018884008750319477 0.0034358713310211897 -0.021877767518162727
v -0.02204652316868305 0.0034359979908913374 -0.017582418397068977
v -0.02204652316868305 0.0034359979908913374 -0.017582418397068977
v -0.018884008750319477 0.0034358713310211897 -0.021877767518162727
v -0.0209734421223402 0.003435953287407756 -0.019833149388432503
v -0.008891893550753592 0.0034353274386376143 -0.027226092293858528
v -0.012234399095177649 0.0034359979908913374 -0.02540731616318226
v -0.006273968145251273 0.0034359979908913374 -0.027492942288517952
v 0.02833997271955013 0.0034359979908913374 -0.003107431111857295
v 0.028201123699545857 0.0034359979908913374 -2.5509288015257425e-09
v 0.028501121327280995 0.0034359979908913374 -2.5509288015257425e-09
v 1.137984895649424e-06 0.0034359979908913374 -0.028500022366642952
v 1.1230837344555764e-06 0.0034359979908913374 -0.028199972584843636
v 1.137984895649424e-06 0.0034359979908913374 -0.028500022366642952
v -0.0026335287839174266 0.003436042694374919 -0.02838987298309803
v 1.1230837344555764e-06 0.0034359979908913374 -0.028199972584843636
v -0.0026335287839174266 0.003436042694374919 -0.02838987298309803
v -0.006273968145251273 0.0034359979908913374 -0.027492942288517952
v -0.006273968145251273 0.0034359979908913374 -0.027492942288517952
v -0.0026335287839174266 0.003436042694374919 -0.02838987298309803
v -0.005834454670548438 0.0034359756391495466 -0.02794361300766468
v -0.006273968145251273 0.0034359979908913374 -0.027492942288517952
v -0.005834454670548438 0.0034359756391495466 -0.02794361300766468
v -0.008891893550753592 0.0034353274386376143 -0.027226092293858528
v 0.028451694175601002 0.0034359979908913374 0.0016778085846453905
v 0.027494093403220173 0.0034359979908913374 0.006275115069001913
v 0.027431098744273182 0.0034359979908913374 0.007736024912446737
v 0.02540844492614269 0.0034359979908913374 0.012235519476234913
v 0.025135880336165425 0.0034359979908913374 0.013434824533760548
v 0.02204876951873302 0.0034359979908913374 0.01758241467177868
v 0.021672694012522694 0.0034359979908913374 0.018509266898036003
v 0.01758353970944881 0.0034359979908913374 0.022047637030482292
v 0.017202464863657948 0.0034359979908913374 0.022723613306879997
v 0.011932929977774618 0.0034359979908913374 0.025882063433527946
v 0.012236645445227621 0.0034359979908913374 0.02540731243789196
v 0.0061089377850294104 0.0034359979908913374 0.027837811037898064
v 0.006276210770010947 0.0034359979908913374 0.027492938563227654
v 1.1230837344555764e-06 0.0034359979908913374 0.028500018641352654
v 1.1230837344555764e-06 0.0034359979908913374 0.028200028464198112
v -0.0061066877096891395 0.0034359979908913374 0.027837811037898064
v -0.006273968145251273 0.0034359979908913374 0.027492938563227654
v -0.011930679902434347 0.0034359979908913374 0.025882063433527946
v -0.012234399095177649 0.0034359979908913374 0.02540731243789196
v -0.017200222238898274 0.0034359979908913374 0.022723613306879997
v -0.01758128963410854 0.0034359979908913374 0.022047637030482292
v -0.02167044766247272 0.0034359979908913374 0.018509266898036003
v -0.02204652316868305 0.0034359979908913374 0.01758241467177868
v -0.025133630260825154 0.0034359979908913374 0.013434824533760548
v -0.025406198576092717 0.0034359979908913374 0.012235519476234913
v -0.02742884866893291 0.0034359979908913374 0.007736024912446737
v -0.027491843327879902 0.0034359979908913374 0.006275115069001913
v -0.02844944410026073 0.0034359979908913374 0.0016778085846453905
v -0.028198877349495884 0.0034359979908913374 -2.5509288015257425e-09
v -0.028498871251940724 0.0034359979908913374 -2.5509288015257425e-09
v -0.008891893550753592 0.0034353274386376143 -0.027226092293858528
v -0.011562896892428396 0.003436057595536113 -0.026320459321141243
v -0.012234399095177649 0.0034359979908913374 -0.02540731616318226
v -0.012234399095177649 0.0034359979908913374 -0.02540731616318226
v -0.011562896892428396 0.003436057595536113 -0.026320459321141243
v -0.014201039448380469 0.0034364003222435713 -0.025102855637669563
v -0.012234399095177649 0.0034359979908913374 -0.02540731616318226
v -0.014201039448380469 0.0034364003222435713 -0.025102855637669563
v -0.01758128963410854 0.0034359979908913374 -0.02204764075577259
v -0.01758128963410854 0.0034359979908913374 -0.02204764075577259
v -0.014201039448380469 0.0034364003222435713 -0.025102855637669563
v -0.0166118461638689 0.0034359905403107405 -0.023640217259526253
v -0.01758128963410854 0.0034359979908913374 -0.02204764075577259
v -0.0166118461638689 0.0034359905403107405 -0.023640217259526253
v -0.018884008750319477 0.0034358713310211897 -0.021877767518162727
v -0.028498871251940724 0.0034359979908913374 -2.5509288015257425e-09
v -0.028198877349495884 0.0034359979908913374 -2.5509288015257425e-09
v -0.02833747304975986 0.003436035243794322 -0.0031068946700543165
v -0.02833747304975986 0.003436035243794322 -0.0031068946700543165
v -0.028198877349495884 0.0034359979908913374 -2.5509288015257425e-09
v -0.027491843327879902 0.0034359979908913374 -0.006275119725614786
v -0.02833747304975986 0.003436035243794322 -0.0031068946700543165
v -0.027491843327879902 0.0034359979908913374 -0.006275119725614786
v -0.02820920757949352 0.0034361693542450666 -0.00415927404537797
v -0.025406198576092717 0.0034359979908913374 -0.01223552506417036
v -0.027065856382250782 0.003436310915276408 -0.009166779927909374
v -0.027491843327879902 0.0034359979908913374 -0.006275119725614786
v -0.027491843327879902 0.0034359979908913374 -0.006275119725614786
v -0.027065856382250782 0.003436310915276408 -0.009166779927909374
v -0.027856709435582157 0.0034364599268883467 -0.006176235619932413
v -0.027491843327879902 0.0034359979908913374 -0.006275119725614786
v -0.027856709435582157 0.0034364599268883467 -0.006176235619932413
v -0.02820920757949352 0.0034361693542450666 -0.00415927404537797
v -0.0209734421223402 0.003435953287407756 -0.019833149388432503
v -0.02288377098739147 0.0034358117263764143 -0.017484070733189583
v -0.02204652316868305 0.0034359979908913374 -0.017582418397068977
v -0.02204652316868305 0.0034359979908913374 -0.017582418397068977
v -0.02288377098739147 0.0034358117263764143 -0.017484070733189583
v -0.024565825238823887 0.003435938386246562 -0.01487064640969038
v -0.02204652316868305 0.0034359979908913374 -0.017582418397068977
v -0.024565825238823887 0.003435938386246562 -0.01487064640969038
v -0.025406198576092717 0.0034359979908913374 -0.01223552506417036
v -0.025406198576092717 0.0034359979908913374 -0.01223552506417036
v -0.024565825238823887 0.003435938386246562 -0.01487064640969038
v -0.025968192145228382 0.003435953287407756 -0.01207375805824995
v -0.025406198576092717 0.0034359979908913374 -0.01223552506417036
v -0.025968192145228382 0.003435953287407756 -0.01207375805824995
v -0.027065856382250782 0.003436310915276408 -0.009166779927909374
v 0.01524006389081478 -0.005943720694631338 -0.02782309241592884
v 0.01558580808341503 -0.007112098392099142 -0.028608860448002815
v 0.012293545529246329 -0.006435254123061895 -0.031074585393071175
v 0.0044763442128896705 -0.004718014504760504 -0.04219562187790871
v 0.003141103312373161 -0.005002123769372702 -0.04092032089829445
v 0.0049705859273672095 -0.005341378506273031 -0.039854053407907486
v 0.025528227910399433 -0.03427380695939064 -0.01994037814438343
v 0.02559755556285381 -0.03367204964160919 -0.019751491025090218
v 0.0260931234806776 -0.03530699759721756 -0.017537416890263557
v 0.022335289046168324 -0.0269369687885046 -0.036289457231760025
v 0.02212165109813213 -0.025892315432429314 -0.03919893875718117
v 0.02222124300897121 -0.02392994798719883 -0.037889543920755386
v 0.02114695124328136 -0.016590772196650505 -0.0421721376478672
v 0.020249290391802784 -0.013787739910185337 -0.04306769743561745
v 0.019694505259394642 -0.012811028398573399 -0.04276115074753761
v 0.019694505259394642 -0.012811028398573399 -0.04276115074753761
v 0.020249290391802784 -0.013787739910185337 -0.04306769743561745
v 0.019079407677054402 -0.011215203441679478 -0.043889883905649185
v 0.01617409102618694 -0.007150625344365835 -0.045189205557107925
v 0.01718172989785671 -0.008578491397202015 -0.044319335371255875
v 0.017698986455798146 -0.008989878930151463 -0.044601742178201675
v 0.002619436010718345 0.0034359979908913374 -0.02839118428528309
v 0.0013006607769057152 0.003279744414612651 -0.028475763276219368
v 1.137984895649424e-06 0.0034359979908913374 -0.028500022366642952
v 0.018866745755076405 0.0034359979908913374 -0.021895410493016243
v 0.017955748364329335 0.0016444537322968245 -0.02288741059601307
v 0.01628756336867809 0.001855733571574092 -0.024071039631962776
v 0.028501121327280995 -0.01363495085388422 -2.5509288015257425e-09
v 0.028468860313296315 -0.02010866440832615 -0.0015910293441265821
v 0.028152292594313618 -0.017213640734553337 -0.005270006600767374
v 0.028501121327280995 -0.02790088765323162 -2.5509288015257425e-09
v 0.02850120328366756 -0.029287194833159447 -0.00010568158904789016
v 0.028360692784190174 -0.026486756280064583 -0.003765108762308955
v 0.028501121327280995 -0.029655346646904945 -2.5509288015257425e-09
v 0.028501121327280995 -0.036925118416547775 -2.5509288015257425e-09
v 0.028457229956984516 -0.035104818642139435 -0.0024037386756390333
v 0.028457229956984516 -0.035104818642139435 -0.0024037386756390333
v 0.028501121327280995 -0.036925118416547775 -2.5509288015257425e-09
v 0.02850118093192577 -0.039400000125169754 -2.5509288015257425e-09
v 0.028501121327280995 -0.02790088765323162 -2.5509288015257425e-09
v 0.028360692784190174 -0.026486756280064583 -0.003765108762308955
v 0.028501121327280995 -0.021797118708491325 -2.5509288015257425e-09
v 0.028501121327280995 -0.005042207892984152 -2.5509288015257425e-09
v 0.028501121327280995 -0.013586741872131824 -2.5509288015257425e-09
v 0.028471192345023152 -0.003554393770173192 -0.0013603593688458204
v 0.028471192345023152 -0.003554393770173192 -0.0013603593688458204
v 0.028501121327280995 -0.013586741872131824 -2.5509288015257425e-09
v 0.028345746919512745 -0.010438934899866581 -0.0032568599563091993
v 0.028471192345023152 -0.003554393770173192 -0.0013603593688458204
v 0.028345746919512745 -0.010438934899866581 -0.0032568599563091993
v 0.02777840010821819 -0.007479385938495398 -0.006943585816770792
v 0.028501121327280995 0.001700355438515544 -2.5509288015257425e-09
v 0.028501121327280995 0.001700355438515544 -2.5509288015257425e-09
v 0.028471192345023152 -0.003554393770173192 -0.0013603593688458204
v 0.02833997271955013 0.0034359979908913374 -0.003107431111857295
v 0.028501121327280995 0.001700355438515544 -2.5509288015257425e-09
v 0.02833997271955013 0.0034359979908913374 -0.003107431111857295
v 0.028501121327280995 0.0034359979908913374 -2.5509288015257425e-09
v 0.02821162901818752 0.0034359979908913374 -0.004159333650022745
v 0.02807739935815334 -0.0002577055711299181 -0.005090358201414347
v 0.02785759977996349 0.0034359979908913374 -0.006182911340147257
v 0.02785759977996349 0.0034359979908913374 -0.006182911340147257
v 0.02807739935815334 -0.0002577055711299181 -0.005090358201414347
v 0.027197366580367085 0.0027291427832096815 -0.008775833062827587
v 0.02785759977996349 0.0034359979908913374 -0.006182911340147257
v 0.027197366580367085 0.0027291427832096815 -0.008775833062827587
v 0.02705980651080608 0.0034359979908913374 -0.009193542413413525
v 0.02705980651080608 0.0034359979908913374 -0.009193542413413525
v 0.027197366580367085 0.0027291427832096815 -0.008775833062827587
v 0.025951838120818135 0.0034359979908913374 -0.012116852216422558
v 0.027197366580367085 0.0027291427832096815 -0.008775833062827587
v 0.02528983913362026 -0.002475173445418477 -0.014011266641318798
v 0.025951838120818135 0.0034359979908913374 -0.012116852216422558
v 0.025951838120818135 0.0034359979908913374 -0.012116852216422558
v 0.02528983913362026 -0.002475173445418477 -0.014011266641318798
v 0.02437561564147472 -0.001473085256293416 -0.01566350646317005
v 0.025951838120818135 0.0034359979908913374 -0.012116852216422558
v 0.02437561564147472 -0.001473085256293416 -0.01566350646317005
v 0.024557745084166523 0.0034359979908913374 -0.014889302663505077
v 0.024557745084166523 0.0034359979908913374 -0.014889302663505077
v 0.02437561564147472 -0.001473085256293416 -0.01566350646317005
v 0.02334113977849483 -0.0005885635036975145 -0.017255665734410286
v 0.024557745084166523 0.0034359979908913374 -0.014889302663505077
v 0.02334113977849483 -0.0005885635036975145 -0.017255665734410286
v 0.022871067747473713 0.0034359979908913374 -0.01750517077744007
v 0.017955748364329335 0.0016444537322968245 -0.02288741059601307
v 0.018866745755076405 0.0034359979908913374 -0.021895410493016243
v 0.01949379406869411 0.0012917432468384504 -0.021605314686894417
v 0.01949379406869411 0.0012917432468384504 -0.021605314686894417
v 0.018866745755076405 0.0034359979908913374 -0.021895410493016243
v 0.02096782438457012 0.0034359979908913374 -0.01984185166656971
v 0.01949379406869411 0.0012917432468384504 -0.021605314686894417
v 0.02096782438457012 0.0034359979908913374 -0.01984185166656971
v 0.02090264670550823 0.0007994200568646193 -0.020233692601323128
v 0.02090264670550823 0.0007994200568646193 -0.020233692601323128
v 0.02096782438457012 0.0034359979908913374 -0.01984185166656971
v 0.022871067747473713 0.0034359979908913374 -0.01750517077744007
v 0.02090264670550823 0.0007994200568646193 -0.020233692601323128
v 0.022871067747473713 0.0034359979908913374 -0.01750517077744007
v 0.02218428067862987 0.0001709859207039699 -0.01878124661743641
v 0.01660480163991451 0.0034359979908913374 -0.02364725060760975
v 0.014490267261862753 0.0019242081325501204 -0.02514529414474964
v 0.014179779216647146 0.0034359979908913374 -0.025115134194493294
v 0.014179779216647146 0.0034359979908913374 -0.025115134194493294
v 0.014490267261862753 0.0019242081325501204 -0.02514529414474964
v 0.012567339465022085 0.001848789630457759 -0.026095988228917122
v 0.014179779216647146 0.0034359979908913374 -0.025115134194493294
v 0.012567339465022085 0.001848789630457759 -0.026095988228917122
v 0.01156688295304775 0.0034359979908913374 -0.02631974406540394
v 0.008372096344828604 0.0012710827868431807 -0.0275688786059618
v 0.008370300754904745 0.0031971174757927656 -0.027384402230381966
v 0.008886320516467093 0.0034359979908913374 -0.027228476479649544
v 0.006088076159358024 0.002701638964936137 -0.027917804196476936
v 0.00581398420035839 0.0034359979908913374 -0.027947844937443733
v 0.008377743884921072 0.0034359979908913374 -0.027369322255253792
v 0.0037182178348302837 0.002079698024317622 -0.028281928971409798
v 0.002619436010718345 0.0034359979908913374 -0.02839118428528309
v 0.00581398420035839 0.0034359979908913374 -0.027947844937443733
v 0.0013006607769057152 0.003279744414612651 -0.028475763276219368
v 0.002619436010718345 0.0034359979908913374 -0.02839118428528309
v 0.0012785251019522546 0.0013401310425251722 -0.028473498299717903
v 8.846652121974329e-07 -0.0033951897639781237 -0.030023517087101936
v 7.356535434155375e-07 -0.002419357420876622 -0.029314996674656868
v 0.0016350353835150597 -0.002182902069762349 -0.029175879433751106
v 0.0016350353835150597 -0.002182902069762349 -0.029175879433751106
v 7.356535434155375e-07 -0.002419357420876622 -0.029314996674656868
v 7.58005285206309e-07 -0.0011592519003897905 -0.02876371331512928
v 0.0016350353835150597 -0.002182902069762349 -0.029175879433751106
v 7.58005285206309e-07 -0.0011592519003897905 -0.02876371331512928
v 0.0013884956715628503 -0.0005398590583354235 -0.0286101121455431
v 0.0013884956715628503 -0.0005398590583354235 -0.0286101121455431
v 7.58005285206309e-07 -0.0011592519003897905 -0.02876371331512928
v 8.697639941601664e-07 0.00012967245129402727 -0.028518440201878548
v 0.0013884956715628503 -0.0005398590583354235 -0.0286101121455431
v 8.697639941601664e-07 0.00012967245129402727 -0.028518440201878548
v 0.0012785251019522546 0.0013401310425251722 -0.028473498299717903
v 0.0012785251019522546 0.0013401310425251722 -0.028473498299717903
v 8.697639941601664e-07 0.00012967245129402727 -0.028518440201878548
v 1.1230837344555764e-06 0.0028066139202564955 -0.028500081971287727
v 0.0012785251019522546 0.0013401310425251722 -0.028473498299717903
v 1.1230837344555764e-06 0.0028066139202564955 -0.028500081971287727
v 0.0013006607769057152 0.003279744414612651 -0.028475763276219368
v 0.0013006607769057152 0.003279744414612651 -0.028475763276219368
v 1.1230837344555764e-06 0.0028066139202564955 -0.028500081971287727
v 1.137984895649424e-06 0.0034359979908913374 -0.028500022366642952
v 1.056028509083262e-06 -0.005399031098932028 -0.03531480208039284
v 1.1677872180371194e-06 -0.005355072673410177 -0.03376663103699684
v 0.0009855682728812096 -0.005295561160892248 -0.03340733423829079
v 0.0009855682728812096 -0.005295561160892248 -0.03340733423829079
v 1.1677872180371194e-06 -0.005355072673410177 -0.03376663103699684
v 1.1677872180371194e-06 -0.005335183348506689 -0.033620718866586685
v 0.0009855682728812096 -0.005295561160892248 -0.03340733423829079
v 1.1677872180371194e-06 -0.005335183348506689 -0.033620718866586685
v 0.0002721379569265991 -0.004773022141307592 -0.03182930126786232
v 0.0002721379569265991 -0.004773022141307592 -0.03182930126786232
v 1.1677872180371194e-06 -0.005335183348506689 -0.033620718866586685
v 7.95258245034347e-07 -0.004970224108546972 -0.03226989880204201
v 0.0002721379569265991 -0.004773022141307592 -0.03182930126786232
v 7.95258245034347e-07 -0.004970224108546972 -0.03226989880204201
v 5.419385047389368e-07 -0.004292489495128393 -0.031026961281895638
v 0.003928823396563529 -0.0054682656191289425 -0.034162286669015884
v 1.0634790896801858e-06 -0.005394862499088049 -0.03590459004044533
v 0.0009855682728812096 -0.005295561160892248 -0.03340733423829079
v 0.0009855682728812096 -0.005295561160892248 -0.03340733423829079
v 1.0634790896801858e-06 -0.005394862499088049 -0.03590459004044533
v 1.056028509083262e-06 -0.005399031098932028 -0.03531480208039284
v 7.803570838404993e-07 -0.005283390637487173 -0.038538817316293716
v 8.697640510035852e-07 -0.005316400434821844 -0.038108114153146744
v 0.0007330457447096704 -0.005340417381376028 -0.0378037728369236
v 0.003141103312373161 -0.005002123769372702 -0.04092032089829445
v 0.0044763442128896705 -0.004718014504760504 -0.04219562187790871
v 1.2944470881848245e-06 -0.004360088612884283 -0.04293352738022804
v 1.2944470881848245e-06 -0.004360088612884283 -0.04293352738022804
v 0.0044763442128896705 -0.004718014504760504 -0.04219562187790871
v 0.0010484437225386498 -0.0039181276224553585 -0.04398185387253761
v 1.2944470881848245e-06 -0.004360088612884283 -0.04293352738022804
v 0.0010484437225386498 -0.0039181276224553585 -0.04398185387253761
v 1.1230837344555764e-06 -0.0034627218265086412 -0.04485255852341652
v 1.1230837344555764e-06 -0.0034627218265086412 -0.04485255852341652
v 0.0010484437225386498 -0.0039181276224553585 -0.04398185387253761
v 0.0011101643322035668 -0.0026767004746943712 -0.04606157913804054
v 1.1230837344555764e-06 -0.0034627218265086412 -0.04485255852341652
v 0.0011101643322035668 -0.0026767004746943712 -0.04606157913804054
v 1.1156331538586526e-06 -0.0023696545977145433 -0.046466950327157974
v 0.003814136609435081 -0.0021603379864245653 -0.04678434506058693
v 0.002687251195311546 -0.003247869433835149 -0.04522276297211647
v 0.0064544063061475745 -0.002404135884717107 -0.046705905348062515
v 0.0064544063061475745 -0.002404135884717107 -0.046705905348062515
v 0.002687251195311546 -0.003247869433835149 -0.04522276297211647
v 0.004277078434824943 -0.0038024906534701586 -0.04432160034775734
v 0.0064544063061475745 -0.002404135884717107 -0.046705905348062515
v 0.004277078434824943 -0.0038024906534701586 -0.04432160034775734
v 0.007385602220892905 -0.002657988341525197 -0.04651856794953346
v 0.011337285861372946 -0.005536110606044531 -0.043083611875772476
v 0.012749461457133291 -0.004460824187844992 -0.046049002557992935
v 0.010041920468211172 -0.004545298870652914 -0.044320885092020035
v 0.010041920468211172 -0.004545298870652914 -0.044320885092020035
v 0.012749461457133291 -0.004460824187844992 -0.046049002557992935
v 0.010835571214556692 -0.0035360727924853563 -0.046344343572854996
v 0.010041920468211172 -0.004545298870652914 -0.044320885092020035
v 0.010835571214556692 -0.0035360727924853563 -0.046344343572854996
v 0.00872189365327358 -0.0035950106102973223 -0.04545730724930763
v 0.00872189365327358 -0.0035950106102973223 -0.04545730724930763
v 0.010835571214556692 -0.0035360727924853563 -0.046344343572854996
v 0.008645398542284964 -0.0028284501750022173 -0.04657060280442238
v 0.017698986455798146 -0.008989878930151463 -0.044601742178201675
v 0.01718172989785671 -0.008578491397202015 -0.044319335371255875
v 0.019079407677054402 -0.011215203441679478 -0.043889883905649185
v 0.019079407677054402 -0.011215203441679478 -0.043889883905649185
v 0.01718172989785671 -0.008578491397202015 -0.044319335371255875
v 0.018654508516192433 -0.011918933130800724 -0.040767136961221695
v 0.019079407677054402 -0.011215203441679478 -0.043889883905649185
v 0.018654508516192433 -0.011918933130800724 -0.040767136961221695
v 0.019694505259394642 -0.012811028398573399 -0.04276115074753761
v 0.02212165109813213 -0.025892315432429314 -0.03919893875718117
v 0.022092713043093678 -0.02269291691482067 -0.04022097960114479
v 0.02222124300897121 -0.02392994798719883 -0.037889543920755386
v 0.02222124300897121 -0.02392994798719883 -0.037889543920755386
v 0.022092713043093678 -0.02269291691482067 -0.04022097960114479
v 0.021783506497740742 -0.019702570512890816 -0.041177455335855484
v 0.02222124300897121 -0.02392994798719883 -0.037889543920755386
v 0.021783506497740742 -0.019702570512890816 -0.041177455335855484
v 0.022172672674059864 -0.022270021960139275 -0.036078277975320816
v 0.022825440391898152 -0.02847764827311039 -0.0325360931456089
v 0.022977104410529133 -0.02636980079114437 -0.03178012743592262
v 0.023609159514307972 -0.030398709699511528 -0.028290869668126106
v 0.023609159514307972 -0.030398709699511528 -0.028290869668126106
v 0.022977104410529133 -0.02636980079114437 -0.03178012743592262
v 0.02373247407376766 -0.030108140781521797 -0.027812780812382698
v 0.023609159514307972 -0.030398709699511528 -0.028290869668126106
v 0.02373247407376766 -0.030108140781521797 -0.027812780812382698
v 0.023665828630328175 -0.030525781214237213 -0.028018536046147346
v 0.023665828630328175 -0.030525781214237213 -0.028018536046147346
v 0.02373247407376766 -0.030108140781521797 -0.027812780812382698
v 0.024026973173022267 -0.03131059184670448 -0.026346387341618538
v 0.023950530216097828 -0.027732687070965767 -0.02674699015915394
v 0.024801110848784443 -0.030867405235767365 -0.023201288655400276
v 0.024616396054625508 -0.03252077102661133 -0.023773672059178352
v 0.02559755556285381 -0.03367204964160919 -0.019751491025090218
v 0.025528227910399433 -0.03427380695939064 -0.01994037814438343
v 0.024801110848784443 -0.030867405235767365 -0.023201288655400276
v 0.024801110848784443 -0.030867405235767365 -0.023201288655400276
v 0.025528227910399433 -0.03427380695939064 -0.01994037814438343
v 0.025228863582015034 -0.033711764961481094 -0.021194757893681526
v 0.024801110848784443 -0.030867405235767365 -0.023201288655400276
v 0.025228863582015034 -0.033711764961481094 -0.021194757893681526
v 0.024616396054625508 -0.03252077102661133 -0.023773672059178352
v 0.02817696891725063 -0.03887498751282692 -0.005953195039182901
v 0.027775136753916737 -0.038213253021240234 -0.009042921476066113
v 0.027880808338522908 -0.03809462860226631 -0.008362176828086376
v 0.027880808338522908 -0.03809462860226631 -0.008362176828086376
v 0.027775136753916737 -0.038213253021240234 -0.009042921476066113
v 0.027189573273062703 -0.03722811117768288 -0.01241785567253828
v 0.027880808338522908 -0.03809462860226631 -0.008362176828086376
v 0.027189573273062703 -0.03722811117768288 -0.01241785567253828
v 0.02731608413159847 -0.03579305484890938 -0.011914911679923534
v 0.02731608413159847 -0.03579305484890938 -0.011914911679923534
v 0.027189573273062703 -0.03722811117768288 -0.01241785567253828
v 0.02664963714778423 -0.03629487007856369 -0.015053036622703075
v 0.02731608413159847 -0.03579305484890938 -0.011914911679923534
v 0.02664963714778423 -0.03629487007856369 -0.015053036622703075
v 0.02662241272628307 -0.033414531499147415 -0.01541066449135542
v 0.02662241272628307 -0.033414531499147415 -0.01541066449135542
v 0.02664963714778423 -0.03629487007856369 -0.015053036622703075
v 0.026447428390383717 -0.035940077155828476 -0.01597529835999012
v 1.145435476246348e-06 -0.002094556810334325 -0.04680532589554787
v 1.1156331538586526e-06 -0.0023696545977145433 -0.046466950327157974
v 0.003814136609435081 -0.0021603379864245653 -0.04678434506058693
v 0.003814136609435081 -0.0021603379864245653 -0.04678434506058693
v 1.1156331538586526e-06 -0.0023696545977145433 -0.046466950327157974
v 0.0011101643322035668 -0.0026767004746943712 -0.04606157913804054
v 0.003814136609435081 -0.0021603379864245653 -0.04678434506058693
v 0.0011101643322035668 -0.0026767004746943712 -0.04606157913804054
v 0.002687251195311546 -0.003247869433835149 -0.04522276297211647
v 0.002687251195311546 -0.003247869433835149 -0.04522276297211647
v 0.0011101643322035668 -0.0026767004746943712 -0.04606157913804054
v 0.0010484437225386498 -0.0039181276224553585 -0.04398185387253761
v 0.002687251195311546 -0.003247869433835149 -0.04522276297211647
v 0.0010484437225386498 -0.0039181276224553585 -0.04398185387253761
v 0.004277078434824943 -0.0038024906534701586 -0.04432160034775734
v 0.004277078434824943 -0.0038024906534701586 -0.04432160034775734
v 0.0010484437225386498 -0.0039181276224553585 -0.04398185387253761
v 0.0044763442128896705 -0.004718014504760504 -0.04219562187790871
v 0.014538442716002463 -0.005666130688041449 -0.04566336050629616
v 0.013587748631834982 -0.005401769187301397 -0.04518336430191994
v 0.01617409102618694 -0.007150625344365835 -0.045189205557107925
v 0.01617409102618694 -0.007150625344365835 -0.045189205557107925
v 0.013587748631834982 -0.005401769187301397 -0.04518336430191994
v 0.014598270878195761 -0.006743853446096182 -0.04378122463822365
v 0.01617409102618694 -0.007150625344365835 -0.045189205557107925
v 0.014598270878195761 -0.006743853446096182 -0.04378122463822365
v 0.01718172989785671 -0.008578491397202015 -0.044319335371255875
v 0.01718172989785671 -0.008578491397202015 -0.044319335371255875
v 0.014598270878195761 -0.006743853446096182 -0.04378122463822365
v 0.01558021269738674 -0.008123685605823994 -0.04225659742951393
v 0.01718172989785671 -0.008578491397202015 -0.044319335371255875
v 0.01558021269738674 -0.008123685605823994 -0.04225659742951393
v 0.018654508516192433 -0.011918933130800724 -0.040767136961221695
v 0.018654508516192433 -0.011918933130800724 -0.040767136961221695
v 0.01558021269738674 -0.008123685605823994 -0.04225659742951393
v 0.016537522897124287 -0.009535071440041065 -0.04062134400010109
v 0.00872189365327358 -0.0035950106102973223 -0.04545730724930763
v 0.005870645865797996 -0.004376785364001989 -0.043335143476724625
v 0.010041920468211172 -0.004545298870652914 -0.044320885092020035
v 0.010041920468211172 -0.004545298870652914 -0.044320885092020035
v 0.005870645865797996 -0.004376785364001989 -0.043335143476724625
v 0.00745352916419506 -0.004998562391847372 -0.042232695966959
v 0.010041920468211172 -0.004545298870652914 -0.044320885092020035
v 0.00745352916419506 -0.004998562391847372 -0.042232695966959
v 0.011337285861372946 -0.005536110606044531 -0.043083611875772476
v 0.011337285861372946 -0.005536110606044531 -0.043083611875772476
v 0.00745352916419506 -0.004998562391847372 -0.042232695966959
v 0.009010834619402884 -0.0056846304796636105 -0.041001979261636734
v 0.011337285861372946 -0.005536110606044531 -0.043083611875772476
v 0.009010834619402884 -0.0056846304796636105 -0.041001979261636734
v 0.012600189074873923 -0.0065816729329526424 -0.04172945395112038
v 0.012600189074873923 -0.0065816729329526424 -0.04172945395112038
v 0.009010834619402884 -0.0056846304796636105 -0.041001979261636734
v 0.010530455037951468 -0.006436766590923071 -0.03965485468506813
v 0.012600189074873923 -0.0065816729329526424 -0.04172945395112038
v 0.010530455037951468 -0.006436766590923071 -0.03965485468506813
v 0.01382630132138729 -0.007680503185838461 -0.04026097431778908
v 0.01382630132138729 -0.007680503185838461 -0.04026097431778908
v 0.010530455037951468 -0.006436766590923071 -0.03965485468506813
v 0.012004336342215536 -0.007245560642331839 -0.0382159985601902
v 0.01382630132138729 -0.007680503185838461 -0.04026097431778908
v 0.012004336342215536 -0.007245560642331839 -0.0382159985601902
v 0.015014750882983206 -0.008822076953947544 -0.03869706764817238
v 0.015014750882983206 -0.008822076953947544 -0.03869706764817238
v 0.012004336342215536 -0.007245560642331839 -0.0382159985601902
v 0.01342787407338619 -0.00809831265360117 -0.03671211376786232
v 0.015014750882983206 -0.008822076953947544 -0.03869706764817238
v 0.01342787407338619 -0.00809831265360117 -0.03671211376786232
v 0.016164971515536305 -0.009997115470468998 -0.03706097975373268
v 0.016164971515536305 -0.009997115470468998 -0.03706097975373268
v 0.01342787407338619 -0.00809831265360117 -0.03671211376786232
v 0.014797640964388846 -0.00898673851042986 -0.035164956003427505
v 0.016164971515536305 -0.009997115470468998 -0.03706097975373268
v 0.014797640964388846 -0.00898673851042986 -0.035164956003427505
v 0.017275905236601826 -0.011198536492884159 -0.03537673130631447
v 0.017275905236601826 -0.011198536492884159 -0.03537673130631447
v 0.014797640964388846 -0.00898673851042986 -0.035164956003427505
v 0.016110813245177266 -0.00990684051066637 -0.03359121456742287
v 0.017275905236601826 -0.011198536492884159 -0.03537673130631447
v 0.016110813245177266 -0.00990684051066637 -0.03359121456742287
v 0.01834573410451412 -0.012421009130775928 -0.03366697207093239
v 0.01834573410451412 -0.012421009130775928 -0.03366697207093239
v 0.016110813245177266 -0.00990684051066637 -0.03359121456742287
v 0.01736478321254253 -0.010857575573027134 -0.03200292959809303
v 0.01834573410451412 -0.012421009130775928 -0.03366697207093239
v 0.01736478321254253 -0.010857575573027134 -0.03200292959809303
v 0.019683865830302235 -0.012853705324232578 -0.02881080098450184
v 0.019683865830302235 -0.012853705324232578 -0.02881080098450184
v 0.01736478321254253 -0.010857575573027134 -0.03200292959809303
v 0.019048234447836872 -0.010619682259857655 -0.027365924790501595
v 0.019683865830302235 -0.012853705324232578 -0.02881080098450184
v 0.019048234447836872 -0.010619682259857655 -0.027365924790501595
v 0.021345322951674458 -0.012341712601482868 -0.0243531484156847
v 0.016537522897124287 -0.009535071440041065 -0.04062134400010109
v 0.017473040148615834 -0.010971763171255589 -0.038897279649972916
v 0.018654508516192433 -0.011918933130800724 -0.040767136961221695
v 0.018654508516192433 -0.011918933130800724 -0.040767136961221695
v 0.017473040148615834 -0.010971763171255589 -0.038897279649972916
v 0.0201095025986433 -0.015317105688154697 -0.03692829981446266
v 0.018654508516192433 -0.011918933130800724 -0.040767136961221695
v 0.0201095025986433 -0.015317105688154697 -0.03692829981446266
v 0.019694505259394642 -0.012811028398573399 -0.04276115074753761
v 0.019694505259394642 -0.012811028398573399 -0.04276115074753761
v 0.0201095025986433 -0.015317105688154697 -0.03692829981446266
v 0.020806943997740742 -0.016671543940901756 -0.03866500034928322
v 0.019694505259394642 -0.012811028398573399 -0.04276115074753761
v 0.020806943997740742 -0.016671543940901756 -0.03866500034928322
v 0.02114695124328136 -0.016590772196650505 -0.0421721376478672
v 0.02114695124328136 -0.016590772196650505 -0.0421721376478672
v 0.020806943997740742 -0.016671543940901756 -0.03866500034928322
v 0.02136885933578014 -0.01796659268438816 -0.040574733167886734
v 0.023298157379031178 -0.014284786768257618 -0.021237554028630257
v 0.02368139289319515 -0.01999305747449398 -0.023537756875157356
v 0.022137692198157307 -0.01744902692735195 -0.026865245774388313
v 0.022137692198157307 -0.01744902692735195 -0.026865245774388313
v 0.02368139289319515 -0.01999305747449398 -0.023537756875157356
v 0.022522097453474995 -0.01980704627931118 -0.028085770085453987
v 0.022137692198157307 -0.01744902692735195 -0.026865245774388313
v 0.022522097453474995 -0.01980704627931118 -0.028085770085453987
v 0.020980885252356526 -0.016863686963915825 -0.031641487032175064
v 0.020980885252356526 -0.016863686963915825 -0.031641487032175064
v 0.022522097453474995 -0.01980704627931118 -0.028085770085453987
v 0.021523980423808094 -0.018734393641352654 -0.03303742781281471
v 0.020980885252356526 -0.016863686963915825 -0.031641487032175064
v 0.021523980423808094 -0.018734393641352654 -0.03303742781281471
v 0.0201095025986433 -0.015317105688154697 -0.03692829981446266
v 0.0201095025986433 -0.015317105688154697 -0.03692829981446266
v 0.021523980423808094 -0.018734393641352654 -0.03303742781281471
v 0.02193345688283443 -0.020536137744784355 -0.034489456564188004
v 0.0201095025986433 -0.015317105688154697 -0.03692829981446266
v 0.02193345688283443 -0.020536137744784355 -0.034489456564188004
v 0.020806943997740742 -0.016671543940901756 -0.03866500034928322
v 0.020806943997740742 -0.016671543940901756 -0.03866500034928322
v 0.02193345688283443 -0.020536137744784355 -0.034489456564188004
v 0.022172672674059864 -0.022270021960139275 -0.036078277975320816
v 0.020806943997740742 -0.016671543940901756 -0.03866500034928322
v 0.022172672674059864 -0.022270021960139275 -0.036078277975320816
v 0.02136885933578014 -0.01796659268438816 -0.040574733167886734
v 0.02136885933578014 -0.01796659268438816 -0.040574733167886734
v 0.022172672674059864 -0.022270021960139275 -0.036078277975320816
v 0.021783506497740742 -0.019702570512890816 -0.041177455335855484
v 0.02136885933578014 -0.01796659268438816 -0.040574733167886734
v 0.021783506497740742 -0.019702570512890816 -0.041177455335855484
v 0.02114695124328136 -0.016590772196650505 -0.0421721376478672
v 0.017473040148615834 -0.010971763171255589 -0.038897279649972916
v 0.01838760636746883 -0.0124283442273736 -0.03711069002747536
v 0.0201095025986433 -0.015317105688154697 -0.03692829981446266
v 0.0201095025986433 -0.015317105688154697 -0.03692829981446266
v 0.01838760636746883 -0.0124283442273736 -0.03711069002747536
v 0.019279902800917622 -0.013899658806622028 -0.03528941050171852
v 0.0201095025986433 -0.015317105688154697 -0.03692829981446266
v 0.019279902800917622 -0.013899658806622028 -0.03528941050171852
v 0.020980885252356526 -0.016863686963915825 -0.031641487032175064
v 0.020980885252356526 -0.016863686963915825 -0.031641487032175064
v 0.019279902800917622 -0.013899658806622028 -0.03528941050171852
v 0.020349225029349324 -0.0149138318374753 -0.03024172969162464
v 0.020980885252356526 -0.016863686963915825 -0.031641487032175064
v 0.020349225029349324 -0.0149138318374753 -0.03024172969162464
v 0.022137692198157307 -0.01744902692735195 -0.026865245774388313
v 0.022137692198157307 -0.01744902692735195 -0.026865245774388313
v 0.020349225029349324 -0.0149138318374753 -0.03024172969162464
v 0.021728297695517537 -0.014976480044424534 -0.02561223693192005
v 0.022137692198157307 -0.01744902692735195 -0.026865245774388313
v 0.021728297695517537 -0.014976480044424534 -0.02561223693192005
v 0.023298157379031178 -0.014284786768257618 -0.021237554028630257
v 0.022828584536910054 -0.022077715024352074 -0.029279353097081184
v 0.023860698565840718 -0.022665904834866524 -0.024647654965519905
v 0.023969968780875203 -0.025245970115065575 -0.025711121037602425
v 0.023969968780875203 -0.025245970115065575 -0.025711121037602425
v 0.023860698565840718 -0.022665904834866524 -0.024647654965519905
v 0.024983605369925495 -0.022519318386912346 -0.020207883790135384
v 0.028501121327280995 -0.02790088765323162 -2.5509288015257425e-09
v 0.028501121327280995 -0.029655346646904945 -2.5509288015257425e-09
v 0.02850120328366756 -0.029287194833159447 -0.00010568158904789016
v 0.02850120328366756 -0.029287194833159447 -0.00010568158904789016
v 0.028501121327280995 -0.029655346646904945 -2.5509288015257425e-09
v 0.028457229956984516 -0.035104818642139435 -0.0024037386756390333
v 0.02850120328366756 -0.029287194833159447 -0.00010568158904789016
v 0.028457229956984516 -0.035104818642139435 -0.0024037386756390333
v 0.028360692784190174 -0.026486756280064583 -0.003765108762308955
v 0.028360692784190174 -0.026486756280064583 -0.003765108762308955
v 0.028457229956984516 -0.035104818642139435 -0.0024037386756390333
v 0.02819370292127132 -0.03253287076950073 -0.006069364491850138
v 0.028360692784190174 -0.026486756280064583 -0.003765108762308955
v 0.02819370292127132 -0.03253287076950073 -0.006069364491850138
v 0.027934407815337178 -0.023781413212418556 -0.007446470204740763
v 0.027934407815337178 -0.023781413212418556 -0.007446470204740763
v 0.02819370292127132 -0.03253287076950073 -0.006069364491850138
v 0.02768406085669994 -0.030006512999534607 -0.009724739007651806
v 0.027934407815337178 -0.023781413212418556 -0.007446470204740763
v 0.02768406085669994 -0.030006512999534607 -0.009724739007651806
v 0.02721692435443401 -0.02119067870080471 -0.011080983094871044
v 0.02721692435443401 -0.02119067870080471 -0.011080983094871044
v 0.02768406085669994 -0.030006512999534607 -0.009724739007651806
v 0.026964953169226643 -0.027509605512022972 -0.013317289762198925
v 0.02721692435443401 -0.02119067870080471 -0.011080983094871044
v 0.026964953169226643 -0.027509605512022972 -0.013317289762198925
v 0.026212332770228382 -0.01873302273452282 -0.014607968740165234
v 0.026212332770228382 -0.01873302273452282 -0.014607968740165234
v 0.026964953169226643 -0.027509605512022972 -0.013317289762198925
v 0.026069505140185353 -0.025021007284522057 -0.01681298203766346
v 0.026212332770228382 -0.01873302273452282 -0.014607968740165234
v 0.026069505140185353 -0.025021007284522057 -0.01681298203766346
v 0.024914389476180073 -0.01642407663166523 -0.017994703724980354
v 0.024914389476180073 -0.01642407663166523 -0.017994703724980354
v 0.026069505140185353 -0.025021007284522057 -0.01681298203766346
v 0.024983605369925495 -0.022519318386912346 -0.020207883790135384
v 0.02850118093192577 -0.039400000125169754 -2.5509288015257425e-09
v 0.028418621048331257 -0.03926559537649155 -0.0029889370780438185
v 0.028457229956984516 -0.035104818642139435 -0.0024037386756390333
v 0.028457229956984516 -0.035104818642139435 -0.0024037386756390333
v 0.028418621048331257 -0.03926559537649155 -0.0029889370780438185
v 0.02817696891725063 -0.03887498751282692 -0.005953195039182901
v 0.028457229956984516 -0.035104818642139435 -0.0024037386756390333
v 0.02817696891725063 -0.03887498751282692 -0.005953195039182901
v 0.02819370292127132 -0.03253287076950073 -0.006069364491850138
v 0.02819370292127132 -0.03253287076950073 -0.006069364491850138
v 0.02817696891725063 -0.03887498751282692 -0.005953195039182901
v 0.027880808338522908 -0.03809462860226631 -0.008362176828086376
v 0.02819370292127132 -0.03253287076950073 -0.006069364491850138
v 0.027880808338522908 -0.03809462860226631 -0.008362176828086376
v 0.02768406085669994 -0.030006512999534607 -0.009724739007651806
v 0.02768406085669994 -0.030006512999534607 -0.009724739007651806
v 0.027880808338522908 -0.03809462860226631 -0.008362176828086376
v 0.02731608413159847 -0.03579305484890938 -0.011914911679923534
v 0.02768406085669994 -0.030006512999534607 -0.009724739007651806
v 0.02731608413159847 -0.03579305484890938 -0.011914911679923534
v 0.026964953169226643 -0.027509605512022972 -0.013317289762198925
v 0.026964953169226643 -0.027509605512022972 -0.013317289762198925
v 0.02731608413159847 -0.03579305484890938 -0.011914911679923534
v 0.02662241272628307 -0.033414531499147415 -0.01541066449135542
v 0.026964953169226643 -0.027509605512022972 -0.013317289762198925
v 0.02662241272628307 -0.033414531499147415 -0.01541066449135542
v 0.026069505140185353 -0.025021007284522057 -0.01681298203766346
v 0.026069505140185353 -0.025021007284522057 -0.01681298203766346
v 0.02662241272628307 -0.033414531499147415 -0.01541066449135542
v 0.02583139948546886 -0.03089674934744835 -0.01885324902832508
v 0.026069505140185353 -0.025021007284522057 -0.01681298203766346
v 0.02583139948546886 -0.03089674934744835 -0.01885324902832508
v 0.024983605369925495 -0.022519318386912346 -0.020207883790135384
v 0.024983605369925495 -0.022519318386912346 -0.020207883790135384
v 0.02583139948546886 -0.03089674934744835 -0.01885324902832508
v 0.02495649270713329 -0.028186319395899773 -0.022267403081059456
v 0.024983605369925495 -0.022519318386912346 -0.020207883790135384
v 0.02495649270713329 -0.028186319395899773 -0.022267403081059456
v 0.023969968780875203 -0.025245970115065575 -0.025711121037602425
v 0.022977104410529133 -0.02636980079114437 -0.03178012743592262
v 0.02300058118999004 -0.02426842413842678 -0.030485453084111214
v 0.02373247407376766 -0.030108140781521797 -0.027812780812382698
v 0.02373247407376766 -0.030108140781521797 -0.027812780812382698
v 0.02300058118999004 -0.02426842413842678 -0.030485453084111214
v 0.023950530216097828 -0.027732687070965767 -0.02674699015915394
v 0.02373247407376766 -0.030108140781521797 -0.027812780812382698
v 0.023950530216097828 -0.027732687070965767 -0.02674699015915394
v 0.024026973173022267 -0.03131059184670448 -0.026346387341618538
v 0.024026973173022267 -0.03131059184670448 -0.026346387341618538
v 0.023950530216097828 -0.027732687070965767 -0.02674699015915394
v 0.024616396054625508 -0.03252077102661133 -0.023773672059178352
v 0.02300058118999004 -0.02426842413842678 -0.030485453084111214
v 0.022828584536910054 -0.022077715024352074 -0.029279353097081184
v 0.023950530216097828 -0.027732687070965767 -0.02674699015915394
v 0.023950530216097828 -0.027732687070965767 -0.02674699015915394
v 0.022828584536910054 -0.022077715024352074 -0.029279353097081184
v 0.023969968780875203 -0.025245970115065575 -0.025711121037602425
v 0.023950530216097828 -0.027732687070965767 -0.02674699015915394
v 0.023969968780875203 -0.025245970115065575 -0.025711121037602425
v 0.024801110848784443 -0.030867405235767365 -0.023201288655400276
v 0.024801110848784443 -0.030867405235767365 -0.023201288655400276
v 0.023969968780875203 -0.025245970115065575 -0.025711121037602425
v 0.02495649270713329 -0.028186319395899773 -0.022267403081059456
v 0.024801110848784443 -0.030867405235767365 -0.023201288655400276
v 0.02495649270713329 -0.028186319395899773 -0.022267403081059456
v 0.02559755556285381 -0.03367204964160919 -0.019751491025090218
v 0.02559755556285381 -0.03367204964160919 -0.019751491025090218
v 0.02495649270713329 -0.028186319395899773 -0.022267403081059456
v 0.02583139948546886 -0.03089674934744835 -0.01885324902832508
v 0.02559755556285381 -0.03367204964160919 -0.019751491025090218
v 0.02583139948546886 -0.03089674934744835 -0.01885324902832508
v 0.0260931234806776 -0.03530699759721756 -0.017537416890263557
v 0.0260931234806776 -0.03530699759721756 -0.017537416890263557
v 0.02583139948546886 -0.03089674934744835 -0.01885324902832508
v 0.02662241272628307 -0.033414531499147415 -0.01541066449135542
v 0.0260931234806776 -0.03530699759721756 -0.017537416890263557
v 0.02662241272628307 -0.033414531499147415 -0.01541066449135542
v 0.02639231644570827 -0.03584282845258713 -0.01622230000793934
v 0.02639231644570827 -0.03584282845258713 -0.01622230000793934
v 0.02662241272628307 -0.033414531499147415 -0.01541066449135542
v 0.026447428390383717 -0.035940077155828476 -0.01597529835999012
v 0.02419926784932613 -0.005211235489696264 -0.016543151810765266
v 0.02510333620011806 -0.006194943096488714 -0.014910819940268993
v 0.024980319663882252 -0.009764638729393482 -0.01587599702179432
v 0.024980319663882252 -0.009764638729393482 -0.01587599702179432
v 0.02510333620011806 -0.006194943096488714 -0.014910819940268993
v 0.02676487527787685 -0.004797501023858786 -0.010553601197898388
v 0.023181488737463948 -0.004332700278609991 -0.018115701153874397
v 0.02419926784932613 -0.005211235489696264 -0.016543151810765266
v 0.023126376792788502 -0.007867877371609211 -0.019068898633122444
v 0.023126376792788502 -0.007867877371609211 -0.019068898633122444
v 0.02419926784932613 -0.005211235489696264 -0.016543151810765266
v 0.024980319663882252 -0.009764638729393482 -0.01587599702179432
v 0.023126376792788502 -0.007867877371609211 -0.019068898633122444
v 0.024980319663882252 -0.009764638729393482 -0.01587599702179432
v 0.02317099831998348 -0.011181083507835865 -0.020117225125432014
v 0.02317099831998348 -0.011181083507835865 -0.020117225125432014
v 0.024980319663882252 -0.009764638729393482 -0.01587599702179432
v 0.023298157379031178 -0.014284786768257618 -0.021237554028630257
v 0.02317099831998348 -0.011181083507835865 -0.020117225125432014
v 0.023298157379031178 -0.014284786768257618 -0.021237554028630257
v 0.021345322951674458 -0.012341712601482868 -0.0243531484156847
v 0.021345322951674458 -0.012341712601482868 -0.0243531484156847
v 0.023298157379031178 -0.014284786768257618 -0.021237554028630257
v 0.021728297695517537 -0.014976480044424534 -0.02561223693192005
v 0.021345322951674458 -0.012341712601482868 -0.0243531484156847
v 0.021728297695517537 -0.014976480044424534 -0.02561223693192005
v 0.019683865830302235 -0.012853705324232578 -0.02881080098450184
v 0.019683865830302235 -0.012853705324232578 -0.02881080098450184
v 0.021728297695517537 -0.014976480044424534 -0.02561223693192005
v 0.020349225029349324 -0.0149138318374753 -0.03024172969162464
v 0.019683865830302235 -0.012853705324232578 -0.02881080098450184
v 0.020349225029349324 -0.0149138318374753 -0.03024172969162464
v 0.01834573410451412 -0.012421009130775928 -0.03366697207093239
v 0.01834573410451412 -0.012421009130775928 -0.03366697207093239
v 0.020349225029349324 -0.0149138318374753 -0.03024172969162464
v 0.019279902800917622 -0.013899658806622028 -0.03528941050171852
v 0.01834573410451412 -0.012421009130775928 -0.03366697207093239
v 0.019279902800917622 -0.013899658806622028 -0.03528941050171852
v 0.017275905236601826 -0.011198536492884159 -0.03537673130631447
v 0.017275905236601826 -0.011198536492884159 -0.03537673130631447
v 0.019279902800917622 -0.013899658806622028 -0.03528941050171852
v 0.01838760636746883 -0.0124283442273736 -0.03711069002747536
v 0.017275905236601826 -0.011198536492884159 -0.03537673130631447
v 0.01838760636746883 -0.0124283442273736 -0.03711069002747536
v 0.016164971515536305 -0.009997115470468998 -0.03706097975373268
v 0.016164971515536305 -0.009997115470468998 -0.03706097975373268
v 0.01838760636746883 -0.0124283442273736 -0.03711069002747536
v 0.017473040148615834 -0.010971763171255589 -0.038897279649972916
v 0.016164971515536305 -0.009997115470468998 -0.03706097975373268
v 0.017473040148615834 -0.010971763171255589 -0.038897279649972916
v 0.015014750882983206 -0.008822076953947544 -0.03869706764817238
v 0.015014750882983206 -0.008822076953947544 -0.03869706764817238
v 0.017473040148615834 -0.010971763171255589 -0.038897279649972916
v 0.016537522897124287 -0.009535071440041065 -0.04062134400010109
v 0.015014750882983206 -0.008822076953947544 -0.03869706764817238
v 0.016537522897124287 -0.009535071440041065 -0.04062134400010109
v 0.01382630132138729 -0.007680503185838461 -0.04026097431778908
v 0.01382630132138729 -0.007680503185838461 -0.04026097431778908
v 0.016537522897124287 -0.009535071440041065 -0.04062134400010109
v 0.01558021269738674 -0.008123685605823994 -0.04225659742951393
v 0.01382630132138729 -0.007680503185838461 -0.04026097431778908
v 0.01558021269738674 -0.008123685605823994 -0.04225659742951393
v 0.012600189074873923 -0.0065816729329526424 -0.04172945395112038
v 0.012600189074873923 -0.0065816729329526424 -0.04172945395112038
v 0.01558021269738674 -0.008123685605823994 -0.04225659742951393
v 0.014598270878195761 -0.006743853446096182 -0.04378122463822365
v 0.012600189074873923 -0.0065816729329526424 -0.04172945395112038
v 0.014598270878195761 -0.006743853446096182 -0.04378122463822365
v 0.011337285861372946 -0.005536110606044531 -0.043083611875772476
v 0.011337285861372946 -0.005536110606044531 -0.043083611875772476
v 0.014598270878195761 -0.006743853446096182 -0.04378122463822365
v 0.013587748631834982 -0.005401769187301397 -0.04518336430191994
v 0.011337285861372946 -0.005536110606044531 -0.043083611875772476
v 0.013587748631834982 -0.005401769187301397 -0.04518336430191994
v 0.012749461457133291 -0.004460824187844992 -0.046049002557992935
v 0.012749461457133291 -0.004460824187844992 -0.046049002557992935
v 0.013587748631834982 -0.005401769187301397 -0.04518336430191994
v 0.014538442716002463 -0.005666130688041449 -0.04566336050629616
v 0.023181488737463948 -0.004332700278609991 -0.018115701153874397
v 0.02334113977849483 -0.0005885635036975145 -0.017255665734410286
v 0.02419926784932613 -0.005211235489696264 -0.016543151810765266
v 0.02419926784932613 -0.005211235489696264 -0.016543151810765266
v 0.02334113977849483 -0.0005885635036975145 -0.017255665734410286
v 0.02437561564147472 -0.001473085256293416 -0.01566350646317005
v 0.02419926784932613 -0.005211235489696264 -0.016543151810765266
v 0.02437561564147472 -0.001473085256293416 -0.01566350646317005
v 0.02510333620011806 -0.006194943096488714 -0.014910819940268993
v 0.02510333620011806 -0.006194943096488714 -0.014910819940268993
v 0.02437561564147472 -0.001473085256293416 -0.01566350646317005
v 0.02528983913362026 -0.002475173445418477 -0.014011266641318798
v 0.02510333620011806 -0.006194943096488714 -0.014910819940268993
v 0.02528983913362026 -0.002475173445418477 -0.014011266641318798
v 0.02676487527787685 -0.004797501023858786 -0.010553601197898388
v 0.02676487527787685 -0.004797501023858786 -0.010553601197898388
v 0.02528983913362026 -0.002475173445418477 -0.014011266641318798
v 0.027197366580367085 0.0027291427832096815 -0.008775833062827587
v 0.02676487527787685 -0.004797501023858786 -0.010553601197898388
v 0.027197366580367085 0.0027291427832096815 -0.008775833062827587
v 0.02777840010821819 -0.007479385938495398 -0.006943585816770792
v 0.02777840010821819 -0.007479385938495398 -0.006943585816770792
v 0.027197366580367085 0.0027291427832096815 -0.008775833062827587
v 0.02807739935815334 -0.0002577055711299181 -0.005090358201414347
v 0.02777840010821819 -0.007479385938495398 -0.006943585816770792
v 0.02807739935815334 -0.0002577055711299181 -0.005090358201414347
v 0.028471192345023152 -0.003554393770173192 -0.0013603593688458204
v 0.028471192345023152 -0.003554393770173192 -0.0013603593688458204
v 0.02807739935815334 -0.0002577055711299181 -0.005090358201414347
v 0.02821162901818752 0.0034359979908913374 -0.004159333650022745
v 0.028471192345023152 -0.003554393770173192 -0.0013603593688458204
v 0.02821162901818752 0.0034359979908913374 -0.004159333650022745
v 0.02833997271955013 0.0034359979908913374 -0.003107431111857295
v 0.028501121327280995 -0.013586741872131824 -2.5509288015257425e-09
v 0.028501121327280995 -0.01363495085388422 -2.5509288015257425e-09
v 0.028345746919512745 -0.010438934899866581 -0.0032568599563091993
v 0.028345746919512745 -0.010438934899866581 -0.0032568599563091993
v 0.028501121327280995 -0.01363495085388422 -2.5509288015257425e-09
v 0.028152292594313618 -0.017213640734553337 -0.005270006600767374
v 0.028345746919512745 -0.010438934899866581 -0.0032568599563091993
v 0.028152292594313618 -0.017213640734553337 -0.005270006600767374
v 0.02777840010821819 -0.007479385938495398 -0.006943585816770792
v 0.02777840010821819 -0.007479385938495398 -0.006943585816770792
v 0.028152292594313618 -0.017213640734553337 -0.005270006600767374
v 0.027477955445647236 -0.014490705914795399 -0.008924725465476513
v 0.02777840010821819 -0.007479385938495398 -0.006943585816770792
v 0.027477955445647236 -0.014490705914795399 -0.008924725465476513
v 0.02676487527787685 -0.004797501023858786 -0.010553601197898388
v 0.02676487527787685 -0.004797501023858786 -0.010553601197898388
v 0.027477955445647236 -0.014490705914795399 -0.008924725465476513
v 0.026425240561366078 -0.011990410275757313 -0.012480261735618114
v 0.02676487527787685 -0.004797501023858786 -0.010553601197898388
v 0.026425240561366078 -0.011990410275757313 -0.012480261735618114
v 0.024980319663882252 -0.009764638729393482 -0.01587599702179432
v 0.028501121327280995 -0.01363495085388422 -2.5509288015257425e-09
v 0.028501121327280995 -0.021797118708491325 -2.5509288015257425e-09
v 0.028468860313296315 -0.02010866440832615 -0.0015910293441265821
v 0.028468860313296315 -0.02010866440832615 -0.0015910293441265821
v 0.028501121327280995 -0.021797118708491325 -2.5509288015257425e-09
v 0.028360692784190174 -0.026486756280064583 -0.003765108762308955
v 0.028468860313296315 -0.02010866440832615 -0.0015910293441265821
v 0.028360692784190174 -0.026486756280064583 -0.003765108762308955
v 0.028152292594313618 -0.017213640734553337 -0.005270006600767374
v 0.028152292594313618 -0.017213640734553337 -0.005270006600767374
v 0.028360692784190174 -0.026486756280064583 -0.003765108762308955
v 0.027934407815337178 -0.023781413212418556 -0.007446470204740763
v 0.028152292594313618 -0.017213640734553337 -0.005270006600767374
v 0.027934407815337178 -0.023781413212418556 -0.007446470204740763
v 0.027477955445647236 -0.014490705914795399 -0.008924725465476513
v 0.027477955445647236 -0.014490705914795399 -0.008924725465476513
v 0.027934407815337178 -0.023781413212418556 -0.007446470204740763
v 0.02721692435443401 -0.02119067870080471 -0.011080983094871044
v 0.027477955445647236 -0.014490705914795399 -0.008924725465476513
v 0.02721692435443401 -0.02119067870080471 -0.011080983094871044
v 0.026425240561366078 -0.011990410275757313 -0.012480261735618114
v 0.026425240561366078 -0.011990410275757313 -0.012480261735618114
v 0.02721692435443401 -0.02119067870080471 -0.011080983094871044
v 0.026212332770228382 -0.01873302273452282 -0.014607968740165234
v 0.026425240561366078 -0.011990410275757313 -0.012480261735618114
v 0.026212332770228382 -0.01873302273452282 -0.014607968740165234
v 0.024980319663882252 -0.009764638729393482 -0.01587599702179432
v 0.024980319663882252 -0.009764638729393482 -0.01587599702179432
v 0.026212332770228382 -0.01873302273452282 -0.014607968740165234
v 0.024914389476180073 -0.01642407663166523 -0.017994703724980354
v 0.024980319663882252 -0.009764638729393482 -0.01587599702179432
v 0.024914389476180073 -0.01642407663166523 -0.017994703724980354
v 0.023298157379031178 -0.014284786768257618 -0.021237554028630257
v 0.023298157379031178 -0.014284786768257618 -0.021237554028630257
v 0.024914389476180073 -0.01642407663166523 -0.017994703724980354
v 0.024983605369925495 -0.022519318386912346 -0.020207883790135384
v 0.023298157379031178 -0.014284786768257618 -0.021237554028630257
v 0.024983605369925495 -0.022519318386912346 -0.020207883790135384
v 0.02368139289319515 -0.01999305747449398 -0.023537756875157356
v 0.02368139289319515 -0.01999305747449398 -0.023537756875157356
v 0.024983605369925495 -0.022519318386912346 -0.020207883790135384
v 0.023860698565840718 -0.022665904834866524 -0.024647654965519905
v 0.02368139289319515 -0.01999305747449398 -0.023537756875157356
v 0.023860698565840718 -0.022665904834866524 -0.024647654965519905
v 0.022522097453474995 -0.01980704627931118 -0.028085770085453987
v 0.022522097453474995 -0.01980704627931118 -0.028085770085453987
v 0.023860698565840718 -0.022665904834866524 -0.024647654965519905
v 0.022828584536910054 -0.022077715024352074 -0.029279353097081184
v 0.022522097453474995 -0.01980704627931118 -0.028085770085453987
v 0.022828584536910054 -0.022077715024352074 -0.029279353097081184
v 0.021523980423808094 -0.018734393641352654 -0.03303742781281471
v 0.021523980423808094 -0.018734393641352654 -0.03303742781281471
v 0.022828584536910054 -0.022077715024352074 -0.029279353097081184
v 0.02300058118999004 -0.02426842413842678 -0.030485453084111214
v 0.021523980423808094 -0.018734393641352654 -0.03303742781281471
v 0.02300058118999004 -0.02426842413842678 -0.030485453084111214
v 0.02193345688283443 -0.020536137744784355 -0.034489456564188004
v 0.02193345688283443 -0.020536137744784355 -0.034489456564188004
v 0.02300058118999004 -0.02426842413842678 -0.030485453084111214
v 0.022977104410529133 -0.02636980079114437 -0.03178012743592262
v 0.02193345688283443 -0.020536137744784355 -0.034489456564188004
v 0.022977104410529133 -0.02636980079114437 -0.03178012743592262
v 0.022172672674059864 -0.022270021960139275 -0.036078277975320816
v 0.022172672674059864 -0.022270021960139275 -0.036078277975320816
v 0.022977104410529133 -0.02636980079114437 -0.03178012743592262
v 0.022825440391898152 -0.02847764827311039 -0.0325360931456089
v 0.022172672674059864 -0.022270021960139275 -0.036078277975320816
v 0.022825440391898152 -0.02847764827311039 -0.0325360931456089
v 0.02222124300897121 -0.02392994798719883 -0.037889543920755386
v 0.02222124300897121 -0.02392994798719883 -0.037889543920755386
v 0.022825440391898152 -0.02847764827311039 -0.0325360931456089
v 0.022570556029677388 -0.027738472446799278 -0.034279946237802505
v 0.02222124300897121 -0.02392994798719883 -0.037889543920755386
v 0.022570556029677388 -0.027738472446799278 -0.034279946237802505
v 0.022335289046168324 -0.0269369687885046 -0.036289457231760025
v 0.002619436010718345 0.0034359979908913374 -0.02839118428528309
v 0.0037182178348302837 0.002079698024317622 -0.028281928971409798
v 0.0012785251019522546 0.0013401310425251722 -0.028473498299717903
v 0.0012785251019522546 0.0013401310425251722 -0.028473498299717903
v 0.0037182178348302837 0.002079698024317622 -0.028281928971409798
v 0.003786837682127952 0.00016942502406891435 -0.02841121144592762
v 0.0012785251019522546 0.0013401310425251722 -0.028473498299717903
v 0.003786837682127952 0.00016942502406891435 -0.02841121144592762
v 0.0013884956715628503 -0.0005398590583354235 -0.0286101121455431
v 0.0013884956715628503 -0.0005398590583354235 -0.0286101121455431
v 0.003786837682127952 0.00016942502406891435 -0.02841121144592762
v 0.003982460126280784 -0.0015459482092410326 -0.028828265145421028
v 0.0013884956715628503 -0.0005398590583354235 -0.0286101121455431
v 0.003982460126280784 -0.0015459482092410326 -0.028828265145421028
v 0.0016350353835150597 -0.002182902069762349 -0.029175879433751106
v 0.003928823396563529 -0.0054682656191289425 -0.034162286669015884
v 0.0009855682728812096 -0.005295561160892248 -0.03340733423829079
v 0.0031736176460981365 -0.005106770899146795 -0.0325927771627903
v 0.0031736176460981365 -0.005106770899146795 -0.0325927771627903
v 0.0009855682728812096 -0.005295561160892248 -0.03340733423829079
v 0.0002721379569265991 -0.004773022141307592 -0.03182930126786232
v 0.0031736176460981365 -0.005106770899146795 -0.0325927771627903
v 0.0002721379569265991 -0.004773022141307592 -0.03182930126786232
v 0.002533270046114921 -0.004438889678567648 -0.03119039721786976
v 0.002533270046114921 -0.004438889678567648 -0.03119039721786976
v 0.0002721379569265991 -0.004773022141307592 -0.03182930126786232
v 5.419385047389368e-07 -0.004292489495128393 -0.031026961281895638
v 0.002533270046114921 -0.004438889678567648 -0.03119039721786976
v 5.419385047389368e-07 -0.004292489495128393 -0.031026961281895638
v 0.0020175855606794353 -0.0034656089264899492 -0.030053677037358284
v 0.0020175855606794353 -0.0034656089264899492 -0.030053677037358284
v 5.419385047389368e-07 -0.004292489495128393 -0.031026961281895638
v 6.984006972743372e-07 -0.003864762606099248 -0.030491651967167854
v 0.0020175855606794353 -0.0034656089264899492 -0.030053677037358284
v 6.984006972743372e-07 -0.003864762606099248 -0.030491651967167854
v 8.846652121974329e-07 -0.0033951897639781237 -0.030023517087101936
v 0.00581398420035839 0.0034359979908913374 -0.027947844937443733
v 0.006088076159358024 0.002701638964936137 -0.027917804196476936
v 0.0037182178348302837 0.002079698024317622 -0.028281928971409798
v 0.0037182178348302837 0.002079698024317622 -0.028281928971409798
v 0.006088076159358024 0.002701638964936137 -0.027917804196476936
v 0.006120933219790458 0.0007798250298947096 -0.02807009406387806
v 0.0037182178348302837 0.002079698024317622 -0.028281928971409798
v 0.006120933219790458 0.0007798250298947096 -0.02807009406387806
v 0.003786837682127952 0.00016942502406891435 -0.02841121144592762
v 0.003786837682127952 0.00016942502406891435 -0.02841121144592762
v 0.006120933219790458 0.0007798250298947096 -0.02807009406387806
v 0.006270168349146842 -0.0009739820379763842 -0.02842480130493641
v 0.003786837682127952 0.00016942502406891435 -0.02841121144592762
v 0.006270168349146842 -0.0009739820379763842 -0.02842480130493641
v 0.003982460126280784 -0.0015459482092410326 -0.028828265145421028
v 0.003982460126280784 -0.0015459482092410326 -0.028828265145421028
v 0.006270168349146842 -0.0009739820379763842 -0.02842480130493641
v 0.006536884233355521 -0.0024878953117877245 -0.0290337223559618
v 0.003982460126280784 -0.0015459482092410326 -0.028828265145421028
v 0.006536884233355521 -0.0024878953117877245 -0.0290337223559618
v 0.0016350353835150597 -0.002182902069762349 -0.029175879433751106
v 1.2944470881848245e-06 -0.004360088612884283 -0.04293352738022804
v 1.0187756060986428e-06 -0.004957364406436682 -0.04083806648850441
v 0.003141103312373161 -0.005002123769372702 -0.04092032089829445
v 0.003141103312373161 -0.005002123769372702 -0.04092032089829445
v 1.0187756060986428e-06 -0.004957364406436682 -0.04083806648850441
v 0.001888042199425399 -0.0052130273543298244 -0.03946036472916603
v 0.003141103312373161 -0.005002123769372702 -0.04092032089829445
v 0.001888042199425399 -0.0052130273543298244 -0.03946036472916603
v 0.0049705859273672095 -0.005341378506273031 -0.039854053407907486
v 0.0049705859273672095 -0.005341378506273031 -0.039854053407907486
v 0.001888042199425399 -0.0052130273543298244 -0.03946036472916603
v 0.003827838227152824 -0.005434179212898016 -0.03843748942017555
v 0.0049705859273672095 -0.005341378506273031 -0.039854053407907486
v 0.003827838227152824 -0.005434179212898016 -0.03843748942017555
v 0.006773596629500388 -0.0057562305592000484 -0.038637761026620865
v 0.006773596629500388 -0.0057562305592000484 -0.038637761026620865
v 0.003827838227152824 -0.005434179212898016 -0.03843748942017555
v 0.005741095170378684 -0.0057294643484056 -0.0372626818716526
v 0.006773596629500388 -0.0057562305592000484 -0.038637761026620865
v 0.005741095170378684 -0.0057294643484056 -0.0372626818716526
v 0.008534414693713186 -0.006229092832654715 -0.0373234786093235
v 0.002533270046114921 -0.004438889678567648 -0.03119039721786976
v 0.005318773910403251 -0.004901455249637365 -0.03177786245942116
v 0.0031736176460981365 -0.005106770899146795 -0.0325927771627903
v 0.0031736176460981365 -0.005106770899146795 -0.0325927771627903
v 0.005318773910403251 -0.004901455249637365 -0.03177786245942116
v 0.005990697070956229 -0.005458862986415625 -0.03316367045044899
v 0.0031736176460981365 -0.005106770899146795 -0.0325927771627903
v 0.005990697070956229 -0.005458862986415625 -0.03316367045044899
v 0.003928823396563529 -0.0054682656191289425 -0.034162286669015884
v 0.003928823396563529 -0.0054682656191289425 -0.034162286669015884
v 0.005990697070956229 -0.005458862986415625 -0.03316367045044899
v 0.0047884713858366 -0.005643536802381277 -0.035753849893808365
v 0.003928823396563529 -0.0054682656191289425 -0.034162286669015884
v 0.0047884713858366 -0.005643536802381277 -0.035753849893808365
v 1.0634790896801858e-06 -0.005394862499088049 -0.03590459004044533
v 1.0634790896801858e-06 -0.005394862499088049 -0.03590459004044533
v 0.0047884713858366 -0.005643536802381277 -0.035753849893808365
v 0.002774408087134361 -0.005463091190904379 -0.03684914484620094
v 1.0634790896801858e-06 -0.005394862499088049 -0.03590459004044533
v 0.002774408087134361 -0.005463091190904379 -0.03684914484620094
v 1.0858308314709573e-06 -0.0053857057355344296 -0.03648156300187111
v 1.0858308314709573e-06 -0.0053857057355344296 -0.03648156300187111
v 0.002774408087134361 -0.005463091190904379 -0.03684914484620094
v 0.0007330457447096704 -0.005340417381376028 -0.0378037728369236
v 1.0858308314709573e-06 -0.0053857057355344296 -0.03648156300187111
v 0.0007330457447096704 -0.005340417381376028 -0.0378037728369236
v 8.697640510035852e-07 -0.005316400434821844 -0.038108114153146744
v 1.0187756060986428e-06 -0.004957364406436682 -0.04083806648850441
v 7.803570838404993e-07 -0.005283390637487173 -0.038538817316293716
v 0.001888042199425399 -0.0052130273543298244 -0.03946036472916603
v 0.001888042199425399 -0.0052130273543298244 -0.03946036472916603
v 7.803570838404993e-07 -0.005283390637487173 -0.038538817316293716
v 0.0007330457447096704 -0.005340417381376028 -0.0378037728369236
v 0.001888042199425399 -0.0052130273543298244 -0.03946036472916603
v 0.0007330457447096704 -0.005340417381376028 -0.0378037728369236
v 0.003827838227152824 -0.005434179212898016 -0.03843748942017555
v 0.003827838227152824 -0.005434179212898016 -0.03843748942017555
v 0.0007330457447096704 -0.005340417381376028 -0.0378037728369236
v 0.002774408087134361 -0.005463091190904379 -0.03684914484620094
v 0.003827838227152824 -0.005434179212898016 -0.03843748942017555
v 0.002774408087134361 -0.005463091190904379 -0.03684914484620094
v 0.005741095170378684 -0.0057294643484056 -0.0372626818716526
v 0.005741095170378684 -0.0057294643484056 -0.0372626818716526
v 0.002774408087134361 -0.005463091190904379 -0.03684914484620094
v 0.0047884713858366 -0.005643536802381277 -0.035753849893808365
v 0.005741095170378684 -0.0057294643484056 -0.0372626818716526
v 0.0047884713858366 -0.005643536802381277 -0.035753849893808365
v 0.008672891184687613 -0.005997450556606054 -0.033439282327890396
v 0.008672891184687613 -0.005997450556606054 -0.033439282327890396
v 0.0047884713858366 -0.005643536802381277 -0.035753849893808365
v 0.005990697070956229 -0.005458862986415625 -0.03316367045044899
v 0.008672891184687613 -0.005997450556606054 -0.033439282327890396
v 0.005990697070956229 -0.005458862986415625 -0.03316367045044899
v 0.007996251806616781 -0.005447113420814276 -0.032158080488443375
v 0.007996251806616781 -0.005447113420814276 -0.032158080488443375
v 0.005990697070956229 -0.005458862986415625 -0.03316367045044899
v 0.005318773910403251 -0.004901455249637365 -0.03177786245942116
v 0.007996251806616781 -0.005447113420814276 -0.032158080488443375
v 0.005318773910403251 -0.004901455249637365 -0.03177786245942116
v 0.007407819852232932 -0.004707144107669592 -0.030949177220463753
v 0.007407819852232932 -0.004707144107669592 -0.030949177220463753
v 0.005318773910403251 -0.004901455249637365 -0.03177786245942116
v 0.002533270046114921 -0.004438889678567648 -0.03119039721786976
v 0.012602558359503744 3.0419549148064107e-05 -0.026436271145939827
v 0.012567339465022085 0.001848789630457759 -0.026095988228917122
v 0.014495788142085074 8.67608396220021e-05 -0.025493742898106575
v 0.014495788142085074 8.67608396220021e-05 -0.025493742898106575
v 0.012567339465022085 0.001848789630457759 -0.026095988228917122
v 0.014490267261862753 0.0019242081325501204 -0.02514529414474964
v 0.014495788142085074 8.67608396220021e-05 -0.025493742898106575
v 0.014490267261862753 0.0019242081325501204 -0.02514529414474964
v 0.01628756336867809 0.001855733571574092 -0.024071039631962776
v 0.01628756336867809 0.001855733571574092 -0.024071039631962776
v 0.014490267261862753 0.0019242081325501204 -0.02514529414474964
v 0.01660480163991451 0.0034359979908913374 -0.02364725060760975
v 0.01628756336867809 0.001855733571574092 -0.024071039631962776
v 0.01660480163991451 0.0034359979908913374 -0.02364725060760975
v 0.018866745755076405 0.0034359979908913374 -0.021895410493016243
v 0.011363437399268149 -0.004486688878387213 -0.029163779690861702
v 0.009010462090373038 -0.0034393195528537035 -0.029169978573918343
v 0.011016545817255972 -0.0032429893035441637 -0.028369249776005745
v 0.011016545817255972 -0.0032429893035441637 -0.028369249776005745
v 0.009010462090373038 -0.0034393195528537035 -0.029169978573918343
v 0.008692761883139609 -0.002087832661345601 -0.028435589745640755
v 0.011016545817255972 -0.0032429893035441637 -0.028369249776005745
v 0.008692761883139609 -0.002087832661345601 -0.028435589745640755
v 0.010758517310023306 -0.0018012758810073137 -0.027725638821721077
v 0.010758517310023306 -0.0018012758810073137 -0.027725638821721077
v 0.008692761883139609 -0.002087832661345601 -0.028435589745640755
v 0.008479198440909384 -0.0005076688248664141 -0.027904393151402473
v 0.010758517310023306 -0.0018012758810073137 -0.027725638821721077
v 0.008479198440909384 -0.0005076688248664141 -0.027904393151402473
v 0.010594030842185019 -0.00016903622599784285 -0.02724290080368519
v 0.010594030842185019 -0.00016903622599784285 -0.02724290080368519
v 0.008479198440909384 -0.0005076688248664141 -0.027904393151402473
v 0.008372096344828604 0.0012710827868431807 -0.0275688786059618
v 0.010594030842185019 -0.00016903622599784285 -0.02724290080368519
v 0.008372096344828604 0.0012710827868431807 -0.0275688786059618
v 0.010524934157729147 0.0016299511771649122 -0.026908161118626595
v 0.010524934157729147 0.0016299511771649122 -0.026908161118626595
v 0.008372096344828604 0.0012710827868431807 -0.0275688786059618
v 0.008886320516467093 0.0034359979908913374 -0.027228476479649544
v 0.010524934157729147 0.0016299511771649122 -0.026908161118626595
v 0.008886320516467093 0.0034359979908913374 -0.027228476479649544
v 0.01156688295304775 0.0034359979908913374 -0.02631974406540394
v 0.012925518676638601 -0.0031628285069018602 -0.027471007779240608
v 0.012722445651888846 -0.0016463820356875658 -0.026890696957707405
v 0.014728946611285208 -0.003209312679246068 -0.026469828560948372
v 0.014728946611285208 -0.003209312679246068 -0.026469828560948372
v 0.012722445651888846 -0.0016463820356875658 -0.026890696957707405
v 0.014575740322470663 -0.0016296517569571733 -0.0259323138743639
v 0.014728946611285208 -0.003209312679246068 -0.026469828560948372
v 0.014575740322470663 -0.0016296517569571733 -0.0259323138743639
v 0.016312284395098683 -0.001750719966366887 -0.024860085919499397
v 0.011363437399268149 -0.004486688878387213 -0.029163779690861702
v 0.006918286904692649 -0.003730376483872533 -0.029887976124882698
v 0.009010462090373038 -0.0034393195528537035 -0.029169978573918343
v 0.009010462090373038 -0.0034393195528537035 -0.029169978573918343
v 0.006918286904692649 -0.003730376483872533 -0.029887976124882698
v 0.006536884233355521 -0.0024878953117877245 -0.0290337223559618
v 0.009010462090373038 -0.0034393195528537035 -0.029169978573918343
v 0.006536884233355521 -0.0024878953117877245 -0.0290337223559618
v 0.008692761883139609 -0.002087832661345601 -0.028435589745640755
v 0.008692761883139609 -0.002087832661345601 -0.028435589745640755
v 0.006536884233355521 -0.0024878953117877245 -0.0290337223559618
v 0.006270168349146842 -0.0009739820379763842 -0.02842480130493641
v 0.008692761883139609 -0.002087832661345601 -0.028435589745640755
v 0.006270168349146842 -0.0009739820379763842 -0.02842480130493641
v 0.008479198440909384 -0.0005076688248664141 -0.027904393151402473
v 0.008479198440909384 -0.0005076688248664141 -0.027904393151402473
v 0.006270168349146842 -0.0009739820379763842 -0.02842480130493641
v 0.006120933219790458 0.0007798250298947096 -0.02807009406387806
v 0.008479198440909384 -0.0005076688248664141 -0.027904393151402473
v 0.006120933219790458 0.0007798250298947096 -0.02807009406387806
v 0.008372096344828604 0.0012710827868431807 -0.0275688786059618
v 0.008372096344828604 0.0012710827868431807 -0.0275688786059618
v 0.006120933219790458 0.0007798250298947096 -0.02807009406387806
v 0.006088076159358024 0.002701638964936137 -0.027917804196476936
v 0.008372096344828604 0.0012710827868431807 -0.0275688786059618
v 0.006088076159358024 0.002701638964936137 -0.027917804196476936
v 0.008370300754904745 0.0031971174757927656 -0.027384402230381966
v 0.008370300754904745 0.0031971174757927656 -0.027384402230381966
v 0.006088076159358024 0.002701638964936137 -0.027917804196476936
v 0.008377743884921072 0.0034359979908913374 -0.027369322255253792
v 0.008370300754904745 0.0031971174757927656 -0.027384402230381966
v 0.008377743884921072 0.0034359979908913374 -0.027369322255253792
v 0.008886320516467093 0.0034359979908913374 -0.027228476479649544
v 0.02218428067862987 0.0001709859207039699 -0.01878124661743641
v 0.022047622129321095 -0.0035666797775775194 -0.019622744992375374
v 0.02090264670550823 0.0007994200568646193 -0.020233692601323128
v 0.02090264670550823 0.0007994200568646193 -0.020233692601323128
v 0.022047622129321095 -0.0035666797775775194 -0.019622744992375374
v 0.020795358344912526 -0.0029199731070548296 -0.02105814404785633
v 0.02090264670550823 0.0007994200568646193 -0.020233692601323128
v 0.020795358344912526 -0.0029199731070548296 -0.02105814404785633
v 0.01949379406869411 0.0012917432468384504 -0.021605314686894417
v 0.01949379406869411 0.0012917432468384504 -0.021605314686894417
v 0.020795358344912526 -0.0029199731070548296 -0.02105814404785633
v 0.019422715529799458 -0.0023982052225619555 -0.022415103390812874
v 0.01949379406869411 0.0012917432468384504 -0.021605314686894417
v 0.019422715529799458 -0.0023982052225619555 -0.022415103390812874
v 0.017955748364329335 0.0016444537322968245 -0.02288741059601307
v 0.017955748364329335 0.0016444537322968245 -0.02288741059601307
v 0.019422715529799458 -0.0023982052225619555 -0.022415103390812874
v 0.017928419634699818 -0.0020071465987712145 -0.023685159161686897
v 0.017955748364329335 0.0016444537322968245 -0.02288741059601307
v 0.017928419634699818 -0.0020071465987712145 -0.023685159161686897
v 0.01628756336867809 0.001855733571574092 -0.024071039631962776
v 0.01628756336867809 0.001855733571574092 -0.024071039631962776
v 0.017928419634699818 -0.0020071465987712145 -0.023685159161686897
v 0.016312284395098683 -0.001750719966366887 -0.024860085919499397
v 0.01628756336867809 0.001855733571574092 -0.024071039631962776
v 0.016312284395098683 -0.001750719966366887 -0.024860085919499397
v 0.014495788142085074 8.67608396220021e-05 -0.025493742898106575
v 0.014495788142085074 8.67608396220021e-05 -0.025493742898106575
v 0.016312284395098683 -0.001750719966366887 -0.024860085919499397
v 0.014575740322470663 -0.0016296517569571733 -0.0259323138743639
v 0.014495788142085074 8.67608396220021e-05 -0.025493742898106575
v 0.014575740322470663 -0.0016296517569571733 -0.0259323138743639
v 0.012602558359503744 3.0419549148064107e-05 -0.026436271145939827
v 0.012602558359503744 3.0419549148064107e-05 -0.026436271145939827
v 0.014575740322470663 -0.0016296517569571733 -0.0259323138743639
v 0.012722445651888846 -0.0016463820356875658 -0.026890696957707405
v 8.846652121974329e-07 -0.0033951897639781237 -0.030023517087101936
v 0.0016350353835150597 -0.002182902069762349 -0.029175879433751106
v 0.0020175855606794353 -0.0034656089264899492 -0.030053677037358284
v 0.0020175855606794353 -0.0034656089264899492 -0.030053677037358284
v 0.0016350353835150597 -0.002182902069762349 -0.029175879433751106
v 0.006536884233355521 -0.0024878953117877245 -0.0290337223559618
v 0.0020175855606794353 -0.0034656089264899492 -0.030053677037358284
v 0.006536884233355521 -0.0024878953117877245 -0.0290337223559618
v 0.002533270046114921 -0.004438889678567648 -0.03119039721786976
v 0.002533270046114921 -0.004438889678567648 -0.03119039721786976
v 0.006536884233355521 -0.0024878953117877245 -0.0290337223559618
v 0.006918286904692649 -0.003730376483872533 -0.029887976124882698
v 0.002533270046114921 -0.004438889678567648 -0.03119039721786976
v 0.006918286904692649 -0.003730376483872533 -0.029887976124882698
v 0.007407819852232932 -0.004707144107669592 -0.030949177220463753
v 0.007407819852232932 -0.004707144107669592 -0.030949177220463753
v 0.006918286904692649 -0.003730376483872533 -0.029887976124882698
v 0.011363437399268149 -0.004486688878387213 -0.029163779690861702
v 0.007407819852232932 -0.004707144107669592 -0.030949177220463753
v 0.011363437399268149 -0.004486688878387213 -0.029163779690861702
v 0.007996251806616781 -0.005447113420814276 -0.032158080488443375
v 0.007996251806616781 -0.005447113420814276 -0.032158080488443375
v 0.011363437399268149 -0.004486688878387213 -0.029163779690861702
v 0.011792121455073355 -0.005542544182389975 -0.03007894940674305
v 0.007996251806616781 -0.005447113420814276 -0.032158080488443375
v 0.011792121455073355 -0.005542544182389975 -0.03007894940674305
v 0.008672891184687613 -0.005997450556606054 -0.033439282327890396
v 0.012857114896178244 -0.007195913698524237 -0.03210991993546486
v 0.013470990583300589 -0.007856146432459354 -0.033150557428598404
v 0.009425936266779898 -0.0064127459190785885 -0.03472185507416725
v 0.009425936266779898 -0.0064127459190785885 -0.03472185507416725
v 0.013470990583300589 -0.007856146432459354 -0.033150557428598404
v 0.011889753863215445 -0.007281099911779165 -0.034561339765787125
v 0.009425936266779898 -0.0064127459190785885 -0.03472185507416725
v 0.011889753863215445 -0.007281099911779165 -0.034561339765787125
v 0.010242259129881857 -0.006739345844835043 -0.03595638647675514
v 0.01558580808341503 -0.007112098392099142 -0.028608860448002815
v 0.01524006389081478 -0.005943720694631338 -0.02782309241592884
v 0.017094736918807026 -0.007572417613118887 -0.027314187958836555
v 0.009425936266779898 -0.0064127459190785885 -0.03472185507416725
v 0.012293545529246329 -0.006435254123061895 -0.031074585393071175
v 0.012857114896178244 -0.007195913698524237 -0.03210991993546486
v 0.012857114896178244 -0.007195913698524237 -0.03210991993546486
v 0.012293545529246329 -0.006435254123061895 -0.031074585393071175
v 0.01558580808341503 -0.007112098392099142 -0.028608860448002815
v 0.012857114896178244 -0.007195913698524237 -0.03210991993546486
v 0.01558580808341503 -0.007112098392099142 -0.028608860448002815
v 0.015981016680598256 -0.008168009109795094 -0.02943909354507923
v 0.015981016680598256 -0.008168009109795094 -0.02943909354507923
v 0.01558580808341503 -0.007112098392099142 -0.028608860448002815
v 0.017094736918807026 -0.007572417613118887 -0.027314187958836555
v 0.016590623185038563 -0.004898478742688894 -0.02595132775604725
v 0.018119668588042256 -0.005269126500934362 -0.024717094376683235
v 0.018507396802306172 -0.008122020401060581 -0.025970282033085823
v 0.018507396802306172 -0.008122020401060581 -0.025970282033085823
v 0.018119668588042256 -0.005269126500934362 -0.024717094376683235
v 0.019537618383765217 -0.005755261983722448 -0.023407163098454475
v 0.018507396802306172 -0.008122020401060581 -0.025970282033085823
v 0.019537618383765217 -0.005755261983722448 -0.023407163098454475
v 0.021036958321928974 -0.009485566057264805 -0.023138346150517464
v 0.021036958321928974 -0.009485566057264805 -0.023138346150517464
v 0.019537618383765217 -0.005755261983722448 -0.023407163098454475
v 0.020844137296080586 -0.006353640463203192 -0.022026481106877327
v 0.021036958321928974 -0.009485566057264805 -0.023138346150517464
v 0.020844137296080586 -0.006353640463203192 -0.022026481106877327
v 0.02203988097608089 -0.0070598251186311245 -0.02057904191315174
v 0.01320783607661724 -0.004511301871389151 -0.028173329308629036
v 0.014952136203646658 -0.004646280314773321 -0.027103843167424202
v 0.01524006389081478 -0.005943720694631338 -0.02782309241592884
v 0.01524006389081478 -0.005943720694631338 -0.02782309241592884
v 0.014952136203646658 -0.004646280314773321 -0.027103843167424202
v 0.016590623185038563 -0.004898478742688894 -0.02595132775604725
v 0.01524006389081478 -0.005943720694631338 -0.02782309241592884
v 0.016590623185038563 -0.004898478742688894 -0.02595132775604725
v 0.017094736918807026 -0.007572417613118887 -0.027314187958836555
v 0.017094736918807026 -0.007572417613118887 -0.027314187958836555
v 0.016590623185038563 -0.004898478742688894 -0.02595132775604725
v 0.018507396802306172 -0.008122020401060581 -0.025970282033085823
v 0.017094736918807026 -0.007572417613118887 -0.027314187958836555
v 0.018507396802306172 -0.008122020401060581 -0.025970282033085823
v 0.015981016680598256 -0.008168009109795094 -0.02943909354507923
v 0.015981016680598256 -0.008168009109795094 -0.02943909354507923
v 0.018507396802306172 -0.008122020401060581 -0.025970282033085823
v 0.016416212543845173 -0.009131249971687794 -0.030292274430394173
v 0.015981016680598256 -0.008168009109795094 -0.02943909354507923
v 0.016416212543845173 -0.009131249971687794 -0.030292274430394173
v 0.012857114896178244 -0.007195913698524237 -0.03210991993546486
v 0.012857114896178244 -0.007195913698524237 -0.03210991993546486
v 0.016416212543845173 -0.009131249971687794 -0.030292274430394173
v 0.014981133863329886 -0.008470316417515278 -0.03172803297638893
v 0.012857114896178244 -0.007195913698524237 -0.03210991993546486
v 0.014981133863329886 -0.008470316417515278 -0.03172803297638893
v 0.013470990583300589 -0.007856146432459354 -0.033150557428598404
v 0.022047622129321095 -0.0035666797775775194 -0.019622744992375374
v 0.02203988097608089 -0.0070598251186311245 -0.02057904191315174
v 0.020795358344912526 -0.0029199731070548296 -0.02105814404785633
v 0.020795358344912526 -0.0029199731070548296 -0.02105814404785633
v 0.02203988097608089 -0.0070598251186311245 -0.02057904191315174
v 0.020844137296080586 -0.006353640463203192 -0.022026481106877327
v 0.020795358344912526 -0.0029199731070548296 -0.02105814404785633
v 0.020844137296080586 -0.006353640463203192 -0.022026481106877327
v 0.019422715529799458 -0.0023982052225619555 -0.022415103390812874
v 0.019422715529799458 -0.0023982052225619555 -0.022415103390812874
v 0.020844137296080586 -0.006353640463203192 -0.022026481106877327
v 0.019537618383765217 -0.005755261983722448 -0.023407163098454475
v 0.019422715529799458 -0.0023982052225619555 -0.022415103390812874
v 0.019537618383765217 -0.005755261983722448 -0.023407163098454475
v 0.017928419634699818 -0.0020071465987712145 -0.023685159161686897
v 0.017928419634699818 -0.0020071465987712145 -0.023685159161686897
v 0.019537618383765217 -0.005755261983722448 -0.023407163098454475
v 0.018119668588042256 -0.005269126500934362 -0.024717094376683235
v 0.017928419634699818 -0.0020071465987712145 -0.023685159161686897
v 0.018119668588042256 -0.005269126500934362 -0.024717094376683235
v 0.016312284395098683 -0.001750719966366887 -0.024860085919499397
v 0.016312284395098683 -0.001750719966366887 -0.024860085919499397
v 0.018119668588042256 -0.005269126500934362 -0.024717094376683235
v 0.016590623185038563 -0.004898478742688894 -0.02595132775604725
v 0.016312284395098683 -0.001750719966366887 -0.024860085919499397
v 0.016590623185038563 -0.004898478742688894 -0.02595132775604725
v 0.014728946611285208 -0.003209312679246068 -0.026469828560948372
v 0.014728946611285208 -0.003209312679246068 -0.026469828560948372
v 0.016590623185038563 -0.004898478742688894 -0.02595132775604725
v 0.014952136203646658 -0.004646280314773321 -0.027103843167424202
v 0.014728946611285208 -0.003209312679246068 -0.026469828560948372
v 0.014952136203646658 -0.004646280314773321 -0.027103843167424202
v 0.012925518676638601 -0.0031628285069018602 -0.027471007779240608
v 0.012925518676638601 -0.0031628285069018602 -0.027471007779240608
v 0.014952136203646658 -0.004646280314773321 -0.027103843167424202
v 0.01320783607661724 -0.004511301871389151 -0.028173329308629036
v 0.01156688295304775 0.0034359979908913374 -0.02631974406540394
v 0.012567339465022085 0.001848789630457759 -0.026095988228917122
v 0.010524934157729147 0.0016299511771649122 -0.026908161118626595
v 0.010524934157729147 0.0016299511771649122 -0.026908161118626595
v 0.012567339465022085 0.001848789630457759 -0.026095988228917122
v 0.012602558359503744 3.0419549148064107e-05 -0.026436271145939827
v 0.010524934157729147 0.0016299511771649122 -0.026908161118626595
v 0.012602558359503744 3.0419549148064107e-05 -0.026436271145939827
v 0.010594030842185019 -0.00016903622599784285 -0.02724290080368519
v 0.010594030842185019 -0.00016903622599784285 -0.02724290080368519
v 0.012602558359503744 3.0419549148064107e-05 -0.026436271145939827
v 0.012722445651888846 -0.0016463820356875658 -0.026890696957707405
v 0.010594030842185019 -0.00016903622599784285 -0.02724290080368519
v 0.012722445651888846 -0.0016463820356875658 -0.026890696957707405
v 0.010758517310023306 -0.0018012758810073137 -0.027725638821721077
v 0.010758517310023306 -0.0018012758810073137 -0.027725638821721077
v 0.012722445651888846 -0.0016463820356875658 -0.026890696957707405
v 0.012925518676638601 -0.0031628285069018602 -0.027471007779240608
v 0.010758517310023306 -0.0018012758810073137 -0.027725638821721077
v 0.012925518676638601 -0.0031628285069018602 -0.027471007779240608
v 0.011016545817255972 -0.0032429893035441637 -0.028369249776005745
v 0.011016545817255972 -0.0032429893035441637 -0.028369249776005745
v 0.012925518676638601 -0.0031628285069018602 -0.027471007779240608
v 0.01320783607661724 -0.004511301871389151 -0.028173329308629036
v 0.011016545817255972 -0.0032429893035441637 -0.028369249776005745
v 0.01320783607661724 -0.004511301871389151 -0.028173329308629036
v 0.011363437399268149 -0.004486688878387213 -0.029163779690861702
v 0.011363437399268149 -0.004486688878387213 -0.029163779690861702
v 0.01320783607661724 -0.004511301871389151 -0.028173329308629036
v 0.01524006389081478 -0.005943720694631338 -0.02782309241592884
v 0.011363437399268149 -0.004486688878387213 -0.029163779690861702
v 0.01524006389081478 -0.005943720694631338 -0.02782309241592884
v 0.011792121455073355 -0.005542544182389975 -0.03007894940674305
v 0.011792121455073355 -0.005542544182389975 -0.03007894940674305
v 0.01524006389081478 -0.005943720694631338 -0.02782309241592884
v 0.012293545529246329 -0.006435254123061895 -0.031074585393071175
v 0.011792121455073355 -0.005542544182389975 -0.03007894940674305
v 0.012293545529246329 -0.006435254123061895 -0.031074585393071175
v 0.008672891184687613 -0.005997450556606054 -0.033439282327890396
v 0.008672891184687613 -0.005997450556606054 -0.033439282327890396
v 0.012293545529246329 -0.006435254123061895 -0.031074585393071175
v 0.009425936266779898 -0.0064127459190785885 -0.03472185507416725
v 0.008672891184687613 -0.005997450556606054 -0.033439282327890396
v 0.009425936266779898 -0.0064127459190785885 -0.03472185507416725
v 0.005741095170378684 -0.0057294643484056 -0.0372626818716526
v 0.005741095170378684 -0.0057294643484056 -0.0372626818716526
v 0.009425936266779898 -0.0064127459190785885 -0.03472185507416725
v 0.010242259129881857 -0.006739345844835043 -0.03595638647675514
v 0.005741095170378684 -0.0057294643484056 -0.0372626818716526
v 0.010242259129881857 -0.006739345844835043 -0.03595638647675514
v 0.008534414693713186 -0.006229092832654715 -0.0373234786093235
v 0.022871067747473713 0.0034359979908913374 -0.01750517077744007
v 0.02334113977849483 -0.0005885635036975145 -0.017255665734410286
v 0.02218428067862987 0.0001709859207039699 -0.01878124661743641
v 0.02218428067862987 0.0001709859207039699 -0.01878124661743641
v 0.02334113977849483 -0.0005885635036975145 -0.017255665734410286
v 0.023181488737463948 -0.004332700278609991 -0.018115701153874397
v 0.02218428067862987 0.0001709859207039699 -0.01878124661743641
v 0.023181488737463948 -0.004332700278609991 -0.018115701153874397
v 0.022047622129321095 -0.0035666797775775194 -0.019622744992375374
v 0.022047622129321095 -0.0035666797775775194 -0.019622744992375374
v 0.023181488737463948 -0.004332700278609991 -0.018115701153874397
v 0.023126376792788502 -0.007867877371609211 -0.019068898633122444
v 0.022047622129321095 -0.0035666797775775194 -0.019622744992375374
v 0.023126376792788502 -0.007867877371609211 -0.019068898633122444
v 0.02203988097608089 -0.0070598251186311245 -0.02057904191315174
v 0.02203988097608089 -0.0070598251186311245 -0.02057904191315174
v 0.023126376792788502 -0.007867877371609211 -0.019068898633122444
v 0.02317099831998348 -0.011181083507835865 -0.020117225125432014
v 0.02203988097608089 -0.0070598251186311245 -0.02057904191315174
v 0.02317099831998348 -0.011181083507835865 -0.020117225125432014
v 0.021036958321928974 -0.009485566057264805 -0.023138346150517464
v 0.021036958321928974 -0.009485566057264805 -0.023138346150517464
v 0.02317099831998348 -0.011181083507835865 -0.020117225125432014
v 0.021345322951674458 -0.012341712601482868 -0.0243531484156847
v 0.021036958321928974 -0.009485566057264805 -0.023138346150517464
v 0.021345322951674458 -0.012341712601482868 -0.0243531484156847
v 0.018507396802306172 -0.008122020401060581 -0.025970282033085823
v 0.018507396802306172 -0.008122020401060581 -0.025970282033085823
v 0.021345322951674458 -0.012341712601482868 -0.0243531484156847
v 0.019048234447836872 -0.010619682259857655 -0.027365924790501595
v 0.018507396802306172 -0.008122020401060581 -0.025970282033085823
v 0.019048234447836872 -0.010619682259857655 -0.027365924790501595
v 0.016416212543845173 -0.009131249971687794 -0.030292274430394173
v 0.016416212543845173 -0.009131249971687794 -0.030292274430394173
v 0.019048234447836872 -0.010619682259857655 -0.027365924790501595
v 0.01736478321254253 -0.010857575573027134 -0.03200292959809303
v 0.016416212543845173 -0.009131249971687794 -0.030292274430394173
v 0.01736478321254253 -0.010857575573027134 -0.03200292959809303
v 0.014981133863329886 -0.008470316417515278 -0.03172803297638893
v 0.014981133863329886 -0.008470316417515278 -0.03172803297638893
v 0.01736478321254253 -0.010857575573027134 -0.03200292959809303
v 0.016110813245177266 -0.00990684051066637 -0.03359121456742287
v 0.014981133863329886 -0.008470316417515278 -0.03172803297638893
v 0.016110813245177266 -0.00990684051066637 -0.03359121456742287
v 0.013470990583300589 -0.007856146432459354 -0.033150557428598404
v 0.013470990583300589 -0.007856146432459354 -0.033150557428598404
v 0.016110813245177266 -0.00990684051066637 -0.03359121456742287
v 0.014797640964388846 -0.00898673851042986 -0.035164956003427505
v 0.013470990583300589 -0.007856146432459354 -0.033150557428598404
v 0.014797640964388846 -0.00898673851042986 -0.035164956003427505
v 0.011889753863215445 -0.007281099911779165 -0.034561339765787125
v 0.011889753863215445 -0.007281099911779165 -0.034561339765787125
v 0.014797640964388846 -0.00898673851042986 -0.035164956003427505
v 0.01342787407338619 -0.00809831265360117 -0.03671211376786232
v 0.011889753863215445 -0.007281099911779165 -0.034561339765787125
v 0.01342787407338619 -0.00809831265360117 -0.03671211376786232
v 0.010242259129881857 -0.006739345844835043 -0.03595638647675514
v 0.010242259129881857 -0.006739345844835043 -0.03595638647675514
v 0.01342787407338619 -0.00809831265360117 -0.03671211376786232
v 0.012004336342215536 -0.007245560642331839 -0.0382159985601902
v 0.010242259129881857 -0.006739345844835043 -0.03595638647675514
v 0.012004336342215536 -0.007245560642331839 -0.0382159985601902
v 0.008534414693713186 -0.006229092832654715 -0.0373234786093235
v 0.008534414693713186 -0.006229092832654715 -0.0373234786093235
v 0.012004336342215536 -0.007245560642331839 -0.0382159985601902
v 0.010530455037951468 -0.006436766590923071 -0.03965485468506813
v 0.008534414693713186 -0.006229092832654715 -0.0373234786093235
v 0.010530455037951468 -0.006436766590923071 -0.03965485468506813
v 0.006773596629500388 -0.0057562305592000484 -0.038637761026620865
v 0.006773596629500388 -0.0057562305592000484 -0.038637761026620865
v 0.010530455037951468 -0.006436766590923071 -0.03965485468506813
v 0.009010834619402884 -0.0056846304796636105 -0.041001979261636734
v 0.006773596629500388 -0.0057562305592000484 -0.038637761026620865
v 0.009010834619402884 -0.0056846304796636105 -0.041001979261636734
v 0.0049705859273672095 -0.005341378506273031 -0.039854053407907486
v 0.0049705859273672095 -0.005341378506273031 -0.039854053407907486
v 0.009010834619402884 -0.0056846304796636105 -0.041001979261636734
v 0.00745352916419506 -0.004998562391847372 -0.042232695966959
v 0.0049705859273672095 -0.005341378506273031 -0.039854053407907486
v 0.00745352916419506 -0.004998562391847372 -0.042232695966959
v 0.0044763442128896705 -0.004718014504760504 -0.04219562187790871
v 0.0044763442128896705 -0.004718014504760504 -0.04219562187790871
v 0.00745352916419506 -0.004998562391847372 -0.042232695966959
v 0.005870645865797996 -0.004376785364001989 -0.043335143476724625
v 0.0044763442128896705 -0.004718014504760504 -0.04219562187790871
v 0.005870645865797996 -0.004376785364001989 -0.043335143476724625
v 0.004277078434824943 -0.0038024906534701586 -0.04432160034775734
v 0.004277078434824943 -0.0038024906534701586 -0.04432160034775734
v 0.005870645865797996 -0.004376785364001989 -0.043335143476724625
v 0.00872189365327358 -0.0035950106102973223 -0.04545730724930763
v 0.004277078434824943 -0.0038024906534701586 -0.04432160034775734
v 0.00872189365327358 -0.0035950106102973223 -0.04545730724930763
v 0.007385602220892905 -0.002657988341525197 -0.04651856794953346
v 0.007385602220892905 -0.002657988341525197 -0.04651856794953346
v 0.00872189365327358 -0.0035950106102973223 -0.04545730724930763
v 0.008645398542284964 -0.0028284501750022173 -0.04657060280442238
v 0.007385602220892905 -0.002657988341525197 -0.04651856794953346
v 0.008645398542284964 -0.0028284501750022173 -0.04657060280442238
v 0.0064544063061475745 -0.002404135884717107 -0.046705905348062515
v 0.005459813401103019 -0.05366756394505501 0.0021885011810809374
v 0.007042525336146354 -0.05348508805036545 0.0001654599473113194
v 0.010766638442873953 -0.05278037115931511 0.003828284563496709
v 0.027431098744273182 -0.039400000125169754 0.007736024912446737
v 0.027055053040385243 -0.039400000125169754 0.008962986059486866
v 0.02690562419593334 -0.04147966206073761 0.008843419142067432
v 0.026052987203001973 -0.039400000125169754 0.011556384153664112
v 0.026033265516161915 -0.04015808179974556 0.01154619175940752
v 0.02696946822106838 -0.039400000125169754 0.009217319078743458
v 0.025135880336165425 -0.039400000125169754 0.013434824533760548
v 0.02485210262238979 -0.039400000125169754 0.013952729292213917
v 0.02479819022119045 -0.04068819433450699 0.013916847296059132
v 0.002174099907279014 -0.039400000125169754 0.02841704897582531
v 0.0030924510210752483 -0.03995596989989281 0.02831476740539074
v 0.003112232312560081 -0.039400000125169754 0.028329668566584587
v 0.0013806576607748864 -0.040233977138996124 0.028421221300959587
v 1.1230839618292519e-06 -0.039400000125169754 0.02850007824599743
v 1.5254153140631386e-06 -0.04084381088614464 0.02833235077559948
v 1.0113252528753944e-06 -0.05187024176120758 0.014488992281258106
v 0.0025892015546560283 -0.05076524615287781 0.017224131152033806
v 1.1379851230230995e-06 -0.05062282085418701 0.017618177458643913
v 0.0027161519974470134 -0.04179408773779869 0.02796912007033825
v 1.5254153140631386e-06 -0.04084381088614464 0.02833235077559948
v 1.3987554439154335e-06 -0.04207444563508034 0.027922092005610466
v 0.008913947269320486 -0.0411398783326149 0.02690940909087658
v 0.006222574040293693 -0.039400000125169754 0.02781265787780285
v 0.006187697872519492 -0.0401788204908371 0.027788935229182243
v 0.006187697872519492 -0.0401788204908371 0.027788935229182243
v 0.006222574040293693 -0.039400000125169754 0.02781265787780285
v 0.0061089377850294104 -0.039400000125169754 0.027837811037898064
v 0.006187697872519492 -0.0401788204908371 0.027788935229182243
v 0.0061089377850294104 -0.039400000125169754 0.027837811037898064
v 0.004703728482127189 -0.03957744315266609 0.02810787968337536
v 0.004703728482127189 -0.03957744315266609 0.02810787968337536
v 0.0061089377850294104 -0.039400000125169754 0.027837811037898064
v 0.004705486819148063 -0.039400000125169754 0.028109071776270866
v 0.004703728482127189 -0.03957744315266609 0.02810787968337536
v 0.004705486819148063 -0.039400000125169754 0.028109071776270866
v 0.004556035622954368 -0.039400000125169754 0.028133688494563103
v 0.01405472122132778 -0.039400000125169754 0.02479409985244274
v 0.011932929977774618 -0.039400000125169754 0.025882063433527946
v 0.011642916128039358 -0.03988924250006676 0.026001987978816032
v 0.011642916128039358 -0.03988924250006676 0.026001987978816032
v 0.011932929977774618 -0.039400000125169754 0.025882063433527946
v 0.01165562681853771 -0.039400000125169754 0.026008127257227898
v 0.011642916128039358 -0.03988924250006676 0.026001987978816032
v 0.01165562681853771 -0.039400000125169754 0.026008127257227898
v 0.01036546193063259 -0.039400000125169754 0.02654862217605114
v 0.011642916128039358 -0.03988924250006676 0.026001987978816032
v 0.014008237048983572 -0.040489379316568375 0.024761555716395378
v 0.01405472122132778 -0.039400000125169754 0.02479409985244274
v 0.01405472122132778 -0.039400000125169754 0.02479409985244274
v 0.014008237048983572 -0.040489379316568375 0.024761555716395378
v 0.016191182658076283 -0.04090713709592819 0.02333873324096203
v 0.01405472122132778 -0.039400000125169754 0.02479409985244274
v 0.016191182658076283 -0.04090713709592819 0.02333873324096203
v 0.017202464863657948 -0.039400000125169754 0.022723613306879997
v 0.021672694012522694 -0.039400000125169754 0.018509266898036003
v 0.020198037847876545 -0.039400000125169754 0.02010810188949108
v 0.020085265859961506 -0.04127083718776703 0.020021257922053337
v 0.020085265859961506 -0.04127083718776703 0.020021257922053337
v 0.020198037847876545 -0.039400000125169754 0.02010810188949108
v 0.017202464863657948 -0.039400000125169754 0.022723613306879997
v 0.020085265859961506 -0.04127083718776703 0.020021257922053337
v 0.017202464863657948 -0.039400000125169754 0.022723613306879997
v 0.018213426694273945 -0.04116418585181236 0.02175515703856945
v 0.018213426694273945 -0.04116418585181236 0.02175515703856945
v 0.017202464863657948 -0.039400000125169754 0.022723613306879997
v 0.016191182658076283 -0.04090713709592819 0.02333873324096203
v 0.027830434963107106 -0.039400000125169754 0.00614648824557662
v 0.02778026275336742 -0.0405891127884388 0.006112275179475546
v 0.02830046974122524 -0.039400000125169754 0.0033759449142962694
v 0.02830046974122524 -0.039400000125169754 0.0033759449142962694
v 0.02778026275336742 -0.0405891127884388 0.006112275179475546
v 0.028293935582041737 -0.04044480621814728 0.0030355427879840136
v 0.02830046974122524 -0.039400000125169754 0.0033759449142962694
v 0.028293935582041737 -0.04044480621814728 0.0030355427879840136
v 0.028335986658930775 -0.039400000125169754 0.003063556971028447
v 0.028335986658930775 -0.039400000125169754 0.003063556971028447
v 0.028293935582041737 -0.04044480621814728 0.0030355427879840136
v 0.028451694175601002 -0.039400000125169754 0.0016778085846453905
v 0.028420945629477497 -0.04068760201334953 3.550769349658367e-07
v 0.027955552563071247 -0.04232083261013031 0.0027278040070086718
v 0.0282947476953268 -0.04143422469496727 4.146815797412273e-07
v 0.0282947476953268 -0.04143422469496727 4.146815797412273e-07
v 0.027955552563071247 -0.04232083261013031 0.0027278040070086718
v 0.027670977637171742 -0.043143466114997864 0.0024585698265582323
v 0.0282947476953268 -0.04143422469496727 4.146815797412273e-07
v 0.027670977637171742 -0.043143466114997864 0.0024585698265582323
v 0.028039192780852314 -0.0423848032951355 2.954722901904461e-07
v 0.024983441457152363 -0.046840280294418335 -6.215557135647032e-08
v 0.0262948777526617 -0.045490898191928864 -2.5509288015257425e-09
v 0.025963371619582173 -0.04586468264460564 0.0008122299332171679
v 0.025963371619582173 -0.04586468264460564 0.0008122299332171679
v 0.0262948777526617 -0.045490898191928864 -2.5509288015257425e-09
v 0.027351221069693562 -0.043954066932201385 -6.215557135647032e-08
v 0.021213745698332783 -0.04937243089079857 -2.5509288015257425e-09
v 0.023334009572863575 -0.048115476965904236 -6.215557135647032e-08
v 0.02252835594117641 -0.04862368479371071 0.0010442708153277636
v 0.02252835594117641 -0.04862368479371071 0.0010442708153277636
v 0.023334009572863575 -0.048115476965904236 -6.215557135647032e-08
v 0.024983441457152363 -0.046840280294418335 -6.215557135647032e-08
v 0.011955728754401205 -0.05259237810969353 -2.5509288015257425e-09
v 0.013373022899031637 -0.052250128239393234 -2.5509288015257425e-09
v 0.010766638442873953 -0.05278037115931511 0.003828284563496709
v 0.010766638442873953 -0.05278037115931511 0.003828284563496709
v 0.013373022899031637 -0.052250128239393234 -2.5509288015257425e-09
v 0.014186581596732138 -0.05203438177704811 -2.5509288015257425e-09
v 0.017100891098380085 -0.05112851783633232 -6.215557135647032e-08
v 0.018367080017924305 -0.05065641924738884 0.0005500887054949999
v 0.015594070777297018 -0.0516245998442173 -1.217602232372883e-07
v 0.015594070777297018 -0.0516245998442173 -1.217602232372883e-07
v 0.018367080017924305 -0.05065641924738884 0.0005500887054949999
v 0.017047649249434468 -0.051102180033922195 0.0028364036697894335
v 0.015594070777297018 -0.0516245998442173 -1.217602232372883e-07
v 0.017047649249434468 -0.051102180033922195 0.0028364036697894335
v 0.014186581596732138 -0.05203438177704811 -2.5509288015257425e-09
v 0.014186581596732138 -0.05203438177704811 -2.5509288015257425e-09
v 0.017047649249434468 -0.051102180033922195 0.0028364036697894335
v 0.01564156077802181 -0.05146128311753273 0.005036113318055868
v 0.014186581596732138 -0.05203438177704811 -2.5509288015257425e-09
v 0.01564156077802181 -0.05146128311753273 0.005036113318055868
v 0.010766638442873953 -0.05278037115931511 0.003828284563496709
v 0.011955728754401205 -0.05259237810969353 -2.5509288015257425e-09
v 0.010766638442873953 -0.05278037115931511 0.003828284563496709
v 0.007761096581816672 -0.05338137969374657 -2.5509288015257425e-09
v 0.007761096581816672 -0.05338137969374657 -2.5509288015257425e-09
v 0.010766638442873953 -0.05278037115931511 0.003828284563496709
v 0.007042525336146354 -0.05348508805036545 0.0001654599473113194
v 0.007761096581816672 -0.05338137969374657 -2.5509288015257425e-09
v 0.007042525336146354 -0.05348508805036545 0.0001654599473113194
v 0.0038875248283147808 -0.05383358895778656 5.705371464159725e-08
v 0.0038875248283147808 -0.05383358895778656 5.705371464159725e-08
v 0.007042525336146354 -0.05348508805036545 0.0001654599473113194
v 0.005459813401103019 -0.05366756394505501 0.0021885011810809374
v 0.0038875248283147808 -0.05383358895778656 5.705371464159725e-08
v 0.005459813401103019 -0.05366756394505501 0.0021885011810809374
v 1.1677875590976326e-06 -0.05399995297193527 -6.215557135647032e-08
v 0.003701558336615562 -0.05277605354785919 0.011186239309608936
v 6.411773938452824e-05 -0.05356743931770325 0.007610139902681112
v 0.005680663511157035 -0.05298997089266777 0.00955956894904375
v 0.005680663511157035 -0.05298997089266777 0.00955956894904375
v 6.411773938452824e-05 -0.05356743931770325 0.007610139902681112
v 0.0020061191171407695 -0.053744252771139145 0.005946335848420858
v 0.005680663511157035 -0.05298997089266777 0.00955956894904375
v 0.0020061191171407695 -0.053744252771139145 0.005946335848420858
v 0.007507232949137687 -0.05305134505033493 0.007780370768159628
v 0.007507232949137687 -0.05305134505033493 0.007780370768159628
v 0.0020061191171407695 -0.053744252771139145 0.005946335848420858
v 0.003799555823206901 -0.053772494196891785 0.004133997019380331
v 0.007507232949137687 -0.05305134505033493 0.007780370768159628
v 0.003799555823206901 -0.053772494196891785 0.004133997019380331
v 0.009190475568175314 -0.052969399839639664 0.005857882555574179
v 0.021916350349783894 -0.039400000125169754 0.018220124766230583
v 0.021672694012522694 -0.039400000125169754 0.018509266898036003
v 0.02180979214608669 -0.04123017564415932 0.018140016123652458
v 0.02180979214608669 -0.04123017564415932 0.018140016123652458
v 0.021672694012522694 -0.039400000125169754 0.018509266898036003
v 0.020085265859961506 -0.04127083718776703 0.020021257922053337
v 0.02180979214608669 -0.04123017564415932 0.018140016123652458
v 0.020085265859961506 -0.04127083718776703 0.020021257922053337
v 0.01973173581063747 -0.04313172027468681 0.019698379561305046
v 0.01973173581063747 -0.04313172027468681 0.019698379561305046
v 0.020085265859961506 -0.04127083718776703 0.020021257922053337
v 0.018213426694273945 -0.04116418585181236 0.02175515703856945
v 0.01973173581063747 -0.04313172027468681 0.019698379561305046
v 0.018213426694273945 -0.04116418585181236 0.02175515703856945
v 0.017863256856799122 -0.04302843287587166 0.021435676142573357
v 0.017863256856799122 -0.04302843287587166 0.021435676142573357
v 0.018213426694273945 -0.04116418585181236 0.02175515703856945
v 0.016191182658076283 -0.04090713709592819 0.02333873324096203
v 0.017863256856799122 -0.04302843287587166 0.021435676142573357
v 0.016191182658076283 -0.04090713709592819 0.02333873324096203
v 0.01585760526359081 -0.04278797283768654 0.023035762831568718
v 0.01585760526359081 -0.04278797283768654 0.023035762831568718
v 0.016191182658076283 -0.04090713709592819 0.02333873324096203
v 0.014008237048983572 -0.040489379316568375 0.024761555716395378
v 0.01585760526359081 -0.04278797283768654 0.023035762831568718
v 0.014008237048983572 -0.040489379316568375 0.024761555716395378
v 0.013708664104342459 -0.04240421950817108 0.024492619559168816
v 0.013708664104342459 -0.04240421950817108 0.024492619559168816
v 0.014008237048983572 -0.040489379316568375 0.024761555716395378
v 0.011642916128039358 -0.03988924250006676 0.026001987978816032
v 0.013708664104342459 -0.04240421950817108 0.024492619559168816
v 0.011642916128039358 -0.03988924250006676 0.026001987978816032
v 0.011402970179915426 -0.041863709688186646 0.02579265646636486
v 0.011402970179915426 -0.041863709688186646 0.02579265646636486
v 0.011642916128039358 -0.03988924250006676 0.026001987978816032
v 0.01036546193063259 -0.039400000125169754 0.02654862217605114
v 0.011402970179915426 -0.041863709688186646 0.02579265646636486
v 0.01036546193063259 -0.039400000125169754 0.02654862217605114
v 0.008913947269320486 -0.0411398783326149 0.02690940909087658
v 0.008913947269320486 -0.0411398783326149 0.02690940909087658
v 0.01036546193063259 -0.039400000125169754 0.02654862217605114
v 0.009052617475390433 -0.039400000125169754 0.027024446055293083
v 0.008913947269320486 -0.0411398783326149 0.02690940909087658
v 0.009052617475390433 -0.039400000125169754 0.027024446055293083
v 0.006222574040293693 -0.039400000125169754 0.02781265787780285
v 0.0005040894029662012 -0.0451180525124073 0.025833724066615105
v 1.0411275752630898e-06 -0.046295300126075745 0.024606166407465935
v 0.003144895657896995 -0.04599367082118988 0.02486872486770153
v 0.003144895657896995 -0.04599367082118988 0.02486872486770153
v 1.0411275752630898e-06 -0.046295300126075745 0.024606166407465935
v 0.0006657073972746729 -0.04794330522418022 0.02245086245238781
v 0.003144895657896995 -0.04599367082118988 0.02486872486770153
v 0.0006657073972746729 -0.04794330522418022 0.02245086245238781
v 0.005656933411955833 -0.04674052074551582 0.023775039240717888
v 0.005656933411955833 -0.04674052074551582 0.023775039240717888
v 0.0006657073972746729 -0.04794330522418022 0.02245086245238781
v 0.0031215529888868328 -0.048633962869644165 0.021300969645380974
v 0.005656933411955833 -0.04674052074551582 0.023775039240717888
v 0.0031215529888868328 -0.048633962869644165 0.021300969645380974
v 0.008041655644774435 -0.04736005514860153 0.022553978487849236
v 0.008041655644774435 -0.04736005514860153 0.022553978487849236
v 0.0031215529888868328 -0.048633962869644165 0.021300969645380974
v 0.005482880398631095 -0.049230098724365234 0.020056484267115593
v 0.008041655644774435 -0.04736005514860153 0.022553978487849236
v 0.005482880398631095 -0.049230098724365234 0.020056484267115593
v 0.010301789268851278 -0.04785499721765518 0.021208344027400017
v 0.010301789268851278 -0.04785499721765518 0.021208344027400017
v 0.005482880398631095 -0.049230098724365234 0.020056484267115593
v 0.0077385958284139625 -0.049720630049705505 0.018706439062952995
v 0.010301789268851278 -0.04785499721765518 0.021208344027400017
v 0.0077385958284139625 -0.049720630049705505 0.018706439062952995
v 0.01243758015334606 -0.04822559654712677 0.019738374277949333
v 0.01243758015334606 -0.04822559654712677 0.019738374277949333
v 0.0077385958284139625 -0.049720630049705505 0.018706439062952995
v 0.009877754375338553 -0.050094593316316605 0.01723986677825451
v 0.004556035622954368 -0.039400000125169754 0.028133688494563103
v 0.003112232312560081 -0.039400000125169754 0.028329668566584587
v 0.004703728482127189 -0.03957744315266609 0.02810787968337536
v 0.004703728482127189 -0.03957744315266609 0.02810787968337536
v 0.003112232312560081 -0.039400000125169754 0.028329668566584587
v 0.0030924510210752483 -0.03995596989989281 0.02831476740539074
v 0.004703728482127189 -0.03957744315266609 0.02810787968337536
v 0.0030924510210752483 -0.03995596989989281 0.02831476740539074
v 0.006187697872519492 -0.0401788204908371 0.027788935229182243
v 0.006187697872519492 -0.0401788204908371 0.027788935229182243
v 0.0030924510210752483 -0.03995596989989281 0.02831476740539074
v 0.006058102473616599 -0.041156429797410965 0.02767467312514782
v 0.006187697872519492 -0.0401788204908371 0.027788935229182243
v 0.006058102473616599 -0.041156429797410965 0.02767467312514782
v 0.008913947269320486 -0.0411398783326149 0.02690940909087658
v 0.0013806576607748864 -0.040233977138996124 0.028421221300959587
v 1.5254153140631386e-06 -0.04084381088614464 0.02833235077559948
v 0.002960426732897758 -0.04093115031719208 0.0281981211155653
v 0.002960426732897758 -0.04093115031719208 0.0281981211155653
v 1.5254153140631386e-06 -0.04084381088614464 0.02833235077559948
v 0.0027161519974470134 -0.04179408773779869 0.02796912007033825
v 0.002960426732897758 -0.04093115031719208 0.0281981211155653
v 0.0027161519974470134 -0.04179408773779869 0.02796912007033825
v 0.005836924538016318 -0.042042460292577744 0.02746879868209362
v 0.02005658112466335 -0.049682289361953735 0.00578403240069747
v 0.021348042413592335 -0.04920855909585953 0.0034697626251727343
v 0.022679774090647694 -0.048325877636671066 0.0047708130441606045
v 0.022679774090647694 -0.048325877636671066 0.0047708130441606045
v 0.021348042413592335 -0.04920855909585953 0.0034697626251727343
v 0.023831760510802266 -0.04771267622709274 0.002317068399861455
v 0.022679774090647694 -0.048325877636671066 0.0047708130441606045
v 0.023831760510802266 -0.04771267622709274 0.002317068399861455
v 0.02500560693442821 -0.04667210578918457 0.0034602258820086718
v 0.018694324418902394 -0.05052807554602623 -1.217602232372883e-07
v 0.021213745698332783 -0.04937243089079857 -2.5509288015257425e-09
v 0.021348042413592335 -0.04920855909585953 0.0034697626251727343
v 0.021348042413592335 -0.04920855909585953 0.0034697626251727343
v 0.021213745698332783 -0.04937243089079857 -2.5509288015257425e-09
v 0.02252835594117641 -0.04862368479371071 0.0010442708153277636
v 0.021348042413592335 -0.04920855909585953 0.0034697626251727343
v 0.02252835594117641 -0.04862368479371071 0.0010442708153277636
v 0.023831760510802266 -0.04771267622709274 0.002317068399861455
v 0.023831760510802266 -0.04771267622709274 0.002317068399861455
v 0.02252835594117641 -0.04862368479371071 0.0010442708153277636
v 0.024983441457152363 -0.046840280294418335 -6.215557135647032e-08
v 0.023831760510802266 -0.04771267622709274 0.002317068399861455
v 0.024983441457152363 -0.046840280294418335 -6.215557135647032e-08
v 0.02500560693442821 -0.04667210578918457 0.0034602258820086718
v 0.02500560693442821 -0.04667210578918457 0.0034602258820086718
v 0.024983441457152363 -0.046840280294418335 -6.215557135647032e-08
v 0.025963371619582173 -0.04586468264460564 0.0008122299332171679
v 0.02500560693442821 -0.04667210578918457 0.0034602258820086718
v 0.025963371619582173 -0.04586468264460564 0.0008122299332171679
v 0.026917820796370503 -0.04460471495985985 0.0017360423225909472
v 0.026917820796370503 -0.04460471495985985 0.0017360423225909472
v 0.025963371619582173 -0.04586468264460564 0.0008122299332171679
v 0.027351221069693562 -0.043954066932201385 -6.215557135647032e-08
v 0.026917820796370503 -0.04460471495985985 0.0017360423225909472
v 0.027351221069693562 -0.043954066932201385 -6.215557135647032e-08
v 0.027563383802771565 -0.04354904592037201 -6.215557135647032e-08
v 0.01865592412650585 -0.05004682019352913 0.007989165373146534
v 0.02005658112466335 -0.049682289361953735 0.00578403240069747
v 0.021401962265372273 -0.04881324991583824 0.007098791655153036
v 0.021401962265372273 -0.04881324991583824 0.007098791655153036
v 0.02005658112466335 -0.049682289361953735 0.00578403240069747
v 0.022679774090647694 -0.048325877636671066 0.0047708130441606045
v 0.021401962265372273 -0.04881324991583824 0.007098791655153036
v 0.022679774090647694 -0.048325877636671066 0.0047708130441606045
v 0.02388518117368221 -0.04731686785817146 0.005945560988038778
v 0.02388518117368221 -0.04731686785817146 0.005945560988038778
v 0.022679774090647694 -0.048325877636671066 0.0047708130441606045
v 0.02500560693442821 -0.04667210578918457 0.0034602258820086718
v 0.02388518117368221 -0.04731686785817146 0.005945560988038778
v 0.02500560693442821 -0.04667210578918457 0.0034602258820086718
v 0.026025755330920216 -0.04547784477472305 0.004449722822755575
v 0.026025755330920216 -0.04547784477472305 0.004449722822755575
v 0.02500560693442821 -0.04667210578918457 0.0034602258820086718
v 0.026917820796370503 -0.04460471495985985 0.0017360423225909472
v 0.026025755330920216 -0.04547784477472305 0.004449722822755575
v 0.026917820796370503 -0.04460471495985985 0.0017360423225909472
v 0.027670977637171742 -0.043143466114997864 0.0024585698265582323
v 0.027670977637171742 -0.043143466114997864 0.0024585698265582323
v 0.026917820796370503 -0.04460471495985985 0.0017360423225909472
v 0.027563383802771565 -0.04354904592037201 -6.215557135647032e-08
v 0.027670977637171742 -0.043143466114997864 0.0024585698265582323
v 0.027563383802771565 -0.04354904592037201 -6.215557135647032e-08
v 0.028039192780852314 -0.0423848032951355 2.954722901904461e-07
v 0.01551939360797405 -0.05044066905975342 0.012064156122505665
v 0.01714520715177059 -0.05030129477381706 0.010084209032356739
v 0.018491981551051136 -0.04943365231156349 0.01140033919364214
v 0.018491981551051136 -0.04943365231156349 0.01140033919364214
v 0.01714520715177059 -0.05030129477381706 0.010084209032356739
v 0.020005261525511738 -0.0491817407310009 0.009307858534157276
v 0.018491981551051136 -0.04943365231156349 0.01140033919364214
v 0.020005261525511738 -0.0491817407310009 0.009307858534157276
v 0.021233012899756428 -0.04819508269429207 0.010504958219826221
v 0.021233012899756428 -0.04819508269429207 0.010504958219826221
v 0.020005261525511738 -0.0491817407310009 0.009307858534157276
v 0.022623224183917042 -0.04782010242342949 0.008289393968880177
v 0.021233012899756428 -0.04819508269429207 0.010504958219826221
v 0.022623224183917042 -0.04782010242342949 0.008289393968880177
v 0.0237003993242979 -0.04668286442756653 0.009335932321846485
v 0.0237003993242979 -0.04668286442756653 0.009335932321846485
v 0.022623224183917042 -0.04782010242342949 0.008289393968880177
v 0.024942046031355854 -0.046159323304891586 0.006971774157136679
v 0.0237003993242979 -0.04668286442756653 0.009335932321846485
v 0.024942046031355854 -0.046159323304891586 0.006971774157136679
v 0.025820931419730183 -0.044823795557022095 0.007820007391273975
v 0.025820931419730183 -0.044823795557022095 0.007820007391273975
v 0.024942046031355854 -0.046159323304891586 0.006971774157136679
v 0.026858044788241383 -0.0440957210958004 0.005251405294984579
v 0.025820931419730183 -0.044823795557022095 0.007820007391273975
v 0.026858044788241383 -0.0440957210958004 0.005251405294984579
v 0.02745760045945644 -0.042480867356061935 0.005820272024720907
v 0.01714520715177059 -0.05030129477381706 0.010084209032356739
v 0.01865592412650585 -0.05004682019352913 0.007989165373146534
v 0.020005261525511738 -0.0491817407310009 0.009307858534157276
v 0.020005261525511738 -0.0491817407310009 0.009307858534157276
v 0.01865592412650585 -0.05004682019352913 0.007989165373146534
v 0.021401962265372273 -0.04881324991583824 0.007098791655153036
v 0.020005261525511738 -0.0491817407310009 0.009307858534157276
v 0.021401962265372273 -0.04881324991583824 0.007098791655153036
v 0.022623224183917042 -0.04782010242342949 0.008289393968880177
v 0.022623224183917042 -0.04782010242342949 0.008289393968880177
v 0.021401962265372273 -0.04881324991583824 0.007098791655153036
v 0.02388518117368221 -0.04731686785817146 0.005945560988038778
v 0.022623224183917042 -0.04782010242342949 0.008289393968880177
v 0.02388518117368221 -0.04731686785817146 0.005945560988038778
v 0.024942046031355854 -0.046159323304891586 0.006971774157136679
v 0.024942046031355854 -0.046159323304891586 0.006971774157136679
v 0.02388518117368221 -0.04731686785817146 0.005945560988038778
v 0.026025755330920216 -0.04547784477472305 0.004449722822755575
v 0.024942046031355854 -0.046159323304891586 0.006971774157136679
v 0.026025755330920216 -0.04547784477472305 0.004449722822755575
v 0.026858044788241383 -0.0440957210958004 0.005251405294984579
v 0.026858044788241383 -0.0440957210958004 0.005251405294984579
v 0.026025755330920216 -0.04547784477472305 0.004449722822755575
v 0.027670977637171742 -0.043143466114997864 0.0024585698265582323
v 0.026858044788241383 -0.0440957210958004 0.005251405294984579
v 0.027670977637171742 -0.043143466114997864 0.0024585698265582323
v 0.02745760045945644 -0.042480867356061935 0.005820272024720907
v 0.02745760045945644 -0.042480867356061935 0.005820272024720907
v 0.027670977637171742 -0.043143466114997864 0.0024585698265582323
v 0.027955552563071247 -0.04232083261013031 0.0027278040070086718
v 0.02745760045945644 -0.042480867356061935 0.005820272024720907
v 0.027955552563071247 -0.04232083261013031 0.0027278040070086718
v 0.028166254982352253 -0.041424330323934555 0.0029231880325824022
v 0.028166254982352253 -0.041424330323934555 0.0029231880325824022
v 0.027955552563071247 -0.04232083261013031 0.0027278040070086718
v 0.028420945629477497 -0.04068760201334953 3.550769349658367e-07
v 0.028166254982352253 -0.041424330323934555 0.0029231880325824022
v 0.028420945629477497 -0.04068760201334953 3.550769349658367e-07
v 0.02850118093192577 -0.039400000125169754 -2.5509288015257425e-09
v 0.013770250603556631 -0.05045671388506889 0.013920781202614307
v 0.01551939360797405 -0.05044066905975342 0.012064156122505665
v 0.01686015538871288 -0.04956701770424843 0.01337426621466875
v 0.01686015538871288 -0.04956701770424843 0.01337426621466875
v 0.01551939360797405 -0.05044066905975342 0.012064156122505665
v 0.018491981551051136 -0.04943365231156349 0.01140033919364214
v 0.01686015538871288 -0.04956701770424843 0.01337426621466875
v 0.018491981551051136 -0.04943365231156349 0.01140033919364214
v 0.019720701500773426 -0.04844795912504196 0.012598392553627491
v 0.019720701500773426 -0.04844795912504196 0.012598392553627491
v 0.018491981551051136 -0.04943365231156349 0.01140033919364214
v 0.021233012899756428 -0.04819508269429207 0.010504958219826221
v 0.019720701500773426 -0.04844795912504196 0.012598392553627491
v 0.021233012899756428 -0.04819508269429207 0.010504958219826221
v 0.02232112549245357 -0.04706878215074539 0.011562404222786427
v 0.02232112549245357 -0.04706878215074539 0.011562404222786427
v 0.021233012899756428 -0.04819508269429207 0.010504958219826221
v 0.0237003993242979 -0.04668286442756653 0.009335932321846485
v 0.02232112549245357 -0.04706878215074539 0.011562404222786427
v 0.0237003993242979 -0.04668286442756653 0.009335932321846485
v 0.024608051404356953 -0.04537610337138176 0.010212895460426807
v 0.024608051404356953 -0.04537610337138176 0.010212895460426807
v 0.0237003993242979 -0.04668286442756653 0.009335932321846485
v 0.025820931419730183 -0.044823795557022095 0.007820007391273975
v 0.024608051404356953 -0.04537610337138176 0.010212895460426807
v 0.025820931419730183 -0.044823795557022095 0.007820007391273975
v 0.026486573740839955 -0.04327502101659775 0.008455035276710987
v 0.026486573740839955 -0.04327502101659775 0.008455035276710987
v 0.025820931419730183 -0.044823795557022095 0.007820007391273975
v 0.02745760045945644 -0.042480867356061935 0.005820272024720907
v 0.026486573740839955 -0.04327502101659775 0.008455035276710987
v 0.02745760045945644 -0.042480867356061935 0.005820272024720907
v 0.02778026275336742 -0.0405891127884388 0.006112275179475546
v 0.02778026275336742 -0.0405891127884388 0.006112275179475546
v 0.02745760045945644 -0.042480867356061935 0.005820272024720907
v 0.028166254982352253 -0.041424330323934555 0.0029231880325824022
v 0.02778026275336742 -0.0405891127884388 0.006112275179475546
v 0.028166254982352253 -0.041424330323934555 0.0029231880325824022
v 0.028293935582041737 -0.04044480621814728 0.0030355427879840136
v 0.028293935582041737 -0.04044480621814728 0.0030355427879840136
v 0.028166254982352253 -0.041424330323934555 0.0029231880325824022
v 0.02850118093192577 -0.039400000125169754 -2.5509288015257425e-09
v 0.028293935582041737 -0.04044480621814728 0.0030355427879840136
v 0.02850118093192577 -0.039400000125169754 -2.5509288015257425e-09
v 0.028451694175601002 -0.039400000125169754 0.0016778085846453905
v 0.027830434963107106 -0.039400000125169754 0.00614648824557662
v 0.027431098744273182 -0.039400000125169754 0.007736024912446737
v 0.02778026275336742 -0.0405891127884388 0.006112275179475546
v 0.02778026275336742 -0.0405891127884388 0.006112275179475546
v 0.027431098744273182 -0.039400000125169754 0.007736024912446737
v 0.02690562419593334 -0.04147966206073761 0.008843419142067432
v 0.02778026275336742 -0.0405891127884388 0.006112275179475546
v 0.02690562419593334 -0.04147966206073761 0.008843419142067432
v 0.026486573740839955 -0.04327502101659775 0.008455035276710987
v 0.026486573740839955 -0.04327502101659775 0.008455035276710987
v 0.02690562419593334 -0.04147966206073761 0.008843419142067432
v 0.02531732432544231 -0.0438709631562233 0.010891553945839405
v 0.026486573740839955 -0.04327502101659775 0.008455035276710987
v 0.02531732432544231 -0.0438709631562233 0.010891553945839405
v 0.024608051404356953 -0.04537610337138176 0.010212895460426807
v 0.024608051404356953 -0.04537610337138176 0.010212895460426807
v 0.02531732432544231 -0.0438709631562233 0.010891553945839405
v 0.023246956989169117 -0.04578019678592682 0.012457606382668018
v 0.024608051404356953 -0.04537610337138176 0.010212895460426807
v 0.023246956989169117 -0.04578019678592682 0.012457606382668018
v 0.02232112549245357 -0.04706878215074539 0.011562404222786427
v 0.02232112549245357 -0.04706878215074539 0.011562404222786427
v 0.023246956989169117 -0.04578019678592682 0.012457606382668018
v 0.020814305171370503 -0.04732714965939522 0.013661381788551807
v 0.02232112549245357 -0.04706878215074539 0.011562404222786427
v 0.020814305171370503 -0.04732714965939522 0.013661381788551807
v 0.019720701500773426 -0.04844795912504196 0.012598392553627491
v 0.019720701500773426 -0.04844795912504196 0.012598392553627491
v 0.020814305171370503 -0.04732714965939522 0.013661381788551807
v 0.018087184056639668 -0.048579633235931396 0.014570650644600391
v 0.019720701500773426 -0.04844795912504196 0.012598392553627491
v 0.018087184056639668 -0.048579633235931396 0.014570650644600391
v 0.01686015538871288 -0.04956701770424843 0.01337426621466875
v 0.01686015538871288 -0.04956701770424843 0.01337426621466875
v 0.018087184056639668 -0.048579633235931396 0.014570650644600391
v 0.015104858204722403 -0.04957691207528114 0.015224752016365528
v 0.01686015538871288 -0.04956701770424843 0.01337426621466875
v 0.015104858204722403 -0.04957691207528114 0.015224752016365528
v 0.013770250603556631 -0.05045671388506889 0.013920781202614307
v 0.013770250603556631 -0.05045671388506889 0.013920781202614307
v 0.015104858204722403 -0.04957691207528114 0.015224752016365528
v 0.013221411034464834 -0.04945864900946617 0.01694708876311779
v 0.013770250603556631 -0.05045671388506889 0.013920781202614307
v 0.013221411034464834 -0.04945864900946617 0.01694708876311779
v 0.011890238150954245 -0.0503418892621994 0.015646575018763542
v 0.027055053040385243 -0.039400000125169754 0.008962986059486866
v 0.02696946822106838 -0.039400000125169754 0.009217319078743458
v 0.02690562419593334 -0.04147966206073761 0.008843419142067432
v 0.02690562419593334 -0.04147966206073761 0.008843419142067432
v 0.02696946822106838 -0.039400000125169754 0.009217319078743458
v 0.025799905881285664 -0.04213913530111313 0.011343476362526417
v 0.02690562419593334 -0.04147966206073761 0.008843419142067432
v 0.025799905881285664 -0.04213913530111313 0.011343476362526417
v 0.02531732432544231 -0.0438709631562233 0.010891553945839405
v 0.02531732432544231 -0.0438709631562233 0.010891553945839405
v 0.025799905881285664 -0.04213913530111313 0.011343476362526417
v 0.02398481778800487 -0.04430365189909935 0.013164815492928028
v 0.02531732432544231 -0.0438709631562233 0.010891553945839405
v 0.02398481778800487 -0.04430365189909935 0.013164815492928028
v 0.023246956989169117 -0.04578019678592682 0.012457606382668018
v 0.023246956989169117 -0.04578019678592682 0.012457606382668018
v 0.02398481778800487 -0.04430365189909935 0.013164815492928028
v 0.02175144664943218 -0.046049878001213074 0.014567849226295948
v 0.023246956989169117 -0.04578019678592682 0.012457606382668018
v 0.02175144664943218 -0.046049878001213074 0.014567849226295948
v 0.020814305171370503 -0.04732714965939522 0.013661381788551807
v 0.020814305171370503 -0.04732714965939522 0.013661381788551807
v 0.02175144664943218 -0.046049878001213074 0.014567849226295948
v 0.01918358169496059 -0.0474616140127182 0.01563638262450695
v 0.020814305171370503 -0.04732714965939522 0.013661381788551807
v 0.01918358169496059 -0.0474616140127182 0.01563638262450695
v 0.018087184056639668 -0.048579633235931396 0.014570650644600391
v 0.018087184056639668 -0.048579633235931396 0.014570650644600391
v 0.01918358169496059 -0.0474616140127182 0.01563638262450695
v 0.016330322250723835 -0.04858795925974846 0.016419587656855583
v 0.018087184056639668 -0.048579633235931396 0.014570650644600391
v 0.016330322250723835 -0.04858795925974846 0.016419587656855583
v 0.015104858204722403 -0.04957691207528114 0.015224752016365528
v 0.015104858204722403 -0.04957691207528114 0.015224752016365528
v 0.016330322250723835 -0.04858795925974846 0.016419587656855583
v 0.014447441324591635 -0.04847026616334915 0.01814245991408825
v 0.015104858204722403 -0.04957691207528114 0.015224752016365528
v 0.014447441324591635 -0.04847026616334915 0.01814245991408825
v 0.013221411034464834 -0.04945864900946617 0.01694708876311779
v 0.013221411034464834 -0.04945864900946617 0.01694708876311779
v 0.014447441324591635 -0.04847026616334915 0.01814245991408825
v 0.01243758015334606 -0.04822559654712677 0.019738374277949333
v 0.013221411034464834 -0.04945864900946617 0.01694708876311779
v 0.01243758015334606 -0.04822559654712677 0.019738374277949333
v 0.011890238150954245 -0.0503418892621994 0.015646575018763542
v 0.011890238150954245 -0.0503418892621994 0.015646575018763542
v 0.01243758015334606 -0.04822559654712677 0.019738374277949333
v 0.009877754375338553 -0.050094593316316605 0.01723986677825451
v 0.026052987203001973 -0.039400000125169754 0.011556384153664112
v 0.025135880336165425 -0.039400000125169754 0.013434824533760548
v 0.026033265516161915 -0.04015808179974556 0.01154619175940752
v 0.026033265516161915 -0.04015808179974556 0.01154619175940752
v 0.025135880336165425 -0.039400000125169754 0.013434824533760548
v 0.02479819022119045 -0.04068819433450699 0.013916847296059132
v 0.026033265516161915 -0.04015808179974556 0.01154619175940752
v 0.02479819022119045 -0.04068819433450699 0.013916847296059132
v 0.024509197100996968 -0.04261361062526703 0.013658520765602589
v 0.024509197100996968 -0.04261361062526703 0.013658520765602589
v 0.02479819022119045 -0.04068819433450699 0.013916847296059132
v 0.023059396073222157 -0.04292900115251541 0.015814481303095818
v 0.024509197100996968 -0.04261361062526703 0.013658520765602589
v 0.023059396073222157 -0.04292900115251541 0.015814481303095818
v 0.022507978603243824 -0.0445919968187809 0.015293714590370655
v 0.022507978603243824 -0.0445919968187809 0.015293714590370655
v 0.023059396073222157 -0.04292900115251541 0.015814481303095818
v 0.020896641537547108 -0.044745851308107376 0.017288146540522575
v 0.022507978603243824 -0.0445919968187809 0.015293714590370655
v 0.020896641537547108 -0.044745851308107376 0.017288146540522575
v 0.020128106698393818 -0.04619172587990761 0.016550300642848015
v 0.020128106698393818 -0.04619172587990761 0.016550300642848015
v 0.020896641537547108 -0.044745851308107376 0.017288146540522575
v 0.018379172310233113 -0.046207986772060394 0.018407104536890984
v 0.020128106698393818 -0.04619172587990761 0.016550300642848015
v 0.018379172310233113 -0.046207986772060394 0.018407104536890984
v 0.017429118975996968 -0.04747234657406807 0.017487702891230583
v 0.017429118975996968 -0.04747234657406807 0.017487702891230583
v 0.018379172310233113 -0.046207986772060394 0.018407104536890984
v 0.01650491915643215 -0.04609892517328262 0.02013861946761608
v 0.017429118975996968 -0.04747234657406807 0.017487702891230583
v 0.01650491915643215 -0.04609892517328262 0.02013861946761608
v 0.015549844130873678 -0.04735825955867767 0.019214211031794548
v 0.015549844130873678 -0.04735825955867767 0.019214211031794548
v 0.01650491915643215 -0.04609892517328262 0.02013861946761608
v 0.014504803344607351 -0.04586399346590042 0.02174430899322033
v 0.015549844130873678 -0.04735825955867767 0.019214211031794548
v 0.014504803344607351 -0.04586399346590042 0.02174430899322033
v 0.013545041903853415 -0.0471186488866806 0.02081519179046154
v 0.013545041903853415 -0.0471186488866806 0.02081519179046154
v 0.014504803344607351 -0.04586399346590042 0.02174430899322033
v 0.012377252802252768 -0.04550163075327873 0.023222504183650017
v 0.013545041903853415 -0.0471186488866806 0.02081519179046154
v 0.012377252802252768 -0.04550163075327873 0.023222504183650017
v 0.011414347216486929 -0.04675314202904701 0.022290227934718132
v 0.011414347216486929 -0.04675314202904701 0.022290227934718132
v 0.012377252802252768 -0.04550163075327873 0.023222504183650017
v 0.010118162259459494 -0.04500773176550865 0.024569151923060417
v 0.011414347216486929 -0.04675314202904701 0.022290227934718132
v 0.010118162259459494 -0.04500773176550865 0.024569151923060417
v 0.009156255051493643 -0.04626024141907692 0.02363794855773449
v 0.009156255051493643 -0.04626024141907692 0.02363794855773449
v 0.010118162259459494 -0.04500773176550865 0.024569151923060417
v 0.007717510685324668 -0.04437227174639702 0.02577429823577404
v 0.009156255051493643 -0.04626024141907692 0.02363794855773449
v 0.007717510685324668 -0.04437227174639702 0.02577429823577404
v 0.0067651551216840735 -0.045634325593709946 0.0248525720089674
v 0.0067651551216840735 -0.045634325593709946 0.0248525720089674
v 0.007717510685324668 -0.04437227174639702 0.02577429823577404
v 0.005153087899088859 -0.0435730405151844 0.02681565098464489
v 0.0067651551216840735 -0.045634325593709946 0.0248525720089674
v 0.005153087899088859 -0.0435730405151844 0.02681565098464489
v 0.0042278971523046485 -0.044862259179353714 0.025921104475855827
v 0.0042278971523046485 -0.044862259179353714 0.025921104475855827
v 0.005153087899088859 -0.0435730405151844 0.02681565098464489
v 0.0023801829665899272 -0.04256531596183777 0.027648506686091423
v 0.0042278971523046485 -0.044862259179353714 0.025921104475855827
v 0.0023801829665899272 -0.04256531596183777 0.027648506686091423
v 0.0015246326802298424 -0.04392418637871742 0.026823578402400017
v 0.0015246326802298424 -0.04392418637871742 0.026823578402400017
v 0.0023801829665899272 -0.04256531596183777 0.027648506686091423
v 1.0187758334723183e-06 -0.04344071075320244 0.027175484225153923
v 0.0015246326802298424 -0.04392418637871742 0.026823578402400017
v 1.0187758334723183e-06 -0.04344071075320244 0.027175484225153923
v 8.101595767584512e-07 -0.04479462280869484 0.026130495592951775
v 0.023469066247344014 -0.039400000125169754 0.016171155497431755
v 0.021916350349783894 -0.039400000125169754 0.018220124766230583
v 0.023384017869830128 -0.04103920981287956 0.016108451411128044
v 0.023384017869830128 -0.04103920981287956 0.016108451411128044
v 0.021916350349783894 -0.039400000125169754 0.018220124766230583
v 0.02180979214608669 -0.04123017564415932 0.018140016123652458
v 0.023384017869830128 -0.04103920981287956 0.016108451411128044
v 0.02180979214608669 -0.04123017564415932 0.018140016123652458
v 0.021464569494128224 -0.04309936240315437 0.017825422808527946
v 0.021464569494128224 -0.04309936240315437 0.017825422808527946
v 0.02180979214608669 -0.04123017564415932 0.018140016123652458
v 0.01973173581063747 -0.04313172027468681 0.019698379561305046
v 0.021464569494128224 -0.04309936240315437 0.017825422808527946
v 0.01973173581063747 -0.04313172027468681 0.019698379561305046
v 0.01915531419217586 -0.044769711792469025 0.019152579829096794
v 0.01915531419217586 -0.044769711792469025 0.019152579829096794
v 0.01973173581063747 -0.04313172027468681 0.019698379561305046
v 0.017863256856799122 -0.04302843287587166 0.021435676142573357
v 0.01915531419217586 -0.044769711792469025 0.019152579829096794
v 0.017863256856799122 -0.04302843287587166 0.021435676142573357
v 0.017285397276282307 -0.044664982706308365 0.020888445898890495
v 0.017285397276282307 -0.044664982706308365 0.020888445898890495
v 0.017863256856799122 -0.04302843287587166 0.021435676142573357
v 0.01585760526359081 -0.04278797283768654 0.023035762831568718
v 0.017285397276282307 -0.044664982706308365 0.020888445898890495
v 0.01585760526359081 -0.04278797283768654 0.023035762831568718
v 0.015286190435290335 -0.044430967420339584 0.022495029494166374
v 0.015286190435290335 -0.044430967420339584 0.022495029494166374
v 0.01585760526359081 -0.04278797283768654 0.023035762831568718
v 0.013708664104342459 -0.04240421950817108 0.024492619559168816
v 0.015286190435290335 -0.044430967420339584 0.022495029494166374
v 0.013708664104342459 -0.04240421950817108 0.024492619559168816
v 0.013154400512576101 -0.044064365327358246 0.02396899275481701
v 0.013154400512576101 -0.044064365327358246 0.02396899275481701
v 0.013708664104342459 -0.04240421950817108 0.024492619559168816
v 0.011402970179915426 -0.041863709688186646 0.02579265646636486
v 0.013154400512576101 -0.044064365327358246 0.02396899275481701
v 0.011402970179915426 -0.041863709688186646 0.02579265646636486
v 0.010882457718253134 -0.04355761408805847 0.0253028254956007
v 0.010882457718253134 -0.04355761408805847 0.0253028254956007
v 0.011402970179915426 -0.041863709688186646 0.02579265646636486
v 0.008913947269320486 -0.0411398783326149 0.02690940909087658
v 0.010882457718253134 -0.04355761408805847 0.0253028254956007
v 0.008913947269320486 -0.0411398783326149 0.02690940909087658
v 0.00845435820519924 -0.04289470613002777 0.02648049406707287
v 0.00845435820519924 -0.04289470613002777 0.02648049406707287
v 0.008913947269320486 -0.0411398783326149 0.02690940909087658
v 0.006058102473616599 -0.041156429797410965 0.02767467312514782
v 0.00845435820519924 -0.04289470613002777 0.02648049406707287
v 0.006058102473616599 -0.041156429797410965 0.02767467312514782
v 0.005836924538016318 -0.042042460292577744 0.02746879868209362
v 0.005836924538016318 -0.042042460292577744 0.02746879868209362
v 0.006058102473616599 -0.041156429797410965 0.02767467312514782
v 0.0030924510210752483 -0.03995596989989281 0.02831476740539074
v 0.005836924538016318 -0.042042460292577744 0.02746879868209362
v 0.0030924510210752483 -0.03995596989989281 0.02831476740539074
v 0.002960426732897758 -0.04093115031719208 0.0281981211155653
v 0.002960426732897758 -0.04093115031719208 0.0281981211155653
v 0.0030924510210752483 -0.03995596989989281 0.02831476740539074
v 0.002174099907279014 -0.039400000125169754 0.02841704897582531
v 0.002960426732897758 -0.04093115031719208 0.0281981211155653
v 0.002174099907279014 -0.039400000125169754 0.02841704897582531
v 0.0013806576607748864 -0.040233977138996124 0.028421221300959587
v 0.0013806576607748864 -0.040233977138996124 0.028421221300959587
v 0.002174099907279014 -0.039400000125169754 0.02841704897582531
v 0.0014337504981085656 -0.039400000125169754 0.028463957831263542
v 0.0013806576607748864 -0.040233977138996124 0.028421221300959587
v 0.0014337504981085656 -0.039400000125169754 0.028463957831263542
v 1.1230839618292519e-06 -0.039400000125169754 0.02850007824599743
v 0.02485210262238979 -0.039400000125169754 0.013952729292213917
v 0.023469066247344014 -0.039400000125169754 0.016171155497431755
v 0.02479819022119045 -0.04068819433450699 0.013916847296059132
v 0.02479819022119045 -0.04068819433450699 0.013916847296059132
v 0.023469066247344014 -0.039400000125169754 0.016171155497431755
v 0.023384017869830128 -0.04103920981287956 0.016108451411128044
v 0.02479819022119045 -0.04068819433450699 0.013916847296059132
v 0.023384017869830128 -0.04103920981287956 0.016108451411128044
v 0.023059396073222157 -0.04292900115251541 0.015814481303095818
v 0.023059396073222157 -0.04292900115251541 0.015814481303095818
v 0.023384017869830128 -0.04103920981287956 0.016108451411128044
v 0.021464569494128224 -0.04309936240315437 0.017825422808527946
v 0.023059396073222157 -0.04292900115251541 0.015814481303095818
v 0.021464569494128224 -0.04309936240315437 0.017825422808527946
v 0.020896641537547108 -0.044745851308107376 0.017288146540522575
v 0.020896641537547108 -0.044745851308107376 0.017288146540522575
v 0.021464569494128224 -0.04309936240315437 0.017825422808527946
v 0.01915531419217586 -0.044769711792469025 0.019152579829096794
v 0.020896641537547108 -0.044745851308107376 0.017288146540522575
v 0.01915531419217586 -0.044769711792469025 0.019152579829096794
v 0.018379172310233113 -0.046207986772060394 0.018407104536890984
v 0.018379172310233113 -0.046207986772060394 0.018407104536890984
v 0.01915531419217586 -0.044769711792469025 0.019152579829096794
v 0.017285397276282307 -0.044664982706308365 0.020888445898890495
v 0.018379172310233113 -0.046207986772060394 0.018407104536890984
v 0.017285397276282307 -0.044664982706308365 0.020888445898890495
v 0.01650491915643215 -0.04609892517328262 0.02013861946761608
v 0.01650491915643215 -0.04609892517328262 0.02013861946761608
v 0.017285397276282307 -0.044664982706308365 0.020888445898890495
v 0.015286190435290335 -0.044430967420339584 0.022495029494166374
v 0.01650491915643215 -0.04609892517328262 0.02013861946761608
v 0.015286190435290335 -0.044430967420339584 0.022495029494166374
v 0.014504803344607351 -0.04586399346590042 0.02174430899322033
v 0.014504803344607351 -0.04586399346590042 0.02174430899322033
v 0.015286190435290335 -0.044430967420339584 0.022495029494166374
v 0.013154400512576101 -0.044064365327358246 0.02396899275481701
v 0.014504803344607351 -0.04586399346590042 0.02174430899322033
v 0.013154400512576101 -0.044064365327358246 0.02396899275481701
v 0.012377252802252768 -0.04550163075327873 0.023222504183650017
v 0.012377252802252768 -0.04550163075327873 0.023222504183650017
v 0.013154400512576101 -0.044064365327358246 0.02396899275481701
v 0.010882457718253134 -0.04355761408805847 0.0253028254956007
v 0.012377252802252768 -0.04550163075327873 0.023222504183650017
v 0.010882457718253134 -0.04355761408805847 0.0253028254956007
v 0.010118162259459494 -0.04500773176550865 0.024569151923060417
v 0.010118162259459494 -0.04500773176550865 0.024569151923060417
v 0.010882457718253134 -0.04355761408805847 0.0253028254956007
v 0.00845435820519924 -0.04289470613002777 0.02648049406707287
v 0.010118162259459494 -0.04500773176550865 0.024569151923060417
v 0.00845435820519924 -0.04289470613002777 0.02648049406707287
v 0.007717510685324668 -0.04437227174639702 0.02577429823577404
v 0.007717510685324668 -0.04437227174639702 0.02577429823577404
v 0.00845435820519924 -0.04289470613002777 0.02648049406707287
v 0.005836924538016318 -0.042042460292577744 0.02746879868209362
v 0.007717510685324668 -0.04437227174639702 0.02577429823577404
v 0.005836924538016318 -0.042042460292577744 0.02746879868209362
v 0.005153087899088859 -0.0435730405151844 0.02681565098464489
v 0.005153087899088859 -0.0435730405151844 0.02681565098464489
v 0.005836924538016318 -0.042042460292577744 0.02746879868209362
v 0.0027161519974470134 -0.04179408773779869 0.02796912007033825
v 0.005153087899088859 -0.0435730405151844 0.02681565098464489
v 0.0027161519974470134 -0.04179408773779869 0.02796912007033825
v 0.0023801829665899272 -0.04256531596183777 0.027648506686091423
v 0.0023801829665899272 -0.04256531596183777 0.027648506686091423
v 0.0027161519974470134 -0.04179408773779869 0.02796912007033825
v 1.3987554439154335e-06 -0.04207444563508034 0.027922092005610466
v 0.0023801829665899272 -0.04256531596183777 0.027648506686091423
v 1.3987554439154335e-06 -0.04207444563508034 0.027922092005610466
v 1.0187758334723183e-06 -0.04344071075320244 0.027175484225153923
v 0.02696946822106838 -0.039400000125169754 0.009217319078743458
v 0.026033265516161915 -0.04015808179974556 0.01154619175940752
v 0.025799905881285664 -0.04213913530111313 0.011343476362526417
v 0.025799905881285664 -0.04213913530111313 0.011343476362526417
v 0.026033265516161915 -0.04015808179974556 0.01154619175940752
v 0.024509197100996968 -0.04261361062526703 0.013658520765602589
v 0.025799905881285664 -0.04213913530111313 0.011343476362526417
v 0.024509197100996968 -0.04261361062526703 0.013658520765602589
v 0.02398481778800487 -0.04430365189909935 0.013164815492928028
v 0.02398481778800487 -0.04430365189909935 0.013164815492928028
v 0.024509197100996968 -0.04261361062526703 0.013658520765602589
v 0.022507978603243824 -0.0445919968187809 0.015293714590370655
v 0.02398481778800487 -0.04430365189909935 0.013164815492928028
v 0.022507978603243824 -0.0445919968187809 0.015293714590370655
v 0.02175144664943218 -0.046049878001213074 0.014567849226295948
v 0.02175144664943218 -0.046049878001213074 0.014567849226295948
v 0.022507978603243824 -0.0445919968187809 0.015293714590370655
v 0.020128106698393818 -0.04619172587990761 0.016550300642848015
v 0.02175144664943218 -0.046049878001213074 0.014567849226295948
v 0.020128106698393818 -0.04619172587990761 0.016550300642848015
v 0.01918358169496059 -0.0474616140127182 0.01563638262450695
v 0.01918358169496059 -0.0474616140127182 0.01563638262450695
v 0.020128106698393818 -0.04619172587990761 0.016550300642848015
v 0.017429118975996968 -0.04747234657406807 0.017487702891230583
v 0.01918358169496059 -0.0474616140127182 0.01563638262450695
v 0.017429118975996968 -0.04747234657406807 0.017487702891230583
v 0.016330322250723835 -0.04858795925974846 0.016419587656855583
v 0.016330322250723835 -0.04858795925974846 0.016419587656855583
v 0.017429118975996968 -0.04747234657406807 0.017487702891230583
v 0.015549844130873678 -0.04735825955867767 0.019214211031794548
v 0.016330322250723835 -0.04858795925974846 0.016419587656855583
v 0.015549844130873678 -0.04735825955867767 0.019214211031794548
v 0.014447441324591635 -0.04847026616334915 0.01814245991408825
v 0.014447441324591635 -0.04847026616334915 0.01814245991408825
v 0.015549844130873678 -0.04735825955867767 0.019214211031794548
v 0.013545041903853415 -0.0471186488866806 0.02081519179046154
v 0.014447441324591635 -0.04847026616334915 0.01814245991408825
v 0.013545041903853415 -0.0471186488866806 0.02081519179046154
v 0.01243758015334606 -0.04822559654712677 0.019738374277949333
v 0.01243758015334606 -0.04822559654712677 0.019738374277949333
v 0.013545041903853415 -0.0471186488866806 0.02081519179046154
v 0.011414347216486929 -0.04675314202904701 0.022290227934718132
v 0.01243758015334606 -0.04822559654712677 0.019738374277949333
v 0.011414347216486929 -0.04675314202904701 0.022290227934718132
v 0.010301789268851278 -0.04785499721765518 0.021208344027400017
v 0.010301789268851278 -0.04785499721765518 0.021208344027400017
v 0.011414347216486929 -0.04675314202904701 0.022290227934718132
v 0.009156255051493643 -0.04626024141907692 0.02363794855773449
v 0.010301789268851278 -0.04785499721765518 0.021208344027400017
v 0.009156255051493643 -0.04626024141907692 0.02363794855773449
v 0.008041655644774435 -0.04736005514860153 0.022553978487849236
v 0.008041655644774435 -0.04736005514860153 0.022553978487849236
v 0.009156255051493643 -0.04626024141907692 0.02363794855773449
v 0.0067651551216840735 -0.045634325593709946 0.0248525720089674
v 0.008041655644774435 -0.04736005514860153 0.022553978487849236
v 0.0067651551216840735 -0.045634325593709946 0.0248525720089674
v 0.005656933411955833 -0.04674052074551582 0.023775039240717888
v 0.005656933411955833 -0.04674052074551582 0.023775039240717888
v 0.0067651551216840735 -0.045634325593709946 0.0248525720089674
v 0.0042278971523046485 -0.044862259179353714 0.025921104475855827
v 0.005656933411955833 -0.04674052074551582 0.023775039240717888
v 0.0042278971523046485 -0.044862259179353714 0.025921104475855827
v 0.003144895657896995 -0.04599367082118988 0.02486872486770153
v 0.003144895657896995 -0.04599367082118988 0.02486872486770153
v 0.0042278971523046485 -0.044862259179353714 0.025921104475855827
v 0.0015246326802298424 -0.04392418637871742 0.026823578402400017
v 0.003144895657896995 -0.04599367082118988 0.02486872486770153
v 0.0015246326802298424 -0.04392418637871742 0.026823578402400017
v 0.0005040894029662012 -0.0451180525124073 0.025833724066615105
v 0.0005040894029662012 -0.0451180525124073 0.025833724066615105
v 0.0015246326802298424 -0.04392418637871742 0.026823578402400017
v 8.101595767584512e-07 -0.04479462280869484 0.026130495592951775
v 0.0005040894029662012 -0.0451180525124073 0.025833724066615105
v 8.101595767584512e-07 -0.04479462280869484 0.026130495592951775
v 1.0411275752630898e-06 -0.046295300126075745 0.024606166407465935
v 0.004825754091143607 -0.05123661458492279 0.015854893252253532
v 0.001596568035893142 -0.05243625119328499 0.012687024660408497
v 0.006955264136195182 -0.05160093307495117 0.014378664083778858
v 0.006955264136195182 -0.05160093307495117 0.014378664083778858
v 0.001596568035893142 -0.05243625119328499 0.012687024660408497
v 0.003701558336615562 -0.05277605354785919 0.011186239309608936
v 0.006955264136195182 -0.05160093307495117 0.014378664083778858
v 0.003701558336615562 -0.05277605354785919 0.011186239309608936
v 0.00895675830543041 -0.051837239414453506 0.01277440506964922
v 0.00895675830543041 -0.051837239414453506 0.01277440506964922
v 0.003701558336615562 -0.05277605354785919 0.011186239309608936
v 0.005680663511157035 -0.05298997089266777 0.00955956894904375
v 0.00895675830543041 -0.051837239414453506 0.01277440506964922
v 0.005680663511157035 -0.05298997089266777 0.00955956894904375
v 0.010817108675837515 -0.05193239450454712 0.01102894265204668
v 0.010817108675837515 -0.05193239450454712 0.01102894265204668
v 0.005680663511157035 -0.05298997089266777 0.00955956894904375
v 0.007507232949137687 -0.05305134505033493 0.007780370768159628
v 0.010817108675837515 -0.05193239450454712 0.01102894265204668
v 0.007507232949137687 -0.05305134505033493 0.007780370768159628
v 0.012540092691779135 -0.05189019441604614 0.009146210737526417
v 0.012540092691779135 -0.05189019441604614 0.009146210737526417
v 0.007507232949137687 -0.05305134505033493 0.007780370768159628
v 0.009190475568175314 -0.052969399839639664 0.005857882555574179
v 0.012540092691779135 -0.05189019441604614 0.009146210737526417
v 0.009190475568175314 -0.052969399839639664 0.005857882555574179
v 0.0141425933688879 -0.051727499812841415 0.007142899092286825
v 0.01564156077802181 -0.05146128311753273 0.005036113318055868
v 0.0141425933688879 -0.051727499812841415 0.007142899092286825
v 0.010766638442873953 -0.05278037115931511 0.003828284563496709
v 0.010766638442873953 -0.05278037115931511 0.003828284563496709
v 0.0141425933688879 -0.051727499812841415 0.007142899092286825
v 0.009190475568175314 -0.052969399839639664 0.005857882555574179
v 0.010766638442873953 -0.05278037115931511 0.003828284563496709
v 0.009190475568175314 -0.052969399839639664 0.005857882555574179
v 0.005459813401103019 -0.05366756394505501 0.0021885011810809374
v 0.005459813401103019 -0.05366756394505501 0.0021885011810809374
v 0.009190475568175314 -0.052969399839639664 0.005857882555574179
v 0.003799555823206901 -0.053772494196891785 0.004133997019380331
v 0.005459813401103019 -0.05366756394505501 0.0021885011810809374
v 0.003799555823206901 -0.053772494196891785 0.004133997019380331
v 1.1677875590976326e-06 -0.05399995297193527 -6.215557135647032e-08
v 1.1677875590976326e-06 -0.05399995297193527 -6.215557135647032e-08
v 0.003799555823206901 -0.053772494196891785 0.004133997019380331
v 0.0020061191171407695 -0.053744252771139145 0.005946335848420858
v 1.1677875590976326e-06 -0.05399995297193527 -6.215557135647032e-08
v 0.0020061191171407695 -0.053744252771139145 0.005946335848420858
v 1.145435817306861e-06 -0.0539073720574379 0.004295942839235067
v 1.145435817306861e-06 -0.0539073720574379 0.004295942839235067
v 0.0020061191171407695 -0.053744252771139145 0.005946335848420858
v 6.411773938452824e-05 -0.05356743931770325 0.007610139902681112
v 1.145435817306861e-06 -0.0539073720574379 0.004295942839235067
v 6.411773938452824e-05 -0.05356743931770325 0.007610139902681112
v 9.889736247714607e-07 -0.05355226993560791 0.007711587008088827
v 9.889736247714607e-07 -0.05355226993560791 0.007711587008088827
v 6.411773938452824e-05 -0.05356743931770325 0.007610139902681112
v 0.003701558336615562 -0.05277605354785919 0.011186239309608936
v 9.889736247714607e-07 -0.05355226993560791 0.007711587008088827
v 0.003701558336615562 -0.05277605354785919 0.011186239309608936
v 1.2497439456637947e-06 -0.0528753437101841 0.011112925596535206
v 1.2497439456637947e-06 -0.0528753437101841 0.011112925596535206
v 0.003701558336615562 -0.05277605354785919 0.011186239309608936
v 0.001596568035893142 -0.05243625119328499 0.012687024660408497
v 1.2497439456637947e-06 -0.0528753437101841 0.011112925596535206
v 0.001596568035893142 -0.05243625119328499 0.012687024660408497
v 1.0113252528753944e-06 -0.05187024176120758 0.014488992281258106
v 1.0113252528753944e-06 -0.05187024176120758 0.014488992281258106
v 0.001596568035893142 -0.05243625119328499 0.012687024660408497
v 0.004825754091143607 -0.05123661458492279 0.015854893252253532
v 1.0113252528753944e-06 -0.05187024176120758 0.014488992281258106
v 0.004825754091143607 -0.05123661458492279 0.015854893252253532
v 0.0025892015546560283 -0.05076524615287781 0.017224131152033806
v 1.0411275752630898e-06 -0.046295300126075745 0.024606166407465935
v 8.399619559895654e-07 -0.04771392419934273 0.02278643660247326
v 0.0006657073972746729 -0.04794330522418022 0.02245086245238781
v 0.0006657073972746729 -0.04794330522418022 0.02245086245238781
v 8.399619559895654e-07 -0.04771392419934273 0.02278643660247326
v 9.144677619588036e-07 -0.049220889806747437 0.020391223952174187
v 0.0006657073972746729 -0.04794330522418022 0.02245086245238781
v 9.144677619588036e-07 -0.049220889806747437 0.020391223952174187
v 0.0031215529888868328 -0.048633962869644165 0.021300969645380974
v 0.0031215529888868328 -0.048633962869644165 0.021300969645380974
v 9.144677619588036e-07 -0.049220889806747437 0.020391223952174187
v 1.1379851230230995e-06 -0.05062282085418701 0.017618177458643913
v 0.0031215529888868328 -0.048633962869644165 0.021300969645380974
v 1.1379851230230995e-06 -0.05062282085418701 0.017618177458643913
v 0.005482880398631095 -0.049230098724365234 0.020056484267115593
v 0.005482880398631095 -0.049230098724365234 0.020056484267115593
v 1.1379851230230995e-06 -0.05062282085418701 0.017618177458643913
v 0.0025892015546560283 -0.05076524615287781 0.017224131152033806
v 0.005482880398631095 -0.049230098724365234 0.020056484267115593
v 0.0025892015546560283 -0.05076524615287781 0.017224131152033806
v 0.0077385958284139625 -0.049720630049705505 0.018706439062952995
v 0.0077385958284139625 -0.049720630049705505 0.018706439062952995
v 0.0025892015546560283 -0.05076524615287781 0.017224131152033806
v 0.004825754091143607 -0.05123661458492279 0.015854893252253532
v 0.0077385958284139625 -0.049720630049705505 0.018706439062952995
v 0.004825754091143607 -0.05123661458492279 0.015854893252253532
v 0.009877754375338553 -0.050094593316316605 0.01723986677825451
v 0.009877754375338553 -0.050094593316316605 0.01723986677825451
v 0.004825754091143607 -0.05123661458492279 0.015854893252253532
v 0.006955264136195182 -0.05160093307495117 0.014378664083778858
v 0.009877754375338553 -0.050094593316316605 0.01723986677825451
v 0.006955264136195182 -0.05160093307495117 0.014378664083778858
v 0.011890238150954245 -0.0503418892621994 0.015646575018763542
v 0.011890238150954245 -0.0503418892621994 0.015646575018763542
v 0.006955264136195182 -0.05160093307495117 0.014378664083778858
v 0.00895675830543041 -0.051837239414453506 0.01277440506964922
v 0.011890238150954245 -0.0503418892621994 0.015646575018763542
v 0.00895675830543041 -0.051837239414453506 0.01277440506964922
v 0.013770250603556631 -0.05045671388506889 0.013920781202614307
v 0.013770250603556631 -0.05045671388506889 0.013920781202614307
v 0.00895675830543041 -0.051837239414453506 0.01277440506964922
v 0.010817108675837515 -0.05193239450454712 0.01102894265204668
v 0.013770250603556631 -0.05045671388506889 0.013920781202614307
v 0.010817108675837515 -0.05193239450454712 0.01102894265204668
v 0.01551939360797405 -0.05044066905975342 0.012064156122505665
v 0.01551939360797405 -0.05044066905975342 0.012064156122505665
v 0.010817108675837515 -0.05193239450454712 0.01102894265204668
v 0.012540092691779135 -0.05189019441604614 0.009146210737526417
v 0.01551939360797405 -0.05044066905975342 0.012064156122505665
v 0.012540092691779135 -0.05189019441604614 0.009146210737526417
v 0.01714520715177059 -0.05030129477381706 0.010084209032356739
v 0.01714520715177059 -0.05030129477381706 0.010084209032356739
v 0.012540092691779135 -0.05189019441604614 0.009146210737526417
v 0.0141425933688879 -0.051727499812841415 0.007142899092286825
v 0.01714520715177059 -0.05030129477381706 0.010084209032356739
v 0.0141425933688879 -0.051727499812841415 0.007142899092286825
v 0.01865592412650585 -0.05004682019352913 0.007989165373146534
v 0.01865592412650585 -0.05004682019352913 0.007989165373146534
v 0.0141425933688879 -0.051727499812841415 0.007142899092286825
v 0.01564156077802181 -0.05146128311753273 0.005036113318055868
v 0.01865592412650585 -0.05004682019352913 0.007989165373146534
v 0.01564156077802181 -0.05146128311753273 0.005036113318055868
v 0.02005658112466335 -0.049682289361953735 0.00578403240069747
v 0.02005658112466335 -0.049682289361953735 0.00578403240069747
v 0.01564156077802181 -0.05146128311753273 0.005036113318055868
v 0.017047649249434468 -0.051102180033922195 0.0028364036697894335
v 0.02005658112466335 -0.049682289361953735 0.00578403240069747
v 0.017047649249434468 -0.051102180033922195 0.0028364036697894335
v 0.021348042413592335 -0.04920855909585953 0.0034697626251727343
v 0.021348042413592335 -0.04920855909585953 0.0034697626251727343
v 0.017047649249434468 -0.051102180033922195 0.0028364036697894335
v 0.018367080017924305 -0.05065641924738884 0.0005500887054949999
v 0.021348042413592335 -0.04920855909585953 0.0034697626251727343
v 0.018367080017924305 -0.05065641924738884 0.0005500887054949999
v 0.018694324418902394 -0.05052807554602623 -1.217602232372883e-07
v 0.018694324418902394 -0.05052807554602623 -1.217602232372883e-07
v 0.018367080017924305 -0.05065641924738884 0.0005500887054949999
v 0.017100891098380085 -0.05112851783633232 -6.215557135647032e-08
v -0.028337003663182255 -0.04120979830622673 5.934955424891086e-07
v -0.02810338325798511 -0.04217390716075897 4.7428622451661795e-07
v -0.027967033907771107 -0.04255928471684456 0.0009541485924273729
v -0.024846816435456272 -0.04695817083120346 -2.5509288015257425e-09
v -0.025961065664887425 -0.045864738523960114 0.000812408747151494
v -0.026220059022307392 -0.04557756334543228 5.705371464159725e-08
v -0.014175349846482275 -0.05203684791922569 -2.5509288015257425e-09
v -0.012920768931508063 -0.052363283932209015 5.705371464159725e-08
v -0.010764302685856817 -0.0527803897857666 0.003828284563496709
v -0.003797216340899467 -0.05377249792218208 0.004134056624025106
v 1.145435817306861e-06 -0.0539073720574379 0.004295942839235067
v -0.002003790810704231 -0.053744252771139145 0.005946335848420858
v -0.002003790810704231 -0.053744252771139145 0.005946335848420858
v 1.145435817306861e-06 -0.0539073720574379 0.004295942839235067
v -6.178962212288751e-05 -0.05356743931770325 0.007610139902681112
v 1.0113252528753944e-06 -0.05187024176120758 0.014488992281258106
v -0.0025868955999612804 -0.050765249878168106 0.017224131152033806
v -0.004823448136448859 -0.05123661458492279 0.015854952856898308
v -0.0025868955999612804 -0.050765249878168106 0.017224131152033806
v 1.0113252528753944e-06 -0.05187024176120758 0.014488992281258106
v 1.1379851230230995e-06 -0.05062282085418701 0.017618177458643913
v -0.003109974786639213 -0.039400000125169754 0.028329668566584587
v -0.0030901934951543804 -0.03995596989989281 0.02831476740539074
v -0.0021718386560678478 -0.039400000125169754 0.02841704897582531
v -0.026967218145728108 -0.039400000125169754 0.009217319078743458
v -0.026030967012047764 -0.04015810787677765 0.011546310968697071
v -0.02605068869888782 -0.039400000125169754 0.011556503362953663
v -0.026903329417109486 -0.04147970303893089 0.008843538351356983
v -0.02742884866893291 -0.039400000125169754 0.007736024912446737
v -0.027777979150414463 -0.04058917239308357 0.006112453993409872
v -0.027777979150414463 -0.04058917239308357 0.006112453993409872
v -0.02742884866893291 -0.039400000125169754 0.007736024912446737
v -0.02782815136015415 -0.039400000125169754 0.006146667059510946
v -0.027777979150414463 -0.04058917239308357 0.006112453993409872
v -0.02782815136015415 -0.039400000125169754 0.006146667059510946
v -0.028298219665884968 -0.039400000125169754 0.0033759449142962694
v -0.02605068869888782 -0.039400000125169754 0.011556503362953663
v -0.026030967012047764 -0.04015810787677765 0.011546310968697071
v -0.025133630260825154 -0.039400000125169754 0.013434824533760548
v -0.025133630260825154 -0.039400000125169754 0.013434824533760548
v -0.026030967012047764 -0.04015810787677765 0.011546310968697071
v -0.024795887991786 -0.04068821296095848 0.013916966505348682
v -0.025133630260825154 -0.039400000125169754 0.013434824533760548
v -0.024795887991786 -0.04068821296095848 0.013916966505348682
v -0.02484980039298534 -0.039400000125169754 0.013952848501503468
v -0.02484980039298534 -0.039400000125169754 0.013952848501503468
v -0.024795887991786 -0.04068821296095848 0.013916966505348682
v -0.02338171191513538 -0.04103922098875046 0.016108570620417595
v -0.02484980039298534 -0.039400000125169754 0.013952848501503468
v -0.02338171191513538 -0.04103922098875046 0.016108570620417595
v -0.023466764017939564 -0.039400000125169754 0.01617121510207653
v -0.023466764017939564 -0.039400000125169754 0.01617121510207653
v -0.02338171191513538 -0.04103922098875046 0.016108570620417595
v -0.02180748991668224 -0.041230179369449615 0.018140075728297234
v -0.023466764017939564 -0.039400000125169754 0.01617121510207653
v -0.02180748991668224 -0.041230179369449615 0.018140075728297234
v -0.021914048120379444 -0.039400000125169754 0.01822018437087536
v -0.021914048120379444 -0.039400000125169754 0.01822018437087536
v -0.02180748991668224 -0.041230179369449615 0.018140075728297234
v -0.02167044766247272 -0.039400000125169754 0.018509266898036003
v -0.02167044766247272 -0.039400000125169754 0.018509266898036003
v -0.02180748991668224 -0.041230179369449615 0.018140075728297234
v -0.02008295990526676 -0.04127083346247673 0.020021317526698112
v -0.02167044766247272 -0.039400000125169754 0.018509266898036003
v -0.02008295990526676 -0.04127083346247673 0.020021317526698112
v -0.020195739343762394 -0.039400000125169754 0.02010810188949108
v -0.006220305338501929 -0.039400000125169754 0.02781265787780285
v -0.009050337597727774 -0.039400000125169754 0.027024446055293083
v -0.006185429170727729 -0.0401788167655468 0.027788935229182243
v -0.006185429170727729 -0.0401788167655468 0.027788935229182243
v -0.009050337597727774 -0.039400000125169754 0.027024446055293083
v -0.008911667391657828 -0.0411398708820343 0.02690940909087658
v -0.006185429170727729 -0.0401788167655468 0.027788935229182243
v -0.008911667391657828 -0.0411398708820343 0.02690940909087658
v -0.006055833771824836 -0.041156426072120667 0.02767467312514782
v -0.0030901934951543804 -0.03995596989989281 0.02831476740539074
v -0.003109974786639213 -0.039400000125169754 0.028329668566584587
v -0.006055833771824836 -0.041156426072120667 0.02767467312514782
v -0.006055833771824836 -0.041156426072120667 0.02767467312514782
v -0.003109974786639213 -0.039400000125169754 0.028329668566584587
v -0.004553774371743201 -0.039400000125169754 0.028133688494563103
v -0.006055833771824836 -0.041156426072120667 0.02767467312514782
v -0.004553774371743201 -0.039400000125169754 0.028133688494563103
v -0.006185429170727729 -0.0401788167655468 0.027788935229182243
v -0.006185429170727729 -0.0401788167655468 0.027788935229182243
v -0.004553774371743201 -0.039400000125169754 0.028133688494563103
v -0.0061066877096891395 -0.039400000125169754 0.027837811037898064
v -0.006185429170727729 -0.0401788167655468 0.027788935229182243
v -0.0061066877096891395 -0.039400000125169754 0.027837811037898064
v -0.006220305338501929 -0.039400000125169754 0.02781265787780285
v -0.0014314969303086398 -0.039400000125169754 0.028463957831263542
v -0.0021718386560678478 -0.039400000125169754 0.02841704897582531
v -0.0013784040929749606 -0.04023398086428642 0.028421221300959587
v -0.0013784040929749606 -0.04023398086428642 0.028421221300959587
v -0.0021718386560678478 -0.039400000125169754 0.02841704897582531
v -0.0029581654816865917 -0.040931154042482376 0.0281981211155653
v -0.0013784040929749606 -0.04023398086428642 0.028421221300959587
v -0.0029581654816865917 -0.040931154042482376 0.0281981211155653
v -0.002713898196816444 -0.04179408773779869 0.02796912007033825
v -0.002713898196816444 -0.04179408773779869 0.02796912007033825
v -0.0029581654816865917 -0.040931154042482376 0.0281981211155653
v -0.005834655836224555 -0.042042456567287445 0.027468858286738396
v -0.002377921715378761 -0.04256531968712807 0.027648506686091423
v 1.3987554439154335e-06 -0.04207444563508034 0.027922092005610466
v 1.5254153140631386e-06 -0.04084381088614464 0.02833235077559948
v -0.0015223716618493197 -0.04392419010400772 0.026823578402400017
v 1.0187758334723183e-06 -0.04344071075320244 0.027175484225153923
v 1.3987554439154335e-06 -0.04207444563508034 0.027922092005610466
v 1.0411275752630898e-06 -0.046295300126075745 0.024606166407465935
v 8.101595767584512e-07 -0.04479462280869484 0.026130495592951775
v -0.0005018209340050815 -0.0451180562376976 0.025833724066615105
v -0.0005018209340050815 -0.0451180562376976 0.025833724066615105
v 8.101595767584512e-07 -0.04479462280869484 0.026130495592951775
v 1.0187758334723183e-06 -0.04344071075320244 0.027175484225153923
v -0.0006634240271523594 -0.04794330894947052 0.02245086245238781
v 8.399619559895654e-07 -0.04771392419934273 0.02278643660247326
v 1.0411275752630898e-06 -0.046295300126075745 0.024606166407465935
v 1.2497439456637947e-06 -0.0528753437101841 0.011112925596535206
v -0.0015942548634484408 -0.05243625119328499 0.012687024660408497
v 9.889736247714607e-07 -0.05355226993560791 0.007711587008088827
v 9.889736247714607e-07 -0.05355226993560791 0.007711587008088827
v -0.0015942548634484408 -0.05243625119328499 0.012687024660408497
v -0.0036992412060499187 -0.05277605727314949 0.011186239309608936
v -0.011427221819758413 -0.05270924046635628 -2.5509288015257425e-09
v -0.0074121933430433265 -0.053432613611221313 -6.215557135647032e-08
v -0.00704018585383892 -0.05348510295152664 0.0001655195519560948
v -0.00704018585383892 -0.05348510295152664 0.0001655195519560948
v -0.0074121933430433265 -0.053432613611221313 -6.215557135647032e-08
v -0.006888454779982566 -0.05350606516003609 -6.215557135647032e-08
v -0.00704018585383892 -0.05348510295152664 0.0001655195519560948
v -0.006888454779982566 -0.05350606516003609 -6.215557135647032e-08
v -0.005457473918795585 -0.053667571395635605 0.0021885607857257128
v -0.005457473918795585 -0.053667571395635605 0.0021885607857257128
v -0.006888454779982566 -0.05350606516003609 -6.215557135647032e-08
v -0.003044130280613899 -0.053895872086286545 5.705371464159725e-08
v -0.005457473918795585 -0.053667571395635605 0.0021885607857257128
v -0.003044130280613899 -0.053895872086286545 5.705371464159725e-08
v -0.003797216340899467 -0.05377249792218208 0.004134056624025106
v -0.003797216340899467 -0.05377249792218208 0.004134056624025106
v -0.003044130280613899 -0.053895872086286545 5.705371464159725e-08
v 1.1677875590976326e-06 -0.05399995297193527 -6.215557135647032e-08
v -0.003797216340899467 -0.05377249792218208 0.004134056624025106
v 1.1677875590976326e-06 -0.05399995297193527 -6.215557135647032e-08
v 1.145435817306861e-06 -0.0539073720574379 0.004295942839235067
v -0.010764302685856817 -0.0527803897857666 0.003828284563496709
v -0.01563923247158527 -0.05146130174398422 0.0050361729227006435
v -0.014175349846482275 -0.05203684791922569 -2.5509288015257425e-09
v -0.014175349846482275 -0.05203684791922569 -2.5509288015257425e-09
v -0.01563923247158527 -0.05146130174398422 0.0050361729227006435
v -0.01704532094299793 -0.051102206110954285 0.0028365228790789843
v -0.014175349846482275 -0.05203684791922569 -2.5509288015257425e-09
v -0.01704532094299793 -0.051102206110954285 0.0028365228790789843
v -0.014977598562836645 -0.05180938169360161 -6.215557135647032e-08
v -0.02085631154477596 -0.04955397546291351 5.705371464159725e-08
v -0.018652452155947682 -0.05054407939314842 -6.215557135647032e-08
v -0.018364747986197468 -0.050656452775001526 0.0005502079147845507
v -0.018364747986197468 -0.050656452775001526 0.0005502079147845507
v -0.018652452155947682 -0.05054407939314842 -6.215557135647032e-08
v -0.017988463863730427 -0.050803784281015396 -6.215557135647032e-08
v -0.018364747986197468 -0.050656452775001526 0.0005502079147845507
v -0.017988463863730427 -0.050803784281015396 -6.215557135647032e-08
v -0.01704532094299793 -0.051102206110954285 0.0028365228790789843
v -0.01704532094299793 -0.051102206110954285 0.0028365228790789843
v -0.017988463863730427 -0.050803784281015396 -6.215557135647032e-08
v -0.017098663374781605 -0.051128510385751724 -2.5509288015257425e-09
v -0.01704532094299793 -0.051102206110954285 0.0028365228790789843
v -0.017098663374781605 -0.051128510385751724 -2.5509288015257425e-09
v -0.014977598562836645 -0.05180938169360161 -6.215557135647032e-08
v -0.027931222692131993 -0.04268789663910866 2.954722901904461e-07
v -0.027561133727431294 -0.04354904964566231 -2.5509288015257425e-09
v -0.027668690308928486 -0.043143533170223236 0.002458689035847783
v -0.02844944410026073 -0.039400000125169754 0.0016778085846453905
v -0.0284989308565855 -0.039400000125169754 -2.5509288015257425e-09
v -0.02838417328894138 -0.04076200723648071 0.0013406847137957811
v -0.02838417328894138 -0.04076200723648071 0.0013406847137957811
v -0.0284989308565855 -0.039400000125169754 -2.5509288015257425e-09
v -0.02847092784941196 -0.04016841948032379 2.3586764541505545e-07
v -0.02838417328894138 -0.04076200723648071 0.0013406847137957811
v -0.02847092784941196 -0.04016841948032379 2.3586764541505545e-07
v -0.028337003663182255 -0.04120979830622673 5.934955424891086e-07
v -0.028337003663182255 -0.04120979830622673 5.934955424891086e-07
v -0.027967033907771107 -0.04255928471684456 0.0009541485924273729
v -0.02838417328894138 -0.04076200723648071 0.0013406847137957811
v -0.02838417328894138 -0.04076200723648071 0.0013406847137957811
v -0.027967033907771107 -0.04255928471684456 0.0009541485924273729
v -0.028163978829979893 -0.041424401104450226 0.002923307241871953
v -0.02838417328894138 -0.04076200723648071 0.0013406847137957811
v -0.028163978829979893 -0.041424401104450226 0.002923307241871953
v -0.02844944410026073 -0.039400000125169754 0.0016778085846453905
v -0.017200222238898274 -0.039400000125169754 0.022723613306879997
v -0.020195739343762394 -0.039400000125169754 0.02010810188949108
v -0.018211128190159794 -0.041164182126522064 0.021755216643214226
v -0.018211128190159794 -0.041164182126522064 0.021755216643214226
v -0.020195739343762394 -0.039400000125169754 0.02010810188949108
v -0.02008295990526676 -0.04127083346247673 0.020021317526698112
v -0.018211128190159794 -0.041164182126522064 0.021755216643214226
v -0.02008295990526676 -0.04127083346247673 0.020021317526698112
v -0.01972943358123302 -0.04313172399997711 0.01969843916594982
v -0.01972943358123302 -0.04313172399997711 0.01969843916594982
v -0.02008295990526676 -0.04127083346247673 0.020021317526698112
v -0.02180748991668224 -0.041230179369449615 0.018140075728297234
v -0.01972943358123302 -0.04313172399997711 0.01969843916594982
v -0.02180748991668224 -0.041230179369449615 0.018140075728297234
v -0.021462263539433476 -0.04309936985373497 0.017825482413172722
v -0.021462263539433476 -0.04309936985373497 0.017825482413172722
v -0.02180748991668224 -0.041230179369449615 0.018140075728297234
v -0.02338171191513538 -0.04103922098875046 0.016108570620417595
v -0.021462263539433476 -0.04309936985373497 0.017825482413172722
v -0.02338171191513538 -0.04103922098875046 0.016108570620417595
v -0.02305709011852741 -0.04292901232838631 0.01581460051238537
v -0.02305709011852741 -0.04292901232838631 0.01581460051238537
v -0.02338171191513538 -0.04103922098875046 0.016108570620417595
v -0.024795887991786 -0.04068821296095848 0.013916966505348682
v -0.02305709011852741 -0.04292901232838631 0.01581460051238537
v -0.024795887991786 -0.04068821296095848 0.013916966505348682
v -0.02450689114630222 -0.04261362925171852 0.01365863997489214
v -0.02450689114630222 -0.04261362925171852 0.01365863997489214
v -0.024795887991786 -0.04068821296095848 0.013916966505348682
v -0.026030967012047764 -0.04015810787677765 0.011546310968697071
v -0.02450689114630222 -0.04261362925171852 0.01365863997489214
v -0.026030967012047764 -0.04015810787677765 0.011546310968697071
v -0.025797603651881214 -0.04213916137814522 0.011343595571815968
v -0.025797603651881214 -0.04213916137814522 0.011343595571815968
v -0.026030967012047764 -0.04015810787677765 0.011546310968697071
v -0.026967218145728108 -0.039400000125169754 0.009217319078743458
v -0.025797603651881214 -0.04213916137814522 0.011343595571815968
v -0.026967218145728108 -0.039400000125169754 0.009217319078743458
v -0.026903329417109486 -0.04147970303893089 0.008843538351356983
v -0.026903329417109486 -0.04147970303893089 0.008843538351356983
v -0.026967218145728108 -0.039400000125169754 0.009217319078743458
v -0.027052765712141987 -0.039400000125169754 0.008963105268776417
v -0.026903329417109486 -0.04147970303893089 0.008843538351356983
v -0.027052765712141987 -0.039400000125169754 0.008963105268776417
v -0.02742884866893291 -0.039400000125169754 0.007736024912446737
v -0.005480581894516944 -0.04923010244965553 0.020056484267115593
v -0.003119265660643577 -0.048633962869644165 0.021300969645380974
v -0.005654653534293174 -0.04674052074551582 0.023775039240717888
v -0.007736293599009513 -0.049720630049705505 0.018706439062952995
v -0.005480581894516944 -0.04923010244965553 0.020056484267115593
v -0.00803936831653118 -0.04736005514860153 0.022553978487849236
v -0.00803936831653118 -0.04736005514860153 0.022553978487849236
v -0.005480581894516944 -0.04923010244965553 0.020056484267115593
v -0.005654653534293174 -0.04674052074551582 0.023775039240717888
v -0.00803936831653118 -0.04736005514860153 0.022553978487849236
v -0.005654653534293174 -0.04674052074551582 0.023775039240717888
v -0.006762875244021415 -0.045634325593709946 0.0248525720089674
v -0.006762875244021415 -0.045634325593709946 0.0248525720089674
v -0.005654653534293174 -0.04674052074551582 0.023775039240717888
v -0.004225624725222587 -0.044862259179353714 0.025921104475855827
v -0.006762875244021415 -0.045634325593709946 0.0248525720089674
v -0.004225624725222587 -0.044862259179353714 0.025921104475855827
v -0.005150819197297095 -0.043573036789894104 0.02681565098464489
v -0.005150819197297095 -0.043573036789894104 0.02681565098464489
v -0.004225624725222587 -0.044862259179353714 0.025921104475855827
v -0.002377921715378761 -0.04256531968712807 0.027648506686091423
v 1.0187758334723183e-06 -0.04344071075320244 0.027175484225153923
v -0.0015223716618493197 -0.04392419010400772 0.026823578402400017
v -0.0005018209340050815 -0.0451180562376976 0.025833724066615105
v -0.0005018209340050815 -0.0451180562376976 0.025833724066615105
v -0.0015223716618493197 -0.04392419010400772 0.026823578402400017
v -0.003142619505524635 -0.04599367082118988 0.02486872486770153
v -0.0005018209340050815 -0.0451180562376976 0.025833724066615105
v -0.003142619505524635 -0.04599367082118988 0.02486872486770153
v 1.0411275752630898e-06 -0.046295300126075745 0.024606166407465935
v 1.0411275752630898e-06 -0.046295300126075745 0.024606166407465935
v -0.003142619505524635 -0.04599367082118988 0.02486872486770153
v -0.0019479562761262057 -0.04701342061161995 0.023704765364527702
v 1.0411275752630898e-06 -0.046295300126075745 0.024606166407465935
v -0.0019479562761262057 -0.04701342061161995 0.023704765364527702
v -0.0006634240271523594 -0.04794330894947052 0.02245086245238781
v 1.3987554439154335e-06 -0.04207444563508034 0.027922092005610466
v -0.002377921715378761 -0.04256531968712807 0.027648506686091423
v -0.0015223716618493197 -0.04392419010400772 0.026823578402400017
v -0.0015223716618493197 -0.04392419010400772 0.026823578402400017
v -0.002377921715378761 -0.04256531968712807 0.027648506686091423
v -0.004225624725222587 -0.044862259179353714 0.025921104475855827
v -0.0015223716618493197 -0.04392419010400772 0.026823578402400017
v -0.004225624725222587 -0.044862259179353714 0.025921104475855827
v -0.003142619505524635 -0.04599367082118988 0.02486872486770153
v -0.003142619505524635 -0.04599367082118988 0.02486872486770153
v -0.004225624725222587 -0.044862259179353714 0.025921104475855827
v -0.005654653534293174 -0.04674052074551582 0.023775039240717888
v -0.003142619505524635 -0.04599367082118988 0.02486872486770153
v -0.005654653534293174 -0.04674052074551582 0.023775039240717888
v -0.0019479562761262057 -0.04701342061161995 0.023704765364527702
v -0.0019479562761262057 -0.04701342061161995 0.023704765364527702
v -0.005654653534293174 -0.04674052074551582 0.023775039240717888
v -0.003119265660643577 -0.048633962869644165 0.021300969645380974
v -0.0019479562761262057 -0.04701342061161995 0.023704765364527702
v -0.003119265660643577 -0.048633962869644165 0.021300969645380974
v -0.0006634240271523594 -0.04794330894947052 0.02245086245238781
v -0.0006634240271523594 -0.04794330894947052 0.02245086245238781
v -0.003119265660643577 -0.048633962869644165 0.021300969645380974
v 9.144677619588036e-07 -0.049220889806747437 0.020391223952174187
v -0.0006634240271523594 -0.04794330894947052 0.02245086245238781
v 9.144677619588036e-07 -0.049220889806747437 0.020391223952174187
v 8.399619559895654e-07 -0.04771392419934273 0.02278643660247326
v -0.009050337597727774 -0.039400000125169754 0.027024446055293083
v -0.010363211855292319 -0.039400000125169754 0.02654862217605114
v -0.008911667391657828 -0.0411398708820343 0.02690940909087658
v -0.008911667391657828 -0.0411398708820343 0.02690940909087658
v -0.010363211855292319 -0.039400000125169754 0.02654862217605114
v -0.01140068285167217 -0.04186370596289635 0.025792716071009636
v -0.008911667391657828 -0.0411398708820343 0.02690940909087658
v -0.01140068285167217 -0.04186370596289635 0.025792716071009636
v -0.010880174115300177 -0.04355761036276817 0.0253028254956007
v -0.010880174115300177 -0.04355761036276817 0.0253028254956007
v -0.01140068285167217 -0.04186370596289635 0.025792716071009636
v -0.013152109459042547 -0.04406436160206795 0.02396899275481701
v -0.010880174115300177 -0.04355761036276817 0.0253028254956007
v -0.013152109459042547 -0.04406436160206795 0.02396899275481701
v -0.012374958023428915 -0.045501627027988434 0.023222504183650017
v -0.012374958023428915 -0.045501627027988434 0.023222504183650017
v -0.013152109459042547 -0.04406436160206795 0.02396899275481701
v -0.0145025048404932 -0.04586399346590042 0.02174430899322033
v -0.012374958023428915 -0.045501627027988434 0.023222504183650017
v -0.0145025048404932 -0.04586399346590042 0.02174430899322033
v -0.013542743399739264 -0.0471186488866806 0.02081519179046154
v -0.013542743399739264 -0.0471186488866806 0.02081519179046154
v -0.0145025048404932 -0.04586399346590042 0.02174430899322033
v -0.015547541901469229 -0.04735826328396797 0.019214270636439323
v -0.013542743399739264 -0.0471186488866806 0.02081519179046154
v -0.015547541901469229 -0.04735826328396797 0.019214270636439323
v -0.014445131644606589 -0.04847026988863945 0.01814245991408825
v -0.014445131644606589 -0.04847026988863945 0.01814245991408825
v -0.015547541901469229 -0.04735826328396797 0.019214270636439323
v -0.01632800884544849 -0.04858796298503876 0.016419587656855583
v -0.014445131644606589 -0.04847026988863945 0.01814245991408825
v -0.01632800884544849 -0.04858796298503876 0.016419587656855583
v -0.015102548524737356 -0.04957691580057144 0.015224811621010303
v -0.015102548524737356 -0.04957691580057144 0.015224811621010303
v -0.01632800884544849 -0.04858796298503876 0.016419587656855583
v -0.018084870651364323 -0.04857964441180229 0.014570710249245167
v -0.015102548524737356 -0.04957691580057144 0.015224811621010303
v -0.018084870651364323 -0.04857964441180229 0.014570710249245167
v -0.016857841983437535 -0.049567028880119324 0.013374325819313526
v -0.016857841983437535 -0.049567028880119324 0.013374325819313526
v -0.018084870651364323 -0.04857964441180229 0.014570710249245167
v -0.019718384370207783 -0.048447974026203156 0.012598452158272266
v -0.016857841983437535 -0.049567028880119324 0.013374325819313526
v -0.019718384370207783 -0.048447974026203156 0.012598452158272266
v -0.018489660695195195 -0.049433667212724686 0.011400398798286915
v -0.018489660695195195 -0.049433667212724686 0.011400398798286915
v -0.019718384370207783 -0.048447974026203156 0.012598452158272266
v -0.021230699494481083 -0.04819510132074356 0.010505017824470997
v -0.018489660695195195 -0.049433667212724686 0.011400398798286915
v -0.021230699494481083 -0.04819510132074356 0.010505017824470997
v -0.020002940669655796 -0.04918175935745239 0.009307918138802052
v -0.020002940669655796 -0.04918175935745239 0.009307918138802052
v -0.021230699494481083 -0.04819510132074356 0.010505017824470997
v -0.0226209070533514 -0.04782013222575188 0.008289513178169727
v -0.020002940669655796 -0.04918175935745239 0.009307918138802052
v -0.0226209070533514 -0.04782013222575188 0.008289513178169727
v -0.02139964140951633 -0.04881327971816063 0.0070988512597978115
v -0.02139964140951633 -0.04881327971816063 0.0070988512597978115
v -0.0226209070533514 -0.04782013222575188 0.008289513178169727
v -0.023882864043116566 -0.04731690511107445 0.005945680197328329
v -0.02139964140951633 -0.04881327971816063 0.0070988512597978115
v -0.023882864043116566 -0.04731690511107445 0.005945680197328329
v -0.02267745696008205 -0.04832591116428375 0.004770932253450155
v -0.02267745696008205 -0.04832591116428375 0.004770932253450155
v -0.023882864043116566 -0.04731690511107445 0.005945680197328329
v -0.025003297254443165 -0.04667215049266815 0.0034603450912982225
v -0.02267745696008205 -0.04832591116428375 0.004770932253450155
v -0.025003297254443165 -0.04667215049266815 0.0034603450912982225
v -0.02382944710552692 -0.047712717205286026 0.0023171876091510057
v -0.02810338325798511 -0.04217390716075897 4.7428622451661795e-07
v -0.027931222692131993 -0.04268789663910866 2.954722901904461e-07
v -0.027967033907771107 -0.04255928471684456 0.0009541485924273729
v -0.027967033907771107 -0.04255928471684456 0.0009541485924273729
v -0.027931222692131993 -0.04268789663910866 2.954722901904461e-07
v -0.027668690308928486 -0.043143533170223236 0.002458689035847783
v -0.027967033907771107 -0.04255928471684456 0.0009541485924273729
v -0.027668690308928486 -0.043143533170223236 0.002458689035847783
v -0.028163978829979893 -0.041424401104450226 0.002923307241871953
v -0.028163978829979893 -0.041424401104450226 0.002923307241871953
v -0.027668690308928486 -0.043143533170223236 0.002458689035847783
v -0.026855746284127232 -0.04409577324986458 0.00525152450427413
v -0.028163978829979893 -0.041424401104450226 0.002923307241871953
v -0.026855746284127232 -0.04409577324986458 0.00525152450427413
v -0.027455309405922886 -0.042480919510126114 0.005820450838655233
v -0.027455309405922886 -0.042480919510126114 0.005820450838655233
v -0.026855746284127232 -0.04409577324986458 0.00525152450427413
v -0.025818625465035435 -0.04482383280992508 0.007820126600563526
v -0.027455309405922886 -0.042480919510126114 0.005820450838655233
v -0.025818625465035435 -0.04482383280992508 0.007820126600563526
v -0.026484271511435505 -0.04327506199479103 0.008455154486000538
v -0.026484271511435505 -0.04327506199479103 0.008455154486000538
v -0.025818625465035435 -0.04482383280992508 0.007820126600563526
v -0.024605737999081608 -0.04537612944841385 0.010213014669716358
v -0.026484271511435505 -0.04327506199479103 0.008455154486000538
v -0.024605737999081608 -0.04537612944841385 0.010213014669716358
v -0.025315014645457264 -0.043870989233255386 0.01089161355048418
v -0.025315014645457264 -0.043870989233255386 0.01089161355048418
v -0.024605737999081608 -0.04537612944841385 0.010213014669716358
v -0.023244643583893772 -0.04578021913766861 0.012457665987312794
v -0.025315014645457264 -0.043870989233255386 0.01089161355048418
v -0.023244643583893772 -0.04578021913766861 0.012457665987312794
v -0.023982511833310124 -0.04430367052555084 0.013164875097572803
v -0.023982511833310124 -0.04430367052555084 0.013164875097572803
v -0.023244643583893772 -0.04578021913766861 0.012457665987312794
v -0.021749133244156834 -0.04604988917708397 0.014567908830940723
v -0.023982511833310124 -0.04430367052555084 0.013164875097572803
v -0.021749133244156834 -0.04604988917708397 0.014567908830940723
v -0.022505672648549076 -0.04459201171994209 0.015293833799660206
v -0.022505672648549076 -0.04459201171994209 0.015293833799660206
v -0.021749133244156834 -0.04604988917708397 0.014567908830940723
v -0.020125797018408772 -0.0461917370557785 0.01655036024749279
v -0.022505672648549076 -0.04459201171994209 0.015293833799660206
v -0.020125797018408772 -0.0461917370557785 0.01655036024749279
v -0.02089433558285236 -0.04474585875868797 0.01728820614516735
v -0.02089433558285236 -0.04474585875868797 0.01728820614516735
v -0.020125797018408772 -0.0461917370557785 0.01655036024749279
v -0.018376866355538365 -0.04620799049735069 0.01840716414153576
v -0.02089433558285236 -0.04474585875868797 0.01728820614516735
v -0.018376866355538365 -0.04620799049735069 0.01840716414153576
v -0.019153008237481114 -0.044769711792469025 0.01915263943374157
v -0.019153008237481114 -0.044769711792469025 0.01915263943374157
v -0.018376866355538365 -0.04620799049735069 0.01840716414153576
v -0.017283095046877858 -0.044664982706308365 0.02088850550353527
v -0.019153008237481114 -0.044769711792469025 0.01915263943374157
v -0.017283095046877858 -0.044664982706308365 0.02088850550353527
v -0.01786095835268497 -0.04302842915058136 0.021435676142573357
v -0.01786095835268497 -0.04302842915058136 0.021435676142573357
v -0.017283095046877858 -0.044664982706308365 0.02088850550353527
v -0.015855314210057255 -0.04278796911239624 0.023035822436213493
v -0.01786095835268497 -0.04302842915058136 0.021435676142573357
v -0.015855314210057255 -0.04278796911239624 0.023035822436213493
v -0.01618889160454273 -0.040907129645347595 0.02333873324096203
v -0.01618889160454273 -0.040907129645347595 0.02333873324096203
v -0.015855314210057255 -0.04278796911239624 0.023035822436213493
v -0.014005945995450018 -0.04048936814069748 0.024761555716395378
v -0.011930679902434347 -0.039400000125169754 0.025882063433527946
v -0.014052430167794226 -0.039400000125169754 0.02479409985244274
v -0.014005945995450018 -0.04048936814069748 0.024761555716395378
v -0.014005945995450018 -0.04048936814069748 0.024761555716395378
v -0.014052430167794226 -0.039400000125169754 0.02479409985244274
v -0.017200222238898274 -0.039400000125169754 0.022723613306879997
v -0.014005945995450018 -0.04048936814069748 0.024761555716395378
v -0.017200222238898274 -0.039400000125169754 0.022723613306879997
v -0.01618889160454273 -0.040907129645347595 0.02333873324096203
v -0.01618889160454273 -0.040907129645347595 0.02333873324096203
v -0.017200222238898274 -0.039400000125169754 0.022723613306879997
v -0.018211128190159794 -0.041164182126522064 0.021755216643214226
v -0.01618889160454273 -0.040907129645347595 0.02333873324096203
v -0.018211128190159794 -0.041164182126522064 0.021755216643214226
v -0.01786095835268497 -0.04302842915058136 0.021435676142573357
v -0.01786095835268497 -0.04302842915058136 0.021435676142573357
v -0.018211128190159794 -0.041164182126522064 0.021755216643214226
v -0.01972943358123302 -0.04313172399997711 0.01969843916594982
v -0.01786095835268497 -0.04302842915058136 0.021435676142573357
v -0.01972943358123302 -0.04313172399997711 0.01969843916594982
v -0.019153008237481114 -0.044769711792469025 0.01915263943374157
v -0.019153008237481114 -0.044769711792469025 0.01915263943374157
v -0.01972943358123302 -0.04313172399997711 0.01969843916594982
v -0.021462263539433476 -0.04309936985373497 0.017825482413172722
v -0.019153008237481114 -0.044769711792469025 0.01915263943374157
v -0.021462263539433476 -0.04309936985373497 0.017825482413172722
v -0.02089433558285236 -0.04474585875868797 0.01728820614516735
v -0.02089433558285236 -0.04474585875868797 0.01728820614516735
v -0.021462263539433476 -0.04309936985373497 0.017825482413172722
v -0.02305709011852741 -0.04292901232838631 0.01581460051238537
v -0.02089433558285236 -0.04474585875868797 0.01728820614516735
v -0.02305709011852741 -0.04292901232838631 0.01581460051238537
v -0.022505672648549076 -0.04459201171994209 0.015293833799660206
v -0.022505672648549076 -0.04459201171994209 0.015293833799660206
v -0.02305709011852741 -0.04292901232838631 0.01581460051238537
v -0.02450689114630222 -0.04261362925171852 0.01365863997489214
v -0.022505672648549076 -0.04459201171994209 0.015293833799660206
v -0.02450689114630222 -0.04261362925171852 0.01365863997489214
v -0.023982511833310124 -0.04430367052555084 0.013164875097572803
v -0.023982511833310124 -0.04430367052555084 0.013164875097572803
v -0.02450689114630222 -0.04261362925171852 0.01365863997489214
v -0.025797603651881214 -0.04213916137814522 0.011343595571815968
v -0.023982511833310124 -0.04430367052555084 0.013164875097572803
v -0.025797603651881214 -0.04213916137814522 0.011343595571815968
v -0.025315014645457264 -0.043870989233255386 0.01089161355048418
v -0.025315014645457264 -0.043870989233255386 0.01089161355048418
v -0.025797603651881214 -0.04213916137814522 0.011343595571815968
v -0.026903329417109486 -0.04147970303893089 0.008843538351356983
v -0.025315014645457264 -0.043870989233255386 0.01089161355048418
v -0.026903329417109486 -0.04147970303893089 0.008843538351356983
v -0.026484271511435505 -0.04327506199479103 0.008455154486000538
v -0.026484271511435505 -0.04327506199479103 0.008455154486000538
v -0.026903329417109486 -0.04147970303893089 0.008843538351356983
v -0.027777979150414463 -0.04058917239308357 0.006112453993409872
v -0.026484271511435505 -0.04327506199479103 0.008455154486000538
v -0.027777979150414463 -0.04058917239308357 0.006112453993409872
v -0.027455309405922886 -0.042480919510126114 0.005820450838655233
v -0.027455309405922886 -0.042480919510126114 0.005820450838655233
v -0.027777979150414463 -0.04058917239308357 0.006112453993409872
v -0.028298219665884968 -0.039400000125169754 0.0033759449142962694
v -0.027455309405922886 -0.042480919510126114 0.005820450838655233
v -0.028298219665884968 -0.039400000125169754 0.0033759449142962694
v -0.028163978829979893 -0.041424401104450226 0.002923307241871953
v -0.028163978829979893 -0.041424401104450226 0.002923307241871953
v -0.028298219665884968 -0.039400000125169754 0.0033759449142962694
v -0.02833372168242931 -0.039400000125169754 0.0030637357849627733
v -0.028163978829979893 -0.041424401104450226 0.002923307241871953
v -0.02833372168242931 -0.039400000125169754 0.0030637357849627733
v -0.02844944410026073 -0.039400000125169754 0.0016778085846453905
v -0.011653339490294455 -0.039400000125169754 0.026008127257227898
v -0.011930679902434347 -0.039400000125169754 0.025882063433527946
v -0.011640628799796103 -0.03988923504948616 0.026001987978816032
v -0.011640628799796103 -0.03988923504948616 0.026001987978816032
v -0.011930679902434347 -0.039400000125169754 0.025882063433527946
v -0.014005945995450018 -0.04048936814069748 0.024761555716395378
v -0.011640628799796103 -0.03988923504948616 0.026001987978816032
v -0.014005945995450018 -0.04048936814069748 0.024761555716395378
v -0.013706376776099203 -0.04240421578288078 0.024492619559168816
v -0.013706376776099203 -0.04240421578288078 0.024492619559168816
v -0.014005945995450018 -0.04048936814069748 0.024761555716395378
v -0.015855314210057255 -0.04278796911239624 0.023035822436213493
v -0.013706376776099203 -0.04240421578288078 0.024492619559168816
v -0.015855314210057255 -0.04278796911239624 0.023035822436213493
v -0.015283891931176184 -0.044430963695049286 0.022495029494166374
v -0.015283891931176184 -0.044430963695049286 0.022495029494166374
v -0.015855314210057255 -0.04278796911239624 0.023035822436213493
v -0.017283095046877858 -0.044664982706308365 0.02088850550353527
v -0.015283891931176184 -0.044430963695049286 0.022495029494166374
v -0.017283095046877858 -0.044664982706308365 0.02088850550353527
v -0.016502620652317997 -0.04609892517328262 0.020138679072260857
v -0.016502620652317997 -0.04609892517328262 0.020138679072260857
v -0.017283095046877858 -0.044664982706308365 0.02088850550353527
v -0.018376866355538365 -0.04620799049735069 0.01840716414153576
v -0.016502620652317997 -0.04609892517328262 0.020138679072260857
v -0.018376866355538365 -0.04620799049735069 0.01840716414153576
v -0.01742681302130222 -0.04747235029935837 0.01748776249587536
v -0.01742681302130222 -0.04747235029935837 0.01748776249587536
v -0.018376866355538365 -0.04620799049735069 0.01840716414153576
v -0.020125797018408772 -0.0461917370557785 0.01655036024749279
v -0.01742681302130222 -0.04747235029935837 0.01748776249587536
v -0.020125797018408772 -0.0461917370557785 0.01655036024749279
v -0.019181268289685246 -0.047461625188589096 0.015636442229151726
v -0.019181268289685246 -0.047461625188589096 0.015636442229151726
v -0.020125797018408772 -0.0461917370557785 0.01655036024749279
v -0.021749133244156834 -0.04604988917708397 0.014567908830940723
v -0.019181268289685246 -0.047461625188589096 0.015636442229151726
v -0.021749133244156834 -0.04604988917708397 0.014567908830940723
v -0.020811991766095158 -0.04732716456055641 0.013661441393196583
v -0.020811991766095158 -0.04732716456055641 0.013661441393196583
v -0.021749133244156834 -0.04604988917708397 0.014567908830940723
v -0.023244643583893772 -0.04578021913766861 0.012457665987312794
v -0.020811991766095158 -0.04732716456055641 0.013661441393196583
v -0.023244643583893772 -0.04578021913766861 0.012457665987312794
v -0.022318815812468525 -0.04706880450248718 0.011562523432075977
v -0.022318815812468525 -0.04706880450248718 0.011562523432075977
v -0.023244643583893772 -0.04578021913766861 0.012457665987312794
v -0.024605737999081608 -0.04537612944841385 0.010213014669716358
v -0.022318815812468525 -0.04706880450248718 0.011562523432075977
v -0.024605737999081608 -0.04537612944841385 0.010213014669716358
v -0.023698082193732258 -0.04668289050459862 0.00933599192649126
v -0.023698082193732258 -0.04668289050459862 0.00933599192649126
v -0.024605737999081608 -0.04537612944841385 0.010213014669716358
v -0.025818625465035435 -0.04482383280992508 0.007820126600563526
v -0.023698082193732258 -0.04668289050459862 0.00933599192649126
v -0.025818625465035435 -0.04482383280992508 0.007820126600563526
v -0.024939736351370808 -0.04615936055779457 0.0069718933664262295
v -0.024939736351370808 -0.04615936055779457 0.0069718933664262295
v -0.025818625465035435 -0.04482383280992508 0.007820126600563526
v -0.026855746284127232 -0.04409577324986458 0.00525152450427413
v -0.024939736351370808 -0.04615936055779457 0.0069718933664262295
v -0.026855746284127232 -0.04409577324986458 0.00525152450427413
v -0.026023449376225468 -0.045477889478206635 0.004449842032045126
v -0.026023449376225468 -0.045477889478206635 0.004449842032045126
v -0.026855746284127232 -0.04409577324986458 0.00525152450427413
v -0.027668690308928486 -0.043143533170223236 0.002458689035847783
v -0.026023449376225468 -0.045477889478206635 0.004449842032045126
v -0.027668690308928486 -0.043143533170223236 0.002458689035847783
v -0.026915522292256352 -0.04460477828979492 0.001736161531880498
v -0.026915522292256352 -0.04460477828979492 0.001736161531880498
v -0.027668690308928486 -0.043143533170223236 0.002458689035847783
v -0.027561133727431294 -0.04354904964566231 -2.5509288015257425e-09
v -0.026915522292256352 -0.04460477828979492 0.001736161531880498
v -0.027561133727431294 -0.04354904964566231 -2.5509288015257425e-09
v -0.02721280418336391 -0.044190987944602966 -2.5509288015257425e-09
v -0.026915522292256352 -0.04460477828979492 0.001736161531880498
v -0.025003297254443165 -0.04667215049266815 0.0034603450912982225
v -0.026023449376225468 -0.045477889478206635 0.004449842032045126
v -0.026023449376225468 -0.045477889478206635 0.004449842032045126
v -0.025003297254443165 -0.04667215049266815 0.0034603450912982225
v -0.023882864043116566 -0.04731690511107445 0.005945680197328329
v -0.026023449376225468 -0.045477889478206635 0.004449842032045126
v -0.023882864043116566 -0.04731690511107445 0.005945680197328329
v -0.024939736351370808 -0.04615936055779457 0.0069718933664262295
v -0.024939736351370808 -0.04615936055779457 0.0069718933664262295
v -0.023882864043116566 -0.04731690511107445 0.005945680197328329
v -0.0226209070533514 -0.04782013222575188 0.008289513178169727
v -0.024939736351370808 -0.04615936055779457 0.0069718933664262295
v -0.0226209070533514 -0.04782013222575188 0.008289513178169727
v -0.023698082193732258 -0.04668289050459862 0.00933599192649126
v -0.023698082193732258 -0.04668289050459862 0.00933599192649126
v -0.0226209070533514 -0.04782013222575188 0.008289513178169727
v -0.021230699494481083 -0.04819510132074356 0.010505017824470997
v -0.023698082193732258 -0.04668289050459862 0.00933599192649126
v -0.021230699494481083 -0.04819510132074356 0.010505017824470997
v -0.022318815812468525 -0.04706880450248718 0.011562523432075977
v -0.022318815812468525 -0.04706880450248718 0.011562523432075977
v -0.021230699494481083 -0.04819510132074356 0.010505017824470997
v -0.019718384370207783 -0.048447974026203156 0.012598452158272266
v -0.022318815812468525 -0.04706880450248718 0.011562523432075977
v -0.019718384370207783 -0.048447974026203156 0.012598452158272266
v -0.020811991766095158 -0.04732716456055641 0.013661441393196583
v -0.020811991766095158 -0.04732716456055641 0.013661441393196583
v -0.019718384370207783 -0.048447974026203156 0.012598452158272266
v -0.018084870651364323 -0.04857964441180229 0.014570710249245167
v -0.020811991766095158 -0.04732716456055641 0.013661441393196583
v -0.018084870651364323 -0.04857964441180229 0.014570710249245167
v -0.019181268289685246 -0.047461625188589096 0.015636442229151726
v -0.019181268289685246 -0.047461625188589096 0.015636442229151726
v -0.018084870651364323 -0.04857964441180229 0.014570710249245167
v -0.01632800884544849 -0.04858796298503876 0.016419587656855583
v -0.019181268289685246 -0.047461625188589096 0.015636442229151726
v -0.01632800884544849 -0.04858796298503876 0.016419587656855583
v -0.01742681302130222 -0.04747235029935837 0.01748776249587536
v -0.01742681302130222 -0.04747235029935837 0.01748776249587536
v -0.01632800884544849 -0.04858796298503876 0.016419587656855583
v -0.015547541901469229 -0.04735826328396797 0.019214270636439323
v -0.01742681302130222 -0.04747235029935837 0.01748776249587536
v -0.015547541901469229 -0.04735826328396797 0.019214270636439323
v -0.016502620652317997 -0.04609892517328262 0.020138679072260857
v -0.016502620652317997 -0.04609892517328262 0.020138679072260857
v -0.015547541901469229 -0.04735826328396797 0.019214270636439323
v -0.0145025048404932 -0.04586399346590042 0.02174430899322033
v -0.016502620652317997 -0.04609892517328262 0.020138679072260857
v -0.0145025048404932 -0.04586399346590042 0.02174430899322033
v -0.015283891931176184 -0.044430963695049286 0.022495029494166374
v -0.015283891931176184 -0.044430963695049286 0.022495029494166374
v -0.0145025048404932 -0.04586399346590042 0.02174430899322033
v -0.013152109459042547 -0.04406436160206795 0.02396899275481701
v -0.015283891931176184 -0.044430963695049286 0.022495029494166374
v -0.013152109459042547 -0.04406436160206795 0.02396899275481701
v -0.013706376776099203 -0.04240421578288078 0.024492619559168816
v -0.013706376776099203 -0.04240421578288078 0.024492619559168816
v -0.013152109459042547 -0.04406436160206795 0.02396899275481701
v -0.01140068285167217 -0.04186370596289635 0.025792716071009636
v -0.013706376776099203 -0.04240421578288078 0.024492619559168816
v -0.01140068285167217 -0.04186370596289635 0.025792716071009636
v -0.011640628799796103 -0.03988923504948616 0.026001987978816032
v -0.011640628799796103 -0.03988923504948616 0.026001987978816032
v -0.01140068285167217 -0.04186370596289635 0.025792716071009636
v -0.010363211855292319 -0.039400000125169754 0.02654862217605114
v -0.011640628799796103 -0.03988923504948616 0.026001987978816032
v -0.010363211855292319 -0.039400000125169754 0.02654862217605114
v -0.011653339490294455 -0.039400000125169754 0.026008127257227898
v -0.013767933472990988 -0.05045672133564949 0.013920840807259083
v -0.0118879247456789 -0.0503418929874897 0.015646575018763542
v -0.013219101354479788 -0.04945865273475647 0.01694708876311779
v -0.013219101354479788 -0.04945865273475647 0.01694708876311779
v -0.0118879247456789 -0.0503418929874897 0.015646575018763542
v -0.011206278577446936 -0.049211014062166214 0.018540022894740105
v -0.013219101354479788 -0.04945865273475647 0.01694708876311779
v -0.011206278577446936 -0.049211014062166214 0.018540022894740105
v -0.01243527792394161 -0.04822559654712677 0.019738374277949333
v -0.01243527792394161 -0.04822559654712677 0.019738374277949333
v -0.011206278577446936 -0.049211014062166214 0.018540022894740105
v -0.010299494490027426 -0.04785499721765518 0.021208344027400017
v -0.01243527792394161 -0.04822559654712677 0.019738374277949333
v -0.010299494490027426 -0.04785499721765518 0.021208344027400017
v -0.011412052437663077 -0.046753138303756714 0.022290287539362907
v -0.011412052437663077 -0.046753138303756714 0.022290287539362907
v -0.010299494490027426 -0.04785499721765518 0.021208344027400017
v -0.009153971448540686 -0.04626023769378662 0.02363794855773449
v -0.011412052437663077 -0.046753138303756714 0.022290287539362907
v -0.009153971448540686 -0.04626023769378662 0.02363794855773449
v -0.010115874931216238 -0.04500772804021835 0.024569211527705193
v -0.010115874931216238 -0.04500772804021835 0.024569211527705193
v -0.009153971448540686 -0.04626023769378662 0.02363794855773449
v -0.007715234532952308 -0.04437226802110672 0.02577429823577404
v -0.010115874931216238 -0.04500772804021835 0.024569211527705193
v -0.007715234532952308 -0.04437226802110672 0.02577429823577404
v -0.00845208205282688 -0.04289470240473747 0.02648049406707287
v -0.00845208205282688 -0.04289470240473747 0.02648049406707287
v -0.007715234532952308 -0.04437226802110672 0.02577429823577404
v -0.005834655836224555 -0.042042456567287445 0.027468858286738396
v -0.0118879247456789 -0.0503418929874897 0.015646575018763542
v -0.009875444695353506 -0.0500945970416069 0.01723986677825451
v -0.011206278577446936 -0.049211014062166214 0.018540022894740105
v -0.011206278577446936 -0.049211014062166214 0.018540022894740105
v -0.009875444695353506 -0.0500945970416069 0.01723986677825451
v -0.007736293599009513 -0.049720630049705505 0.018706439062952995
v -0.011206278577446936 -0.049211014062166214 0.018540022894740105
v -0.007736293599009513 -0.049720630049705505 0.018706439062952995
v -0.010299494490027426 -0.04785499721765518 0.021208344027400017
v -0.010299494490027426 -0.04785499721765518 0.021208344027400017
v -0.007736293599009513 -0.049720630049705505 0.018706439062952995
v -0.00803936831653118 -0.04736005514860153 0.022553978487849236
v -0.010299494490027426 -0.04785499721765518 0.021208344027400017
v -0.00803936831653118 -0.04736005514860153 0.022553978487849236
v -0.009153971448540686 -0.04626023769378662 0.02363794855773449
v -0.009153971448540686 -0.04626023769378662 0.02363794855773449
v -0.00803936831653118 -0.04736005514860153 0.022553978487849236
v -0.006762875244021415 -0.045634325593709946 0.0248525720089674
v -0.009153971448540686 -0.04626023769378662 0.02363794855773449
v -0.006762875244021415 -0.045634325593709946 0.0248525720089674
v -0.007715234532952308 -0.04437226802110672 0.02577429823577404
v -0.007715234532952308 -0.04437226802110672 0.02577429823577404
v -0.006762875244021415 -0.045634325593709946 0.0248525720089674
v -0.005150819197297095 -0.043573036789894104 0.02681565098464489
v -0.007715234532952308 -0.04437226802110672 0.02577429823577404
v -0.005150819197297095 -0.043573036789894104 0.02681565098464489
v -0.005834655836224555 -0.042042456567287445 0.027468858286738396
v -0.005834655836224555 -0.042042456567287445 0.027468858286738396
v -0.005150819197297095 -0.043573036789894104 0.02681565098464489
v -0.002377921715378761 -0.04256531968712807 0.027648506686091423
v -0.005834655836224555 -0.042042456567287445 0.027468858286738396
v -0.002377921715378761 -0.04256531968712807 0.027648506686091423
v -0.002713898196816444 -0.04179408773779869 0.02796912007033825
v -0.002713898196816444 -0.04179408773779869 0.02796912007033825
v -0.002377921715378761 -0.04256531968712807 0.027648506686091423
v 1.5254153140631386e-06 -0.04084381088614464 0.02833235077559948
v -0.002713898196816444 -0.04179408773779869 0.02796912007033825
v 1.5254153140631386e-06 -0.04084381088614464 0.02833235077559948
v -0.0013784040929749606 -0.04023398086428642 0.028421221300959587
v -0.0013784040929749606 -0.04023398086428642 0.028421221300959587
v 1.5254153140631386e-06 -0.04084381088614464 0.02833235077559948
v 1.1230839618292519e-06 -0.039400000125169754 0.02850007824599743
v -0.0013784040929749606 -0.04023398086428642 0.028421221300959587
v 1.1230839618292519e-06 -0.039400000125169754 0.02850007824599743
v -0.0014314969303086398 -0.039400000125169754 0.028463957831263542
v -0.0021718386560678478 -0.039400000125169754 0.02841704897582531
v -0.0030901934951543804 -0.03995596989989281 0.02831476740539074
v -0.0029581654816865917 -0.040931154042482376 0.0281981211155653
v -0.0029581654816865917 -0.040931154042482376 0.0281981211155653
v -0.0030901934951543804 -0.03995596989989281 0.02831476740539074
v -0.006055833771824836 -0.041156426072120667 0.02767467312514782
v -0.0029581654816865917 -0.040931154042482376 0.0281981211155653
v -0.006055833771824836 -0.041156426072120667 0.02767467312514782
v -0.005834655836224555 -0.042042456567287445 0.027468858286738396
v -0.005834655836224555 -0.042042456567287445 0.027468858286738396
v -0.006055833771824836 -0.041156426072120667 0.02767467312514782
v -0.008911667391657828 -0.0411398708820343 0.02690940909087658
v -0.005834655836224555 -0.042042456567287445 0.027468858286738396
v -0.008911667391657828 -0.0411398708820343 0.02690940909087658
v -0.00845208205282688 -0.04289470240473747 0.02648049406707287
v -0.00845208205282688 -0.04289470240473747 0.02648049406707287
v -0.008911667391657828 -0.0411398708820343 0.02690940909087658
v -0.010880174115300177 -0.04355761036276817 0.0253028254956007
v -0.00845208205282688 -0.04289470240473747 0.02648049406707287
v -0.010880174115300177 -0.04355761036276817 0.0253028254956007
v -0.010115874931216238 -0.04500772804021835 0.024569211527705193
v -0.010115874931216238 -0.04500772804021835 0.024569211527705193
v -0.010880174115300177 -0.04355761036276817 0.0253028254956007
v -0.012374958023428915 -0.045501627027988434 0.023222504183650017
v -0.010115874931216238 -0.04500772804021835 0.024569211527705193
v -0.012374958023428915 -0.045501627027988434 0.023222504183650017
v -0.011412052437663077 -0.046753138303756714 0.022290287539362907
v -0.011412052437663077 -0.046753138303756714 0.022290287539362907
v -0.012374958023428915 -0.045501627027988434 0.023222504183650017
v -0.013542743399739264 -0.0471186488866806 0.02081519179046154
v -0.011412052437663077 -0.046753138303756714 0.022290287539362907
v -0.013542743399739264 -0.0471186488866806 0.02081519179046154
v -0.01243527792394161 -0.04822559654712677 0.019738374277949333
v -0.01243527792394161 -0.04822559654712677 0.019738374277949333
v -0.013542743399739264 -0.0471186488866806 0.02081519179046154
v -0.014445131644606589 -0.04847026988863945 0.01814245991408825
v -0.01243527792394161 -0.04822559654712677 0.019738374277949333
v -0.014445131644606589 -0.04847026988863945 0.01814245991408825
v -0.013219101354479788 -0.04945865273475647 0.01694708876311779
v -0.013219101354479788 -0.04945865273475647 0.01694708876311779
v -0.014445131644606589 -0.04847026988863945 0.01814245991408825
v -0.015102548524737356 -0.04957691580057144 0.015224811621010303
v -0.013219101354479788 -0.04945865273475647 0.01694708876311779
v -0.015102548524737356 -0.04957691580057144 0.015224811621010303
v -0.013767933472990988 -0.05045672133564949 0.013920840807259083
v -0.013767933472990988 -0.05045672133564949 0.013920840807259083
v -0.015102548524737356 -0.04957691580057144 0.015224811621010303
v -0.016857841983437535 -0.049567028880119324 0.013374325819313526
v -0.013767933472990988 -0.05045672133564949 0.013920840807259083
v -0.016857841983437535 -0.049567028880119324 0.013374325819313526
v -0.015517076477408407 -0.05044068023562431 0.01206421572715044
v -0.015517076477408407 -0.05044068023562431 0.01206421572715044
v -0.016857841983437535 -0.049567028880119324 0.013374325819313526
v -0.018489660695195195 -0.049433667212724686 0.011400398798286915
v -0.015517076477408407 -0.05044068023562431 0.01206421572715044
v -0.018489660695195195 -0.049433667212724686 0.011400398798286915
v -0.017142890021204945 -0.050301309674978256 0.010084268637001514
v -0.017142890021204945 -0.050301309674978256 0.010084268637001514
v -0.018489660695195195 -0.049433667212724686 0.011400398798286915
v -0.020002940669655796 -0.04918175935745239 0.009307918138802052
v -0.017142890021204945 -0.050301309674978256 0.010084268637001514
v -0.020002940669655796 -0.04918175935745239 0.009307918138802052
v -0.018653603270649907 -0.05004684254527092 0.00798922497779131
v -0.018653603270649907 -0.05004684254527092 0.00798922497779131
v -0.020002940669655796 -0.04918175935745239 0.009307918138802052
v -0.02139964140951633 -0.04881327971816063 0.0070988512597978115
v -0.018653603270649907 -0.05004684254527092 0.00798922497779131
v -0.02139964140951633 -0.04881327971816063 0.0070988512597978115
v -0.020054260268807408 -0.049682315438985825 0.0057841516099870205
v -0.020054260268807408 -0.049682315438985825 0.0057841516099870205
v -0.02139964140951633 -0.04881327971816063 0.0070988512597978115
v -0.02267745696008205 -0.04832591116428375 0.004770932253450155
v -0.020054260268807408 -0.049682315438985825 0.0057841516099870205
v -0.02267745696008205 -0.04832591116428375 0.004770932253450155
v -0.021345721557736393 -0.049208592623472214 0.003469881834462285
v -0.021345721557736393 -0.049208592623472214 0.003469881834462285
v -0.02267745696008205 -0.04832591116428375 0.004770932253450155
v -0.02382944710552692 -0.047712717205286026 0.0023171876091510057
v -0.021345721557736393 -0.049208592623472214 0.003469881834462285
v -0.02382944710552692 -0.047712717205286026 0.0023171876091510057
v -0.022526038810610768 -0.04862372577190399 0.0010443900246173143
v 1.2497439456637947e-06 -0.0528753437101841 0.011112925596535206
v 1.0113252528753944e-06 -0.05187024176120758 0.014488992281258106
v -0.0015942548634484408 -0.05243625119328499 0.012687024660408497
v -0.0015942548634484408 -0.05243625119328499 0.012687024660408497
v 1.0113252528753944e-06 -0.05187024176120758 0.014488992281258106
v -0.004823448136448859 -0.05123661458492279 0.015854952856898308
v -0.0015942548634484408 -0.05243625119328499 0.012687024660408497
v -0.004823448136448859 -0.05123661458492279 0.015854952856898308
v -0.0036992412060499187 -0.05277605727314949 0.011186239309608936
v -0.0036992412060499187 -0.05277605727314949 0.011186239309608936
v -0.004823448136448859 -0.05123661458492279 0.015854952856898308
v -0.006952950730919837 -0.05160093307495117 0.014378664083778858
v -0.0036992412060499187 -0.05277605727314949 0.011186239309608936
v -0.006952950730919837 -0.05160093307495117 0.014378664083778858
v -0.005678342655301093 -0.05298997461795807 0.009559628553688526
v -0.005678342655301093 -0.05298997461795807 0.009559628553688526
v -0.006952950730919837 -0.05160093307495117 0.014378664083778858
v -0.008954441174864767 -0.051837243139743805 0.01277440506964922
v -0.005678342655301093 -0.05298997461795807 0.009559628553688526
v -0.008954441174864767 -0.051837243139743805 0.01277440506964922
v -0.007504904642701148 -0.05305135250091553 0.007780430372804403
v -0.007504904642701148 -0.05305135250091553 0.007780430372804403
v -0.008954441174864767 -0.051837243139743805 0.01277440506964922
v -0.010814784094691275 -0.051932401955127716 0.011029002256691456
v -0.007504904642701148 -0.05305135250091553 0.007780430372804403
v -0.010814784094691275 -0.051932401955127716 0.011029002256691456
v -0.009188147261738775 -0.05296941474080086 0.005857882555574179
v -0.009188147261738775 -0.05296941474080086 0.005857882555574179
v -0.010814784094691275 -0.051932401955127716 0.011029002256691456
v -0.012537771835923193 -0.05189020559191704 0.009146210737526417
v -0.009188147261738775 -0.05296941474080086 0.005857882555574179
v -0.012537771835923193 -0.05189020559191704 0.009146210737526417
v -0.010764302685856817 -0.0527803897857666 0.003828284563496709
v -0.010764302685856817 -0.0527803897857666 0.003828284563496709
v -0.012537771835923193 -0.05189020559191704 0.009146210737526417
v -0.014140265062451361 -0.05172751843929291 0.007142958696931601
v -0.010764302685856817 -0.0527803897857666 0.003828284563496709
v -0.014140265062451361 -0.05172751843929291 0.007142958696931601
v -0.01563923247158527 -0.05146130174398422 0.0050361729227006435
v 1.145435817306861e-06 -0.0539073720574379 0.004295942839235067
v 9.889736247714607e-07 -0.05355226993560791 0.007711587008088827
v -6.178962212288751e-05 -0.05356743931770325 0.007610139902681112
v -6.178962212288751e-05 -0.05356743931770325 0.007610139902681112
v 9.889736247714607e-07 -0.05355226993560791 0.007711587008088827
v -0.0036992412060499187 -0.05277605727314949 0.011186239309608936
v -6.178962212288751e-05 -0.05356743931770325 0.007610139902681112
v -0.0036992412060499187 -0.05277605727314949 0.011186239309608936
v -0.002003790810704231 -0.053744252771139145 0.005946335848420858
v -0.002003790810704231 -0.053744252771139145 0.005946335848420858
v -0.0036992412060499187 -0.05277605727314949 0.011186239309608936
v -0.005678342655301093 -0.05298997461795807 0.009559628553688526
v -0.002003790810704231 -0.053744252771139145 0.005946335848420858
v -0.005678342655301093 -0.05298997461795807 0.009559628553688526
v -0.003797216340899467 -0.05377249792218208 0.004134056624025106
v -0.003797216340899467 -0.05377249792218208 0.004134056624025106
v -0.005678342655301093 -0.05298997461795807 0.009559628553688526
v -0.007504904642701148 -0.05305135250091553 0.007780430372804403
v -0.003797216340899467 -0.05377249792218208 0.004134056624025106
v -0.007504904642701148 -0.05305135250091553 0.007780430372804403
v -0.005457473918795585 -0.053667571395635605 0.0021885607857257128
v -0.005457473918795585 -0.053667571395635605 0.0021885607857257128
v -0.007504904642701148 -0.05305135250091553 0.007780430372804403
v -0.009188147261738775 -0.05296941474080086 0.005857882555574179
v -0.005457473918795585 -0.053667571395635605 0.0021885607857257128
v -0.009188147261738775 -0.05296941474080086 0.005857882555574179
v -0.00704018585383892 -0.05348510295152664 0.0001655195519560948
v -0.00704018585383892 -0.05348510295152664 0.0001655195519560948
v -0.009188147261738775 -0.05296941474080086 0.005857882555574179
v -0.010764302685856817 -0.0527803897857666 0.003828284563496709
v -0.00704018585383892 -0.05348510295152664 0.0001655195519560948
v -0.010764302685856817 -0.0527803897857666 0.003828284563496709
v -0.011427221819758413 -0.05270924046635628 -2.5509288015257425e-09
v -0.011427221819758413 -0.05270924046635628 -2.5509288015257425e-09
v -0.010764302685856817 -0.0527803897857666 0.003828284563496709
v -0.012920768931508063 -0.052363283932209015 5.705371464159725e-08
v -0.02721280418336391 -0.044190987944602966 -2.5509288015257425e-09
v -0.026220059022307392 -0.04557756334543228 5.705371464159725e-08
v -0.026915522292256352 -0.04460477828979492 0.001736161531880498
v -0.026915522292256352 -0.04460477828979492 0.001736161531880498
v -0.026220059022307392 -0.04557756334543228 5.705371464159725e-08
v -0.025961065664887425 -0.045864738523960114 0.000812408747151494
v -0.026915522292256352 -0.04460477828979492 0.001736161531880498
v -0.025961065664887425 -0.045864738523960114 0.000812408747151494
v -0.025003297254443165 -0.04667215049266815 0.0034603450912982225
v -0.025003297254443165 -0.04667215049266815 0.0034603450912982225
v -0.025961065664887425 -0.045864738523960114 0.000812408747151494
v -0.024846816435456272 -0.04695817083120346 -2.5509288015257425e-09
v -0.025003297254443165 -0.04667215049266815 0.0034603450912982225
v -0.024846816435456272 -0.04695817083120346 -2.5509288015257425e-09
v -0.02382944710552692 -0.047712717205286026 0.0023171876091510057
v -0.02382944710552692 -0.047712717205286026 0.0023171876091510057
v -0.024846816435456272 -0.04695817083120346 -2.5509288015257425e-09
v -0.02301065437495708 -0.04832836240530014 -2.5509288015257425e-09
v -0.02382944710552692 -0.047712717205286026 0.0023171876091510057
v -0.02301065437495708 -0.04832836240530014 -2.5509288015257425e-09
v -0.022526038810610768 -0.04862372577190399 0.0010443900246173143
v -0.022526038810610768 -0.04862372577190399 0.0010443900246173143
v -0.02301065437495708 -0.04832836240530014 -2.5509288015257425e-09
v -0.02085631154477596 -0.04955397546291351 5.705371464159725e-08
v -0.022526038810610768 -0.04862372577190399 0.0010443900246173143
v -0.02085631154477596 -0.04955397546291351 5.705371464159725e-08
v -0.021345721557736393 -0.049208592623472214 0.003469881834462285
v -0.021345721557736393 -0.049208592623472214 0.003469881834462285
v -0.02085631154477596 -0.04955397546291351 5.705371464159725e-08
v -0.018364747986197468 -0.050656452775001526 0.0005502079147845507
v -0.021345721557736393 -0.049208592623472214 0.003469881834462285
v -0.018364747986197468 -0.050656452775001526 0.0005502079147845507
v -0.020054260268807408 -0.049682315438985825 0.0057841516099870205
v -0.020054260268807408 -0.049682315438985825 0.0057841516099870205
v -0.018364747986197468 -0.050656452775001526 0.0005502079147845507
v -0.01704532094299793 -0.051102206110954285 0.0028365228790789843
v -0.020054260268807408 -0.049682315438985825 0.0057841516099870205
v -0.01704532094299793 -0.051102206110954285 0.0028365228790789843
v -0.018653603270649907 -0.05004684254527092 0.00798922497779131
v -0.018653603270649907 -0.05004684254527092 0.00798922497779131
v -0.01704532094299793 -0.051102206110954285 0.0028365228790789843
v -0.01563923247158527 -0.05146130174398422 0.0050361729227006435
v -0.018653603270649907 -0.05004684254527092 0.00798922497779131
v -0.01563923247158527 -0.05146130174398422 0.0050361729227006435
v -0.017142890021204945 -0.050301309674978256 0.010084268637001514
v -0.017142890021204945 -0.050301309674978256 0.010084268637001514
v -0.01563923247158527 -0.05146130174398422 0.0050361729227006435
v -0.014140265062451361 -0.05172751843929291 0.007142958696931601
v -0.017142890021204945 -0.050301309674978256 0.010084268637001514
v -0.014140265062451361 -0.05172751843929291 0.007142958696931601
v -0.015517076477408407 -0.05044068023562431 0.01206421572715044
v -0.015517076477408407 -0.05044068023562431 0.01206421572715044
v -0.014140265062451361 -0.05172751843929291 0.007142958696931601
v -0.012537771835923193 -0.05189020559191704 0.009146210737526417
v -0.015517076477408407 -0.05044068023562431 0.01206421572715044
v -0.012537771835923193 -0.05189020559191704 0.009146210737526417
v -0.013767933472990988 -0.05045672133564949 0.013920840807259083
v -0.013767933472990988 -0.05045672133564949 0.013920840807259083
v -0.012537771835923193 -0.05189020559191704 0.009146210737526417
v -0.010814784094691275 -0.051932401955127716 0.011029002256691456
v -0.013767933472990988 -0.05045672133564949 0.013920840807259083
v -0.010814784094691275 -0.051932401955127716 0.011029002256691456
v -0.0118879247456789 -0.0503418929874897 0.015646575018763542
v -0.0118879247456789 -0.0503418929874897 0.015646575018763542
v -0.010814784094691275 -0.051932401955127716 0.011029002256691456
v -0.008954441174864767 -0.051837243139743805 0.01277440506964922
v -0.0118879247456789 -0.0503418929874897 0.015646575018763542
v -0.008954441174864767 -0.051837243139743805 0.01277440506964922
v -0.009875444695353506 -0.0500945970416069 0.01723986677825451
v -0.009875444695353506 -0.0500945970416069 0.01723986677825451
v -0.008954441174864767 -0.051837243139743805 0.01277440506964922
v -0.006952950730919837 -0.05160093307495117 0.014378664083778858
v -0.009875444695353506 -0.0500945970416069 0.01723986677825451
v -0.006952950730919837 -0.05160093307495117 0.014378664083778858
v -0.007736293599009513 -0.049720630049705505 0.018706439062952995
v -0.007736293599009513 -0.049720630049705505 0.018706439062952995
v -0.006952950730919837 -0.05160093307495117 0.014378664083778858
v -0.004823448136448859 -0.05123661458492279 0.015854952856898308
v -0.007736293599009513 -0.049720630049705505 0.018706439062952995
v -0.004823448136448859 -0.05123661458492279 0.015854952856898308
v -0.005480581894516944 -0.04923010244965553 0.020056484267115593
v -0.005480581894516944 -0.04923010244965553 0.020056484267115593
v -0.004823448136448859 -0.05123661458492279 0.015854952856898308
v -0.0025868955999612804 -0.050765249878168106 0.017224131152033806
v -0.005480581894516944 -0.04923010244965553 0.020056484267115593
v -0.0025868955999612804 -0.050765249878168106 0.017224131152033806
v -0.003119265660643577 -0.048633962869644165 0.021300969645380974
v -0.003119265660643577 -0.048633962869644165 0.021300969645380974
v -0.0025868955999612804 -0.050765249878168106 0.017224131152033806
v 1.1379851230230995e-06 -0.05062282085418701 0.017618177458643913
v -0.003119265660643577 -0.048633962869644165 0.021300969645380974
v 1.1379851230230995e-06 -0.05062282085418701 0.017618177458643913
v 9.144677619588036e-07 -0.049220889806747437 0.020391223952174187
v -0.022914106026291844 -0.028722280636429787 -0.03197646513581276
v -0.022403659299015995 -0.02719627134501934 -0.03562301769852638
v -0.022481506690382954 -0.029711289331316948 -0.03370082750916481
v -0.0013601576210930941 -0.047092780470848083 -0.03242260590195656
v 1.1230839618292519e-06 -0.04709595814347267 -0.03242165222764015
v 1.4881624110785194e-06 -0.0488305389881134 -0.028503062203526497
v 3.7978425098117437e-06 -0.053906138986349106 -0.004292192403227091
v -0.004215424880385398 -0.053722504526376724 -0.004300894681364298
v -0.0042144935578107825 -0.053463682532310486 -0.00850397627800703
v 3.7978425098117437e-06 -0.053906138986349106 -0.004292192403227091
v -0.0042144935578107825 -0.053463682532310486 -0.00850397627800703
v 5.1314964366611085e-06 -0.053532522171735764 -0.009393992833793163
v 5.1314964366611085e-06 -0.053532522171735764 -0.009393992833793163
v -0.0042144935578107825 -0.053463682532310486 -0.00850397627800703
v -0.004252748563885688 -0.05300403758883476 -0.0126229552552104
v 5.1314964366611085e-06 -0.053532522171735764 -0.009393992833793163
v -0.004252748563885688 -0.05300403758883476 -0.0126229552552104
v 5.168749339645728e-06 -0.05313237011432648 -0.012595715932548046
v 5.168749339645728e-06 -0.05313237011432648 -0.012595715932548046
v -0.004252748563885688 -0.05300403758883476 -0.0126229552552104
v -0.004312148317694663 -0.052323631942272186 -0.01667201705276966
v 5.168749339645728e-06 -0.05313237011432648 -0.012595715932548046
v -0.004312148317694663 -0.052323631942272186 -0.01667201705276966
v 4.408790118759497e-06 -0.052281949669122696 -0.01730835624039173
v 4.408790118759497e-06 -0.052281949669122696 -0.01730835624039173
v -0.004312148317694663 -0.052323631942272186 -0.01667201705276966
v -0.004374647513031959 -0.05140253156423569 -0.020665409043431282
v 4.408790118759497e-06 -0.052281949669122696 -0.01730835624039173
v -0.004374647513031959 -0.05140253156423569 -0.020665409043431282
v 3.529621608322486e-06 -0.05147949978709221 -0.020626069977879524
v 3.529621608322486e-06 -0.05147949978709221 -0.020626069977879524
v -0.004374647513031959 -0.05140253156423569 -0.020665409043431282
v -0.004422193393111228 -0.050220787525177 -0.02461731620132923
v 3.529621608322486e-06 -0.05147949978709221 -0.020626069977879524
v -0.004422193393111228 -0.050220787525177 -0.02461731620132923
v 2.315176971023902e-06 -0.05017680674791336 -0.02490103431046009
v 2.315176971023902e-06 -0.05017680674791336 -0.02490103431046009
v -0.004422193393111228 -0.050220787525177 -0.02461731620132923
v -0.004436751827597617 -0.04875846952199936 -0.028542043641209602
v 2.315176971023902e-06 -0.05017680674791336 -0.02490103431046009
v -0.004436751827597617 -0.04875846952199936 -0.028542043641209602
v 1.4881624110785194e-06 -0.0488305389881134 -0.028503062203526497
v 1.4881624110785194e-06 -0.0488305389881134 -0.028503062203526497
v -0.004436751827597617 -0.04875846952199936 -0.028542043641209602
v -0.004030117765069007 -0.04701843485236168 -0.032446447759866714
v 1.4881624110785194e-06 -0.0488305389881134 -0.028503062203526497
v -0.004030117765069007 -0.04701843485236168 -0.032446447759866714
v -0.0013601576210930941 -0.047092780470848083 -0.03242260590195656
v -0.022914106026291844 -0.028722280636429787 -0.03197646513581276
v -0.022481506690382954 -0.029711289331316948 -0.03370082750916481
v -0.023374220356345173 -0.029863908886909485 -0.029445352032780647
v -0.025427738204598423 -0.036293502897024155 -0.019544484093785286
v -0.025609845295548436 -0.034429557621479034 -0.01958763785660267
v -0.025526067242026326 -0.034274011850357056 -0.019940020516514778
v -0.0246139895170927 -0.03252049908041954 -0.02377432771027088
v -0.02396115846931934 -0.03117532469332218 -0.026633860543370247
v -0.023302042856812474 -0.03182869777083397 -0.028941752389073372
v -0.023302042856812474 -0.03182869777083397 -0.028941752389073372
v -0.02396115846931934 -0.03117532469332218 -0.026633860543370247
v -0.023929825052618977 -0.03110821358859539 -0.026776494458317757
v -0.02776890806853771 -0.04057146608829498 -0.007569971028715372
v -0.027890959754586216 -0.038408271968364716 -0.00823927205055952
v -0.0273458007723093 -0.037497472018003464 -0.011575940065085888
v -0.028252022340893742 -0.039001330733299255 -0.005180420819669962
v -0.028226094320416447 -0.04133770242333412 -0.002567889867350459
v -0.02845264412462711 -0.039323724806308746 -0.0022482897620648146
v -0.02845264412462711 -0.039323724806308746 -0.0022482897620648146
v -0.028226094320416447 -0.04133770242333412 -0.002567889867350459
v -0.02847092784941196 -0.04016841948032379 2.3586764541505545e-07
v -0.02845264412462711 -0.039323724806308746 -0.0022482897620648146
v -0.02847092784941196 -0.04016841948032379 2.3586764541505545e-07
v -0.0284989308565855 -0.039400000125169754 -2.5509288015257425e-09
v -0.027561133727431294 -0.04354904964566231 -2.5509288015257425e-09
v -0.027931222692131993 -0.04268789663910866 2.954722901904461e-07
v -0.027496902272105214 -0.04345855489373207 -0.0025368358474224806
v -0.027496902272105214 -0.04345855489373207 -0.0025368358474224806
v -0.027931222692131993 -0.04268789663910866 2.954722901904461e-07
v -0.02810338325798511 -0.04217390716075897 4.7428622451661795e-07
v -0.027496902272105214 -0.04345855489373207 -0.0025368358474224806
v -0.02810338325798511 -0.04217390716075897 4.7428622451661795e-07
v -0.028226094320416447 -0.04133770242333412 -0.002567889867350459
v -0.028226094320416447 -0.04133770242333412 -0.002567889867350459
v -0.02810338325798511 -0.04217390716075897 4.7428622451661795e-07
v -0.028337003663182255 -0.04120979830622673 5.934955424891086e-07
v -0.028226094320416447 -0.04133770242333412 -0.002567889867350459
v -0.028337003663182255 -0.04120979830622673 5.934955424891086e-07
v -0.02847092784941196 -0.04016841948032379 2.3586764541505545e-07
v -0.02721280418336391 -0.044190987944602966 -2.5509288015257425e-09
v -0.02629078738391399 -0.04533598572015762 -0.002503755269572139
v -0.026220059022307392 -0.04557756334543228 5.705371464159725e-08
v -0.026220059022307392 -0.04557756334543228 5.705371464159725e-08
v -0.02629078738391399 -0.04533598572015762 -0.002503755269572139
v -0.024741915985941883 -0.04692704230546951 -0.002465489087626338
v -0.026220059022307392 -0.04557756334543228 5.705371464159725e-08
v -0.024741915985941883 -0.04692704230546951 -0.002465489087626338
v -0.024846816435456272 -0.04695817083120346 -2.5509288015257425e-09
v -0.024846816435456272 -0.04695817083120346 -2.5509288015257425e-09
v -0.024741915985941883 -0.04692704230546951 -0.002465489087626338
v -0.022966375574469563 -0.04826166853308678 -0.0024229909759014845
v -0.024846816435456272 -0.04695817083120346 -2.5509288015257425e-09
v -0.022966375574469563 -0.04826166853308678 -0.0024229909759014845
v -0.02301065437495708 -0.04832836240530014 -2.5509288015257425e-09
v -0.02301065437495708 -0.04832836240530014 -2.5509288015257425e-09
v -0.022966375574469563 -0.04826166853308678 -0.0024229909759014845
v -0.02085631154477596 -0.04955397546291351 5.705371464159725e-08
v -0.014977598562836645 -0.05180938169360161 -6.215557135647032e-08
v -0.017098663374781605 -0.051128510385751724 -2.5509288015257425e-09
v -0.017005277797579762 -0.05098198354244232 -0.004551770631223917
v -0.017005277797579762 -0.05098198354244232 -0.004551770631223917
v -0.017098663374781605 -0.051128510385751724 -2.5509288015257425e-09
v -0.017988463863730427 -0.050803784281015396 -6.215557135647032e-08
v -0.017005277797579762 -0.05098198354244232 -0.004551770631223917
v -0.017988463863730427 -0.050803784281015396 -6.215557135647032e-08
v -0.019030718132853505 -0.0501553975045681 -0.004628660622984171
v -0.019030718132853505 -0.0501553975045681 -0.004628660622984171
v -0.017988463863730427 -0.050803784281015396 -6.215557135647032e-08
v -0.018652452155947682 -0.05054407939314842 -6.215557135647032e-08
v -0.019030718132853505 -0.0501553975045681 -0.004628660622984171
v -0.018652452155947682 -0.05054407939314842 -6.215557135647032e-08
v -0.020997649058699604 -0.04918496683239937 -0.004710795823484659
v -0.011427221819758413 -0.05270924046635628 -2.5509288015257425e-09
v -0.012920768931508063 -0.052363283932209015 5.705371464159725e-08
v -0.012836208567023276 -0.052281707525253296 -0.004424455109983683
v -0.012836208567023276 -0.052281707525253296 -0.004424455109983683
v -0.012920768931508063 -0.052363283932209015 5.705371464159725e-08
v -0.014175349846482275 -0.05203684791922569 -2.5509288015257425e-09
v -0.012836208567023276 -0.052281707525253296 -0.004424455109983683
v -0.014175349846482275 -0.05203684791922569 -2.5509288015257425e-09
v -0.014977598562836645 -0.05180938169360161 -6.215557135647032e-08
v -0.006888454779982566 -0.05350606516003609 -6.215557135647032e-08
v -0.0074121933430433265 -0.053432613611221313 -6.215557135647032e-08
v -0.008568951860070227 -0.05318092554807663 -0.00434160465374589
v -0.008568951860070227 -0.05318092554807663 -0.00434160465374589
v -0.0074121933430433265 -0.053432613611221313 -6.215557135647032e-08
v -0.011427221819758413 -0.05270924046635628 -2.5509288015257425e-09
v 3.7978425098117437e-06 -0.053906138986349106 -0.004292192403227091
v 1.1677875590976326e-06 -0.05399995297193527 -6.215557135647032e-08
v -0.004215424880385398 -0.053722504526376724 -0.004300894681364298
v -0.004215424880385398 -0.053722504526376724 -0.004300894681364298
v 1.1677875590976326e-06 -0.05399995297193527 -6.215557135647032e-08
v -0.003044130280613899 -0.053895872086286545 5.705371464159725e-08
v -0.004215424880385398 -0.053722504526376724 -0.004300894681364298
v -0.003044130280613899 -0.053895872086286545 5.705371464159725e-08
v -0.006888454779982566 -0.05350606516003609 -6.215557135647032e-08
v -0.014977598562836645 -0.05180938169360161 -6.215557135647032e-08
v -0.017005277797579762 -0.05098198354244232 -0.004551770631223917
v -0.012836208567023276 -0.052281707525253296 -0.004424455109983683
v -0.012836208567023276 -0.052281707525253296 -0.004424455109983683
v -0.017005277797579762 -0.05098198354244232 -0.004551770631223917
v -0.014966486021876333 -0.051263533532619476 -0.008840027265250683
v -0.012836208567023276 -0.052281707525253296 -0.004424455109983683
v -0.014966486021876333 -0.051263533532619476 -0.008840027265250683
v -0.012879798188805578 -0.051943570375442505 -0.00873363297432661
v -0.017041260376572605 -0.04959025979042053 -0.013265552930533886
v -0.015063708648085592 -0.050548773258924484 -0.013093831948935986
v -0.014966486021876333 -0.051263533532619476 -0.008840027265250683
v -0.014966486021876333 -0.051263533532619476 -0.008840027265250683
v -0.015063708648085592 -0.050548773258924484 -0.013093831948935986
v -0.012879798188805578 -0.051943570375442505 -0.00873363297432661
v -0.012879798188805578 -0.051943570375442505 -0.00873363297432661
v -0.015063708648085592 -0.050548773258924484 -0.013093831948935986
v -0.013000490143895147 -0.05135032907128334 -0.012946072034537792
v -0.012879798188805578 -0.051943570375442505 -0.00873363297432661
v -0.013000490143895147 -0.05135032907128334 -0.012946072034537792
v -0.010871408507227896 -0.051989518105983734 -0.012825134210288525
v -0.011427221819758413 -0.05270924046635628 -2.5509288015257425e-09
v -0.012836208567023276 -0.052281707525253296 -0.004424455109983683
v -0.008568951860070227 -0.05318092554807663 -0.00434160465374589
v -0.008568951860070227 -0.05318092554807663 -0.00434160465374589
v -0.012836208567023276 -0.052281707525253296 -0.004424455109983683
v -0.012879798188805578 -0.051943570375442505 -0.00873363297432661
v -0.008568951860070227 -0.05318092554807663 -0.00434160465374589
v -0.012879798188805578 -0.051943570375442505 -0.00873363297432661
v -0.008595695719122885 -0.052930593490600586 -0.008580866269767284
v -0.008595695719122885 -0.052930593490600586 -0.008580866269767284
v -0.012879798188805578 -0.051943570375442505 -0.00873363297432661
v -0.010871408507227896 -0.051989518105983734 -0.012825134210288525
v -0.008595695719122885 -0.052930593490600586 -0.008580866269767284
v -0.010871408507227896 -0.051989518105983734 -0.012825134210288525
v -0.008691346272826193 -0.05246961861848831 -0.012731912545859814
v -0.011183528229594229 -0.04742700234055519 -0.028941811993718147
v -0.013231726363301275 -0.04644995182752609 -0.029206933453679085
v -0.012221964076161383 -0.045016948133707047 -0.03308624401688576
v -0.006888454779982566 -0.05350606516003609 -6.215557135647032e-08
v -0.008568951860070227 -0.05318092554807663 -0.00434160465374589
v -0.004215424880385398 -0.053722504526376724 -0.004300894681364298
v -0.004215424880385398 -0.053722504526376724 -0.004300894681364298
v -0.008568951860070227 -0.05318092554807663 -0.00434160465374589
v -0.008595695719122885 -0.052930593490600586 -0.008580866269767284
v -0.004215424880385398 -0.053722504526376724 -0.004300894681364298
v -0.008595695719122885 -0.052930593490600586 -0.008580866269767284
v -0.0042144935578107825 -0.053463682532310486 -0.00850397627800703
v -0.0042144935578107825 -0.053463682532310486 -0.00850397627800703
v -0.008595695719122885 -0.052930593490600586 -0.008580866269767284
v -0.008691346272826193 -0.05246961861848831 -0.012731912545859814
v -0.0042144935578107825 -0.053463682532310486 -0.00850397627800703
v -0.008691346272826193 -0.05246961861848831 -0.012731912545859814
v -0.004252748563885688 -0.05300403758883476 -0.0126229552552104
v -0.004252748563885688 -0.05300403758883476 -0.0126229552552104
v -0.008691346272826193 -0.05246961861848831 -0.012731912545859814
v -0.006571507081389426 -0.05212899670004845 -0.01672530360519886
v -0.004252748563885688 -0.05300403758883476 -0.0126229552552104
v -0.006571507081389426 -0.05212899670004845 -0.01672530360519886
v -0.004312148317694663 -0.052323631942272186 -0.01667201705276966
v -0.004312148317694663 -0.052323631942272186 -0.01667201705276966
v -0.006571507081389426 -0.05212899670004845 -0.01672530360519886
v -0.006665112450718879 -0.051209982484579086 -0.02072763629257679
v -0.004312148317694663 -0.052323631942272186 -0.01667201705276966
v -0.006665112450718879 -0.051209982484579086 -0.02072763629257679
v -0.004374647513031959 -0.05140253156423569 -0.020665409043431282
v -0.004374647513031959 -0.05140253156423569 -0.020665409043431282
v -0.006665112450718879 -0.051209982484579086 -0.02072763629257679
v -0.006730010733008384 -0.05002277344465256 -0.02468651719391346
v -0.004374647513031959 -0.05140253156423569 -0.020665409043431282
v -0.006730010733008384 -0.05002277344465256 -0.02468651719391346
v -0.004422193393111228 -0.050220787525177 -0.02461731620132923
v -0.004422193393111228 -0.050220787525177 -0.02461731620132923
v -0.006730010733008384 -0.05002277344465256 -0.02468651719391346
v -0.006738068535923957 -0.0485454723238945 -0.028616072610020638
v -0.004422193393111228 -0.050220787525177 -0.02461731620132923
v -0.006738068535923957 -0.0485454723238945 -0.028616072610020638
v -0.004436751827597617 -0.04875846952199936 -0.028542043641209602
v -0.004436751827597617 -0.04875846952199936 -0.028542043641209602
v -0.006738068535923957 -0.0485454723238945 -0.028616072610020638
v -0.006576733663678168 -0.04676872491836548 -0.03252625837922096
v -0.004436751827597617 -0.04875846952199936 -0.028542043641209602
v -0.006576733663678168 -0.04676872491836548 -0.03252625837922096
v -0.004030117765069007 -0.04701843485236168 -0.032446447759866714
v -0.012221964076161383 -0.045016948133707047 -0.03308624401688576
v -0.010991236194968222 -0.0455903634428978 -0.032902900129556656
v -0.011183528229594229 -0.04742700234055519 -0.028941811993718147
v -0.011183528229594229 -0.04742700234055519 -0.028941811993718147
v -0.010991236194968222 -0.0455903634428978 -0.032902900129556656
v -0.010280484333634375 -0.0458647795021534 -0.03281516209244728
v -0.011183528229594229 -0.04742700234055519 -0.028941811993718147
v -0.010280484333634375 -0.0458647795021534 -0.03281516209244728
v -0.00900299660861492 -0.04811783879995346 -0.02874612994492054
v -0.00900299660861492 -0.04811783879995346 -0.02874612994492054
v -0.010280484333634375 -0.0458647795021534 -0.03281516209244728
v -0.008873170241713522 -0.04630257189273834 -0.03267526999115944
v -0.00900299660861492 -0.04811783879995346 -0.02874612994492054
v -0.008873170241713522 -0.04630257189273834 -0.03267526999115944
v -0.00830518640577793 -0.04644398391246796 -0.03263003006577492
v -0.00893736071884632 -0.050835445523262024 -0.02082783170044422
v -0.008817901834845541 -0.051777925342321396 -0.01680934615433216
v -0.011151196435093878 -0.05023975670337677 -0.02097022719681263
v -0.011151196435093878 -0.05023975670337677 -0.02097022719681263
v -0.008817901834845541 -0.051777925342321396 -0.01680934615433216
v -0.011019101366400717 -0.051241181790828705 -0.016927482560276985
v -0.011151196435093878 -0.05023975670337677 -0.02097022719681263
v -0.011019101366400717 -0.051241181790828705 -0.016927482560276985
v -0.01326867751777172 -0.049403250217437744 -0.0211563128978014
v -0.01326867751777172 -0.049403250217437744 -0.0211563128978014
v -0.011019101366400717 -0.051241181790828705 -0.016927482560276985
v -0.01314716227352619 -0.05050315707921982 -0.017080606892704964
v -0.01326867751777172 -0.049403250217437744 -0.0211563128978014
v -0.01314716227352619 -0.05050315707921982 -0.017080606892704964
v -0.015255456790328024 -0.04832777380943298 -0.021384241059422493
v -0.015255456790328024 -0.04832777380943298 -0.021384241059422493
v -0.01314716227352619 -0.05050315707921982 -0.017080606892704964
v -0.015176987275481222 -0.04956313967704773 -0.01726752705872059
v -0.015255456790328024 -0.04832777380943298 -0.021384241059422493
v -0.015176987275481222 -0.04956313967704773 -0.01726752705872059
v -0.01707932166755199 -0.04703814908862114 -0.021648826077580452
v -0.01707932166755199 -0.04703814908862114 -0.021648826077580452
v -0.015176987275481222 -0.04956313967704773 -0.01726752705872059
v -0.017082152888178822 -0.04843641817569733 -0.01748424954712391
v -0.01707932166755199 -0.04703814908862114 -0.021648826077580452
v -0.017082152888178822 -0.04843641817569733 -0.01748424954712391
v -0.01872172765433788 -0.0455680750310421 -0.021943749859929085
v -0.01872172765433788 -0.0455680750310421 -0.021943749859929085
v -0.017082152888178822 -0.04843641817569733 -0.01748424954712391
v -0.018844975158572193 -0.04714358597993851 -0.01772552914917469
v -0.01872172765433788 -0.0455680750310421 -0.021943749859929085
v -0.018844975158572193 -0.04714358597993851 -0.01772552914917469
v -0.020177086815237995 -0.04394456744194031 -0.022263886407017708
v -0.020177086815237995 -0.04394456744194031 -0.022263886407017708
v -0.018844975158572193 -0.04714358597993851 -0.01772552914917469
v -0.020456278696656224 -0.045698169618844986 -0.017986716702580452
v -0.020177086815237995 -0.04394456744194031 -0.022263886407017708
v -0.020456278696656224 -0.045698169618844986 -0.017986716702580452
v -0.02144595049321651 -0.04218234494328499 -0.022608818486332893
v -0.02144595049321651 -0.04218234494328499 -0.022608818486332893
v -0.020456278696656224 -0.045698169618844986 -0.017986716702580452
v -0.02190892584621906 -0.04410159960389137 -0.018266024067997932
v -0.02144595049321651 -0.04218234494328499 -0.022608818486332893
v -0.02190892584621906 -0.04410159960389137 -0.018266024067997932
v -0.022516241297125813 -0.04029952734708786 -0.022978128865361214
v -0.022516241297125813 -0.04029952734708786 -0.022978128865361214
v -0.02190892584621906 -0.04410159960389137 -0.018266024067997932
v -0.02317622490227222 -0.04235753417015076 -0.018561961129307747
v -0.021805295720696446 -0.03402848169207573 -0.0324714221060276
v -0.022538395598530766 -0.03611377254128456 -0.027887525036931038
v -0.0222297441214323 -0.031880613416433334 -0.03307497873902321
v -0.0222297441214323 -0.031880613416433334 -0.03307497873902321
v -0.022538395598530766 -0.03611377254128456 -0.027887525036931038
v -0.023026945069432255 -0.03398963436484337 -0.02840191312134266
v -0.0222297441214323 -0.031880613416433334 -0.03307497873902321
v -0.023026945069432255 -0.03398963436484337 -0.02840191312134266
v -0.022481506690382954 -0.029711289331316948 -0.03370082750916481
v -0.022481506690382954 -0.029711289331316948 -0.03370082750916481
v -0.023026945069432255 -0.03398963436484337 -0.02840191312134266
v -0.023302042856812474 -0.03182869777083397 -0.028941752389073372
v -0.022481506690382954 -0.029711289331316948 -0.03370082750916481
v -0.023302042856812474 -0.03182869777083397 -0.028941752389073372
v -0.023374220356345173 -0.029863908886909485 -0.029445352032780647
v -0.023374220356345173 -0.029863908886909485 -0.029445352032780647
v -0.023302042856812474 -0.03182869777083397 -0.028941752389073372
v -0.023929825052618977 -0.03110821358859539 -0.026776494458317757
v -0.022403659299015995 -0.02719627134501934 -0.03562301769852638
v -0.022119404748082157 -0.025892315432429314 -0.03919893875718117
v -0.022481506690382954 -0.029711289331316948 -0.03370082750916481
v -0.022481506690382954 -0.029711289331316948 -0.03370082750916481
v -0.022119404748082157 -0.025892315432429314 -0.03919893875718117
v -0.021720362827181813 -0.029875488951802254 -0.03792572394013405
v -0.022481506690382954 -0.029711289331316948 -0.03370082750916481
v -0.021720362827181813 -0.029875488951802254 -0.03792572394013405
v -0.0222297441214323 -0.031880613416433334 -0.03307497873902321
v -0.0222297441214323 -0.031880613416433334 -0.03307497873902321
v -0.021720362827181813 -0.029875488951802254 -0.03792572394013405
v -0.02168701402842998 -0.03007500059902668 -0.03786194697022438
v -0.0222297441214323 -0.031880613416433334 -0.03307497873902321
v -0.02168701402842998 -0.03007500059902668 -0.03786194697022438
v -0.021805295720696446 -0.03402848169207573 -0.0324714221060276
v -0.021805295720696446 -0.03402848169207573 -0.0324714221060276
v -0.02168701402842998 -0.03007500059902668 -0.03786194697022438
v -0.02157074026763439 -0.03071610815823078 -0.03765696659684181
v -0.021201459690928456 -0.036132872104644775 -0.03189897909760475
v -0.02063549123704433 -0.03431732952594757 -0.036505941301584244
v -0.020461490377783772 -0.0348222590982914 -0.03634459152817726
v -0.021201459690928456 -0.036132872104644775 -0.03189897909760475
v -0.020461490377783772 -0.0348222590982914 -0.03634459152817726
v -0.02040462754666805 -0.038184504956007004 -0.03135580196976662
v -0.020461490377783772 -0.0348222590982914 -0.03634459152817726
v -0.020288182422518727 -0.035293858498334885 -0.0361938513815403
v -0.02040462754666805 -0.038184504956007004 -0.03135580196976662
v -0.02040462754666805 -0.038184504956007004 -0.03135580196976662
v -0.020288182422518727 -0.035293858498334885 -0.0361938513815403
v -0.019530626013875004 -0.03707439824938774 -0.03562486544251442
v -0.02040462754666805 -0.038184504956007004 -0.03135580196976662
v -0.019530626013875004 -0.03707439824938774 -0.03562486544251442
v -0.019407028332352635 -0.04015004262328148 -0.030844273045659065
v -0.00900299660861492 -0.04811783879995346 -0.02874612994492054
v -0.009011728689074515 -0.049622103571891785 -0.02480185218155384
v -0.011183528229594229 -0.04742700234055519 -0.028941811993718147
v -0.011183528229594229 -0.04742700234055519 -0.028941811993718147
v -0.009011728689074515 -0.049622103571891785 -0.02480185218155384
v -0.011221425607800482 -0.04897258058190346 -0.024969639256596565
v -0.011183528229594229 -0.04742700234055519 -0.028941811993718147
v -0.011221425607800482 -0.04897258058190346 -0.024969639256596565
v -0.013231726363301275 -0.04644995182752609 -0.029206933453679085
v -0.013231726363301275 -0.04644995182752609 -0.029206933453679085
v -0.011221425607800482 -0.04897258058190346 -0.024969639256596565
v -0.013313909992575644 -0.04805178567767143 -0.025192083790898323
v -0.013231726363301275 -0.04644995182752609 -0.029206933453679085
v -0.013313909992575644 -0.04805178567767143 -0.025192083790898323
v -0.015104493126273153 -0.045192424207925797 -0.029539229348301888
v -0.015104493126273153 -0.045192424207925797 -0.029539229348301888
v -0.013313909992575644 -0.04805178567767143 -0.025192083790898323
v -0.0152482483536005 -0.046863820403814316 -0.025467099621891975
v -0.015104493126273153 -0.045192424207925797 -0.029539229348301888
v -0.0152482483536005 -0.046863820403814316 -0.025467099621891975
v -0.016765488311648365 -0.04369102045893669 -0.029929937794804573
v -0.016765488311648365 -0.04369102045893669 -0.029929937794804573
v -0.0152482483536005 -0.046863820403814316 -0.025467099621891975
v -0.01698851771652698 -0.04544112831354141 -0.025787891820073128
v -0.016765488311648365 -0.04369102045893669 -0.029929937794804573
v -0.01698851771652698 -0.04544112831354141 -0.025787891820073128
v -0.01819864101707935 -0.04199559614062309 -0.03036797232925892
v -0.01819864101707935 -0.04199559614062309 -0.03036797232925892
v -0.01698851771652698 -0.04544112831354141 -0.025787891820073128
v -0.018516538664698597 -0.04382786527276039 -0.026146234944462776
v -0.01819864101707935 -0.04199559614062309 -0.03036797232925892
v -0.018516538664698597 -0.04382786527276039 -0.026146234944462776
v -0.019407028332352635 -0.04015004262328148 -0.030844273045659065
v -0.019407028332352635 -0.04015004262328148 -0.030844273045659065
v -0.018516538664698597 -0.04382786527276039 -0.026146234944462776
v -0.01983086951076984 -0.04206187650561333 -0.02653593011200428
v -0.019407028332352635 -0.04015004262328148 -0.030844273045659065
v -0.01983086951076984 -0.04206187650561333 -0.02653593011200428
v -0.02040462754666805 -0.038184504956007004 -0.03135580196976662
v -0.02040462754666805 -0.038184504956007004 -0.03135580196976662
v -0.01983086951076984 -0.04206187650561333 -0.02653593011200428
v -0.02093943767249584 -0.04016818851232529 -0.02695632167160511
v -0.02040462754666805 -0.038184504956007004 -0.03135580196976662
v -0.02093943767249584 -0.04016818851232529 -0.02695632167160511
v -0.021201459690928456 -0.036132872104644775 -0.03189897909760475
v -0.021201459690928456 -0.036132872104644775 -0.03189897909760475
v -0.02093943767249584 -0.04016818851232529 -0.02695632167160511
v -0.021843181923031803 -0.0381757877767086 -0.027406753972172737
v -0.025526067242026326 -0.034274011850357056 -0.019940020516514778
v -0.0246139895170927 -0.03252049908041954 -0.02377432771027088
v -0.025427738204598423 -0.036293502897024155 -0.019544484093785286
v -0.025427738204598423 -0.036293502897024155 -0.019544484093785286
v -0.0246139895170927 -0.03252049908041954 -0.02377432771027088
v -0.023302042856812474 -0.03182869777083397 -0.028941752389073372
v -0.025427738204598423 -0.036293502897024155 -0.019544484093785286
v -0.023302042856812474 -0.03182869777083397 -0.028941752389073372
v -0.024985259398818013 -0.0384417399764061 -0.019200684502720833
v -0.024985259398818013 -0.0384417399764061 -0.019200684502720833
v -0.023302042856812474 -0.03182869777083397 -0.028941752389073372
v -0.023026945069432255 -0.03398963436484337 -0.02840191312134266
v -0.024985259398818013 -0.0384417399764061 -0.019200684502720833
v -0.023026945069432255 -0.03398963436484337 -0.02840191312134266
v -0.024215651676058766 -0.04047263041138649 -0.01887303777039051
v -0.024215651676058766 -0.04047263041138649 -0.01887303777039051
v -0.023026945069432255 -0.03398963436484337 -0.02840191312134266
v -0.022538395598530766 -0.03611377254128456 -0.027887525036931038
v -0.024215651676058766 -0.04047263041138649 -0.01887303777039051
v -0.022538395598530766 -0.03611377254128456 -0.027887525036931038
v -0.021843181923031803 -0.0381757877767086 -0.027406753972172737
v -0.021843181923031803 -0.0381757877767086 -0.027406753972172737
v -0.022538395598530766 -0.03611377254128456 -0.027887525036931038
v -0.021805295720696446 -0.03402848169207573 -0.0324714221060276
v -0.021843181923031803 -0.0381757877767086 -0.027406753972172737
v -0.021805295720696446 -0.03402848169207573 -0.0324714221060276
v -0.021201459690928456 -0.036132872104644775 -0.03189897909760475
v -0.021201459690928456 -0.036132872104644775 -0.03189897909760475
v -0.021805295720696446 -0.03402848169207573 -0.0324714221060276
v -0.02157074026763439 -0.03071610815823078 -0.03765696659684181
v -0.021201459690928456 -0.036132872104644775 -0.03189897909760475
v -0.02157074026763439 -0.03071610815823078 -0.03765696659684181
v -0.02063549123704433 -0.03431732952594757 -0.036505941301584244
v -0.009011728689074515 -0.049622103571891785 -0.02480185218155384
v -0.00893736071884632 -0.050835445523262024 -0.02082783170044422
v -0.011221425607800482 -0.04897258058190346 -0.024969639256596565
v -0.011221425607800482 -0.04897258058190346 -0.024969639256596565
v -0.00893736071884632 -0.050835445523262024 -0.02082783170044422
v -0.011151196435093878 -0.05023975670337677 -0.02097022719681263
v -0.011221425607800482 -0.04897258058190346 -0.024969639256596565
v -0.011151196435093878 -0.05023975670337677 -0.02097022719681263
v -0.013313909992575644 -0.04805178567767143 -0.025192083790898323
v -0.013313909992575644 -0.04805178567767143 -0.025192083790898323
v -0.011151196435093878 -0.05023975670337677 -0.02097022719681263
v -0.01326867751777172 -0.049403250217437744 -0.0211563128978014
v -0.013313909992575644 -0.04805178567767143 -0.025192083790898323
v -0.01326867751777172 -0.049403250217437744 -0.0211563128978014
v -0.0152482483536005 -0.046863820403814316 -0.025467099621891975
v -0.0152482483536005 -0.046863820403814316 -0.025467099621891975
v -0.01326867751777172 -0.049403250217437744 -0.0211563128978014
v -0.015255456790328024 -0.04832777380943298 -0.021384241059422493
v -0.0152482483536005 -0.046863820403814316 -0.025467099621891975
v -0.015255456790328024 -0.04832777380943298 -0.021384241059422493
v -0.01698851771652698 -0.04544112831354141 -0.025787891820073128
v -0.01698851771652698 -0.04544112831354141 -0.025787891820073128
v -0.015255456790328024 -0.04832777380943298 -0.021384241059422493
v -0.01707932166755199 -0.04703814908862114 -0.021648826077580452
v -0.01698851771652698 -0.04544112831354141 -0.025787891820073128
v -0.01707932166755199 -0.04703814908862114 -0.021648826077580452
v -0.018516538664698597 -0.04382786527276039 -0.026146234944462776
v -0.018516538664698597 -0.04382786527276039 -0.026146234944462776
v -0.01707932166755199 -0.04703814908862114 -0.021648826077580452
v -0.01872172765433788 -0.0455680750310421 -0.021943749859929085
v -0.018516538664698597 -0.04382786527276039 -0.026146234944462776
v -0.01872172765433788 -0.0455680750310421 -0.021943749859929085
v -0.01983086951076984 -0.04206187650561333 -0.02653593011200428
v -0.01983086951076984 -0.04206187650561333 -0.02653593011200428
v -0.01872172765433788 -0.0455680750310421 -0.021943749859929085
v -0.020177086815237995 -0.04394456744194031 -0.022263886407017708
v -0.01983086951076984 -0.04206187650561333 -0.02653593011200428
v -0.020177086815237995 -0.04394456744194031 -0.022263886407017708
v -0.02093943767249584 -0.04016818851232529 -0.02695632167160511
v -0.02093943767249584 -0.04016818851232529 -0.02695632167160511
v -0.020177086815237995 -0.04394456744194031 -0.022263886407017708
v -0.02144595049321651 -0.04218234494328499 -0.022608818486332893
v -0.02093943767249584 -0.04016818851232529 -0.02695632167160511
v -0.02144595049321651 -0.04218234494328499 -0.022608818486332893
v -0.021843181923031803 -0.0381757877767086 -0.027406753972172737
v -0.021843181923031803 -0.0381757877767086 -0.027406753972172737
v -0.02144595049321651 -0.04218234494328499 -0.022608818486332893
v -0.022516241297125813 -0.04029952734708786 -0.022978128865361214
v -0.021843181923031803 -0.0381757877767086 -0.027406753972172737
v -0.022516241297125813 -0.04029952734708786 -0.022978128865361214
v -0.024215651676058766 -0.04047263041138649 -0.01887303777039051
v -0.024215651676058766 -0.04047263041138649 -0.01887303777039051
v -0.022516241297125813 -0.04029952734708786 -0.022978128865361214
v -0.02317622490227222 -0.04235753417015076 -0.018561961129307747
v -0.026153495535254475 -0.04505857080221176 -0.004953565541654825
v -0.027496902272105214 -0.04345855489373207 -0.0025368358474224806
v -0.02733427472412586 -0.043169356882572174 -0.005022647324949503
v -0.02733427472412586 -0.043169356882572174 -0.005022647324949503
v -0.027496902272105214 -0.04345855489373207 -0.0025368358474224806
v -0.028226094320416447 -0.04133770242333412 -0.002567889867350459
v -0.02733427472412586 -0.043169356882572174 -0.005022647324949503
v -0.028226094320416447 -0.04133770242333412 -0.002567889867350459
v -0.028046580031514164 -0.041043102741241455 -0.005089583341032267
v -0.028046580031514164 -0.041043102741241455 -0.005089583341032267
v -0.028226094320416447 -0.04133770242333412 -0.002567889867350459
v -0.028252022340893742 -0.039001330733299255 -0.005180420819669962
v -0.028046580031514164 -0.041043102741241455 -0.005089583341032267
v -0.028252022340893742 -0.039001330733299255 -0.005180420819669962
v -0.027890959754586216 -0.038408271968364716 -0.00823927205055952
v -0.027890959754586216 -0.038408271968364716 -0.00823927205055952
v -0.02776890806853771 -0.04057146608829498 -0.007569971028715372
v -0.028046580031514164 -0.041043102741241455 -0.005089583341032267
v -0.028046580031514164 -0.041043102741241455 -0.005089583341032267
v -0.02776890806853771 -0.04057146608829498 -0.007569971028715372
v -0.027085447683930394 -0.04270244762301445 -0.007463159505277872
v -0.028046580031514164 -0.041043102741241455 -0.005089583341032267
v -0.027085447683930394 -0.04270244762301445 -0.007463159505277872
v -0.02733427472412586 -0.043169356882572174 -0.005022647324949503
v -0.02733427472412586 -0.043169356882572174 -0.005022647324949503
v -0.027085447683930394 -0.04270244762301445 -0.007463159505277872
v -0.025947796180844303 -0.04460838437080383 -0.007355453912168741
v -0.02733427472412586 -0.043169356882572174 -0.005022647324949503
v -0.025947796180844303 -0.04460838437080383 -0.007355453912168741
v -0.026153495535254475 -0.04505857080221176 -0.004953565541654825
v -0.0273458007723093 -0.037497472018003464 -0.011575940065085888
v -0.02740792371332645 -0.039943814277648926 -0.01001447718590498
v -0.02776890806853771 -0.04057146608829498 -0.007569971028715372
v -0.02776890806853771 -0.04057146608829498 -0.007569971028715372
v -0.02740792371332645 -0.039943814277648926 -0.01001447718590498
v -0.026762904599308964 -0.04207894951105118 -0.009864392690360546
v -0.02776890806853771 -0.04057146608829498 -0.007569971028715372
v -0.026762904599308964 -0.04207894951105118 -0.009864392690360546
v -0.027085447683930394 -0.04270244762301445 -0.007463159505277872
v -0.027085447683930394 -0.04270244762301445 -0.007463159505277872
v -0.026762904599308964 -0.04207894951105118 -0.009864392690360546
v -0.025682901963591572 -0.0440056212246418 -0.009715857915580273
v -0.027085447683930394 -0.04270244762301445 -0.007463159505277872
v -0.025682901963591572 -0.0440056212246418 -0.009715857915580273
v -0.025947796180844303 -0.04460838437080383 -0.007355453912168741
v -0.025947796180844303 -0.04460838437080383 -0.007355453912168741
v -0.025682901963591572 -0.0440056212246418 -0.009715857915580273
v -0.02427929081022739 -0.045690134167671204 -0.009562614373862743
v -0.025947796180844303 -0.04460838437080383 -0.007355453912168741
v -0.02427929081022739 -0.045690134167671204 -0.009562614373862743
v -0.026153495535254475 -0.04505857080221176 -0.004953565541654825
v -0.018652452155947682 -0.05054407939314842 -6.215557135647032e-08
v -0.02085631154477596 -0.04955397546291351 5.705371464159725e-08
v -0.020997649058699604 -0.04918496683239937 -0.004710795823484659
v -0.020997649058699604 -0.04918496683239937 -0.004710795823484659
v -0.02085631154477596 -0.04955397546291351 5.705371464159725e-08
v -0.022966375574469563 -0.04826166853308678 -0.0024229909759014845
v -0.020997649058699604 -0.04918496683239937 -0.004710795823484659
v -0.022966375574469563 -0.04826166853308678 -0.0024229909759014845
v -0.022884169593453404 -0.048036299645900726 -0.004794719163328409
v -0.022884169593453404 -0.048036299645900726 -0.004794719163328409
v -0.022966375574469563 -0.04826166853308678 -0.0024229909759014845
v -0.024741915985941883 -0.04692704230546951 -0.002465489087626338
v -0.022884169593453404 -0.048036299645900726 -0.004794719163328409
v -0.024741915985941883 -0.04692704230546951 -0.002465489087626338
v -0.024633543565869328 -0.04667162150144577 -0.004877092782407999
v -0.024633543565869328 -0.04667162150144577 -0.004877092782407999
v -0.024741915985941883 -0.04692704230546951 -0.002465489087626338
v -0.02629078738391399 -0.04533598572015762 -0.002503755269572139
v -0.017041260376572605 -0.04959025979042053 -0.013265552930533886
v -0.017000885680317875 -0.05045400187373161 -0.008964243344962597
v -0.018917044624686238 -0.04848174378275871 -0.01345688384026289
v -0.018917044624686238 -0.04848174378275871 -0.01345688384026289
v -0.017000885680317875 -0.05045400187373161 -0.008964243344962597
v -0.018968706950545308 -0.04950989782810211 -0.00910282414406538
v -0.018917044624686238 -0.04848174378275871 -0.01345688384026289
v -0.018968706950545308 -0.04950989782810211 -0.00910282414406538
v -0.02067903988063335 -0.04722273722290993 -0.013663056306540966
v -0.02067903988063335 -0.04722273722290993 -0.013663056306540966
v -0.018968706950545308 -0.04950989782810211 -0.00910282414406538
v -0.020855965092778202 -0.0484183169901371 -0.00925153773277998
v -0.02067903988063335 -0.04722273722290993 -0.013663056306540966
v -0.020855965092778202 -0.0484183169901371 -0.00925153773277998
v -0.02231311611831188 -0.0458005890250206 -0.013880792073905468
v -0.02231311611831188 -0.0458005890250206 -0.013880792073905468
v -0.020855965092778202 -0.0484183169901371 -0.00925153773277998
v -0.022643277421593663 -0.04715394601225853 -0.009406092576682568
v -0.02231311611831188 -0.0458005890250206 -0.013880792073905468
v -0.022643277421593663 -0.04715394601225853 -0.009406092576682568
v -0.023778712376952168 -0.0442032553255558 -0.014107170514762402
v -0.023778712376952168 -0.0442032553255558 -0.014107170514762402
v -0.022643277421593663 -0.04715394601225853 -0.009406092576682568
v -0.02427929081022739 -0.045690134167671204 -0.009562614373862743
v -0.023778712376952168 -0.0442032553255558 -0.014107170514762402
v -0.02427929081022739 -0.045690134167671204 -0.009562614373862743
v -0.025012383237481114 -0.042423129081726074 -0.014338317327201366
v -0.025012383237481114 -0.042423129081726074 -0.014338317327201366
v -0.02427929081022739 -0.045690134167671204 -0.009562614373862743
v -0.025682901963591572 -0.0440056212246418 -0.009715857915580273
v -0.025012383237481114 -0.042423129081726074 -0.014338317327201366
v -0.025682901963591572 -0.0440056212246418 -0.009715857915580273
v -0.025946604087948796 -0.040446728467941284 -0.014573994092643261
v -0.025946604087948796 -0.040446728467941284 -0.014573994092643261
v -0.025682901963591572 -0.0440056212246418 -0.009715857915580273
v -0.026762904599308964 -0.04207894951105118 -0.009864392690360546
v -0.025946604087948796 -0.040446728467941284 -0.014573994092643261
v -0.026762904599308964 -0.04207894951105118 -0.009864392690360546
v -0.026495395228266713 -0.038304559886455536 -0.014818075112998486
v -0.026495395228266713 -0.038304559886455536 -0.014818075112998486
v -0.026762904599308964 -0.04207894951105118 -0.009864392690360546
v -0.02740792371332645 -0.039943814277648926 -0.01001447718590498
v -0.026495395228266713 -0.038304559886455536 -0.014818075112998486
v -0.02740792371332645 -0.039943814277648926 -0.01001447718590498
v -0.026559187099337574 -0.036139070987701416 -0.01545888464897871
v -0.026559187099337574 -0.036139070987701416 -0.01545888464897871
v -0.02740792371332645 -0.039943814277648926 -0.01001447718590498
v -0.0273458007723093 -0.037497472018003464 -0.011575940065085888
v -0.017041260376572605 -0.04959025979042053 -0.013265552930533886
v -0.014966486021876333 -0.051263533532619476 -0.008840027265250683
v -0.017000885680317875 -0.05045400187373161 -0.008964243344962597
v -0.017000885680317875 -0.05045400187373161 -0.008964243344962597
v -0.014966486021876333 -0.051263533532619476 -0.008840027265250683
v -0.017005277797579762 -0.05098198354244232 -0.004551770631223917
v -0.017000885680317875 -0.05045400187373161 -0.008964243344962597
v -0.017005277797579762 -0.05098198354244232 -0.004551770631223917
v -0.018968706950545308 -0.04950989782810211 -0.00910282414406538
v -0.018968706950545308 -0.04950989782810211 -0.00910282414406538
v -0.017005277797579762 -0.05098198354244232 -0.004551770631223917
v -0.019030718132853505 -0.0501553975045681 -0.004628660622984171
v -0.018968706950545308 -0.04950989782810211 -0.00910282414406538
v -0.019030718132853505 -0.0501553975045681 -0.004628660622984171
v -0.020855965092778202 -0.0484183169901371 -0.00925153773277998
v -0.020855965092778202 -0.0484183169901371 -0.00925153773277998
v -0.019030718132853505 -0.0501553975045681 -0.004628660622984171
v -0.020997649058699604 -0.04918496683239937 -0.004710795823484659
v -0.020855965092778202 -0.0484183169901371 -0.00925153773277998
v -0.020997649058699604 -0.04918496683239937 -0.004710795823484659
v -0.022643277421593663 -0.04715394601225853 -0.009406092576682568
v -0.022643277421593663 -0.04715394601225853 -0.009406092576682568
v -0.020997649058699604 -0.04918496683239937 -0.004710795823484659
v -0.022884169593453404 -0.048036299645900726 -0.004794719163328409
v -0.022643277421593663 -0.04715394601225853 -0.009406092576682568
v -0.022884169593453404 -0.048036299645900726 -0.004794719163328409
v -0.02427929081022739 -0.045690134167671204 -0.009562614373862743
v -0.02427929081022739 -0.045690134167671204 -0.009562614373862743
v -0.022884169593453404 -0.048036299645900726 -0.004794719163328409
v -0.024633543565869328 -0.04667162150144577 -0.004877092782407999
v -0.02427929081022739 -0.045690134167671204 -0.009562614373862743
v -0.024633543565869328 -0.04667162150144577 -0.004877092782407999
v -0.026153495535254475 -0.04505857080221176 -0.004953565541654825
v -0.026153495535254475 -0.04505857080221176 -0.004953565541654825
v -0.024633543565869328 -0.04667162150144577 -0.004877092782407999
v -0.02629078738391399 -0.04533598572015762 -0.002503755269572139
v -0.026153495535254475 -0.04505857080221176 -0.004953565541654825
v -0.02629078738391399 -0.04533598572015762 -0.002503755269572139
v -0.027496902272105214 -0.04345855489373207 -0.0025368358474224806
v -0.027496902272105214 -0.04345855489373207 -0.0025368358474224806
v -0.02629078738391399 -0.04533598572015762 -0.002503755269572139
v -0.02721280418336391 -0.044190987944602966 -2.5509288015257425e-09
v -0.027496902272105214 -0.04345855489373207 -0.0025368358474224806
v -0.02721280418336391 -0.044190987944602966 -2.5509288015257425e-09
v -0.027561133727431294 -0.04354904964566231 -2.5509288015257425e-09
v -0.019530626013875004 -0.03707439824938774 -0.03562486544251442
v -0.018894968554377552 -0.03830902278423309 -0.03523022308945656
v -0.019407028332352635 -0.04015004262328148 -0.030844273045659065
v -0.019407028332352635 -0.04015004262328148 -0.030844273045659065
v -0.018894968554377552 -0.03830902278423309 -0.03523022308945656
v -0.01844285242259502 -0.03908051550388336 -0.03498363867402077
v -0.019407028332352635 -0.04015004262328148 -0.030844273045659065
v -0.01844285242259502 -0.03908051550388336 -0.03498363867402077
v -0.01819864101707935 -0.04199559614062309 -0.03036797232925892
v -0.01819864101707935 -0.04199559614062309 -0.03036797232925892
v -0.01844285242259502 -0.03908051550388336 -0.03498363867402077
v -0.01773727126419544 -0.040143925696611404 -0.03464365378022194
v -0.01819864101707935 -0.04199559614062309 -0.03036797232925892
v -0.01773727126419544 -0.040143925696611404 -0.03464365378022194
v -0.016765488311648365 -0.04369102045893669 -0.029929937794804573
v -0.016765488311648365 -0.04369102045893669 -0.029929937794804573
v -0.01773727126419544 -0.040143925696611404 -0.03464365378022194
v -0.01636596582829952 -0.04183352738618851 -0.034103576093912125
v -0.016765488311648365 -0.04369102045893669 -0.029929937794804573
v -0.01636596582829952 -0.04183352738618851 -0.034103576093912125
v -0.015104493126273153 -0.045192424207925797 -0.029539229348301888
v -0.015104493126273153 -0.045192424207925797 -0.029539229348301888
v -0.01636596582829952 -0.04183352738618851 -0.034103576093912125
v -0.01399818994104862 -0.043927427381277084 -0.03343445435166359
v -0.015104493126273153 -0.045192424207925797 -0.029539229348301888
v -0.01399818994104862 -0.043927427381277084 -0.03343445435166359
v -0.013231726363301275 -0.04644995182752609 -0.029206933453679085
v -0.013231726363301275 -0.04644995182752609 -0.029206933453679085
v -0.01399818994104862 -0.043927427381277084 -0.03343445435166359
v -0.013673355802893637 -0.04415300115942955 -0.03336239233613014
v -0.013231726363301275 -0.04644995182752609 -0.029206933453679085
v -0.013673355802893637 -0.04415300115942955 -0.03336239233613014
v -0.012221964076161383 -0.045016948133707047 -0.03308624401688576
v -0.026559187099337574 -0.036139070987701416 -0.01545888464897871
v -0.025609845295548436 -0.034429557621479034 -0.01958763785660267
v -0.026495395228266713 -0.038304559886455536 -0.014818075112998486
v -0.026495395228266713 -0.038304559886455536 -0.014818075112998486
v -0.025609845295548436 -0.034429557621479034 -0.01958763785660267
v -0.025427738204598423 -0.036293502897024155 -0.019544484093785286
v -0.026495395228266713 -0.038304559886455536 -0.014818075112998486
v -0.025427738204598423 -0.036293502897024155 -0.019544484093785286
v -0.025946604087948796 -0.040446728467941284 -0.014573994092643261
v -0.025946604087948796 -0.040446728467941284 -0.014573994092643261
v -0.025427738204598423 -0.036293502897024155 -0.019544484093785286
v -0.024985259398818013 -0.0384417399764061 -0.019200684502720833
v -0.025946604087948796 -0.040446728467941284 -0.014573994092643261
v -0.024985259398818013 -0.0384417399764061 -0.019200684502720833
v -0.025012383237481114 -0.042423129081726074 -0.014338317327201366
v -0.025012383237481114 -0.042423129081726074 -0.014338317327201366
v -0.024985259398818013 -0.0384417399764061 -0.019200684502720833
v -0.024215651676058766 -0.04047263041138649 -0.01887303777039051
v -0.025012383237481114 -0.042423129081726074 -0.014338317327201366
v -0.024215651676058766 -0.04047263041138649 -0.01887303777039051
v -0.023778712376952168 -0.0442032553255558 -0.014107170514762402
v -0.023778712376952168 -0.0442032553255558 -0.014107170514762402
v -0.024215651676058766 -0.04047263041138649 -0.01887303777039051
v -0.02317622490227222 -0.04235753417015076 -0.018561961129307747
v -0.023778712376952168 -0.0442032553255558 -0.014107170514762402
v -0.02317622490227222 -0.04235753417015076 -0.018561961129307747
v -0.02231311611831188 -0.0458005890250206 -0.013880792073905468
v -0.02231311611831188 -0.0458005890250206 -0.013880792073905468
v -0.02317622490227222 -0.04235753417015076 -0.018561961129307747
v -0.02190892584621906 -0.04410159960389137 -0.018266024067997932
v -0.02231311611831188 -0.0458005890250206 -0.013880792073905468
v -0.02190892584621906 -0.04410159960389137 -0.018266024067997932
v -0.02067903988063335 -0.04722273722290993 -0.013663056306540966
v -0.02067903988063335 -0.04722273722290993 -0.013663056306540966
v -0.02190892584621906 -0.04410159960389137 -0.018266024067997932
v -0.020456278696656224 -0.045698169618844986 -0.017986716702580452
v -0.02067903988063335 -0.04722273722290993 -0.013663056306540966
v -0.020456278696656224 -0.045698169618844986 -0.017986716702580452
v -0.018917044624686238 -0.04848174378275871 -0.01345688384026289
v -0.018917044624686238 -0.04848174378275871 -0.01345688384026289
v -0.020456278696656224 -0.045698169618844986 -0.017986716702580452
v -0.018844975158572193 -0.04714358597993851 -0.01772552914917469
v -0.018917044624686238 -0.04848174378275871 -0.01345688384026289
v -0.018844975158572193 -0.04714358597993851 -0.01772552914917469
v -0.017041260376572605 -0.04959025979042053 -0.013265552930533886
v -0.017041260376572605 -0.04959025979042053 -0.013265552930533886
v -0.018844975158572193 -0.04714358597993851 -0.01772552914917469
v -0.017082152888178822 -0.04843641817569733 -0.01748424954712391
v -0.017041260376572605 -0.04959025979042053 -0.013265552930533886
v -0.017082152888178822 -0.04843641817569733 -0.01748424954712391
v -0.015063708648085592 -0.050548773258924484 -0.013093831948935986
v -0.015063708648085592 -0.050548773258924484 -0.013093831948935986
v -0.017082152888178822 -0.04843641817569733 -0.01748424954712391
v -0.015176987275481222 -0.04956313967704773 -0.01726752705872059
v -0.015063708648085592 -0.050548773258924484 -0.013093831948935986
v -0.015176987275481222 -0.04956313967704773 -0.01726752705872059
v -0.013000490143895147 -0.05135032907128334 -0.012946072034537792
v -0.013000490143895147 -0.05135032907128334 -0.012946072034537792
v -0.015176987275481222 -0.04956313967704773 -0.01726752705872059
v -0.01314716227352619 -0.05050315707921982 -0.017080606892704964
v -0.013000490143895147 -0.05135032907128334 -0.012946072034537792
v -0.01314716227352619 -0.05050315707921982 -0.017080606892704964
v -0.010871408507227896 -0.051989518105983734 -0.012825134210288525
v -0.010871408507227896 -0.051989518105983734 -0.012825134210288525
v -0.01314716227352619 -0.05050315707921982 -0.017080606892704964
v -0.011019101366400717 -0.051241181790828705 -0.016927482560276985
v -0.010871408507227896 -0.051989518105983734 -0.012825134210288525
v -0.011019101366400717 -0.051241181790828705 -0.016927482560276985
v -0.008691346272826193 -0.05246961861848831 -0.012731912545859814
v -0.008691346272826193 -0.05246961861848831 -0.012731912545859814
v -0.011019101366400717 -0.051241181790828705 -0.016927482560276985
v -0.008817901834845541 -0.051777925342321396 -0.01680934615433216
v -0.008691346272826193 -0.05246961861848831 -0.012731912545859814
v -0.008817901834845541 -0.051777925342321396 -0.01680934615433216
v -0.006571507081389426 -0.05212899670004845 -0.01672530360519886
v -0.006571507081389426 -0.05212899670004845 -0.01672530360519886
v -0.008817901834845541 -0.051777925342321396 -0.01680934615433216
v -0.00893736071884632 -0.050835445523262024 -0.02082783170044422
v -0.006571507081389426 -0.05212899670004845 -0.01672530360519886
v -0.00893736071884632 -0.050835445523262024 -0.02082783170044422
v -0.006665112450718879 -0.051209982484579086 -0.02072763629257679
v -0.006665112450718879 -0.051209982484579086 -0.02072763629257679
v -0.00893736071884632 -0.050835445523262024 -0.02082783170044422
v -0.009011728689074515 -0.049622103571891785 -0.02480185218155384
v -0.006665112450718879 -0.051209982484579086 -0.02072763629257679
v -0.009011728689074515 -0.049622103571891785 -0.02480185218155384
v -0.006730010733008384 -0.05002277344465256 -0.02468651719391346
v -0.006730010733008384 -0.05002277344465256 -0.02468651719391346
v -0.009011728689074515 -0.049622103571891785 -0.02480185218155384
v -0.00900299660861492 -0.04811783879995346 -0.02874612994492054
v -0.006730010733008384 -0.05002277344465256 -0.02468651719391346
v -0.00900299660861492 -0.04811783879995346 -0.02874612994492054
v -0.006738068535923957 -0.0485454723238945 -0.028616072610020638
v -0.006738068535923957 -0.0485454723238945 -0.028616072610020638
v -0.00900299660861492 -0.04811783879995346 -0.02874612994492054
v -0.00830518640577793 -0.04644398391246796 -0.03263003006577492
v -0.006738068535923957 -0.0485454723238945 -0.028616072610020638
v -0.00830518640577793 -0.04644398391246796 -0.03263003006577492
v -0.006576733663678168 -0.04676872491836548 -0.03252625837922096
v 1.1379847819625864e-06 0.02771618776023388 -0.06524688005447388
v 1.1379847819625864e-06 0.02807190828025341 -0.06590241193771362
v -0.0024207103997468944 0.02800115756690502 -0.06597548723220825
v -0.015418386086821554 -0.02465706132352352 -0.06854903697967529
v -0.015028921887278555 -0.02518962137401104 -0.06692665815353394
v -0.01728449203073978 -0.02365918643772602 -0.06700807809829712
v -0.0027391780167818065 -0.02887023240327835 -0.06999999284744263
v -0.0022658500820398326 -0.029016148298978806 -0.06836265325546265
v -0.005041727796196937 -0.028660839423537254 -0.06839412450790405
v 1.1305345424261757e-06 -0.04230252280831337 -0.041462842375040054
v 1.115633381232328e-06 -0.044251494109630585 -0.03796768561005592
v -0.004110349342226981 -0.044098641723394394 -0.03801560774445534
v 1.145435476246348e-06 -0.002094556810334325 -0.04680532589554787
v 1.1677872180371194e-06 -0.0005333770532160997 -0.04841280356049538
v -0.004083139821887015 -0.0005996201653033495 -0.048456672579050064
v 1.145435476246348e-06 -0.002094556810334325 -0.04680532589554787
v -0.004083139821887015 -0.0005996201653033495 -0.048456672579050064
v -0.0034545343369245525 -0.0021437418181449175 -0.04678976908326149
v -0.0034545343369245525 -0.0021437418181449175 -0.04678976908326149
v -0.004083139821887015 -0.0005996201653033495 -0.048456672579050064
v -0.006285080686211585 -0.0008278239984065294 -0.048433784395456314
v -0.0034545343369245525 -0.0021437418181449175 -0.04678976908326149
v -0.006285080686211585 -0.0008278239984065294 -0.048433784395456314
v -0.006167592480778693 -0.0023653407115489244 -0.0467185415327549
v -0.006167592480778693 -0.0023653407115489244 -0.0467185415327549
v -0.006285080686211585 -0.0008278239984065294 -0.048433784395456314
v -0.008414836600422857 -0.001251493813470006 -0.04835355654358864
v -0.006167592480778693 -0.0023653407115489244 -0.0467185415327549
v -0.008414836600422857 -0.001251493813470006 -0.04835355654358864
v -0.008329829201102255 -0.0027523573953658342 -0.04659492149949074
v -0.008329829201102255 -0.0027523573953658342 -0.04659492149949074
v -0.008414836600422857 -0.001251493813470006 -0.04835355654358864
v -0.01044931076467037 -0.0019011993426829576 -0.04820406809449196
v -0.008329829201102255 -0.0027523573953658342 -0.04659492149949074
v -0.01044931076467037 -0.0019011993426829576 -0.04820406809449196
v -0.01052986644208431 -0.003417418571189046 -0.04638278856873512
v -0.01052986644208431 -0.003417418571189046 -0.04638278856873512
v -0.01044931076467037 -0.0019011993426829576 -0.04820406809449196
v -0.012367790564894674 -0.0027960885781794786 -0.047977570444345474
v -0.01052986644208431 -0.003417418571189046 -0.04638278856873512
v -0.012367790564894674 -0.0027960885781794786 -0.047977570444345474
v -0.012415817007422445 -0.004276332911103964 -0.04610813036561012
v -0.012415817007422445 -0.004276332911103964 -0.04610813036561012
v -0.012367790564894674 -0.0027960885781794786 -0.047977570444345474
v -0.014151604846119879 -0.003945065196603537 -0.04767024889588356
v -0.012415817007422445 -0.004276332911103964 -0.04610813036561012
v -0.014151604846119879 -0.003945065196603537 -0.04767024889588356
v -0.014240140095353125 -0.0054397000931203365 -0.045735958963632584
v -0.014240140095353125 -0.0054397000931203365 -0.045735958963632584
v -0.014151604846119879 -0.003945065196603537 -0.04767024889588356
v -0.01578377746045589 -0.00534794619306922 -0.04728180542588234
v -0.014240140095353125 -0.0054397000931203365 -0.045735958963632584
v -0.01578377746045589 -0.00534794619306922 -0.04728180542588234
v -0.015822755172848698 -0.006796961184591055 -0.04530215635895729
v -0.015822755172848698 -0.006796961184591055 -0.04530215635895729
v -0.01578377746045589 -0.00534794619306922 -0.04728180542588234
v -0.017249265685677525 -0.00699645048007369 -0.04681450501084328
v -0.015822755172848698 -0.006796961184591055 -0.04530215635895729
v -0.017249265685677525 -0.00699645048007369 -0.04681450501084328
v -0.01731844805181026 -0.00848317239433527 -0.04476368799805641
v -0.01731844805181026 -0.00848317239433527 -0.04476368799805641
v -0.017249265685677525 -0.00699645048007369 -0.04681450501084328
v -0.018537124618887898 -0.008874782361090183 -0.046273235231637955
v -0.01731844805181026 -0.00848317239433527 -0.04476368799805641
v -0.018537124618887898 -0.008874782361090183 -0.046273235231637955
v -0.018675306811928746 -0.01049662847071886 -0.04411960020661354
v -0.018675306811928746 -0.01049662847071886 -0.04411960020661354
v -0.018537124618887898 -0.008874782361090183 -0.046273235231637955
v -0.019638674333691594 -0.010960628278553486 -0.04566496983170509
v -0.018675306811928746 -0.01049662847071886 -0.04411960020661354
v -0.019638674333691594 -0.010960628278553486 -0.04566496983170509
v -0.019790319725871083 -0.012680989690124989 -0.043421391397714615
v -0.019790319725871083 -0.012680989690124989 -0.043421391397714615
v -0.019638674333691594 -0.010960628278553486 -0.04566496983170509
v -0.02054653130471706 -0.013226141221821308 -0.0449984110891819
v -0.019790319725871083 -0.012680989690124989 -0.043421391397714615
v -0.02054653130471706 -0.013226141221821308 -0.0449984110891819
v -0.020787851884961125 -0.015345067717134953 -0.04257005825638771
v -0.02054653130471706 -0.013226141221821308 -0.0449984110891819
v -0.021254630759358403 -0.01563890092074871 -0.04428357258439064
v -0.020787851884961125 -0.015345067717134953 -0.04257005825638771
v -0.020787851884961125 -0.015345067717134953 -0.04257005825638771
v -0.021254630759358403 -0.01563890092074871 -0.04428357258439064
v -0.02175822667777538 -0.018162859603762627 -0.043531302362680435
v -0.020787851884961125 -0.015345067717134953 -0.04257005825638771
v -0.02175822667777538 -0.018162859603762627 -0.043531302362680435
v -0.02154298312962055 -0.018331455066800117 -0.04161650314927101
v -0.02154298312962055 -0.018331455066800117 -0.04161650314927101
v -0.02175822667777538 -0.018162859603762627 -0.043531302362680435
v -0.022053925320506092 -0.020759297534823418 -0.042753223329782486
v -0.02154298312962055 -0.018331455066800117 -0.04161650314927101
v -0.022053925320506092 -0.020759297534823418 -0.042753223329782486
v -0.0219788271933794 -0.021276211366057396 -0.04067457094788551
v -0.0219788271933794 -0.021276211366057396 -0.04067457094788551
v -0.022053925320506092 -0.020759297534823418 -0.042753223329782486
v -0.022139685228466984 -0.023387784138321877 -0.041961196810007095
v -0.0219788271933794 -0.021276211366057396 -0.04067457094788551
v -0.022139685228466984 -0.023387784138321877 -0.041961196810007095
v -0.022143246605992314 -0.024288715794682503 -0.039711181074380875
v -0.022143246605992314 -0.024288715794682503 -0.039711181074380875
v -0.022139685228466984 -0.023387784138321877 -0.041961196810007095
v -0.022015051916241642 -0.026007523760199547 -0.04116702452301979
v -0.022143246605992314 -0.024288715794682503 -0.039711181074380875
v -0.022015051916241642 -0.026007523760199547 -0.04116702452301979
v -0.022119404748082157 -0.025892315432429314 -0.03919893875718117
v -0.022119404748082157 -0.025892315432429314 -0.03919893875718117
v -0.022015051916241642 -0.026007523760199547 -0.04116702452301979
v -0.021681936457753178 -0.028579402714967728 -0.040383998304605484
v -0.022119404748082157 -0.025892315432429314 -0.03919893875718117
v -0.021681936457753178 -0.028579402714967728 -0.040383998304605484
v -0.021720362827181813 -0.029875488951802254 -0.03792572394013405
v -0.021720362827181813 -0.029875488951802254 -0.03792572394013405
v -0.021681936457753178 -0.028579402714967728 -0.040383998304605484
v -0.02168701402842998 -0.03007500059902668 -0.03786194697022438
v -0.02168701402842998 -0.03007500059902668 -0.03786194697022438
v -0.021681936457753178 -0.028579402714967728 -0.040383998304605484
v -0.021143963560461995 -0.03106558881700039 -0.03962535038590431
v -0.02168701402842998 -0.03007500059902668 -0.03786194697022438
v -0.021143963560461995 -0.03106558881700039 -0.03962535038590431
v -0.02157074026763439 -0.03071610815823078 -0.03765696659684181
v -0.02157074026763439 -0.03071610815823078 -0.03765696659684181
v -0.021143963560461995 -0.03106558881700039 -0.03962535038590431
v -0.02063549123704433 -0.03431732952594757 -0.036505941301584244
v -0.02063549123704433 -0.03431732952594757 -0.036505941301584244
v -0.021143963560461995 -0.03106558881700039 -0.03962535038590431
v -0.02040617726743221 -0.03343002498149872 -0.03890365734696388
v -0.02063549123704433 -0.03431732952594757 -0.036505941301584244
v -0.02040617726743221 -0.03343002498149872 -0.03890365734696388
v -0.020461490377783772 -0.0348222590982914 -0.03634459152817726
v -0.020461490377783772 -0.0348222590982914 -0.03634459152817726
v -0.02040617726743221 -0.03343002498149872 -0.03890365734696388
v -0.020288182422518727 -0.035293858498334885 -0.0361938513815403
v -0.020288182422518727 -0.035293858498334885 -0.0361938513815403
v -0.02040617726743221 -0.03343002498149872 -0.03890365734696388
v -0.019475011155009266 -0.03563932701945305 -0.03823006525635719
v -0.020288182422518727 -0.035293858498334885 -0.0361938513815403
v -0.019475011155009266 -0.03563932701945305 -0.03823006525635719
v -0.019530626013875004 -0.03707439824938774 -0.03562486544251442
v -0.019530626013875004 -0.03707439824938774 -0.03562486544251442
v -0.019475011155009266 -0.03563932701945305 -0.03823006525635719
v -0.018894968554377552 -0.03830902278423309 -0.03523022308945656
v -0.018894968554377552 -0.03830902278423309 -0.03523022308945656
v -0.019475011155009266 -0.03563932701945305 -0.03823006525635719
v -0.018358232453465458 -0.03766366466879845 -0.03761434927582741
v -0.018894968554377552 -0.03830902278423309 -0.03523022308945656
v -0.018358232453465458 -0.03766366466879845 -0.03761434927582741
v -0.01844285242259502 -0.03908051550388336 -0.03498363867402077
v -0.01844285242259502 -0.03908051550388336 -0.03498363867402077
v -0.018358232453465458 -0.03766366466879845 -0.03761434927582741
v -0.01773727126419544 -0.040143925696611404 -0.03464365378022194
v -0.01773727126419544 -0.040143925696611404 -0.03464365378022194
v -0.018358232453465458 -0.03766366466879845 -0.03761434927582741
v -0.01706490851938724 -0.0394776426255703 -0.03706425800919533
v -0.01773727126419544 -0.040143925696611404 -0.03464365378022194
v -0.01706490851938724 -0.0394776426255703 -0.03706425800919533
v -0.01636596582829952 -0.04183352738618851 -0.034103576093912125
v -0.01636596582829952 -0.04183352738618851 -0.034103576093912125
v -0.01706490851938724 -0.0394776426255703 -0.03706425800919533
v -0.015605369582772253 -0.04106118530035019 -0.03658521547913551
v -0.01636596582829952 -0.04183352738618851 -0.034103576093912125
v -0.015605369582772253 -0.04106118530035019 -0.03658521547913551
v -0.01399818994104862 -0.043927427381277084 -0.03343445435166359
v -0.01399818994104862 -0.043927427381277084 -0.03343445435166359
v -0.015605369582772253 -0.04106118530035019 -0.03658521547913551
v -0.014030316844582556 -0.040783509612083435 -0.038916412740945816
v -0.01399818994104862 -0.043927427381277084 -0.03343445435166359
v -0.014030316844582556 -0.040783509612083435 -0.038916412740945816
v -0.013673355802893637 -0.04415300115942955 -0.03336239233613014
v -0.013673355802893637 -0.04415300115942955 -0.03336239233613014
v -0.014030316844582556 -0.040783509612083435 -0.038916412740945816
v -0.012278700247406958 -0.04188370332121849 -0.03860783949494362
v -0.013673355802893637 -0.04415300115942955 -0.03336239233613014
v -0.012278700247406958 -0.04188370332121849 -0.03860783949494362
v -0.012221964076161383 -0.045016948133707047 -0.03308624401688576
v -0.012221964076161383 -0.045016948133707047 -0.03308624401688576
v -0.012278700247406958 -0.04188370332121849 -0.03860783949494362
v -0.010991236194968222 -0.0455903634428978 -0.032902900129556656
v -0.010991236194968222 -0.0455903634428978 -0.032902900129556656
v -0.012278700247406958 -0.04188370332121849 -0.03860783949494362
v -0.01039701886475086 -0.04275039955973625 -0.038368526846170425
v -0.010991236194968222 -0.0455903634428978 -0.032902900129556656
v -0.01039701886475086 -0.04275039955973625 -0.038368526846170425
v -0.010280484333634375 -0.0458647795021534 -0.03281516209244728
v -0.010280484333634375 -0.0458647795021534 -0.03281516209244728
v -0.01039701886475086 -0.04275039955973625 -0.038368526846170425
v -0.008873170241713522 -0.04630257189273834 -0.03267526999115944
v -0.008873170241713522 -0.04630257189273834 -0.03267526999115944
v -0.01039701886475086 -0.04275039955973625 -0.038368526846170425
v -0.008398177102208136 -0.04339458793401718 -0.03819531574845314
v -0.008873170241713522 -0.04630257189273834 -0.03267526999115944
v -0.008398177102208136 -0.04339458793401718 -0.03819531574845314
v -0.00830518640577793 -0.04644398391246796 -0.03263003006577492
v -0.00830518640577793 -0.04644398391246796 -0.03263003006577492
v -0.008398177102208136 -0.04339458793401718 -0.03819531574845314
v -0.0062969718128442756 -0.04383493959903717 -0.03808129206299782
v -0.00830518640577793 -0.04644398391246796 -0.03263003006577492
v -0.0062969718128442756 -0.04383493959903717 -0.03808129206299782
v -0.006576733663678168 -0.04676872491836548 -0.03252625837922096
v -0.006576733663678168 -0.04676872491836548 -0.03252625837922096
v -0.0062969718128442756 -0.04383493959903717 -0.03808129206299782
v -0.004110349342226981 -0.044098641723394394 -0.03801560774445534
v -0.006576733663678168 -0.04676872491836548 -0.03252625837922096
v -0.004110349342226981 -0.044098641723394394 -0.03801560774445534
v -0.004030117765069007 -0.04701843485236168 -0.032446447759866714
v -0.004030117765069007 -0.04701843485236168 -0.032446447759866714
v -0.004110349342226981 -0.044098641723394394 -0.03801560774445534
v -0.0013601576210930941 -0.047092780470848083 -0.03242260590195656
v -0.0013601576210930941 -0.047092780470848083 -0.03242260590195656
v -0.004110349342226981 -0.044098641723394394 -0.03801560774445534
v 1.115633381232328e-06 -0.044251494109630585 -0.03796768561005592
v -0.0013601576210930941 -0.047092780470848083 -0.03242260590195656
v 1.115633381232328e-06 -0.044251494109630585 -0.03796768561005592
v 1.1230839618292519e-06 -0.04709595814347267 -0.03242165222764015
v -0.0019766334444284435 -0.035086940973997116 -0.05371946468949318
v 1.1305345424261757e-06 -0.038089729845523834 -0.048657361418008804
v -0.0019349699141457675 -0.038016799837350845 -0.048704806715250015
v -0.0019349699141457675 -0.038016799837350845 -0.048704806715250015
v 1.1305345424261757e-06 -0.038089729845523834 -0.048657361418008804
v 1.1230839618292519e-06 -0.04118448868393898 -0.04340255632996559
v -0.0019349699141457675 -0.038016799837350845 -0.048704806715250015
v 1.1230839618292519e-06 -0.04118448868393898 -0.04340255632996559
v -0.004191050305962562 -0.040955550968647 -0.04348361864686012
v 1.115633381232328e-06 -0.032640986144542694 -0.058351997286081314
v 1.1305345424261757e-06 -0.034526728093624115 -0.05481404438614845
v -0.0019766334444284435 -0.035086940973997116 -0.05371946468949318
v -0.0019766334444284435 -0.035086940973997116 -0.05371946468949318
v 1.1305345424261757e-06 -0.034526728093624115 -0.05481404438614845
v 1.1230839618292519e-06 -0.03517405316233635 -0.05366260185837746
v -0.0019766334444284435 -0.035086940973997116 -0.05371946468949318
v 1.1230839618292519e-06 -0.03517405316233635 -0.05366260185837746
v 1.1305345424261757e-06 -0.038089729845523834 -0.048657361418008804
v 1.1230838481424141e-06 -0.029107585549354553 -0.06833785772323608
v 1.130534428739338e-06 -0.02950447052717209 -0.06624108552932739
v -0.0022070873528718944 -0.029335519298911095 -0.06660139560699463
v -0.00872155837714672 -0.02765710838139057 -0.06999999284744263
v -0.006213841959834098 -0.028326207771897316 -0.06999999284744263
v -0.005041727796196937 -0.028660839423537254 -0.06839412450790405
v -0.005041727796196937 -0.028660839423537254 -0.06839412450790405
v -0.006213841959834098 -0.028326207771897316 -0.06999999284744263
v -0.005762407556176185 -0.028421493247151375 -0.06999999284744263
v -0.005041727796196937 -0.028660839423537254 -0.06839412450790405
v -0.005762407556176185 -0.028421493247151375 -0.06999999284744263
v -0.0027391780167818065 -0.02887023240327835 -0.06999999284744263
v -0.005041727796196937 -0.028660839423537254 -0.06839412450790405
v -0.007769061252474784 -0.028040895238518715 -0.06842821836471558
v -0.00872155837714672 -0.02765710838139057 -0.06999999284744263
v -0.00872155837714672 -0.02765710838139057 -0.06999999284744263
v -0.007769061252474784 -0.028040895238518715 -0.06842821836471558
v -0.010423148050904272 -0.027161752805113792 -0.06846553087234497
v -0.00872155837714672 -0.02765710838139057 -0.06999999284744263
v -0.010423148050904272 -0.027161752805113792 -0.06846553087234497
v -0.011584015563130377 -0.026585424318909645 -0.06999999284744263
v -0.011584015563130377 -0.026585424318909645 -0.06999999284744263
v -0.010423148050904272 -0.027161752805113792 -0.06846553087234497
v -0.01214000768959522 -0.026336153969168663 -0.06999999284744263
v -0.01214000768959522 -0.026336153969168663 -0.06999999284744263
v -0.010423148050904272 -0.027161752805113792 -0.06846553087234497
v -0.012980436906218527 -0.026030750945210457 -0.06850606203079224
v -0.01214000768959522 -0.026336153969168663 -0.06999999284744263
v -0.012980436906218527 -0.026030750945210457 -0.06850606203079224
v -0.014317823573946951 -0.025218388065695763 -0.06999999284744263
v -0.014317823573946951 -0.025218388065695763 -0.06999999284744263
v -0.012980436906218527 -0.026030750945210457 -0.06850606203079224
v -0.015418386086821554 -0.02465706132352352 -0.06854903697967529
v -0.014317823573946951 -0.025218388065695763 -0.06999999284744263
v -0.015418386086821554 -0.02465706132352352 -0.06854903697967529
v -0.016892375424504277 -0.023571373894810677 -0.06999999284744263
v -0.016892375424504277 -0.023571373894810677 -0.06999999284744263
v -0.015418386086821554 -0.02465706132352352 -0.06854903697967529
v -0.01728449203073978 -0.02365918643772602 -0.06700807809829712
v -0.016892375424504277 -0.023571373894810677 -0.06999999284744263
v -0.01728449203073978 -0.02365918643772602 -0.06700807809829712
v -0.017502000555396077 -0.023122301325201988 -0.06999999284744263
v -0.017502000555396077 -0.023122301325201988 -0.06999999284744263
v -0.01728449203073978 -0.02365918643772602 -0.06700807809829712
v -0.019392209127545353 -0.02191353775560856 -0.06709051132202148
v -0.017502000555396077 -0.023122301325201988 -0.06999999284744263
v -0.019392209127545353 -0.02191353775560856 -0.06709051132202148
v -0.019279388710856434 -0.021662460640072823 -0.06999999284744263
v -0.019279388710856434 -0.021662460640072823 -0.06999999284744263
v -0.019392209127545353 -0.02191353775560856 -0.06709051132202148
v -0.02145225368440151 -0.019512871280312538 -0.06999993324279785
v -0.02145225368440151 -0.019512871280312538 -0.06999993324279785
v -0.019392209127545353 -0.02191353775560856 -0.06709051132202148
v -0.021333081647753712 -0.019962957128882408 -0.0671699047088623
v -0.02145225368440151 -0.019512871280312538 -0.06999993324279785
v -0.021333081647753712 -0.019962957128882408 -0.0671699047088623
v -0.022050643339753147 -0.018833989277482033 -0.06999993324279785
v -0.022050643339753147 -0.018833989277482033 -0.06999993324279785
v -0.021333081647753712 -0.019962957128882408 -0.0671699047088623
v -0.023088084533810612 -0.017819957807660103 -0.06724154949188232
v -0.022050643339753147 -0.018833989277482033 -0.06999993324279785
v -0.023088084533810612 -0.017819957807660103 -0.06724154949188232
v -0.023386767134070393 -0.017146622762084007 -0.06999999284744263
v -0.023386767134070393 -0.017146622762084007 -0.06999999284744263
v -0.023088084533810612 -0.017819957807660103 -0.06724154949188232
v -0.025061497464776036 -0.014589902944862843 -0.0700000524520874
v -0.025061497464776036 -0.014589902944862843 -0.0700000524520874
v -0.023088084533810612 -0.017819957807660103 -0.06724154949188232
v -0.024638229981064793 -0.01550015527755022 -0.06730157136917114
v -0.025061497464776036 -0.014589902944862843 -0.0700000524520874
v -0.024638229981064793 -0.01550015527755022 -0.06730157136917114
v -0.02557459659874439 -0.01367050502449274 -0.06999999284744263
v -0.02557459659874439 -0.01367050502449274 -0.06999999284744263
v -0.024638229981064793 -0.01550015527755022 -0.06730157136917114
v -0.02596502937376499 -0.013022047467529774 -0.06734675168991089
v -0.02557459659874439 -0.01367050502449274 -0.06999999284744263
v -0.02596502937376499 -0.013022047467529774 -0.06734675168991089
v -0.02645785920321941 -0.01187105942517519 -0.06999999284744263
v -0.02645785920321941 -0.01187105942517519 -0.06999999284744263
v -0.02596502937376499 -0.013022047467529774 -0.06734675168991089
v -0.027051100507378575 -0.010406811721622944 -0.067374587059021
v -0.02645785920321941 -0.01187105942517519 -0.06999999284744263
v -0.027051100507378575 -0.010406811721622944 -0.067374587059021
v -0.027560314163565632 -0.009020362980663776 -0.06999993324279785
v -0.027560314163565632 -0.009020362980663776 -0.06999993324279785
v -0.027051100507378575 -0.010406811721622944 -0.067374587059021
v -0.027910074219107624 -0.007871774025261402 -0.06999993324279785
v -0.027910074219107624 -0.007871774025261402 -0.06999993324279785
v -0.027051100507378575 -0.010406811721622944 -0.067374587059021
v -0.02788073383271694 -0.007678223308175802 -0.06738358736038208
v -0.027910074219107624 -0.007871774025261402 -0.06999993324279785
v -0.02788073383271694 -0.007678223308175802 -0.06738358736038208
v -0.028356602415442463 -0.006069561000913382 -0.06999999284744263
v -0.028356602415442463 -0.006069561000913382 -0.06999999284744263
v -0.02788073383271694 -0.007678223308175802 -0.06738358736038208
v -0.028440503403544422 -0.004862563218921423 -0.06737369298934937
v -0.028356602415442463 -0.006069561000913382 -0.06999999284744263
v -0.028440503403544422 -0.004862563218921423 -0.06737369298934937
v -0.02883791364729404 -0.0030512523371726274 -0.0700000524520874
v -0.028502469882369038 0.004854387138038874 -0.0686790943145752
v -0.027857610955834385 0.007689184043556452 -0.06863796710968018
v -0.02791008539497852 0.007871775887906551 -0.0700000524520874
v -0.02791008539497852 0.007871775887906551 -0.0700000524520874
v -0.027857610955834385 0.007689184043556452 -0.06863796710968018
v -0.027612896636128422 0.008858098648488522 -0.0700000524520874
v -0.027612896636128422 0.008858098648488522 -0.0700000524520874
v -0.027857610955834385 0.007689184043556452 -0.06863796710968018
v -0.026930844411253926 0.010448790155351162 -0.06859272718429565
v -0.027612896636128422 0.008858098648488522 -0.0700000524520874
v -0.026930844411253926 0.010448790155351162 -0.06859272718429565
v -0.02652717567980289 0.011715314351022243 -0.06999987363815308
v -0.02652717567980289 0.011715314351022243 -0.06999987363815308
v -0.026930844411253926 0.010448790155351162 -0.06859272718429565
v -0.025730663910508152 0.01310423668473959 -0.06854397058486938
v -0.02652717567980289 0.011715314351022243 -0.06999987363815308
v -0.025730663910508152 0.01310423668473959 -0.06854397058486938
v -0.025574581697583195 0.013670503161847591 -0.06999987363815308
v -0.025574581697583195 0.013670503161847591 -0.06999987363815308
v -0.025730663910508152 0.01310423668473959 -0.06854397058486938
v -0.025146847590804097 0.014442271552979946 -0.06999987363815308
v -0.025146847590804097 0.014442271552979946 -0.06999987363815308
v -0.025730663910508152 0.01310423668473959 -0.06854397058486938
v -0.02426849119365215 0.015627680346369743 -0.06849199533462524
v -0.025146847590804097 0.014442271552979946 -0.06999987363815308
v -0.02426849119365215 0.015627680346369743 -0.06849199533462524
v -0.023487331345677372 0.01700863055884838 -0.06999999284744263
v -0.023487331345677372 0.01700863055884838 -0.06999999284744263
v -0.02426849119365215 0.015627680346369743 -0.06849199533462524
v -0.02255846373736858 0.017992643639445305 -0.06843668222427368
v -0.023487331345677372 0.01700863055884838 -0.06999999284744263
v -0.02255846373736858 0.017992643639445305 -0.06843668222427368
v -0.02205066196620464 0.018834000453352928 -0.0700000524520874
v -0.02205066196620464 0.018834000453352928 -0.0700000524520874
v -0.02255846373736858 0.017992643639445305 -0.06843668222427368
v -0.021566601470112797 0.019386431202292442 -0.06999999284744263
v -0.021566601470112797 0.019386431202292442 -0.06999999284744263
v -0.02255846373736858 0.017992643639445305 -0.06843668222427368
v -0.020617166534066197 0.020174456760287285 -0.06837791204452515
v -0.021566601470112797 0.019386431202292442 -0.06999999284744263
v -0.020617166534066197 0.020174456760287285 -0.06837791204452515
v -0.01940633542835712 0.021548761054873466 -0.0699998140335083
v -0.01940633542835712 0.021548761054873466 -0.0699998140335083
v -0.020617166534066197 0.020174456760287285 -0.06837791204452515
v -0.01846341975033283 0.02215072326362133 -0.06831532716751099
v -0.01940633542835712 0.021548761054873466 -0.0699998140335083
v -0.01846341975033283 0.02215072326362133 -0.06831532716751099
v -0.017502000555396077 0.023122301325201988 -0.06999987363815308
v -0.017502000555396077 0.023122301325201988 -0.06999987363815308
v -0.01846341975033283 0.02215072326362133 -0.06831532716751099
v -0.016118200495839115 0.023900775238871574 -0.06824922561645508
v -0.017502000555396077 0.023122301325201988 -0.06999987363815308
v -0.016118200495839115 0.023900775238871574 -0.06824922561645508
v -0.01703083328902721 0.0234715323895216 -0.06999987363815308
v -0.01703083328902721 0.0234715323895216 -0.06999987363815308
v -0.016118200495839115 0.023900775238871574 -0.06824922561645508
v -0.013604445382952688 0.025405658408999443 -0.06818008422851562
v -0.01703083328902721 0.0234715323895216 -0.06999987363815308
v -0.013604445382952688 0.025405658408999443 -0.06818008422851562
v -0.014465989544987677 0.02513371966779232 -0.06999999284744263
v -0.014465989544987677 0.02513371966779232 -0.06999999284744263
v -0.013604445382952688 0.025405658408999443 -0.06818008422851562
v -0.012140003964304922 0.02633613906800747 -0.06999987363815308
v -0.012140003964304922 0.02633613906800747 -0.06999987363815308
v -0.013604445382952688 0.025405658408999443 -0.06818008422851562
v -0.010946923866868017 0.026648743078112602 -0.06810879707336426
v -0.012140003964304922 0.02633613906800747 -0.06999987363815308
v -0.010946923866868017 0.026648743078112602 -0.06810879707336426
v -0.011740094050765036 0.02651684544980526 -0.06999987363815308
v -0.011740094050765036 0.02651684544980526 -0.06999987363815308
v -0.010946923866868017 0.026648743078112602 -0.06810879707336426
v -0.008172256872057913 0.02761579118669033 -0.06803703308105469
v -0.011740094050765036 0.02651684544980526 -0.06999987363815308
v -0.008172256872057913 0.02761579118669033 -0.06803703308105469
v -0.008884010836482046 0.02760530821979046 -0.06999975442886353
v 1.1454353625595102e-06 0.028475245460867882 -0.06685703992843628
v 1.1454353625595102e-06 0.028766026720404625 -0.06785792112350464
v -0.0023871529847383495 0.028677253052592278 -0.06790375709533691
v -0.0023871529847383495 0.028677253052592278 -0.06790375709533691
v 1.1454353625595102e-06 0.028766026720404625 -0.06785792112350464
v 1.1454353625595102e-06 0.02889379672706127 -0.06853693723678589
v -0.008884010836482046 0.02760530821979046 -0.06999975442886353
v -0.008172256872057913 0.02761579118669033 -0.06803703308105469
v -0.006213845685124396 0.02832622639834881 -0.0699998140335083
v -0.006213845685124396 0.02832622639834881 -0.0699998140335083
v -0.008172256872057913 0.02761579118669033 -0.06803703308105469
v -0.005308905616402625 0.028294941410422325 -0.06796759366989136
v -0.006213845685124396 0.02832622639834881 -0.0699998140335083
v -0.005308905616402625 0.028294941410422325 -0.06796759366989136
v -0.00592987798154354 0.028387052938342094 -0.06999987363815308
v -0.00592987798154354 0.028387052938342094 -0.06999987363815308
v -0.005308905616402625 0.028294941410422325 -0.06796759366989136
v -0.0023871529847383495 0.028677253052592278 -0.06790375709533691
v -0.00592987798154354 0.028387052938342094 -0.06999987363815308
v -0.0023871529847383495 0.028677253052592278 -0.06790375709533691
v -0.002908384427428245 0.028853682801127434 -0.06999993324279785
v -0.002908384427428245 0.028853682801127434 -0.06999993324279785
v -0.0023871529847383495 0.028677253052592278 -0.06790375709533691
v 1.1454353625595102e-06 0.02889379672706127 -0.06853693723678589
v -0.002908384427428245 0.028853682801127434 -0.06999993324279785
v 1.1454353625595102e-06 0.02889379672706127 -0.06853693723678589
v 1.1230836207687387e-06 0.028999967500567436 -0.06999999284744263
v 1.1677872180371194e-06 -0.0005333770532160997 -0.04841280356049538
v 1.1677872180371194e-06 0.001358347712084651 -0.04991770163178444
v -0.0018704106332734225 0.001362412003800273 -0.04994422569870949
v 1.1379847819625864e-06 0.02807190828025341 -0.06590241193771362
v 1.1454353625595102e-06 0.028475245460867882 -0.06685703992843628
v -0.0024207103997468944 0.02800115756690502 -0.06597548723220825
v -0.0024207103997468944 0.02800115756690502 -0.06597548723220825
v 1.1454353625595102e-06 0.028475245460867882 -0.06685703992843628
v -0.0023871529847383495 0.028677253052592278 -0.06790375709533691
v -0.0024207103997468944 0.02800115756690502 -0.06597548723220825
v -0.0023871529847383495 0.028677253052592278 -0.06790375709533691
v -0.00538167543709278 0.02762806974351406 -0.06608086824417114
v -0.00538167543709278 0.02762806974351406 -0.06608086824417114
v -0.0023871529847383495 0.028677253052592278 -0.06790375709533691
v -0.005308905616402625 0.028294941410422325 -0.06796759366989136
v -0.00538167543709278 0.02762806974351406 -0.06608086824417114
v -0.005308905616402625 0.028294941410422325 -0.06796759366989136
v -0.008278751745820044 0.02694525383412838 -0.06619668006896973
v -0.008278751745820044 0.02694525383412838 -0.06619668006896973
v -0.005308905616402625 0.028294941410422325 -0.06796759366989136
v -0.008172256872057913 0.02761579118669033 -0.06803703308105469
v -0.008278751745820044 0.02694525383412838 -0.06619668006896973
v -0.008172256872057913 0.02761579118669033 -0.06803703308105469
v -0.011079492047429083 0.025963155552744865 -0.06631684303283691
v -0.011079492047429083 0.025963155552744865 -0.06631684303283691
v -0.008172256872057913 0.02761579118669033 -0.06803703308105469
v -0.010946923866868017 0.026648743078112602 -0.06810879707336426
v -0.011079492047429083 0.025963155552744865 -0.06631684303283691
v -0.010946923866868017 0.026648743078112602 -0.06810879707336426
v -0.013754179701209067 0.024695543572306633 -0.06643658876419067
v -0.013754179701209067 0.024695543572306633 -0.06643658876419067
v -0.010946923866868017 0.026648743078112602 -0.06810879707336426
v -0.013604445382952688 0.025405658408999443 -0.06818008422851562
v -0.013754179701209067 0.024695543572306633 -0.06643658876419067
v -0.013604445382952688 0.025405658408999443 -0.06818008422851562
v -0.01627562381327152 0.023158928379416466 -0.06655275821685791
v -0.01627562381327152 0.023158928379416466 -0.06655275821685791
v -0.013604445382952688 0.025405658408999443 -0.06818008422851562
v -0.016118200495839115 0.023900775238871574 -0.06824922561645508
v -0.01627562381327152 0.023158928379416466 -0.06655275821685791
v -0.016118200495839115 0.023900775238871574 -0.06824922561645508
v -0.01861893944442272 0.021372048184275627 -0.06666332483291626
v -0.01861893944442272 0.021372048184275627 -0.06666332483291626
v -0.016118200495839115 0.023900775238871574 -0.06824922561645508
v -0.01846341975033283 0.02215072326362133 -0.06831532716751099
v -0.01861893944442272 0.021372048184275627 -0.06666332483291626
v -0.01846341975033283 0.02215072326362133 -0.06831532716751099
v -0.020761350169777867 0.019355541095137596 -0.06676715612411499
v -0.020761350169777867 0.019355541095137596 -0.06676715612411499
v -0.01846341975033283 0.02215072326362133 -0.06831532716751099
v -0.020617166534066197 0.020174456760287285 -0.06837791204452515
v -0.020761350169777867 0.019355541095137596 -0.06676715612411499
v -0.020617166534066197 0.020174456760287285 -0.06837791204452515
v -0.02268210984766483 0.017131520435214043 -0.06686389446258545
v -0.02268210984766483 0.017131520435214043 -0.06686389446258545
v -0.020617166534066197 0.020174456760287285 -0.06837791204452515
v -0.02255846373736858 0.017992643639445305 -0.06843668222427368
v -0.02268210984766483 0.017131520435214043 -0.06686389446258545
v -0.02255846373736858 0.017992643639445305 -0.06843668222427368
v -0.02436304651200771 0.014723940752446651 -0.06695407629013062
v -0.02436304651200771 0.014723940752446651 -0.06695407629013062
v -0.02255846373736858 0.017992643639445305 -0.06843668222427368
v -0.02426849119365215 0.015627680346369743 -0.06849199533462524
v -0.02436304651200771 0.014723940752446651 -0.06695407629013062
v -0.02426849119365215 0.015627680346369743 -0.06849199533462524
v -0.025788376107811924 0.012159100733697414 -0.06703788042068481
v -0.025788376107811924 0.012159100733697414 -0.06703788042068481
v -0.02426849119365215 0.015627680346369743 -0.06849199533462524
v -0.025730663910508152 0.01310423668473959 -0.06854397058486938
v -0.025788376107811924 0.012159100733697414 -0.06703788042068481
v -0.025730663910508152 0.01310423668473959 -0.06854397058486938
v -0.026944803074002262 0.009465261362493038 -0.06711548566818237
v -0.026944803074002262 0.009465261362493038 -0.06711548566818237
v -0.025730663910508152 0.01310423668473959 -0.06854397058486938
v -0.026930844411253926 0.010448790155351162 -0.06859272718429565
v -0.026944803074002262 0.009465261362493038 -0.06711548566818237
v -0.026930844411253926 0.010448790155351162 -0.06859272718429565
v -0.027821840718388554 0.006672239396721125 -0.06718641519546509
v -0.027821840718388554 0.006672239396721125 -0.06718641519546509
v -0.026930844411253926 0.010448790155351162 -0.06859272718429565
v -0.027857610955834385 0.007689184043556452 -0.06863796710968018
v -0.027821840718388554 0.006672239396721125 -0.06718641519546509
v -0.027857610955834385 0.007689184043556452 -0.06863796710968018
v -0.028412090614438053 0.0038110229652374983 -0.06724971532821655
v -0.028412090614438053 0.0038110229652374983 -0.06724971532821655
v -0.027857610955834385 0.007689184043556452 -0.06863796710968018
v -0.028502469882369038 0.004854387138038874 -0.0686790943145752
v -0.028412090614438053 0.0038110229652374983 -0.06724971532821655
v -0.028502469882369038 0.004854387138038874 -0.0686790943145752
v -0.028711540624499318 0.0009134027641266584 -0.06730377674102783
v -0.028711540624499318 0.0009134027641266584 -0.06730377674102783
v -0.028502469882369038 0.004854387138038874 -0.0686790943145752
v -0.028860034421086308 0.0019742425065487623 -0.0687151551246643
v -0.028711540624499318 0.0009134027641266584 -0.06730377674102783
v -0.028860034421086308 0.0019742425065487623 -0.0687151551246643
v -0.028719836845993992 -0.001988449366763234 -0.06734615564346313
v -0.028719836845993992 -0.001988449366763234 -0.06734615564346313
v -0.028860034421086308 0.0019742425065487623 -0.0687151551246643
v -0.028928244486451146 -0.0009208929259330034 -0.06874465942382812
v 1.1379847819625864e-06 0.026700472459197044 -0.06382900476455688
v 1.1379847819625864e-06 0.02771618776023388 -0.06524688005447388
v -0.0024327058345079418 0.02689266763627529 -0.06420964002609253
v -0.0024327058345079418 0.02689266763627529 -0.06420964002609253
v 1.1379847819625864e-06 0.02771618776023388 -0.06524688005447388
v -0.0024207103997468944 0.02800115756690502 -0.06597548723220825
v -0.0024327058345079418 0.02689266763627529 -0.06420964002609253
v -0.0024207103997468944 0.02800115756690502 -0.06597548723220825
v -0.0054072681814432135 0.02653929404914379 -0.06433850526809692
v -0.0054072681814432135 0.02653929404914379 -0.06433850526809692
v -0.0024207103997468944 0.02800115756690502 -0.06597548723220825
v -0.00538167543709278 0.02762806974351406 -0.06608086824417114
v -0.0054072681814432135 0.02653929404914379 -0.06433850526809692
v -0.00538167543709278 0.02762806974351406 -0.06608086824417114
v -0.008314112201333044 0.02586805634200573 -0.06448197364807129
v -0.008314112201333044 0.02586805634200573 -0.06448197364807129
v -0.00538167543709278 0.02762806974351406 -0.06608086824417114
v -0.008278751745820044 0.02694525383412838 -0.06619668006896973
v -0.008314112201333044 0.02586805634200573 -0.06448197364807129
v -0.008278751745820044 0.02694525383412838 -0.06619668006896973
v -0.011119103059172629 0.024889787659049034 -0.06463128328323364
v -0.011119103059172629 0.024889787659049034 -0.06463128328323364
v -0.008278751745820044 0.02694525383412838 -0.06619668006896973
v -0.011079492047429083 0.025963155552744865 -0.06631684303283691
v -0.011119103059172629 0.024889787659049034 -0.06463128328323364
v -0.011079492047429083 0.025963155552744865 -0.06631684303283691
v -0.01379159279167652 0.023619046434760094 -0.06477993726730347
v -0.01379159279167652 0.023619046434760094 -0.06477993726730347
v -0.011079492047429083 0.025963155552744865 -0.06631684303283691
v -0.013754179701209067 0.024695543572306633 -0.06643658876419067
v -0.01379159279167652 0.023619046434760094 -0.06477993726730347
v -0.013754179701209067 0.024695543572306633 -0.06643658876419067
v -0.01630402915179729 0.022073520347476006 -0.0649232268333435
v -0.01630402915179729 0.022073520347476006 -0.0649232268333435
v -0.013754179701209067 0.024695543572306633 -0.06643658876419067
v -0.01627562381327152 0.023158928379416466 -0.06655275821685791
v -0.01630402915179729 0.022073520347476006 -0.0649232268333435
v -0.01627562381327152 0.023158928379416466 -0.06655275821685791
v -0.018631542101502415 0.020273206755518913 -0.06505823135375977
v -0.018631542101502415 0.020273206755518913 -0.06505823135375977
v -0.01627562381327152 0.023158928379416466 -0.06655275821685791
v -0.01861893944442272 0.021372048184275627 -0.06666332483291626
v -0.018631542101502415 0.020273206755518913 -0.06505823135375977
v -0.01861893944442272 0.021372048184275627 -0.06666332483291626
v -0.02075153402984142 0.018239831551909447 -0.06518328189849854
v -0.02075153402984142 0.018239831551909447 -0.06518328189849854
v -0.01861893944442272 0.021372048184275627 -0.06666332483291626
v -0.020761350169777867 0.019355541095137596 -0.06676715612411499
v -0.02075153402984142 0.018239831551909447 -0.06518328189849854
v -0.020761350169777867 0.019355541095137596 -0.06676715612411499
v -0.022643519565463063 0.015996573492884636 -0.06529814004898071
v -0.022643519565463063 0.015996573492884636 -0.06529814004898071
v -0.020761350169777867 0.019355541095137596 -0.06676715612411499
v -0.02268210984766483 0.017131520435214043 -0.06686389446258545
v -0.022643519565463063 0.015996573492884636 -0.06529814004898071
v -0.02268210984766483 0.017131520435214043 -0.06686389446258545
v -0.02429019100964069 0.013568623922765255 -0.06540316343307495
v -0.02429019100964069 0.013568623922765255 -0.06540316343307495
v -0.02268210984766483 0.017131520435214043 -0.06686389446258545
v -0.02436304651200771 0.014723940752446651 -0.06695407629013062
v -0.02429019100964069 0.013568623922765255 -0.06540316343307495
v -0.02436304651200771 0.014723940752446651 -0.06695407629013062
v -0.025676792487502095 0.010983607731759548 -0.06549888849258423
v -0.025676792487502095 0.010983607731759548 -0.06549888849258423
v -0.02436304651200771 0.014723940752446651 -0.06695407629013062
v -0.025788376107811924 0.012159100733697414 -0.06703788042068481
v -0.025676792487502095 0.010983607731759548 -0.06549888849258423
v -0.025788376107811924 0.012159100733697414 -0.06703788042068481
v -0.02679103054106235 0.008271298371255398 -0.06558555364608765
v -0.02679103054106235 0.008271298371255398 -0.06558555364608765
v -0.025788376107811924 0.012159100733697414 -0.06703788042068481
v -0.026944803074002262 0.009465261362493038 -0.06711548566818237
v -0.02679103054106235 0.008271298371255398 -0.06558555364608765
v -0.026944803074002262 0.009465261362493038 -0.06711548566818237
v -0.027623394504189488 0.005463159177452326 -0.06566262245178223
v -0.027623394504189488 0.005463159177452326 -0.06566262245178223
v -0.026944803074002262 0.009465261362493038 -0.06711548566818237
v -0.027821840718388554 0.006672239396721125 -0.06718641519546509
v -0.027623394504189488 0.005463159177452326 -0.06566262245178223
v -0.027821840718388554 0.006672239396721125 -0.06718641519546509
v -0.028167514130473133 0.002591906813904643 -0.06572908163070679
v -0.028167514130473133 0.002591906813904643 -0.06572908163070679
v -0.027821840718388554 0.006672239396721125 -0.06718641519546509
v -0.028412090614438053 0.0038110229652374983 -0.06724971532821655
v -0.028167514130473133 0.002591906813904643 -0.06572908163070679
v -0.028412090614438053 0.0038110229652374983 -0.06724971532821655
v -0.028420517221093174 -0.0003090288955718279 -0.06578296422958374
v -0.028420517221093174 -0.0003090288955718279 -0.06578296422958374
v -0.028412090614438053 0.0038110229652374983 -0.06724971532821655
v -0.028711540624499318 0.0009134027641266584 -0.06730377674102783
v -0.028420517221093174 -0.0003090288955718279 -0.06578296422958374
v -0.028711540624499318 0.0009134027641266584 -0.06730377674102783
v -0.02838335372507572 -0.0032059301156550646 -0.06582111120223999
v -0.02838335372507572 -0.0032059301156550646 -0.06582111120223999
v -0.028711540624499318 0.0009134027641266584 -0.06730377674102783
v -0.028719836845993992 -0.001988449366763234 -0.06734615564346313
v -0.027933618053793904 -0.004571062978357077 -0.06418722867965698
v -0.026773070916533467 -0.007705455180257559 -0.060658518224954605
v -0.02800251357257366 -0.0016897518653422594 -0.06417006254196167
v -0.02800251357257366 -0.0016897518653422594 -0.06417006254196167
v -0.026773070916533467 -0.007705455180257559 -0.060658518224954605
v -0.026868579909205433 -0.004880534019321203 -0.06072986498475075
v -0.02800251357257366 -0.0016897518653422594 -0.06417006254196167
v -0.026868579909205433 -0.004880534019321203 -0.06072986498475075
v -0.027784759178757664 0.0012014980893582106 -0.06413435935974121
v -0.027784759178757664 0.0012014980893582106 -0.06413435935974121
v -0.026868579909205433 -0.004880534019321203 -0.06072986498475075
v -0.026690559461712834 -0.002040208550170064 -0.06077999249100685
v -0.027784759178757664 0.0012014980893582106 -0.06413435935974121
v -0.026690559461712834 -0.002040208550170064 -0.06077999249100685
v -0.027278473600745198 0.00406767288222909 -0.06408339738845825
v -0.027278473600745198 0.00406767288222909 -0.06408339738845825
v -0.026690559461712834 -0.002040208550170064 -0.06077999249100685
v -0.026236301288008686 0.0007786068599671125 -0.06081134453415871
v -0.027278473600745198 0.00406767288222909 -0.06408339738845825
v -0.026236301288008686 0.0007786068599671125 -0.06081134453415871
v -0.025506542995572087 0.0035391810815781355 -0.060825053602457047
v 1.1454353625595102e-06 0.023494964465498924 -0.061010781675577164
v 1.1379847819625864e-06 0.025321541354060173 -0.06242770329117775
v -0.00239855982363224 0.023523328825831413 -0.06112045422196388
v -0.00239855982363224 0.023523328825831413 -0.06112045422196388
v 1.1379847819625864e-06 0.025321541354060173 -0.06242770329117775
v -0.0024246368557214733 0.02538459561765194 -0.06259620189666748
v -0.00239855982363224 0.023523328825831413 -0.06112045422196388
v -0.0024246368557214733 0.02538459561765194 -0.06259620189666748
v -0.005331585183739661 0.023227205500006676 -0.06126118078827858
v -0.005331585183739661 0.023227205500006676 -0.06126118078827858
v -0.0024246368557214733 0.02538459561765194 -0.06259620189666748
v -0.005389051511883735 0.025057552382349968 -0.06273531913757324
v -0.005331585183739661 0.023227205500006676 -0.06126118078827858
v -0.005389051511883735 0.025057552382349968 -0.06273531913757324
v -0.008194116875529288 0.022611914202570915 -0.061420682817697525
v -0.008194116875529288 0.022611914202570915 -0.061420682817697525
v -0.005389051511883735 0.025057552382349968 -0.06273531913757324
v -0.008283564820885657 0.024409709498286247 -0.06289201974868774
v -0.008194116875529288 0.022611914202570915 -0.061420682817697525
v -0.008283564820885657 0.024409709498286247 -0.06289201974868774
v -0.010949833318591116 0.0216857697814703 -0.061585430055856705
v -0.010949833318591116 0.0216857697814703 -0.061585430055856705
v -0.008283564820885657 0.024409709498286247 -0.06289201974868774
v -0.01107276417315006 0.023451117798686028 -0.06305503845214844
v -0.010949833318591116 0.0216857697814703 -0.061585430055856705
v -0.01107276417315006 0.023451117798686028 -0.06305503845214844
v -0.013567084446549414 0.0204616691917181 -0.06174534931778908
v -0.013567084446549414 0.0204616691917181 -0.06174534931778908
v -0.01107276417315006 0.023451117798686028 -0.06305503845214844
v -0.013725375756621359 0.022196000441908836 -0.06321609020233154
v -0.013567084446549414 0.0204616691917181 -0.06174534931778908
v -0.013725375756621359 0.022196000441908836 -0.06321609020233154
v -0.016018120571970936 0.018956398591399193 -0.0618937648832798
v -0.016018120571970936 0.018956398591399193 -0.0618937648832798
v -0.013725375756621359 0.022196000441908836 -0.06321609020233154
v -0.016213679686188694 0.020662030205130577 -0.0633692741394043
v -0.016018120571970936 0.018956398591399193 -0.0618937648832798
v -0.016213679686188694 0.020662030205130577 -0.0633692741394043
v -0.018278365954756733 0.01718979887664318 -0.062026385217905045
v -0.018278365954756733 0.01718979887664318 -0.062026385217905045
v -0.016213679686188694 0.020662030205130577 -0.0633692741394043
v -0.0185129027813673 0.018869547173380852 -0.06351083517074585
v -0.018278365954756733 0.01718979887664318 -0.062026385217905045
v -0.0185129027813673 0.018869547173380852 -0.06351083517074585
v -0.02032564021646976 0.015184066258370876 -0.06214118376374245
v -0.02032564021646976 0.015184066258370876 -0.06214118376374245
v -0.0185129027813673 0.018869547173380852 -0.06351083517074585
v -0.020600652322173115 0.016840776428580284 -0.06363892555236816
v -0.02032564021646976 0.015184066258370876 -0.06214118376374245
v -0.020600652322173115 0.016840776428580284 -0.06363892555236816
v -0.022140087559819218 0.012963189743459225 -0.062237922102212906
v -0.022140087559819218 0.012963189743459225 -0.062237922102212906
v -0.020600652322173115 0.016840776428580284 -0.06363892555236816
v -0.02245673723518848 0.014599508605897427 -0.06375312805175781
v -0.022140087559819218 0.012963189743459225 -0.062237922102212906
v -0.02245673723518848 0.014599508605897427 -0.06375312805175781
v -0.023706609383225438 0.010553664527833462 -0.06231749430298805
v -0.023706609383225438 0.010553664527833462 -0.06231749430298805
v -0.02245673723518848 0.014599508605897427 -0.06375312805175781
v -0.02406489290297031 0.012171774171292782 -0.06385409832000732
v -0.023706609383225438 0.010553664527833462 -0.06231749430298805
v -0.02406489290297031 0.012171774171292782 -0.06385409832000732
v -0.02501302026212215 0.00798491295427084 -0.06238103285431862
v -0.02501302026212215 0.00798491295427084 -0.06238103285431862
v -0.02406489290297031 0.012171774171292782 -0.06385409832000732
v -0.025411581620573994 0.009586266241967678 -0.06394267082214355
v -0.02501302026212215 0.00798491295427084 -0.06238103285431862
v -0.025411581620573994 0.009586266241967678 -0.06394267082214355
v -0.0260492879897356 0.005288830492645502 -0.062429431825876236
v -0.0260492879897356 0.005288830492645502 -0.062429431825876236
v -0.025411581620573994 0.009586266241967678 -0.06394267082214355
v -0.026485605165362355 0.00687395641580224 -0.06401914358139038
v 1.152885943156434e-06 0.021102463826537132 -0.059541765600442886
v 1.1454353625595102e-06 0.023494964465498924 -0.061010781675577164
v -0.002357089892029762 0.021365171298384666 -0.05976307764649391
v -0.002357089892029762 0.021365171298384666 -0.05976307764649391
v 1.1454353625595102e-06 0.023494964465498924 -0.061010781675577164
v -0.00239855982363224 0.023523328825831413 -0.06112045422196388
v -0.002357089892029762 0.021365171298384666 -0.05976307764649391
v -0.00239855982363224 0.023523328825831413 -0.06112045422196388
v -0.0052405986934900275 0.021103186532855034 -0.05990052595734596
v -0.0052405986934900275 0.021103186532855034 -0.05990052595734596
v -0.00239855982363224 0.023523328825831413 -0.06112045422196388
v -0.005331585183739661 0.023227205500006676 -0.06126118078827858
v -0.0052405986934900275 0.021103186532855034 -0.05990052595734596
v -0.005331585183739661 0.023227205500006676 -0.06126118078827858
v -0.008054459467530249 0.020527308806777 -0.060055676847696304
v -0.008054459467530249 0.020527308806777 -0.060055676847696304
v -0.005331585183739661 0.023227205500006676 -0.06126118078827858
v -0.008194116875529288 0.022611914202570915 -0.061420682817697525
v -0.008054459467530249 0.020527308806777 -0.060055676847696304
v -0.008194116875529288 0.022611914202570915 -0.061420682817697525
v -0.010761769488453863 0.019643327221274376 -0.06021297350525856
v -0.010761769488453863 0.019643327221274376 -0.06021297350525856
v -0.008194116875529288 0.022611914202570915 -0.061420682817697525
v -0.010949833318591116 0.0216857697814703 -0.061585430055856705
v -0.010761769488453863 0.019643327221274376 -0.06021297350525856
v -0.010949833318591116 0.0216857697814703 -0.061585430055856705
v -0.013330711051821707 0.018462156876921654 -0.060361091047525406
v -0.013330711051821707 0.018462156876921654 -0.060361091047525406
v -0.010949833318591116 0.0216857697814703 -0.061585430055856705
v -0.013567084446549414 0.0204616691917181 -0.06174534931778908
v -0.013330711051821707 0.018462156876921654 -0.060361091047525406
v -0.013567084446549414 0.0204616691917181 -0.06174534931778908
v -0.01573366858065128 0.016999011859297752 -0.06049269810318947
v -0.01573366858065128 0.016999011859297752 -0.06049269810318947
v -0.013567084446549414 0.0204616691917181 -0.06174534931778908
v -0.016018120571970936 0.018956398591399193 -0.0618937648832798
v -0.01573366858065128 0.016999011859297752 -0.06049269810318947
v -0.016018120571970936 0.018956398591399193 -0.0618937648832798
v -0.017946304753422734 0.01527275051921606 -0.06060332432389259
v -0.017946304753422734 0.01527275051921606 -0.06060332432389259
v -0.016018120571970936 0.018956398591399193 -0.0618937648832798
v -0.018278365954756733 0.01718979887664318 -0.062026385217905045
v -0.017946304753422734 0.01527275051921606 -0.06060332432389259
v -0.018278365954756733 0.01718979887664318 -0.062026385217905045
v -0.019946703687310215 0.01330504473298788 -0.06069094315171242
v -0.019946703687310215 0.01330504473298788 -0.06069094315171242
v -0.018278365954756733 0.01718979887664318 -0.062026385217905045
v -0.02032564021646976 0.015184066258370876 -0.06214118376374245
v -0.019946703687310215 0.01330504473298788 -0.06069094315171242
v -0.02032564021646976 0.015184066258370876 -0.06214118376374245
v -0.021715348586440083 0.011119677685201168 -0.06075543537735939
v -0.021715348586440083 0.011119677685201168 -0.06075543537735939
v -0.02032564021646976 0.015184066258370876 -0.06214118376374245
v -0.022140087559819218 0.012963189743459225 -0.062237922102212906
v -0.021715348586440083 0.011119677685201168 -0.06075543537735939
v -0.022140087559819218 0.012963189743459225 -0.062237922102212906
v -0.02323840372264385 0.008743240498006344 -0.06079823151230812
v -0.02323840372264385 0.008743240498006344 -0.06079823151230812
v -0.022140087559819218 0.012963189743459225 -0.062237922102212906
v -0.023706609383225438 0.010553664527833462 -0.06231749430298805
v -0.02323840372264385 0.008743240498006344 -0.06079823151230812
v -0.023706609383225438 0.010553664527833462 -0.06231749430298805
v -0.02450507692992687 0.006205572281032801 -0.060820940881967545
v -0.02450507692992687 0.006205572281032801 -0.060820940881967545
v -0.023706609383225438 0.010553664527833462 -0.06231749430298805
v -0.02501302026212215 0.00798491295427084 -0.06238103285431862
v -0.02450507692992687 0.006205572281032801 -0.060820940881967545
v -0.02501302026212215 0.00798491295427084 -0.06238103285431862
v -0.025506542995572087 0.0035391810815781355 -0.060825053602457047
v -0.025506542995572087 0.0035391810815781355 -0.060825053602457047
v -0.02501302026212215 0.00798491295427084 -0.06238103285431862
v -0.0260492879897356 0.005288830492645502 -0.062429431825876236
v -0.025506542995572087 0.0035391810815781355 -0.060825053602457047
v -0.0260492879897356 0.005288830492645502 -0.062429431825876236
v -0.027278473600745198 0.00406767288222909 -0.06408339738845825
v -0.027278473600745198 0.00406767288222909 -0.06408339738845825
v -0.0260492879897356 0.005288830492645502 -0.062429431825876236
v -0.026485605165362355 0.00687395641580224 -0.06401914358139038
v 1.1528860568432717e-06 0.011633767746388912 -0.05519980564713478
v 1.1603365237533578e-06 0.01730245165526867 -0.057650867849588394
v -0.0021036807447671886 0.011075063608586788 -0.05500561371445656
v -0.0021036807447671886 0.011075063608586788 -0.05500561371445656
v 1.1603365237533578e-06 0.01730245165526867 -0.057650867849588394
v -0.002240786328911781 0.01641472987830639 -0.05730641260743141
v -0.0021036807447671886 0.011075063608586788 -0.05500561371445656
v -0.002240786328911781 0.01641472987830639 -0.05730641260743141
v -0.004684014245867728 0.01094918604940176 -0.055117491632699966
v -0.004684014245867728 0.01094918604940176 -0.055117491632699966
v -0.002240786328911781 0.01641472987830639 -0.05730641260743141
v -0.00498567335307598 0.01622483693063259 -0.05743223801255226
v -0.004684014245867728 0.01094918604940176 -0.055117491632699966
v -0.00498567335307598 0.01622483693063259 -0.05743223801255226
v -0.007206073030829429 0.01055505033582449 -0.055221084505319595
v -0.007206073030829429 0.01055505033582449 -0.055221084505319595
v -0.00498567335307598 0.01622483693063259 -0.05743223801255226
v -0.007665710523724555 0.015739424154162407 -0.057566169649362564
v -0.007206073030829429 0.01055505033582449 -0.055221084505319595
v -0.007665710523724555 0.015739424154162407 -0.057566169649362564
v -0.00963432155549526 0.009883522056043148 -0.05529839172959328
v -0.00963432155549526 0.009883522056043148 -0.05529839172959328
v -0.007665710523724555 0.015739424154162407 -0.057566169649362564
v -0.010243901982903479 0.014957665465772152 -0.05769038572907448
v -0.00963432155549526 0.009883522056043148 -0.05529839172959328
v -0.010243901982903479 0.014957665465772152 -0.05769038572907448
v -0.01193861849606037 0.008933416567742825 -0.055336836725473404
v -0.01193861849606037 0.008933416567742825 -0.055336836725473404
v -0.010243901982903479 0.014957665465772152 -0.05769038572907448
v -0.012688772752881048 0.01388514693826437 -0.05779248848557472
v -0.01193861849606037 0.008933416567742825 -0.055336836725473404
v -0.012688772752881048 0.01388514693826437 -0.05779248848557472
v -0.014093188568949698 0.007710388395935297 -0.0553283728659153
v -0.014093188568949698 0.007710388395935297 -0.0553283728659153
v -0.012688772752881048 0.01388514693826437 -0.05779248848557472
v -0.014973321929574011 0.012533015571534634 -0.05786443129181862
v -0.014093188568949698 0.007710388395935297 -0.0553283728659153
v -0.014973321929574011 0.012533015571534634 -0.05786443129181862
v -0.016075497493147847 0.006225815508514643 -0.05526900663971901
v -0.016075497493147847 0.006225815508514643 -0.05526900663971901
v -0.014973321929574011 0.012533015571534634 -0.05786443129181862
v -0.01707394979894161 0.010917051695287228 -0.05790174379944801
v -0.016075497493147847 0.006225815508514643 -0.05526900663971901
v -0.01707394979894161 0.010917051695287228 -0.05790174379944801
v -0.017865194007754322 0.004495634231716394 -0.05515808239579201
v -0.017865194007754322 0.004495634231716394 -0.05515808239579201
v -0.01707394979894161 0.010917051695287228 -0.05790174379944801
v -0.018969388678669926 0.00905673112720251 -0.05790293589234352
v -0.017865194007754322 0.004495634231716394 -0.05515808239579201
v -0.018969388678669926 0.00905673112720251 -0.05790293589234352
v -0.01944446004927158 0.002539540408179164 -0.054997507482767105
v -0.01944446004927158 0.002539540408179164 -0.054997507482767105
v -0.018969388678669926 0.00905673112720251 -0.05790293589234352
v -0.020640900358557698 0.00697437534108758 -0.05786878243088722
v -0.01944446004927158 0.002539540408179164 -0.054997507482767105
v -0.020640900358557698 0.00697437534108758 -0.05786878243088722
v -0.02080377750098705 0.00038170325569808483 -0.05479097738862038
v -0.02080377750098705 0.00038170325569808483 -0.05479097738862038
v -0.020640900358557698 0.00697437534108758 -0.05786878243088722
v -0.022077096626162526 0.004695890937000513 -0.05780178681015968
v -0.02080377750098705 0.00038170325569808483 -0.05479097738862038
v -0.022077096626162526 0.004695890937000513 -0.05780178681015968
v -0.02193706668913364 -0.0019494083244353533 -0.0545431412756443
v -0.02193706668913364 -0.0019494083244353533 -0.0545431412756443
v -0.022077096626162526 0.004695890937000513 -0.05780178681015968
v -0.02326988615095615 0.0022509980481117964 -0.05770492926239967
v -0.02193706668913364 -0.0019494083244353533 -0.0545431412756443
v -0.02326988615095615 0.0022509980481117964 -0.05770492926239967
v -0.02283934690058231 -0.004421853926032782 -0.05425936356186867
v -0.02283934690058231 -0.004421853926032782 -0.05425936356186867
v -0.02326988615095615 0.0022509980481117964 -0.05770492926239967
v -0.024212697520852085 -0.00032752868719398975 -0.05758136883378029
v -0.02283934690058231 -0.004421853926032782 -0.05425936356186867
v -0.024212697520852085 -0.00032752868719398975 -0.05758136883378029
v -0.023506911471486088 -0.007000958081334829 -0.053944770246744156
v -0.023506911471486088 -0.007000958081334829 -0.053944770246744156
v -0.024212697520852085 -0.00032752868719398975 -0.05758136883378029
v -0.024900743737816807 -0.003004619153216481 -0.05743396654725075
v -0.023506911471486088 -0.007000958081334829 -0.053944770246744156
v -0.024900743737816807 -0.003004619153216481 -0.05743396654725075
v -0.023937558755278584 -0.009650100953876972 -0.053604427725076675
v -0.023937558755278584 -0.009650100953876972 -0.053604427725076675
v -0.024900743737816807 -0.003004619153216481 -0.05743396654725075
v -0.025331353768706318 -0.00574358319863677 -0.05726492777466774
v -0.023937558755278584 -0.009650100953876972 -0.053604427725076675
v -0.025331353768706318 -0.00574358319863677 -0.05726492777466774
v -0.024130782112479206 -0.012331434525549412 -0.05324232950806618
v -0.024130782112479206 -0.012331434525549412 -0.05324232950806618
v -0.025331353768706318 -0.00574358319863677 -0.05726492777466774
v -0.02550425566732883 -0.008506783284246922 -0.05707526579499245
v -0.024130782112479206 -0.012331434525549412 -0.05324232950806618
v -0.02550425566732883 -0.008506783284246922 -0.05707526579499245
v -0.02408797852694988 -0.01500664371997118 -0.05286145582795143
v -0.02408797852694988 -0.01500664371997118 -0.05286145582795143
v -0.02550425566732883 -0.008506783284246922 -0.05707526579499245
v -0.025421870872378346 -0.011256334371864796 -0.05686480179429054
v -0.02408797852694988 -0.01500664371997118 -0.05286145582795143
v -0.025421870872378346 -0.011256334371864796 -0.05686480179429054
v -0.023813212290406224 -0.017638685181736946 -0.05246413126587868
v -0.023813212290406224 -0.017638685181736946 -0.05246413126587868
v -0.025421870872378346 -0.011256334371864796 -0.05686480179429054
v -0.02509004063904285 -0.013955687172710896 -0.056632403284311295
v -0.023813212290406224 -0.017638685181736946 -0.05246413126587868
v -0.02509004063904285 -0.013955687172710896 -0.056632403284311295
v -0.023315014317631718 -0.020195847377181053 -0.052056316286325455
v -0.023315014317631718 -0.020195847377181053 -0.052056316286325455
v -0.02509004063904285 -0.013955687172710896 -0.056632403284311295
v -0.02451933734118938 -0.016573289409279823 -0.056379977613687515
v -0.023315014317631718 -0.020195847377181053 -0.052056316286325455
v -0.02451933734118938 -0.016573289409279823 -0.056379977613687515
v -0.02260436303913593 -0.02264944650232792 -0.051645878702402115
v -0.02260436303913593 -0.02264944650232792 -0.051645878702402115
v -0.02451933734118938 -0.016573289409279823 -0.056379977613687515
v -0.023723261430859562 -0.019081102684140205 -0.056112054735422134
v -0.02260436303913593 -0.02264944650232792 -0.051645878702402115
v -0.023723261430859562 -0.019081102684140205 -0.056112054735422134
v -0.021693618968129155 -0.024973174557089806 -0.05124104395508766
v -0.021693618968129155 -0.024973174557089806 -0.05124104395508766
v -0.023723261430859562 -0.019081102684140205 -0.056112054735422134
v -0.022717101499438282 -0.021454105153679848 -0.055834416300058365
v -0.021693618968129155 -0.024973174557089806 -0.05124104395508766
v -0.022717101499438282 -0.021454105153679848 -0.055834416300058365
v -0.02059596963226795 -0.027143394574522972 -0.05084991827607155
v -0.02059596963226795 -0.027143394574522972 -0.05084991827607155
v -0.022717101499438282 -0.021454105153679848 -0.055834416300058365
v -0.0215171817690134 -0.023670444265007973 -0.055553678423166275
v -0.02059596963226795 -0.027143394574522972 -0.05084991827607155
v -0.0215171817690134 -0.023670444265007973 -0.055553678423166275
v -0.01932491175830364 -0.029139472171664238 -0.05047989264130592
v -0.01932491175830364 -0.029139472171664238 -0.05047989264130592
v -0.0215171817690134 -0.023670444265007973 -0.055553678423166275
v -0.020140146836638447 -0.025711605325341225 -0.055276576429605484
v -0.01932491175830364 -0.029139472171664238 -0.05047989264130592
v -0.020140146836638447 -0.025711605325341225 -0.055276576429605484
v -0.017893714830279347 -0.0309440940618515 -0.05013710632920265
v -0.017893714830279347 -0.0309440940618515 -0.05013710632920265
v -0.020140146836638447 -0.025711605325341225 -0.055276576429605484
v -0.018602212890982624 -0.027562549337744713 -0.05500948801636696
v -0.017893714830279347 -0.0309440940618515 -0.05013710632920265
v -0.018602212890982624 -0.027562549337744713 -0.05500948801636696
v -0.016314895823597905 -0.032543618232011795 -0.049826089292764664
v -0.016314895823597905 -0.032543618232011795 -0.049826089292764664
v -0.018602212890982624 -0.027562549337744713 -0.05500948801636696
v -0.01691842637956142 -0.029211847111582756 -0.054757777601480484
v -0.016314895823597905 -0.032543618232011795 -0.049826089292764664
v -0.01691842637956142 -0.029211847111582756 -0.054757777601480484
v -0.014599325135350226 -0.03393018990755081 -0.04955006018280983
v -0.014599325135350226 -0.03393018990755081 -0.04955006018280983
v -0.01691842637956142 -0.029211847111582756 -0.054757777601480484
v -0.015101747587323187 -0.030653320252895355 -0.05452621355652809
v -0.014599325135350226 -0.03393018990755081 -0.04955006018280983
v -0.015101747587323187 -0.030653320252895355 -0.05452621355652809
v -0.012755492702126501 -0.035104598850011826 -0.04931354895234108
v -0.012755492702126501 -0.035104598850011826 -0.04931354895234108
v -0.015101747587323187 -0.030653320252895355 -0.05452621355652809
v -0.013162562623620032 -0.03188777342438698 -0.05432039871811867
v -0.012755492702126501 -0.035104598850011826 -0.04931354895234108
v -0.013162562623620032 -0.03188777342438698 -0.05432039871811867
v -0.010791501030325888 -0.036070626229047775 -0.049119118601083755
v -0.010791501030325888 -0.036070626229047775 -0.049119118601083755
v -0.013162562623620032 -0.03188777342438698 -0.05432039871811867
v -0.011110203340649603 -0.032917797565460205 -0.054144326597452164
v -0.010791501030325888 -0.036070626229047775 -0.049119118601083755
v -0.011110203340649603 -0.032917797565460205 -0.054144326597452164
v -0.008716085925698279 -0.03683435171842575 -0.048966411501169205
v -0.008716085925698279 -0.03683435171842575 -0.048966411501169205
v -0.011110203340649603 -0.032917797565460205 -0.054144326597452164
v -0.008954031392931936 -0.03374700993299484 -0.053999368101358414
v -0.008716085925698279 -0.03683435171842575 -0.048966411501169205
v -0.008954031392931936 -0.03374700993299484 -0.053999368101358414
v -0.006539432331919669 -0.037404615432024 -0.048851851373910904
v -0.006539432331919669 -0.037404615432024 -0.048851851373910904
v -0.008954031392931936 -0.03374700993299484 -0.053999368101358414
v -0.006704391911625861 -0.03438032418489456 -0.053884152323007584
v -0.006539432331919669 -0.037404615432024 -0.048851851373910904
v -0.006704391911625861 -0.03438032418489456 -0.053884152323007584
v -0.004273934289813041 -0.037793513387441635 -0.04876834526658058
v -0.004273934289813041 -0.037793513387441635 -0.04876834526658058
v -0.006704391911625861 -0.03438032418489456 -0.053884152323007584
v -0.004373548552393912 -0.03482420742511749 -0.05379367247223854
v -0.014030316844582556 -0.040783509612083435 -0.038916412740945816
v -0.014237312600016592 -0.03737921640276909 -0.04431748762726784
v -0.012278700247406958 -0.04188370332121849 -0.03860783949494362
v -0.012278700247406958 -0.04188370332121849 -0.03860783949494362
v -0.014237312600016592 -0.03737921640276909 -0.04431748762726784
v -0.012460341677069662 -0.038508445024490356 -0.044046882539987564
v -0.012278700247406958 -0.04188370332121849 -0.03860783949494362
v -0.012460341677069662 -0.038508445024490356 -0.044046882539987564
v -0.01039701886475086 -0.04275039955973625 -0.038368526846170425
v -0.01039701886475086 -0.04275039955973625 -0.038368526846170425
v -0.012460341677069662 -0.038508445024490356 -0.044046882539987564
v -0.01055646128952503 -0.03941971808671951 -0.043831948190927505
v -0.01039701886475086 -0.04275039955973625 -0.038368526846170425
v -0.01055646128952503 -0.03941971808671951 -0.043831948190927505
v -0.008398177102208136 -0.04339458793401718 -0.03819531574845314
v -0.008398177102208136 -0.04339458793401718 -0.03819531574845314
v -0.01055646128952503 -0.03941971808671951 -0.043831948190927505
v -0.008535506203770636 -0.04012150689959526 -0.0436706580221653
v -0.008398177102208136 -0.04339458793401718 -0.03819531574845314
v -0.008535506203770636 -0.04012150689959526 -0.0436706580221653
v -0.0062969718128442756 -0.04383493959903717 -0.03808129206299782
v -0.0062969718128442756 -0.04383493959903717 -0.03808129206299782
v -0.008535506203770636 -0.04012150689959526 -0.0436706580221653
v -0.00640907697379589 -0.04062715917825699 -0.04355764761567116
v -0.0062969718128442756 -0.04383493959903717 -0.03808129206299782
v -0.00640907697379589 -0.04062715917825699 -0.04355764761567116
v -0.004110349342226981 -0.044098641723394394 -0.03801560774445534
v -0.004110349342226981 -0.044098641723394394 -0.03801560774445534
v -0.00640907697379589 -0.04062715917825699 -0.04355764761567116
v -0.004191050305962562 -0.040955550968647 -0.04348361864686012
v -0.004110349342226981 -0.044098641723394394 -0.03801560774445534
v -0.004191050305962562 -0.040955550968647 -0.04348361864686012
v 1.1305345424261757e-06 -0.04230252280831337 -0.041462842375040054
v 1.1305345424261757e-06 -0.04230252280831337 -0.041462842375040054
v -0.004191050305962562 -0.040955550968647 -0.04348361864686012
v 1.1230839618292519e-06 -0.04118448868393898 -0.04340255632996559
v 1.1603366374401956e-06 0.003700337139889598 -0.05141020193696022
v 1.1528860568432717e-06 0.0066157192923128605 -0.05294734612107277
v -0.0019170959712937472 0.0035168591421097517 -0.05133283510804176
v -0.0019170959712937472 0.0035168591421097517 -0.05133283510804176
v 1.1528860568432717e-06 0.0066157192923128605 -0.05294734612107277
v -0.0019729975610971446 0.005891366396099329 -0.05262357369065285
v -0.0019170959712937472 0.0035168591421097517 -0.05133283510804176
v -0.0019729975610971446 0.005891366396099329 -0.05262357369065285
v -0.004269296303391456 0.003438471583649516 -0.05140489712357521
v -0.004269296303391456 0.003438471583649516 -0.05140489712357521
v -0.0019729975610971446 0.005891366396099329 -0.05262357369065285
v -0.0043942276388406745 0.005804880056530237 -0.052713219076395035
v -0.004269296303391456 0.003438471583649516 -0.05140489712357521
v -0.0043942276388406745 0.005804880056530237 -0.052713219076395035
v -0.0065716374665498725 0.0031541946809738874 -0.051445309072732925
v -0.0065716374665498725 0.0031541946809738874 -0.051445309072732925
v -0.0043942276388406745 0.005804880056530237 -0.052713219076395035
v -0.00676317699253559 0.005488543305546045 -0.05277794972062111
v -0.0065716374665498725 0.0031541946809738874 -0.051445309072732925
v -0.00676317699253559 0.005488543305546045 -0.05277794972062111
v -0.008793579414486883 0.0026371616404503584 -0.051436010748147964
v -0.008793579414486883 0.0026371616404503584 -0.051436010748147964
v -0.00676317699253559 0.005488543305546045 -0.05277794972062111
v -0.009047305211424826 0.00492235878482461 -0.0527997650206089
v -0.008793579414486883 0.0026371616404503584 -0.051436010748147964
v -0.009047305211424826 0.00492235878482461 -0.0527997650206089
v -0.01090879552066326 0.0018708657007664442 -0.05136454477906227
v -0.01090879552066326 0.0018708657007664442 -0.05136454477906227
v -0.009047305211424826 0.00492235878482461 -0.0527997650206089
v -0.01121884025633335 0.004095798823982477 -0.052766088396310806
v -0.01090879552066326 0.0018708657007664442 -0.05136454477906227
v -0.01121884025633335 0.004095798823982477 -0.052766088396310806
v -0.012894378975033758 0.0008479345124214888 -0.0512235201895237
v -0.012894378975033758 0.0008479345124214888 -0.0512235201895237
v -0.01121884025633335 0.004095798823982477 -0.052766088396310806
v -0.013253813609480856 0.0030065912287682295 -0.05266935005784035
v -0.012894378975033758 0.0008479345124214888 -0.0512235201895237
v -0.013253813609480856 0.0030065912287682295 -0.05266935005784035
v -0.014730034396052359 -0.0004309203941375017 -0.05100959911942482
v -0.014730034396052359 -0.0004309203941375017 -0.05100959911942482
v -0.013253813609480856 0.0030065912287682295 -0.05266935005784035
v -0.01513112150132656 0.0016596156638115644 -0.05250615254044533
v -0.014730034396052359 -0.0004309203941375017 -0.05100959911942482
v -0.01513112150132656 0.0016596156638115644 -0.05250615254044533
v -0.016397261992096897 -0.0019579988438636065 -0.05072278156876564
v -0.016397261992096897 -0.0019579988438636065 -0.05072278156876564
v -0.01513112150132656 0.0016596156638115644 -0.05250615254044533
v -0.016831589862704274 6.575392762897536e-05 -0.05227631703019142
v -0.016397261992096897 -0.0019579988438636065 -0.05072278156876564
v -0.016831589862704274 6.575392762897536e-05 -0.05227631703019142
v -0.017879864200949665 -0.003719617845490575 -0.0503658689558506
v -0.017879864200949665 -0.003719617845490575 -0.0503658689558506
v -0.016831589862704274 6.575392762897536e-05 -0.05227631703019142
v -0.018338454887270924 -0.001759001286700368 -0.05198264494538307
v -0.017879864200949665 -0.003719617845490575 -0.0503658689558506
v -0.018338454887270924 -0.001759001286700368 -0.05198264494538307
v -0.01916888542473316 -0.005696104373782873 -0.04994404688477516
v -0.01916888542473316 -0.005696104373782873 -0.04994404688477516
v -0.018338454887270924 -0.001759001286700368 -0.05198264494538307
v -0.019642977043986317 -0.0037932556588202715 -0.051629845052957535
v -0.01916888542473316 -0.005696104373782873 -0.04994404688477516
v -0.019642977043986317 -0.0037932556588202715 -0.051629845052957535
v -0.020258350297808644 -0.00786235649138689 -0.049463991075754166
v -0.020258350297808644 -0.00786235649138689 -0.049463991075754166
v -0.019642977043986317 -0.0037932556588202715 -0.051629845052957535
v -0.020739635452628132 -0.0060106306336820126 -0.051224175840616226
v -0.020258350297808644 -0.00786235649138689 -0.049463991075754166
v -0.020739635452628132 -0.0060106306336820126 -0.051224175840616226
v -0.021143207326531407 -0.010188796557486057 -0.048933450132608414
v -0.021143207326531407 -0.010188796557486057 -0.048933450132608414
v -0.020739635452628132 -0.0060106306336820126 -0.051224175840616226
v -0.021623814478516575 -0.008380689658224583 -0.05077267065644264
v -0.021143207326531407 -0.010188796557486057 -0.048933450132608414
v -0.021623814478516575 -0.008380689658224583 -0.05077267065644264
v -0.021819373592734333 -0.012642224319279194 -0.04836118593811989
v -0.021819373592734333 -0.012642224319279194 -0.04836118593811989
v -0.021623814478516575 -0.008380689658224583 -0.05077267065644264
v -0.022291881963610646 -0.010869716294109821 -0.05028313770890236
v -0.021819373592734333 -0.012642224319279194 -0.04836118593811989
v -0.022291881963610646 -0.010869716294109821 -0.05028313770890236
v -0.02228383161127567 -0.015186608768999577 -0.0477561391890049
v -0.02228383161127567 -0.015186608768999577 -0.0477561391890049
v -0.022291881963610646 -0.010869716294109821 -0.05028313770890236
v -0.022741308435797688 -0.013441507704555988 -0.04976314678788185
v -0.02228383161127567 -0.015186608768999577 -0.0477561391890049
v -0.022741308435797688 -0.013441507704555988 -0.04976314678788185
v -0.022534662857651707 -0.01778394915163517 -0.047127190977334976
v -0.022534662857651707 -0.01778394915163517 -0.047127190977334976
v -0.022741308435797688 -0.013441507704555988 -0.04976314678788185
v -0.02297076769173145 -0.0160581786185503 -0.04922008886933327
v -0.022534662857651707 -0.01778394915163517 -0.047127190977334976
v -0.02297076769173145 -0.0160581786185503 -0.04922008886933327
v -0.022571122273802754 -0.020395079627633095 -0.04648274555802345
v -0.022571122273802754 -0.020395079627633095 -0.04648274555802345
v -0.02297076769173145 -0.0160581786185503 -0.04922008886933327
v -0.022980248555541035 -0.018680958077311516 -0.048660580068826675
v -0.022571122273802754 -0.020395079627633095 -0.04648274555802345
v -0.022980248555541035 -0.018680958077311516 -0.048660580068826675
v -0.022394234314560887 -0.02298145554959774 -0.04583108797669411
v -0.022394234314560887 -0.02298145554959774 -0.04583108797669411
v -0.022980248555541035 -0.018680958077311516 -0.048660580068826675
v -0.02277174778282642 -0.02127198316156864 -0.04809087887406349
v -0.022394234314560887 -0.02298145554959774 -0.04583108797669411
v -0.02277174778282642 -0.02127198316156864 -0.04809087887406349
v -0.022008480504155156 -0.025508610531687737 -0.04518360272049904
v -0.022008480504155156 -0.025508610531687737 -0.04518360272049904
v -0.02277174778282642 -0.02127198316156864 -0.04809087887406349
v -0.022351128980517384 -0.023798180744051933 -0.047520820051431656
v -0.022008480504155156 -0.025508610531687737 -0.04518360272049904
v -0.022351128980517384 -0.023798180744051933 -0.047520820051431656
v -0.02142020873725414 -0.027944011613726616 -0.04455215111374855
v -0.02142020873725414 -0.027944011613726616 -0.04455215111374855
v -0.022351128980517384 -0.023798180744051933 -0.047520820051431656
v -0.021726286038756367 -0.026228798553347588 -0.04696119204163551
v -0.02142020873725414 -0.027944011613726616 -0.04455215111374855
v -0.021726286038756367 -0.026228798553347588 -0.04696119204163551
v -0.02063692174851894 -0.03025680035352707 -0.04394811764359474
v -0.02063692174851894 -0.03025680035352707 -0.04394811764359474
v -0.021726286038756367 -0.026228798553347588 -0.04696119204163551
v -0.020906263962388035 -0.028534885495901108 -0.04642242565751076
v -0.015878779813647267 -0.03602779656648636 -0.04464263096451759
v -0.015640633180737492 -0.0394456647336483 -0.03929436579346657
v -0.01737655512988567 -0.03445463627576828 -0.045018915086984634
v -0.01737655512988567 -0.03445463627576828 -0.045018915086984634
v -0.015640633180737492 -0.0394456647336483 -0.03929436579346657
v -0.017099579796195027 -0.037872809916734695 -0.039739254862070084
v -0.01737655512988567 -0.03445463627576828 -0.045018915086984634
v -0.017099579796195027 -0.037872809916734695 -0.039739254862070084
v -0.018720826134085652 -0.03266984969377518 -0.045444075018167496
v -0.018720826134085652 -0.03266984969377518 -0.045444075018167496
v -0.017099579796195027 -0.037872809916734695 -0.039739254862070084
v -0.01839683391153812 -0.03607721999287605 -0.04024863615632057
v -0.018720826134085652 -0.03266984969377518 -0.045444075018167496
v -0.01839683391153812 -0.03607721999287605 -0.04024863615632057
v -0.0199009608477354 -0.030689822509884834 -0.045913998037576675
v -0.0199009608477354 -0.030689822509884834 -0.045913998037576675
v -0.01839683391153812 -0.03607721999287605 -0.04024863615632057
v -0.019522359594702717 -0.03407789394259453 -0.04081786051392555
v -0.0199009608477354 -0.030689822509884834 -0.045913998037576675
v -0.019522359594702717 -0.03407789394259453 -0.04081786051392555
v -0.02046694047749042 -0.03189852088689804 -0.041439834982156754
v 1.1677872180371194e-06 -0.0005333770532160997 -0.04841280356049538
v -0.0018704106332734225 0.001362412003800273 -0.04994422569870949
v -0.004083139821887015 -0.0005996201653033495 -0.048456672579050064
v -0.004083139821887015 -0.0005996201653033495 -0.048456672579050064
v -0.0018704106332734225 0.001362412003800273 -0.04994422569870949
v -0.004164228215813636 0.0012861925642937422 -0.049992743879556656
v -0.004083139821887015 -0.0005996201653033495 -0.048456672579050064
v -0.004164228215813636 0.0012861925642937422 -0.049992743879556656
v -0.006285080686211585 -0.0008278239984065294 -0.048433784395456314
v -0.006285080686211585 -0.0008278239984065294 -0.048433784395456314
v -0.004164228215813636 0.0012861925642937422 -0.049992743879556656
v -0.0064101945608854285 0.0010304811876267195 -0.050004247575998306
v -0.006285080686211585 -0.0008278239984065294 -0.048433784395456314
v -0.0064101945608854285 0.0010304811876267195 -0.050004247575998306
v -0.008414836600422857 -0.001251493813470006 -0.04835355654358864
v -0.008414836600422857 -0.001251493813470006 -0.04835355654358864
v -0.0064101945608854285 0.0010304811876267195 -0.050004247575998306
v -0.008580004796385763 0.0005605916958302259 -0.04996103420853615
v -0.008414836600422857 -0.001251493813470006 -0.04835355654358864
v -0.008580004796385763 0.0005605916958302259 -0.04996103420853615
v -0.01044931076467037 -0.0019011993426829576 -0.04820406809449196
v -0.01044931076467037 -0.0019011993426829576 -0.04820406809449196
v -0.008580004796385763 0.0005605916958302259 -0.04996103420853615
v -0.010648896917700766 -0.0001467887923354283 -0.049850884824991226
v -0.01044931076467037 -0.0019011993426829576 -0.04820406809449196
v -0.010648896917700766 -0.0001467887923354283 -0.049850884824991226
v -0.012367790564894674 -0.0027960885781794786 -0.047977570444345474
v -0.012367790564894674 -0.0027960885781794786 -0.047977570444345474
v -0.010648896917700766 -0.0001467887923354283 -0.049850884824991226
v -0.012595066800713537 -0.0011047546286135912 -0.04966646805405617
v -0.012367790564894674 -0.0027960885781794786 -0.047977570444345474
v -0.012595066800713537 -0.0011047546286135912 -0.04966646805405617
v -0.014151604846119879 -0.003945065196603537 -0.04767024889588356
v -0.014151604846119879 -0.003945065196603537 -0.04767024889588356
v -0.012595066800713537 -0.0011047546286135912 -0.04966646805405617
v -0.014399031177163122 -0.0023172509390860796 -0.04940420761704445
v -0.014151604846119879 -0.003945065196603537 -0.04767024889588356
v -0.014399031177163122 -0.0023172509390860796 -0.04940420761704445
v -0.01578377746045589 -0.00534794619306922 -0.04728180542588234
v -0.01578377746045589 -0.00534794619306922 -0.04728180542588234
v -0.014399031177163122 -0.0023172509390860796 -0.04940420761704445
v -0.016043027862906453 -0.003780194791033864 -0.04906410351395607
v -0.01578377746045589 -0.00534794619306922 -0.04728180542588234
v -0.016043027862906453 -0.003780194791033864 -0.04906410351395607
v -0.017249265685677525 -0.00699645048007369 -0.04681450501084328
v -0.017249265685677525 -0.00699645048007369 -0.04681450501084328
v -0.016043027862906453 -0.003780194791033864 -0.04906410351395607
v -0.017511432990431782 -0.005482503678649664 -0.0486488975584507
v -0.017249265685677525 -0.00699645048007369 -0.04681450501084328
v -0.017511432990431782 -0.005482503678649664 -0.0486488975584507
v -0.018537124618887898 -0.008874782361090183 -0.046273235231637955
v -0.018537124618887898 -0.008874782361090183 -0.046273235231637955
v -0.017511432990431782 -0.005482503678649664 -0.0486488975584507
v -0.018794575706124302 -0.007406400050967932 -0.048163656145334244
v -0.018537124618887898 -0.008874782361090183 -0.046273235231637955
v -0.018794575706124302 -0.007406400050967932 -0.048163656145334244
v -0.019638674333691594 -0.010960628278553486 -0.04566496983170509
v -0.019638674333691594 -0.010960628278553486 -0.04566496983170509
v -0.018794575706124302 -0.007406400050967932 -0.048163656145334244
v -0.019885448738932606 -0.009528138674795628 -0.0476154126226902
v -0.019638674333691594 -0.010960628278553486 -0.04566496983170509
v -0.019885448738932606 -0.009528138674795628 -0.0476154126226902
v -0.02054653130471706 -0.013226141221821308 -0.0449984110891819
v -0.02054653130471706 -0.013226141221821308 -0.0449984110891819
v -0.019885448738932606 -0.009528138674795628 -0.0476154126226902
v -0.020778084173798558 -0.011819032020866871 -0.047012511640787125
v -0.02054653130471706 -0.013226141221821308 -0.0449984110891819
v -0.020778084173798558 -0.011819032020866871 -0.047012511640787125
v -0.021254630759358403 -0.01563890092074871 -0.04428357258439064
v -0.021254630759358403 -0.01563890092074871 -0.04428357258439064
v -0.020778084173798558 -0.011819032020866871 -0.047012511640787125
v -0.021467601880431172 -0.014246315695345402 -0.04636437073349953
v -0.021254630759358403 -0.01563890092074871 -0.04428357258439064
v -0.021467601880431172 -0.014246315695345402 -0.04636437073349953
v -0.02175822667777538 -0.018162859603762627 -0.043531302362680435
v -0.02175822667777538 -0.018162859603762627 -0.043531302362680435
v -0.021467601880431172 -0.014246315695345402 -0.04636437073349953
v -0.0219502430409193 -0.01677403412759304 -0.045681182295084
v -0.02175822667777538 -0.018162859603762627 -0.043531302362680435
v -0.0219502430409193 -0.01677403412759304 -0.045681182295084
v -0.022053925320506092 -0.020759297534823418 -0.042753223329782486
v -0.022053925320506092 -0.020759297534823418 -0.042753223329782486
v -0.0219502430409193 -0.01677403412759304 -0.045681182295084
v -0.02222339995205402 -0.01936391554772854 -0.044973138719797134
v -0.022053925320506092 -0.020759297534823418 -0.042753223329782486
v -0.02222339995205402 -0.01936391554772854 -0.044973138719797134
v -0.022139685228466984 -0.023387784138321877 -0.041961196810007095
v -0.022139685228466984 -0.023387784138321877 -0.041961196810007095
v -0.02222339995205402 -0.01936391554772854 -0.044973138719797134
v -0.022285627201199528 -0.021976253017783165 -0.04425031319260597
v -0.022139685228466984 -0.023387784138321877 -0.041961196810007095
v -0.022285627201199528 -0.021976253017783165 -0.04425031319260597
v -0.022015051916241642 -0.026007523760199547 -0.04116702452301979
v -0.022015051916241642 -0.026007523760199547 -0.04116702452301979
v -0.022285627201199528 -0.021976253017783165 -0.04425031319260597
v -0.02213712595403194 -0.02457154355943203 -0.04352307692170143
v -0.022015051916241642 -0.026007523760199547 -0.04116702452301979
v -0.02213712595403194 -0.02457154355943203 -0.04352307692170143
v -0.021681936457753178 -0.028579402714967728 -0.040383998304605484
v -0.021681936457753178 -0.028579402714967728 -0.040383998304605484
v -0.02213712595403194 -0.02457154355943203 -0.04352307692170143
v -0.021781036630272862 -0.027113327756524086 -0.04280388727784157
v -0.021681936457753178 -0.028579402714967728 -0.040383998304605484
v -0.021781036630272862 -0.027113327756524086 -0.04280388727784157
v -0.021143963560461995 -0.03106558881700039 -0.03962535038590431
v -0.021143963560461995 -0.03106558881700039 -0.03962535038590431
v -0.021781036630272862 -0.027113327756524086 -0.04280388727784157
v -0.021222261711955067 -0.029566727578639984 -0.04210544005036354
v -0.021143963560461995 -0.03106558881700039 -0.03962535038590431
v -0.021222261711955067 -0.029566727578639984 -0.04210544005036354
v -0.02040617726743221 -0.03343002498149872 -0.03890365734696388
v -0.02040617726743221 -0.03343002498149872 -0.03890365734696388
v -0.021222261711955067 -0.029566727578639984 -0.04210544005036354
v -0.02046694047749042 -0.03189852088689804 -0.041439834982156754
v -0.02040617726743221 -0.03343002498149872 -0.03890365734696388
v -0.02046694047749042 -0.03189852088689804 -0.041439834982156754
v -0.019475011155009266 -0.03563932701945305 -0.03823006525635719
v -0.019475011155009266 -0.03563932701945305 -0.03823006525635719
v -0.02046694047749042 -0.03189852088689804 -0.041439834982156754
v -0.019522359594702717 -0.03407789394259453 -0.04081786051392555
v -0.019475011155009266 -0.03563932701945305 -0.03823006525635719
v -0.019522359594702717 -0.03407789394259453 -0.04081786051392555
v -0.018358232453465458 -0.03766366466879845 -0.03761434927582741
v -0.018358232453465458 -0.03766366466879845 -0.03761434927582741
v -0.019522359594702717 -0.03407789394259453 -0.04081786051392555
v -0.01839683391153812 -0.03607721999287605 -0.04024863615632057
v -0.018358232453465458 -0.03766366466879845 -0.03761434927582741
v -0.01839683391153812 -0.03607721999287605 -0.04024863615632057
v -0.01706490851938724 -0.0394776426255703 -0.03706425800919533
v -0.01706490851938724 -0.0394776426255703 -0.03706425800919533
v -0.01839683391153812 -0.03607721999287605 -0.04024863615632057
v -0.017099579796195027 -0.037872809916734695 -0.039739254862070084
v -0.01706490851938724 -0.0394776426255703 -0.03706425800919533
v -0.017099579796195027 -0.037872809916734695 -0.039739254862070084
v -0.015605369582772253 -0.04106118530035019 -0.03658521547913551
v -0.015605369582772253 -0.04106118530035019 -0.03658521547913551
v -0.017099579796195027 -0.037872809916734695 -0.039739254862070084
v -0.015640633180737492 -0.0394456647336483 -0.03929436579346657
v -0.015605369582772253 -0.04106118530035019 -0.03658521547913551
v -0.015640633180737492 -0.0394456647336483 -0.03929436579346657
v -0.014030316844582556 -0.040783509612083435 -0.038916412740945816
v -0.014030316844582556 -0.040783509612083435 -0.038916412740945816
v -0.015640633180737492 -0.0394456647336483 -0.03929436579346657
v -0.015878779813647267 -0.03602779656648636 -0.04464263096451759
v -0.014030316844582556 -0.040783509612083435 -0.038916412740945816
v -0.015878779813647267 -0.03602779656648636 -0.04464263096451759
v -0.014237312600016592 -0.03737921640276909 -0.04431748762726784
v 1.1677872180371194e-06 0.001358347712084651 -0.04991770163178444
v 1.1603366374401956e-06 0.003700337139889598 -0.05141020193696022
v -0.0018704106332734225 0.001362412003800273 -0.04994422569870949
v -0.0018704106332734225 0.001362412003800273 -0.04994422569870949
v 1.1603366374401956e-06 0.003700337139889598 -0.05141020193696022
v -0.0019170959712937472 0.0035168591421097517 -0.05133283510804176
v -0.0018704106332734225 0.001362412003800273 -0.04994422569870949
v -0.0019170959712937472 0.0035168591421097517 -0.05133283510804176
v -0.004164228215813636 0.0012861925642937422 -0.049992743879556656
v -0.004164228215813636 0.0012861925642937422 -0.049992743879556656
v -0.0019170959712937472 0.0035168591421097517 -0.05133283510804176
v -0.004269296303391456 0.003438471583649516 -0.05140489712357521
v -0.004164228215813636 0.0012861925642937422 -0.049992743879556656
v -0.004269296303391456 0.003438471583649516 -0.05140489712357521
v -0.0064101945608854285 0.0010304811876267195 -0.050004247575998306
v -0.0064101945608854285 0.0010304811876267195 -0.050004247575998306
v -0.004269296303391456 0.003438471583649516 -0.05140489712357521
v -0.0065716374665498725 0.0031541946809738874 -0.051445309072732925
v -0.0064101945608854285 0.0010304811876267195 -0.050004247575998306
v -0.0065716374665498725 0.0031541946809738874 -0.051445309072732925
v -0.008580004796385763 0.0005605916958302259 -0.04996103420853615
v -0.008580004796385763 0.0005605916958302259 -0.04996103420853615
v -0.0065716374665498725 0.0031541946809738874 -0.051445309072732925
v -0.008793579414486883 0.0026371616404503584 -0.051436010748147964
v -0.008580004796385763 0.0005605916958302259 -0.04996103420853615
v -0.008793579414486883 0.0026371616404503584 -0.051436010748147964
v -0.010648896917700766 -0.0001467887923354283 -0.049850884824991226
v -0.010648896917700766 -0.0001467887923354283 -0.049850884824991226
v -0.008793579414486883 0.0026371616404503584 -0.051436010748147964
v -0.01090879552066326 0.0018708657007664442 -0.05136454477906227
v -0.010648896917700766 -0.0001467887923354283 -0.049850884824991226
v -0.01090879552066326 0.0018708657007664442 -0.05136454477906227
v -0.012595066800713537 -0.0011047546286135912 -0.04966646805405617
v -0.012595066800713537 -0.0011047546286135912 -0.04966646805405617
v -0.01090879552066326 0.0018708657007664442 -0.05136454477906227
v -0.012894378975033758 0.0008479345124214888 -0.0512235201895237
v -0.012595066800713537 -0.0011047546286135912 -0.04966646805405617
v -0.012894378975033758 0.0008479345124214888 -0.0512235201895237
v -0.014399031177163122 -0.0023172509390860796 -0.04940420761704445
v -0.014399031177163122 -0.0023172509390860796 -0.04940420761704445
v -0.012894378975033758 0.0008479345124214888 -0.0512235201895237
v -0.014730034396052359 -0.0004309203941375017 -0.05100959911942482
v -0.014399031177163122 -0.0023172509390860796 -0.04940420761704445
v -0.014730034396052359 -0.0004309203941375017 -0.05100959911942482
v -0.016043027862906453 -0.003780194791033864 -0.04906410351395607
v -0.016043027862906453 -0.003780194791033864 -0.04906410351395607
v -0.014730034396052359 -0.0004309203941375017 -0.05100959911942482
v -0.016397261992096897 -0.0019579988438636065 -0.05072278156876564
v -0.016043027862906453 -0.003780194791033864 -0.04906410351395607
v -0.016397261992096897 -0.0019579988438636065 -0.05072278156876564
v -0.017511432990431782 -0.005482503678649664 -0.0486488975584507
v -0.017511432990431782 -0.005482503678649664 -0.0486488975584507
v -0.016397261992096897 -0.0019579988438636065 -0.05072278156876564
v -0.017879864200949665 -0.003719617845490575 -0.0503658689558506
v -0.017511432990431782 -0.005482503678649664 -0.0486488975584507
v -0.017879864200949665 -0.003719617845490575 -0.0503658689558506
v -0.018794575706124302 -0.007406400050967932 -0.048163656145334244
v -0.018794575706124302 -0.007406400050967932 -0.048163656145334244
v -0.017879864200949665 -0.003719617845490575 -0.0503658689558506
v -0.01916888542473316 -0.005696104373782873 -0.04994404688477516
v -0.018794575706124302 -0.007406400050967932 -0.048163656145334244
v -0.01916888542473316 -0.005696104373782873 -0.04994404688477516
v -0.019885448738932606 -0.009528138674795628 -0.0476154126226902
v -0.019885448738932606 -0.009528138674795628 -0.0476154126226902
v -0.01916888542473316 -0.005696104373782873 -0.04994404688477516
v -0.020258350297808644 -0.00786235649138689 -0.049463991075754166
v -0.019885448738932606 -0.009528138674795628 -0.0476154126226902
v -0.020258350297808644 -0.00786235649138689 -0.049463991075754166
v -0.020778084173798558 -0.011819032020866871 -0.047012511640787125
v -0.020778084173798558 -0.011819032020866871 -0.047012511640787125
v -0.020258350297808644 -0.00786235649138689 -0.049463991075754166
v -0.021143207326531407 -0.010188796557486057 -0.048933450132608414
v -0.020778084173798558 -0.011819032020866871 -0.047012511640787125
v -0.021143207326531407 -0.010188796557486057 -0.048933450132608414
v -0.021467601880431172 -0.014246315695345402 -0.04636437073349953
v -0.021467601880431172 -0.014246315695345402 -0.04636437073349953
v -0.021143207326531407 -0.010188796557486057 -0.048933450132608414
v -0.021819373592734333 -0.012642224319279194 -0.04836118593811989
v -0.021467601880431172 -0.014246315695345402 -0.04636437073349953
v -0.021819373592734333 -0.012642224319279194 -0.04836118593811989
v -0.0219502430409193 -0.01677403412759304 -0.045681182295084
v -0.0219502430409193 -0.01677403412759304 -0.045681182295084
v -0.021819373592734333 -0.012642224319279194 -0.04836118593811989
v -0.02228383161127567 -0.015186608768999577 -0.0477561391890049
v -0.0219502430409193 -0.01677403412759304 -0.045681182295084
v -0.02228383161127567 -0.015186608768999577 -0.0477561391890049
v -0.02222339995205402 -0.01936391554772854 -0.044973138719797134
v -0.02222339995205402 -0.01936391554772854 -0.044973138719797134
v -0.02228383161127567 -0.015186608768999577 -0.0477561391890049
v -0.022534662857651707 -0.01778394915163517 -0.047127190977334976
v -0.02222339995205402 -0.01936391554772854 -0.044973138719797134
v -0.022534662857651707 -0.01778394915163517 -0.047127190977334976
v -0.022285627201199528 -0.021976253017783165 -0.04425031319260597
v -0.022285627201199528 -0.021976253017783165 -0.04425031319260597
v -0.022534662857651707 -0.01778394915163517 -0.047127190977334976
v -0.022571122273802754 -0.020395079627633095 -0.04648274555802345
v -0.022285627201199528 -0.021976253017783165 -0.04425031319260597
v -0.022571122273802754 -0.020395079627633095 -0.04648274555802345
v -0.02213712595403194 -0.02457154355943203 -0.04352307692170143
v -0.02213712595403194 -0.02457154355943203 -0.04352307692170143
v -0.022571122273802754 -0.020395079627633095 -0.04648274555802345
v -0.022394234314560887 -0.02298145554959774 -0.04583108797669411
v -0.02213712595403194 -0.02457154355943203 -0.04352307692170143
v -0.022394234314560887 -0.02298145554959774 -0.04583108797669411
v -0.021781036630272862 -0.027113327756524086 -0.04280388727784157
v -0.021781036630272862 -0.027113327756524086 -0.04280388727784157
v -0.022394234314560887 -0.02298145554959774 -0.04583108797669411
v -0.022008480504155156 -0.025508610531687737 -0.04518360272049904
v -0.021781036630272862 -0.027113327756524086 -0.04280388727784157
v -0.022008480504155156 -0.025508610531687737 -0.04518360272049904
v -0.021222261711955067 -0.029566727578639984 -0.04210544005036354
v -0.021222261711955067 -0.029566727578639984 -0.04210544005036354
v -0.022008480504155156 -0.025508610531687737 -0.04518360272049904
v -0.02142020873725414 -0.027944011613726616 -0.04455215111374855
v -0.021222261711955067 -0.029566727578639984 -0.04210544005036354
v -0.02142020873725414 -0.027944011613726616 -0.04455215111374855
v -0.02046694047749042 -0.03189852088689804 -0.041439834982156754
v -0.02046694047749042 -0.03189852088689804 -0.041439834982156754
v -0.02142020873725414 -0.027944011613726616 -0.04455215111374855
v -0.02063692174851894 -0.03025680035352707 -0.04394811764359474
v -0.02046694047749042 -0.03189852088689804 -0.041439834982156754
v -0.02063692174851894 -0.03025680035352707 -0.04394811764359474
v -0.0199009608477354 -0.030689822509884834 -0.045913998037576675
v -0.0199009608477354 -0.030689822509884834 -0.045913998037576675
v -0.02063692174851894 -0.03025680035352707 -0.04394811764359474
v -0.020906263962388035 -0.028534885495901108 -0.04642242565751076
v 1.1528860568432717e-06 0.0066157192923128605 -0.05294734612107277
v 1.1528860568432717e-06 0.011633767746388912 -0.05519980564713478
v -0.0019729975610971446 0.005891366396099329 -0.05262357369065285
v -0.0019729975610971446 0.005891366396099329 -0.05262357369065285
v 1.1528860568432717e-06 0.011633767746388912 -0.05519980564713478
v -0.0021036807447671886 0.011075063608586788 -0.05500561371445656
v -0.0019729975610971446 0.005891366396099329 -0.05262357369065285
v -0.0021036807447671886 0.011075063608586788 -0.05500561371445656
v -0.0043942276388406745 0.005804880056530237 -0.052713219076395035
v -0.0043942276388406745 0.005804880056530237 -0.052713219076395035
v -0.0021036807447671886 0.011075063608586788 -0.05500561371445656
v -0.004684014245867728 0.01094918604940176 -0.055117491632699966
v -0.0043942276388406745 0.005804880056530237 -0.052713219076395035
v -0.004684014245867728 0.01094918604940176 -0.055117491632699966
v -0.00676317699253559 0.005488543305546045 -0.05277794972062111
v -0.00676317699253559 0.005488543305546045 -0.05277794972062111
v -0.004684014245867728 0.01094918604940176 -0.055117491632699966
v -0.007206073030829429 0.01055505033582449 -0.055221084505319595
v -0.00676317699253559 0.005488543305546045 -0.05277794972062111
v -0.007206073030829429 0.01055505033582449 -0.055221084505319595
v -0.009047305211424826 0.00492235878482461 -0.0527997650206089
v -0.009047305211424826 0.00492235878482461 -0.0527997650206089
v -0.007206073030829429 0.01055505033582449 -0.055221084505319595
v -0.00963432155549526 0.009883522056043148 -0.05529839172959328
v -0.009047305211424826 0.00492235878482461 -0.0527997650206089
v -0.00963432155549526 0.009883522056043148 -0.05529839172959328
v -0.01121884025633335 0.004095798823982477 -0.052766088396310806
v -0.01121884025633335 0.004095798823982477 -0.052766088396310806
v -0.00963432155549526 0.009883522056043148 -0.05529839172959328
v -0.01193861849606037 0.008933416567742825 -0.055336836725473404
v -0.01121884025633335 0.004095798823982477 -0.052766088396310806
v -0.01193861849606037 0.008933416567742825 -0.055336836725473404
v -0.013253813609480856 0.0030065912287682295 -0.05266935005784035
v -0.013253813609480856 0.0030065912287682295 -0.05266935005784035
v -0.01193861849606037 0.008933416567742825 -0.055336836725473404
v -0.014093188568949698 0.007710388395935297 -0.0553283728659153
v -0.013253813609480856 0.0030065912287682295 -0.05266935005784035
v -0.014093188568949698 0.007710388395935297 -0.0553283728659153
v -0.01513112150132656 0.0016596156638115644 -0.05250615254044533
v -0.01513112150132656 0.0016596156638115644 -0.05250615254044533
v -0.014093188568949698 0.007710388395935297 -0.0553283728659153
v -0.016075497493147847 0.006225815508514643 -0.05526900663971901
v -0.01513112150132656 0.0016596156638115644 -0.05250615254044533
v -0.016075497493147847 0.006225815508514643 -0.05526900663971901
v -0.016831589862704274 6.575392762897536e-05 -0.05227631703019142
v -0.016831589862704274 6.575392762897536e-05 -0.05227631703019142
v -0.016075497493147847 0.006225815508514643 -0.05526900663971901
v -0.017865194007754322 0.004495634231716394 -0.05515808239579201
v -0.016831589862704274 6.575392762897536e-05 -0.05227631703019142
v -0.017865194007754322 0.004495634231716394 -0.05515808239579201
v -0.018338454887270924 -0.001759001286700368 -0.05198264494538307
v -0.018338454887270924 -0.001759001286700368 -0.05198264494538307
v -0.017865194007754322 0.004495634231716394 -0.05515808239579201
v -0.01944446004927158 0.002539540408179164 -0.054997507482767105
v -0.018338454887270924 -0.001759001286700368 -0.05198264494538307
v -0.01944446004927158 0.002539540408179164 -0.054997507482767105
v -0.019642977043986317 -0.0037932556588202715 -0.051629845052957535
v -0.019642977043986317 -0.0037932556588202715 -0.051629845052957535
v -0.01944446004927158 0.002539540408179164 -0.054997507482767105
v -0.02080377750098705 0.00038170325569808483 -0.05479097738862038
v -0.019642977043986317 -0.0037932556588202715 -0.051629845052957535
v -0.02080377750098705 0.00038170325569808483 -0.05479097738862038
v -0.020739635452628132 -0.0060106306336820126 -0.051224175840616226
v -0.020739635452628132 -0.0060106306336820126 -0.051224175840616226
v -0.02080377750098705 0.00038170325569808483 -0.05479097738862038
v -0.02193706668913364 -0.0019494083244353533 -0.0545431412756443
v -0.020739635452628132 -0.0060106306336820126 -0.051224175840616226
v -0.02193706668913364 -0.0019494083244353533 -0.0545431412756443
v -0.021623814478516575 -0.008380689658224583 -0.05077267065644264
v -0.021623814478516575 -0.008380689658224583 -0.05077267065644264
v -0.02193706668913364 -0.0019494083244353533 -0.0545431412756443
v -0.02283934690058231 -0.004421853926032782 -0.05425936356186867
v -0.021623814478516575 -0.008380689658224583 -0.05077267065644264
v -0.02283934690058231 -0.004421853926032782 -0.05425936356186867
v -0.022291881963610646 -0.010869716294109821 -0.05028313770890236
v -0.022291881963610646 -0.010869716294109821 -0.05028313770890236
v -0.02283934690058231 -0.004421853926032782 -0.05425936356186867
v -0.023506911471486088 -0.007000958081334829 -0.053944770246744156
v -0.022291881963610646 -0.010869716294109821 -0.05028313770890236
v -0.023506911471486088 -0.007000958081334829 -0.053944770246744156
v -0.022741308435797688 -0.013441507704555988 -0.04976314678788185
v -0.022741308435797688 -0.013441507704555988 -0.04976314678788185
v -0.023506911471486088 -0.007000958081334829 -0.053944770246744156
v -0.023937558755278584 -0.009650100953876972 -0.053604427725076675
v -0.022741308435797688 -0.013441507704555988 -0.04976314678788185
v -0.023937558755278584 -0.009650100953876972 -0.053604427725076675
v -0.02297076769173145 -0.0160581786185503 -0.04922008886933327
v -0.02297076769173145 -0.0160581786185503 -0.04922008886933327
v -0.023937558755278584 -0.009650100953876972 -0.053604427725076675
v -0.024130782112479206 -0.012331434525549412 -0.05324232950806618
v -0.02297076769173145 -0.0160581786185503 -0.04922008886933327
v -0.024130782112479206 -0.012331434525549412 -0.05324232950806618
v -0.022980248555541035 -0.018680958077311516 -0.048660580068826675
v -0.022980248555541035 -0.018680958077311516 -0.048660580068826675
v -0.024130782112479206 -0.012331434525549412 -0.05324232950806618
v -0.02408797852694988 -0.01500664371997118 -0.05286145582795143
v -0.022980248555541035 -0.018680958077311516 -0.048660580068826675
v -0.02408797852694988 -0.01500664371997118 -0.05286145582795143
v -0.02277174778282642 -0.02127198316156864 -0.04809087887406349
v -0.02277174778282642 -0.02127198316156864 -0.04809087887406349
v -0.02408797852694988 -0.01500664371997118 -0.05286145582795143
v -0.023813212290406224 -0.017638685181736946 -0.05246413126587868
v -0.02277174778282642 -0.02127198316156864 -0.04809087887406349
v -0.023813212290406224 -0.017638685181736946 -0.05246413126587868
v -0.022351128980517384 -0.023798180744051933 -0.047520820051431656
v -0.022351128980517384 -0.023798180744051933 -0.047520820051431656
v -0.023813212290406224 -0.017638685181736946 -0.05246413126587868
v -0.023315014317631718 -0.020195847377181053 -0.052056316286325455
v -0.022351128980517384 -0.023798180744051933 -0.047520820051431656
v -0.023315014317631718 -0.020195847377181053 -0.052056316286325455
v -0.021726286038756367 -0.026228798553347588 -0.04696119204163551
v -0.021726286038756367 -0.026228798553347588 -0.04696119204163551
v -0.023315014317631718 -0.020195847377181053 -0.052056316286325455
v -0.02260436303913593 -0.02264944650232792 -0.051645878702402115
v -0.021726286038756367 -0.026228798553347588 -0.04696119204163551
v -0.02260436303913593 -0.02264944650232792 -0.051645878702402115
v -0.020906263962388035 -0.028534885495901108 -0.04642242565751076
v -0.020906263962388035 -0.028534885495901108 -0.04642242565751076
v -0.02260436303913593 -0.02264944650232792 -0.051645878702402115
v -0.021693618968129155 -0.024973174557089806 -0.05124104395508766
v -0.020906263962388035 -0.028534885495901108 -0.04642242565751076
v -0.021693618968129155 -0.024973174557089806 -0.05124104395508766
v -0.0199009608477354 -0.030689822509884834 -0.045913998037576675
v -0.0199009608477354 -0.030689822509884834 -0.045913998037576675
v -0.021693618968129155 -0.024973174557089806 -0.05124104395508766
v -0.02059596963226795 -0.027143394574522972 -0.05084991827607155
v -0.0199009608477354 -0.030689822509884834 -0.045913998037576675
v -0.02059596963226795 -0.027143394574522972 -0.05084991827607155
v -0.018720826134085652 -0.03266984969377518 -0.045444075018167496
v -0.018720826134085652 -0.03266984969377518 -0.045444075018167496
v -0.02059596963226795 -0.027143394574522972 -0.05084991827607155
v -0.01932491175830364 -0.029139472171664238 -0.05047989264130592
v -0.018720826134085652 -0.03266984969377518 -0.045444075018167496
v -0.01932491175830364 -0.029139472171664238 -0.05047989264130592
v -0.01737655512988567 -0.03445463627576828 -0.045018915086984634
v -0.01737655512988567 -0.03445463627576828 -0.045018915086984634
v -0.01932491175830364 -0.029139472171664238 -0.05047989264130592
v -0.017893714830279347 -0.0309440940618515 -0.05013710632920265
v -0.01737655512988567 -0.03445463627576828 -0.045018915086984634
v -0.017893714830279347 -0.0309440940618515 -0.05013710632920265
v -0.015878779813647267 -0.03602779656648636 -0.04464263096451759
v -0.015878779813647267 -0.03602779656648636 -0.04464263096451759
v -0.017893714830279347 -0.0309440940618515 -0.05013710632920265
v -0.016314895823597905 -0.032543618232011795 -0.049826089292764664
v -0.015878779813647267 -0.03602779656648636 -0.04464263096451759
v -0.016314895823597905 -0.032543618232011795 -0.049826089292764664
v -0.014237312600016592 -0.03737921640276909 -0.04431748762726784
v -0.014237312600016592 -0.03737921640276909 -0.04431748762726784
v -0.016314895823597905 -0.032543618232011795 -0.049826089292764664
v -0.014599325135350226 -0.03393018990755081 -0.04955006018280983
v -0.014237312600016592 -0.03737921640276909 -0.04431748762726784
v -0.014599325135350226 -0.03393018990755081 -0.04955006018280983
v -0.012460341677069662 -0.038508445024490356 -0.044046882539987564
v -0.012460341677069662 -0.038508445024490356 -0.044046882539987564
v -0.014599325135350226 -0.03393018990755081 -0.04955006018280983
v -0.012755492702126501 -0.035104598850011826 -0.04931354895234108
v -0.012460341677069662 -0.038508445024490356 -0.044046882539987564
v -0.012755492702126501 -0.035104598850011826 -0.04931354895234108
v -0.01055646128952503 -0.03941971808671951 -0.043831948190927505
v -0.01055646128952503 -0.03941971808671951 -0.043831948190927505
v -0.012755492702126501 -0.035104598850011826 -0.04931354895234108
v -0.010791501030325888 -0.036070626229047775 -0.049119118601083755
v -0.01055646128952503 -0.03941971808671951 -0.043831948190927505
v -0.010791501030325888 -0.036070626229047775 -0.049119118601083755
v -0.008535506203770636 -0.04012150689959526 -0.0436706580221653
v -0.008535506203770636 -0.04012150689959526 -0.0436706580221653
v -0.010791501030325888 -0.036070626229047775 -0.049119118601083755
v -0.008716085925698279 -0.03683435171842575 -0.048966411501169205
v -0.008535506203770636 -0.04012150689959526 -0.0436706580221653
v -0.008716085925698279 -0.03683435171842575 -0.048966411501169205
v -0.00640907697379589 -0.04062715917825699 -0.04355764761567116
v -0.00640907697379589 -0.04062715917825699 -0.04355764761567116
v -0.008716085925698279 -0.03683435171842575 -0.048966411501169205
v -0.006539432331919669 -0.037404615432024 -0.048851851373910904
v -0.00640907697379589 -0.04062715917825699 -0.04355764761567116
v -0.006539432331919669 -0.037404615432024 -0.048851851373910904
v -0.004191050305962562 -0.040955550968647 -0.04348361864686012
v -0.004191050305962562 -0.040955550968647 -0.04348361864686012
v -0.006539432331919669 -0.037404615432024 -0.048851851373910904
v -0.004273934289813041 -0.037793513387441635 -0.04876834526658058
v -0.004191050305962562 -0.040955550968647 -0.04348361864686012
v -0.004273934289813041 -0.037793513387441635 -0.04876834526658058
v -0.0019349699141457675 -0.038016799837350845 -0.048704806715250015
v -0.0019349699141457675 -0.038016799837350845 -0.048704806715250015
v -0.004273934289813041 -0.037793513387441635 -0.04876834526658058
v -0.004373548552393912 -0.03482420742511749 -0.05379367247223854
v -0.0019349699141457675 -0.038016799837350845 -0.048704806715250015
v -0.004373548552393912 -0.03482420742511749 -0.05379367247223854
v -0.0019766334444284435 -0.035086940973997116 -0.05371946468949318
v -0.015028921887278555 -0.02518962137401104 -0.06692665815353394
v -0.015418386086821554 -0.02465706132352352 -0.06854903697967529
v -0.012644311413168905 -0.0264956783503294 -0.06684917211532593
v -0.012644311413168905 -0.0264956783503294 -0.06684917211532593
v -0.015418386086821554 -0.02465706132352352 -0.06854903697967529
v -0.012980436906218527 -0.026030750945210457 -0.06850606203079224
v -0.012644311413168905 -0.0264956783503294 -0.06684917211532593
v -0.012980436906218527 -0.026030750945210457 -0.06850606203079224
v -0.010149648413062094 -0.0275693591684103 -0.06677746772766113
v -0.010149648413062094 -0.0275693591684103 -0.06677746772766113
v -0.012980436906218527 -0.026030750945210457 -0.06850606203079224
v -0.010423148050904272 -0.027161752805113792 -0.06846553087234497
v -0.010149648413062094 -0.0275693591684103 -0.06677746772766113
v -0.010423148050904272 -0.027161752805113792 -0.06846553087234497
v -0.0075645316392183295 -0.028403950855135918 -0.06671267747879028
v -0.0075645316392183295 -0.028403950855135918 -0.06671267747879028
v -0.010423148050904272 -0.027161752805113792 -0.06846553087234497
v -0.007769061252474784 -0.028040895238518715 -0.06842821836471558
v -0.0075645316392183295 -0.028403950855135918 -0.06671267747879028
v -0.007769061252474784 -0.028040895238518715 -0.06842821836471558
v -0.00490962155163288 -0.028994038701057434 -0.0666545033454895
v -0.00490962155163288 -0.028994038701057434 -0.0666545033454895
v -0.007769061252474784 -0.028040895238518715 -0.06842821836471558
v -0.005041727796196937 -0.028660839423537254 -0.06839412450790405
v -0.00490962155163288 -0.028994038701057434 -0.0666545033454895
v -0.005041727796196937 -0.028660839423537254 -0.06839412450790405
v -0.0022070873528718944 -0.029335519298911095 -0.06660139560699463
v -0.0022070873528718944 -0.029335519298911095 -0.06660139560699463
v -0.005041727796196937 -0.028660839423537254 -0.06839412450790405
v -0.0022658500820398326 -0.029016148298978806 -0.06836265325546265
v -0.0022070873528718944 -0.029335519298911095 -0.06660139560699463
v -0.0022658500820398326 -0.029016148298978806 -0.06836265325546265
v 1.1230838481424141e-06 -0.029107585549354553 -0.06833785772323608
v 1.1230838481424141e-06 -0.029107585549354553 -0.06833785772323608
v -0.0022658500820398326 -0.029016148298978806 -0.06836265325546265
v -0.0027391780167818065 -0.02887023240327835 -0.06999999284744263
v 1.1230838481424141e-06 -0.029107585549354553 -0.06833785772323608
v -0.0027391780167818065 -0.02887023240327835 -0.06999999284744263
v 1.1230838481424141e-06 -0.029000001028180122 -0.06999999284744263
v -0.02641075290739536 -0.01047911960631609 -0.060562316328287125
v -0.02758417837321758 -0.007407968398183584 -0.06418150663375854
v -0.025793006643652912 -0.013169691897928715 -0.060440126806497574
v -0.025793006643652912 -0.013169691897928715 -0.060440126806497574
v -0.02758417837321758 -0.007407968398183584 -0.06418150663375854
v -0.02696461789309978 -0.010168683715164661 -0.06414973735809326
v -0.025793006643652912 -0.013169691897928715 -0.060440126806497574
v -0.02696461789309978 -0.010168683715164661 -0.06414973735809326
v -0.02493456937372684 -0.01574903167784214 -0.06029326096177101
v -0.02493456937372684 -0.01574903167784214 -0.06029326096177101
v -0.02696461789309978 -0.010168683715164661 -0.06414973735809326
v -0.02608889155089855 -0.012824737466871738 -0.06409132480621338
v -0.02493456937372684 -0.01574903167784214 -0.06029326096177101
v -0.02608889155089855 -0.012824737466871738 -0.06409132480621338
v -0.02385241352021694 -0.018192363902926445 -0.06012505665421486
v -0.02385241352021694 -0.018192363902926445 -0.06012505665421486
v -0.02608889155089855 -0.012824737466871738 -0.06409132480621338
v -0.02497359551489353 -0.015350867994129658 -0.06400763988494873
v -0.02385241352021694 -0.018192363902926445 -0.06012505665421486
v -0.02497359551489353 -0.015350867994129658 -0.06400763988494873
v -0.02256492711603641 -0.020478377118706703 -0.05994052067399025
v -0.02256492711603641 -0.020478377118706703 -0.05994052067399025
v -0.02497359551489353 -0.015350867994129658 -0.06400763988494873
v -0.023637173697352406 -0.017725074663758278 -0.06390166282653809
v -0.02256492711603641 -0.020478377118706703 -0.05994052067399025
v -0.023637173697352406 -0.017725074663758278 -0.06390166282653809
v -0.02109104953706264 -0.022589316591620445 -0.059745434671640396
v -0.02109104953706264 -0.022589316591620445 -0.059745434671640396
v -0.023637173697352406 -0.017725074663758278 -0.06390166282653809
v -0.02209905721247196 -0.01992873288691044 -0.0637778639793396
v -0.02109104953706264 -0.022589316591620445 -0.059745434671640396
v -0.02209905721247196 -0.01992873288691044 -0.0637778639793396
v -0.019449396058917042 -0.024511044844985008 -0.05954611673951149
v -0.019449396058917042 -0.024511044844985008 -0.05954611673951149
v -0.02209905721247196 -0.01992873288691044 -0.0637778639793396
v -0.02037885598838329 -0.021946681663393974 -0.06364154815673828
v -0.019449396058917042 -0.024511044844985008 -0.05954611673951149
v -0.02037885598838329 -0.021946681663393974 -0.06364154815673828
v -0.017657423391938206 -0.026233108714222908 -0.05934876576066017
v -0.017657423391938206 -0.026233108714222908 -0.05934876576066017
v -0.02037885598838329 -0.021946681663393974 -0.06364154815673828
v -0.018495542928576466 -0.02376733534038067 -0.063498854637146
v -0.017657423391938206 -0.026233108714222908 -0.05934876576066017
v -0.018495542928576466 -0.02376733534038067 -0.063498854637146
v -0.01573056541383266 -0.027749663218855858 -0.05915946140885353
v -0.01573056541383266 -0.027749663218855858 -0.05915946140885353
v -0.018495542928576466 -0.02376733534038067 -0.063498854637146
v -0.016466761007905003 -0.025383012369275093 -0.06335610151290894
v -0.01573056541383266 -0.027749663218855858 -0.05915946140885353
v -0.016466761007905003 -0.025383012369275093 -0.06335610151290894
v -0.013682013377547262 -0.029059970751404762 -0.05898452177643776
v -0.013682013377547262 -0.029059970751404762 -0.05898452177643776
v -0.016466761007905003 -0.025383012369275093 -0.06335610151290894
v -0.014308759942650793 -0.026789432391524315 -0.06321942806243896
v -0.013682013377547262 -0.029059970751404762 -0.05898452177643776
v -0.014308759942650793 -0.026789432391524315 -0.06321942806243896
v -0.01152355410158634 -0.030164357274770737 -0.058828894048929214
v -0.01152355410158634 -0.030164357274770737 -0.058828894048929214
v -0.014308759942650793 -0.026789432391524315 -0.06321942806243896
v -0.012036556378006933 -0.027983134612441063 -0.06309348344802856
v -0.01152355410158634 -0.030164357274770737 -0.058828894048929214
v -0.012036556378006933 -0.027983134612441063 -0.06309348344802856
v -0.009266549721360205 -0.03106357343494892 -0.058695320039987564
v -0.009266549721360205 -0.03106357343494892 -0.058695320039987564
v -0.012036556378006933 -0.027983134612441063 -0.06309348344802856
v -0.009664712473750113 -0.02896112948656082 -0.06298118829727173
v -0.009266549721360205 -0.03106357343494892 -0.058695320039987564
v -0.009664712473750113 -0.02896112948656082 -0.06298118829727173
v -0.006922917440533637 -0.03175889700651169 -0.058583859354257584
v -0.006922917440533637 -0.03175889700651169 -0.058583859354257584
v -0.009664712473750113 -0.02896112948656082 -0.06298118829727173
v -0.00720817781984806 -0.029720965772867203 -0.06288349628448486
v -0.006922917440533637 -0.03175889700651169 -0.058583859354257584
v -0.00720817781984806 -0.029720965772867203 -0.06288349628448486
v -0.004506116732954978 -0.032252248376607895 -0.05849171057343483
v -0.004506116732954978 -0.032252248376607895 -0.05849171057343483
v -0.00720817781984806 -0.029720965772867203 -0.06288349628448486
v -0.004683153703808784 -0.030260836705565453 -0.06279921531677246
v -0.004506116732954978 -0.032252248376607895 -0.05849171057343483
v -0.004683153703808784 -0.030260836705565453 -0.06279921531677246
v -0.002032140269875526 -0.03254633769392967 -0.05841279402375221
v -0.002032140269875526 -0.03254633769392967 -0.05841279402375221
v -0.004683153703808784 -0.030260836705565453 -0.06279921531677246
v -0.0021079126745462413 -0.03057960607111454 -0.06272459030151367
v -0.002032140269875526 -0.03254633769392967 -0.05841279402375221
v -0.0021079126745462413 -0.03057960607111454 -0.06272459030151367
v 1.1305345424261757e-06 -0.031007353216409683 -0.061855021864175797
v 1.1305345424261757e-06 -0.031007353216409683 -0.061855021864175797
v -0.0021079126745462413 -0.03057960607111454 -0.06272459030151367
v 1.1305345424261757e-06 -0.03067537397146225 -0.06266683340072632
v 1.130534428739338e-06 -0.02950447052717209 -0.06624108552932739
v 1.1305345424261757e-06 -0.03067537397146225 -0.06266683340072632
v -0.0022070873528718944 -0.029335519298911095 -0.06660139560699463
v -0.0022070873528718944 -0.029335519298911095 -0.06660139560699463
v 1.1305345424261757e-06 -0.03067537397146225 -0.06266683340072632
v -0.0021079126745462413 -0.03057960607111454 -0.06272459030151367
v -0.0022070873528718944 -0.029335519298911095 -0.06660139560699463
v -0.0021079126745462413 -0.03057960607111454 -0.06272459030151367
v -0.00490962155163288 -0.028994038701057434 -0.0666545033454895
v -0.00490962155163288 -0.028994038701057434 -0.0666545033454895
v -0.0021079126745462413 -0.03057960607111454 -0.06272459030151367
v -0.004683153703808784 -0.030260836705565453 -0.06279921531677246
v -0.00490962155163288 -0.028994038701057434 -0.0666545033454895
v -0.004683153703808784 -0.030260836705565453 -0.06279921531677246
v -0.0075645316392183295 -0.028403950855135918 -0.06671267747879028
v -0.0075645316392183295 -0.028403950855135918 -0.06671267747879028
v -0.004683153703808784 -0.030260836705565453 -0.06279921531677246
v -0.00720817781984806 -0.029720965772867203 -0.06288349628448486
v -0.0075645316392183295 -0.028403950855135918 -0.06671267747879028
v -0.00720817781984806 -0.029720965772867203 -0.06288349628448486
v -0.010149648413062094 -0.0275693591684103 -0.06677746772766113
v -0.010149648413062094 -0.0275693591684103 -0.06677746772766113
v -0.00720817781984806 -0.029720965772867203 -0.06288349628448486
v -0.009664712473750113 -0.02896112948656082 -0.06298118829727173
v -0.010149648413062094 -0.0275693591684103 -0.06677746772766113
v -0.009664712473750113 -0.02896112948656082 -0.06298118829727173
v -0.012644311413168905 -0.0264956783503294 -0.06684917211532593
v -0.012644311413168905 -0.0264956783503294 -0.06684917211532593
v -0.009664712473750113 -0.02896112948656082 -0.06298118829727173
v -0.012036556378006933 -0.027983134612441063 -0.06309348344802856
v -0.012644311413168905 -0.0264956783503294 -0.06684917211532593
v -0.012036556378006933 -0.027983134612441063 -0.06309348344802856
v -0.015028921887278555 -0.02518962137401104 -0.06692665815353394
v -0.015028921887278555 -0.02518962137401104 -0.06692665815353394
v -0.012036556378006933 -0.027983134612441063 -0.06309348344802856
v -0.014308759942650793 -0.026789432391524315 -0.06321942806243896
v -0.015028921887278555 -0.02518962137401104 -0.06692665815353394
v -0.014308759942650793 -0.026789432391524315 -0.06321942806243896
v -0.01728449203073978 -0.02365918643772602 -0.06700807809829712
v -0.01728449203073978 -0.02365918643772602 -0.06700807809829712
v -0.014308759942650793 -0.026789432391524315 -0.06321942806243896
v -0.016466761007905003 -0.025383012369275093 -0.06335610151290894
v -0.01728449203073978 -0.02365918643772602 -0.06700807809829712
v -0.016466761007905003 -0.025383012369275093 -0.06335610151290894
v -0.019392209127545353 -0.02191353775560856 -0.06709051132202148
v -0.019392209127545353 -0.02191353775560856 -0.06709051132202148
v -0.016466761007905003 -0.025383012369275093 -0.06335610151290894
v -0.018495542928576466 -0.02376733534038067 -0.063498854637146
v -0.019392209127545353 -0.02191353775560856 -0.06709051132202148
v -0.018495542928576466 -0.02376733534038067 -0.063498854637146
v -0.021333081647753712 -0.019962957128882408 -0.0671699047088623
v -0.021333081647753712 -0.019962957128882408 -0.0671699047088623
v -0.018495542928576466 -0.02376733534038067 -0.063498854637146
v -0.02037885598838329 -0.021946681663393974 -0.06364154815673828
v -0.021333081647753712 -0.019962957128882408 -0.0671699047088623
v -0.02037885598838329 -0.021946681663393974 -0.06364154815673828
v -0.023088084533810612 -0.017819957807660103 -0.06724154949188232
v -0.023088084533810612 -0.017819957807660103 -0.06724154949188232
v -0.02037885598838329 -0.021946681663393974 -0.06364154815673828
v -0.02209905721247196 -0.01992873288691044 -0.0637778639793396
v -0.023088084533810612 -0.017819957807660103 -0.06724154949188232
v -0.02209905721247196 -0.01992873288691044 -0.0637778639793396
v -0.024638229981064793 -0.01550015527755022 -0.06730157136917114
v -0.024638229981064793 -0.01550015527755022 -0.06730157136917114
v -0.02209905721247196 -0.01992873288691044 -0.0637778639793396
v -0.023637173697352406 -0.017725074663758278 -0.06390166282653809
v -0.024638229981064793 -0.01550015527755022 -0.06730157136917114
v -0.023637173697352406 -0.017725074663758278 -0.06390166282653809
v -0.02596502937376499 -0.013022047467529774 -0.06734675168991089
v -0.02596502937376499 -0.013022047467529774 -0.06734675168991089
v -0.023637173697352406 -0.017725074663758278 -0.06390166282653809
v -0.02497359551489353 -0.015350867994129658 -0.06400763988494873
v -0.02596502937376499 -0.013022047467529774 -0.06734675168991089
v -0.02497359551489353 -0.015350867994129658 -0.06400763988494873
v -0.027051100507378575 -0.010406811721622944 -0.067374587059021
v -0.027051100507378575 -0.010406811721622944 -0.067374587059021
v -0.02497359551489353 -0.015350867994129658 -0.06400763988494873
v -0.02608889155089855 -0.012824737466871738 -0.06409132480621338
v -0.027051100507378575 -0.010406811721622944 -0.067374587059021
v -0.02608889155089855 -0.012824737466871738 -0.06409132480621338
v -0.02788073383271694 -0.007678223308175802 -0.06738358736038208
v -0.02788073383271694 -0.007678223308175802 -0.06738358736038208
v -0.02608889155089855 -0.012824737466871738 -0.06409132480621338
v -0.02696461789309978 -0.010168683715164661 -0.06414973735809326
v -0.02788073383271694 -0.007678223308175802 -0.06738358736038208
v -0.02696461789309978 -0.010168683715164661 -0.06414973735809326
v -0.028440503403544422 -0.004862563218921423 -0.06737369298934937
v -0.028440503403544422 -0.004862563218921423 -0.06737369298934937
v -0.02696461789309978 -0.010168683715164661 -0.06414973735809326
v -0.02758417837321758 -0.007407968398183584 -0.06418150663375854
v -0.028440503403544422 -0.004862563218921423 -0.06737369298934937
v -0.02758417837321758 -0.007407968398183584 -0.06418150663375854
v -0.027933618053793904 -0.004571062978357077 -0.06418722867965698
v -0.027933618053793904 -0.004571062978357077 -0.06418722867965698
v -0.02758417837321758 -0.007407968398183584 -0.06418150663375854
v -0.02641075290739536 -0.01047911960631609 -0.060562316328287125
v -0.027933618053793904 -0.004571062978357077 -0.06418722867965698
v -0.02641075290739536 -0.01047911960631609 -0.060562316328287125
v -0.026773070916533467 -0.007705455180257559 -0.060658518224954605
v -0.02791008539497852 0.007871775887906551 -0.0700000524520874
v -0.028391843661665913 0.005902557168155909 -0.0700000524520874
v -0.028502469882369038 0.004854387138038874 -0.0686790943145752
v -0.028502469882369038 0.004854387138038874 -0.0686790943145752
v -0.028391843661665913 0.005902557168155909 -0.0700000524520874
v -0.028855359181761738 0.0028815630357712507 -0.06999993324279785
v -0.028502469882369038 0.004854387138038874 -0.0686790943145752
v -0.028855359181761738 0.0028815630357712507 -0.06999993324279785
v -0.028860034421086308 0.0019742425065487623 -0.0687151551246643
v -0.028860034421086308 0.0019742425065487623 -0.0687151551246643
v -0.028855359181761738 0.0028815630357712507 -0.06999993324279785
v -0.028998872265219685 -1.172295815976554e-09 -0.06999993324279785
v -0.028860034421086308 0.0019742425065487623 -0.0687151551246643
v -0.028998872265219685 -1.172295815976554e-09 -0.06999993324279785
v -0.028928244486451146 -0.0009208929259330034 -0.06874465942382812
v -0.028928244486451146 -0.0009208929259330034 -0.06874465942382812
v -0.028998872265219685 -1.172295815976554e-09 -0.06999993324279785
v -0.02883791364729404 -0.0030512523371726274 -0.0700000524520874
v -0.028928244486451146 -0.0009208929259330034 -0.06874465942382812
v -0.02883791364729404 -0.0030512523371726274 -0.0700000524520874
v -0.028719836845993992 -0.001988449366763234 -0.06734615564346313
v -0.028719836845993992 -0.001988449366763234 -0.06734615564346313
v -0.02883791364729404 -0.0030512523371726274 -0.0700000524520874
v -0.028440503403544422 -0.004862563218921423 -0.06737369298934937
v -0.028719836845993992 -0.001988449366763234 -0.06734615564346313
v -0.028440503403544422 -0.004862563218921423 -0.06737369298934937
v -0.02838335372507572 -0.0032059301156550646 -0.06582111120223999
v -0.02838335372507572 -0.0032059301156550646 -0.06582111120223999
v -0.028440503403544422 -0.004862563218921423 -0.06737369298934937
v -0.027933618053793904 -0.004571062978357077 -0.06418722867965698
v -0.02838335372507572 -0.0032059301156550646 -0.06582111120223999
v -0.027933618053793904 -0.004571062978357077 -0.06418722867965698
v -0.028420517221093174 -0.0003090288955718279 -0.06578296422958374
v -0.028420517221093174 -0.0003090288955718279 -0.06578296422958374
v -0.027933618053793904 -0.004571062978357077 -0.06418722867965698
v -0.02800251357257366 -0.0016897518653422594 -0.06417006254196167
v -0.028420517221093174 -0.0003090288955718279 -0.06578296422958374
v -0.02800251357257366 -0.0016897518653422594 -0.06417006254196167
v -0.028167514130473133 0.002591906813904643 -0.06572908163070679
v -0.028167514130473133 0.002591906813904643 -0.06572908163070679
v -0.02800251357257366 -0.0016897518653422594 -0.06417006254196167
v -0.027784759178757664 0.0012014980893582106 -0.06413435935974121
v -0.028167514130473133 0.002591906813904643 -0.06572908163070679
v -0.027784759178757664 0.0012014980893582106 -0.06413435935974121
v -0.027623394504189488 0.005463159177452326 -0.06566262245178223
v -0.027623394504189488 0.005463159177452326 -0.06566262245178223
v -0.027784759178757664 0.0012014980893582106 -0.06413435935974121
v -0.027278473600745198 0.00406767288222909 -0.06408339738845825
v -0.027623394504189488 0.005463159177452326 -0.06566262245178223
v -0.027278473600745198 0.00406767288222909 -0.06408339738845825
v -0.02679103054106235 0.008271298371255398 -0.06558555364608765
v -0.02679103054106235 0.008271298371255398 -0.06558555364608765
v -0.027278473600745198 0.00406767288222909 -0.06408339738845825
v -0.026485605165362355 0.00687395641580224 -0.06401914358139038
v -0.02679103054106235 0.008271298371255398 -0.06558555364608765
v -0.026485605165362355 0.00687395641580224 -0.06401914358139038
v -0.025676792487502095 0.010983607731759548 -0.06549888849258423
v -0.025676792487502095 0.010983607731759548 -0.06549888849258423
v -0.026485605165362355 0.00687395641580224 -0.06401914358139038
v -0.025411581620573994 0.009586266241967678 -0.06394267082214355
v -0.025676792487502095 0.010983607731759548 -0.06549888849258423
v -0.025411581620573994 0.009586266241967678 -0.06394267082214355
v -0.02429019100964069 0.013568623922765255 -0.06540316343307495
v -0.02429019100964069 0.013568623922765255 -0.06540316343307495
v -0.025411581620573994 0.009586266241967678 -0.06394267082214355
v -0.02406489290297031 0.012171774171292782 -0.06385409832000732
v -0.02429019100964069 0.013568623922765255 -0.06540316343307495
v -0.02406489290297031 0.012171774171292782 -0.06385409832000732
v -0.022643519565463063 0.015996573492884636 -0.06529814004898071
v -0.022643519565463063 0.015996573492884636 -0.06529814004898071
v -0.02406489290297031 0.012171774171292782 -0.06385409832000732
v -0.02245673723518848 0.014599508605897427 -0.06375312805175781
v -0.022643519565463063 0.015996573492884636 -0.06529814004898071
v -0.02245673723518848 0.014599508605897427 -0.06375312805175781
v -0.02075153402984142 0.018239831551909447 -0.06518328189849854
v -0.02075153402984142 0.018239831551909447 -0.06518328189849854
v -0.02245673723518848 0.014599508605897427 -0.06375312805175781
v -0.020600652322173115 0.016840776428580284 -0.06363892555236816
v -0.02075153402984142 0.018239831551909447 -0.06518328189849854
v -0.020600652322173115 0.016840776428580284 -0.06363892555236816
v -0.018631542101502415 0.020273206755518913 -0.06505823135375977
v -0.018631542101502415 0.020273206755518913 -0.06505823135375977
v -0.020600652322173115 0.016840776428580284 -0.06363892555236816
v -0.0185129027813673 0.018869547173380852 -0.06351083517074585
v -0.018631542101502415 0.020273206755518913 -0.06505823135375977
v -0.0185129027813673 0.018869547173380852 -0.06351083517074585
v -0.01630402915179729 0.022073520347476006 -0.0649232268333435
v -0.01630402915179729 0.022073520347476006 -0.0649232268333435
v -0.0185129027813673 0.018869547173380852 -0.06351083517074585
v -0.016213679686188694 0.020662030205130577 -0.0633692741394043
v -0.01630402915179729 0.022073520347476006 -0.0649232268333435
v -0.016213679686188694 0.020662030205130577 -0.0633692741394043
v -0.01379159279167652 0.023619046434760094 -0.06477993726730347
v -0.01379159279167652 0.023619046434760094 -0.06477993726730347
v -0.016213679686188694 0.020662030205130577 -0.0633692741394043
v -0.013725375756621359 0.022196000441908836 -0.06321609020233154
v -0.01379159279167652 0.023619046434760094 -0.06477993726730347
v -0.013725375756621359 0.022196000441908836 -0.06321609020233154
v -0.011119103059172629 0.024889787659049034 -0.06463128328323364
v -0.011119103059172629 0.024889787659049034 -0.06463128328323364
v -0.013725375756621359 0.022196000441908836 -0.06321609020233154
v -0.01107276417315006 0.023451117798686028 -0.06305503845214844
v -0.011119103059172629 0.024889787659049034 -0.06463128328323364
v -0.01107276417315006 0.023451117798686028 -0.06305503845214844
v -0.008314112201333044 0.02586805634200573 -0.06448197364807129
v -0.008314112201333044 0.02586805634200573 -0.06448197364807129
v -0.01107276417315006 0.023451117798686028 -0.06305503845214844
v -0.008283564820885657 0.024409709498286247 -0.06289201974868774
v -0.008314112201333044 0.02586805634200573 -0.06448197364807129
v -0.008283564820885657 0.024409709498286247 -0.06289201974868774
v -0.0054072681814432135 0.02653929404914379 -0.06433850526809692
v -0.0054072681814432135 0.02653929404914379 -0.06433850526809692
v -0.008283564820885657 0.024409709498286247 -0.06289201974868774
v -0.005389051511883735 0.025057552382349968 -0.06273531913757324
v -0.0054072681814432135 0.02653929404914379 -0.06433850526809692
v -0.005389051511883735 0.025057552382349968 -0.06273531913757324
v -0.0024327058345079418 0.02689266763627529 -0.06420964002609253
v -0.0024327058345079418 0.02689266763627529 -0.06420964002609253
v -0.005389051511883735 0.025057552382349968 -0.06273531913757324
v -0.0024246368557214733 0.02538459561765194 -0.06259620189666748
v -0.0024327058345079418 0.02689266763627529 -0.06420964002609253
v -0.0024246368557214733 0.02538459561765194 -0.06259620189666748
v 1.1379847819625864e-06 0.026700472459197044 -0.06382900476455688
v 1.1379847819625864e-06 0.026700472459197044 -0.06382900476455688
v -0.0024246368557214733 0.02538459561765194 -0.06259620189666748
v 1.1379847819625864e-06 0.025321541354060173 -0.06242770329117775
v 1.1603365237533578e-06 0.01730245165526867 -0.057650867849588394
v 1.152885943156434e-06 0.021102463826537132 -0.059541765600442886
v -0.002240786328911781 0.01641472987830639 -0.05730641260743141
v -0.002240786328911781 0.01641472987830639 -0.05730641260743141
v 1.152885943156434e-06 0.021102463826537132 -0.059541765600442886
v -0.002357089892029762 0.021365171298384666 -0.05976307764649391
v -0.002240786328911781 0.01641472987830639 -0.05730641260743141
v -0.002357089892029762 0.021365171298384666 -0.05976307764649391
v -0.00498567335307598 0.01622483693063259 -0.05743223801255226
v -0.00498567335307598 0.01622483693063259 -0.05743223801255226
v -0.002357089892029762 0.021365171298384666 -0.05976307764649391
v -0.0052405986934900275 0.021103186532855034 -0.05990052595734596
v -0.00498567335307598 0.01622483693063259 -0.05743223801255226
v -0.0052405986934900275 0.021103186532855034 -0.05990052595734596
v -0.007665710523724555 0.015739424154162407 -0.057566169649362564
v -0.007665710523724555 0.015739424154162407 -0.057566169649362564
v -0.0052405986934900275 0.021103186532855034 -0.05990052595734596
v -0.008054459467530249 0.020527308806777 -0.060055676847696304
v -0.007665710523724555 0.015739424154162407 -0.057566169649362564
v -0.008054459467530249 0.020527308806777 -0.060055676847696304
v -0.010243901982903479 0.014957665465772152 -0.05769038572907448
v -0.010243901982903479 0.014957665465772152 -0.05769038572907448
v -0.008054459467530249 0.020527308806777 -0.060055676847696304
v -0.010761769488453863 0.019643327221274376 -0.06021297350525856
v -0.010243901982903479 0.014957665465772152 -0.05769038572907448
v -0.010761769488453863 0.019643327221274376 -0.06021297350525856
v -0.012688772752881048 0.01388514693826437 -0.05779248848557472
v -0.012688772752881048 0.01388514693826437 -0.05779248848557472
v -0.010761769488453863 0.019643327221274376 -0.06021297350525856
v -0.013330711051821707 0.018462156876921654 -0.060361091047525406
v -0.012688772752881048 0.01388514693826437 -0.05779248848557472
v -0.013330711051821707 0.018462156876921654 -0.060361091047525406
v -0.014973321929574011 0.012533015571534634 -0.05786443129181862
v -0.014973321929574011 0.012533015571534634 -0.05786443129181862
v -0.013330711051821707 0.018462156876921654 -0.060361091047525406
v -0.01573366858065128 0.016999011859297752 -0.06049269810318947
v -0.014973321929574011 0.012533015571534634 -0.05786443129181862
v -0.01573366858065128 0.016999011859297752 -0.06049269810318947
v -0.01707394979894161 0.010917051695287228 -0.05790174379944801
v -0.01707394979894161 0.010917051695287228 -0.05790174379944801
v -0.01573366858065128 0.016999011859297752 -0.06049269810318947
v -0.017946304753422734 0.01527275051921606 -0.06060332432389259
v -0.01707394979894161 0.010917051695287228 -0.05790174379944801
v -0.017946304753422734 0.01527275051921606 -0.06060332432389259
v -0.018969388678669926 0.00905673112720251 -0.05790293589234352
v -0.018969388678669926 0.00905673112720251 -0.05790293589234352
v -0.017946304753422734 0.01527275051921606 -0.06060332432389259
v -0.019946703687310215 0.01330504473298788 -0.06069094315171242
v -0.018969388678669926 0.00905673112720251 -0.05790293589234352
v -0.019946703687310215 0.01330504473298788 -0.06069094315171242
v -0.020640900358557698 0.00697437534108758 -0.05786878243088722
v -0.020640900358557698 0.00697437534108758 -0.05786878243088722
v -0.019946703687310215 0.01330504473298788 -0.06069094315171242
v -0.021715348586440083 0.011119677685201168 -0.06075543537735939
v -0.020640900358557698 0.00697437534108758 -0.05786878243088722
v -0.021715348586440083 0.011119677685201168 -0.06075543537735939
v -0.022077096626162526 0.004695890937000513 -0.05780178681015968
v -0.022077096626162526 0.004695890937000513 -0.05780178681015968
v -0.021715348586440083 0.011119677685201168 -0.06075543537735939
v -0.02323840372264385 0.008743240498006344 -0.06079823151230812
v -0.022077096626162526 0.004695890937000513 -0.05780178681015968
v -0.02323840372264385 0.008743240498006344 -0.06079823151230812
v -0.02326988615095615 0.0022509980481117964 -0.05770492926239967
v -0.02326988615095615 0.0022509980481117964 -0.05770492926239967
v -0.02323840372264385 0.008743240498006344 -0.06079823151230812
v -0.02450507692992687 0.006205572281032801 -0.060820940881967545
v -0.02326988615095615 0.0022509980481117964 -0.05770492926239967
v -0.02450507692992687 0.006205572281032801 -0.060820940881967545
v -0.024212697520852085 -0.00032752868719398975 -0.05758136883378029
v -0.024212697520852085 -0.00032752868719398975 -0.05758136883378029
v -0.02450507692992687 0.006205572281032801 -0.060820940881967545
v -0.025506542995572087 0.0035391810815781355 -0.060825053602457047
v -0.024212697520852085 -0.00032752868719398975 -0.05758136883378029
v -0.025506542995572087 0.0035391810815781355 -0.060825053602457047
v -0.024900743737816807 -0.003004619153216481 -0.05743396654725075
v -0.024900743737816807 -0.003004619153216481 -0.05743396654725075
v -0.025506542995572087 0.0035391810815781355 -0.060825053602457047
v -0.026236301288008686 0.0007786068599671125 -0.06081134453415871
v -0.024900743737816807 -0.003004619153216481 -0.05743396654725075
v -0.026236301288008686 0.0007786068599671125 -0.06081134453415871
v -0.025331353768706318 -0.00574358319863677 -0.05726492777466774
v -0.025331353768706318 -0.00574358319863677 -0.05726492777466774
v -0.026236301288008686 0.0007786068599671125 -0.06081134453415871
v -0.026690559461712834 -0.002040208550170064 -0.06077999249100685
v -0.025331353768706318 -0.00574358319863677 -0.05726492777466774
v -0.026690559461712834 -0.002040208550170064 -0.06077999249100685
v -0.02550425566732883 -0.008506783284246922 -0.05707526579499245
v -0.02550425566732883 -0.008506783284246922 -0.05707526579499245
v -0.026690559461712834 -0.002040208550170064 -0.06077999249100685
v -0.026868579909205433 -0.004880534019321203 -0.06072986498475075
v -0.02550425566732883 -0.008506783284246922 -0.05707526579499245
v -0.026868579909205433 -0.004880534019321203 -0.06072986498475075
v -0.025421870872378346 -0.011256334371864796 -0.05686480179429054
v -0.025421870872378346 -0.011256334371864796 -0.05686480179429054
v -0.026868579909205433 -0.004880534019321203 -0.06072986498475075
v -0.026773070916533467 -0.007705455180257559 -0.060658518224954605
v -0.025421870872378346 -0.011256334371864796 -0.05686480179429054
v -0.026773070916533467 -0.007705455180257559 -0.060658518224954605
v -0.02509004063904285 -0.013955687172710896 -0.056632403284311295
v -0.02509004063904285 -0.013955687172710896 -0.056632403284311295
v -0.026773070916533467 -0.007705455180257559 -0.060658518224954605
v -0.02641075290739536 -0.01047911960631609 -0.060562316328287125
v -0.02509004063904285 -0.013955687172710896 -0.056632403284311295
v -0.02641075290739536 -0.01047911960631609 -0.060562316328287125
v -0.02451933734118938 -0.016573289409279823 -0.056379977613687515
v -0.02451933734118938 -0.016573289409279823 -0.056379977613687515
v -0.02641075290739536 -0.01047911960631609 -0.060562316328287125
v -0.025793006643652912 -0.013169691897928715 -0.060440126806497574
v -0.02451933734118938 -0.016573289409279823 -0.056379977613687515
v -0.025793006643652912 -0.013169691897928715 -0.060440126806497574
v -0.023723261430859562 -0.019081102684140205 -0.056112054735422134
v -0.023723261430859562 -0.019081102684140205 -0.056112054735422134
v -0.025793006643652912 -0.013169691897928715 -0.060440126806497574
v -0.02493456937372684 -0.01574903167784214 -0.06029326096177101
v -0.023723261430859562 -0.019081102684140205 -0.056112054735422134
v -0.02493456937372684 -0.01574903167784214 -0.06029326096177101
v -0.022717101499438282 -0.021454105153679848 -0.055834416300058365
v -0.022717101499438282 -0.021454105153679848 -0.055834416300058365
v -0.02493456937372684 -0.01574903167784214 -0.06029326096177101
v -0.02385241352021694 -0.018192363902926445 -0.06012505665421486
v -0.022717101499438282 -0.021454105153679848 -0.055834416300058365
v -0.02385241352021694 -0.018192363902926445 -0.06012505665421486
v -0.0215171817690134 -0.023670444265007973 -0.055553678423166275
v -0.0215171817690134 -0.023670444265007973 -0.055553678423166275
v -0.02385241352021694 -0.018192363902926445 -0.06012505665421486
v -0.02256492711603641 -0.020478377118706703 -0.05994052067399025
v -0.0215171817690134 -0.023670444265007973 -0.055553678423166275
v -0.02256492711603641 -0.020478377118706703 -0.05994052067399025
v -0.020140146836638447 -0.025711605325341225 -0.055276576429605484
v -0.020140146836638447 -0.025711605325341225 -0.055276576429605484
v -0.02256492711603641 -0.020478377118706703 -0.05994052067399025
v -0.02109104953706264 -0.022589316591620445 -0.059745434671640396
v -0.020140146836638447 -0.025711605325341225 -0.055276576429605484
v -0.02109104953706264 -0.022589316591620445 -0.059745434671640396
v -0.018602212890982624 -0.027562549337744713 -0.05500948801636696
v -0.018602212890982624 -0.027562549337744713 -0.05500948801636696
v -0.02109104953706264 -0.022589316591620445 -0.059745434671640396
v -0.019449396058917042 -0.024511044844985008 -0.05954611673951149
v -0.018602212890982624 -0.027562549337744713 -0.05500948801636696
v -0.019449396058917042 -0.024511044844985008 -0.05954611673951149
v -0.01691842637956142 -0.029211847111582756 -0.054757777601480484
v -0.01691842637956142 -0.029211847111582756 -0.054757777601480484
v -0.019449396058917042 -0.024511044844985008 -0.05954611673951149
v -0.017657423391938206 -0.026233108714222908 -0.05934876576066017
v -0.01691842637956142 -0.029211847111582756 -0.054757777601480484
v -0.017657423391938206 -0.026233108714222908 -0.05934876576066017
v -0.015101747587323187 -0.030653320252895355 -0.05452621355652809
v -0.015101747587323187 -0.030653320252895355 -0.05452621355652809
v -0.017657423391938206 -0.026233108714222908 -0.05934876576066017
v -0.01573056541383266 -0.027749663218855858 -0.05915946140885353
v -0.015101747587323187 -0.030653320252895355 -0.05452621355652809
v -0.01573056541383266 -0.027749663218855858 -0.05915946140885353
v -0.013162562623620032 -0.03188777342438698 -0.05432039871811867
v -0.013162562623620032 -0.03188777342438698 -0.05432039871811867
v -0.01573056541383266 -0.027749663218855858 -0.05915946140885353
v -0.013682013377547262 -0.029059970751404762 -0.05898452177643776
v -0.013162562623620032 -0.03188777342438698 -0.05432039871811867
v -0.013682013377547262 -0.029059970751404762 -0.05898452177643776
v -0.011110203340649603 -0.032917797565460205 -0.054144326597452164
v -0.011110203340649603 -0.032917797565460205 -0.054144326597452164
v -0.013682013377547262 -0.029059970751404762 -0.05898452177643776
v -0.01152355410158634 -0.030164357274770737 -0.058828894048929214
v -0.011110203340649603 -0.032917797565460205 -0.054144326597452164
v -0.01152355410158634 -0.030164357274770737 -0.058828894048929214
v -0.008954031392931936 -0.03374700993299484 -0.053999368101358414
v -0.008954031392931936 -0.03374700993299484 -0.053999368101358414
v -0.01152355410158634 -0.030164357274770737 -0.058828894048929214
v -0.009266549721360205 -0.03106357343494892 -0.058695320039987564
v -0.008954031392931936 -0.03374700993299484 -0.053999368101358414
v -0.009266549721360205 -0.03106357343494892 -0.058695320039987564
v -0.006704391911625861 -0.03438032418489456 -0.053884152323007584
v -0.006704391911625861 -0.03438032418489456 -0.053884152323007584
v -0.009266549721360205 -0.03106357343494892 -0.058695320039987564
v -0.006922917440533637 -0.03175889700651169 -0.058583859354257584
v -0.006704391911625861 -0.03438032418489456 -0.053884152323007584
v -0.006922917440533637 -0.03175889700651169 -0.058583859354257584
v -0.004373548552393912 -0.03482420742511749 -0.05379367247223854
v -0.004373548552393912 -0.03482420742511749 -0.05379367247223854
v -0.006922917440533637 -0.03175889700651169 -0.058583859354257584
v -0.004506116732954978 -0.032252248376607895 -0.05849171057343483
v -0.004373548552393912 -0.03482420742511749 -0.05379367247223854
v -0.004506116732954978 -0.032252248376607895 -0.05849171057343483
v -0.0019766334444284435 -0.035086940973997116 -0.05371946468949318
v -0.0019766334444284435 -0.035086940973997116 -0.05371946468949318
v -0.004506116732954978 -0.032252248376607895 -0.05849171057343483
v -0.002032140269875526 -0.03254633769392967 -0.05841279402375221
v -0.0019766334444284435 -0.035086940973997116 -0.05371946468949318
v -0.002032140269875526 -0.03254633769392967 -0.05841279402375221
v 1.115633381232328e-06 -0.032640986144542694 -0.058351997286081314
v 1.115633381232328e-06 -0.032640986144542694 -0.058351997286081314
v -0.002032140269875526 -0.03254633769392967 -0.05841279402375221
v 1.1305345424261757e-06 -0.031007353216409683 -0.061855021864175797
v 1.1230837344555764e-06 0.009436002932488918 0.028200028464198112
v 1.1230837344555764e-06 0.0034359979908913374 0.028200028464198112
v 0.006276210770010947 0.0034359979908913374 0.027492938563227654
v 0.006276210770010947 0.009436002932488918 0.027492938563227654
v 0.006276210770010947 0.009436002932488918 0.027492938563227654
v 0.006276210770010947 0.0034359979908913374 0.027492938563227654
v 0.012236645445227621 0.0034359979908913374 0.02540731243789196
v 0.012236645445227621 0.009436002932488918 0.02540731243789196
v 0.012236645445227621 0.009436002932488918 0.02540731243789196
v 0.012236645445227621 0.0034359979908913374 0.02540731243789196
v 0.01758353970944881 0.0034359979908913374 0.022047637030482292
v 0.01758353970944881 0.009436002932488918 0.022047637030482292
v 0.01758353970944881 0.009436002932488918 0.022047637030482292
v 0.01758353970944881 0.0034359979908913374 0.022047637030482292
v 0.02204876951873302 0.0034359979908913374 0.01758241467177868
v 0.02204876951873302 0.009436002932488918 0.01758241467177868
v 0.02204876951873302 0.009436002932488918 0.01758241467177868
v 0.02204876951873302 0.0034359979908913374 0.01758241467177868
v 0.02540844492614269 0.0034359979908913374 0.012235519476234913
v 0.02540844492614269 0.009436002932488918 0.012235519476234913
v 0.02540844492614269 0.009436002932488918 0.012235519476234913
v 0.02540844492614269 0.0034359979908913374 0.012235519476234913
v 0.027494093403220173 0.0034359979908913374 0.006275115069001913
v 0.027494093403220173 0.009436002932488918 0.006275115069001913
v 0.027494093403220173 0.009436002932488918 0.006275115069001913
v 0.027494093403220173 0.0034359979908913374 0.006275115069001913
v 0.028201123699545857 0.0034359979908913374 -2.5509288015257425e-09
v 0.028201123699545857 0.009436002932488918 -2.5509288015257425e-09
v 0.028201123699545857 0.009436002932488918 -2.5509288015257425e-09
v 0.028201123699545857 0.0034359979908913374 -2.5509288015257425e-09
v 0.027494093403220173 0.0034359979908913374 -0.006275119725614786
v 0.027494093403220173 0.009436002932488918 -0.006275119725614786
v 0.027494093403220173 0.009436002932488918 -0.006275119725614786
v 0.027494093403220173 0.0034359979908913374 -0.006275119725614786
v 0.02540844492614269 0.0034359979908913374 -0.01223552506417036
v 0.02540844492614269 0.009436002932488918 -0.01223552506417036
v 0.02540844492614269 0.009436002932488918 -0.01223552506417036
v 0.02540844492614269 0.0034359979908913374 -0.01223552506417036
v 0.02204876951873302 0.0034359979908913374 -0.017582418397068977
v 0.02204876951873302 0.009436002932488918 -0.017582418397068977
v 0.02204876951873302 0.009436002932488918 -0.017582418397068977
v 0.02204876951873302 0.0034359979908913374 -0.017582418397068977
v 0.01758353970944881 0.0034359979908913374 -0.02204764075577259
v 0.01758353970944881 0.009436002932488918 -0.02204764075577259
v 0.01758353970944881 0.009436002932488918 -0.02204764075577259
v 0.01758353970944881 0.0034359979908913374 -0.02204764075577259
v 0.012236645445227621 0.0034359979908913374 -0.02540731616318226
v 0.012236645445227621 0.009436002932488918 -0.02540731616318226
v 0.012236645445227621 0.009436002932488918 -0.02540731616318226
v 0.012236645445227621 0.0034359979908913374 -0.02540731616318226
v 0.006276210770010947 0.0034359979908913374 -0.027492942288517952
v 0.006276210770010947 0.009436002932488918 -0.027492942288517952
v 0.006276210770010947 0.009436002932488918 -0.027492942288517952
v 0.006276210770010947 0.0034359979908913374 -0.027492942288517952
v 1.1230837344555764e-06 0.0034359979908913374 -0.028199972584843636
v 1.1230837344555764e-06 0.009436002932488918 -0.028199972584843636
v 0.017777515575289723 -0.04009049013257027 -0.0346607007086277
v 0.01703309081494808 -0.04106856510043144 -0.03434807434678078
v 0.017027920112013813 -0.037962935864925385 -0.03971326723694801
v 1.1305345424261757e-06 -0.031007353216409683 -0.061855021864175797
v 1.1305345424261757e-06 -0.03067537397146225 -0.06266683340072632
v 0.0020947139710187908 -0.03058093972504139 -0.06272387504577637
v 0.02765782736241817 -0.00872389692813158 -0.06999993324279785
v 0.026978513225913044 -0.010612891055643559 -0.06737291812896729
v 0.02588056586682796 -0.013203305192291737 -0.06734395027160645
v 0.025576828047633168 0.013670503161847591 -0.06999987363815308
v 0.02589691989123821 0.012780128978192806 -0.06855010986328125
v 0.027057496830821034 0.010126321576535702 -0.06859815120697021
v 1.1454353625595102e-06 0.02889379672706127 -0.06853693723678589
v 1.1454353625595102e-06 0.028766026720404625 -0.06785792112350464
v 0.002929409965872764 0.0286294873803854 -0.06791478395462036
v 1.1454353625595102e-06 0.028475245460867882 -0.06685703992843628
v 1.1379847819625864e-06 0.02807190828025341 -0.06590241193771362
v 0.0029704477638006206 0.027956074103713036 -0.06599360704421997
v 1.1379847819625864e-06 0.02771618776023388 -0.06524688005447388
v 1.1379847819625864e-06 0.026700472459197044 -0.06382900476455688
v 0.0029851179569959636 0.026851771399378777 -0.06423157453536987
v 1.145435476246348e-06 -0.002094556810334325 -0.04680532589554787
v 0.0044812243431806556 -0.0006280888337641954 -0.04845571890473366
v 1.1677872180371194e-06 -0.0005333770532160997 -0.04841280356049538
v 1.1677872180371194e-06 -0.0005333770532160997 -0.04841280356049538
v 0.0044812243431806556 -0.0006280888337641954 -0.04845571890473366
v 0.0022964533418416973 0.001359420595690608 -0.049954596906900406
v 1.1677872180371194e-06 -0.0005333770532160997 -0.04841280356049538
v 0.0022964533418416973 0.001359420595690608 -0.049954596906900406
v 1.1677872180371194e-06 0.001358347712084651 -0.04991770163178444
v 1.1677872180371194e-06 0.001358347712084651 -0.04991770163178444
v 0.0022964533418416973 0.001359420595690608 -0.049954596906900406
v 0.002353889867663383 0.0035158011596649885 -0.05134714022278786
v 1.1677872180371194e-06 0.001358347712084651 -0.04991770163178444
v 0.002353889867663383 0.0035158011596649885 -0.05134714022278786
v 1.1603366374401956e-06 0.003700337139889598 -0.05141020193696022
v 1.1603366374401956e-06 0.003700337139889598 -0.05141020193696022
v 0.002353889867663383 0.0035158011596649885 -0.05134714022278786
v 0.002422546967864036 0.005890949163585901 -0.05264062061905861
v 1.1603366374401956e-06 0.003700337139889598 -0.05141020193696022
v 0.002422546967864036 0.005890949163585901 -0.05264062061905861
v 1.1528860568432717e-06 0.0066157192923128605 -0.05294734612107277
v 1.1528860568432717e-06 0.0066157192923128605 -0.05294734612107277
v 0.002422546967864036 0.005890949163585901 -0.05264062061905861
v 0.002582764253020286 0.011070854030549526 -0.055025581270456314
v 1.1528860568432717e-06 0.0066157192923128605 -0.05294734612107277
v 0.002582764253020286 0.011070854030549526 -0.055025581270456314
v 1.1528860568432717e-06 0.011633767746388912 -0.05519980564713478
v 1.1230836207687387e-06 0.028999967500567436 -0.06999999284744263
v 1.1454353625595102e-06 0.02889379672706127 -0.06853693723678589
v 0.002741029486060142 0.028870275244116783 -0.06999993324279785
v 0.002741029486060142 0.028870275244116783 -0.06999993324279785
v 1.1454353625595102e-06 0.02889379672706127 -0.06853693723678589
v 0.002929409965872764 0.0286294873803854 -0.06791478395462036
v 0.002741029486060142 0.028870275244116783 -0.06999993324279785
v 0.002929409965872764 0.0286294873803854 -0.06791478395462036
v 0.0058256667107343665 0.028195587918162346 -0.06797945499420166
v 0.011399252340197561 0.026461070403456688 -0.06812059879302979
v 0.008723897859454153 0.027657045051455498 -0.06999975442886353
v 0.008658764883875845 0.027469662949442863 -0.06804919242858887
v 0.008658764883875845 0.027469662949442863 -0.06804919242858887
v 0.008723897859454153 0.027657045051455498 -0.06999975442886353
v 0.006216092035174369 0.02832622639834881 -0.0699998140335083
v 0.008658764883875845 0.027469662949442863 -0.06804919242858887
v 0.006216092035174369 0.02832622639834881 -0.0699998140335083
v 0.0058256667107343665 0.028195587918162346 -0.06797945499420166
v 0.0058256667107343665 0.028195587918162346 -0.06797945499420166
v 0.006216092035174369 0.02832622639834881 -0.0699998140335083
v 0.005764318630099296 0.028421593829989433 -0.06999987363815308
v 0.0058256667107343665 0.028195587918162346 -0.06797945499420166
v 0.005764318630099296 0.028421593829989433 -0.06999987363815308
v 0.002741029486060142 0.028870275244116783 -0.06999993324279785
v 0.016493609175086018 0.023646457120776176 -0.06825947761535645
v 0.014319723471999167 0.025218619033694267 -0.06999999284744263
v 0.014019487425684927 0.025181880220770836 -0.06819117069244385
v 0.014019487425684927 0.025181880220770836 -0.06819117069244385
v 0.014319723471999167 0.025218619033694267 -0.06999999284744263
v 0.012142254039645193 0.02633613906800747 -0.06999987363815308
v 0.014019487425684927 0.025181880220770836 -0.06819117069244385
v 0.012142254039645193 0.02633613906800747 -0.06999987363815308
v 0.011399252340197561 0.026461070403456688 -0.06812059879302979
v 0.011399252340197561 0.026461070403456688 -0.06812059879302979
v 0.012142254039645193 0.02633613906800747 -0.06999987363815308
v 0.011586254462599753 0.026585405692458153 -0.0699998140335083
v 0.011399252340197561 0.026461070403456688 -0.06812059879302979
v 0.011586254462599753 0.026585405692458153 -0.0699998140335083
v 0.008723897859454153 0.027657045051455498 -0.06999975442886353
v 0.019281690940260884 0.021662374958395958 -0.0699998140335083
v 0.017504250630736348 0.023122301325201988 -0.06999987363815308
v 0.016493609175086018 0.023646457120776176 -0.06825947761535645
v 0.016493609175086018 0.023646457120776176 -0.06825947761535645
v 0.017504250630736348 0.023122301325201988 -0.06999987363815308
v 0.016894487664103505 0.02357148937880993 -0.06999993324279785
v 0.016493609175086018 0.023646457120776176 -0.06825947761535645
v 0.016894487664103505 0.02357148937880993 -0.06999993324279785
v 0.014319723471999167 0.025218619033694267 -0.06999999284744263
v 0.016493609175086018 0.023646457120776176 -0.06825947761535645
v 0.018797574564814564 0.021871505305171013 -0.0683247447013855
v 0.019281690940260884 0.021662374958395958 -0.0699998140335083
v 0.019281690940260884 0.021662374958395958 -0.0699998140335083
v 0.018797574564814564 0.021871505305171013 -0.0683247447013855
v 0.020909128710627552 0.01987594924867153 -0.06838637590408325
v 0.019281690940260884 0.021662374958395958 -0.0699998140335083
v 0.020909128710627552 0.01987594924867153 -0.06838637590408325
v 0.021454347297549244 0.01951306127011776 -0.06999999284744263
v 0.021454347297549244 0.01951306127011776 -0.06999999284744263
v 0.020909128710627552 0.01987594924867153 -0.06838637590408325
v 0.02280796132981777 0.017680300399661064 -0.06844431161880493
v 0.021454347297549244 0.01951306127011776 -0.06999999284744263
v 0.02280796132981777 0.017680300399661064 -0.06844431161880493
v 0.02205291204154491 0.018834000453352928 -0.0700000524520874
v 0.02205291204154491 0.018834000453352928 -0.0700000524520874
v 0.02280796132981777 0.017680300399661064 -0.06844431161880493
v 0.02447588555514812 0.015306859277188778 -0.06849884986877441
v 0.02205291204154491 0.018834000453352928 -0.0700000524520874
v 0.02447588555514812 0.015306859277188778 -0.06849884986877441
v 0.023388868197798725 0.017146846279501915 -0.06999999284744263
v 0.02589691989123821 0.012780128978192806 -0.06855010986328125
v 0.025576828047633168 0.013670503161847591 -0.06999987363815308
v 0.02447588555514812 0.015306859277188778 -0.06849884986877441
v 0.02447588555514812 0.015306859277188778 -0.06849884986877441
v 0.025576828047633168 0.013670503161847591 -0.06999987363815308
v 0.02506369166076183 0.014589971862733364 -0.06999987363815308
v 0.02447588555514812 0.015306859277188778 -0.06849884986877441
v 0.02506369166076183 0.014589971862733364 -0.06999987363815308
v 0.023388868197798725 0.017146846279501915 -0.06999999284744263
v 0.027912331745028492 0.007871775887906551 -0.0700000524520874
v 0.027562512084841725 0.009020528756082058 -0.0700000524520874
v 0.027057496830821034 0.010126321576535702 -0.06859815120697021
v 0.027057496830821034 0.010126321576535702 -0.06859815120697021
v 0.027562512084841725 0.009020528756082058 -0.0700000524520874
v 0.026460072025656697 0.011871098540723324 -0.06999987363815308
v 0.027057496830821034 0.010126321576535702 -0.06859815120697021
v 0.026460072025656697 0.011871098540723324 -0.06999987363815308
v 0.025576828047633168 0.013670503161847591 -0.06999987363815308
v 0.027057496830821034 0.010126321576535702 -0.06859815120697021
v 0.027946738526225087 0.007372929248958826 -0.06864267587661743
v 0.027912331745028492 0.007871775887906551 -0.0700000524520874
v 0.027912331745028492 0.007871775887906551 -0.0700000524520874
v 0.027946738526225087 0.007372929248958826 -0.06864267587661743
v 0.02855664305388927 0.004548511002212763 -0.06868308782577515
v 0.027912331745028492 0.007871775887906551 -0.0700000524520874
v 0.02855664305388927 0.004548511002212763 -0.06868308782577515
v 0.02835881523787975 0.006069763097912073 -0.0700000524520874
v 0.02835881523787975 0.006069763097912073 -0.0700000524520874
v 0.02855664305388927 0.004548511002212763 -0.06868308782577515
v 0.028882270678877827 0.0016824703197926283 -0.0687183141708374
v 0.02835881523787975 0.006069763097912073 -0.0700000524520874
v 0.028882270678877827 0.0016824703197926283 -0.0687183141708374
v 0.02884014509618282 0.003051346866413951 -0.06999993324279785
v 0.02884014509618282 0.003051346866413951 -0.06999993324279785
v 0.028882270678877827 0.0016824703197926283 -0.0687183141708374
v 0.028921945020556446 -0.0011953499633818865 -0.06874692440032959
v 0.02884014509618282 0.003051346866413951 -0.06999993324279785
v 0.028921945020556446 -0.0011953499633818865 -0.06874692440032959
v 0.029001122340559956 -1.1719970549606273e-09 -0.06999993324279785
v 0.029001122340559956 -1.1719970549606273e-09 -0.06999993324279785
v 0.028921945020556446 -0.0011953499633818865 -0.06874692440032959
v 0.028871273621916767 -0.00274132308550179 -0.0700000524520874
v 0.028921945020556446 -0.0011953499633818865 -0.06874692440032959
v 0.028404159471392628 -0.00511593883857131 -0.06737518310546875
v 0.028871273621916767 -0.00274132308550179 -0.0700000524520874
v 0.028871273621916767 -0.00274132308550179 -0.0700000524520874
v 0.028404159471392628 -0.00511593883857131 -0.06737518310546875
v 0.027824169024825093 -0.007908564992249012 -0.06738346815109253
v 0.028871273621916767 -0.00274132308550179 -0.0700000524520874
v 0.027824169024825093 -0.007908564992249012 -0.06738346815109253
v 0.02842241339385509 -0.005764597561210394 -0.06999999284744263
v 0.026978513225913044 -0.010612891055643559 -0.06737291812896729
v 0.02765782736241817 -0.00872389692813158 -0.06999993324279785
v 0.027824169024825093 -0.007908564992249012 -0.06738346815109253
v 0.027824169024825093 -0.007908564992249012 -0.06738346815109253
v 0.02765782736241817 -0.00872389692813158 -0.06999993324279785
v 0.027912324294447895 -0.007871774025261402 -0.06999993324279785
v 0.027824169024825093 -0.007908564992249012 -0.06738346815109253
v 0.027912324294447895 -0.007871774025261402 -0.06999993324279785
v 0.02842241339385509 -0.005764597561210394 -0.06999999284744263
v 1.1230838481424141e-06 -0.029107585549354553 -0.06833785772323608
v 1.1230838481424141e-06 -0.029000001028180122 -0.06999999284744263
v 0.003051480278372764 -0.028839116916060448 -0.06999999284744263
v 1.1305345424261757e-06 -0.031007353216409683 -0.061855021864175797
v 0.0020947139710187908 -0.03058093972504139 -0.06272387504577637
v 1.115633381232328e-06 -0.032640986144542694 -0.058351997286081314
v 1.1305345424261757e-06 -0.038089729845523834 -0.048657361418008804
v 0.004166444763541221 -0.04095882177352905 -0.04348236694931984
v 1.1230839618292519e-06 -0.04118448868393898 -0.04340255632996559
v 1.1230839618292519e-06 -0.04118448868393898 -0.04340255632996559
v 0.004166444763541221 -0.04095882177352905 -0.04348236694931984
v 1.1305345424261757e-06 -0.04230252280831337 -0.041462842375040054
v 0.004952749237418174 -0.046954188495874405 -0.03246695175766945
v 1.1230839618292519e-06 -0.04709595814347267 -0.03242165222764015
v 1.115633381232328e-06 -0.044251494109630585 -0.03796768561005592
v 1.115633381232328e-06 -0.044251494109630585 -0.03796768561005592
v 0.004086172208189963 -0.04410121217370033 -0.03801441565155983
v 0.004952749237418174 -0.046954188495874405 -0.03246695175766945
v 0.004952749237418174 -0.046954188495874405 -0.03246695175766945
v 0.004086172208189963 -0.04410121217370033 -0.03801441565155983
v 0.006260959431529044 -0.04384145513176918 -0.03807908669114113
v 0.004952749237418174 -0.046954188495874405 -0.03246695175766945
v 0.006260959431529044 -0.04384145513176918 -0.03807908669114113
v 0.006166135892271995 -0.046825628727674484 -0.03250807896256447
v 0.006166135892271995 -0.046825628727674484 -0.03250807896256447
v 0.006260959431529044 -0.04384145513176918 -0.03807908669114113
v 0.008351651951670645 -0.04340768977999687 -0.03819132223725319
v 0.006166135892271995 -0.046825628727674484 -0.03250807896256447
v 0.008351651951670645 -0.04340768977999687 -0.03819132223725319
v 0.008835693821310995 -0.04631315544247627 -0.032671812921762466
v 0.008835693821310995 -0.04631315544247627 -0.032671812921762466
v 0.008351651951670645 -0.04340768977999687 -0.03819132223725319
v 0.010341567918658255 -0.04277302324771881 -0.03836185112595558
v 0.008835693821310995 -0.04631315544247627 -0.032671812921762466
v 0.010341567918658255 -0.04277302324771881 -0.03836185112595558
v 0.010262383148074148 -0.045872174203395844 -0.03281271830201149
v 0.010262383148074148 -0.045872174203395844 -0.03281271830201149
v 0.010341567918658255 -0.04277302324771881 -0.03836185112595558
v 0.010993501171469687 -0.04559044539928436 -0.032902780920267105
v 0.010993501171469687 -0.04559044539928436 -0.032902780920267105
v 0.010341567918658255 -0.04277302324771881 -0.03836185112595558
v 0.0122161116451025 -0.041918907314538956 -0.0385974682867527
v 0.010993501171469687 -0.04559044539928436 -0.032902780920267105
v 0.0122161116451025 -0.041918907314538956 -0.0385974682867527
v 0.012290036305785177 -0.044982485473155975 -0.033097151666879654
v 0.012290036305785177 -0.044982485473155975 -0.033097151666879654
v 0.0122161116451025 -0.041918907314538956 -0.0385974682867527
v 0.012973254546523092 -0.044598955661058426 -0.03321975842118263
v 0.012973254546523092 -0.044598955661058426 -0.03321975842118263
v 0.0122161116451025 -0.041918907314538956 -0.0385974682867527
v 0.013962550088763235 -0.04083430767059326 -0.038901571184396744
v 0.012973254546523092 -0.044598955661058426 -0.03321975842118263
v 0.013962550088763235 -0.04083430767059326 -0.038901571184396744
v 0.013929439708590506 -0.04397783428430557 -0.033418361097574234
v 0.013929439708590506 -0.04397783428430557 -0.033418361097574234
v 0.013962550088763235 -0.04083430767059326 -0.038901571184396744
v 0.015569789335131643 -0.03951490670442581 -0.03927427902817726
v 0.013929439708590506 -0.04397783428430557 -0.033418361097574234
v 0.015569789335131643 -0.03951490670442581 -0.03927427902817726
v 0.015400541946291922 -0.042795125395059586 -0.033796314150094986
v 0.017027920112013813 -0.037962935864925385 -0.03971326723694801
v 0.01703309081494808 -0.04106856510043144 -0.03434807434678078
v 0.015569789335131643 -0.03951490670442581 -0.03927427902817726
v 0.015569789335131643 -0.03951490670442581 -0.03927427902817726
v 0.01703309081494808 -0.04106856510043144 -0.03434807434678078
v 0.016368193551898 -0.041833482682704926 -0.034103576093912125
v 0.015569789335131643 -0.03951490670442581 -0.03927427902817726
v 0.016368193551898 -0.041833482682704926 -0.034103576093912125
v 0.015400541946291922 -0.042795125395059586 -0.033796314150094986
v 0.018288603052496907 -0.037777725607156754 -0.03757918253540993
v 0.01940996758639812 -0.035777706652879715 -0.03818738833069801
v 0.018339006230235096 -0.03925067558884621 -0.034929219633340836
v 0.018339006230235096 -0.03925067558884621 -0.034929219633340836
v 0.01940996758639812 -0.035777706652879715 -0.03818738833069801
v 0.019822305068373677 -0.036441877484321594 -0.03582698479294777
v 0.02142890356481075 -0.03142038360238075 -0.03743183985352516
v 0.021243093535304066 -0.03222135081887245 -0.03717583790421486
v 0.020348465070128437 -0.03359312191605568 -0.03885335102677345
v 0.021243093535304066 -0.03222135081887245 -0.03717583790421486
v 0.020637823268771168 -0.03431736305356026 -0.036505941301584244
v 0.020348465070128437 -0.03359312191605568 -0.03885335102677345
v 0.020348465070128437 -0.03359312191605568 -0.03885335102677345
v 0.020637823268771168 -0.03431736305356026 -0.036505941301584244
v 0.020404173061251637 -0.034988272935152054 -0.036291543394327164
v 0.020348465070128437 -0.03359312191605568 -0.03885335102677345
v 0.020404173061251637 -0.034988272935152054 -0.036291543394327164
v 0.01940996758639812 -0.035777706652879715 -0.03818738833069801
v 0.01940996758639812 -0.035777706652879715 -0.03818738833069801
v 0.020404173061251637 -0.034988272935152054 -0.036291543394327164
v 0.019859431311488148 -0.03635679557919502 -0.03585422411561012
v 0.01940996758639812 -0.035777706652879715 -0.03818738833069801
v 0.019859431311488148 -0.03635679557919502 -0.03585422411561012
v 0.019822305068373677 -0.036441877484321594 -0.03582698479294777
v 0.020348465070128437 -0.03359312191605568 -0.03885335102677345
v 0.021096361801028248 -0.03125300630927086 -0.039567653089761734
v 0.02142890356481075 -0.03142038360238075 -0.03743183985352516
v 0.02142890356481075 -0.03142038360238075 -0.03743183985352516
v 0.021096361801028248 -0.03125300630927086 -0.039567653089761734
v 0.0216472502797842 -0.028789933770895004 -0.040319327265024185
v 0.02142890356481075 -0.03142038360238075 -0.03743183985352516
v 0.0216472502797842 -0.028789933770895004 -0.040319327265024185
v 0.021686835214495655 -0.030089715495705605 -0.037857238203287125
v 0.021686835214495655 -0.030089715495705605 -0.037857238203287125
v 0.0216472502797842 -0.028789933770895004 -0.040319327265024185
v 0.021996064111590382 -0.026239139959216118 -0.04109615460038185
v 0.021686835214495655 -0.030089715495705605 -0.037857238203287125
v 0.021996064111590382 -0.026239139959216118 -0.04109615460038185
v 0.02212165109813213 -0.025892315432429314 -0.03919893875718117
v 0.021996064111590382 -0.026239139959216118 -0.04109615460038185
v 0.02213911525905132 -0.0236376766115427 -0.0418851412832737
v 0.02212165109813213 -0.025892315432429314 -0.03919893875718117
v 0.02212165109813213 -0.025892315432429314 -0.03919893875718117
v 0.02213911525905132 -0.0236376766115427 -0.0418851412832737
v 0.022074332460761067 -0.0210238266736269 -0.04267329350113869
v 0.02212165109813213 -0.025892315432429314 -0.03919893875718117
v 0.022074332460761067 -0.0210238266736269 -0.04267329350113869
v 0.022092713043093678 -0.02269291691482067 -0.04022097960114479
v 0.022092713043093678 -0.02269291691482067 -0.04022097960114479
v 0.022074332460761067 -0.0210238266736269 -0.04267329350113869
v 0.02180196903645992 -0.018437562510371208 -0.04344874992966652
v 0.022092713043093678 -0.02269291691482067 -0.04022097960114479
v 0.02180196903645992 -0.018437562510371208 -0.04344874992966652
v 0.021783506497740742 -0.019702570512890816 -0.041177455335855484
v 0.021783506497740742 -0.019702570512890816 -0.041177455335855484
v 0.02180196903645992 -0.018437562510371208 -0.04344874992966652
v 0.02132388018071651 -0.015918726101517677 -0.04419994726777077
v 0.021783506497740742 -0.019702570512890816 -0.041177455335855484
v 0.02132388018071651 -0.015918726101517677 -0.04419994726777077
v 0.02114695124328136 -0.016590772196650505 -0.0421721376478672
v 0.02114695124328136 -0.016590772196650505 -0.0421721376478672
v 0.02132388018071651 -0.015918726101517677 -0.04419994726777077
v 0.020643262192606922 -0.013505582697689533 -0.044915441423654556
v 0.02114695124328136 -0.016590772196650505 -0.0421721376478672
v 0.020643262192606922 -0.013505582697689533 -0.044915441423654556
v 0.020249290391802784 -0.013787739910185337 -0.04306769743561745
v 0.020249290391802784 -0.013787739910185337 -0.04306769743561745
v 0.020643262192606922 -0.013505582697689533 -0.044915441423654556
v 0.019764622673392292 -0.011233893223106861 -0.04558444395661354
v 0.020249290391802784 -0.013787739910185337 -0.04306769743561745
v 0.019764622673392292 -0.011233893223106861 -0.04558444395661354
v 0.019079407677054402 -0.011215203441679478 -0.043889883905649185
v 1.145435476246348e-06 -0.002094556810334325 -0.04680532589554787
v 0.003814136609435081 -0.0021603379864245653 -0.04678434506058693
v 0.0044812243431806556 -0.0006280888337641954 -0.04845571890473366
v 0.0044812243431806556 -0.0006280888337641954 -0.04845571890473366
v 0.003814136609435081 -0.0021603379864245653 -0.04678434506058693
v 0.0064544063061475745 -0.002404135884717107 -0.046705905348062515
v 0.0044812243431806556 -0.0006280888337641954 -0.04845571890473366
v 0.0064544063061475745 -0.002404135884717107 -0.046705905348062515
v 0.006659334525465964 -0.0008861769456416368 -0.048424068838357925
v 0.006659334525465964 -0.0008861769456416368 -0.048424068838357925
v 0.0064544063061475745 -0.002404135884717107 -0.046705905348062515
v 0.008645398542284964 -0.0028284501750022173 -0.04657060280442238
v 0.006659334525465964 -0.0008861769456416368 -0.048424068838357925
v 0.008645398542284964 -0.0028284501750022173 -0.04657060280442238
v 0.008762007579207419 -0.0013434749562293291 -0.04833335056900978
v 0.008762007579207419 -0.0013434749562293291 -0.04833335056900978
v 0.008645398542284964 -0.0028284501750022173 -0.04657060280442238
v 0.010835571214556692 -0.0035360727924853563 -0.046344343572854996
v 0.008762007579207419 -0.0013434749562293291 -0.04833335056900978
v 0.010835571214556692 -0.0035360727924853563 -0.046344343572854996
v 0.010766966268420218 -0.002028030576184392 -0.04817265644669533
v 0.010766966268420218 -0.002028030576184392 -0.04817265644669533
v 0.010835571214556692 -0.0035360727924853563 -0.046344343572854996
v 0.012749461457133291 -0.004460824187844992 -0.046049002557992935
v 0.010766966268420218 -0.002028030576184392 -0.04817265644669533
v 0.012749461457133291 -0.004460824187844992 -0.046049002557992935
v 0.012654220685362814 -0.0029569428879767656 -0.04793507233262062
v 0.012654220685362814 -0.0029569428879767656 -0.04793507233262062
v 0.012749461457133291 -0.004460824187844992 -0.046049002557992935
v 0.014538442716002463 -0.005666130688041449 -0.04566336050629616
v 0.012654220685362814 -0.0029569428879767656 -0.04793507233262062
v 0.014538442716002463 -0.005666130688041449 -0.04566336050629616
v 0.014405718073248861 -0.0041374764405190945 -0.04761731997132301
v 0.014405718073248861 -0.0041374764405190945 -0.04761731997132301
v 0.014538442716002463 -0.005666130688041449 -0.04566336050629616
v 0.01617409102618694 -0.007150625344365835 -0.045189205557107925
v 0.014405718073248861 -0.0041374764405190945 -0.04761731997132301
v 0.01617409102618694 -0.007150625344365835 -0.045189205557107925
v 0.01600500755012035 -0.005568196531385183 -0.04721957817673683
v 0.01600500755012035 -0.005568196531385183 -0.04721957817673683
v 0.01617409102618694 -0.007150625344365835 -0.045189205557107925
v 0.017698986455798146 -0.008989878930151463 -0.044601742178201675
v 0.01600500755012035 -0.005568196531385183 -0.04721957817673683
v 0.017698986455798146 -0.008989878930151463 -0.044601742178201675
v 0.017437776550650593 -0.007239857222884893 -0.04674446955323219
v 0.017437776550650593 -0.007239857222884893 -0.04674446955323219
v 0.017698986455798146 -0.008989878930151463 -0.044601742178201675
v 0.019079407677054402 -0.011215203441679478 -0.043889883905649185
v 0.017437776550650593 -0.007239857222884893 -0.04674446955323219
v 0.019079407677054402 -0.011215203441679478 -0.043889883905649185
v 0.018693765625357624 -0.009135992266237736 -0.046197060495615005
v 0.018693765625357624 -0.009135992266237736 -0.046197060495615005
v 0.019079407677054402 -0.011215203441679478 -0.043889883905649185
v 0.019764622673392292 -0.011233893223106861 -0.04558444395661354
v 1.1603365237533578e-06 0.01730245165526867 -0.057650867849588394
v 1.1528860568432717e-06 0.011633767746388912 -0.05519980564713478
v 0.002750543877482414 0.01640128158032894 -0.057327751070261
v 0.002750543877482414 0.01640128158032894 -0.057327751070261
v 1.1528860568432717e-06 0.011633767746388912 -0.05519980564713478
v 0.002582764253020286 0.011070854030549526 -0.055025581270456314
v 0.002750543877482414 0.01640128158032894 -0.057327751070261
v 0.002582764253020286 0.011070854030549526 -0.055025581270456314
v 0.0054705124348402015 0.01615978591144085 -0.057455841451883316
v 0.0054705124348402015 0.01615978591144085 -0.057455841451883316
v 0.005140220746397971 0.010898559354245663 -0.05513686314225197
v 0.00811943970620632 0.015625594183802605 -0.057588402181863785
v 0.00811943970620632 0.015625594183802605 -0.057588402181863785
v 0.005140220746397971 0.010898559354245663 -0.05513686314225197
v 0.007633401080965995 0.010458960197865963 -0.05523640289902687
v 0.00811943970620632 0.015625594183802605 -0.057588402181863785
v 0.007633401080965995 0.010458960197865963 -0.05523640289902687
v 0.010662017390131949 0.014799079857766628 -0.0577089823782444
v 0.010662017390131949 0.014799079857766628 -0.0577089823782444
v 0.007633401080965995 0.010458960197865963 -0.05523640289902687
v 0.010028405115008352 0.009744509123265743 -0.05530751124024391
v 0.010662017390131949 0.014799079857766628 -0.0577089823782444
v 0.010028405115008352 0.009744509123265743 -0.05530751124024391
v 0.013068137690424917 0.013686715625226498 -0.057806018739938736
v 0.013068137690424917 0.013686715625226498 -0.057806018739938736
v 0.010028405115008352 0.009744509123265743 -0.05530751124024391
v 0.012296421453356741 0.008755258284509182 -0.05533856526017189
v 0.013068137690424917 0.013686715625226498 -0.057806018739938736
v 0.012296421453356741 0.008755258284509182 -0.05533856526017189
v 0.015311894938349722 0.01230024453252554 -0.05787229910492897
v 0.015311894938349722 0.01230024453252554 -0.05787229910492897
v 0.012296421453356741 0.008755258284509182 -0.05533856526017189
v 0.01441272161900997 0.007497756276279688 -0.055322352796792984
v 0.015311894938349722 0.01230024453252554 -0.05787229910492897
v 0.01441272161900997 0.007497756276279688 -0.055322352796792984
v 0.017370542511343953 0.010655811987817287 -0.05790400877594948
v 0.017370542511343953 0.010655811987817287 -0.05790400877594948
v 0.01441272161900997 0.007497756276279688 -0.055322352796792984
v 0.016355587169528004 0.005983954761177301 -0.05525553598999977
v 0.017370542511343953 0.010655811987817287 -0.05790400877594948
v 0.016355587169528004 0.005983954761177301 -0.05525553598999977
v 0.019223442301154133 0.008773013018071651 -0.05789995566010475
v 0.019223442301154133 0.008773013018071651 -0.05789995566010475
v 0.016355587169528004 0.005983954761177301 -0.05525553598999977
v 0.018105251714587208 0.004230102989822626 -0.055137936025857925
v 0.019223442301154133 0.008773013018071651 -0.05789995566010475
v 0.018105251714587208 0.004230102989822626 -0.055137936025857925
v 0.020852973684668537 0.006674191448837519 -0.05786127224564552
v 0.020852973684668537 0.006674191448837519 -0.05786127224564552
v 0.018105251714587208 0.004230102989822626 -0.055137936025857925
v 0.01964507810771465 0.002256116596981883 -0.05497169867157936
v 0.020852973684668537 0.006674191448837519 -0.05786127224564552
v 0.01964507810771465 0.002256116596981883 -0.05497169867157936
v 0.022248802706599232 0.004385358188301325 -0.057790521532297134
v 0.022248802706599232 0.004385358188301325 -0.057790521532297134
v 0.01964507810771465 0.002256116596981883 -0.05497169867157936
v 0.02096668444573879 8.636595885036513e-05 -0.05476057901978493
v 0.022248802706599232 0.004385358188301325 -0.057790521532297134
v 0.02096668444573879 8.636595885036513e-05 -0.05476057901978493
v 0.02340317331254482 0.0019361514132469893 -0.057690683752298355
v 0.02340317331254482 0.0019361514132469893 -0.057690683752298355
v 0.02096668444573879 8.636595885036513e-05 -0.05476057901978493
v 0.022064229473471638 -0.00225066882558167 -0.054509345442056656
v 0.02340317331254482 0.0019361514132469893 -0.057690683752298355
v 0.022064229473471638 -0.00225066882558167 -0.054509345442056656
v 0.024309819564223286 -0.0006409112829715014 -0.05756479874253273
v 0.024309819564223286 -0.0006409112829715014 -0.05756479874253273
v 0.022064229473471638 -0.00225066882558167 -0.054509345442056656
v 0.02293295972049236 -0.004723237361758947 -0.05422324314713478
v 0.024309819564223286 -0.0006409112829715014 -0.05756479874253273
v 0.02293295972049236 -0.004723237361758947 -0.05422324314713478
v 0.024964286014437672 -0.003311139764264226 -0.0574156679213047
v 0.024964286014437672 -0.003311139764264226 -0.0574156679213047
v 0.02293295972049236 -0.004723237361758947 -0.05422324314713478
v 0.02356941811740398 -0.007297003176063299 -0.05390733852982521
v 0.024964286014437672 -0.003311139764264226 -0.0574156679213047
v 0.02356941811740398 -0.007297003176063299 -0.05390733852982521
v 0.025364203378558155 -0.006038357969373465 -0.057245317846536636
v 0.025364203378558155 -0.006038357969373465 -0.057245317846536636
v 0.02356941811740398 -0.007297003176063299 -0.05390733852982521
v 0.023971615359187123 -0.009935812093317509 -0.053566399961709976
v 0.025364203378558155 -0.006038357969373465 -0.057245317846536636
v 0.023971615359187123 -0.009935812093317509 -0.053566399961709976
v 0.02550958655774593 -0.008785528130829334 -0.05705470219254494
v 0.02550958655774593 -0.008785528130829334 -0.05705470219254494
v 0.023971615359187123 -0.009935812093317509 -0.053566399961709976
v 0.02413925342261791 -0.012602404691278934 -0.053204361349344254
v 0.02550958655774593 -0.008785528130829334 -0.05705470219254494
v 0.02413925342261791 -0.012602404691278934 -0.053204361349344254
v 0.025403095409274098 -0.011515450663864613 -0.05684340372681618
v 0.025403095409274098 -0.011515450663864613 -0.05684340372681618
v 0.02413925342261791 -0.012602404691278934 -0.053204361349344254
v 0.024073896929621693 -0.015259125269949436 -0.05282396450638771
v 0.025403095409274098 -0.011515450663864613 -0.05684340372681618
v 0.024073896929621693 -0.015259125269949436 -0.05282396450638771
v 0.02505090646445751 -0.014192578382790089 -0.0566103495657444
v 0.02505090646445751 -0.014192578382790089 -0.0566103495657444
v 0.024073896929621693 -0.015259125269949436 -0.05282396450638771
v 0.023779934272170063 -0.01786997728049755 -0.052427712827920914
v 0.02505090646445751 -0.014192578382790089 -0.0566103495657444
v 0.023779934272170063 -0.01786997728049755 -0.052427712827920914
v 0.024463763460516926 -0.01678634248673916 -0.05635792389512062
v 0.024463763460516926 -0.01678634248673916 -0.05635792389512062
v 0.023779934272170063 -0.01786997728049755 -0.052427712827920914
v 0.02326608262956142 -0.02040422149002552 -0.052021805197000504
v 0.024463763460516926 -0.01678634248673916 -0.05635792389512062
v 0.02326608262956142 -0.02040422149002552 -0.052021805197000504
v 0.0236551072448492 -0.019269438460469246 -0.056090597063302994
v 0.0236551072448492 -0.019269438460469246 -0.056090597063302994
v 0.02326608262956142 -0.02040422149002552 -0.052021805197000504
v 0.02254325710237026 -0.02283388189971447 -0.051613930612802505
v 0.0236551072448492 -0.019269438460469246 -0.056090597063302994
v 0.02254325710237026 -0.02283388189971447 -0.051613930612802505
v 0.022640069946646687 -0.02161753736436367 -0.05581409111618996
v 0.022640069946646687 -0.02161753736436367 -0.05581409111618996
v 0.02254325710237026 -0.02283388189971447 -0.051613930612802505
v 0.02162368409335613 -0.025133298709988594 -0.05121219530701637
v 0.022640069946646687 -0.02161753736436367 -0.05581409111618996
v 0.02162368409335613 -0.025133298709988594 -0.05121219530701637
v 0.021434729918837544 -0.023809408769011497 -0.05553502216935158
v 0.021434729918837544 -0.023809408769011497 -0.05553502216935158
v 0.02162368409335613 -0.025133298709988594 -0.05121219530701637
v 0.020520357415080067 -0.02727947197854519 -0.05082458630204201
v 0.021434729918837544 -0.023809408769011497 -0.05553502216935158
v 0.020520357415080067 -0.02727947197854519 -0.05082458630204201
v 0.020055433735251423 -0.02582710050046444 -0.055260006338357925
v 0.020055433735251423 -0.02582710050046444 -0.055260006338357925
v 0.020520357415080067 -0.02727947197854519 -0.05082458630204201
v 0.019246546551585194 -0.02925233170390129 -0.05045825615525246
v 0.020055433735251423 -0.02582710050046444 -0.055260006338357925
v 0.019246546551585194 -0.02925233170390129 -0.05045825615525246
v 0.018518066033720967 -0.027656039223074913 -0.05499524250626564
v 0.018518066033720967 -0.027656039223074913 -0.05499524250626564
v 0.019246546551585194 -0.02925233170390129 -0.05045825615525246
v 0.017815245315432545 -0.03103509545326233 -0.050119224935770035
v 0.018518066033720967 -0.027656039223074913 -0.05499524250626564
v 0.017815245315432545 -0.03103509545326233 -0.050119224935770035
v 0.016837326809763905 -0.02928522229194641 -0.05474591627717018
v 0.016837326809763905 -0.02928522229194641 -0.05474591627717018
v 0.017815245315432545 -0.03103509545326233 -0.050119224935770035
v 0.016238702461123463 -0.0326145701110363 -0.04981166496872902
v 0.016837326809763905 -0.02928522229194641 -0.05474591627717018
v 0.016238702461123463 -0.0326145701110363 -0.04981166496872902
v 0.015025792643427847 -0.03070894628763199 -0.05451667681336403
v 0.015025792643427847 -0.03070894628763199 -0.05451667681336403
v 0.016238702461123463 -0.0326145701110363 -0.04981166496872902
v 0.014527460560202597 -0.03398348018527031 -0.04953891411423683
v 0.015025792643427847 -0.03070894628763199 -0.05451667681336403
v 0.014527460560202597 -0.03398348018527031 -0.04953891411423683
v 0.013093603774905203 -0.03192818537354469 -0.054313186556100845
v 0.013093603774905203 -0.03192818537354469 -0.054313186556100845
v 0.014527460560202597 -0.03398348018527031 -0.04953891411423683
v 0.01268981210887432 -0.03514285013079643 -0.04930544272065163
v 0.013093603774905203 -0.03192818537354469 -0.054313186556100845
v 0.01268981210887432 -0.03514285013079643 -0.04930544272065163
v 0.011049894616007803 -0.03294551372528076 -0.054139140993356705
v 0.011049894616007803 -0.03294551372528076 -0.054139140993356705
v 0.01268981210887432 -0.03514285013079643 -0.04930544272065163
v 0.01073370687663555 -0.036096472293138504 -0.04911351576447487
v 0.011049894616007803 -0.03294551372528076 -0.054139140993356705
v 0.01073370687663555 -0.036096472293138504 -0.04911351576447487
v 0.008903888985514639 -0.03376453369855881 -0.05399591103196144
v 0.008903888985514639 -0.03376453369855881 -0.05399591103196144
v 0.01073370687663555 -0.036096472293138504 -0.04911351576447487
v 0.008667772635817526 -0.03685039281845093 -0.048962775617837906
v 0.008903888985514639 -0.03376453369855881 -0.05399591103196144
v 0.008667772635817526 -0.03685039281845093 -0.048962775617837906
v 0.0066657792776823035 -0.034390103071928024 -0.05388188734650612
v 0.0066657792776823035 -0.034390103071928024 -0.05388188734650612
v 0.008667772635817526 -0.03685039281845093 -0.048962775617837906
v 0.006372561678290366 -0.04063484072685242 -0.04355544224381447
v 0.0066657792776823035 -0.034390103071928024 -0.05388188734650612
v 0.006372561678290366 -0.04063484072685242 -0.04355544224381447
v 0.004347657784819602 -0.034828606992959976 -0.05379230156540871
v 0.004347657784819602 -0.034828606992959976 -0.05379230156540871
v 0.006372561678290366 -0.04063484072685242 -0.04355544224381447
v 0.004166444763541221 -0.04095882177352905 -0.04348236694931984
v 0.004347657784819602 -0.034828606992959976 -0.05379230156540871
v 0.004166444763541221 -0.04095882177352905 -0.04348236694931984
v 0.0019644405692815776 -0.03508821129798889 -0.053718630224466324
v 0.0019644405692815776 -0.03508821129798889 -0.053718630224466324
v 0.004166444763541221 -0.04095882177352905 -0.04348236694931984
v 1.1305345424261757e-06 -0.038089729845523834 -0.048657361418008804
v 0.0019644405692815776 -0.03508821129798889 -0.053718630224466324
v 1.1305345424261757e-06 -0.038089729845523834 -0.048657361418008804
v 1.1230839618292519e-06 -0.03517405316233635 -0.05366260185837746
v 0.005140220746397971 0.010898559354245663 -0.05513686314225197
v 0.004822669550776481 0.005765600595623255 -0.0527268685400486
v 0.007633401080965995 0.010458960197865963 -0.05523640289902687
v 0.007633401080965995 0.010458960197865963 -0.05523640289902687
v 0.004822669550776481 0.005765600595623255 -0.0527268685400486
v 0.007165005430579185 0.005408866796642542 -0.05278492346405983
v 0.007633401080965995 0.010458960197865963 -0.05523640289902687
v 0.007165005430579185 0.005408866796642542 -0.05278492346405983
v 0.010028405115008352 0.009744509123265743 -0.05530751124024391
v 0.010028405115008352 0.009744509123265743 -0.05530751124024391
v 0.007165005430579185 0.005408866796642542 -0.05278492346405983
v 0.009418508037924765 0.004802814219146967 -0.05279797688126564
v 0.010028405115008352 0.009744509123265743 -0.05530751124024391
v 0.009418508037924765 0.004802814219146967 -0.05279797688126564
v 0.012296421453356741 0.008755258284509182 -0.05533856526017189
v 0.012296421453356741 0.008755258284509182 -0.05533856526017189
v 0.009418508037924765 0.004802814219146967 -0.05279797688126564
v 0.011556571349501608 0.003938539419323206 -0.05275470390915871
v 0.012296421453356741 0.008755258284509182 -0.05533856526017189
v 0.011556571349501608 0.003938539419323206 -0.05275470390915871
v 0.01441272161900997 0.007497756276279688 -0.055322352796792984
v 0.01441272161900997 0.007497756276279688 -0.055322352796792984
v 0.011556571349501608 0.003938539419323206 -0.05275470390915871
v 0.013556180521845816 0.00281505542807281 -0.052648309618234634
v 0.01441272161900997 0.007497756276279688 -0.055322352796792984
v 0.013556180521845816 0.00281505542807281 -0.052648309618234634
v 0.016355587169528004 0.005983954761177301 -0.05525553598999977
v 0.016355587169528004 0.005983954761177301 -0.05525553598999977
v 0.013556180521845816 0.00281505542807281 -0.052648309618234634
v 0.015396965667605398 0.0014381359796971083 -0.052475932985544205
v 0.016355587169528004 0.005983954761177301 -0.05525553598999977
v 0.015396965667605398 0.0014381359796971083 -0.052475932985544205
v 0.018105251714587208 0.004230102989822626 -0.055137936025857925
v 0.018105251714587208 0.004230102989822626 -0.055137936025857925
v 0.015396965667605398 0.0014381359796971083 -0.052475932985544205
v 0.017060300335288044 -0.0001807187363738194 -0.052237991243600845
v 0.018105251714587208 0.004230102989822626 -0.055137936025857925
v 0.017060300335288044 -0.0001807187363738194 -0.052237991243600845
v 0.01964507810771465 0.002256116596981883 -0.05497169867157936
v 0.01964507810771465 0.002256116596981883 -0.05497169867157936
v 0.017060300335288044 -0.0001807187363738194 -0.052237991243600845
v 0.018530560657382008 -0.0020250764209777117 -0.0519375242292881
v 0.01964507810771465 0.002256116596981883 -0.05497169867157936
v 0.018530560657382008 -0.0020250764209777117 -0.0519375242292881
v 0.02096668444573879 8.636595885036513e-05 -0.05476057901978493
v 0.02096668444573879 8.636595885036513e-05 -0.05476057901978493
v 0.018530560657382008 -0.0020250764209777117 -0.0519375242292881
v 0.019800072535872456 -0.0040731667540967464 -0.051579419523477554
v 0.02096668444573879 8.636595885036513e-05 -0.05476057901978493
v 0.019800072535872456 -0.0040731667540967464 -0.051579419523477554
v 0.022064229473471638 -0.00225066882558167 -0.054509345442056656
v 0.022064229473471638 -0.00225066882558167 -0.054509345442056656
v 0.019800072535872456 -0.0040731667540967464 -0.051579419523477554
v 0.020863538607954975 -0.006298509892076254 -0.05116993561387062
v 0.022064229473471638 -0.00225066882558167 -0.054509345442056656
v 0.020863538607954975 -0.006298509892076254 -0.05116993561387062
v 0.02293295972049236 -0.004723237361758947 -0.05422324314713478
v 0.02293295972049236 -0.004723237361758947 -0.05422324314713478
v 0.020863538607954975 -0.006298509892076254 -0.05116993561387062
v 0.021716533228754994 -0.008670748211443424 -0.050716105848550797
v 0.02293295972049236 -0.004723237361758947 -0.05422324314713478
v 0.021716533228754994 -0.008670748211443424 -0.050716105848550797
v 0.02356941811740398 -0.007297003176063299 -0.05390733852982521
v 0.02356941811740398 -0.007297003176063299 -0.05390733852982521
v 0.021716533228754994 -0.008670748211443424 -0.050716105848550797
v 0.02235562168061733 -0.011156418360769749 -0.050225500017404556
v 0.02356941811740398 -0.007297003176063299 -0.05390733852982521
v 0.02235562168061733 -0.011156418360769749 -0.050225500017404556
v 0.023971615359187123 -0.009935812093317509 -0.053566399961709976
v 0.023971615359187123 -0.009935812093317509 -0.053566399961709976
v 0.02235562168061733 -0.011156418360769749 -0.050225500017404556
v 0.02277843467891216 -0.013719731010496616 -0.049705687910318375
v 0.023971615359187123 -0.009935812093317509 -0.053566399961709976
v 0.02277843467891216 -0.013719731010496616 -0.049705687910318375
v 0.02413925342261791 -0.012602404691278934 -0.053204361349344254
v 0.02413925342261791 -0.012602404691278934 -0.053204361349344254
v 0.02277843467891216 -0.013719731010496616 -0.049705687910318375
v 0.02298382483422756 -0.016323333606123924 -0.049163881689310074
v 0.02413925342261791 -0.012602404691278934 -0.053204361349344254
v 0.02298382483422756 -0.016323333606123924 -0.049163881689310074
v 0.024073896929621693 -0.015259125269949436 -0.05282396450638771
v 0.024073896929621693 -0.015259125269949436 -0.05282396450638771
v 0.02298382483422756 -0.016323333606123924 -0.049163881689310074
v 0.022971911355853077 -0.018929092213511467 -0.04860633984208107
v 0.024073896929621693 -0.015259125269949436 -0.05282396450638771
v 0.022971911355853077 -0.018929092213511467 -0.04860633984208107
v 0.023779934272170063 -0.01786997728049755 -0.052427712827920914
v 0.023779934272170063 -0.01786997728049755 -0.052427712827920914
v 0.022971911355853077 -0.018929092213511467 -0.04860633984208107
v 0.022744974121451374 -0.021500160917639732 -0.04803955927491188
v 0.023779934272170063 -0.01786997728049755 -0.052427712827920914
v 0.022744974121451374 -0.021500160917639732 -0.04803955927491188
v 0.02326608262956142 -0.02040422149002552 -0.052021805197000504
v 0.02326608262956142 -0.02040422149002552 -0.052021805197000504
v 0.022744974121451374 -0.021500160917639732 -0.04803955927491188
v 0.02230907045304775 -0.024004405364394188 -0.04747331514954567
v 0.02326608262956142 -0.02040422149002552 -0.052021805197000504
v 0.02230907045304775 -0.024004405364394188 -0.04747331514954567
v 0.02254325710237026 -0.02283388189971447 -0.051613930612802505
v 0.02254325710237026 -0.02283388189971447 -0.051613930612802505
v 0.02230907045304775 -0.024004405364394188 -0.04747331514954567
v 0.021672060713171955 -0.026411747559905052 -0.04691827669739723
v 0.02254325710237026 -0.02283388189971447 -0.051613930612802505
v 0.021672060713171955 -0.026411747559905052 -0.04691827669739723
v 0.02162368409335613 -0.025133298709988594 -0.05121219530701637
v 0.02162368409335613 -0.025133298709988594 -0.05121219530701637
v 0.021672060713171955 -0.026411747559905052 -0.04691827669739723
v 0.020842900499701496 -0.02869391441345215 -0.046384576708078384
v 0.02162368409335613 -0.025133298709988594 -0.05121219530701637
v 0.020842900499701496 -0.02869391441345215 -0.046384576708078384
v 0.020520357415080067 -0.02727947197854519 -0.05082458630204201
v 0.020520357415080067 -0.02727947197854519 -0.05082458630204201
v 0.020842900499701496 -0.02869391441345215 -0.046384576708078384
v 0.01983137987554073 -0.030824944376945496 -0.04588151350617409
v 0.020520357415080067 -0.02727947197854519 -0.05082458630204201
v 0.01983137987554073 -0.030824944376945496 -0.04588151350617409
v 0.019246546551585194 -0.02925233170390129 -0.05045825615525246
v 0.019246546551585194 -0.02925233170390129 -0.05045825615525246
v 0.01983137987554073 -0.030824944376945496 -0.04588151350617409
v 0.018647765740752217 -0.03278170898556709 -0.04541701450943947
v 0.019246546551585194 -0.02925233170390129 -0.05045825615525246
v 0.018647765740752217 -0.03278170898556709 -0.04541701450943947
v 0.017815245315432545 -0.03103509545326233 -0.050119224935770035
v 0.017815245315432545 -0.03103509545326233 -0.050119224935770035
v 0.018647765740752217 -0.03278170898556709 -0.04541701450943947
v 0.01730258576571941 -0.034544460475444794 -0.044997040182352066
v 0.017815245315432545 -0.03103509545326233 -0.050119224935770035
v 0.01730258576571941 -0.034544460475444794 -0.044997040182352066
v 0.016238702461123463 -0.0326145701110363 -0.04981166496872902
v 0.016238702461123463 -0.0326145701110363 -0.04981166496872902
v 0.01730258576571941 -0.034544460475444794 -0.044997040182352066
v 0.0158062782138586 -0.036097340285778046 -0.044625405222177505
v 0.016238702461123463 -0.0326145701110363 -0.04981166496872902
v 0.0158062782138586 -0.036097340285778046 -0.044625405222177505
v 0.014527460560202597 -0.03398348018527031 -0.04953891411423683
v 0.014527460560202597 -0.03398348018527031 -0.04953891411423683
v 0.0158062782138586 -0.036097340285778046 -0.044625405222177505
v 0.014168379828333853 -0.03743088245391846 -0.04430455341935158
v 0.014527460560202597 -0.03398348018527031 -0.04953891411423683
v 0.014168379828333853 -0.03743088245391846 -0.04430455341935158
v 0.01268981210887432 -0.03514285013079643 -0.04930544272065163
v 0.01268981210887432 -0.03514285013079643 -0.04930544272065163
v 0.014168379828333853 -0.03743088245391846 -0.04430455341935158
v 0.01239691488444805 -0.03854495286941528 -0.044037703424692154
v 0.01268981210887432 -0.03514285013079643 -0.04930544272065163
v 0.01239691488444805 -0.03854495286941528 -0.044037703424692154
v 0.01073370687663555 -0.036096472293138504 -0.04911351576447487
v 0.01073370687663555 -0.036096472293138504 -0.04911351576447487
v 0.01239691488444805 -0.03854495286941528 -0.044037703424692154
v 0.010500362142920492 -0.039443861693143845 -0.04382580891251564
v 0.01073370687663555 -0.036096472293138504 -0.04911351576447487
v 0.010500362142920492 -0.039443861693143845 -0.04382580891251564
v 0.008667772635817526 -0.03685039281845093 -0.048962775617837906
v 0.008667772635817526 -0.03685039281845093 -0.048962775617837906
v 0.010500362142920492 -0.039443861693143845 -0.04382580891251564
v 0.008488429710268973 -0.04013607278466225 -0.04366690292954445
v 0.008667772635817526 -0.03685039281845093 -0.048962775617837906
v 0.008488429710268973 -0.04013607278466225 -0.04366690292954445
v 0.006372561678290366 -0.04063484072685242 -0.04355544224381447
v 0.004822669550776481 0.005765600595623255 -0.0527268685400486
v 0.004685645923018455 0.003403364447876811 -0.05141473188996315
v 0.007165005430579185 0.005408866796642542 -0.05278492346405983
v 0.007165005430579185 0.005408866796642542 -0.05278492346405983
v 0.004685645923018455 0.003403364447876811 -0.05141473188996315
v 0.006962424144148826 0.00308193895034492 -0.051447395235300064
v 0.007165005430579185 0.005408866796642542 -0.05278492346405983
v 0.006962424144148826 0.00308193895034492 -0.051447395235300064
v 0.009418508037924765 0.004802814219146967 -0.05279797688126564
v 0.009418508037924765 0.004802814219146967 -0.05279797688126564
v 0.006962424144148826 0.00308193895034492 -0.051447395235300064
v 0.009154995903372763 0.002527008531615138 -0.051428381353616714
v 0.009418508037924765 0.004802814219146967 -0.05279797688126564
v 0.009154995903372763 0.002527008531615138 -0.051428381353616714
v 0.011556571349501608 0.003938539419323206 -0.05275470390915871
v 0.011556571349501608 0.003938539419323206 -0.05275470390915871
v 0.009154995903372763 0.002527008531615138 -0.051428381353616714
v 0.011238133534789084 0.0017239477019757032 -0.05134642496705055
v 0.011556571349501608 0.003938539419323206 -0.05275470390915871
v 0.011238133534789084 0.0017239477019757032 -0.05134642496705055
v 0.013556180521845816 0.00281505542807281 -0.052648309618234634
v 0.013556180521845816 0.00281505542807281 -0.052648309618234634
v 0.011238133534789084 0.0017239477019757032 -0.05134642496705055
v 0.013189805671572684 0.0006668816786259413 -0.051194969564676285
v 0.013556180521845816 0.00281505542807281 -0.052648309618234634
v 0.013189805671572684 0.0006668816786259413 -0.051194969564676285
v 0.015396965667605398 0.0014381359796971083 -0.052475932985544205
v 0.015396965667605398 0.0014381359796971083 -0.052475932985544205
v 0.013189805671572684 0.0006668816786259413 -0.051194969564676285
v 0.014990409836173056 -0.0006423380691558123 -0.050971273332834244
v 0.015396965667605398 0.0014381359796971083 -0.052475932985544205
v 0.014990409836173056 -0.0006423380691558123 -0.050971273332834244
v 0.017060300335288044 -0.0001807187363738194 -0.052237991243600845
v 0.017060300335288044 -0.0001807187363738194 -0.052237991243600845
v 0.014990409836173056 -0.0006423380691558123 -0.050971273332834244
v 0.01662197522819042 -0.002195206703618169 -0.05067581310868263
v 0.017060300335288044 -0.0001807187363738194 -0.052237991243600845
v 0.01662197522819042 -0.002195206703618169 -0.05067581310868263
v 0.018530560657382008 -0.0020250764209777117 -0.0519375242292881
v 0.018530560657382008 -0.0020250764209777117 -0.0519375242292881
v 0.01662197522819042 -0.002195206703618169 -0.05067581310868263
v 0.018069362267851826 -0.003977449145168066 -0.05031168833374977
v 0.018530560657382008 -0.0020250764209777117 -0.0519375242292881
v 0.018069362267851826 -0.003977449145168066 -0.05031168833374977
v 0.019800072535872456 -0.0040731667540967464 -0.051579419523477554
v 0.019800072535872456 -0.0040731667540967464 -0.051579419523477554
v 0.018069362267851826 -0.003977449145168066 -0.05031168833374977
v 0.019324598833918568 -0.005968937184661627 -0.04988420382142067
v 0.019800072535872456 -0.0040731667540967464 -0.051579419523477554
v 0.019324598833918568 -0.005968937184661627 -0.04988420382142067
v 0.020863538607954975 -0.006298509892076254 -0.05116993561387062
v 0.020863538607954975 -0.006298509892076254 -0.05116993561387062
v 0.019324598833918568 -0.005968937184661627 -0.04988420382142067
v 0.02038193307816982 -0.008144368417561054 -0.04940009489655495
v 0.020863538607954975 -0.006298509892076254 -0.05116993561387062
v 0.02038193307816982 -0.008144368417561054 -0.04940009489655495
v 0.021716533228754994 -0.008670748211443424 -0.050716105848550797
v 0.021716533228754994 -0.008670748211443424 -0.050716105848550797
v 0.02038193307816982 -0.008144368417561054 -0.04940009489655495
v 0.021236529573798176 -0.010474194772541523 -0.04886716976761818
v 0.021716533228754994 -0.008670748211443424 -0.050716105848550797
v 0.021236529573798176 -0.010474194772541523 -0.04886716976761818
v 0.02235562168061733 -0.011156418360769749 -0.050225500017404556
v 0.02235562168061733 -0.011156418360769749 -0.050225500017404556
v 0.021236529573798176 -0.010474194772541523 -0.04886716976761818
v 0.02188448421657085 -0.01292541716247797 -0.04829401150345802
v 0.02235562168061733 -0.011156418360769749 -0.050225500017404556
v 0.02188448421657085 -0.01292541716247797 -0.04829401150345802
v 0.02277843467891216 -0.013719731010496616 -0.049705687910318375
v 0.02277843467891216 -0.013719731010496616 -0.049705687910318375
v 0.02188448421657085 -0.01292541716247797 -0.04829401150345802
v 0.02232297323644161 -0.015462380833923817 -0.04768950119614601
v 0.02277843467891216 -0.013719731010496616 -0.049705687910318375
v 0.02232297323644161 -0.015462380833923817 -0.04768950119614601
v 0.02298382483422756 -0.016323333606123924 -0.049163881689310074
v 0.02298382483422756 -0.016323333606123924 -0.049163881689310074
v 0.02232297323644161 -0.015462380833923817 -0.04768950119614601
v 0.022550223395228382 -0.01804758422076702 -0.04706234112381935
v 0.02298382483422756 -0.016323333606123924 -0.049163881689310074
v 0.022550223395228382 -0.01804758422076702 -0.04706234112381935
v 0.022971911355853077 -0.018929092213511467 -0.04860633984208107
v 0.022971911355853077 -0.018929092213511467 -0.04860633984208107
v 0.022550223395228382 -0.01804758422076702 -0.04706234112381935
v 0.022565623745322224 -0.020642487332224846 -0.04642057791352272
v 0.022971911355853077 -0.018929092213511467 -0.04860633984208107
v 0.022565623745322224 -0.020642487332224846 -0.04642057791352272
v 0.022744974121451374 -0.021500160917639732 -0.04803955927491188
v 0.022744974121451374 -0.021500160917639732 -0.04803955927491188
v 0.022565623745322224 -0.020642487332224846 -0.04642057791352272
v 0.022370478138327595 -0.02320951409637928 -0.04577261582016945
v 0.022744974121451374 -0.021500160917639732 -0.04803955927491188
v 0.022370478138327595 -0.02320951409637928 -0.04577261582016945
v 0.02230907045304775 -0.024004405364394188 -0.04747331514954567
v 0.02230907045304775 -0.024004405364394188 -0.04747331514954567
v 0.022370478138327595 -0.02320951409637928 -0.04577261582016945
v 0.021969435736536976 -0.025715110823512077 -0.045129839330911636
v 0.02230907045304775 -0.024004405364394188 -0.04747331514954567
v 0.021969435736536976 -0.025715110823512077 -0.045129839330911636
v 0.021672060713171955 -0.026411747559905052 -0.04691827669739723
v 0.021672060713171955 -0.026411747559905052 -0.04691827669739723
v 0.021969435736536976 -0.025715110823512077 -0.045129839330911636
v 0.021173147484660145 -0.0297516081482172 -0.04205227270722389
v 0.021672060713171955 -0.026411747559905052 -0.04691827669739723
v 0.021173147484660145 -0.0297516081482172 -0.04205227270722389
v 0.020842900499701496 -0.02869391441345215 -0.046384576708078384
v 0.020842900499701496 -0.02869391441345215 -0.046384576708078384
v 0.021173147484660145 -0.0297516081482172 -0.04205227270722389
v 0.020408099517226216 -0.032059382647275925 -0.041393402963876724
v 0.020842900499701496 -0.02869391441345215 -0.046384576708078384
v 0.020408099517226216 -0.032059382647275925 -0.041393402963876724
v 0.01983137987554073 -0.030824944376945496 -0.04588151350617409
v 0.01983137987554073 -0.030824944376945496 -0.04588151350617409
v 0.020408099517226216 -0.032059382647275925 -0.041393402963876724
v 0.019456578418612477 -0.034214477986097336 -0.040778402239084244
v 0.01983137987554073 -0.030824944376945496 -0.04588151350617409
v 0.019456578418612477 -0.034214477986097336 -0.040778402239084244
v 0.018647765740752217 -0.03278170898556709 -0.04541701450943947
v 0.018647765740752217 -0.03278170898556709 -0.04541701450943947
v 0.019456578418612477 -0.034214477986097336 -0.040778402239084244
v 0.01832681708037853 -0.03618999943137169 -0.04021603241562843
v 0.018647765740752217 -0.03278170898556709 -0.04541701450943947
v 0.01832681708037853 -0.03618999943137169 -0.04021603241562843
v 0.01730258576571941 -0.034544460475444794 -0.044997040182352066
v 0.01730258576571941 -0.034544460475444794 -0.044997040182352066
v 0.01832681708037853 -0.03618999943137169 -0.04021603241562843
v 0.017027920112013813 -0.037962935864925385 -0.03971326723694801
v 0.01730258576571941 -0.034544460475444794 -0.044997040182352066
v 0.017027920112013813 -0.037962935864925385 -0.03971326723694801
v 0.0158062782138586 -0.036097340285778046 -0.044625405222177505
v 0.0158062782138586 -0.036097340285778046 -0.044625405222177505
v 0.017027920112013813 -0.037962935864925385 -0.03971326723694801
v 0.015569789335131643 -0.03951490670442581 -0.03927427902817726
v 0.0158062782138586 -0.036097340285778046 -0.044625405222177505
v 0.015569789335131643 -0.03951490670442581 -0.03927427902817726
v 0.014168379828333853 -0.03743088245391846 -0.04430455341935158
v 0.014168379828333853 -0.03743088245391846 -0.04430455341935158
v 0.015569789335131643 -0.03951490670442581 -0.03927427902817726
v 0.013962550088763235 -0.04083430767059326 -0.038901571184396744
v 0.014168379828333853 -0.03743088245391846 -0.04430455341935158
v 0.013962550088763235 -0.04083430767059326 -0.038901571184396744
v 0.01239691488444805 -0.03854495286941528 -0.044037703424692154
v 0.01239691488444805 -0.03854495286941528 -0.044037703424692154
v 0.013962550088763235 -0.04083430767059326 -0.038901571184396744
v 0.0122161116451025 -0.041918907314538956 -0.0385974682867527
v 0.01239691488444805 -0.03854495286941528 -0.044037703424692154
v 0.0122161116451025 -0.041918907314538956 -0.0385974682867527
v 0.010500362142920492 -0.039443861693143845 -0.04382580891251564
v 0.010500362142920492 -0.039443861693143845 -0.04382580891251564
v 0.0122161116451025 -0.041918907314538956 -0.0385974682867527
v 0.010341567918658255 -0.04277302324771881 -0.03836185112595558
v 0.010500362142920492 -0.039443861693143845 -0.04382580891251564
v 0.010341567918658255 -0.04277302324771881 -0.03836185112595558
v 0.008488429710268973 -0.04013607278466225 -0.04366690292954445
v 0.008488429710268973 -0.04013607278466225 -0.04366690292954445
v 0.010341567918658255 -0.04277302324771881 -0.03836185112595558
v 0.008351651951670645 -0.04340768977999687 -0.03819132223725319
v 0.008488429710268973 -0.04013607278466225 -0.04366690292954445
v 0.008351651951670645 -0.04340768977999687 -0.03819132223725319
v 0.006372561678290366 -0.04063484072685242 -0.04355544224381447
v 0.006372561678290366 -0.04063484072685242 -0.04355544224381447
v 0.008351651951670645 -0.04340768977999687 -0.03819132223725319
v 0.006260959431529044 -0.04384145513176918 -0.03807908669114113
v 0.006372561678290366 -0.04063484072685242 -0.04355544224381447
v 0.006260959431529044 -0.04384145513176918 -0.03807908669114113
v 0.004166444763541221 -0.04095882177352905 -0.04348236694931984
v 0.004166444763541221 -0.04095882177352905 -0.04348236694931984
v 0.006260959431529044 -0.04384145513176918 -0.03807908669114113
v 0.004086172208189963 -0.04410121217370033 -0.03801441565155983
v 0.004166444763541221 -0.04095882177352905 -0.04348236694931984
v 0.004086172208189963 -0.04410121217370033 -0.03801441565155983
v 1.1305345424261757e-06 -0.04230252280831337 -0.041462842375040054
v 1.1305345424261757e-06 -0.04230252280831337 -0.041462842375040054
v 0.004086172208189963 -0.04410121217370033 -0.03801441565155983
v 1.115633381232328e-06 -0.044251494109630585 -0.03796768561005592
v 0.004685645923018455 0.003403364447876811 -0.05141473188996315
v 0.0045703332871198646 0.0012545052450150251 -0.04999775066971779
v 0.006962424144148826 0.00308193895034492 -0.051447395235300064
v 0.006962424144148826 0.00308193895034492 -0.051447395235300064
v 0.0045703332871198646 0.0012545052450150251 -0.04999775066971779
v 0.0067916642874479285 0.0009652439039200544 -0.050000790506601334
v 0.006962424144148826 0.00308193895034492 -0.051447395235300064
v 0.0067916642874479285 0.0009652439039200544 -0.050000790506601334
v 0.009154995903372763 0.002527008531615138 -0.051428381353616714
v 0.009154995903372763 0.002527008531615138 -0.051428381353616714
v 0.0067916642874479285 0.0009652439039200544 -0.050000790506601334
v 0.008933296427130697 0.0004596065264195204 -0.04994726553559303
v 0.009154995903372763 0.002527008531615138 -0.051428381353616714
v 0.008933296427130697 0.0004596065264195204 -0.04994726553559303
v 0.011238133534789084 0.0017239477019757032 -0.05134642496705055
v 0.011238133534789084 0.0017239477019757032 -0.05134642496705055
v 0.008933296427130697 0.0004596065264195204 -0.04994726553559303
v 0.010971447452902792 -0.0002835479099303484 -0.04982614889740944
v 0.011238133534789084 0.0017239477019757032 -0.05134642496705055
v 0.010971447452902792 -0.0002835479099303484 -0.04982614889740944
v 0.013189805671572684 0.0006668816786259413 -0.051194969564676285
v 0.013189805671572684 0.0006668816786259413 -0.051194969564676285
v 0.010971447452902792 -0.0002835479099303484 -0.04982614889740944
v 0.01288509927690029 -0.0012755331117659807 -0.04963076487183571
v 0.013189805671572684 0.0006668816786259413 -0.051194969564676285
v 0.01288509927690029 -0.0012755331117659807 -0.04963076487183571
v 0.014990409836173056 -0.0006423380691558123 -0.050971273332834244
v 0.014990409836173056 -0.0006423380691558123 -0.050971273332834244
v 0.01288509927690029 -0.0012755331117659807 -0.04963076487183571
v 0.014655424281954764 -0.002518915804103017 -0.0493583120405674
v 0.014990409836173056 -0.0006423380691558123 -0.050971273332834244
v 0.014655424281954764 -0.002518915804103017 -0.0493583120405674
v 0.01662197522819042 -0.002195206703618169 -0.05067581310868263
v 0.01662197522819042 -0.002195206703618169 -0.05067581310868263
v 0.014655424281954764 -0.002518915804103017 -0.0493583120405674
v 0.01626518182456493 -0.004008585121482611 -0.049009088426828384
v 0.01662197522819042 -0.002195206703618169 -0.05067581310868263
v 0.01626518182456493 -0.004008585121482611 -0.049009088426828384
v 0.018069362267851826 -0.003977449145168066 -0.05031168833374977
v 0.018069362267851826 -0.003977449145168066 -0.05031168833374977
v 0.01626518182456493 -0.004008585121482611 -0.049009088426828384
v 0.01769967935979366 -0.005732701625674963 -0.04858625307679176
v 0.018069362267851826 -0.003977449145168066 -0.05031168833374977
v 0.01769967935979366 -0.005732701625674963 -0.04858625307679176
v 0.019324598833918568 -0.005968937184661627 -0.04988420382142067
v 0.019324598833918568 -0.005968937184661627 -0.04988420382142067
v 0.01769967935979366 -0.005732701625674963 -0.04858625307679176
v 0.01895010285079479 -0.0076729110442101955 -0.048095110803842545
v 0.019324598833918568 -0.005968937184661627 -0.04988420382142067
v 0.01895010285079479 -0.0076729110442101955 -0.048095110803842545
v 0.02038193307816982 -0.008144368417561054 -0.04940009489655495
v 0.02038193307816982 -0.008144368417561054 -0.04940009489655495
v 0.01895010285079479 -0.0076729110442101955 -0.048095110803842545
v 0.020009694620966908 -0.009805192239582539 -0.047542694956064224
v 0.02038193307816982 -0.008144368417561054 -0.04940009489655495
v 0.020009694620966908 -0.009805192239582539 -0.047542694956064224
v 0.021236529573798176 -0.010474194772541523 -0.04886716976761818
v 0.021236529573798176 -0.010474194772541523 -0.04886716976761818
v 0.020009694620966908 -0.009805192239582539 -0.047542694956064224
v 0.02087273262441158 -0.012100805528461933 -0.04693735018372536
v 0.021236529573798176 -0.010474194772541523 -0.04886716976761818
v 0.02087273262441158 -0.012100805528461933 -0.04693735018372536
v 0.02188448421657085 -0.01292541716247797 -0.04829401150345802
v 0.02188448421657085 -0.01292541716247797 -0.04829401150345802
v 0.02087273262441158 -0.012100805528461933 -0.04693735018372536
v 0.021534560248255726 -0.014527135528624058 -0.046288494020700455
v 0.02188448421657085 -0.01292541716247797 -0.04829401150345802
v 0.021534560248255726 -0.014527135528624058 -0.046288494020700455
v 0.02232297323644161 -0.015462380833923817 -0.04768950119614601
v 0.02232297323644161 -0.015462380833923817 -0.04768950119614601
v 0.021534560248255726 -0.014527135528624058 -0.046288494020700455
v 0.02199160866439342 -0.017048558220267296 -0.04560608044266701
v 0.02232297323644161 -0.015462380833923817 -0.04768950119614601
v 0.02199160866439342 -0.017048558220267296 -0.04560608044266701
v 0.022550223395228382 -0.01804758422076702 -0.04706234112381935
v 0.022550223395228382 -0.01804758422076702 -0.04706234112381935
v 0.02199160866439342 -0.017048558220267296 -0.04560608044266701
v 0.022241434082388874 -0.019627271220088005 -0.04490024223923683
v 0.022550223395228382 -0.01804758422076702 -0.04706234112381935
v 0.022241434082388874 -0.019627271220088005 -0.04490024223923683
v 0.022565623745322224 -0.020642487332224846 -0.04642057791352272
v 0.022565623745322224 -0.020642487332224846 -0.04642057791352272
v 0.022241434082388874 -0.019627271220088005 -0.04490024223923683
v 0.022282755002379414 -0.0222241822630167 -0.04418081417679787
v 0.022565623745322224 -0.020642487332224846 -0.04642057791352272
v 0.022282755002379414 -0.0222241822630167 -0.04418081417679787
v 0.022370478138327595 -0.02320951409637928 -0.04577261582016945
v 0.022370478138327595 -0.02320951409637928 -0.04577261582016945
v 0.022282755002379414 -0.0222241822630167 -0.04418081417679787
v 0.022116003558039662 -0.02480069361627102 -0.04345804825425148
v 0.022370478138327595 -0.02320951409637928 -0.04577261582016945
v 0.022116003558039662 -0.02480069361627102 -0.04345804825425148
v 0.021969435736536976 -0.025715110823512077 -0.045129839330911636
v 0.021969435736536976 -0.025715110823512077 -0.045129839330911636
v 0.022116003558039662 -0.02480069361627102 -0.04345804825425148
v 0.02174449525773525 -0.027321217581629753 -0.04274434223771095
v 0.021969435736536976 -0.025715110823512077 -0.045129839330911636
v 0.02174449525773525 -0.027321217581629753 -0.04274434223771095
v 0.021173147484660145 -0.0297516081482172 -0.04205227270722389
v 0.0054705124348402015 0.01615978591144085 -0.057455841451883316
v 0.002582764253020286 0.011070854030549526 -0.055025581270456314
v 0.005140220746397971 0.010898559354245663 -0.05513686314225197
v 0.005140220746397971 0.010898559354245663 -0.05513686314225197
v 0.002582764253020286 0.011070854030549526 -0.055025581270456314
v 0.002422546967864036 0.005890949163585901 -0.05264062061905861
v 0.005140220746397971 0.010898559354245663 -0.05513686314225197
v 0.002422546967864036 0.005890949163585901 -0.05264062061905861
v 0.004822669550776481 0.005765600595623255 -0.0527268685400486
v 0.004822669550776481 0.005765600595623255 -0.0527268685400486
v 0.002422546967864036 0.005890949163585901 -0.05264062061905861
v 0.002353889867663383 0.0035158011596649885 -0.05134714022278786
v 0.004822669550776481 0.005765600595623255 -0.0527268685400486
v 0.002353889867663383 0.0035158011596649885 -0.05134714022278786
v 0.004685645923018455 0.003403364447876811 -0.05141473188996315
v 0.004685645923018455 0.003403364447876811 -0.05141473188996315
v 0.002353889867663383 0.0035158011596649885 -0.05134714022278786
v 0.0022964533418416973 0.001359420595690608 -0.049954596906900406
v 0.004685645923018455 0.003403364447876811 -0.05141473188996315
v 0.0022964533418416973 0.001359420595690608 -0.049954596906900406
v 0.0045703332871198646 0.0012545052450150251 -0.04999775066971779
v 0.0045703332871198646 0.0012545052450150251 -0.04999775066971779
v 0.0022964533418416973 0.001359420595690608 -0.049954596906900406
v 0.0044812243431806556 -0.0006280888337641954 -0.04845571890473366
v 0.0045703332871198646 0.0012545052450150251 -0.04999775066971779
v 0.0044812243431806556 -0.0006280888337641954 -0.04845571890473366
v 0.0067916642874479285 0.0009652439039200544 -0.050000790506601334
v 0.0067916642874479285 0.0009652439039200544 -0.050000790506601334
v 0.0044812243431806556 -0.0006280888337641954 -0.04845571890473366
v 0.006659334525465964 -0.0008861769456416368 -0.048424068838357925
v 0.0067916642874479285 0.0009652439039200544 -0.050000790506601334
v 0.006659334525465964 -0.0008861769456416368 -0.048424068838357925
v 0.008933296427130697 0.0004596065264195204 -0.04994726553559303
v 0.008933296427130697 0.0004596065264195204 -0.04994726553559303
v 0.006659334525465964 -0.0008861769456416368 -0.048424068838357925
v 0.008762007579207419 -0.0013434749562293291 -0.04833335056900978
v 0.008933296427130697 0.0004596065264195204 -0.04994726553559303
v 0.008762007579207419 -0.0013434749562293291 -0.04833335056900978
v 0.010971447452902792 -0.0002835479099303484 -0.04982614889740944
v 0.010971447452902792 -0.0002835479099303484 -0.04982614889740944
v 0.008762007579207419 -0.0013434749562293291 -0.04833335056900978
v 0.010766966268420218 -0.002028030576184392 -0.04817265644669533
v 0.010971447452902792 -0.0002835479099303484 -0.04982614889740944
v 0.010766966268420218 -0.002028030576184392 -0.04817265644669533
v 0.01288509927690029 -0.0012755331117659807 -0.04963076487183571
v 0.01288509927690029 -0.0012755331117659807 -0.04963076487183571
v 0.010766966268420218 -0.002028030576184392 -0.04817265644669533
v 0.012654220685362814 -0.0029569428879767656 -0.04793507233262062
v 0.01288509927690029 -0.0012755331117659807 -0.04963076487183571
v 0.012654220685362814 -0.0029569428879767656 -0.04793507233262062
v 0.014655424281954764 -0.002518915804103017 -0.0493583120405674
v 0.014655424281954764 -0.002518915804103017 -0.0493583120405674
v 0.012654220685362814 -0.0029569428879767656 -0.04793507233262062
v 0.014405718073248861 -0.0041374764405190945 -0.04761731997132301
v 0.014655424281954764 -0.002518915804103017 -0.0493583120405674
v 0.014405718073248861 -0.0041374764405190945 -0.04761731997132301
v 0.01626518182456493 -0.004008585121482611 -0.049009088426828384
v 0.01626518182456493 -0.004008585121482611 -0.049009088426828384
v 0.014405718073248861 -0.0041374764405190945 -0.04761731997132301
v 0.01600500755012035 -0.005568196531385183 -0.04721957817673683
v 0.01626518182456493 -0.004008585121482611 -0.049009088426828384
v 0.01600500755012035 -0.005568196531385183 -0.04721957817673683
v 0.01769967935979366 -0.005732701625674963 -0.04858625307679176
v 0.01769967935979366 -0.005732701625674963 -0.04858625307679176
v 0.01600500755012035 -0.005568196531385183 -0.04721957817673683
v 0.017437776550650593 -0.007239857222884893 -0.04674446955323219
v 0.01769967935979366 -0.005732701625674963 -0.04858625307679176
v 0.017437776550650593 -0.007239857222884893 -0.04674446955323219
v 0.01895010285079479 -0.0076729110442101955 -0.048095110803842545
v 0.01895010285079479 -0.0076729110442101955 -0.048095110803842545
v 0.017437776550650593 -0.007239857222884893 -0.04674446955323219
v 0.018693765625357624 -0.009135992266237736 -0.046197060495615005
v 0.01895010285079479 -0.0076729110442101955 -0.048095110803842545
v 0.018693765625357624 -0.009135992266237736 -0.046197060495615005
v 0.020009694620966908 -0.009805192239582539 -0.047542694956064224
v 0.020009694620966908 -0.009805192239582539 -0.047542694956064224
v 0.018693765625357624 -0.009135992266237736 -0.046197060495615005
v 0.019764622673392292 -0.011233893223106861 -0.04558444395661354
v 0.020009694620966908 -0.009805192239582539 -0.047542694956064224
v 0.019764622673392292 -0.011233893223106861 -0.04558444395661354
v 0.02087273262441158 -0.012100805528461933 -0.04693735018372536
v 0.02087273262441158 -0.012100805528461933 -0.04693735018372536
v 0.019764622673392292 -0.011233893223106861 -0.04558444395661354
v 0.020643262192606922 -0.013505582697689533 -0.044915441423654556
v 0.02087273262441158 -0.012100805528461933 -0.04693735018372536
v 0.020643262192606922 -0.013505582697689533 -0.044915441423654556
v 0.021534560248255726 -0.014527135528624058 -0.046288494020700455
v 0.021534560248255726 -0.014527135528624058 -0.046288494020700455
v 0.020643262192606922 -0.013505582697689533 -0.044915441423654556
v 0.02132388018071651 -0.015918726101517677 -0.04419994726777077
v 0.021534560248255726 -0.014527135528624058 -0.046288494020700455
v 0.02132388018071651 -0.015918726101517677 -0.04419994726777077
v 0.02199160866439342 -0.017048558220267296 -0.04560608044266701
v 0.02199160866439342 -0.017048558220267296 -0.04560608044266701
v 0.02132388018071651 -0.015918726101517677 -0.04419994726777077
v 0.02180196903645992 -0.018437562510371208 -0.04344874992966652
v 0.02199160866439342 -0.017048558220267296 -0.04560608044266701
v 0.02180196903645992 -0.018437562510371208 -0.04344874992966652
v 0.022241434082388874 -0.019627271220088005 -0.04490024223923683
v 0.022241434082388874 -0.019627271220088005 -0.04490024223923683
v 0.02180196903645992 -0.018437562510371208 -0.04344874992966652
v 0.022074332460761067 -0.0210238266736269 -0.04267329350113869
v 0.022241434082388874 -0.019627271220088005 -0.04490024223923683
v 0.022074332460761067 -0.0210238266736269 -0.04267329350113869
v 0.022282755002379414 -0.0222241822630167 -0.04418081417679787
v 0.022282755002379414 -0.0222241822630167 -0.04418081417679787
v 0.022074332460761067 -0.0210238266736269 -0.04267329350113869
v 0.02213911525905132 -0.0236376766115427 -0.0418851412832737
v 0.022282755002379414 -0.0222241822630167 -0.04418081417679787
v 0.02213911525905132 -0.0236376766115427 -0.0418851412832737
v 0.022116003558039662 -0.02480069361627102 -0.04345804825425148
v 0.022116003558039662 -0.02480069361627102 -0.04345804825425148
v 0.02213911525905132 -0.0236376766115427 -0.0418851412832737
v 0.021996064111590382 -0.026239139959216118 -0.04109615460038185
v 0.022116003558039662 -0.02480069361627102 -0.04345804825425148
v 0.021996064111590382 -0.026239139959216118 -0.04109615460038185
v 0.02174449525773525 -0.027321217581629753 -0.04274434223771095
v 0.02174449525773525 -0.027321217581629753 -0.04274434223771095
v 0.021996064111590382 -0.026239139959216118 -0.04109615460038185
v 0.0216472502797842 -0.028789933770895004 -0.040319327265024185
v 0.02174449525773525 -0.027321217581629753 -0.04274434223771095
v 0.0216472502797842 -0.028789933770895004 -0.040319327265024185
v 0.021173147484660145 -0.0297516081482172 -0.04205227270722389
v 0.021173147484660145 -0.0297516081482172 -0.04205227270722389
v 0.0216472502797842 -0.028789933770895004 -0.040319327265024185
v 0.021096361801028248 -0.03125300630927086 -0.039567653089761734
v 0.021173147484660145 -0.0297516081482172 -0.04205227270722389
v 0.021096361801028248 -0.03125300630927086 -0.039567653089761734
v 0.020408099517226216 -0.032059382647275925 -0.041393402963876724
v 0.020408099517226216 -0.032059382647275925 -0.041393402963876724
v 0.021096361801028248 -0.03125300630927086 -0.039567653089761734
v 0.020348465070128437 -0.03359312191605568 -0.03885335102677345
v 0.020408099517226216 -0.032059382647275925 -0.041393402963876724
v 0.020348465070128437 -0.03359312191605568 -0.03885335102677345
v 0.019456578418612477 -0.034214477986097336 -0.040778402239084244
v 0.019456578418612477 -0.034214477986097336 -0.040778402239084244
v 0.020348465070128437 -0.03359312191605568 -0.03885335102677345
v 0.01940996758639812 -0.035777706652879715 -0.03818738833069801
v 0.019456578418612477 -0.034214477986097336 -0.040778402239084244
v 0.01940996758639812 -0.035777706652879715 -0.03818738833069801
v 0.01832681708037853 -0.03618999943137169 -0.04021603241562843
v 0.01832681708037853 -0.03618999943137169 -0.04021603241562843
v 0.01940996758639812 -0.035777706652879715 -0.03818738833069801
v 0.018288603052496907 -0.037777725607156754 -0.03757918253540993
v 0.01832681708037853 -0.03618999943137169 -0.04021603241562843
v 0.018288603052496907 -0.037777725607156754 -0.03757918253540993
v 0.017027920112013813 -0.037962935864925385 -0.03971326723694801
v 0.017027920112013813 -0.037962935864925385 -0.03971326723694801
v 0.018288603052496907 -0.037777725607156754 -0.03757918253540993
v 0.018339006230235096 -0.03925067558884621 -0.034929219633340836
v 0.017027920112013813 -0.037962935864925385 -0.03971326723694801
v 0.018339006230235096 -0.03925067558884621 -0.034929219633340836
v 0.017777515575289723 -0.04009049013257027 -0.0346607007086277
v 1.1454353625595102e-06 0.028766026720404625 -0.06785792112350464
v 1.1454353625595102e-06 0.028475245460867882 -0.06685703992843628
v 0.002929409965872764 0.0286294873803854 -0.06791478395462036
v 0.002929409965872764 0.0286294873803854 -0.06791478395462036
v 1.1454353625595102e-06 0.028475245460867882 -0.06685703992843628
v 0.0029704477638006206 0.027956074103713036 -0.06599360704421997
v 0.002929409965872764 0.0286294873803854 -0.06791478395462036
v 0.0029704477638006206 0.027956074103713036 -0.06599360704421997
v 0.0058256667107343665 0.028195587918162346 -0.06797945499420166
v 0.0058256667107343665 0.028195587918162346 -0.06797945499420166
v 0.0029704477638006206 0.027956074103713036 -0.06599360704421997
v 0.005904911085963248 0.027528924867510796 -0.06610071659088135
v 0.0058256667107343665 0.028195587918162346 -0.06797945499420166
v 0.005904911085963248 0.027528924867510796 -0.06610071659088135
v 0.008658764883875845 0.027469662949442863 -0.06804919242858887
v 0.008658764883875845 0.027469662949442863 -0.06804919242858887
v 0.005904911085963248 0.027528924867510796 -0.06610071659088135
v 0.008770322427153586 0.026797255501151085 -0.06621700525283813
v 0.008658764883875845 0.027469662949442863 -0.06804919242858887
v 0.008770322427153586 0.026797255501151085 -0.06621700525283813
v 0.011399252340197561 0.026461070403456688 -0.06812059879302979
v 0.011399252340197561 0.026461070403456688 -0.06812059879302979
v 0.008770322427153586 0.026797255501151085 -0.06621700525283813
v 0.011535307392477987 0.025771966204047203 -0.06633669137954712
v 0.011399252340197561 0.026461070403456688 -0.06812059879302979
v 0.011535307392477987 0.025771966204047203 -0.06633669137954712
v 0.014019487425684927 0.025181880220770836 -0.06819117069244385
v 0.014019487425684927 0.025181880220770836 -0.06819117069244385
v 0.011535307392477987 0.025771966204047203 -0.06633669137954712
v 0.014171091839671133 0.02446707896888256 -0.06645536422729492
v 0.014019487425684927 0.025181880220770836 -0.06819117069244385
v 0.014171091839671133 0.02446707896888256 -0.06645536422729492
v 0.016493609175086018 0.023646457120776176 -0.06825947761535645
v 0.016493609175086018 0.023646457120776176 -0.06825947761535645
v 0.014171091839671133 0.02446707896888256 -0.06645536422729492
v 0.01665135286748409 0.02289917878806591 -0.06657004356384277
v 0.016493609175086018 0.023646457120776176 -0.06825947761535645
v 0.01665135286748409 0.02289917878806591 -0.06657004356384277
v 0.018797574564814564 0.021871505305171013 -0.0683247447013855
v 0.018797574564814564 0.021871505305171013 -0.0683247447013855
v 0.01665135286748409 0.02289917878806591 -0.06657004356384277
v 0.018951995298266407 0.021087003871798515 -0.06667900085449219
v 0.018797574564814564 0.021871505305171013 -0.0683247447013855
v 0.018951995298266407 0.021087003871798515 -0.06667900085449219
v 0.020909128710627552 0.01987594924867153 -0.06838637590408325
v 0.020909128710627552 0.01987594924867153 -0.06838637590408325
v 0.018951995298266407 0.021087003871798515 -0.06667900085449219
v 0.021050928160548207 0.019051073119044304 -0.06678116321563721
v 0.020909128710627552 0.01987594924867153 -0.06838637590408325
v 0.021050928160548207 0.019051073119044304 -0.06678116321563721
v 0.02280796132981777 0.017680300399661064 -0.06844431161880493
v 0.02280796132981777 0.017680300399661064 -0.06844431161880493
v 0.021050928160548207 0.019051073119044304 -0.06678116321563721
v 0.022928109392523762 0.01681332103908062 -0.06687641143798828
v 0.02280796132981777 0.017680300399661064 -0.06844431161880493
v 0.022928109392523762 0.01681332103908062 -0.06687641143798828
v 0.02447588555514812 0.015306859277188778 -0.06849884986877441
v 0.02447588555514812 0.015306859277188778 -0.06849884986877441
v 0.022928109392523762 0.01681332103908062 -0.06687641143798828
v 0.0245660375803709 0.014397582970559597 -0.06696516275405884
v 0.02447588555514812 0.015306859277188778 -0.06849884986877441
v 0.0245660375803709 0.014397582970559597 -0.06696516275405884
v 0.02589691989123821 0.012780128978192806 -0.06855010986328125
v 0.02589691989123821 0.012780128978192806 -0.06855010986328125
v 0.0245660375803709 0.014397582970559597 -0.06696516275405884
v 0.02594952099025249 0.011829978786408901 -0.06704777479171753
v 0.02589691989123821 0.012780128978192806 -0.06855010986328125
v 0.02594952099025249 0.011829978786408901 -0.06704777479171753
v 0.027057496830821034 0.010126321576535702 -0.06859815120697021
v 0.027057496830821034 0.010126321576535702 -0.06859815120697021
v 0.02594952099025249 0.011829978786408901 -0.06704777479171753
v 0.02706583403050899 0.00913850124925375 -0.0671241283416748
v 0.027057496830821034 0.010126321576535702 -0.06859815120697021
v 0.02706583403050899 0.00913850124925375 -0.0671241283416748
v 0.027946738526225087 0.007372929248958826 -0.06864267587661743
v 0.027946738526225087 0.007372929248958826 -0.06864267587661743
v 0.02706583403050899 0.00913850124925375 -0.0671241283416748
v 0.02790502272546291 0.006352587137371302 -0.06719380617141724
v 0.027946738526225087 0.007372929248958826 -0.06864267587661743
v 0.02790502272546291 0.006352587137371302 -0.06719380617141724
v 0.02855664305388927 0.004548511002212763 -0.06868308782577515
v 0.02855664305388927 0.004548511002212763 -0.06868308782577515
v 0.02790502272546291 0.006352587137371302 -0.06719380617141724
v 0.028460187837481495 0.0035027924459427595 -0.06725585460662842
v 0.02855664305388927 0.004548511002212763 -0.06868308782577515
v 0.028460187837481495 0.0035027924459427595 -0.06725585460662842
v 0.028882270678877827 0.0016824703197926283 -0.0687183141708374
v 0.028882270678877827 0.0016824703197926283 -0.0687183141708374
v 0.028460187837481495 0.0035027924459427595 -0.06725585460662842
v 0.028727767989039418 0.0006204086821526289 -0.06730848550796509
v 0.028882270678877827 0.0016824703197926283 -0.0687183141708374
v 0.028727767989039418 0.0006204086821526289 -0.06730848550796509
v 0.028921945020556446 -0.0011953499633818865 -0.06874692440032959
v 0.028921945020556446 -0.0011953499633818865 -0.06874692440032959
v 0.028727767989039418 0.0006204086821526289 -0.06730848550796509
v 0.028707822784781453 -0.0022629473824054003 -0.06734931468963623
v 0.028921945020556446 -0.0011953499633818865 -0.06874692440032959
v 0.028707822784781453 -0.0022629473824054003 -0.06734931468963623
v 0.028404159471392628 -0.00511593883857131 -0.06737518310546875
v 1.1379847819625864e-06 0.026700472459197044 -0.06382900476455688
v 1.1379847819625864e-06 0.025321541354060173 -0.06242770329117775
v 0.0029851179569959636 0.026851771399378777 -0.06423157453536987
v 0.0029851179569959636 0.026851771399378777 -0.06423157453536987
v 1.1379847819625864e-06 0.025321541354060173 -0.06242770329117775
v 0.0029752682894468303 0.02534865401685238 -0.06261962652206421
v 0.0029851179569959636 0.026851771399378777 -0.06423157453536987
v 0.0029752682894468303 0.02534865401685238 -0.06261962652206421
v 0.0059325750917196265 0.02644273452460766 -0.06436306238174438
v 0.0059325750917196265 0.02644273452460766 -0.06436306238174438
v 0.0029752682894468303 0.02534865401685238 -0.06261962652206421
v 0.005912361666560172 0.024965336546301842 -0.06276208162307739
v 0.0059325750917196265 0.02644273452460766 -0.06436306238174438
v 0.005912361666560172 0.024965336546301842 -0.06276208162307739
v 0.00880683772265911 0.025721197947859764 -0.06450724601745605
v 0.00880683772265911 0.025721197947859764 -0.06450724601745605
v 0.005912361666560172 0.024965336546301842 -0.06276208162307739
v 0.008773831650614737 0.024266457185149193 -0.06291967630386353
v 0.00880683772265911 0.025721197947859764 -0.06450724601745605
v 0.008773831650614737 0.024266457185149193 -0.06291967630386353
v 0.011575004085898398 0.02469847910106182 -0.06465595960617065
v 0.011575004085898398 0.02469847910106182 -0.06465595960617065
v 0.008773831650614737 0.024266457185149193 -0.06291967630386353
v 0.011525643989443777 0.02326263301074505 -0.06308192014694214
v 0.011575004085898398 0.02469847910106182 -0.06465595960617065
v 0.011525643989443777 0.02326263301074505 -0.06308192014694214
v 0.014207510277628897 0.023389456793665886 -0.06480318307876587
v 0.014207510277628897 0.023389456793665886 -0.06480318307876587
v 0.011525643989443777 0.02326263301074505 -0.06308192014694214
v 0.014137705788016318 0.02196846716105938 -0.06324112415313721
v 0.014207510277628897 0.023389456793665886 -0.06480318307876587
v 0.014137705788016318 0.02196846716105938 -0.06324112415313721
v 0.01667775027453899 0.021811915561556816 -0.06494450569152832
v 0.01667775027453899 0.021811915561556816 -0.06494450569152832
v 0.014137705788016318 0.02196846716105938 -0.06324112415313721
v 0.01658329181373119 0.020401818677783012 -0.06339174509048462
v 0.01667775027453899 0.021811915561556816 -0.06494450569152832
v 0.01658329181373119 0.020401818677783012 -0.06339174509048462
v 0.01896167360246181 0.019985808059573174 -0.06507724523544312
v 0.01896167360246181 0.019985808059573174 -0.06507724523544312
v 0.01658329181373119 0.020401818677783012 -0.06339174509048462
v 0.018838478252291676 0.01858297549188137 -0.06353050470352173
v 0.01896167360246181 0.019985808059573174 -0.06507724523544312
v 0.018838478252291676 0.01858297549188137 -0.06353050470352173
v 0.021037375554442402 0.017932703718543053 -0.0652000904083252
v 0.021037375554442402 0.017932703718543053 -0.0652000904083252
v 0.018838478252291676 0.01858297549188137 -0.06353050470352173
v 0.020881576463580128 0.016534021124243736 -0.06365585327148438
v 0.021037375554442402 0.017932703718543053 -0.0652000904083252
v 0.020881576463580128 0.016534021124243736 -0.06365585327148438
v 0.022885134443640705 0.01567559503018856 -0.06531286239624023
v 0.022885134443640705 0.01567559503018856 -0.06531286239624023
v 0.020881576463580128 0.016534021124243736 -0.06365585327148438
v 0.022693207487463948 0.014278589747846127 -0.06376749277114868
v 0.022885134443640705 0.01567559503018856 -0.06531286239624023
v 0.022693207487463948 0.014278589747846127 -0.06376749277114868
v 0.024488350376486775 0.013239546678960323 -0.06541597843170166
v 0.024488350376486775 0.013239546678960323 -0.06541597843170166
v 0.022693207487463948 0.014278589747846127 -0.06376749277114868
v 0.02425788156688213 0.011842607520520687 -0.06386619806289673
v 0.024488350376486775 0.013239546678960323 -0.06541597843170166
v 0.02425788156688213 0.011842607520520687 -0.06386619806289673
v 0.025832837447524067 0.010652019642293453 -0.06551003456115723
v 0.025832837447524067 0.010652019642293453 -0.06551003456115723
v 0.02425788156688213 0.011842607520520687 -0.06386619806289673
v 0.025562597438693043 0.00925458874553442 -0.06395262479782104
v 0.025832837447524067 0.010652019642293453 -0.06551003456115723
v 0.025562597438693043 0.00925458874553442 -0.06395262479782104
v 0.02690685354173183 0.007942496798932552 -0.06559503078460693
v 0.02690685354173183 0.007942496798932552 -0.06559503078460693
v 0.025562597438693043 0.00925458874553442 -0.06395262479782104
v 0.026596670970320698 0.006545221898704767 -0.06402724981307983
v 0.02690685354173183 0.007942496798932552 -0.06559503078460693
v 0.026596670970320698 0.006545221898704767 -0.06402724981307983
v 0.027701413258910176 0.0051420615054667 -0.06567054986953735
v 0.027701413258910176 0.0051420615054667 -0.06567054986953735
v 0.026596670970320698 0.006545221898704767 -0.06402724981307983
v 0.027352107688784596 0.0037469181697815657 -0.06408965587615967
v 0.027701413258910176 0.0051420615054667 -0.06567054986953735
v 0.027352107688784596 0.0037469181697815657 -0.06408965587615967
v 0.02821063064038753 0.0022829424124211073 -0.0657353401184082
v 0.02821063064038753 0.0022829424124211073 -0.0657353401184082
v 0.027352107688784596 0.0037469181697815657 -0.06408965587615967
v 0.027823952957987782 0.0008932899218052626 -0.06413877010345459
v 0.02821063064038753 0.0022829424124211073 -0.0657353401184082
v 0.027823952957987782 0.0008932899218052626 -0.06413877010345459
v 0.028010686859488484 -0.0019814271945506334 -0.06417250633239746
v 1.1454353625595102e-06 0.023494964465498924 -0.061010781675577164
v 1.152885943156434e-06 0.021102463826537132 -0.059541765600442886
v 0.00294339470565319 0.023492788895964622 -0.061143938452005386
v 0.00294339470565319 0.023492788895964622 -0.061143938452005386
v 1.152885943156434e-06 0.021102463826537132 -0.059541765600442886
v 0.0028927158564329143 0.02134030871093273 -0.05978596583008766
v 0.00294339470565319 0.023492788895964622 -0.061143938452005386
v 0.0028927158564329143 0.02134030871093273 -0.05978596583008766
v 0.005849277600646018 0.02314065955579281 -0.06128842011094093
v 0.005849277600646018 0.02314065955579281 -0.06128842011094093
v 0.0028927158564329143 0.02134030871093273 -0.05978596583008766
v 0.005749596282839774 0.021023286506533623 -0.05992716923356056
v 0.005849277600646018 0.02314065955579281 -0.06128842011094093
v 0.005749596282839774 0.021023286506533623 -0.05992716923356056
v 0.008678747341036795 0.022474227473139763 -0.06144881621003151
v 0.008678747341036795 0.022474227473139763 -0.06144881621003151
v 0.005749596282839774 0.021023286506533623 -0.05992716923356056
v 0.0085307490080595 0.020396677777171135 -0.06008279696106911
v 0.008678747341036795 0.022474227473139763 -0.06144881621003151
v 0.0085307490080595 0.020396677777171135 -0.06008279696106911
v 0.011396965011954306 0.021502507850527763 -0.061612311750650406
v 0.011396965011954306 0.021502507850527763 -0.061612311750650406
v 0.0085307490080595 0.020396677777171135 -0.06008279696106911
v 0.01120086573064327 0.019467128440737724 -0.060238245874643326
v 0.011396965011954306 0.021502507850527763 -0.061612311750650406
v 0.01120086573064327 0.019467128440737724 -0.060238245874643326
v 0.013973554596304892 0.020238859578967094 -0.06176984682679176
v 0.013973554596304892 0.020238859578967094 -0.06176984682679176
v 0.01120086573064327 0.019467128440737724 -0.060238245874643326
v 0.013729451224207876 0.018246112391352654 -0.06038326397538185
v 0.013973554596304892 0.020238859578967094 -0.06176984682679176
v 0.013729451224207876 0.018246112391352654 -0.06038326397538185
v 0.016381813213229176 0.018700307235121727 -0.06191510334610939
v 0.016381813213229176 0.018700307235121727 -0.06191510334610939
v 0.013729451224207876 0.018246112391352654 -0.06038326397538185
v 0.016089966520667073 0.016749223694205284 -0.06051099672913551
v 0.016381813213229176 0.018700307235121727 -0.06191510334610939
v 0.016089966520667073 0.016749223694205284 -0.06051099672913551
v 0.018598018214106556 0.01690676622092724 -0.06204432621598244
v 0.018598018214106556 0.01690676622092724 -0.06204432621598244
v 0.016089966520667073 0.016749223694205284 -0.06051099672913551
v 0.018258942291140553 0.014995462261140347 -0.06061756983399391
v 0.018598018214106556 0.01690676622092724 -0.06204432621598244
v 0.018258942291140553 0.014995462261140347 -0.06061756983399391
v 0.020600682124495503 0.014880320988595486 -0.06215584650635719
v 0.020600682124495503 0.014880320988595486 -0.06215584650635719
v 0.018258942291140553 0.014995462261140347 -0.06061756983399391
v 0.02021512202918529 0.013006462715566158 -0.060701314359903336
v 0.020600682124495503 0.014880320988595486 -0.06215584650635719
v 0.02021512202918529 0.013006462715566158 -0.060701314359903336
v 0.022370820865035054 0.01264482643455267 -0.06224954500794411
v 0.022370820865035054 0.01264482643455267 -0.06224954500794411
v 0.02021512202918529 0.013006462715566158 -0.060701314359903336
v 0.021939968690276142 0.010805918835103512 -0.06076228991150856
v 0.022370820865035054 0.01264482643455267 -0.06224954500794411
v 0.021939968690276142 0.010805918835103512 -0.06076228991150856
v 0.023894218727946278 0.010226710699498653 -0.06232643499970436
v 0.023894218727946278 0.010226710699498653 -0.06232643499970436
v 0.021939968690276142 0.010805918835103512 -0.06076228991150856
v 0.023420570418238636 0.00842039193958044 -0.060802046209573746
v 0.023894218727946278 0.010226710699498653 -0.06232643499970436
v 0.023420570418238636 0.00842039193958044 -0.060802046209573746
v 0.025159148499369618 0.007655224297195673 -0.06238770857453346
v 0.025159148499369618 0.007655224297195673 -0.06238770857453346
v 0.023420570418238636 0.00842039193958044 -0.060802046209573746
v 0.02464657090604305 0.005879594478756189 -0.0608222521841526
v 0.025159148499369618 0.007655224297195673 -0.06238770857453346
v 0.02464657090604305 0.005879594478756189 -0.0608222521841526
v 0.026156065985560414 0.004961988423019648 -0.062433961778879166
v 0.026156065985560414 0.004961988423019648 -0.062433961778879166
v 0.02464657090604305 0.005879594478756189 -0.0608222521841526
v 0.025609558448195454 0.003215758828446269 -0.06082409992814064
v 0.026156065985560414 0.004961988423019648 -0.062433961778879166
v 0.025609558448195454 0.003215758828446269 -0.06082409992814064
v 0.02630345337092876 0.00046299281530082226 -0.06080848351120949
v 0.017625255510210987 -0.02312283031642437 -0.0685914158821106
v 0.015336109325289725 -0.024710042402148247 -0.0685473084449768
v 0.014589911326766012 -0.025063252076506615 -0.06999999284744263
v 0.014589911326766012 -0.025063252076506615 -0.06999999284744263
v 0.015336109325289725 -0.024710042402148247 -0.0685473084449768
v 0.012142254039645193 -0.026336153969168663 -0.06999999284744263
v 0.012142254039645193 -0.026336153969168663 -0.06999999284744263
v 0.015336109325289725 -0.024710042402148247 -0.0685473084449768
v 0.012908389791846274 -0.026067880913615227 -0.0685046911239624
v 0.012142254039645193 -0.026336153969168663 -0.06999999284744263
v 0.012908389791846274 -0.026067880913615227 -0.0685046911239624
v 0.011871157214045523 -0.02645944617688656 -0.06999999284744263
v 0.011871157214045523 -0.02645944617688656 -0.06999999284744263
v 0.012908389791846274 -0.026067880913615227 -0.0685046911239624
v 0.010363398119807242 -0.027185602113604546 -0.06846445798873901
v 0.011871157214045523 -0.02645944617688656 -0.06999999284744263
v 0.010363398119807242 -0.027185602113604546 -0.06846445798873901
v 0.009020527824759482 -0.027561770752072334 -0.06999999284744263
v 0.009020527824759482 -0.027561770752072334 -0.06999999284744263
v 0.010363398119807242 -0.027185602113604546 -0.06846445798873901
v 0.007723284885287284 -0.028054242953658104 -0.0684274435043335
v 0.009020527824759482 -0.027561770752072334 -0.06999999284744263
v 0.007723284885287284 -0.028054242953658104 -0.0684274435043335
v 0.0060694124549627295 -0.028357988223433495 -0.06999999284744263
v 0.0060694124549627295 -0.028357988223433495 -0.06999999284744263
v 0.007723284885287284 -0.028054242953658104 -0.0684274435043335
v 0.005011213943362235 -0.028666643425822258 -0.06839358806610107
v 0.0060694124549627295 -0.028357988223433495 -0.06999999284744263
v 0.005011213943362235 -0.028666643425822258 -0.06839358806610107
v 0.003051480278372764 -0.028839116916060448 -0.06999999284744263
v 0.003051480278372764 -0.028839116916060448 -0.06999999284744263
v 0.005011213943362235 -0.028666643425822258 -0.06839358806610107
v 0.002251474186778068 -0.029017481952905655 -0.068362295627594
v 0.003051480278372764 -0.028839116916060448 -0.06999999284744263
v 0.002251474186778068 -0.029017481952905655 -0.068362295627594
v 1.1230838481424141e-06 -0.029107585549354553 -0.06833785772323608
v 0.019513232633471485 -0.021454090252518654 -0.06999999284744263
v 0.019755287095904347 -0.021318690851330757 -0.06863546371459961
v 0.017504250630736348 -0.023122301325201988 -0.06999999284744263
v 0.017504250630736348 -0.023122301325201988 -0.06999999284744263
v 0.019755287095904347 -0.021318690851330757 -0.06863546371459961
v 0.017625255510210987 -0.02312283031642437 -0.0685914158821106
v 0.017504250630736348 -0.023122301325201988 -0.06999999284744263
v 0.017625255510210987 -0.02312283031642437 -0.0685914158821106
v 0.01714680157601833 -0.023388581350445747 -0.06999999284744263
v 0.01714680157601833 -0.023388581350445747 -0.06999999284744263
v 0.017625255510210987 -0.02312283031642437 -0.0685914158821106
v 0.014589911326766012 -0.025063252076506615 -0.06999999284744263
v 1.130534428739338e-06 -0.02950447052717209 -0.06624108552932739
v 1.1230838481424141e-06 -0.029107585549354553 -0.06833785772323608
v 0.0021931435912847515 -0.02933684177696705 -0.06660091876983643
v 0.0021931435912847515 -0.02933684177696705 -0.06660091876983643
v 1.1230838481424141e-06 -0.029107585549354553 -0.06833785772323608
v 0.002251474186778068 -0.029017481952905655 -0.068362295627594
v 0.0021931435912847515 -0.02933684177696705 -0.06660091876983643
v 0.002251474186778068 -0.029017481952905655 -0.068362295627594
v 0.004879979416728019 -0.028999604284763336 -0.06665366888046265
v 0.004879979416728019 -0.028999604284763336 -0.06665366888046265
v 0.002251474186778068 -0.029017481952905655 -0.068362295627594
v 0.005011213943362235 -0.028666643425822258 -0.06839358806610107
v 0.004879979416728019 -0.028999604284763336 -0.06665366888046265
v 0.005011213943362235 -0.028666643425822258 -0.06839358806610107
v 0.007520018145442008 -0.02841666154563427 -0.06671136617660522
v 0.007520018145442008 -0.02841666154563427 -0.06671136617660522
v 0.005011213943362235 -0.028666643425822258 -0.06839358806610107
v 0.007723284885287284 -0.028054242953658104 -0.0684274435043335
v 0.007520018145442008 -0.02841666154563427 -0.06671136617660522
v 0.007723284885287284 -0.028054242953658104 -0.0684274435043335
v 0.010091466829180716 -0.027592016384005547 -0.06677567958831787
v 0.010091466829180716 -0.027592016384005547 -0.06677567958831787
v 0.007723284885287284 -0.028054242953658104 -0.0684274435043335
v 0.010363398119807242 -0.027185602113604546 -0.06846445798873901
v 0.010091466829180716 -0.027592016384005547 -0.06677567958831787
v 0.010363398119807242 -0.027185602113604546 -0.06846445798873901
v 0.012574007734656332 -0.02653096802532673 -0.06684678792953491
v 0.012574007734656332 -0.02653096802532673 -0.06684678792953491
v 0.010363398119807242 -0.027185602113604546 -0.06846445798873901
v 0.012908389791846274 -0.026067880913615227 -0.0685046911239624
v 0.012574007734656332 -0.02653096802532673 -0.06684678792953491
v 0.012908389791846274 -0.026067880913615227 -0.0685046911239624
v 0.01494835130870342 -0.025240076705813408 -0.06692367792129517
v 0.01494835130870342 -0.025240076705813408 -0.06692367792129517
v 0.012908389791846274 -0.026067880913615227 -0.0685046911239624
v 0.015336109325289725 -0.024710042402148247 -0.0685473084449768
v 0.01494835130870342 -0.025240076705813408 -0.06692367792129517
v 0.015336109325289725 -0.024710042402148247 -0.0685473084449768
v 0.01719584874808788 -0.02372715435922146 -0.0670045018196106
v 0.01719584874808788 -0.02372715435922146 -0.0670045018196106
v 0.015336109325289725 -0.024710042402148247 -0.0685473084449768
v 0.017625255510210987 -0.02312283031642437 -0.0685914158821106
v 0.01719584874808788 -0.02372715435922146 -0.0670045018196106
v 0.017625255510210987 -0.02312283031642437 -0.0685914158821106
v 0.019298015162348744 -0.022001167759299278 -0.06708645820617676
v 0.019298015162348744 -0.022001167759299278 -0.06708645820617676
v 0.017625255510210987 -0.02312283031642437 -0.0685914158821106
v 0.019755287095904347 -0.021318690851330757 -0.06863546371459961
v 0.019298015162348744 -0.022001167759299278 -0.06708645820617676
v 0.019755287095904347 -0.021318690851330757 -0.06863546371459961
v 0.02123620174825191 -0.020072149112820625 -0.06716567277908325
v 0.02123620174825191 -0.020072149112820625 -0.06716567277908325
v 0.019755287095904347 -0.021318690851330757 -0.06863546371459961
v 0.019513232633471485 -0.021454090252518654 -0.06999999284744263
v 0.019513232633471485 -0.021454090252518654 -0.06999999284744263
v 0.021662754938006398 -0.019281426444649696 -0.06999993324279785
v 0.02123620174825191 -0.020072149112820625 -0.06716567277908325
v 0.02123620174825191 -0.020072149112820625 -0.06716567277908325
v 0.021662754938006398 -0.019281426444649696 -0.06999993324279785
v 0.02205288968980312 -0.018833989277482033 -0.06999993324279785
v 0.02123620174825191 -0.020072149112820625 -0.06716567277908325
v 0.02205288968980312 -0.018833989277482033 -0.06999993324279785
v 0.022991722449660298 -0.017952246591448784 -0.06723743677139282
v 0.022991722449660298 -0.017952246591448784 -0.06723743677139282
v 0.02205288968980312 -0.018833989277482033 -0.06999993324279785
v 0.023571809753775593 -0.016894465312361717 -0.06999999284744263
v 0.022991722449660298 -0.017952246591448784 -0.06723743677139282
v 0.023571809753775593 -0.016894465312361717 -0.06999999284744263
v 0.02454591356217861 -0.015656637027859688 -0.06729793548583984
v 0.023571809753775593 -0.016894465312361717 -0.06999999284744263
v 0.0252190139144659 -0.014319856651127338 -0.0700000524520874
v 0.02454591356217861 -0.015656637027859688 -0.06729793548583984
v 0.02454591356217861 -0.015656637027859688 -0.06729793548583984
v 0.0252190139144659 -0.014319856651127338 -0.0700000524520874
v 0.02557684294879436 -0.01367050502449274 -0.06999999284744263
v 0.02454591356217861 -0.015656637027859688 -0.06729793548583984
v 0.02557684294879436 -0.01367050502449274 -0.06999999284744263
v 0.02588056586682796 -0.013203305192291737 -0.06734395027160645
v 0.02588056586682796 -0.013203305192291737 -0.06734395027160645
v 0.02557684294879436 -0.01367050502449274 -0.06999999284744263
v 0.02658606134355068 -0.011586242355406284 -0.06999999284744263
v 0.02588056586682796 -0.013203305192291737 -0.06734395027160645
v 0.02658606134355068 -0.011586242355406284 -0.06999999284744263
v 0.02765782736241817 -0.00872389692813158 -0.06999993324279785
v 1.1379847819625864e-06 0.025321541354060173 -0.06242770329117775
v 1.1454353625595102e-06 0.023494964465498924 -0.061010781675577164
v 0.0029752682894468303 0.02534865401685238 -0.06261962652206421
v 0.0029752682894468303 0.02534865401685238 -0.06261962652206421
v 1.1454353625595102e-06 0.023494964465498924 -0.061010781675577164
v 0.00294339470565319 0.023492788895964622 -0.061143938452005386
v 0.0029752682894468303 0.02534865401685238 -0.06261962652206421
v 0.00294339470565319 0.023492788895964622 -0.061143938452005386
v 0.005912361666560172 0.024965336546301842 -0.06276208162307739
v 0.005912361666560172 0.024965336546301842 -0.06276208162307739
v 0.00294339470565319 0.023492788895964622 -0.061143938452005386
v 0.005849277600646018 0.02314065955579281 -0.06128842011094093
v 0.005912361666560172 0.024965336546301842 -0.06276208162307739
v 0.005849277600646018 0.02314065955579281 -0.06128842011094093
v 0.008773831650614737 0.024266457185149193 -0.06291967630386353
v 0.008773831650614737 0.024266457185149193 -0.06291967630386353
v 0.005849277600646018 0.02314065955579281 -0.06128842011094093
v 0.008678747341036795 0.022474227473139763 -0.06144881621003151
v 0.008773831650614737 0.024266457185149193 -0.06291967630386353
v 0.008678747341036795 0.022474227473139763 -0.06144881621003151
v 0.011525643989443777 0.02326263301074505 -0.06308192014694214
v 0.011525643989443777 0.02326263301074505 -0.06308192014694214
v 0.008678747341036795 0.022474227473139763 -0.06144881621003151
v 0.011396965011954306 0.021502507850527763 -0.061612311750650406
v 0.011525643989443777 0.02326263301074505 -0.06308192014694214
v 0.011396965011954306 0.021502507850527763 -0.061612311750650406
v 0.014137705788016318 0.02196846716105938 -0.06324112415313721
v 0.014137705788016318 0.02196846716105938 -0.06324112415313721
v 0.011396965011954306 0.021502507850527763 -0.061612311750650406
v 0.013973554596304892 0.020238859578967094 -0.06176984682679176
v 0.014137705788016318 0.02196846716105938 -0.06324112415313721
v 0.013973554596304892 0.020238859578967094 -0.06176984682679176
v 0.01658329181373119 0.020401818677783012 -0.06339174509048462
v 0.01658329181373119 0.020401818677783012 -0.06339174509048462
v 0.013973554596304892 0.020238859578967094 -0.06176984682679176
v 0.016381813213229176 0.018700307235121727 -0.06191510334610939
v 0.01658329181373119 0.020401818677783012 -0.06339174509048462
v 0.016381813213229176 0.018700307235121727 -0.06191510334610939
v 0.018838478252291676 0.01858297549188137 -0.06353050470352173
v 0.018838478252291676 0.01858297549188137 -0.06353050470352173
v 0.016381813213229176 0.018700307235121727 -0.06191510334610939
v 0.018598018214106556 0.01690676622092724 -0.06204432621598244
v 0.018838478252291676 0.01858297549188137 -0.06353050470352173
v 0.018598018214106556 0.01690676622092724 -0.06204432621598244
v 0.020881576463580128 0.016534021124243736 -0.06365585327148438
v 0.020881576463580128 0.016534021124243736 -0.06365585327148438
v 0.018598018214106556 0.01690676622092724 -0.06204432621598244
v 0.020600682124495503 0.014880320988595486 -0.06215584650635719
v 0.020881576463580128 0.016534021124243736 -0.06365585327148438
v 0.020600682124495503 0.014880320988595486 -0.06215584650635719
v 0.022693207487463948 0.014278589747846127 -0.06376749277114868
v 0.022693207487463948 0.014278589747846127 -0.06376749277114868
v 0.020600682124495503 0.014880320988595486 -0.06215584650635719
v 0.022370820865035054 0.01264482643455267 -0.06224954500794411
v 0.022693207487463948 0.014278589747846127 -0.06376749277114868
v 0.022370820865035054 0.01264482643455267 -0.06224954500794411
v 0.02425788156688213 0.011842607520520687 -0.06386619806289673
v 0.02425788156688213 0.011842607520520687 -0.06386619806289673
v 0.022370820865035054 0.01264482643455267 -0.06224954500794411
v 0.023894218727946278 0.010226710699498653 -0.06232643499970436
v 0.02425788156688213 0.011842607520520687 -0.06386619806289673
v 0.023894218727946278 0.010226710699498653 -0.06232643499970436
v 0.025562597438693043 0.00925458874553442 -0.06395262479782104
v 0.025562597438693043 0.00925458874553442 -0.06395262479782104
v 0.023894218727946278 0.010226710699498653 -0.06232643499970436
v 0.025159148499369618 0.007655224297195673 -0.06238770857453346
v 0.025562597438693043 0.00925458874553442 -0.06395262479782104
v 0.025159148499369618 0.007655224297195673 -0.06238770857453346
v 0.026596670970320698 0.006545221898704767 -0.06402724981307983
v 0.026596670970320698 0.006545221898704767 -0.06402724981307983
v 0.025159148499369618 0.007655224297195673 -0.06238770857453346
v 0.026156065985560414 0.004961988423019648 -0.062433961778879166
v 0.026596670970320698 0.006545221898704767 -0.06402724981307983
v 0.026156065985560414 0.004961988423019648 -0.062433961778879166
v 0.027352107688784596 0.0037469181697815657 -0.06408965587615967
v 0.027352107688784596 0.0037469181697815657 -0.06408965587615967
v 0.026156065985560414 0.004961988423019648 -0.062433961778879166
v 0.02630345337092876 0.00046299281530082226 -0.06080848351120949
v 0.027352107688784596 0.0037469181697815657 -0.06408965587615967
v 0.02630345337092876 0.00046299281530082226 -0.06080848351120949
v 0.027823952957987782 0.0008932899218052626 -0.06413877010345459
v 0.027823952957987782 0.0008932899218052626 -0.06413877010345459
v 0.02630345337092876 0.00046299281530082226 -0.06080848351120949
v 0.02672486566007137 -0.0023432609159499407 -0.06077534332871437
v 0.027823952957987782 0.0008932899218052626 -0.06413877010345459
v 0.02672486566007137 -0.0023432609159499407 -0.06077534332871437
v 0.028010686859488484 -0.0019814271945506334 -0.06417250633239746
v 0.028010686859488484 -0.0019814271945506334 -0.06417250633239746
v 0.02672486566007137 -0.0023432609159499407 -0.06077534332871437
v 0.02687343023717403 -0.005166871007531881 -0.060723427683115005
v 0.028010686859488484 -0.0019814271945506334 -0.06417250633239746
v 0.02687343023717403 -0.005166871007531881 -0.060723427683115005
v 0.027914559468626973 -0.004842837806791067 -0.06418752670288086
v 0.027914559468626973 -0.004842837806791067 -0.06418752670288086
v 0.02687343023717403 -0.005166871007531881 -0.060723427683115005
v 0.0267521645873785 -0.007971600629389286 -0.060650233179330826
v 0.027914559468626973 -0.004842837806791067 -0.06418752670288086
v 0.0267521645873785 -0.007971600629389286 -0.060650233179330826
v 0.027542015537619587 -0.007657242473214865 -0.06417953968048096
v 0.027542015537619587 -0.007657242473214865 -0.06417953968048096
v 0.0267521645873785 -0.007971600629389286 -0.060650233179330826
v 0.026368109509348866 -0.010722496546804905 -0.060552243143320084
v 0.027542015537619587 -0.007657242473214865 -0.06417953968048096
v 0.026368109509348866 -0.010722496546804905 -0.060552243143320084
v 0.02690363489091396 -0.010393721051514149 -0.06414568424224854
v 0.02690363489091396 -0.010393721051514149 -0.06414568424224854
v 0.026368109509348866 -0.010722496546804905 -0.060552243143320084
v 0.025732835754752156 -0.013388671912252903 -0.06042856350541115
v 0.02690363489091396 -0.010393721051514149 -0.06414568424224854
v 0.025732835754752156 -0.013388671912252903 -0.06042856350541115
v 0.026013387367129322 -0.013024580664932728 -0.06408548355102539
v 0.026013387367129322 -0.013024580664932728 -0.06408548355102539
v 0.025732835754752156 -0.013388671912252903 -0.06042856350541115
v 0.024861028417944905 -0.015942761674523354 -0.060280684381723404
v 0.026013387367129322 -0.013024580664932728 -0.06408548355102539
v 0.024861028417944905 -0.015942761674523354 -0.060280684381723404
v 0.02488775365054607 -0.015525252558290958 -0.06400054693222046
v 0.02488775365054607 -0.015525252558290958 -0.06400054693222046
v 0.024861028417944905 -0.015942761674523354 -0.060280684381723404
v 0.023769518360495564 -0.018360702320933342 -0.0601121224462986
v 0.02488775365054607 -0.015525252558290958 -0.06400054693222046
v 0.023769518360495564 -0.018360702320933342 -0.0601121224462986
v 0.023544950410723683 -0.017874373123049736 -0.06389385461807251
v 0.023544950410723683 -0.017874373123049736 -0.06389385461807251
v 0.023769518360495564 -0.018360702320933342 -0.0601121224462986
v 0.022476425394415852 -0.02062181942164898 -0.059927765280008316
v 0.023544950410723683 -0.017874373123049736 -0.06389385461807251
v 0.022476425394415852 -0.02062181942164898 -0.059927765280008316
v 0.022004103288054463 -0.02005387283861637 -0.06376981735229492
v 0.022004103288054463 -0.02005387283861637 -0.06376981735229492
v 0.022476425394415852 -0.02062181942164898 -0.059927765280008316
v 0.021000361070036885 -0.02270890213549137 -0.05973333492875099
v 0.022004103288054463 -0.02005387283861637 -0.06376981735229492
v 0.021000361070036885 -0.02270890213549137 -0.05973333492875099
v 0.02028447203338146 -0.022049082443118095 -0.06363379955291748
v 0.02028447203338146 -0.022049082443118095 -0.06363379955291748
v 0.021000361070036885 -0.02270890213549137 -0.05973333492875099
v 0.01935957185924053 -0.024608293548226357 -0.05953514948487282
v 0.02028447203338146 -0.022049082443118095 -0.06363379955291748
v 0.01935957185924053 -0.024608293548226357 -0.05953514948487282
v 0.018404616042971608 -0.02384881116449833 -0.06349176168441772
v 0.018404616042971608 -0.02384881116449833 -0.06349176168441772
v 0.01935957185924053 -0.024608293548226357 -0.05953514948487282
v 0.017571112141013142 -0.026309935376048088 -0.05933922901749611
v 0.018404616042971608 -0.02384881116449833 -0.06349176168441772
v 0.017571112141013142 -0.026309935376048088 -0.05933922901749611
v 0.016381813213229176 -0.0254457276314497 -0.06335008144378662
v 0.016381813213229176 -0.0254457276314497 -0.06335008144378662
v 0.017571112141013142 -0.026309935376048088 -0.05933922901749611
v 0.01565003208816051 -0.02780837006866932 -0.059151533991098404
v 0.016381813213229176 -0.0254457276314497 -0.06335008144378662
v 0.01565003208816051 -0.02780837006866932 -0.059151533991098404
v 0.014231955632567404 -0.026835711672902107 -0.06321448087692261
v 0.014231955632567404 -0.026835711672902107 -0.06321448087692261
v 0.01565003208816051 -0.02780837006866932 -0.059151533991098404
v 0.013609206303954123 -0.029102999716997147 -0.05897832289338112
v 0.014231955632567404 -0.026835711672902107 -0.06321448087692261
v 0.013609206303954123 -0.029102999716997147 -0.05897832289338112
v 0.01196976564824581 -0.02801538072526455 -0.06308966875076294
v 0.01196976564824581 -0.02801538072526455 -0.06308966875076294
v 0.013609206303954123 -0.029102999716997147 -0.05897832289338112
v 0.01146016828715801 -0.03019416145980358 -0.05882430449128151
v 0.01196976564824581 -0.02801538072526455 -0.06308966875076294
v 0.01146016828715801 -0.03019416145980358 -0.05882430449128151
v 0.009609533473849295 -0.028981808573007584 -0.06297844648361206
v 0.009609533473849295 -0.028981808573007584 -0.06297844648361206
v 0.01146016828715801 -0.03019416145980358 -0.05882430449128151
v 0.009214093908667563 -0.03108260966837406 -0.05869210138916969
v 0.009609533473849295 -0.028981808573007584 -0.06297844648361206
v 0.009214093908667563 -0.03108260966837406 -0.05869210138916969
v 0.007165981456637382 -0.029732612892985344 -0.06288164854049683
v 0.007165981456637382 -0.029732612892985344 -0.06288164854049683
v 0.009214093908667563 -0.03108260966837406 -0.05869210138916969
v 0.006882702931761741 -0.03176961466670036 -0.05858171358704567
v 0.007165981456637382 -0.029732612892985344 -0.06288164854049683
v 0.006882702931761741 -0.03176961466670036 -0.05858171358704567
v 0.0046550463885068885 -0.03026602417230606 -0.06279802322387695
v 0.0046550463885068885 -0.03026602417230606 -0.06279802322387695
v 0.006882702931761741 -0.03176961466670036 -0.05858171358704567
v 0.004479257389903068 -0.0322570726275444 -0.05849039927124977
v 0.0046550463885068885 -0.03026602417230606 -0.06279802322387695
v 0.004479257389903068 -0.0322570726275444 -0.05849039927124977
v 0.0020947139710187908 -0.03058093972504139 -0.06272387504577637
v 0.0020947139710187908 -0.03058093972504139 -0.06272387504577637
v 0.004479257389903068 -0.0322570726275444 -0.05849039927124977
v 0.0020195227116346355 -0.032547663897275925 -0.05841201916337013
v 0.0020947139710187908 -0.03058093972504139 -0.06272387504577637
v 0.0020195227116346355 -0.032547663897275925 -0.05841201916337013
v 1.115633381232328e-06 -0.032640986144542694 -0.058351997286081314
v 1.115633381232328e-06 -0.032640986144542694 -0.058351997286081314
v 0.0020195227116346355 -0.032547663897275925 -0.05841201916337013
v 1.1305345424261757e-06 -0.034526728093624115 -0.05481404438614845
v 1.1379847819625864e-06 0.02807190828025341 -0.06590241193771362
v 1.1379847819625864e-06 0.02771618776023388 -0.06524688005447388
v 0.0029704477638006206 0.027956074103713036 -0.06599360704421997
v 0.0029704477638006206 0.027956074103713036 -0.06599360704421997
v 1.1379847819625864e-06 0.02771618776023388 -0.06524688005447388
v 0.0029851179569959636 0.026851771399378777 -0.06423157453536987
v 0.0029704477638006206 0.027956074103713036 -0.06599360704421997
v 0.0029851179569959636 0.026851771399378777 -0.06423157453536987
v 0.005904911085963248 0.027528924867510796 -0.06610071659088135
v 0.005904911085963248 0.027528924867510796 -0.06610071659088135
v 0.0029851179569959636 0.026851771399378777 -0.06423157453536987
v 0.0059325750917196265 0.02644273452460766 -0.06436306238174438
v 0.005904911085963248 0.027528924867510796 -0.06610071659088135
v 0.0059325750917196265 0.02644273452460766 -0.06436306238174438
v 0.008770322427153586 0.026797255501151085 -0.06621700525283813
v 0.008770322427153586 0.026797255501151085 -0.06621700525283813
v 0.0059325750917196265 0.02644273452460766 -0.06436306238174438
v 0.00880683772265911 0.025721197947859764 -0.06450724601745605
v 0.008770322427153586 0.026797255501151085 -0.06621700525283813
v 0.00880683772265911 0.025721197947859764 -0.06450724601745605
v 0.011535307392477987 0.025771966204047203 -0.06633669137954712
v 0.011535307392477987 0.025771966204047203 -0.06633669137954712
v 0.00880683772265911 0.025721197947859764 -0.06450724601745605
v 0.011575004085898398 0.02469847910106182 -0.06465595960617065
v 0.011535307392477987 0.025771966204047203 -0.06633669137954712
v 0.011575004085898398 0.02469847910106182 -0.06465595960617065
v 0.014171091839671133 0.02446707896888256 -0.06645536422729492
v 0.014171091839671133 0.02446707896888256 -0.06645536422729492
v 0.011575004085898398 0.02469847910106182 -0.06465595960617065
v 0.014207510277628897 0.023389456793665886 -0.06480318307876587
v 0.014171091839671133 0.02446707896888256 -0.06645536422729492
v 0.014207510277628897 0.023389456793665886 -0.06480318307876587
v 0.01665135286748409 0.02289917878806591 -0.06657004356384277
v 0.01665135286748409 0.02289917878806591 -0.06657004356384277
v 0.014207510277628897 0.023389456793665886 -0.06480318307876587
v 0.01667775027453899 0.021811915561556816 -0.06494450569152832
v 0.01665135286748409 0.02289917878806591 -0.06657004356384277
v 0.01667775027453899 0.021811915561556816 -0.06494450569152832
v 0.018951995298266407 0.021087003871798515 -0.06667900085449219
v 0.018951995298266407 0.021087003871798515 -0.06667900085449219
v 0.01667775027453899 0.021811915561556816 -0.06494450569152832
v 0.01896167360246181 0.019985808059573174 -0.06507724523544312
v 0.018951995298266407 0.021087003871798515 -0.06667900085449219
v 0.01896167360246181 0.019985808059573174 -0.06507724523544312
v 0.021050928160548207 0.019051073119044304 -0.06678116321563721
v 0.021050928160548207 0.019051073119044304 -0.06678116321563721
v 0.01896167360246181 0.019985808059573174 -0.06507724523544312
v 0.021037375554442402 0.017932703718543053 -0.0652000904083252
v 0.021050928160548207 0.019051073119044304 -0.06678116321563721
v 0.021037375554442402 0.017932703718543053 -0.0652000904083252
v 0.022928109392523762 0.01681332103908062 -0.06687641143798828
v 0.022928109392523762 0.01681332103908062 -0.06687641143798828
v 0.021037375554442402 0.017932703718543053 -0.0652000904083252
v 0.022885134443640705 0.01567559503018856 -0.06531286239624023
v 0.022928109392523762 0.01681332103908062 -0.06687641143798828
v 0.022885134443640705 0.01567559503018856 -0.06531286239624023
v 0.0245660375803709 0.014397582970559597 -0.06696516275405884
v 0.0245660375803709 0.014397582970559597 -0.06696516275405884
v 0.022885134443640705 0.01567559503018856 -0.06531286239624023
v 0.024488350376486775 0.013239546678960323 -0.06541597843170166
v 0.0245660375803709 0.014397582970559597 -0.06696516275405884
v 0.024488350376486775 0.013239546678960323 -0.06541597843170166
v 0.02594952099025249 0.011829978786408901 -0.06704777479171753
v 0.02594952099025249 0.011829978786408901 -0.06704777479171753
v 0.024488350376486775 0.013239546678960323 -0.06541597843170166
v 0.025832837447524067 0.010652019642293453 -0.06551003456115723
v 0.02594952099025249 0.011829978786408901 -0.06704777479171753
v 0.025832837447524067 0.010652019642293453 -0.06551003456115723
v 0.02706583403050899 0.00913850124925375 -0.0671241283416748
v 0.02706583403050899 0.00913850124925375 -0.0671241283416748
v 0.025832837447524067 0.010652019642293453 -0.06551003456115723
v 0.02690685354173183 0.007942496798932552 -0.06559503078460693
v 0.02706583403050899 0.00913850124925375 -0.0671241283416748
v 0.02690685354173183 0.007942496798932552 -0.06559503078460693
v 0.02790502272546291 0.006352587137371302 -0.06719380617141724
v 0.02790502272546291 0.006352587137371302 -0.06719380617141724
v 0.02690685354173183 0.007942496798932552 -0.06559503078460693
v 0.027701413258910176 0.0051420615054667 -0.06567054986953735
v 0.02790502272546291 0.006352587137371302 -0.06719380617141724
v 0.027701413258910176 0.0051420615054667 -0.06567054986953735
v 0.028460187837481495 0.0035027924459427595 -0.06725585460662842
v 0.028460187837481495 0.0035027924459427595 -0.06725585460662842
v 0.027701413258910176 0.0051420615054667 -0.06567054986953735
v 0.02821063064038753 0.0022829424124211073 -0.0657353401184082
v 0.028460187837481495 0.0035027924459427595 -0.06725585460662842
v 0.02821063064038753 0.0022829424124211073 -0.0657353401184082
v 0.028727767989039418 0.0006204086821526289 -0.06730848550796509
v 0.028727767989039418 0.0006204086821526289 -0.06730848550796509
v 0.02821063064038753 0.0022829424124211073 -0.0657353401184082
v 0.028010686859488484 -0.0019814271945506334 -0.06417250633239746
v 0.028727767989039418 0.0006204086821526289 -0.06730848550796509
v 0.028010686859488484 -0.0019814271945506334 -0.06417250633239746
v 0.028707822784781453 -0.0022629473824054003 -0.06734931468963623
v 0.028707822784781453 -0.0022629473824054003 -0.06734931468963623
v 0.028010686859488484 -0.0019814271945506334 -0.06417250633239746
v 0.027914559468626973 -0.004842837806791067 -0.06418752670288086
v 0.028707822784781453 -0.0022629473824054003 -0.06734931468963623
v 0.027914559468626973 -0.004842837806791067 -0.06418752670288086
v 0.028404159471392628 -0.00511593883857131 -0.06737518310546875
v 0.028404159471392628 -0.00511593883857131 -0.06737518310546875
v 0.027914559468626973 -0.004842837806791067 -0.06418752670288086
v 0.027542015537619587 -0.007657242473214865 -0.06417953968048096
v 0.028404159471392628 -0.00511593883857131 -0.06737518310546875
v 0.027542015537619587 -0.007657242473214865 -0.06417953968048096
v 0.027824169024825093 -0.007908564992249012 -0.06738346815109253
v 0.027824169024825093 -0.007908564992249012 -0.06738346815109253
v 0.027542015537619587 -0.007657242473214865 -0.06417953968048096
v 0.02690363489091396 -0.010393721051514149 -0.06414568424224854
v 0.027824169024825093 -0.007908564992249012 -0.06738346815109253
v 0.02690363489091396 -0.010393721051514149 -0.06414568424224854
v 0.026978513225913044 -0.010612891055643559 -0.06737291812896729
v 0.026978513225913044 -0.010612891055643559 -0.06737291812896729
v 0.02690363489091396 -0.010393721051514149 -0.06414568424224854
v 0.026013387367129322 -0.013024580664932728 -0.06408548355102539
v 0.026978513225913044 -0.010612891055643559 -0.06737291812896729
v 0.026013387367129322 -0.013024580664932728 -0.06408548355102539
v 0.02588056586682796 -0.013203305192291737 -0.06734395027160645
v 0.02588056586682796 -0.013203305192291737 -0.06734395027160645
v 0.026013387367129322 -0.013024580664932728 -0.06408548355102539
v 0.02488775365054607 -0.015525252558290958 -0.06400054693222046
v 0.02588056586682796 -0.013203305192291737 -0.06734395027160645
v 0.02488775365054607 -0.015525252558290958 -0.06400054693222046
v 0.02454591356217861 -0.015656637027859688 -0.06729793548583984
v 0.02454591356217861 -0.015656637027859688 -0.06729793548583984
v 0.02488775365054607 -0.015525252558290958 -0.06400054693222046
v 0.023544950410723683 -0.017874373123049736 -0.06389385461807251
v 0.02454591356217861 -0.015656637027859688 -0.06729793548583984
v 0.023544950410723683 -0.017874373123049736 -0.06389385461807251
v 0.022991722449660298 -0.017952246591448784 -0.06723743677139282
v 0.022991722449660298 -0.017952246591448784 -0.06723743677139282
v 0.023544950410723683 -0.017874373123049736 -0.06389385461807251
v 0.022004103288054463 -0.02005387283861637 -0.06376981735229492
v 0.022991722449660298 -0.017952246591448784 -0.06723743677139282
v 0.022004103288054463 -0.02005387283861637 -0.06376981735229492
v 0.02123620174825191 -0.020072149112820625 -0.06716567277908325
v 0.02123620174825191 -0.020072149112820625 -0.06716567277908325
v 0.022004103288054463 -0.02005387283861637 -0.06376981735229492
v 0.02028447203338146 -0.022049082443118095 -0.06363379955291748
v 0.02123620174825191 -0.020072149112820625 -0.06716567277908325
v 0.02028447203338146 -0.022049082443118095 -0.06363379955291748
v 0.019298015162348744 -0.022001167759299278 -0.06708645820617676
v 0.019298015162348744 -0.022001167759299278 -0.06708645820617676
v 0.02028447203338146 -0.022049082443118095 -0.06363379955291748
v 0.018404616042971608 -0.02384881116449833 -0.06349176168441772
v 0.019298015162348744 -0.022001167759299278 -0.06708645820617676
v 0.018404616042971608 -0.02384881116449833 -0.06349176168441772
v 0.01719584874808788 -0.02372715435922146 -0.0670045018196106
v 0.01719584874808788 -0.02372715435922146 -0.0670045018196106
v 0.018404616042971608 -0.02384881116449833 -0.06349176168441772
v 0.016381813213229176 -0.0254457276314497 -0.06335008144378662
v 0.01719584874808788 -0.02372715435922146 -0.0670045018196106
v 0.016381813213229176 -0.0254457276314497 -0.06335008144378662
v 0.01494835130870342 -0.025240076705813408 -0.06692367792129517
v 0.01494835130870342 -0.025240076705813408 -0.06692367792129517
v 0.016381813213229176 -0.0254457276314497 -0.06335008144378662
v 0.014231955632567404 -0.026835711672902107 -0.06321448087692261
v 0.01494835130870342 -0.025240076705813408 -0.06692367792129517
v 0.014231955632567404 -0.026835711672902107 -0.06321448087692261
v 0.012574007734656332 -0.02653096802532673 -0.06684678792953491
v 0.012574007734656332 -0.02653096802532673 -0.06684678792953491
v 0.014231955632567404 -0.026835711672902107 -0.06321448087692261
v 0.01196976564824581 -0.02801538072526455 -0.06308966875076294
v 0.012574007734656332 -0.02653096802532673 -0.06684678792953491
v 0.01196976564824581 -0.02801538072526455 -0.06308966875076294
v 0.010091466829180716 -0.027592016384005547 -0.06677567958831787
v 0.010091466829180716 -0.027592016384005547 -0.06677567958831787
v 0.01196976564824581 -0.02801538072526455 -0.06308966875076294
v 0.009609533473849295 -0.028981808573007584 -0.06297844648361206
v 0.010091466829180716 -0.027592016384005547 -0.06677567958831787
v 0.009609533473849295 -0.028981808573007584 -0.06297844648361206
v 0.007520018145442008 -0.02841666154563427 -0.06671136617660522
v 0.007520018145442008 -0.02841666154563427 -0.06671136617660522
v 0.009609533473849295 -0.028981808573007584 -0.06297844648361206
v 0.007165981456637382 -0.029732612892985344 -0.06288164854049683
v 0.007520018145442008 -0.02841666154563427 -0.06671136617660522
v 0.007165981456637382 -0.029732612892985344 -0.06288164854049683
v 0.004879979416728019 -0.028999604284763336 -0.06665366888046265
v 0.004879979416728019 -0.028999604284763336 -0.06665366888046265
v 0.007165981456637382 -0.029732612892985344 -0.06288164854049683
v 0.0046550463885068885 -0.03026602417230606 -0.06279802322387695
v 0.004879979416728019 -0.028999604284763336 -0.06665366888046265
v 0.0046550463885068885 -0.03026602417230606 -0.06279802322387695
v 0.0021931435912847515 -0.02933684177696705 -0.06660091876983643
v 0.0021931435912847515 -0.02933684177696705 -0.06660091876983643
v 0.0046550463885068885 -0.03026602417230606 -0.06279802322387695
v 0.0020947139710187908 -0.03058093972504139 -0.06272387504577637
v 0.0021931435912847515 -0.02933684177696705 -0.06660091876983643
v 0.0020947139710187908 -0.03058093972504139 -0.06272387504577637
v 1.130534428739338e-06 -0.02950447052717209 -0.06624108552932739
v 1.130534428739338e-06 -0.02950447052717209 -0.06624108552932739
v 0.0020947139710187908 -0.03058093972504139 -0.06272387504577637
v 1.1305345424261757e-06 -0.03067537397146225 -0.06266683340072632
v 1.152885943156434e-06 0.021102463826537132 -0.059541765600442886
v 1.1603365237533578e-06 0.01730245165526867 -0.057650867849588394
v 0.0028927158564329143 0.02134030871093273 -0.05978596583008766
v 0.0028927158564329143 0.02134030871093273 -0.05978596583008766
v 1.1603365237533578e-06 0.01730245165526867 -0.057650867849588394
v 0.002750543877482414 0.01640128158032894 -0.057327751070261
v 0.0028927158564329143 0.02134030871093273 -0.05978596583008766
v 0.002750543877482414 0.01640128158032894 -0.057327751070261
v 0.005749596282839774 0.021023286506533623 -0.05992716923356056
v 0.005749596282839774 0.021023286506533623 -0.05992716923356056
v 0.002750543877482414 0.01640128158032894 -0.057327751070261
v 0.0054705124348402015 0.01615978591144085 -0.057455841451883316
v 0.005749596282839774 0.021023286506533623 -0.05992716923356056
v 0.0054705124348402015 0.01615978591144085 -0.057455841451883316
v 0.0085307490080595 0.020396677777171135 -0.06008279696106911
v 0.0085307490080595 0.020396677777171135 -0.06008279696106911
v 0.0054705124348402015 0.01615978591144085 -0.057455841451883316
v 0.00811943970620632 0.015625594183802605 -0.057588402181863785
v 0.0085307490080595 0.020396677777171135 -0.06008279696106911
v 0.00811943970620632 0.015625594183802605 -0.057588402181863785
v 0.01120086573064327 0.019467128440737724 -0.060238245874643326
v 0.01120086573064327 0.019467128440737724 -0.060238245874643326
v 0.00811943970620632 0.015625594183802605 -0.057588402181863785
v 0.010662017390131949 0.014799079857766628 -0.0577089823782444
v 0.01120086573064327 0.019467128440737724 -0.060238245874643326
v 0.010662017390131949 0.014799079857766628 -0.0577089823782444
v 0.013729451224207876 0.018246112391352654 -0.06038326397538185
v 0.013729451224207876 0.018246112391352654 -0.06038326397538185
v 0.010662017390131949 0.014799079857766628 -0.0577089823782444
v 0.013068137690424917 0.013686715625226498 -0.057806018739938736
v 0.013729451224207876 0.018246112391352654 -0.06038326397538185
v 0.013068137690424917 0.013686715625226498 -0.057806018739938736
v 0.016089966520667073 0.016749223694205284 -0.06051099672913551
v 0.016089966520667073 0.016749223694205284 -0.06051099672913551
v 0.013068137690424917 0.013686715625226498 -0.057806018739938736
v 0.015311894938349722 0.01230024453252554 -0.05787229910492897
v 0.016089966520667073 0.016749223694205284 -0.06051099672913551
v 0.015311894938349722 0.01230024453252554 -0.05787229910492897
v 0.018258942291140553 0.014995462261140347 -0.06061756983399391
v 0.018258942291140553 0.014995462261140347 -0.06061756983399391
v 0.015311894938349722 0.01230024453252554 -0.05787229910492897
v 0.017370542511343953 0.010655811987817287 -0.05790400877594948
v 0.018258942291140553 0.014995462261140347 -0.06061756983399391
v 0.017370542511343953 0.010655811987817287 -0.05790400877594948
v 0.02021512202918529 0.013006462715566158 -0.060701314359903336
v 0.02021512202918529 0.013006462715566158 -0.060701314359903336
v 0.017370542511343953 0.010655811987817287 -0.05790400877594948
v 0.019223442301154133 0.008773013018071651 -0.05789995566010475
v 0.02021512202918529 0.013006462715566158 -0.060701314359903336
v 0.019223442301154133 0.008773013018071651 -0.05789995566010475
v 0.021939968690276142 0.010805918835103512 -0.06076228991150856
v 0.021939968690276142 0.010805918835103512 -0.06076228991150856
v 0.019223442301154133 0.008773013018071651 -0.05789995566010475
v 0.020852973684668537 0.006674191448837519 -0.05786127224564552
v 0.021939968690276142 0.010805918835103512 -0.06076228991150856
v 0.020852973684668537 0.006674191448837519 -0.05786127224564552
v 0.023420570418238636 0.00842039193958044 -0.060802046209573746
v 0.023420570418238636 0.00842039193958044 -0.060802046209573746
v 0.020852973684668537 0.006674191448837519 -0.05786127224564552
v 0.022248802706599232 0.004385358188301325 -0.057790521532297134
v 0.023420570418238636 0.00842039193958044 -0.060802046209573746
v 0.022248802706599232 0.004385358188301325 -0.057790521532297134
v 0.02464657090604305 0.005879594478756189 -0.0608222521841526
v 0.02464657090604305 0.005879594478756189 -0.0608222521841526
v 0.022248802706599232 0.004385358188301325 -0.057790521532297134
v 0.02340317331254482 0.0019361514132469893 -0.057690683752298355
v 0.02464657090604305 0.005879594478756189 -0.0608222521841526
v 0.02340317331254482 0.0019361514132469893 -0.057690683752298355
v 0.025609558448195454 0.003215758828446269 -0.06082409992814064
v 0.025609558448195454 0.003215758828446269 -0.06082409992814064
v 0.02340317331254482 0.0019361514132469893 -0.057690683752298355
v 0.024309819564223286 -0.0006409112829715014 -0.05756479874253273
v 0.025609558448195454 0.003215758828446269 -0.06082409992814064
v 0.024309819564223286 -0.0006409112829715014 -0.05756479874253273
v 0.02630345337092876 0.00046299281530082226 -0.06080848351120949
v 0.02630345337092876 0.00046299281530082226 -0.06080848351120949
v 0.024309819564223286 -0.0006409112829715014 -0.05756479874253273
v 0.024964286014437672 -0.003311139764264226 -0.0574156679213047
v 0.02630345337092876 0.00046299281530082226 -0.06080848351120949
v 0.024964286014437672 -0.003311139764264226 -0.0574156679213047
v 0.02672486566007137 -0.0023432609159499407 -0.06077534332871437
v 0.02672486566007137 -0.0023432609159499407 -0.06077534332871437
v 0.024964286014437672 -0.003311139764264226 -0.0574156679213047
v 0.025364203378558155 -0.006038357969373465 -0.057245317846536636
v 0.02672486566007137 -0.0023432609159499407 -0.06077534332871437
v 0.025364203378558155 -0.006038357969373465 -0.057245317846536636
v 0.02687343023717403 -0.005166871007531881 -0.060723427683115005
v 0.02687343023717403 -0.005166871007531881 -0.060723427683115005
v 0.025364203378558155 -0.006038357969373465 -0.057245317846536636
v 0.02550958655774593 -0.008785528130829334 -0.05705470219254494
v 0.02687343023717403 -0.005166871007531881 -0.060723427683115005
v 0.02550958655774593 -0.008785528130829334 -0.05705470219254494
v 0.0267521645873785 -0.007971600629389286 -0.060650233179330826
v 0.0267521645873785 -0.007971600629389286 -0.060650233179330826
v 0.02550958655774593 -0.008785528130829334 -0.05705470219254494
v 0.025403095409274098 -0.011515450663864613 -0.05684340372681618
v 0.0267521645873785 -0.007971600629389286 -0.060650233179330826
v 0.025403095409274098 -0.011515450663864613 -0.05684340372681618
v 0.026368109509348866 -0.010722496546804905 -0.060552243143320084
v 0.026368109509348866 -0.010722496546804905 -0.060552243143320084
v 0.025403095409274098 -0.011515450663864613 -0.05684340372681618
v 0.02505090646445751 -0.014192578382790089 -0.0566103495657444
v 0.026368109509348866 -0.010722496546804905 -0.060552243143320084
v 0.02505090646445751 -0.014192578382790089 -0.0566103495657444
v 0.025732835754752156 -0.013388671912252903 -0.06042856350541115
v 0.025732835754752156 -0.013388671912252903 -0.06042856350541115
v 0.02505090646445751 -0.014192578382790089 -0.0566103495657444
v 0.024463763460516926 -0.01678634248673916 -0.05635792389512062
v 0.025732835754752156 -0.013388671912252903 -0.06042856350541115
v 0.024463763460516926 -0.01678634248673916 -0.05635792389512062
v 0.024861028417944905 -0.015942761674523354 -0.060280684381723404
v 0.024861028417944905 -0.015942761674523354 -0.060280684381723404
v 0.024463763460516926 -0.01678634248673916 -0.05635792389512062
v 0.0236551072448492 -0.019269438460469246 -0.056090597063302994
v 0.024861028417944905 -0.015942761674523354 -0.060280684381723404
v 0.0236551072448492 -0.019269438460469246 -0.056090597063302994
v 0.023769518360495564 -0.018360702320933342 -0.0601121224462986
v 0.023769518360495564 -0.018360702320933342 -0.0601121224462986
v 0.0236551072448492 -0.019269438460469246 -0.056090597063302994
v 0.022640069946646687 -0.02161753736436367 -0.05581409111618996
v 0.023769518360495564 -0.018360702320933342 -0.0601121224462986
v 0.022640069946646687 -0.02161753736436367 -0.05581409111618996
v 0.022476425394415852 -0.02062181942164898 -0.059927765280008316
v 0.022476425394415852 -0.02062181942164898 -0.059927765280008316
v 0.022640069946646687 -0.02161753736436367 -0.05581409111618996
v 0.021434729918837544 -0.023809408769011497 -0.05553502216935158
v 0.022476425394415852 -0.02062181942164898 -0.059927765280008316
v 0.021434729918837544 -0.023809408769011497 -0.05553502216935158
v 0.021000361070036885 -0.02270890213549137 -0.05973333492875099
v 0.021000361070036885 -0.02270890213549137 -0.05973333492875099
v 0.021434729918837544 -0.023809408769011497 -0.05553502216935158
v 0.020055433735251423 -0.02582710050046444 -0.055260006338357925
v 0.021000361070036885 -0.02270890213549137 -0.05973333492875099
v 0.020055433735251423 -0.02582710050046444 -0.055260006338357925
v 0.01935957185924053 -0.024608293548226357 -0.05953514948487282
v 0.01935957185924053 -0.024608293548226357 -0.05953514948487282
v 0.020055433735251423 -0.02582710050046444 -0.055260006338357925
v 0.018518066033720967 -0.027656039223074913 -0.05499524250626564
v 0.01935957185924053 -0.024608293548226357 -0.05953514948487282
v 0.018518066033720967 -0.027656039223074913 -0.05499524250626564
v 0.017571112141013142 -0.026309935376048088 -0.05933922901749611
v 0.017571112141013142 -0.026309935376048088 -0.05933922901749611
v 0.018518066033720967 -0.027656039223074913 -0.05499524250626564
v 0.016837326809763905 -0.02928522229194641 -0.05474591627717018
v 0.017571112141013142 -0.026309935376048088 -0.05933922901749611
v 0.016837326809763905 -0.02928522229194641 -0.05474591627717018
v 0.01565003208816051 -0.02780837006866932 -0.059151533991098404
v 0.01565003208816051 -0.02780837006866932 -0.059151533991098404
v 0.016837326809763905 -0.02928522229194641 -0.05474591627717018
v 0.015025792643427847 -0.03070894628763199 -0.05451667681336403
v 0.01565003208816051 -0.02780837006866932 -0.059151533991098404
v 0.015025792643427847 -0.03070894628763199 -0.05451667681336403
v 0.013609206303954123 -0.029102999716997147 -0.05897832289338112
v 0.013609206303954123 -0.029102999716997147 -0.05897832289338112
v 0.015025792643427847 -0.03070894628763199 -0.05451667681336403
v 0.013093603774905203 -0.03192818537354469 -0.054313186556100845
v 0.013609206303954123 -0.029102999716997147 -0.05897832289338112
v 0.013093603774905203 -0.03192818537354469 -0.054313186556100845
v 0.01146016828715801 -0.03019416145980358 -0.05882430449128151
v 0.01146016828715801 -0.03019416145980358 -0.05882430449128151
v 0.013093603774905203 -0.03192818537354469 -0.054313186556100845
v 0.011049894616007803 -0.03294551372528076 -0.054139140993356705
v 0.01146016828715801 -0.03019416145980358 -0.05882430449128151
v 0.011049894616007803 -0.03294551372528076 -0.054139140993356705
v 0.009214093908667563 -0.03108260966837406 -0.05869210138916969
v 0.009214093908667563 -0.03108260966837406 -0.05869210138916969
v 0.011049894616007803 -0.03294551372528076 -0.054139140993356705
v 0.008903888985514639 -0.03376453369855881 -0.05399591103196144
v 0.009214093908667563 -0.03108260966837406 -0.05869210138916969
v 0.008903888985514639 -0.03376453369855881 -0.05399591103196144
v 0.006882702931761741 -0.03176961466670036 -0.05858171358704567
v 0.006882702931761741 -0.03176961466670036 -0.05858171358704567
v 0.008903888985514639 -0.03376453369855881 -0.05399591103196144
v 0.0066657792776823035 -0.034390103071928024 -0.05388188734650612
v 0.006882702931761741 -0.03176961466670036 -0.05858171358704567
v 0.0066657792776823035 -0.034390103071928024 -0.05388188734650612
v 0.004479257389903068 -0.0322570726275444 -0.05849039927124977
v 0.004479257389903068 -0.0322570726275444 -0.05849039927124977
v 0.0066657792776823035 -0.034390103071928024 -0.05388188734650612
v 0.004347657784819602 -0.034828606992959976 -0.05379230156540871
v 0.004479257389903068 -0.0322570726275444 -0.05849039927124977
v 0.004347657784819602 -0.034828606992959976 -0.05379230156540871
v 0.0020195227116346355 -0.032547663897275925 -0.05841201916337013
v 0.0020195227116346355 -0.032547663897275925 -0.05841201916337013
v 0.004347657784819602 -0.034828606992959976 -0.05379230156540871
v 0.0019644405692815776 -0.03508821129798889 -0.053718630224466324
v 0.0020195227116346355 -0.032547663897275925 -0.05841201916337013
v 0.0019644405692815776 -0.03508821129798889 -0.053718630224466324
v 1.1305345424261757e-06 -0.034526728093624115 -0.05481404438614845
v 1.1305345424261757e-06 -0.034526728093624115 -0.05481404438614845
v 0.0019644405692815776 -0.03508821129798889 -0.053718630224466324
v 1.1230839618292519e-06 -0.03517405316233635 -0.05366260185837746
v 0.02093276940286159 -0.04886145144701004 -0.0070002698339521885
v 0.020858189091086384 -0.04841824993491173 -0.009251835756003857
v 0.022645493969321247 -0.04715386778116226 -0.00940645020455122
v 0.02144817821681499 -0.042182277888059616 -0.02260899730026722
v 0.02094166539609432 -0.040168143808841705 -0.02695644088089466
v 0.021845405921339985 -0.03817574307322502 -0.027406873181462288
v 2.315176971023902e-06 -0.05017680674791336 -0.02490103431046009
v 0.0044244062155485145 -0.050220757722854614 -0.024617435410618782
v 0.0043768640607595435 -0.051402490586042404 -0.020665528252720833
v 0.018339006230235096 -0.03925067558884621 -0.034929219633340836
v 0.019409259781241413 -0.040150027722120285 -0.03084433265030384
v 0.01820087246596813 -0.0419955849647522 -0.03036797232925892
v 0.025228863582015034 -0.033711764961481094 -0.021194757893681526
v 0.025528227910399433 -0.03427380695939064 -0.01994037814438343
v 0.02542992495000362 -0.0362933985888958 -0.019544722512364388
v 0.02850118093192577 -0.039400000125169754 -2.5509288015257425e-09
v 0.028420945629477497 -0.04068760201334953 3.550769349658367e-07
v 0.028418621048331257 -0.03926559537649155 -0.0029889370780438185
v 0.028418621048331257 -0.03926559537649155 -0.0029889370780438185
v 0.028420945629477497 -0.04068760201334953 3.550769349658367e-07
v 0.02822831831872463 -0.041337668895721436 -0.0025683667045086622
v 0.0260931234806776 -0.03530699759721756 -0.017537416890263557
v 0.02639231644570827 -0.03584282845258713 -0.01622230000793934
v 0.02649757824838161 -0.038304444402456284 -0.014818373136222363
v 0.02649757824838161 -0.038304444402456284 -0.014818373136222363
v 0.02639231644570827 -0.03584282845258713 -0.01622230000793934
v 0.026447428390383717 -0.035940077155828476 -0.01597529835999012
v 0.02649757824838161 -0.038304444402456284 -0.014818373136222363
v 0.026447428390383717 -0.035940077155828476 -0.01597529835999012
v 0.02664963714778423 -0.03629487007856369 -0.015053036622703075
v 0.025228863582015034 -0.033711764961481094 -0.021194757893681526
v 0.02542992495000362 -0.0362933985888958 -0.019544722512364388
v 0.024616396054625508 -0.03252077102661133 -0.023773672059178352
v 0.022825440391898152 -0.02847764827311039 -0.0325360931456089
v 0.023609159514307972 -0.030398709699511528 -0.028290869668126106
v 0.023304266855120655 -0.03182864189147949 -0.028941871598362923
v 0.023304266855120655 -0.03182864189147949 -0.028941871598362923
v 0.023609159514307972 -0.030398709699511528 -0.028290869668126106
v 0.023665828630328175 -0.030525781214237213 -0.028018536046147346
v 0.023304266855120655 -0.03182864189147949 -0.028941871598362923
v 0.023665828630328175 -0.030525781214237213 -0.028018536046147346
v 0.024026973173022267 -0.03131059184670448 -0.026346387341618538
v 0.021686835214495655 -0.030089715495705605 -0.037857238203287125
v 0.02212165109813213 -0.025892315432429314 -0.03919893875718117
v 0.022335289046168324 -0.0269369687885046 -0.036289457231760025
v 0.021243093535304066 -0.03222135081887245 -0.03717583790421486
v 0.02142890356481075 -0.03142038360238075 -0.03743183985352516
v 0.022231979295611378 -0.031880587339401245 -0.033075038343667984
v 0.022231979295611378 -0.031880587339401245 -0.033075038343667984
v 0.02142890356481075 -0.03142038360238075 -0.03743183985352516
v 0.021686835214495655 -0.030089715495705605 -0.037857238203287125
v 0.022231979295611378 -0.031880587339401245 -0.033075038343667984
v 0.021686835214495655 -0.030089715495705605 -0.037857238203287125
v 0.02248374186456203 -0.02971126325428486 -0.033700887113809586
v 0.02248374186456203 -0.02971126325428486 -0.033700887113809586
v 0.021686835214495655 -0.030089715495705605 -0.037857238203287125
v 0.022335289046168324 -0.0269369687885046 -0.036289457231760025
v 0.02248374186456203 -0.02971126325428486 -0.033700887113809586
v 0.022335289046168324 -0.0269369687885046 -0.036289457231760025
v 0.022570556029677388 -0.027738472446799278 -0.034279946237802505
v 0.022231979295611378 -0.031880587339401245 -0.033075038343667984
v 0.02180753462016582 -0.03402845934033394 -0.03247148171067238
v 0.021243093535304066 -0.03222135081887245 -0.03717583790421486
v 0.021243093535304066 -0.03222135081887245 -0.03717583790421486
v 0.02180753462016582 -0.03402845934033394 -0.03247148171067238
v 0.021203694865107533 -0.03613285347819328 -0.03189903870224953
v 0.021243093535304066 -0.03222135081887245 -0.03717583790421486
v 0.021203694865107533 -0.03613285347819328 -0.03189903870224953
v 0.020637823268771168 -0.03431736305356026 -0.036505941301584244
v 0.019409259781241413 -0.040150027722120285 -0.03084433265030384
v 0.018339006230235096 -0.03925067558884621 -0.034929219633340836
v 0.020406862720847126 -0.03818448632955551 -0.03135586157441139
v 0.018339006230235096 -0.03925067558884621 -0.034929219633340836
v 0.019822305068373677 -0.036441877484321594 -0.03582698479294777
v 0.020406862720847126 -0.03818448632955551 -0.03135586157441139
v 0.020406862720847126 -0.03818448632955551 -0.03135586157441139
v 0.019822305068373677 -0.036441877484321594 -0.03582698479294777
v 0.019859431311488148 -0.03635679557919502 -0.03585422411561012
v 0.020406862720847126 -0.03818448632955551 -0.03135586157441139
v 0.019859431311488148 -0.03635679557919502 -0.03585422411561012
v 0.021203694865107533 -0.03613285347819328 -0.03189903870224953
v 0.021203694865107533 -0.03613285347819328 -0.03189903870224953
v 0.019859431311488148 -0.03635679557919502 -0.03585422411561012
v 0.020404173061251637 -0.034988272935152054 -0.036291543394327164
v 0.021203694865107533 -0.03613285347819328 -0.03189903870224953
v 0.020404173061251637 -0.034988272935152054 -0.036291543394327164
v 0.020637823268771168 -0.03431736305356026 -0.036505941301584244
v 0.016368193551898 -0.041833482682704926 -0.034103576093912125
v 0.01703309081494808 -0.04106856510043144 -0.03434807434678078
v 0.01820087246596813 -0.0419955849647522 -0.03036797232925892
v 0.01820087246596813 -0.0419955849647522 -0.03036797232925892
v 0.01703309081494808 -0.04106856510043144 -0.03434807434678078
v 0.017777515575289723 -0.04009049013257027 -0.0346607007086277
v 0.01820087246596813 -0.0419955849647522 -0.03036797232925892
v 0.017777515575289723 -0.04009049013257027 -0.0346607007086277
v 0.018339006230235096 -0.03925067558884621 -0.034929219633340836
v 0.01820087246596813 -0.0419955849647522 -0.03036797232925892
v 0.016767716035246846 -0.043691009283065796 -0.02992999739944935
v 0.016368193551898 -0.041833482682704926 -0.034103576093912125
v 0.016368193551898 -0.041833482682704926 -0.034103576093912125
v 0.016767716035246846 -0.043691009283065796 -0.02992999739944935
v 0.015106720849871634 -0.0451924093067646 -0.029539288952946663
v 0.016368193551898 -0.041833482682704926 -0.034103576093912125
v 0.015106720849871634 -0.0451924093067646 -0.029539288952946663
v 0.015400541946291922 -0.042795125395059586 -0.033796314150094986
v 0.013233950361609457 -0.0464499369263649 -0.02920699305832386
v 0.012973254546523092 -0.044598955661058426 -0.03321975842118263
v 0.015106720849871634 -0.0451924093067646 -0.029539288952946663
v 0.015106720849871634 -0.0451924093067646 -0.029539288952946663
v 0.012973254546523092 -0.044598955661058426 -0.03321975842118263
v 0.013929439708590506 -0.04397783428430557 -0.033418361097574234
v 0.015106720849871634 -0.0451924093067646 -0.029539288952946663
v 0.013929439708590506 -0.04397783428430557 -0.033418361097574234
v 0.015400541946291922 -0.042795125395059586 -0.033796314150094986
v 0.008835693821310995 -0.04631315544247627 -0.032671812921762466
v 0.010262383148074148 -0.045872174203395844 -0.03281271830201149
v 0.011185748502612112 -0.047426987439394 -0.028941871598362923
v 0.011185748502612112 -0.047426987439394 -0.028941871598362923
v 0.010262383148074148 -0.045872174203395844 -0.03281271830201149
v 0.010993501171469687 -0.04559044539928436 -0.032902780920267105
v 0.011185748502612112 -0.047426987439394 -0.028941871598362923
v 0.010993501171469687 -0.04559044539928436 -0.032902780920267105
v 0.013233950361609457 -0.0464499369263649 -0.02920699305832386
v 0.013233950361609457 -0.0464499369263649 -0.02920699305832386
v 0.010993501171469687 -0.04559044539928436 -0.032902780920267105
v 0.012290036305785177 -0.044982485473155975 -0.033097151666879654
v 0.013233950361609457 -0.0464499369263649 -0.02920699305832386
v 0.012290036305785177 -0.044982485473155975 -0.033097151666879654
v 0.012973254546523092 -0.044598955661058426 -0.03321975842118263
v 0.011185748502612112 -0.047426987439394 -0.028941871598362923
v 0.009005216881632803 -0.04811782017350197 -0.028746189549565315
v 0.008835693821310995 -0.04631315544247627 -0.032671812921762466
v 0.008835693821310995 -0.04631315544247627 -0.032671812921762466
v 0.009005216881632803 -0.04811782017350197 -0.028746189549565315
v 0.006740285083651542 -0.04854545369744301 -0.028616072610020638
v 0.008835693821310995 -0.04631315544247627 -0.032671812921762466
v 0.006740285083651542 -0.04854545369744301 -0.028616072610020638
v 0.006166135892271995 -0.046825628727674484 -0.03250807896256447
v 0.006166135892271995 -0.046825628727674484 -0.03250807896256447
v 0.006740285083651542 -0.04854545369744301 -0.028616072610020638
v 0.004438964650034904 -0.04875845089554787 -0.028542103245854378
v 0.006166135892271995 -0.046825628727674484 -0.03250807896256447
v 0.004438964650034904 -0.04875845089554787 -0.028542103245854378
v 0.004952749237418174 -0.046954188495874405 -0.03246695175766945
v 0.004952749237418174 -0.046954188495874405 -0.03246695175766945
v 0.004438964650034904 -0.04875845089554787 -0.028542103245854378
v 1.4881624110785194e-06 -0.0488305389881134 -0.028503062203526497
v 0.004952749237418174 -0.046954188495874405 -0.03246695175766945
v 1.4881624110785194e-06 -0.0488305389881134 -0.028503062203526497
v 1.1230839618292519e-06 -0.04709595814347267 -0.03242165222764015
v 0.004216713830828666 -0.0534636564552784 -0.008504274301230907
v 5.168749339645728e-06 -0.05313237011432648 -0.012595715932548046
v 0.004254965111613273 -0.053004004061222076 -0.012623193673789501
v 0.004254965111613273 -0.053004004061222076 -0.012623193673789501
v 5.168749339645728e-06 -0.05313237011432648 -0.012595715932548046
v 4.408790118759497e-06 -0.052281949669122696 -0.01730835624039173
v 0.004217637702822684 -0.05372249335050583 -0.00430125230923295
v 3.7978425098117437e-06 -0.053906138986349106 -0.004292192403227091
v 5.1314964366611085e-06 -0.053532522171735764 -0.009393992833793163
v 0.0038875248283147808 -0.05383358895778656 5.705371464159725e-08
v 1.1677875590976326e-06 -0.05399995297193527 -6.215557135647032e-08
v 3.7978425098117437e-06 -0.053906138986349106 -0.004292192403227091
v 0.012838436290621756 -0.0522816926240921 -0.004424812737852335
v 0.007761096581816672 -0.05338137969374657 -2.5509288015257425e-09
v 0.008571168407797812 -0.053180914372205734 -0.004341962281614542
v 0.008571168407797812 -0.053180914372205734 -0.004341962281614542
v 0.007761096581816672 -0.05338137969374657 -2.5509288015257425e-09
v 0.0038875248283147808 -0.05383358895778656 5.705371464159725e-08
v 0.008571168407797812 -0.053180914372205734 -0.004341962281614542
v 0.0038875248283147808 -0.05383358895778656 5.705371464159725e-08
v 0.004217637702822684 -0.05372249335050583 -0.00430125230923295
v 0.004217637702822684 -0.05372249335050583 -0.00430125230923295
v 0.0038875248283147808 -0.05383358895778656 5.705371464159725e-08
v 3.7978425098117437e-06 -0.053906138986349106 -0.004292192403227091
v 0.014186581596732138 -0.05203438177704811 -2.5509288015257425e-09
v 0.012838436290621756 -0.0522816926240921 -0.004424812737852335
v 0.015594070777297018 -0.0516245998442173 -1.217602232372883e-07
v 0.015594070777297018 -0.0516245998442173 -1.217602232372883e-07
v 0.012838436290621756 -0.0522816926240921 -0.004424812737852335
v 0.017007505521178242 -0.05098195746541023 -0.004552128259092569
v 0.014186581596732138 -0.05203438177704811 -2.5509288015257425e-09
v 0.013373022899031637 -0.052250128239393234 -2.5509288015257425e-09
v 0.012838436290621756 -0.0522816926240921 -0.004424812737852335
v 0.012838436290621756 -0.0522816926240921 -0.004424812737852335
v 0.013373022899031637 -0.052250128239393234 -2.5509288015257425e-09
v 0.011955728754401205 -0.05259237810969353 -2.5509288015257425e-09
v 0.012838436290621756 -0.0522816926240921 -0.004424812737852335
v 0.011955728754401205 -0.05259237810969353 -2.5509288015257425e-09
v 0.007761096581816672 -0.05338137969374657 -2.5509288015257425e-09
v 0.026293007656931874 -0.045335955917835236 -0.002504232106730342
v 0.024983441457152363 -0.046840280294418335 -6.215557135647032e-08
v 0.024744143709540364 -0.046927016228437424 -0.002465965924784541
v 0.024744143709540364 -0.046927016228437424 -0.002465965924784541
v 0.024983441457152363 -0.046840280294418335 -6.215557135647032e-08
v 0.023334009572863575 -0.048115476965904236 -6.215557135647032e-08
v 0.024744143709540364 -0.046927016228437424 -0.002465965924784541
v 0.023334009572863575 -0.048115476965904236 -6.215557135647032e-08
v 0.022968603298068043 -0.048261649906635284 -0.0024234678130596876
v 0.022968603298068043 -0.048261649906635284 -0.0024234678130596876
v 0.023334009572863575 -0.048115476965904236 -6.215557135647032e-08
v 0.021213745698332783 -0.04937243089079857 -2.5509288015257425e-09
v 0.022968603298068043 -0.048261649906635284 -0.0024234678130596876
v 0.021213745698332783 -0.04937243089079857 -2.5509288015257425e-09
v 0.021060807630419728 -0.04937618970870972 -0.0023794795852154493
v 0.021060807630419728 -0.04937618970870972 -0.0023794795852154493
v 0.021213745698332783 -0.04937243089079857 -2.5509288015257425e-09
v 0.018694324418902394 -0.05052807554602623 -1.217602232372883e-07
v 0.027499122545123097 -0.043458521366119385 -0.0025372530799359083
v 0.027351221069693562 -0.043954066932201385 -6.215557135647032e-08
v 0.026293007656931874 -0.045335955917835236 -0.002504232106730342
v 0.026293007656931874 -0.045335955917835236 -0.002504232106730342
v 0.027351221069693562 -0.043954066932201385 -6.215557135647032e-08
v 0.0262948777526617 -0.045490898191928864 -2.5509288015257425e-09
v 0.026293007656931874 -0.045335955917835236 -0.002504232106730342
v 0.0262948777526617 -0.045490898191928864 -2.5509288015257425e-09
v 0.024983441457152363 -0.046840280294418335 -6.215557135647032e-08
v 0.028420945629477497 -0.04068760201334953 3.550769349658367e-07
v 0.0282947476953268 -0.04143422469496727 4.146815797412273e-07
v 0.02822831831872463 -0.041337668895721436 -0.0025683667045086622
v 0.02822831831872463 -0.041337668895721436 -0.0025683667045086622
v 0.0282947476953268 -0.04143422469496727 4.146815797412273e-07
v 0.028039192780852314 -0.0423848032951355 2.954722901904461e-07
v 0.02822831831872463 -0.041337668895721436 -0.0025683667045086622
v 0.028039192780852314 -0.0423848032951355 2.954722901904461e-07
v 0.027499122545123097 -0.043458521366119385 -0.0025372530799359083
v 0.027499122545123097 -0.043458521366119385 -0.0025372530799359083
v 0.028039192780852314 -0.0423848032951355 2.954722901904461e-07
v 0.027563383802771565 -0.04354904592037201 -6.215557135647032e-08
v 0.027499122545123097 -0.043458521366119385 -0.0025372530799359083
v 0.027563383802771565 -0.04354904592037201 -6.215557135647032e-08
v 0.027351221069693562 -0.043954066932201385 -6.215557135647032e-08
v 0.024026973173022267 -0.03131059184670448 -0.026346387341618538
v 0.024616396054625508 -0.03252077102661133 -0.023773672059178352
v 0.023304266855120655 -0.03182864189147949 -0.028941871598362923
v 0.023304266855120655 -0.03182864189147949 -0.028941871598362923
v 0.024616396054625508 -0.03252077102661133 -0.023773672059178352
v 0.02542992495000362 -0.0362933985888958 -0.019544722512364388
v 0.023304266855120655 -0.03182864189147949 -0.028941871598362923
v 0.02542992495000362 -0.0362933985888958 -0.019544722512364388
v 0.023029169067740437 -0.03398958221077919 -0.02840203233063221
v 0.023029169067740437 -0.03398958221077919 -0.02840203233063221
v 0.02542992495000362 -0.0362933985888958 -0.019544722512364388
v 0.024987457320094105 -0.03844163566827774 -0.019200922921299934
v 0.023029169067740437 -0.03398958221077919 -0.02840203233063221
v 0.024987457320094105 -0.03844163566827774 -0.019200922921299934
v 0.022540619596838948 -0.03611372038722038 -0.02788764424622059
v 0.022540619596838948 -0.03611372038722038 -0.02788764424622059
v 0.024987457320094105 -0.03844163566827774 -0.019200922921299934
v 0.024217857047915455 -0.04047253355383873 -0.018873276188969612
v 0.022540619596838948 -0.03611372038722038 -0.02788764424622059
v 0.024217857047915455 -0.04047253355383873 -0.018873276188969612
v 0.021845405921339985 -0.03817574307322502 -0.027406873181462288
v 0.021845405921339985 -0.03817574307322502 -0.027406873181462288
v 0.024217857047915455 -0.04047253355383873 -0.018873276188969612
v 0.02317843399941921 -0.042357441037893295 -0.01856219954788685
v 0.021845405921339985 -0.03817574307322502 -0.027406873181462288
v 0.02317843399941921 -0.042357441037893295 -0.01856219954788685
v 0.02144817821681499 -0.042182277888059616 -0.02260899730026722
v 0.02144817821681499 -0.042182277888059616 -0.02260899730026722
v 0.02317843399941921 -0.042357441037893295 -0.01856219954788685
v 0.021911142393946644 -0.044101517647504807 -0.01826620288193226
v 0.02144817821681499 -0.042182277888059616 -0.02260899730026722
v 0.021911142393946644 -0.044101517647504807 -0.01826620288193226
v 0.020458502694964405 -0.04569809511303902 -0.017986895516514778
v 0.02094166539609432 -0.040168143808841705 -0.02695644088089466
v 0.02144817821681499 -0.042182277888059616 -0.02260899730026722
v 0.020179314538836476 -0.043944504112005234 -0.022264065220952034
v 0.020179314538836476 -0.043944504112005234 -0.022264065220952034
v 0.02144817821681499 -0.042182277888059616 -0.02260899730026722
v 0.020458502694964405 -0.04569809511303902 -0.017986895516514778
v 0.020179314538836476 -0.043944504112005234 -0.022264065220952034
v 0.020458502694964405 -0.04569809511303902 -0.017986895516514778
v 0.01872395537793636 -0.04556802287697792 -0.021943869069218636
v 0.01872395537793636 -0.04556802287697792 -0.021943869069218636
v 0.020458502694964405 -0.04569809511303902 -0.017986895516514778
v 0.018847202882170674 -0.04714352265000343 -0.017725767567753792
v 0.01872395537793636 -0.04556802287697792 -0.021943869069218636
v 0.018847202882170674 -0.04714352265000343 -0.017725767567753792
v 0.017081556841731068 -0.04703810438513756 -0.021649004891514778
v 0.017081556841731068 -0.04703810438513756 -0.021649004891514778
v 0.018847202882170674 -0.04714352265000343 -0.017725767567753792
v 0.0170843880623579 -0.04843636229634285 -0.017484428361058235
v 0.017081556841731068 -0.04703810438513756 -0.021649004891514778
v 0.0170843880623579 -0.04843636229634285 -0.017484428361058235
v 0.015257691964507101 -0.0483277328312397 -0.021384360268712044
v 0.015257691964507101 -0.0483277328312397 -0.021384360268712044
v 0.0170843880623579 -0.04843636229634285 -0.017484428361058235
v 0.0151792224496603 -0.04956309497356415 -0.017267705872654915
v 0.015257691964507101 -0.0483277328312397 -0.021384360268712044
v 0.0151792224496603 -0.04956309497356415 -0.017267705872654915
v 0.0132709052413702 -0.04940321296453476 -0.02115643210709095
v 0.0132709052413702 -0.04940321296453476 -0.02115643210709095
v 0.0151792224496603 -0.04956309497356415 -0.017267705872654915
v 0.013149393722414969 -0.050503116101026535 -0.01708078570663929
v 0.0132709052413702 -0.04940321296453476 -0.02115643210709095
v 0.013149393722414969 -0.050503116101026535 -0.01708078570663929
v 0.01115342043340206 -0.050239719450473785 -0.020970406010746956
v 0.01115342043340206 -0.050239719450473785 -0.020970406010746956
v 0.013149393722414969 -0.050503116101026535 -0.01708078570663929
v 0.011021329089999197 -0.05124114453792572 -0.01692766137421131
v 0.01115342043340206 -0.050239719450473785 -0.020970406010746956
v 0.011021329089999197 -0.05124114453792572 -0.01692766137421131
v 0.008939584717154501 -0.05083540827035904 -0.020827950909733772
v 0.008939584717154501 -0.05083540827035904 -0.020827950909733772
v 0.011021329089999197 -0.05124114453792572 -0.01692766137421131
v 0.008820129558444021 -0.05177788808941841 -0.016809584572911263
v 0.008939584717154501 -0.05083540827035904 -0.020827950909733772
v 0.008820129558444021 -0.05177788808941841 -0.016809584572911263
v 0.006667328998446464 -0.0512099489569664 -0.020727815106511116
v 0.006667328998446464 -0.0512099489569664 -0.020727815106511116
v 0.008820129558444021 -0.05177788808941841 -0.016809584572911263
v 0.00657372735440731 -0.05212895944714546 -0.016725482419133186
v 0.006667328998446464 -0.0512099489569664 -0.020727815106511116
v 0.00657372735440731 -0.05212895944714546 -0.016725482419133186
v 0.0043768640607595435 -0.051402490586042404 -0.020665528252720833
v 0.0043768640607595435 -0.051402490586042404 -0.020665528252720833
v 0.0044244062155485145 -0.050220757722854614 -0.024617435410618782
v 0.006667328998446464 -0.0512099489569664 -0.020727815106511116
v 0.006667328998446464 -0.0512099489569664 -0.020727815106511116
v 0.0044244062155485145 -0.050220757722854614 -0.024617435410618782
v 0.00673222355544567 -0.05002274364233017 -0.02468663640320301
v 0.006667328998446464 -0.0512099489569664 -0.020727815106511116
v 0.00673222355544567 -0.05002274364233017 -0.02468663640320301
v 0.008939584717154501 -0.05083540827035904 -0.020827950909733772
v 0.008939584717154501 -0.05083540827035904 -0.020827950909733772
v 0.00673222355544567 -0.05002274364233017 -0.02468663640320301
v 0.009013948962092398 -0.049622077494859695 -0.02480197139084339
v 0.008939584717154501 -0.05083540827035904 -0.020827950909733772
v 0.009013948962092398 -0.049622077494859695 -0.02480197139084339
v 0.01115342043340206 -0.050239719450473785 -0.020970406010746956
v 0.01115342043340206 -0.050239719450473785 -0.020970406010746956
v 0.009013948962092398 -0.049622077494859695 -0.02480197139084339
v 0.011223649606108664 -0.04897255077958107 -0.024969758465886116
v 0.01115342043340206 -0.050239719450473785 -0.020970406010746956
v 0.011223649606108664 -0.04897255077958107 -0.024969758465886116
v 0.0132709052413702 -0.04940321296453476 -0.02115643210709095
v 0.0132709052413702 -0.04940321296453476 -0.02115643210709095
v 0.011223649606108664 -0.04897255077958107 -0.024969758465886116
v 0.013316137716174124 -0.04805175960063934 -0.025192203000187874
v 0.0132709052413702 -0.04940321296453476 -0.02115643210709095
v 0.013316137716174124 -0.04805175960063934 -0.025192203000187874
v 0.015257691964507101 -0.0483277328312397 -0.021384360268712044
v 0.015257691964507101 -0.0483277328312397 -0.021384360268712044
v 0.013316137716174124 -0.04805175960063934 -0.025192203000187874
v 0.015250472351908682 -0.04686379060149193 -0.02546715922653675
v 0.015257691964507101 -0.0483277328312397 -0.021384360268712044
v 0.015250472351908682 -0.04686379060149193 -0.02546715922653675
v 0.017081556841731068 -0.04703810438513756 -0.021649004891514778
v 0.017081556841731068 -0.04703810438513756 -0.021649004891514778
v 0.015250472351908682 -0.04686379060149193 -0.02546715922653675
v 0.01699074916541576 -0.045441098511219025 -0.02578801102936268
v 0.017081556841731068 -0.04703810438513756 -0.021649004891514778
v 0.01699074916541576 -0.045441098511219025 -0.02578801102936268
v 0.01872395537793636 -0.04556802287697792 -0.021943869069218636
v 0.01872395537793636 -0.04556802287697792 -0.021943869069218636
v 0.01699074916541576 -0.045441098511219025 -0.02578801102936268
v 0.018518766388297078 -0.04382782801985741 -0.026146354153752327
v 0.01872395537793636 -0.04556802287697792 -0.021943869069218636
v 0.018518766388297078 -0.04382782801985741 -0.026146354153752327
v 0.020179314538836476 -0.043944504112005234 -0.022264065220952034
v 0.020179314538836476 -0.043944504112005234 -0.022264065220952034
v 0.018518766388297078 -0.04382782801985741 -0.026146354153752327
v 0.01983310095965862 -0.042061835527420044 -0.02653604932129383
v 0.020179314538836476 -0.043944504112005234 -0.022264065220952034
v 0.01983310095965862 -0.042061835527420044 -0.02653604932129383
v 0.02094166539609432 -0.040168143808841705 -0.02695644088089466
v 2.315176971023902e-06 -0.05017680674791336 -0.02490103431046009
v 1.4881624110785194e-06 -0.0488305389881134 -0.028503062203526497
v 0.0044244062155485145 -0.050220757722854614 -0.024617435410618782
v 0.0044244062155485145 -0.050220757722854614 -0.024617435410618782
v 1.4881624110785194e-06 -0.0488305389881134 -0.028503062203526497
v 0.004438964650034904 -0.04875845089554787 -0.028542103245854378
v 0.0044244062155485145 -0.050220757722854614 -0.024617435410618782
v 0.004438964650034904 -0.04875845089554787 -0.028542103245854378
v 0.00673222355544567 -0.05002274364233017 -0.02468663640320301
v 0.00673222355544567 -0.05002274364233017 -0.02468663640320301
v 0.004438964650034904 -0.04875845089554787 -0.028542103245854378
v 0.006740285083651542 -0.04854545369744301 -0.028616072610020638
v 0.00673222355544567 -0.05002274364233017 -0.02468663640320301
v 0.006740285083651542 -0.04854545369744301 -0.028616072610020638
v 0.009013948962092398 -0.049622077494859695 -0.02480197139084339
v 0.009013948962092398 -0.049622077494859695 -0.02480197139084339
v 0.006740285083651542 -0.04854545369744301 -0.028616072610020638
v 0.009005216881632803 -0.04811782017350197 -0.028746189549565315
v 0.009013948962092398 -0.049622077494859695 -0.02480197139084339
v 0.009005216881632803 -0.04811782017350197 -0.028746189549565315
v 0.011223649606108664 -0.04897255077958107 -0.024969758465886116
v 0.011223649606108664 -0.04897255077958107 -0.024969758465886116
v 0.009005216881632803 -0.04811782017350197 -0.028746189549565315
v 0.011185748502612112 -0.047426987439394 -0.028941871598362923
v 0.011223649606108664 -0.04897255077958107 -0.024969758465886116
v 0.011185748502612112 -0.047426987439394 -0.028941871598362923
v 0.013316137716174124 -0.04805175960063934 -0.025192203000187874
v 0.013316137716174124 -0.04805175960063934 -0.025192203000187874
v 0.011185748502612112 -0.047426987439394 -0.028941871598362923
v 0.013233950361609457 -0.0464499369263649 -0.02920699305832386
v 0.013316137716174124 -0.04805175960063934 -0.025192203000187874
v 0.013233950361609457 -0.0464499369263649 -0.02920699305832386
v 0.015250472351908682 -0.04686379060149193 -0.02546715922653675
v 0.015250472351908682 -0.04686379060149193 -0.02546715922653675
v 0.013233950361609457 -0.0464499369263649 -0.02920699305832386
v 0.015106720849871634 -0.0451924093067646 -0.029539288952946663
v 0.015250472351908682 -0.04686379060149193 -0.02546715922653675
v 0.015106720849871634 -0.0451924093067646 -0.029539288952946663
v 0.01699074916541576 -0.045441098511219025 -0.02578801102936268
v 0.01699074916541576 -0.045441098511219025 -0.02578801102936268
v 0.015106720849871634 -0.0451924093067646 -0.029539288952946663
v 0.016767716035246846 -0.043691009283065796 -0.02992999739944935
v 0.01699074916541576 -0.045441098511219025 -0.02578801102936268
v 0.016767716035246846 -0.043691009283065796 -0.02992999739944935
v 0.018518766388297078 -0.04382782801985741 -0.026146354153752327
v 0.018518766388297078 -0.04382782801985741 -0.026146354153752327
v 0.016767716035246846 -0.043691009283065796 -0.02992999739944935
v 0.01820087246596813 -0.0419955849647522 -0.03036797232925892
v 0.018518766388297078 -0.04382782801985741 -0.026146354153752327
v 0.01820087246596813 -0.0419955849647522 -0.03036797232925892
v 0.01983310095965862 -0.042061835527420044 -0.02653604932129383
v 0.01983310095965862 -0.042061835527420044 -0.02653604932129383
v 0.01820087246596813 -0.0419955849647522 -0.03036797232925892
v 0.019409259781241413 -0.040150027722120285 -0.03084433265030384
v 0.01983310095965862 -0.042061835527420044 -0.02653604932129383
v 0.019409259781241413 -0.040150027722120285 -0.03084433265030384
v 0.02094166539609432 -0.040168143808841705 -0.02695644088089466
v 0.02094166539609432 -0.040168143808841705 -0.02695644088089466
v 0.019409259781241413 -0.040150027722120285 -0.03084433265030384
v 0.020406862720847126 -0.03818448632955551 -0.03135586157441139
v 0.02094166539609432 -0.040168143808841705 -0.02695644088089466
v 0.020406862720847126 -0.03818448632955551 -0.03135586157441139
v 0.021845405921339985 -0.03817574307322502 -0.027406873181462288
v 0.021845405921339985 -0.03817574307322502 -0.027406873181462288
v 0.020406862720847126 -0.03818448632955551 -0.03135586157441139
v 0.021203694865107533 -0.03613285347819328 -0.03189903870224953
v 0.021845405921339985 -0.03817574307322502 -0.027406873181462288
v 0.021203694865107533 -0.03613285347819328 -0.03189903870224953
v 0.022540619596838948 -0.03611372038722038 -0.02788764424622059
v 0.022540619596838948 -0.03611372038722038 -0.02788764424622059
v 0.021203694865107533 -0.03613285347819328 -0.03189903870224953
v 0.02180753462016582 -0.03402845934033394 -0.03247148171067238
v 0.022540619596838948 -0.03611372038722038 -0.02788764424622059
v 0.02180753462016582 -0.03402845934033394 -0.03247148171067238
v 0.023029169067740437 -0.03398958221077919 -0.02840203233063221
v 0.023029169067740437 -0.03398958221077919 -0.02840203233063221
v 0.02180753462016582 -0.03402845934033394 -0.03247148171067238
v 0.022231979295611378 -0.031880587339401245 -0.033075038343667984
v 0.023029169067740437 -0.03398958221077919 -0.02840203233063221
v 0.022231979295611378 -0.031880587339401245 -0.033075038343667984
v 0.023304266855120655 -0.03182864189147949 -0.028941871598362923
v 0.023304266855120655 -0.03182864189147949 -0.028941871598362923
v 0.022231979295611378 -0.031880587339401245 -0.033075038343667984
v 0.02248374186456203 -0.02971126325428486 -0.033700887113809586
v 0.023304266855120655 -0.03182864189147949 -0.028941871598362923
v 0.02248374186456203 -0.02971126325428486 -0.033700887113809586
v 0.022825440391898152 -0.02847764827311039 -0.0325360931456089
v 0.022825440391898152 -0.02847764827311039 -0.0325360931456089
v 0.02248374186456203 -0.02971126325428486 -0.033700887113809586
v 0.022570556029677388 -0.027738472446799278 -0.034279946237802505
v 0.008597923442721365 -0.052930571138858795 -0.008581223897635937
v 0.008693573996424673 -0.052469585090875626 -0.01273221056908369
v 0.012882029637694357 -0.051943544298410416 -0.008733990602195263
v 0.012882029637694357 -0.051943544298410416 -0.008733990602195263
v 0.008693573996424673 -0.052469585090875626 -0.01273221056908369
v 0.010873636230826376 -0.05198948457837105 -0.012825432233512402
v 0.008597923442721365 -0.052930571138858795 -0.008581223897635937
v 0.004216713830828666 -0.0534636564552784 -0.008504274301230907
v 0.008693573996424673 -0.052469585090875626 -0.01273221056908369
v 0.008693573996424673 -0.052469585090875626 -0.01273221056908369
v 0.004216713830828666 -0.0534636564552784 -0.008504274301230907
v 0.004254965111613273 -0.053004004061222076 -0.012623193673789501
v 0.008693573996424673 -0.052469585090875626 -0.01273221056908369
v 0.004254965111613273 -0.053004004061222076 -0.012623193673789501
v 0.0043143685907125464 -0.0523235946893692 -0.016672195866703987
v 0.0043143685907125464 -0.0523235946893692 -0.016672195866703987
v 0.004254965111613273 -0.053004004061222076 -0.012623193673789501
v 4.408790118759497e-06 -0.052281949669122696 -0.01730835624039173
v 0.0043143685907125464 -0.0523235946893692 -0.016672195866703987
v 4.408790118759497e-06 -0.052281949669122696 -0.01730835624039173
v 3.529621608322486e-06 -0.05147949978709221 -0.020626069977879524
v 0.027775136753916737 -0.038213253021240234 -0.009042921476066113
v 0.02817696891725063 -0.03887498751282692 -0.005953195039182901
v 0.0277711059898138 -0.04057137668132782 -0.007570328656584024
v 0.0277711059898138 -0.04057137668132782 -0.007570328656584024
v 0.02817696891725063 -0.03887498751282692 -0.005953195039182901
v 0.028048789128661152 -0.04104303568601608 -0.005090000573545694
v 0.0277711059898138 -0.04057137668132782 -0.007570328656584024
v 0.028048789128661152 -0.04104303568601608 -0.005090000573545694
v 0.027087649330496785 -0.042702361941337585 -0.007463517133146524
v 0.027087649330496785 -0.042702361941337585 -0.007463517133146524
v 0.028048789128661152 -0.04104303568601608 -0.005090000573545694
v 0.027336483821272847 -0.0431692972779274 -0.005023064557462931
v 0.027087649330496785 -0.042702361941337585 -0.007463517133146524
v 0.027336483821272847 -0.0431692972779274 -0.005023064557462931
v 0.02595000527799129 -0.04460830241441727 -0.007355811540037394
v 0.02595000527799129 -0.04460830241441727 -0.007355811540037394
v 0.027336483821272847 -0.0431692972779274 -0.005023064557462931
v 0.02615570835769176 -0.045058511197566986 -0.004954042378813028
v 0.02595000527799129 -0.04460830241441727 -0.007355811540037394
v 0.02615570835769176 -0.045058511197566986 -0.004954042378813028
v 0.024479700252413746 -0.04625313729047775 -0.007241072598844767
v 0.024479700252413746 -0.04625313729047775 -0.007241072598844767
v 0.02615570835769176 -0.045058511197566986 -0.004954042378813028
v 0.024635760113596913 -0.04667156934738159 -0.004877510014921427
v 0.024479700252413746 -0.04625313729047775 -0.007241072598844767
v 0.024635760113596913 -0.04667156934738159 -0.004877510014921427
v 0.022886393591761586 -0.048036251217126846 -0.0047950767911970615
v 0.018694324418902394 -0.05052807554602623 -1.217602232372883e-07
v 0.017100891098380085 -0.05112851783633232 -6.215557135647032e-08
v 0.021060807630419728 -0.04937618970870972 -0.0023794795852154493
v 0.021060807630419728 -0.04937618970870972 -0.0023794795852154493
v 0.017100891098380085 -0.05112851783633232 -6.215557135647032e-08
v 0.020999869331717488 -0.049184925854206085 -0.004711213055998087
v 0.021060807630419728 -0.04937618970870972 -0.0023794795852154493
v 0.020999869331717488 -0.049184925854206085 -0.004711213055998087
v 0.022968603298068043 -0.048261649906635284 -0.0024234678130596876
v 0.022968603298068043 -0.048261649906635284 -0.0024234678130596876
v 0.020999869331717488 -0.049184925854206085 -0.004711213055998087
v 0.022886393591761586 -0.048036251217126846 -0.0047950767911970615
v 0.022968603298068043 -0.048261649906635284 -0.0024234678130596876
v 0.022886393591761586 -0.048036251217126846 -0.0047950767911970615
v 0.024744143709540364 -0.046927016228437424 -0.002465965924784541
v 0.024744143709540364 -0.046927016228437424 -0.002465965924784541
v 0.022886393591761586 -0.048036251217126846 -0.0047950767911970615
v 0.024635760113596913 -0.04667156934738159 -0.004877510014921427
v 0.024744143709540364 -0.046927016228437424 -0.002465965924784541
v 0.024635760113596913 -0.04667156934738159 -0.004877510014921427
v 0.026293007656931874 -0.045335955917835236 -0.002504232106730342
v 0.026293007656931874 -0.045335955917835236 -0.002504232106730342
v 0.024635760113596913 -0.04667156934738159 -0.004877510014921427
v 0.02615570835769176 -0.045058511197566986 -0.004954042378813028
v 0.026293007656931874 -0.045335955917835236 -0.002504232106730342
v 0.02615570835769176 -0.045058511197566986 -0.004954042378813028
v 0.027499122545123097 -0.043458521366119385 -0.0025372530799359083
v 0.027499122545123097 -0.043458521366119385 -0.0025372530799359083
v 0.02615570835769176 -0.045058511197566986 -0.004954042378813028
v 0.027336483821272847 -0.0431692972779274 -0.005023064557462931
v 0.027499122545123097 -0.043458521366119385 -0.0025372530799359083
v 0.027336483821272847 -0.0431692972779274 -0.005023064557462931
v 0.02822831831872463 -0.041337668895721436 -0.0025683667045086622
v 0.02822831831872463 -0.041337668895721436 -0.0025683667045086622
v 0.027336483821272847 -0.0431692972779274 -0.005023064557462931
v 0.028048789128661152 -0.04104303568601608 -0.005090000573545694
v 0.02822831831872463 -0.041337668895721436 -0.0025683667045086622
v 0.028048789128661152 -0.04104303568601608 -0.005090000573545694
v 0.028418621048331257 -0.03926559537649155 -0.0029889370780438185
v 0.028418621048331257 -0.03926559537649155 -0.0029889370780438185
v 0.028048789128661152 -0.04104303568601608 -0.005090000573545694
v 0.02817696891725063 -0.03887498751282692 -0.005953195039182901
v 0.02093276940286159 -0.04886145144701004 -0.0070002698339521885
v 0.017007505521178242 -0.05098195746541023 -0.004552128259092569
v 0.0169969480484724 -0.050762780010700226 -0.006774070207029581
v 0.0169969480484724 -0.050762780010700226 -0.006774070207029581
v 0.017007505521178242 -0.05098195746541023 -0.004552128259092569
v 0.012838436290621756 -0.0522816926240921 -0.004424812737852335
v 0.0169969480484724 -0.050762780010700226 -0.006774070207029581
v 0.012838436290621756 -0.0522816926240921 -0.004424812737852335
v 0.012882029637694357 -0.051943544298410416 -0.008733990602195263
v 0.012882029637694357 -0.051943544298410416 -0.008733990602195263
v 0.012838436290621756 -0.0522816926240921 -0.004424812737852335
v 0.008571168407797812 -0.053180914372205734 -0.004341962281614542
v 0.012882029637694357 -0.051943544298410416 -0.008733990602195263
v 0.008571168407797812 -0.053180914372205734 -0.004341962281614542
v 0.008597923442721365 -0.052930571138858795 -0.008581223897635937
v 0.008597923442721365 -0.052930571138858795 -0.008581223897635937
v 0.008571168407797812 -0.053180914372205734 -0.004341962281614542
v 0.004217637702822684 -0.05372249335050583 -0.00430125230923295
v 0.008597923442721365 -0.052930571138858795 -0.008581223897635937
v 0.004217637702822684 -0.05372249335050583 -0.00430125230923295
v 0.004216713830828666 -0.0534636564552784 -0.008504274301230907
v 0.004216713830828666 -0.0534636564552784 -0.008504274301230907
v 0.004217637702822684 -0.05372249335050583 -0.00430125230923295
v 5.1314964366611085e-06 -0.053532522171735764 -0.009393992833793163
v 0.004216713830828666 -0.0534636564552784 -0.008504274301230907
v 5.1314964366611085e-06 -0.053532522171735764 -0.009393992833793163
v 5.168749339645728e-06 -0.05313237011432648 -0.012595715932548046
v 0.027189573273062703 -0.03722811117768288 -0.01241785567253828
v 0.027775136753916737 -0.038213253021240234 -0.009042921476066113
v 0.027410110458731648 -0.03994371369481087 -0.010014834813773632
v 0.027410110458731648 -0.03994371369481087 -0.010014834813773632
v 0.027775136753916737 -0.038213253021240234 -0.009042921476066113
v 0.0277711059898138 -0.04057137668132782 -0.007570328656584024
v 0.027410110458731648 -0.03994371369481087 -0.010014834813773632
v 0.0277711059898138 -0.04057137668132782 -0.007570328656584024
v 0.026765098795294758 -0.04207884892821312 -0.009864750318229198
v 0.026765098795294758 -0.04207884892821312 -0.009864750318229198
v 0.0277711059898138 -0.04057137668132782 -0.007570328656584024
v 0.027087649330496785 -0.042702361941337585 -0.007463517133146524
v 0.026765098795294758 -0.04207884892821312 -0.009864750318229198
v 0.027087649330496785 -0.042702361941337585 -0.007463517133146524
v 0.025685099884867665 -0.04400552436709404 -0.009716215543448925
v 0.025685099884867665 -0.04400552436709404 -0.009716215543448925
v 0.027087649330496785 -0.042702361941337585 -0.007463517133146524
v 0.02595000527799129 -0.04460830241441727 -0.007355811540037394
v 0.025685099884867665 -0.04400552436709404 -0.009716215543448925
v 0.02595000527799129 -0.04460830241441727 -0.007355811540037394
v 0.02428149990737438 -0.04569004476070404 -0.009562972001731396
v 0.02428149990737438 -0.04569004476070404 -0.009562972001731396
v 0.02595000527799129 -0.04460830241441727 -0.007355811540037394
v 0.024479700252413746 -0.04625313729047775 -0.007241072598844767
v 0.02428149990737438 -0.04569004476070404 -0.009562972001731396
v 0.024479700252413746 -0.04625313729047775 -0.007241072598844767
v 0.022645493969321247 -0.04715386778116226 -0.00940645020455122
v 0.022645493969321247 -0.04715386778116226 -0.00940645020455122
v 0.024479700252413746 -0.04625313729047775 -0.007241072598844767
v 0.022886393591761586 -0.048036251217126846 -0.0047950767911970615
v 0.022645493969321247 -0.04715386778116226 -0.00940645020455122
v 0.022886393591761586 -0.048036251217126846 -0.0047950767911970615
v 0.02093276940286159 -0.04886145144701004 -0.0070002698339521885
v 0.02093276940286159 -0.04886145144701004 -0.0070002698339521885
v 0.022886393591761586 -0.048036251217126846 -0.0047950767911970615
v 0.020999869331717488 -0.049184925854206085 -0.004711213055998087
v 0.02093276940286159 -0.04886145144701004 -0.0070002698339521885
v 0.020999869331717488 -0.049184925854206085 -0.004711213055998087
v 0.017007505521178242 -0.05098195746541023 -0.004552128259092569
v 0.017007505521178242 -0.05098195746541023 -0.004552128259092569
v 0.020999869331717488 -0.049184925854206085 -0.004711213055998087
v 0.017100891098380085 -0.05112851783633232 -6.215557135647032e-08
v 0.017007505521178242 -0.05098195746541023 -0.004552128259092569
v 0.017100891098380085 -0.05112851783633232 -6.215557135647032e-08
v 0.015594070777297018 -0.0516245998442173 -1.217602232372883e-07
v 0.020858189091086384 -0.04841824993491173 -0.009251835756003857
v 0.02068126760423183 -0.04722265899181366 -0.013663294725120068
v 0.022645493969321247 -0.04715386778116226 -0.00940645020455122
v 0.022645493969321247 -0.04715386778116226 -0.00940645020455122
v 0.02068126760423183 -0.04722265899181366 -0.013663294725120068
v 0.022315336391329762 -0.045800499618053436 -0.013881090097129345
v 0.022645493969321247 -0.04715386778116226 -0.00940645020455122
v 0.022315336391329762 -0.045800499618053436 -0.013881090097129345
v 0.02428149990737438 -0.04569004476070404 -0.009562972001731396
v 0.02428149990737438 -0.04569004476070404 -0.009562972001731396
v 0.022315336391329762 -0.045800499618053436 -0.013881090097129345
v 0.023780917748808857 -0.04420315474271774 -0.014107468537986279
v 0.02428149990737438 -0.04569004476070404 -0.009562972001731396
v 0.023780917748808857 -0.04420315474271774 -0.014107468537986279
v 0.025685099884867665 -0.04400552436709404 -0.009716215543448925
v 0.025685099884867665 -0.04400552436709404 -0.009716215543448925
v 0.023780917748808857 -0.04420315474271774 -0.014107468537986279
v 0.025014584884047505 -0.04242302104830742 -0.014338615350425243
v 0.025685099884867665 -0.04400552436709404 -0.009716215543448925
v 0.025014584884047505 -0.04242302104830742 -0.014338615350425243
v 0.026765098795294758 -0.04207884892821312 -0.009864750318229198
v 0.026765098795294758 -0.04207884892821312 -0.009864750318229198
v 0.025014584884047505 -0.04242302104830742 -0.014338615350425243
v 0.025948790833353993 -0.04044661670923233 -0.014574292115867138
v 0.026765098795294758 -0.04207884892821312 -0.009864750318229198
v 0.025948790833353993 -0.04044661670923233 -0.014574292115867138
v 0.027410110458731648 -0.03994371369481087 -0.010014834813773632
v 0.027410110458731648 -0.03994371369481087 -0.010014834813773632
v 0.025948790833353993 -0.04044661670923233 -0.014574292115867138
v 0.02649757824838161 -0.038304444402456284 -0.014818373136222363
v 0.027410110458731648 -0.03994371369481087 -0.010014834813773632
v 0.02649757824838161 -0.038304444402456284 -0.014818373136222363
v 0.027189573273062703 -0.03722811117768288 -0.01241785567253828
v 0.027189573273062703 -0.03722811117768288 -0.01241785567253828
v 0.02649757824838161 -0.038304444402456284 -0.014818373136222363
v 0.02664963714778423 -0.03629487007856369 -0.015053036622703075
v 0.018919279798865315 -0.04848167672753334 -0.013457122258841991
v 0.018970934674143788 -0.049509838223457336 -0.009103181771934032
v 0.017043491825461384 -0.049590203911066055 -0.013265791349112988
v 0.017043491825461384 -0.049590203911066055 -0.013265791349112988
v 0.018970934674143788 -0.049509838223457336 -0.009103181771934032
v 0.017003117129206654 -0.05045395717024803 -0.008964541368186474
v 0.017043491825461384 -0.049590203911066055 -0.013265791349112988
v 0.017003117129206654 -0.05045395717024803 -0.008964541368186474
v 0.01506594382226467 -0.0505487285554409 -0.013094070367515087
v 0.01506594382226467 -0.0505487285554409 -0.013094070367515087
v 0.017003117129206654 -0.05045395717024803 -0.008964541368186474
v 0.01496872119605541 -0.05126349627971649 -0.00884032528847456
v 0.01506594382226467 -0.0505487285554409 -0.013094070367515087
v 0.01496872119605541 -0.05126349627971649 -0.00884032528847456
v 0.013002729043364523 -0.05135028809309006 -0.012946310453116894
v 0.010873636230826376 -0.05198948457837105 -0.012825432233512402
v 0.013002729043364523 -0.05135028809309006 -0.012946310453116894
v 0.012882029637694357 -0.051943544298410416 -0.008733990602195263
v 0.012882029637694357 -0.051943544298410416 -0.008733990602195263
v 0.013002729043364523 -0.05135028809309006 -0.012946310453116894
v 0.01496872119605541 -0.05126349627971649 -0.00884032528847456
v 0.012882029637694357 -0.051943544298410416 -0.008733990602195263
v 0.01496872119605541 -0.05126349627971649 -0.00884032528847456
v 0.0169969480484724 -0.050762780010700226 -0.006774070207029581
v 0.0169969480484724 -0.050762780010700226 -0.006774070207029581
v 0.01496872119605541 -0.05126349627971649 -0.00884032528847456
v 0.017003117129206654 -0.05045395717024803 -0.008964541368186474
v 0.0169969480484724 -0.050762780010700226 -0.006774070207029581
v 0.017003117129206654 -0.05045395717024803 -0.008964541368186474
v 0.02093276940286159 -0.04886145144701004 -0.0070002698339521885
v 0.02093276940286159 -0.04886145144701004 -0.0070002698339521885
v 0.017003117129206654 -0.05045395717024803 -0.008964541368186474
v 0.018970934674143788 -0.049509838223457336 -0.009103181771934032
v 0.02093276940286159 -0.04886145144701004 -0.0070002698339521885
v 0.018970934674143788 -0.049509838223457336 -0.009103181771934032
v 0.020858189091086384 -0.04841824993491173 -0.009251835756003857
v 0.020858189091086384 -0.04841824993491173 -0.009251835756003857
v 0.018970934674143788 -0.049509838223457336 -0.009103181771934032
v 0.018919279798865315 -0.04848167672753334 -0.013457122258841991
v 0.020858189091086384 -0.04841824993491173 -0.009251835756003857
v 0.018919279798865315 -0.04848167672753334 -0.013457122258841991
v 0.02068126760423183 -0.04722265899181366 -0.013663294725120068
v 0.025528227910399433 -0.03427380695939064 -0.01994037814438343
v 0.0260931234806776 -0.03530699759721756 -0.017537416890263557
v 0.02542992495000362 -0.0362933985888958 -0.019544722512364388
v 0.02542992495000362 -0.0362933985888958 -0.019544722512364388
v 0.0260931234806776 -0.03530699759721756 -0.017537416890263557
v 0.02649757824838161 -0.038304444402456284 -0.014818373136222363
v 0.02542992495000362 -0.0362933985888958 -0.019544722512364388
v 0.02649757824838161 -0.038304444402456284 -0.014818373136222363
v 0.024987457320094105 -0.03844163566827774 -0.019200922921299934
v 0.024987457320094105 -0.03844163566827774 -0.019200922921299934
v 0.02649757824838161 -0.038304444402456284 -0.014818373136222363
v 0.025948790833353993 -0.04044661670923233 -0.014574292115867138
v 0.024987457320094105 -0.03844163566827774 -0.019200922921299934
v 0.025948790833353993 -0.04044661670923233 -0.014574292115867138
v 0.024217857047915455 -0.04047253355383873 -0.018873276188969612
v 0.024217857047915455 -0.04047253355383873 -0.018873276188969612
v 0.025948790833353993 -0.04044661670923233 -0.014574292115867138
v 0.025014584884047505 -0.04242302104830742 -0.014338615350425243
v 0.024217857047915455 -0.04047253355383873 -0.018873276188969612
v 0.025014584884047505 -0.04242302104830742 -0.014338615350425243
v 0.02317843399941921 -0.042357441037893295 -0.01856219954788685
v 0.02317843399941921 -0.042357441037893295 -0.01856219954788685
v 0.025014584884047505 -0.04242302104830742 -0.014338615350425243
v 0.023780917748808857 -0.04420315474271774 -0.014107468537986279
v 0.02317843399941921 -0.042357441037893295 -0.01856219954788685
v 0.023780917748808857 -0.04420315474271774 -0.014107468537986279
v 0.021911142393946644 -0.044101517647504807 -0.01826620288193226
v 0.021911142393946644 -0.044101517647504807 -0.01826620288193226
v 0.023780917748808857 -0.04420315474271774 -0.014107468537986279
v 0.022315336391329762 -0.045800499618053436 -0.013881090097129345
v 0.021911142393946644 -0.044101517647504807 -0.01826620288193226
v 0.022315336391329762 -0.045800499618053436 -0.013881090097129345
v 0.020458502694964405 -0.04569809511303902 -0.017986895516514778
v 0.020458502694964405 -0.04569809511303902 -0.017986895516514778
v 0.022315336391329762 -0.045800499618053436 -0.013881090097129345
v 0.02068126760423183 -0.04722265899181366 -0.013663294725120068
v 0.020458502694964405 -0.04569809511303902 -0.017986895516514778
v 0.02068126760423183 -0.04722265899181366 -0.013663294725120068
v 0.018847202882170674 -0.04714352265000343 -0.017725767567753792
v 0.018847202882170674 -0.04714352265000343 -0.017725767567753792
v 0.02068126760423183 -0.04722265899181366 -0.013663294725120068
v 0.018919279798865315 -0.04848167672753334 -0.013457122258841991
v 0.018847202882170674 -0.04714352265000343 -0.017725767567753792
v 0.018919279798865315 -0.04848167672753334 -0.013457122258841991
v 0.0170843880623579 -0.04843636229634285 -0.017484428361058235
v 0.0170843880623579 -0.04843636229634285 -0.017484428361058235
v 0.018919279798865315 -0.04848167672753334 -0.013457122258841991
v 0.017043491825461384 -0.049590203911066055 -0.013265791349112988
v 0.0170843880623579 -0.04843636229634285 -0.017484428361058235
v 0.017043491825461384 -0.049590203911066055 -0.013265791349112988
v 0.0151792224496603 -0.04956309497356415 -0.017267705872654915
v 0.0151792224496603 -0.04956309497356415 -0.017267705872654915
v 0.017043491825461384 -0.049590203911066055 -0.013265791349112988
v 0.01506594382226467 -0.0505487285554409 -0.013094070367515087
v 0.0151792224496603 -0.04956309497356415 -0.017267705872654915
v 0.01506594382226467 -0.0505487285554409 -0.013094070367515087
v 0.013149393722414969 -0.050503116101026535 -0.01708078570663929
v 0.013149393722414969 -0.050503116101026535 -0.01708078570663929
v 0.01506594382226467 -0.0505487285554409 -0.013094070367515087
v 0.013002729043364523 -0.05135028809309006 -0.012946310453116894
v 0.013149393722414969 -0.050503116101026535 -0.01708078570663929
v 0.013002729043364523 -0.05135028809309006 -0.012946310453116894
v 0.011021329089999197 -0.05124114453792572 -0.01692766137421131
v 0.011021329089999197 -0.05124114453792572 -0.01692766137421131
v 0.013002729043364523 -0.05135028809309006 -0.012946310453116894
v 0.010873636230826376 -0.05198948457837105 -0.012825432233512402
v 0.011021329089999197 -0.05124114453792572 -0.01692766137421131
v 0.010873636230826376 -0.05198948457837105 -0.012825432233512402
v 0.008820129558444021 -0.05177788808941841 -0.016809584572911263
v 0.008820129558444021 -0.05177788808941841 -0.016809584572911263
v 0.010873636230826376 -0.05198948457837105 -0.012825432233512402
v 0.008693573996424673 -0.052469585090875626 -0.01273221056908369
v 0.008820129558444021 -0.05177788808941841 -0.016809584572911263
v 0.008693573996424673 -0.052469585090875626 -0.01273221056908369
v 0.00657372735440731 -0.05212895944714546 -0.016725482419133186
v 0.00657372735440731 -0.05212895944714546 -0.016725482419133186
v 0.008693573996424673 -0.052469585090875626 -0.01273221056908369
v 0.0043143685907125464 -0.0523235946893692 -0.016672195866703987
v 0.00657372735440731 -0.05212895944714546 -0.016725482419133186
v 0.0043143685907125464 -0.0523235946893692 -0.016672195866703987
v 0.0043768640607595435 -0.051402490586042404 -0.020665528252720833
v 0.0043768640607595435 -0.051402490586042404 -0.020665528252720833
v 0.0043143685907125464 -0.0523235946893692 -0.016672195866703987
v 3.529621608322486e-06 -0.05147949978709221 -0.020626069977879524
v 0.0043768640607595435 -0.051402490586042404 -0.020665528252720833
v 3.529621608322486e-06 -0.05147949978709221 -0.020626069977879524
v 2.315176971023902e-06 -0.05017680674791336 -0.02490103431046009
v 0.029001122340559956 -1.1719970549606273e-09 -0.06999993324279785
v 0.029001122340559956 -1.1719970549606273e-09 -0.07300001382827759
v 0.02884014509618282 0.003051346866413951 -0.06999993324279785
v 0.02884014509618282 0.003051346866413951 -0.06999993324279785
v 0.029001122340559956 -1.1719970549606273e-09 -0.07300001382827759
v 0.028950823470950123 0.0017072546761482954 -0.07300001382827759
v 0.02884014509618282 0.003051346866413951 -0.06999993324279785
v 0.028950823470950123 0.0017072546761482954 -0.07300001382827759
v 0.02835881523787975 0.006069763097912073 -0.0700000524520874
v 0.02835881523787975 0.006069763097912073 -0.0700000524520874
v 0.028950823470950123 0.0017072546761482954 -0.07300001382827759
v 0.027912324294447895 0.007871775887906551 -0.07300001382827759
v 0.02835881523787975 0.006069763097912073 -0.0700000524520874
v 0.027912324294447895 0.007871775887906551 -0.07300001382827759
v 0.027912331745028492 0.007871775887906551 -0.0700000524520874
v 0.027912331745028492 0.007871775887906551 -0.0700000524520874
v 0.027912324294447895 0.007871775887906551 -0.07300001382827759
v 0.027562512084841725 0.009020528756082058 -0.0700000524520874
v 0.027562512084841725 0.009020528756082058 -0.0700000524520874
v 0.027912324294447895 0.007871775887906551 -0.07300001382827759
v 0.026460072025656697 0.011871098540723324 -0.06999987363815308
v 0.026460072025656697 0.011871098540723324 -0.06999987363815308
v 0.027912324294447895 0.007871775887906551 -0.07300001382827759
v 0.02557684294879436 0.013670503161847591 -0.07300001382827759
v 0.026460072025656697 0.011871098540723324 -0.06999987363815308
v 0.02557684294879436 0.013670503161847591 -0.07300001382827759
v 0.025576828047633168 0.013670503161847591 -0.06999987363815308
v 0.021454347297549244 0.01951306127011776 -0.06999999284744263
v 0.02205291204154491 0.018834000453352928 -0.0700000524520874
v 0.022052897140383717 0.01883399300277233 -0.07300001382827759
v 0.022052897140383717 0.01883399300277233 -0.07300001382827759
v 0.02205291204154491 0.018834000453352928 -0.0700000524520874
v 0.023388868197798725 0.017146846279501915 -0.06999999284744263
v 0.022052897140383717 0.01883399300277233 -0.07300001382827759
v 0.023388868197798725 0.017146846279501915 -0.06999999284744263
v 0.02557684294879436 0.013670503161847591 -0.07300001382827759
v 0.02557684294879436 0.013670503161847591 -0.07300001382827759
v 0.023388868197798725 0.017146846279501915 -0.06999999284744263
v 0.02506369166076183 0.014589971862733364 -0.06999987363815308
v 0.02557684294879436 0.013670503161847591 -0.07300001382827759
v 0.02506369166076183 0.014589971862733364 -0.06999987363815308
v 0.025576828047633168 0.013670503161847591 -0.06999987363815308
v 0.021454347297549244 0.01951306127011776 -0.06999999284744263
v 0.022052897140383717 0.01883399300277233 -0.07300001382827759
v 0.019281690940260884 0.021662374958395958 -0.0699998140335083
v 0.019281690940260884 0.021662374958395958 -0.0699998140335083
v 0.022052897140383717 0.01883399300277233 -0.07300001382827759
v 0.01750424318015575 0.023122301325201988 -0.07300001382827759
v 0.019281690940260884 0.021662374958395958 -0.0699998140335083
v 0.01750424318015575 0.023122301325201988 -0.07300001382827759
v 0.017504250630736348 0.023122301325201988 -0.06999987363815308
v 0.012142254039645193 0.026336153969168663 -0.07300001382827759
v 0.012142254039645193 0.02633613906800747 -0.06999987363815308
v 0.014319723471999167 0.025218619033694267 -0.06999999284744263
v 0.012142254039645193 0.026336153969168663 -0.07300001382827759
v 0.014319723471999167 0.025218619033694267 -0.06999999284744263
v 0.01750424318015575 0.023122301325201988 -0.07300001382827759
v 0.01750424318015575 0.023122301325201988 -0.07300001382827759
v 0.014319723471999167 0.025218619033694267 -0.06999999284744263
v 0.016894487664103505 0.02357148937880993 -0.06999993324279785
v 0.01750424318015575 0.023122301325201988 -0.07300001382827759
v 0.016894487664103505 0.02357148937880993 -0.06999993324279785
v 0.017504250630736348 0.023122301325201988 -0.06999987363815308
v 0.005764318630099296 0.028421593829989433 -0.06999987363815308
v 0.006216092035174369 0.02832622639834881 -0.0699998140335083
v 0.006216092035174369 0.028326211497187614 -0.07300001382827759
v 0.006216092035174369 0.028326211497187614 -0.07300001382827759
v 0.006216092035174369 0.02832622639834881 -0.0699998140335083
v 0.008723897859454153 0.027657045051455498 -0.06999975442886353
v 0.006216092035174369 0.028326211497187614 -0.07300001382827759
v 0.008723897859454153 0.027657045051455498 -0.06999975442886353
v 0.012142254039645193 0.026336153969168663 -0.07300001382827759
v 0.012142254039645193 0.026336153969168663 -0.07300001382827759
v 0.008723897859454153 0.027657045051455498 -0.06999975442886353
v 0.011586254462599753 0.026585405692458153 -0.0699998140335083
v 0.012142254039645193 0.026336153969168663 -0.07300001382827759
v 0.011586254462599753 0.026585405692458153 -0.0699998140335083
v 0.012142254039645193 0.02633613906800747 -0.06999987363815308
v 0.005764318630099296 0.028421593829989433 -0.06999987363815308
v 0.006216092035174369 0.028326211497187614 -0.07300001382827759
v 0.002741029486060142 0.028870275244116783 -0.06999993324279785
v 0.002741029486060142 0.028870275244116783 -0.06999993324279785
v 0.006216092035174369 0.028326211497187614 -0.07300001382827759
v 1.1230836207687387e-06 0.028999997302889824 -0.07300001382827759
v 0.002741029486060142 0.028870275244116783 -0.06999993324279785
v 1.1230836207687387e-06 0.028999997302889824 -0.07300001382827759
v 1.1230836207687387e-06 0.028999967500567436 -0.06999999284744263
v -0.006213841959834098 0.028326211497187614 -0.07300001382827759
v -0.006213845685124396 0.02832622639834881 -0.0699998140335083
v -0.00592987798154354 0.028387052938342094 -0.06999987363815308
v -0.006213841959834098 0.028326211497187614 -0.07300001382827759
v -0.00592987798154354 0.028387052938342094 -0.06999987363815308
v 1.1230836207687387e-06 0.028999997302889824 -0.07300001382827759
v 1.1230836207687387e-06 0.028999997302889824 -0.07300001382827759
v -0.00592987798154354 0.028387052938342094 -0.06999987363815308
v -0.002908384427428245 0.028853682801127434 -0.06999993324279785
v 1.1230836207687387e-06 0.028999997302889824 -0.07300001382827759
v -0.002908384427428245 0.028853682801127434 -0.06999993324279785
v 1.1230836207687387e-06 0.028999967500567436 -0.06999999284744263
v -0.014465989544987677 0.02513371966779232 -0.06999999284744263
v -0.012140003964304922 0.02633613906800747 -0.06999987363815308
v -0.01214000768959522 0.026336153969168663 -0.07300001382827759
v -0.01214000768959522 0.026336153969168663 -0.07300001382827759
v -0.012140003964304922 0.02633613906800747 -0.06999987363815308
v -0.011740094050765036 0.02651684544980526 -0.06999987363815308
v -0.01214000768959522 0.026336153969168663 -0.07300001382827759
v -0.011740094050765036 0.02651684544980526 -0.06999987363815308
v -0.006213841959834098 0.028326211497187614 -0.07300001382827759
v -0.006213841959834098 0.028326211497187614 -0.07300001382827759
v -0.011740094050765036 0.02651684544980526 -0.06999987363815308
v -0.008884010836482046 0.02760530821979046 -0.06999975442886353
v -0.006213841959834098 0.028326211497187614 -0.07300001382827759
v -0.008884010836482046 0.02760530821979046 -0.06999975442886353
v -0.006213845685124396 0.02832622639834881 -0.0699998140335083
v -0.014465989544987677 0.02513371966779232 -0.06999999284744263
v -0.01214000768959522 0.026336153969168663 -0.07300001382827759
v -0.01703083328902721 0.0234715323895216 -0.06999987363815308
v -0.01703083328902721 0.0234715323895216 -0.06999987363815308
v -0.01214000768959522 0.026336153969168663 -0.07300001382827759
v -0.017501996830105778 0.023122301325201988 -0.07300001382827759
v -0.01703083328902721 0.0234715323895216 -0.06999987363815308
v -0.017501996830105778 0.023122301325201988 -0.07300001382827759
v -0.017502000555396077 0.023122301325201988 -0.06999987363815308
v -0.023487331345677372 0.01700863055884838 -0.06999999284744263
v -0.02205066196620464 0.018834000453352928 -0.0700000524520874
v -0.022050650790333744 0.01883399300277233 -0.07300001382827759
v -0.022050650790333744 0.01883399300277233 -0.07300001382827759
v -0.02205066196620464 0.018834000453352928 -0.0700000524520874
v -0.021566601470112797 0.019386431202292442 -0.06999999284744263
v -0.022050650790333744 0.01883399300277233 -0.07300001382827759
v -0.021566601470112797 0.019386431202292442 -0.06999999284744263
v -0.017501996830105778 0.023122301325201988 -0.07300001382827759
v -0.017501996830105778 0.023122301325201988 -0.07300001382827759
v -0.021566601470112797 0.019386431202292442 -0.06999999284744263
v -0.01940633542835712 0.021548761054873466 -0.0699998140335083
v -0.017501996830105778 0.023122301325201988 -0.07300001382827759
v -0.01940633542835712 0.021548761054873466 -0.0699998140335083
v -0.017502000555396077 0.023122301325201988 -0.06999987363815308
v -0.023487331345677372 0.01700863055884838 -0.06999999284744263
v -0.022050650790333744 0.01883399300277233 -0.07300001382827759
v -0.025146847590804097 0.014442271552979946 -0.06999987363815308
v -0.025146847590804097 0.014442271552979946 -0.06999987363815308
v -0.022050650790333744 0.01883399300277233 -0.07300001382827759
v -0.02557459287345409 0.013670503161847591 -0.07300001382827759
v -0.025146847590804097 0.014442271552979946 -0.06999987363815308
v -0.02557459287345409 0.013670503161847591 -0.07300001382827759
v -0.025574581697583195 0.013670503161847591 -0.06999987363815308
v -0.027910077944397923 0.007871775887906551 -0.07300001382827759
v -0.027612896636128422 0.008858098648488522 -0.0700000524520874
v -0.02557459287345409 0.013670503161847591 -0.07300001382827759
v -0.02557459287345409 0.013670503161847591 -0.07300001382827759
v -0.027612896636128422 0.008858098648488522 -0.0700000524520874
v -0.02652717567980289 0.011715314351022243 -0.06999987363815308
v -0.02557459287345409 0.013670503161847591 -0.07300001382827759
v -0.02652717567980289 0.011715314351022243 -0.06999987363815308
v -0.025574581697583195 0.013670503161847591 -0.06999987363815308
v -0.028855359181761738 0.0028815630357712507 -0.06999993324279785
v -0.028391843661665913 0.005902557168155909 -0.0700000524520874
v -0.027910077944397923 0.007871775887906551 -0.07300001382827759
v -0.027910077944397923 0.007871775887906551 -0.07300001382827759
v -0.028391843661665913 0.005902557168155909 -0.0700000524520874
v -0.02791008539497852 0.007871775887906551 -0.0700000524520874
v -0.027910077944397923 0.007871775887906551 -0.07300001382827759
v -0.02791008539497852 0.007871775887906551 -0.0700000524520874
v -0.027612896636128422 0.008858098648488522 -0.0700000524520874
v -0.027910077944397923 0.007871775887906551 -0.07300001382827759
v -0.02894857712090015 0.0017072546761482954 -0.07300001382827759
v -0.028855359181761738 0.0028815630357712507 -0.06999993324279785
v -0.028855359181761738 0.0028815630357712507 -0.06999993324279785
v -0.02894857712090015 0.0017072546761482954 -0.07300001382827759
v -0.028998875990509983 -1.172295815976554e-09 -0.07300001382827759
v -0.028855359181761738 0.0028815630357712507 -0.06999993324279785
v -0.028998875990509983 -1.172295815976554e-09 -0.07300001382827759
v -0.028998872265219685 -1.172295815976554e-09 -0.06999993324279785
v -0.028198877349495884 0.009436002932488918 0.0009999845642596483
v -0.028198877349495884 0.009436002932488918 -2.5509288015257425e-09
v -0.027491843327879902 0.009436002932488918 0.006275115069001913
v -0.027491843327879902 0.009436002932488918 -0.006275119725614786
v -0.028198877349495884 0.009436002932488918 -0.0009999896865338087
v -0.025406198576092717 0.009436002932488918 0.012235519476234913
v -0.027581008151173588 0.009436002932488918 0.007174668367952108
v -0.028481325134634968 0.009436002932488918 0.0009999845642596483
v -0.028481325134634968 0.009436002932488918 -0.0009999896865338087
v -0.027581008151173588 0.009436002932488918 -0.0071746730245649815
v -0.025406198576092717 0.009436002932488918 -0.01223552506417036
v -0.02535847388207912 0.009436002932488918 -0.013005438260734081
v -0.02204652316868305 0.009436002932488918 -0.017582418397068977
v -0.02192026190459728 0.009436002932488918 -0.018212737515568733
v -0.01758128963410854 0.009436002932488918 -0.02204764075577259
v -0.01743119768798351 0.009436002932488918 -0.022546948865056038
v -0.012234399095177649 0.009436002932488918 -0.02540731616318226
v -0.012106472626328467 0.009436002932488918 -0.02580028958618641
v -0.006273968145251273 0.009436002932488918 -0.027492942288517952
v -0.00620133988559246 0.009436002932488918 -0.0278168935328722
v 1.1230837344555764e-06 0.009436002932488918 -0.028199972584843636
v 1.1230837344555764e-06 0.009436002932488918 -0.028500022366642952
v 0.006276210770010947 0.009436002932488918 -0.027492942288517952
v 0.0059266071766614905 0.009436002932488918 -0.027877213433384895
v 0.012236645445227621 0.009436002932488918 -0.02540731616318226
v 0.01159311644732952 0.009436002932488918 -0.02603602595627308
v 0.01675300113856792 0.009436002932488918 -0.023056985810399055
v 0.01758353970944881 0.009436002932488918 -0.02204764075577259
v 0.021180754527449604 0.009436002932488918 -0.019070209935307503
v 0.02204876951873302 0.009436002932488918 -0.017582418397068977
v 0.02468284778296947 0.009436002932488918 -0.014249983243644238
v 0.02540844492614269 0.009436002932488918 -0.01223552506417036
v 0.027106231078505513 0.009436002932488918 -0.008807006292045116
v 0.027494093403220173 0.009436002932488918 -0.006275119725614786
v 0.028344994410872456 0.009436002932488918 -0.0029790427070111036
v 0.028201123699545857 0.009436002932488918 -2.5509288015257425e-09
v 0.028344994410872456 0.009436002932488918 0.0029790375847369432
v 0.027494093403220173 0.009436002932488918 0.006275115069001913
v 0.027106231078505513 0.009436002932488918 0.008807000704109669
v 0.02540844492614269 0.009436002932488918 0.012235519476234913
v 0.02468284778296947 0.009436002932488918 0.01424997765570879
v 0.02204876951873302 0.009436002932488918 0.01758241467177868
v 0.021180754527449604 0.009436002932488918 0.019070206210017204
v 0.01758353970944881 0.009436002932488918 0.022047637030482292
v 0.01675300113856792 0.009436002932488918 0.023056982085108757
v 0.012236645445227621 0.009436002932488918 0.02540731243789196
v 0.01159311644732952 0.009436002932488918 0.02603602223098278
v 0.006276210770010947 0.009436002932488918 0.027492938563227654
v 0.0059266071766614905 0.009436002932488918 0.027877209708094597
v 1.1230837344555764e-06 0.009436002932488918 0.028200028464198112
v 1.1230837344555764e-06 0.009436002932488918 0.028500018641352654
v -0.006273968145251273 0.009436002932488918 0.027492938563227654
v -0.00620133988559246 0.009436002932488918 0.0278168898075819
v -0.012234399095177649 0.009436002932488918 0.02540731243789196
v -0.012106472626328467 0.009436002932488918 0.02580028586089611
v -0.01758128963410854 0.009436002932488918 0.022047637030482292
v -0.01743119768798351 0.009436002932488918 0.02254694513976574
v -0.02204652316868305 0.009436002932488918 0.01758241467177868
v -0.02192026190459728 0.009436002932488918 0.018212733790278435
v -0.02535847388207912 0.009436002932488918 0.013005432672798634
v 0.028701124712824818 -1.1719986092728618e-09 -0.07300001382827759
v 0.028950823470950123 -0.0017072532791644335 -0.07300001382827759
v 0.02807395718991756 -0.005967067088931799 -0.07300001382827759
v 0.027912324294447895 -0.007871774025261402 -0.07300001382827759
v 0.026219880208373066 -0.011673339642584324 -0.07300001382827759
v 0.02557684294879436 -0.01367050502449274 -0.07300001382827759
v 0.023219911381602284 -0.01686943881213665 -0.07300001382827759
v 0.022052897140383717 -0.01883399300277233 -0.07300001382827759
v 0.019205173477530476 -0.021328257396817207 -0.07300001382827759
v 0.01750424318015575 -0.023122301325201988 -0.07300001382827759
v 0.014351120218634604 -0.024854930117726326 -0.07300001382827759
v 0.012142254039645193 -0.026336153969168663 -0.07300001382827759
v 0.008869914337992666 -0.027295323088765144 -0.07300001382827759
v 0.006216092035174369 -0.028326211497187614 -0.07300001382827759
v 0.0030010920017957683 -0.02854277938604355 -0.07300001382827759
v 1.1230838481424141e-06 -0.029000001028180122 -0.07300001382827759
v -0.0029988419264554973 -0.02854277938604355 -0.07300001382827759
v -0.006213841959834098 -0.028326211497187614 -0.07300001382827759
v -0.008867664262652395 -0.027295323088765144 -0.07300001382827759
v -0.01214000768959522 -0.026336153969168663 -0.07300001382827759
v -0.01434887759387493 -0.024854930117726326 -0.07300001382827759
v -0.017501996830105778 -0.023122301325201988 -0.07300001382827759
v -0.019202923402190205 -0.021328257396817207 -0.07300001382827759
v -0.022050650790333744 -0.01883399300277233 -0.07300001382827759
v -0.02321766503155231 -0.01686943881213665 -0.07300001382827759
v -0.02557459287345409 -0.01367050502449274 -0.07300001382827759
v -0.026217630133032795 -0.011673339642584324 -0.07300001382827759
v -0.027910077944397923 -0.007871774025261402 -0.07300001382827759
v -0.02807171083986759 -0.005967067088931799 -0.07300001382827759
v -0.02894857712090015 -0.0017072532791644335 -0.07300001382827759
v -0.028698874637484547 -1.1722942616643195e-09 -0.07300001382827759
v -0.028998875990509983 -1.172295815976554e-09 -0.07300001382827759
v -0.02894857712090015 0.0017072546761482954 -0.07300001382827759
v -0.02807171083986759 0.005967064294964075 -0.07300001382827759
v -0.027910077944397923 0.007871775887906551 -0.07300001382827759
v -0.026217630133032795 0.011673345230519772 -0.07300001382827759
v -0.02557459287345409 0.013670503161847591 -0.07300001382827759
v -0.02321766503155231 0.01686943881213665 -0.07300001382827759
v -0.022050650790333744 0.01883399300277233 -0.07300001382827759
v -0.019202923402190205 0.02132825367152691 -0.07300001382827759
v -0.017501996830105778 0.023122301325201988 -0.07300001382827759
v -0.01434887759387493 0.024854926392436028 -0.07300001382827759
v -0.01214000768959522 0.026336153969168663 -0.07300001382827759
v -0.008867664262652395 0.027295319363474846 -0.07300001382827759
v -0.006213841959834098 0.028326211497187614 -0.07300001382827759
v -0.0029988419264554973 0.0285427775233984 -0.07300001382827759
v 1.1230836207687387e-06 0.028999997302889824 -0.07300001382827759
v 0.0030010920017957683 0.0285427775233984 -0.07300001382827759
v 0.006216092035174369 0.028326211497187614 -0.07300001382827759
v 0.008869914337992666 0.027295319363474846 -0.07300001382827759
v 0.012142254039645193 0.026336153969168663 -0.07300001382827759
v 0.014351120218634604 0.024854926392436028 -0.07300001382827759
v 0.01750424318015575 0.023122301325201988 -0.07300001382827759
v 0.019205173477530476 0.02132825367152691 -0.07300001382827759
v 0.022052897140383717 0.01883399300277233 -0.07300001382827759
v 0.023219911381602284 0.01686943881213665 -0.07300001382827759
v 0.02557684294879436 0.013670503161847591 -0.07300001382827759
v 0.026219880208373066 0.011673345230519772 -0.07300001382827759
v 0.027912324294447895 0.007871775887906551 -0.07300001382827759
v 0.02807395718991756 0.005967064294964075 -0.07300001382827759
v 0.028950823470950123 0.0017072546761482954 -0.07300001382827759
v 0.029001122340559956 -1.1719970549606273e-09 -0.07300001382827759
v -0.028481325134634968 0.01213600393384695 0.0009999845642596483
v -0.028481325134634968 0.009436002932488918 0.0009999845642596483
v -0.027581008151173588 0.009436002932488918 0.007174668367952108
v -0.027581008151173588 0.01213600393384695 0.007174668367952108
v -0.027581008151173588 0.01213600393384695 0.007174668367952108
v -0.027581008151173588 0.009436002932488918 0.007174668367952108
v -0.02535847388207912 0.009436002932488918 0.013005432672798634
v -0.02535847388207912 0.01213600393384695 0.013005432672798634
v -0.02535847388207912 0.01213600393384695 0.013005432672798634
v -0.02535847388207912 0.009436002932488918 0.013005432672798634
v -0.02192026190459728 0.009436002932488918 0.018212733790278435
v -0.02192026190459728 0.01213600393384695 0.018212733790278435
v -0.02192026190459728 0.01213600393384695 0.018212733790278435
v -0.02192026190459728 0.009436002932488918 0.018212733790278435
v -0.01743119768798351 0.009436002932488918 0.02254694513976574
v -0.01743119768798351 0.01213600393384695 0.02254694513976574
v -0.01743119768798351 0.01213600393384695 0.02254694513976574
v -0.01743119768798351 0.009436002932488918 0.02254694513976574
v -0.012106472626328467 0.009436002932488918 0.02580028586089611
v -0.012106472626328467 0.01213600393384695 0.02580028586089611
v -0.012106472626328467 0.01213600393384695 0.02580028586089611
v -0.012106472626328467 0.009436002932488918 0.02580028586089611
v -0.00620133988559246 0.009436002932488918 0.0278168898075819
v -0.00620133988559246 0.01213600393384695 0.0278168898075819
v -0.00620133988559246 0.01213600393384695 0.0278168898075819
v -0.00620133988559246 0.009436002932488918 0.0278168898075819
v 1.1230837344555764e-06 0.009436002932488918 0.028500018641352654
v 1.1230837344555764e-06 0.01213600393384695 0.028500018641352654
v -0.028698874637484547 -1.1722942616643195e-09 -0.07960116863250732
v -0.028698874637484547 -1.1722942616643195e-09 -0.07300001382827759
v -0.02807171083986759 0.005967064294964075 -0.07300001382827759
v -0.02807171083986759 0.005967064294964075 -0.07960116863250732
v -0.02807171083986759 0.005967064294964075 -0.07960116863250732
v -0.02807171083986759 0.005967064294964075 -0.07300001382827759
v -0.026217630133032795 0.011673345230519772 -0.07300001382827759
v -0.026217630133032795 0.011673345230519772 -0.07960116863250732
v -0.026217630133032795 0.011673345230519772 -0.07960116863250732
v -0.026217630133032795 0.011673345230519772 -0.07300001382827759
v -0.02321766503155231 0.01686943881213665 -0.07300001382827759
v -0.02321766503155231 0.01686943881213665 -0.07960116863250732
v -0.02321766503155231 0.01686943881213665 -0.07960116863250732
v -0.02321766503155231 0.01686943881213665 -0.07300001382827759
v -0.019202923402190205 0.02132825367152691 -0.07300001382827759
v -0.019202923402190205 0.02132825367152691 -0.07960116863250732
v -0.019202923402190205 0.02132825367152691 -0.07960116863250732
v -0.019202923402190205 0.02132825367152691 -0.07300001382827759
v -0.01434887759387493 0.024854926392436028 -0.07300001382827759
v -0.01434887759387493 0.024854926392436028 -0.07960116863250732
v -0.01434887759387493 0.024854926392436028 -0.07960116863250732
v -0.01434887759387493 0.024854926392436028 -0.07300001382827759
v -0.008867664262652395 0.027295319363474846 -0.07300001382827759
v -0.008867664262652395 0.027295319363474846 -0.07960116863250732
v -0.008867664262652395 0.027295319363474846 -0.07960116863250732
v -0.008867664262652395 0.027295319363474846 -0.07300001382827759
v -0.0029988419264554973 0.0285427775233984 -0.07300001382827759
v -0.0029988419264554973 0.0285427775233984 -0.07960116863250732
v -0.0029988419264554973 0.0285427775233984 -0.07960116863250732
v -0.0029988419264554973 0.0285427775233984 -0.07300001382827759
v 0.0030010920017957683 0.0285427775233984 -0.07300001382827759
v 0.0030010920017957683 0.0285427775233984 -0.07960116863250732
v 0.0030010920017957683 0.0285427775233984 -0.07960116863250732
v 0.0030010920017957683 0.0285427775233984 -0.07300001382827759
v 0.008869914337992666 0.027295319363474846 -0.07300001382827759
v 0.008869914337992666 0.027295319363474846 -0.07960116863250732
v 0.008869914337992666 0.027295319363474846 -0.07960116863250732
v 0.008869914337992666 0.027295319363474846 -0.07300001382827759
v 0.014351120218634604 0.024854926392436028 -0.07300001382827759
v 0.014351120218634604 0.024854926392436028 -0.07960116863250732
v 0.014351120218634604 0.024854926392436028 -0.07960116863250732
v 0.014351120218634604 0.024854926392436028 -0.07300001382827759
v 0.019205173477530476 0.02132825367152691 -0.07300001382827759
v 0.019205173477530476 0.02132825367152691 -0.07960116863250732
v 0.019205173477530476 0.02132825367152691 -0.07960116863250732
v 0.019205173477530476 0.02132825367152691 -0.07300001382827759
v 0.023219911381602284 0.01686943881213665 -0.07300001382827759
v 0.023219911381602284 0.01686943881213665 -0.07960116863250732
v 0.023219911381602284 0.01686943881213665 -0.07960116863250732
v 0.023219911381602284 0.01686943881213665 -0.07300001382827759
v 0.026219880208373066 0.011673345230519772 -0.07300001382827759
v 0.026219880208373066 0.011673345230519772 -0.07960116863250732
v 0.026219880208373066 0.011673345230519772 -0.07960116863250732
v 0.026219880208373066 0.011673345230519772 -0.07300001382827759
v 0.02807395718991756 0.005967064294964075 -0.07300001382827759
v 0.02807395718991756 0.005967064294964075 -0.07960116863250732
v 0.02807395718991756 0.005967064294964075 -0.07960116863250732
v 0.02807395718991756 0.005967064294964075 -0.07300001382827759
v 0.028701124712824818 -1.1719986092728618e-09 -0.07300001382827759
v 0.028701124712824818 -1.1719986092728618e-09 -0.07960116863250732
v -0.028198877349495884 0.01213600393384695 -0.0009999896865338087
v -0.01743119768798351 0.01213600393384695 -0.022546948865056038
v -0.02192026190459728 0.01213600393384695 -0.018212737515568733
v -0.02535847388207912 0.01213600393384695 -0.013005438260734081
v -0.027581008151173588 0.01213600393384695 -0.0071746730245649815
v -0.028481325134634968 0.01213600393384695 -0.0009999896865338087
v -0.022334827110171315 0.01213600393384695 0.0027120683807879686
v -0.022334827110171315 0.01213600393384695 -0.002712073503062129
v -0.021036742255091664 0.01213600393384695 -0.007978620938956738
v -0.027581008151173588 0.01213600393384695 0.007174668367952108
v -0.02535847388207912 0.01213600393384695 0.013005432672798634
v -0.018516013398766514 0.01213600393384695 0.012781438417732716
v -0.02192026190459728 0.01213600393384695 0.018212733790278435
v -0.014919137582182882 0.01213600393384695 0.016841469332575798
v -0.01743119768798351 0.01213600393384695 0.02254694513976574
v -0.01045514829456806 0.01213600393384695 0.019922791048884392
v -0.012106472626328467 0.01213600393384695 0.02580028586089611
v -0.005383478477597236 0.01213600393384695 0.021846173331141472
v -0.00620133988559246 0.01213600393384695 0.0278168898075819
v 1.1230837344555764e-06 0.01213600393384695 0.02249997667968273
v 1.1230837344555764e-06 0.01213600393384695 0.028500018641352654
v 0.005385724827647208 0.01213600393384695 0.021846173331141472
v 0.0059266071766614905 0.01213600393384695 0.027877209708094597
v 0.010457394644618033 0.01213600393384695 0.019922791048884392
v 0.01159311644732952 0.01213600393384695 0.02603602223098278
v 0.014921380206942557 0.01213600393384695 0.016841469332575798
v -0.018516013398766514 0.01213600393384695 -0.012781444005668163
v -0.014919137582182882 0.01213600393384695 -0.016841473057866096
v -0.012106472626328467 0.01213600393384695 -0.02580028958618641
v -0.01045514829456806 0.01213600393384695 -0.019922735169529915
v -0.00620133988559246 0.01213600393384695 -0.0278168935328722
v -0.005383478477597236 0.01213600393384695 -0.02184617705643177
v 1.1230837344555764e-06 0.01213600393384695 -0.028500022366642952
v 1.1230837344555764e-06 0.01213600393384695 -0.02249998040497303
v 0.0059266071766614905 0.01213600393384695 -0.027877213433384895
v 0.005385724827647208 0.01213600393384695 -0.02184617705643177
v 0.01159311644732952 0.01213600393384695 -0.02603602595627308
v 0.010457394644618033 0.01213600393384695 -0.019922735169529915
v 0.01675300113856792 0.01213600393384695 -0.023056985810399055
v 0.014921380206942557 0.01213600393384695 -0.016841473057866096
v 0.021180754527449604 0.01213600393384695 -0.019070209935307503
v 0.018518259748816487 0.01213600393384695 -0.012781444005668163
v -0.028481325134634968 0.01213600393384695 0.0009999845642596483
v -0.028198877349495884 0.01213600393384695 0.0009999845642596483
v -0.021036742255091664 0.01213600393384695 0.00797861535102129
v 0.01675300113856792 0.01213600393384695 0.023056982085108757
v 0.021180754527449604 0.01213600393384695 0.019070206210017204
v 0.018518259748816487 0.01213600393384695 0.012781438417732716
v 0.02468284778296947 0.01213600393384695 0.01424997765570879
v 0.021038992330431935 0.01213600393384695 0.00797861535102129
v 0.027106231078505513 0.01213600393384695 0.008807000704109669
v 0.022337077185511586 0.01213600393384695 0.0027120683807879686
v 0.028344994410872456 0.01213600393384695 0.0029790375847369432
v 0.022337077185511586 0.01213600393384695 -0.002712073503062129
v 0.028344994410872456 0.01213600393384695 -0.0029790427070111036
v 0.021038992330431935 0.01213600393384695 -0.007978620938956738
v 0.027106231078505513 0.01213600393384695 -0.008807006292045116
v 0.02468284778296947 0.01213600393384695 -0.014249983243644238
v -0.028698874637484547 0.001000000862404704 -0.07960116863250732
v -0.028698874637484547 -1.1722942616643195e-09 -0.07960116863250732
v -0.02807171083986759 0.005967064294964075 -0.07960116863250732
v -0.02807171083986759 -0.005967067088931799 -0.07960116863250732
v -0.028698874637484547 -0.0009999994654208422 -0.07960116863250732
v -0.028981627896428105 -0.0009999994654208422 -0.07960116863250732
v -0.028068689629435536 -0.007285983767360449 -0.07960116863250732
v -0.026217630133032795 -0.011673339642584324 -0.07960116863250732
v -0.02580909617245197 -0.013222423382103443 -0.07960116863250732
v -0.02321766503155231 -0.01686943881213665 -0.07960116863250732
v -0.022311257198452946 -0.018524514511227608 -0.07960116863250732
v -0.019202923402190205 -0.021328257396817207 -0.07960116863250732
v -0.017742978408932682 -0.022937888279557228 -0.07960116863250732
v -0.01434887759387493 -0.024854930117726326 -0.07960116863250732
v -0.012323426082730292 -0.026250818744301796 -0.07960116863250732
v -0.008867664262652395 -0.027295323088765144 -0.07960116863250732
v -0.006312603130936622 -0.028304362669587135 -0.07960116863250732
v -0.0029988419264554973 -0.02854277938604355 -0.07960116863250732
v 1.1230838481424141e-06 -0.029000001028180122 -0.07960116863250732
v 0.0030010920017957683 -0.02854277938604355 -0.07960116863250732
v 0.006030565127730369 -0.02836628071963787 -0.07960116863250732
v 0.008869914337992666 -0.027295323088765144 -0.07960116863250732
v 0.011796487495303152 -0.02649281732738018 -0.07960116863250732
v 0.014351120218634604 -0.024854930117726326 -0.07960116863250732
v 0.01704689674079418 -0.023461492732167244 -0.07960116863250732
v 0.019205173477530476 -0.021328257396817207 -0.07960116863250732
v 0.021552322432398793 -0.019404789432883263 -0.07960116863250732
v 0.023219911381602284 -0.01686943881213665 -0.07960116863250732
v 0.02511586062610149 -0.014500000514090061 -0.07960116863250732
v 0.026219880208373066 -0.011673339642584324 -0.07960116863250732
v 0.027581764385104176 -0.008961492218077183 -0.07960116863250732
v 0.02807395718991756 -0.005967067088931799 -0.07960116863250732
v 0.028842261061072346 -0.0030313257593661547 -0.07960116863250732
v 0.028701124712824818 -1.1719986092728618e-09 -0.07960116863250732
v 0.028842261061072346 0.0030313271563500166 -0.07960116863250732
v 0.02807395718991756 0.005967064294964075 -0.07960116863250732
v 0.027581764385104176 0.008961490355432034 -0.07960116863250732
v 0.026219880208373066 0.011673345230519772 -0.07960116863250732
v 0.02511586062610149 0.014499998651444912 -0.07960116863250732
v 0.023219911381602284 0.01686943881213665 -0.07960116863250732
v 0.021552322432398793 0.019404789432883263 -0.07960116863250732
v 0.019205173477530476 0.02132825367152691 -0.07960116863250732
v 0.01704689674079418 0.023461489006876945 -0.07960116863250732
v 0.014351120218634604 0.024854926392436028 -0.07960116863250732
v 0.011796487495303152 0.02649281732738018 -0.07960116863250732
v 0.008869914337992666 0.027295319363474846 -0.07960116863250732
v 0.006030565127730369 0.02836628071963787 -0.07960116863250732
v 0.0030010920017957683 0.0285427775233984 -0.07960116863250732
v 1.1230836207687387e-06 0.028999997302889824 -0.07960116863250732
v -0.0029988419264554973 0.0285427775233984 -0.07960116863250732
v -0.006312603130936622 0.028304358944296837 -0.07960116863250732
v -0.008867664262652395 0.027295319363474846 -0.07960116863250732
v -0.012323426082730292 0.026250815019011497 -0.07960116863250732
v -0.01434887759387493 0.024854926392436028 -0.07960116863250732
v -0.017742978408932682 0.022937892004847527 -0.07960116863250732
v -0.019202923402190205 0.02132825367152691 -0.07960116863250732
v -0.022311257198452946 0.01852451078593731 -0.07960116863250732
v -0.02321766503155231 0.01686943881213665 -0.07960116863250732
v -0.02580909617245197 0.013222425244748592 -0.07960116863250732
v -0.026217630133032795 0.011673345230519772 -0.07960116863250732
v -0.028068689629435536 0.007285980973392725 -0.07960116863250732
v -0.028981627896428105 0.001000000862404704 -0.07960116863250732
v -0.028981627896428105 -0.0009999994654208422 -0.07960116863250732
v -0.028981627896428105 -0.0009999994654208422 -0.08149999380111694
v -0.028068689629435536 -0.007285983767360449 -0.08149999380111694
v -0.028068689629435536 -0.007285983767360449 -0.07960116863250732
v -0.028068689629435536 -0.007285983767360449 -0.07960116863250732
v -0.028068689629435536 -0.007285983767360449 -0.08149999380111694
v -0.02580909617245197 -0.013222423382103443 -0.08149999380111694
v -0.02580909617245197 -0.013222423382103443 -0.07960116863250732
v -0.02580909617245197 -0.013222423382103443 -0.07960116863250732
v -0.02580909617245197 -0.013222423382103443 -0.08149999380111694
v -0.022311257198452946 -0.018524514511227608 -0.08149999380111694
v -0.022311257198452946 -0.018524514511227608 -0.07960116863250732
v -0.022311257198452946 -0.018524514511227608 -0.07960116863250732
v -0.022311257198452946 -0.018524514511227608 -0.08149999380111694
v -0.017742978408932682 -0.022937888279557228 -0.08149999380111694
v -0.017742978408932682 -0.022937888279557228 -0.07960116863250732
v -0.017742978408932682 -0.022937888279557228 -0.07960116863250732
v -0.017742978408932682 -0.022937888279557228 -0.08149999380111694
v -0.012323426082730292 -0.026250818744301796 -0.08149999380111694
v -0.012323426082730292 -0.026250818744301796 -0.07960116863250732
v -0.012323426082730292 -0.026250818744301796 -0.07960116863250732
v -0.012323426082730292 -0.026250818744301796 -0.08149999380111694
v -0.006312603130936622 -0.028304362669587135 -0.08149999380111694
v -0.006312603130936622 -0.028304362669587135 -0.07960116863250732
v -0.006312603130936622 -0.028304362669587135 -0.07960116863250732
v -0.006312603130936622 -0.028304362669587135 -0.08149999380111694
v 1.1230838481424141e-06 -0.029000001028180122 -0.08149999380111694
v 1.1230838481424141e-06 -0.029000001028180122 -0.07960116863250732
v -0.028698874637484547 -0.0009999994654208422 -0.08149999380111694
v -0.022498877719044682 -1.1722623982635128e-09 -0.08149999380111694
v -0.021845066919922825 -0.005384603049606085 -0.08149999380111694
v -0.019921636208891865 -0.010456272400915623 -0.08149999380111694
v -0.028068689629435536 -0.007285983767360449 -0.08149999380111694
v -0.028981627896428105 -0.0009999994654208422 -0.08149999380111694
v -0.021845066919922825 0.005384600255638361 -0.08149999380111694
v -0.028698874637484547 0.001000000862404704 -0.08149999380111694
v -0.019921636208891865 0.010456270538270473 -0.08149999380111694
v 0.021847313269972798 0.005384600255638361 -0.08149999380111694
v 0.028842261061072346 0.0030313271563500166 -0.08149999380111694
v 0.022501124069094654 -1.172030583695971e-09 -0.08149999380111694
v 0.028842261061072346 -0.0030313257593661547 -0.08149999380111694
v 0.021847313269972798 -0.005384603049606085 -0.08149999380111694
v 0.027581764385104176 -0.008961492218077183 -0.08149999380111694
v 0.019923886284232136 -0.010456272400915623 -0.08149999380111694
v 0.02511586062610149 -0.014500000514090061 -0.08149999380111694
v 0.01684261672198772 -0.014920257963240147 -0.08149999380111694
v 0.021552322432398793 -0.019404789432883263 -0.08149999380111694
v 0.012782579287886618 -0.018517138436436653 -0.08149999380111694
v 0.01704689674079418 -0.023461492732167244 -0.08149999380111694
v 0.007979733869433401 -0.021037867292761803 -0.08149999380111694
v 0.011796487495303152 -0.02649281732738018 -0.08149999380111694
v 0.0027132015675306316 -0.022335952147841454 -0.08149999380111694
v 0.0027132015675306316 0.022335952147841454 -0.08149999380111694
v 0.006030565127730369 0.02836628071963787 -0.08149999380111694
v 0.007979733869433401 0.021037867292761803 -0.08149999380111694
v 0.011796487495303152 0.02649281732738018 -0.08149999380111694
v 0.012782579287886618 0.018517134711146355 -0.08149999380111694
v 0.01704689674079418 0.023461489006876945 -0.08149999380111694
v 0.01684261672198772 0.014920263551175594 -0.08149999380111694
v 0.021552322432398793 0.019404789432883263 -0.08149999380111694
v 0.019923886284232136 0.010456270538270473 -0.08149999380111694
v 0.02511586062610149 0.014499998651444912 -0.08149999380111694
v 0.027581764385104176 0.008961490355432034 -0.08149999380111694
v 0.006030565127730369 -0.02836628071963787 -0.08149999380111694
v 1.1230838481424141e-06 -0.029000001028180122 -0.08149999380111694
v -0.002710947766900062 -0.022335952147841454 -0.08149999380111694
v -0.006312603130936622 -0.028304362669587135 -0.08149999380111694
v -0.007977487519383429 -0.021037867292761803 -0.08149999380111694
v -0.012323426082730292 -0.026250818744301796 -0.08149999380111694
v -0.012780332937836645 -0.018517138436436653 -0.08149999380111694
v -0.017742978408932682 -0.022937888279557228 -0.08149999380111694
v -0.01684036664664745 -0.014920257963240147 -0.08149999380111694
v -0.022311257198452946 -0.018524514511227608 -0.08149999380111694
v -0.02580909617245197 -0.013222423382103443 -0.08149999380111694
v -0.01684036664664745 0.014920263551175594 -0.08149999380111694
v -0.028981627896428105 0.001000000862404704 -0.08149999380111694
v -0.028068689629435536 0.007285980973392725 -0.08149999380111694
v -0.02580909617245197 0.013222425244748592 -0.08149999380111694
v -0.022311257198452946 0.01852451078593731 -0.08149999380111694
v -0.012780332937836645 0.018517134711146355 -0.08149999380111694
v -0.017742978408932682 0.022937892004847527 -0.08149999380111694
v -0.007977487519383429 0.021037867292761803 -0.08149999380111694
v -0.012323426082730292 0.026250815019011497 -0.08149999380111694
v -0.002710947766900062 0.022335952147841454 -0.08149999380111694
v -0.006312603130936622 0.028304358944296837 -0.08149999380111694
v 1.1230836207687387e-06 0.028999997302889824 -0.08149999380111694
v 0.022501124069094654 -1.172030583695971e-09 -0.07150000333786011
v 0.022501124069094654 -1.172030583695971e-09 -0.08149999380111694
v 0.021847313269972798 -0.005384603049606085 -0.07150000333786011
v 0.021847313269972798 -0.005384603049606085 -0.08149999380111694
v 0.021847313269972798 -0.005384603049606085 -0.07150000333786011
v 0.021847313269972798 -0.005384603049606085 -0.08149999380111694
v 0.019923886284232136 -0.010456272400915623 -0.07150000333786011
v 0.019923886284232136 -0.010456272400915623 -0.08149999380111694
v 0.019923886284232136 -0.010456272400915623 -0.07150000333786011
v 0.019923886284232136 -0.010456272400915623 -0.08149999380111694
v 0.01684261672198772 -0.014920257963240147 -0.07150000333786011
v 0.01684261672198772 -0.014920257963240147 -0.08149999380111694
v 0.01684261672198772 -0.014920257963240147 -0.07150000333786011
v 0.01684261672198772 -0.014920257963240147 -0.08149999380111694
v 0.012782579287886618 -0.018517138436436653 -0.07150000333786011
v 0.012782579287886618 -0.018517138436436653 -0.08149999380111694
v 0.012782579287886618 -0.018517138436436653 -0.07150000333786011
v 0.012782579287886618 -0.018517138436436653 -0.08149999380111694
v 0.007979733869433401 -0.021037867292761803 -0.07150000333786011
v 0.007979733869433401 -0.021037867292761803 -0.08149999380111694
v 0.007979733869433401 -0.021037867292761803 -0.07150000333786011
v 0.007979733869433401 -0.021037867292761803 -0.08149999380111694
v 0.0027132015675306316 -0.022335952147841454 -0.07150000333786011
v 0.0027132015675306316 -0.022335952147841454 -0.08149999380111694
v 0.0027132015675306316 -0.022335952147841454 -0.07150000333786011
v 0.0027132015675306316 -0.022335952147841454 -0.08149999380111694
v -0.002710947766900062 -0.022335952147841454 -0.07150000333786011
v -0.002710947766900062 -0.022335952147841454 -0.08149999380111694
v -0.002710947766900062 -0.022335952147841454 -0.07150000333786011
v -0.002710947766900062 -0.022335952147841454 -0.08149999380111694
v -0.007977487519383429 -0.021037867292761803 -0.07150000333786011
v -0.007977487519383429 -0.021037867292761803 -0.08149999380111694
v -0.007977487519383429 -0.021037867292761803 -0.07150000333786011
v -0.007977487519383429 -0.021037867292761803 -0.08149999380111694
v -0.012780332937836645 -0.018517138436436653 -0.07150000333786011
v -0.012780332937836645 -0.018517138436436653 -0.08149999380111694
v -0.012780332937836645 -0.018517138436436653 -0.07150000333786011
v -0.012780332937836645 -0.018517138436436653 -0.08149999380111694
v -0.01684036664664745 -0.014920257963240147 -0.07150000333786011
v -0.01684036664664745 -0.014920257963240147 -0.08149999380111694
v -0.01684036664664745 -0.014920257963240147 -0.07150000333786011
v -0.01684036664664745 -0.014920257963240147 -0.08149999380111694
v -0.019921636208891865 -0.010456272400915623 -0.07150000333786011
v -0.019921636208891865 -0.010456272400915623 -0.08149999380111694
v -0.019921636208891865 -0.010456272400915623 -0.07150000333786011
v -0.019921636208891865 -0.010456272400915623 -0.08149999380111694
v -0.021845066919922825 -0.005384603049606085 -0.07150000333786011
v -0.021845066919922825 -0.005384603049606085 -0.08149999380111694
v -0.021845066919922825 -0.005384603049606085 -0.07150000333786011
v -0.021845066919922825 -0.005384603049606085 -0.08149999380111694
v -0.022498877719044682 -1.1722623982635128e-09 -0.07150000333786011
v -0.022498877719044682 -1.1722623982635128e-09 -0.08149999380111694
v -0.021845066919922825 0.005384600255638361 -0.07150000333786011
v 0.022501124069094654 -1.172030583695971e-09 -0.07150000333786011
v -0.022498877719044682 -1.1722623982635128e-09 -0.07150000333786011
v 0.021847313269972798 -0.005384603049606085 -0.07150000333786011
v 0.019923886284232136 -0.010456272400915623 -0.07150000333786011
v 0.021847313269972798 0.005384600255638361 -0.07150000333786011
v 0.019923886284232136 0.010456270538270473 -0.07150000333786011
v 0.01684261672198772 0.014920263551175594 -0.07150000333786011
v 0.0027132015675306316 0.022335952147841454 -0.07150000333786011
v 0.007979733869433401 0.021037867292761803 -0.07150000333786011
v 0.012782579287886618 0.018517134711146355 -0.07150000333786011
v 0.007979733869433401 -0.021037867292761803 -0.07150000333786011
v 0.0027132015675306316 -0.022335952147841454 -0.07150000333786011
v -0.012780332937836645 -0.018517138436436653 -0.07150000333786011
v -0.002710947766900062 -0.022335952147841454 -0.07150000333786011
v -0.007977487519383429 -0.021037867292761803 -0.07150000333786011
v 0.012782579287886618 -0.018517138436436653 -0.07150000333786011
v -0.01684036664664745 -0.014920257963240147 -0.07150000333786011
v -0.019921636208891865 -0.010456272400915623 -0.07150000333786011
v 0.01684261672198772 -0.014920257963240147 -0.07150000333786011
v -0.021845066919922825 -0.005384603049606085 -0.07150000333786011
v -0.019921636208891865 0.010456270538270473 -0.07150000333786011
v -0.01684036664664745 0.014920263551175594 -0.07150000333786011
v -0.012780332937836645 0.018517134711146355 -0.07150000333786011
v -0.007977487519383429 0.021037867292761803 -0.07150000333786011
v -0.002710947766900062 0.022335952147841454 -0.07150000333786011
v 1.1230837344555764e-06 0.002135998336598277 -0.02249998040497303
v 1.1230837344555764e-06 0.01213600393384695 -0.02249998040497303
v -0.005383478477597236 0.002135998336598277 -0.02184617705643177
v -0.005383478477597236 0.01213600393384695 -0.02184617705643177
v -0.005383478477597236 0.002135998336598277 -0.02184617705643177
v -0.005383478477597236 0.01213600393384695 -0.02184617705643177
v -0.01045514829456806 0.002135998336598277 -0.019922735169529915
v -0.01045514829456806 0.01213600393384695 -0.019922735169529915
v -0.01045514829456806 0.002135998336598277 -0.019922735169529915
v -0.01045514829456806 0.01213600393384695 -0.019922735169529915
v -0.014919137582182882 0.002135998336598277 -0.016841473057866096
v -0.014919137582182882 0.01213600393384695 -0.016841473057866096
v -0.014919137582182882 0.002135998336598277 -0.016841473057866096
v -0.014919137582182882 0.01213600393384695 -0.016841473057866096
v -0.018516013398766514 0.002135998336598277 -0.012781444005668163
v -0.018516013398766514 0.01213600393384695 -0.012781444005668163
v -0.018516013398766514 0.002135998336598277 -0.012781444005668163
v -0.018516013398766514 0.01213600393384695 -0.012781444005668163
v -0.021036742255091664 0.002135998336598277 -0.007978620938956738
v -0.021036742255091664 0.01213600393384695 -0.007978620938956738
v -0.021036742255091664 0.002135998336598277 -0.007978620938956738
v -0.021036742255091664 0.01213600393384695 -0.007978620938956738
v -0.022334827110171315 0.002135998336598277 -0.002712073503062129
v -0.022334827110171315 0.01213600393384695 -0.002712073503062129
v -0.022334827110171315 0.002135998336598277 -0.002712073503062129
v -0.022334827110171315 0.01213600393384695 -0.002712073503062129
v -0.022334827110171315 0.002135998336598277 0.0027120683807879686
v -0.022334827110171315 0.01213600393384695 0.0027120683807879686
v -0.022334827110171315 0.002135998336598277 0.0027120683807879686
v -0.022334827110171315 0.01213600393384695 0.0027120683807879686
v -0.021036742255091664 0.002135998336598277 0.00797861535102129
v -0.021036742255091664 0.01213600393384695 0.00797861535102129
v -0.021036742255091664 0.002135998336598277 0.00797861535102129
v -0.021036742255091664 0.01213600393384695 0.00797861535102129
v -0.018516013398766514 0.002135998336598277 0.012781438417732716
v -0.018516013398766514 0.01213600393384695 0.012781438417732716
v -0.018516013398766514 0.002135998336598277 0.012781438417732716
v -0.018516013398766514 0.01213600393384695 0.012781438417732716
v -0.014919137582182882 0.002135998336598277 0.016841469332575798
v -0.014919137582182882 0.01213600393384695 0.016841469332575798
v -0.014919137582182882 0.002135998336598277 0.016841469332575798
v -0.014919137582182882 0.01213600393384695 0.016841469332575798
v -0.01045514829456806 0.002135998336598277 0.019922791048884392
v -0.01045514829456806 0.01213600393384695 0.019922791048884392
v -0.01045514829456806 0.002135998336598277 0.019922791048884392
v -0.01045514829456806 0.01213600393384695 0.019922791048884392
v -0.005383478477597236 0.002135998336598277 0.021846173331141472
v -0.005383478477597236 0.01213600393384695 0.021846173331141472
v -0.005383478477597236 0.002135998336598277 0.021846173331141472
v -0.005383478477597236 0.01213600393384695 0.021846173331141472
v 1.1230837344555764e-06 0.002135998336598277 0.02249997667968273
v 1.1230837344555764e-06 0.01213600393384695 0.02249997667968273
v 1.1230837344555764e-06 0.002135998336598277 0.02249997667968273
v 0.005385724827647208 0.002135998336598277 -0.02184617705643177
v -0.005383478477597236 0.002135998336598277 0.021846173331141472
v 1.1230837344555764e-06 0.002135998336598277 -0.02249998040497303
v -0.01045514829456806 0.002135998336598277 0.019922791048884392
v -0.014919137582182882 0.002135998336598277 0.016841469332575798
v 0.005385724827647208 0.002135998336598277 0.021846173331141472
v 0.010457394644618033 0.002135998336598277 0.019922791048884392
v 0.014921380206942557 0.002135998336598277 0.016841469332575798
v 0.018518259748816487 0.002135998336598277 0.012781438417732716
v 0.021038992330431935 0.002135998336598277 0.00797861535102129
v 0.010457394644618033 0.002135998336598277 -0.019922735169529915
v -0.005383478477597236 0.002135998336598277 -0.02184617705643177
v -0.021036742255091664 0.002135998336598277 0.00797861535102129
v -0.018516013398766514 0.002135998336598277 0.012781438417732716
v -0.01045514829456806 0.002135998336598277 -0.019922735169529915
v -0.014919137582182882 0.002135998336598277 -0.016841473057866096
v -0.018516013398766514 0.002135998336598277 -0.012781444005668163
v -0.021036742255091664 0.002135998336598277 -0.007978620938956738
v -0.022334827110171315 0.002135998336598277 -0.002712073503062129
v -0.022334827110171315 0.002135998336598277 0.0027120683807879686
v 0.021038992330431935 0.002135998336598277 -0.007978620938956738
v 0.022337077185511586 0.002135998336598277 -0.002712073503062129
v 0.022337077185511586 0.002135998336598277 0.0027120683807879686
v 0.018518259748816487 0.002135998336598277 -0.012781444005668163
v 0.014921380206942557 0.002135998336598277 -0.016841473057866096
v -0.028698874637484547 0.001000000862404704 -0.08149999380111694
v -0.028698874637484547 0.001000000862404704 -0.07960116863250732
v -0.028981627896428105 0.001000000862404704 -0.08149999380111694
v -0.028981627896428105 0.001000000862404704 -0.07960116863250732
v -0.028698874637484547 0.001000000862404704 -0.07960116863250732
v -0.028698874637484547 0.001000000862404704 -0.08149999380111694
v -0.028698874637484547 -1.1722942616643195e-09 -0.07960116863250732
v -0.028698874637484547 -0.0009999994654208422 -0.08149999380111694
v -0.028698874637484547 -0.0009999994654208422 -0.07960116863250732
v -0.028698874637484547 -0.0009999994654208422 -0.07960116863250732
v -0.028698874637484547 -0.0009999994654208422 -0.08149999380111694
v -0.028981627896428105 -0.0009999994654208422 -0.07960116863250732
v -0.028981627896428105 -0.0009999994654208422 -0.08149999380111694
v -0.028198877349495884 0.01213600393384695 0.0009999845642596483
v -0.028198877349495884 0.009436002932488918 0.0009999845642596483
v -0.028481325134634968 0.01213600393384695 0.0009999845642596483
v -0.028481325134634968 0.009436002932488918 0.0009999845642596483
v -0.028198877349495884 0.009436002932488918 0.0009999845642596483
v -0.028198877349495884 0.01213600393384695 0.0009999845642596483
v -0.028198877349495884 0.009436002932488918 -2.5509288015257425e-09
v -0.028198877349495884 0.01213600393384695 -0.0009999896865338087
v -0.028198877349495884 0.009436002932488918 -0.0009999896865338087
v -0.028198877349495884 0.009436002932488918 -0.0009999896865338087
v -0.028198877349495884 0.01213600393384695 -0.0009999896865338087
v -0.028481325134634968 0.009436002932488918 -0.0009999896865338087
v -0.028481325134634968 0.01213600393384695 -0.0009999896865338087
f 1 2 3
f 3 2 4
f 5 6 7
f 7 6 8
f 9 10 11
f 11 10 12
f 13 14 15
f 15 14 16
f 17 18 19
f 19 18 20
f 21 22 23
f 23 22 24
f 25 26 27
f 27 26 28
f 29 30 31
f 31 30 32
f 33 34 35
f 35 34 36
f 37 38 39
f 39 38 40
f 41 42 43
f 43 42 44
f 45 46 47
f 47 46 48
f 49 50 51
f 51 50 52
f 53 54 55
f 55 54 56
f 57 58 59
f 59 58 60
f 61 62 63
f 63 62 64
f 65 66 67
f 67 66 68
f 69 70 71
f 71 70 72
f 73 74 75
f 75 74 76
f 77 78 79
f 79 78 80
f 81 82 83
f 83 82 84
f 85 86 87
f 87 86 88
f 89 90 91
f 91 90 92
f 93 94 95
f 95 94 96
f 97 98 99
f 99 98 100
f 101 102 103
f 103 102 104
f 105 106 107
f 105 107 108
f 109 110 111
f 109 111 112
f 113 114 115
f 113 115 116
f 117 118 119
f 117 119 120
f 121 122 123
f 121 123 124
f 125 126 127
f 125 127 128
f 129 130 131
f 129 131 132
f 133 134 135
f 133 135 136
f 137 138 139
f 137 139 140
f 141 142 143
f 141 143 144
f 145 146 147
f 145 147 148
f 149 150 151
f 149 151 152
f 153 154 155
f 153 155 156
f 157 158 159
f 157 159 160
f 161 162 163
f 164 165 166
f 167 168 169
f 170 171 172
f 173 174 175
f 176 177 178
f 179 180 181
f 182 183 184
f 185 186 187
f 188 189 190
f 191 192 193
f 194 195 196
f 197 198 199
f 200 201 202
f 203 204 205
f 206 207 208
f 209 210 211
f 212 213 214
f 215 216 217
f 218 219 220
f 221 222 223
f 224 225 226
f 227 228 229
f 230 231 232
f 233 234 235
f 236 237 238
f 239 240 241
f 242 243 244
f 245 246 247
f 248 249 250
f 251 252 253
f 254 255 256
f 257 258 259
f 260 261 262
f 263 264 265
f 266 267 268
f 269 270 271
f 272 273 274
f 275 276 277
f 278 279 280
f 281 282 283
f 284 285 286
f 287 288 289
f 290 291 292
f 293 294 295
f 296 297 298
f 299 300 301
f 302 303 304
f 305 306 307
f 308 309 310
f 311 312 313
f 314 315 316
f 317 318 319
f 320 321 322
f 323 324 325
f 326 327 328
f 329 330 331
f 332 333 334
f 332 334 335
f 336 337 338
f 336 338 339
f 340 341 342
f 340 342 343
f 344 345 346
f 344 346 347
f 348 349 350
f 348 350 351
f 352 353 354
f 352 354 355
f 356 357 358
f 356 358 359
f 360 361 362
f 360 362 363
f 364 365 366
f 364 366 367
f 368 369 370
f 368 370 371
f 372 373 374
f 372 374 375
f 376 377 378
f 376 378 379
f 380 381 382
f 380 382 383
f 384 385 386
f 384 386 387
f 388 389 390
f 388 390 391
f 392 393 394
f 392 394 395
f 396 397 398
f 396 398 399
f 400 401 402
f 400 402 403
f 404 405 406
f 404 406 407
f 408 409 410
f 408 410 411
f 412 413 414
f 412 414 415
f 416 417 418
f 416 418 419
f 420 421 422
f 420 422 423
f 424 425 426
f 424 426 427
f 428 429 430
f 428 430 431
f 432 433 434
f 432 434 435
f 436 437 438
f 436 438 439
f 440 441 442
f 440 442 443
f 444 445 446
f 444 446 447
f 448 449 450
f 448 450 451
f 452 453 454
f 452 454 455
f 456 457 458
f 456 458 459
f 460 461 462
f 460 462 463
f 464 465 466
f 464 466 467
f 468 469 470
f 468 470 471
f 472 473 474
f 472 474 475
f 476 477 478
f 476 478 479
f 480 481 482
f 480 482 483
f 484 485 486
f 484 486 487
f 488 489 490
f 488 490 491
f 492 493 494
f 492 494 495
f 496 497 498
f 496 498 499
f 500 501 502
f 500 502 503
f 504 505 506
f 504 506 507
f 508 509 510
f 508 510 511
f 512 513 514
f 512 514 515
f 516 517 518
f 516 518 519
f 520 521 522
f 520 522 523
f 524 525 526
f 524 526 527
f 528 529 530
f 528 530 531
f 532 533 534
f 532 534 535
f 536 537 538
f 536 538 539
f 540 541 542
f 540 542 543
f 544 545 546
f 544 546 547
f 548 549 550
f 548 550 551
f 552 553 554
f 552 554 555
f 556 557 558
f 556 558 559
f 560 561 562
f 560 562 563
f 564 565 566
f 564 566 567
f 568 569 570
f 571 572 573
f 574 575 576
f 577 578 579
f 580 581 582
f 582 583 580
f 580 583 584
f 580 584 585
f 585 584 586
f 585 586 587
f 587 588 585
f 585 588 589
f 585 589 590
f 591 592 593
f 593 592 594
f 591 595 592
f 592 595 596
f 592 596 597
f 598 599 600
f 600 599 601
f 602 603 604
f 605 606 607
f 608 609 610
f 611 612 613
f 614 615 616
f 617 618 619
f 620 621 622
f 623 624 625
f 626 627 628
f 629 630 631
f 632 633 634
f 635 636 637
f 638 639 640
f 641 642 643
f 644 645 646
f 647 648 649
f 650 651 652
f 653 654 655
f 656 657 658
f 659 660 661
f 662 663 664
f 665 666 667
f 668 669 670
f 671 672 673
f 674 675 676
f 677 678 679
f 680 681 682
f 683 684 685
f 686 687 688
f 689 690 691
f 692 693 694
f 695 696 697
f 698 699 700
f 701 702 703
f 704 705 706
f 707 708 709
f 710 711 712
f 713 714 715
f 716 717 718
f 719 720 721
f 722 723 724
f 725 726 727
f 728 729 730
f 731 732 733
f 734 735 736
f 737 738 739
f 740 741 742
f 743 744 745
f 746 747 748
f 749 750 751
f 752 753 754
f 755 756 757
f 758 759 760
f 761 762 763
f 764 765 766
f 767 768 769
f 770 771 772
f 773 774 775
f 776 777 778
f 779 780 781
f 600 592 597
f 600 597 598
f 782 783 784
f 785 786 787
f 788 789 790
f 791 792 793
f 794 795 796
f 797 798 799
f 800 801 802
f 803 804 805
f 806 807 808
f 809 810 811
f 812 813 814
f 815 816 817
f 818 819 820
f 821 822 823
f 824 825 826
f 827 828 829
f 830 831 832
f 833 834 835
f 835 834 836
f 837 838 839
f 840 841 842
f 843 844 845
f 846 847 848
f 849 850 851
f 852 853 854
f 855 856 857
f 858 859 860
f 861 862 863
f 864 865 866
f 867 868 869
f 870 871 872
f 873 874 875
f 876 877 878
f 879 880 881
f 882 883 884
f 885 886 887
f 888 889 890
f 891 892 893
f 894 895 896
f 897 898 899
f 900 901 902
f 903 904 905
f 906 907 908
f 909 910 911
f 912 913 914
f 915 916 917
f 918 919 920
f 921 922 923
f 924 925 926
f 927 928 929
f 930 931 932
f 933 934 935
f 936 937 938
f 939 940 941
f 942 943 944
f 945 946 947
f 948 949 950
f 951 952 953
f 954 955 956
f 957 958 959
f 960 961 962
f 963 964 965
f 966 967 968
f 969 970 971
f 972 973 974
f 975 976 977
f 978 979 980
f 981 982 983
f 984 985 986
f 987 988 989
f 990 991 992
f 993 994 995
f 996 997 998
f 999 1000 1001
f 1002 1003 1004
f 1005 1006 1007
f 1008 1009 1010
f 1011 1012 1013
f 1014 1015 1016
f 1017 1018 1019
f 1020 1021 1022
f 1023 1024 1025
f 1026 1027 1028
f 1029 1030 1031
f 1032 1033 1034
f 1035 1036 1037
f 1038 1039 1040
f 1041 1042 1043
f 1044 1045 1046
f 1047 1048 1049
f 1050 1051 1052
f 1053 1054 1055
f 1056 1057 1058
f 1059 1060 1061
f 1062 1063 1064
f 1065 1066 1067
f 1068 1069 1070
f 1071 1072 1073
f 1074 1075 1076
f 1077 1078 1079
f 831 1080 832
f 1081 1082 1083
f 1084 1085 1086
f 1087 1088 1089
f 1090 1091 1092
f 1093 1094 1095
f 1096 1097 1098
f 1099 1100 1101
f 1102 1103 1104
f 1105 1106 1107
f 1108 1109 1110
f 1111 1112 1113
f 1114 1115 1116
f 1117 1118 1119
f 1120 1121 1122
f 1123 1124 1125
f 1126 1127 1128
f 1129 1130 1131
f 1132 1133 1134
f 1135 1136 1137
f 1138 1139 1140
f 1141 1142 1143
f 1144 1145 1146
f 1147 1148 1149
f 1150 1151 1152
f 1153 1154 1155
f 1156 1157 1158
f 1159 1160 1161
f 1162 1163 1164
f 1165 1166 1167
f 1168 1169 1170
f 1171 1172 1173
f 1174 1175 1176
f 1177 1178 1179
f 1180 1181 1182
f 1183 1184 1185
f 1186 1187 1188
f 1189 1190 1191
f 1192 1193 1194
f 1195 1196 1197
f 1198 1199 1200
f 1201 1202 1203
f 1204 1205 1206
f 1207 1208 1209
f 1210 1211 1212
f 1213 1214 1215
f 1216 1217 1218
f 1219 1220 1221
f 1222 1223 1224
f 1225 1226 1227
f 1228 1229 1230
f 1231 1232 1233
f 1234 1235 1236
f 1237 1238 1239
f 1240 1241 1242
f 1243 1244 1245
f 1246 1247 1248
f 1249 1250 1251
f 1252 1253 1254
f 1255 1256 1257
f 1258 1259 1260
f 1261 1262 1263
f 1264 1265 1266
f 1267 1268 1269
f 1270 1271 1272
f 1273 1274 1275
f 1276 1277 1278
f 1279 1280 1281
f 1282 1283 1284
f 1285 1286 1287
f 1288 1289 1290
f 1291 1292 1293
f 1294 1295 1296
f 1297 1298 1299
f 1300 1301 1302
f 1303 1304 1305
f 1306 1307 1308
f 1309 1310 1311
f 1312 1313 1314
f 1315 1316 1317
f 1318 1319 1320
f 1321 1322 1323
f 1324 1325 1326
f 1327 1328 1329
f 1330 1331 1332
f 1333 1334 1335
f 1336 1337 1338
f 1339 1340 1341
f 1342 1343 1344
f 1345 1346 1347
f 1348 1349 1350
f 1351 1352 1353
f 1354 1355 1356
f 1357 1358 1359
f 1360 1361 1362
f 1363 1364 1365
f 1366 1367 1368
f 1369 1370 1371
f 1372 1373 1374
f 1375 1376 1377
f 1378 1379 1380
f 1381 1382 1383
f 1384 1385 1386
f 1387 1388 1389
f 1390 1391 1392
f 1393 1394 1395
f 1396 1397 1398
f 1399 1400 1401
f 1402 1403 1404
f 1405 1406 1407
f 1408 1409 1410
f 1411 1412 1413
f 1414 1415 1416
f 1417 1418 1419
f 1420 1421 1422
f 1423 1424 1425
f 1426 1427 1428
f 1429 1430 1431
f 1432 1433 1434
f 1435 1436 1437
f 1438 1439 1440
f 1441 1442 1443
f 1444 1445 1446
f 1447 1448 1449
f 1450 1451 1452
f 1453 1454 1455
f 1456 1457 1458
f 1459 1460 1461
f 1462 1463 1464
f 1465 1466 1467
f 1468 1469 1470
f 1471 1472 1473
f 1474 1475 1476
f 1477 1478 1479
f 1480 1481 1482
f 1483 1484 1485
f 1486 1487 1488
f 1489 1490 1491
f 1492 1493 1494
f 1495 1496 1497
f 1498 1499 1500
f 1501 1502 1503
f 1504 1505 1506
f 1507 1508 1509
f 1510 1511 1512
f 1513 1514 1515
f 1516 1517 1518
f 1519 1520 1521
f 1522 1523 1524
f 1525 1526 1527
f 1528 1529 1530
f 1531 1532 1533
f 1534 1535 1536
f 1537 1538 1539
f 1540 1541 1542
f 1543 1544 1545
f 1546 1547 1548
f 1549 1550 1551
f 1552 1553 1554
f 1555 1556 1557
f 1558 1559 1560
f 1561 1562 1563
f 1564 1565 1566
f 1567 1568 1569
f 1570 1571 1572
f 1573 1574 1575
f 1576 1577 1578
f 1579 1580 1581
f 1582 1583 1584
f 1585 1586 1587
f 1588 1589 1590
f 1591 1592 1593
f 1594 1595 1596
f 1597 1598 1599
f 1600 1601 1602
f 1603 1604 1605
f 1606 1607 1608
f 1609 1610 1611
f 1612 1613 1614
f 1615 1616 1617
f 1618 1619 1620
f 1621 1622 1623
f 1624 1625 1626
f 1627 1628 1629
f 1630 1631 1632
f 1633 1634 1635
f 1636 1637 1638
f 1639 1640 1641
f 1642 1643 1644
f 1645 1646 1647
f 1648 1649 1650
f 1651 1652 1653
f 1654 1655 1656
f 1657 1658 1659
f 1660 1661 1662
f 1663 1664 1665
f 1666 1667 1668
f 1669 1670 1671
f 1672 1673 1674
f 1675 1676 1677
f 1678 1679 1680
f 1681 1682 1683
f 1684 1685 1686
f 1687 1688 1689
f 1690 1691 1692
f 1693 1694 1695
f 1696 1697 1698
f 1699 1700 1701
f 1702 1703 1704
f 1705 1706 1707
f 1708 1709 1710
f 1711 1712 1713
f 1714 1715 1716
f 1717 1718 1719
f 1720 1721 1722
f 1723 1724 1725
f 1726 1727 1728
f 1729 1730 1731
f 1732 1733 1734
f 1735 1736 1737
f 1738 1739 1740
f 1741 1742 1743
f 1744 1745 1746
f 1747 1748 1749
f 1750 1751 1752
f 1753 1754 1755
f 1756 1757 1758
f 1759 1760 1761
f 1762 1763 1764
f 1765 1766 1767
f 1768 1769 1770
f 1771 1772 1773
f 1774 1775 1776
f 1777 1778 1779
f 1780 1781 1782
f 1783 1784 1785
f 1786 1787 1788
f 1789 1790 1791
f 1792 1793 1794
f 1795 1796 1797
f 1798 1799 1800
f 1801 1802 1803
f 1804 1805 1806
f 1807 1808 1809
f 1810 1811 1812
f 1813 1814 1815
f 1816 1817 1818
f 1819 1820 1821
f 1822 1823 1824
f 1825 1826 1827
f 1828 1829 1830
f 1831 1832 1833
f 1834 1835 1836
f 1837 1838 1839
f 1840 1841 1842
f 1843 1844 1845
f 1846 1847 1848
f 1849 1850 1851
f 1852 1853 1854
f 1855 1856 1857
f 1858 1859 1860
f 1861 1862 1863
f 1864 1865 1866
f 1867 1868 1869
f 1870 1871 1872
f 1873 1874 1875
f 1876 1877 1878
f 1879 1880 1881
f 1882 1883 1884
f 1885 1886 1887
f 1888 1889 1890
f 1891 1892 1893
f 1894 1895 1896
f 1897 1898 1899
f 1900 1901 1902
f 1903 1904 1905
f 1906 1907 1908
f 1909 1910 1911
f 1912 1913 1914
f 1915 1916 1917
f 1918 1919 1920
f 1921 1922 1923
f 1924 1925 1926
f 1927 1928 1929
f 1930 1931 1932
f 1933 1934 1935
f 1936 1937 1938
f 1939 1940 1941
f 1942 1943 1944
f 1945 1946 1947
f 1948 1949 1950
f 1951 1952 1953
f 1954 1955 1956
f 1957 1958 1959
f 1960 1961 1962
f 1963 1964 1965
f 1966 1967 1968
f 1969 1970 1971
f 1972 1973 1974
f 1975 1976 1977
f 1978 1979 1980
f 1981 1982 1983
f 1984 1985 1986
f 1987 1988 1989
f 1990 1991 1992
f 1993 1994 1995
f 1996 1997 1998
f 1999 2000 2001
f 2002 2003 2004
f 2005 2006 2007
f 2008 2009 2010
f 2011 2012 2013
f 2014 2015 2016
f 2017 2018 2019
f 2020 2021 2022
f 2023 2024 2025
f 2026 2027 2028
f 2029 2030 2031
f 2032 2033 2034
f 2035 2036 2037
f 2038 2039 2040
f 2041 2042 2043
f 2044 2045 2046
f 2047 2048 2049
f 2050 2051 2052
f 2053 2054 2055
f 2056 2057 2058
f 2059 2060 2061
f 2062 2063 2064
f 2065 2066 2067
f 2068 2069 2070
f 2071 2072 2073
f 2074 2075 2076
f 2077 2078 2079
f 2080 2081 2082
f 2083 2084 2085
f 2086 2087 2088
f 2089 2090 2091
f 2092 2093 2094
f 2095 2096 2097
f 2098 2099 2100
f 2101 2102 2103
f 2104 2105 2106
f 2107 2108 2109
f 2109 2108 2110
f 2109 2110 2103
f 2103 2110 2111
f 2103 2111 2101
f 2112 2113 2105
f 2105 2113 2114
f 2105 2114 2106
f 2106 2115 2104
f 2104 2115 2116
f 2104 2116 2109
f 2109 2116 2117
f 2109 2117 2107
f 2118 2119 2120
f 2120 2119 2121
f 2120 2121 2112
f 2112 2121 2122
f 2112 2122 2113
f 2123 2124 2125
f 2126 2127 2128
f 2129 2130 2131
f 2118 2120 2132
f 2132 2120 2133
f 2132 2133 2134
f 2101 2135 2102
f 2136 2137 2138
f 2139 2140 2141
f 2142 2143 2144
f 2145 2146 2147
f 2134 2133 2148
f 2148 2133 2149
f 2148 2149 2150
f 2150 2149 2151
f 2150 2151 2152
f 2152 2151 2153
f 2152 2153 2154
f 2154 2153 2155
f 2154 2155 2156
f 2156 2155 2157
f 2157 2155 2158
f 2157 2158 2159
f 2159 2158 2160
f 2159 2160 2161
f 2161 2160 2162
f 2161 2162 2163
f 2163 2162 2164
f 2163 2164 2165
f 2165 2164 2166
f 2165 2166 2167
f 2167 2166 2168
f 2167 2168 2169
f 2169 2168 2170
f 2169 2170 2171
f 2171 2170 2172
f 2171 2172 2173
f 2173 2172 2174
f 2173 2174 2175
f 2175 2174 2176
f 2175 2176 2177
f 2178 2179 2180
f 2181 2182 2183
f 2184 2185 2186
f 2187 2188 2189
f 2190 2191 2192
f 2193 2194 2195
f 2196 2197 2198
f 2199 2200 2201
f 2202 2203 2204
f 2205 2206 2207
f 2208 2209 2210
f 2211 2212 2213
f 2214 2215 2216
f 2217 2218 2219
f 2220 2221 2222
f 2223 2224 2225
f 2226 2227 2228
f 2229 2230 2231
f 2232 2233 2234
f 2235 2236 2237
f 2238 2239 2240
f 2241 2242 2243
f 2244 2245 2246
f 2247 2248 2249
f 2250 2251 2252
f 2253 2254 2255
f 2256 2257 2258
f 2259 2260 2261
f 2262 2263 2264
f 2265 2266 2267
f 2268 2269 2270
f 2271 2272 2273
f 2274 2275 2276
f 2268 2270 2277
f 2278 2279 2280
f 2281 2282 2283
f 2284 2285 2286
f 2287 2288 2289
f 2290 2291 2292
f 2293 2294 2295
f 2296 2297 2298
f 2299 2300 2301
f 2302 2303 2304
f 2305 2306 2307
f 2308 2309 2310
f 2311 2312 2313
f 2314 2315 2316
f 2317 2318 2319
f 2320 2321 2322
f 2323 2324 2325
f 2326 2327 2328
f 2329 2330 2331
f 2332 2333 2334
f 2335 2336 2337
f 2338 2339 2340
f 2341 2342 2343
f 2344 2345 2346
f 2347 2348 2349
f 2350 2351 2352
f 2353 2354 2355
f 2356 2357 2358
f 2359 2360 2361
f 2362 2363 2364
f 2365 2366 2367
f 2368 2369 2370
f 2371 2372 2373
f 2374 2375 2376
f 2377 2378 2379
f 2380 2381 2382
f 2383 2384 2385
f 2386 2387 2388
f 2389 2390 2391
f 2392 2393 2394
f 2395 2396 2397
f 2398 2399 2400
f 2401 2402 2403
f 2404 2405 2406
f 2407 2408 2409
f 2410 2411 2412
f 2413 2414 2415
f 2416 2417 2418
f 2419 2420 2421
f 2422 2423 2424
f 2425 2426 2427
f 2428 2429 2430
f 2431 2432 2433
f 2434 2435 2436
f 2437 2438 2439
f 2440 2441 2442
f 2443 2444 2445
f 2446 2447 2448
f 2449 2450 2451
f 2452 2453 2454
f 2455 2456 2457
f 2458 2459 2460
f 2461 2462 2463
f 2464 2465 2466
f 2467 2468 2469
f 2470 2471 2472
f 2473 2474 2475
f 2476 2477 2478
f 2479 2480 2481
f 2482 2483 2484
f 2485 2486 2487
f 2488 2489 2490
f 2491 2492 2493
f 2494 2495 2496
f 2497 2498 2499
f 2500 2501 2502
f 2503 2504 2505
f 2506 2507 2508
f 2509 2510 2511
f 2512 2513 2514
f 2515 2516 2517
f 2518 2519 2520
f 2521 2522 2523
f 2524 2525 2526
f 2527 2528 2529
f 2530 2531 2532
f 2533 2534 2535
f 2536 2537 2538
f 2539 2540 2541
f 2542 2543 2544
f 2545 2546 2547
f 2548 2549 2550
f 2551 2552 2553
f 2554 2555 2556
f 2557 2558 2559
f 2560 2561 2562
f 2563 2564 2565
f 2566 2567 2568
f 2569 2570 2571
f 2572 2573 2574
f 2575 2576 2577
f 2578 2579 2580
f 2581 2582 2583
f 2584 2585 2586
f 2587 2588 2589
f 2590 2591 2592
f 2593 2594 2595
f 2596 2597 2598
f 2599 2600 2601
f 2602 2603 2604
f 2605 2606 2607
f 2608 2609 2610
f 2611 2612 2613
f 2614 2615 2616
f 2617 2618 2619
f 2620 2621 2622
f 2623 2624 2625
f 2626 2627 2628
f 2629 2630 2631
f 2632 2633 2634
f 2635 2636 2637
f 2638 2639 2640
f 2641 2642 2643
f 2644 2645 2646
f 2647 2648 2649
f 2650 2651 2652
f 2653 2654 2655
f 2656 2657 2658
f 2659 2660 2661
f 2662 2663 2664
f 2665 2666 2667
f 2668 2669 2670
f 2671 2672 2673
f 2674 2675 2676
f 2677 2678 2679
f 2680 2681 2682
f 2683 2684 2685
f 2686 2687 2688
f 2689 2690 2691
f 2692 2693 2694
f 2695 2696 2697
f 2698 2699 2700
f 2701 2702 2703
f 2704 2705 2706
f 2707 2708 2709
f 2710 2711 2712
f 2713 2714 2715
f 2716 2717 2718
f 2719 2720 2721
f 2722 2723 2724
f 2725 2726 2727
f 2728 2729 2730
f 2731 2732 2733
f 2734 2735 2736
f 2737 2738 2739
f 2740 2741 2742
f 2743 2744 2745
f 2746 2747 2748
f 2749 2750 2751
f 2752 2753 2754
f 2755 2756 2757
f 2758 2759 2760
f 2761 2762 2763
f 2764 2765 2766
f 2767 2768 2769
f 2770 2771 2772
f 2773 2774 2775
f 2776 2777 2778
f 2779 2780 2781
f 2782 2783 2784
f 2785 2786 2787
f 2788 2789 2790
f 2791 2792 2793
f 2794 2795 2796
f 2797 2798 2799
f 2800 2801 2802
f 2803 2804 2805
f 2806 2807 2808
f 2809 2810 2811
f 2812 2813 2814
f 2815 2816 2817
f 2818 2819 2820
f 2821 2822 2823
f 2824 2825 2826
f 2827 2828 2829
f 2830 2831 2832
f 2833 2834 2835
f 2836 2837 2838
f 2839 2840 2841
f 2842 2843 2844
f 2845 2846 2847
f 2848 2849 2850
f 2851 2852 2853
f 2854 2855 2856
f 2857 2858 2859
f 2860 2861 2862
f 2863 2864 2865
f 2866 2867 2868
f 2869 2870 2871
f 2872 2873 2874
f 2875 2876 2877
f 2878 2879 2880
f 2881 2882 2883
f 2884 2885 2886
f 2887 2888 2889
f 2890 2891 2892
f 2893 2894 2895
f 2896 2897 2898
f 2899 2900 2901
f 2902 2903 2904
f 2905 2906 2907
f 2908 2909 2910
f 2911 2912 2913
f 2914 2915 2916
f 2917 2918 2919
f 2920 2921 2922
f 2923 2924 2925
f 2926 2927 2928
f 2929 2930 2931
f 2932 2933 2934
f 2935 2936 2937
f 2938 2939 2940
f 2941 2942 2943
f 2944 2945 2946
f 2947 2948 2949
f 2950 2951 2952
f 2953 2954 2955
f 2956 2957 2958
f 2959 2960 2961
f 2962 2963 2964
f 2965 2966 2967
f 2968 2969 2970
f 2971 2972 2973
f 2974 2975 2976
f 2977 2978 2979
f 2980 2981 2982
f 2983 2984 2985
f 2986 2987 2988
f 2989 2990 2991
f 2992 2993 2994
f 2995 2996 2997
f 2998 2999 3000
f 3001 3002 3003
f 3004 3005 3006
f 3007 3008 3009
f 3010 3011 3012
f 3013 3014 3015
f 3016 3017 3018
f 3019 3020 3021
f 3022 3023 3024
f 3025 3026 3027
f 3028 3029 3030
f 3031 3032 3033
f 3034 3035 3036
f 3037 3038 3039
f 3040 3041 3042
f 3043 3044 3045
f 3046 3047 3048
f 3049 3050 3051
f 3052 3053 3054
f 3055 3056 3057
f 3058 3059 3060
f 3061 3062 3063
f 3064 3065 3066
f 3067 3068 3069
f 3070 3071 3072
f 3073 3074 3075
f 3076 3077 3078
f 3079 3080 3081
f 3082 3083 3084
f 3085 3086 3087
f 3088 3089 3090
f 3091 3092 3093
f 3094 3095 3096
f 3097 3098 3099
f 3100 3101 3102
f 3103 3104 3105
f 3106 3107 3108
f 3109 3110 3111
f 3112 3113 3114
f 3115 3116 3117
f 3118 3119 3120
f 3121 3122 3123
f 3124 3125 3126
f 3127 3128 3129
f 3130 3131 3132
f 3133 3134 3135
f 3136 3137 3138
f 3139 3140 3141
f 3142 3143 3144
f 3145 3146 3147
f 3148 3149 3150
f 3151 3152 3153
f 3154 3155 3156
f 3157 3158 3159
f 3160 3161 3162
f 3163 3164 3165
f 3166 3167 3168
f 3169 3170 3171
f 3172 3173 3174
f 3175 3176 3177
f 3178 3179 3180
f 3181 3182 3183
f 3184 3185 3186
f 3187 3188 3189
f 3190 3191 3192
f 3193 3194 3195
f 3196 3197 3198
f 3199 3200 3201
f 3202 3203 3204
f 3205 3206 3207
f 3208 3209 3210
f 3211 3212 3213
f 3214 3215 3216
f 3217 3218 3219
f 3220 3221 3222
f 3223 3224 3225
f 3226 3227 3228
f 3229 3230 3231
f 3232 3233 3234
f 3235 3236 3237
f 3238 3239 3240
f 3241 3242 3243
f 3244 3245 3246
f 3247 3248 3249
f 3250 3251 3252
f 3253 3254 3255
f 3256 3257 3258
f 3259 3260 3261
f 3262 3263 3264
f 3265 3266 3267
f 3268 3269 3270
f 3271 3272 3273
f 3274 3275 3276
f 3277 3278 3279
f 3280 3281 3282
f 3283 3284 3285
f 3286 3287 3288
f 3289 3290 3291
f 3292 3293 3294
f 3295 3296 3297
f 3298 3299 3300
f 3301 3302 3303
f 3304 3305 3306
f 3307 3308 3309
f 3310 3311 3312
f 3313 3314 3315
f 3316 3317 3318
f 3319 3320 3321
f 3322 3323 3324
f 3325 3326 3327
f 3328 3329 3330
f 3331 3332 3333
f 3334 3335 3336
f 3337 3338 3339
f 3340 3341 3342
f 3343 3344 3345
f 3346 3347 3348
f 3349 3350 3351
f 3352 3353 3354
f 3355 3356 3357
f 3358 3359 3360
f 3361 3362 3363
f 3364 3365 3366
f 3367 3368 3369
f 3370 3371 3372
f 3373 3374 3375
f 3376 3377 3378
f 3379 3380 3381
f 3382 3383 3384
f 3385 3386 3387
f 3388 3389 3390
f 3391 3392 3393
f 3394 3395 3396
f 3397 3398 3399
f 3400 3401 3402
f 3403 3404 3405
f 3406 3407 3408
f 3409 3410 3411
f 3412 3413 3414
f 3415 3416 3417
f 3418 3419 3420
f 3421 3422 3423
f 3424 3425 3426
f 3427 3428 3429
f 3430 3431 3432
f 3433 3434 3435
f 3436 3437 3438
f 3439 3440 3441
f 3442 3443 3444
f 3445 3446 3447
f 3448 3449 3450
f 3451 3452 3453
f 3454 3455 3456
f 3457 3458 3459
f 3460 3461 3462
f 3463 3464 3465
f 3466 3467 3468
f 3469 3470 3471
f 3472 3473 3474
f 3475 3476 3477
f 3478 3479 3480
f 3481 3482 3483
f 3484 3485 3486
f 3487 3488 3489
f 3490 3491 3492
f 3493 3494 3495
f 3496 3497 3498
f 3499 3500 3501
f 3502 3503 3504
f 3505 3506 3507
f 3508 3509 3510
f 3511 3512 3513
f 3514 3515 3516
f 3517 3518 3519
f 3520 3521 3522
f 3523 3524 3525
f 3526 3527 3528
f 3529 3530 3531
f 3532 3533 3534
f 3535 3536 3537
f 3538 3539 3540
f 3541 3542 3543
f 3544 3545 3546
f 3547 3548 3549
f 3550 3551 3552
f 3553 3554 3555
f 3556 3557 3558
f 3559 3560 3561
f 3562 3563 3564
f 3565 3566 3567
f 3568 3569 3570
f 3571 3572 3573
f 3574 3575 3576
f 3577 3578 3579
f 3580 3581 3582
f 3583 3584 3585
f 3586 3587 3588
f 3589 3590 3591
f 3592 3593 3594
f 3595 3596 3597
f 3598 3599 3600
f 3601 3602 3603
f 3604 3605 3606
f 3607 3608 3609
f 3610 3611 3612
f 3613 3614 3615
f 3616 3617 3618
f 3619 3620 3621
f 3622 3623 3624
f 3625 3626 3627
f 3628 3629 3630
f 3631 3632 3633
f 3634 3635 3636
f 3637 3638 3639
f 3640 3641 3642
f 3643 3644 3645
f 3646 3647 3648
f 3649 3650 3651
f 3652 3653 3654
f 3655 3656 3657
f 3658 3659 3660
f 3661 3662 3663
f 3664 3665 3666
f 3667 3668 3669
f 3670 3671 3672
f 3673 3674 3675
f 3676 3677 3678
f 3679 3680 3681
f 3682 3683 3684
f 3685 3686 3687
f 3688 3689 3690
f 3691 3692 3693
f 3694 3695 3696
f 3697 3698 3699
f 3700 3701 3702
f 3703 3704 3705
f 3706 3707 3708
f 3709 3710 3711
f 3712 3713 3714
f 3715 3716 3717
f 3718 3719 3720
f 3721 3722 3723
f 3724 3725 3726
f 3727 3728 3729
f 3730 3731 3732
f 3733 3734 3735
f 3736 3737 3738
f 3739 3740 3741
f 3742 3743 3744
f 3745 3746 3747
f 3748 3749 3750
f 3751 3752 3753
f 3754 3755 3756
f 3757 3758 3759
f 3760 3761 3762
f 3763 3764 3765
f 3766 3767 3768
f 3769 3770 3771
f 3772 3773 3774
f 3775 3776 3777
f 3778 3779 3780
f 3781 3782 3783
f 3784 3785 3786
f 3787 3788 3789
f 3790 3791 3792
f 3793 3794 3795
f 3796 3797 3798
f 3799 3800 3801
f 3802 3803 3804
f 3805 3806 3807
f 3808 3809 3810
f 3811 3812 3813
f 3814 3815 3816
f 3817 3818 3819
f 3820 3821 3822
f 3823 3824 3825
f 3826 3827 3828
f 3829 3830 3831
f 3832 3833 3834
f 3835 3836 3837
f 3838 3839 3840
f 3841 3842 3843
f 3844 3845 3846
f 3847 3848 3849
f 3850 3851 3852
f 3853 3854 3855
f 3856 3857 3858
f 3859 3860 3861
f 3862 3863 3864
f 3865 3866 3867
f 3868 3869 3870
f 3871 3872 3873
f 3874 3875 3876
f 3877 3878 3879
f 3880 3881 3882
f 3883 3884 3885
f 3886 3887 3888
f 3889 3890 3891
f 3892 3893 3894
f 3895 3896 3897
f 3898 3899 3900
f 3901 3902 3903
f 3904 3905 3906
f 3907 3908 3909
f 3910 3911 3912
f 3913 3914 3915
f 3916 3917 3918
f 3919 3920 3921
f 3922 3923 3924
f 3925 3926 3927
f 3928 3929 3930
f 3931 3932 3933
f 3934 3935 3936
f 3937 3938 3939
f 3940 3941 3942
f 3943 3944 3945
f 3946 3947 3948
f 3949 3950 3951
f 3952 3953 3954
f 3955 3956 3957
f 3958 3959 3960
f 3961 3962 3963
f 3964 3965 3966
f 3967 3968 3969
f 3970 3971 3972
f 3973 3974 3975
f 3976 3977 3978
f 3979 3980 3981
f 3982 3983 3984
f 3985 3986 3987
f 3988 3989 3990
f 3991 3992 3993
f 3994 3995 3996
f 3997 3998 3999
f 4000 4001 4002
f 4003 4004 4005
f 4006 4007 4008
f 4009 4010 4011
f 4012 4013 4014
f 4015 4016 4017
f 4018 4019 4020
f 4021 4022 4023
f 4024 4025 4026
f 4027 4028 4029
f 4030 4031 4032
f 4033 4034 4035
f 4036 4037 4038
f 4039 4040 4041
f 4042 4043 4044
f 4045 4046 4047
f 4048 4049 4050
f 4051 4052 4053
f 4054 4055 4056
f 4057 4058 4059
f 4060 4061 4062
f 4063 4064 4065
f 4066 4067 4068
f 4069 4070 4071
f 4072 4073 4074
f 4075 4076 4077
f 4078 4079 4080
f 4081 4082 4083
f 4084 4085 4086
f 4087 4088 4089
f 4090 4091 4092
f 4093 4094 4095
f 4096 4097 4098
f 4099 4100 4101
f 4102 4103 4104
f 4105 4106 4107
f 4108 4109 4110
f 4111 4112 4113
f 4114 4115 4116
f 4117 4118 4119
f 4120 4121 4122
f 4123 4124 4125
f 4126 4127 4128
f 4129 4130 4131
f 4132 4133 4134
f 4135 4136 4137
f 4138 4139 4140
f 4141 4142 4143
f 4144 4145 4146
f 4147 4148 4149
f 4150 4151 4152
f 4153 4154 4155
f 4156 4157 4158
f 4159 4160 4161
f 4162 4163 4164
f 4165 4166 4167
f 4168 4169 4170
f 4171 4172 4173
f 4174 4175 4176
f 4177 4178 4179
f 4180 4181 4182
f 4183 4184 4185
f 4186 4187 4188
f 4189 4190 4191
f 4192 4193 4194
f 4195 4196 4197
f 4198 4199 4200
f 4201 4202 4203
f 4204 4205 4206
f 4207 4208 4209
f 4210 4211 4212
f 4213 4214 4215
f 4216 4217 4218
f 4219 4220 4221
f 4222 4223 4224
f 4225 4226 4227
f 4228 4229 4230
f 4231 4232 4233
f 4234 4235 4236
f 4237 4238 4239
f 4240 4241 4242
f 4243 4244 4245
f 4246 4247 4248
f 4249 4250 4251
f 4252 4253 4254
f 4255 4256 4257
f 4258 4259 4260
f 4261 4262 4263
f 4264 4265 4266
f 4267 4268 4269
f 4270 4271 4272
f 4273 4274 4275
f 4276 4277 4278
f 4279 4280 4281
f 4282 4283 4284
f 4285 4286 4287
f 4288 4289 4290
f 4291 4292 4293
f 4294 4295 4296
f 4297 4298 4299
f 4300 4301 4302
f 4303 4304 4305
f 4306 4307 4308
f 4309 4310 4311
f 4312 4313 4314
f 4315 4316 4317
f 4318 4319 4320
f 4321 4322 4323
f 4324 4325 4326
f 4327 4328 4329
f 4330 4331 4332
f 4333 4334 4335
f 4336 4337 4338
f 4339 4340 4341
f 4342 4343 4344
f 4345 4346 4347
f 4348 4349 4350
f 4351 4352 4353
f 4354 4355 4356
f 4357 4358 4359
f 4360 4361 4362
f 4363 4364 4365
f 4366 4367 4368
f 4369 4370 4371
f 4372 4373 4374
f 4375 4376 4377
f 4378 4379 4380
f 4381 4382 4383
f 4384 4385 4386
f 4387 4388 4389
f 4390 4391 4392
f 4393 4394 4395
f 4396 4397 4398
f 4399 4400 4401
f 4402 4403 4404
f 4405 4406 4407
f 4408 4409 4410
f 4411 4412 4413
f 4414 4415 4416
f 4417 4418 4419
f 4420 4421 4422
f 4423 4424 4425
f 4426 4427 4428
f 4429 4430 4431
f 4432 4433 4434
f 4435 4436 4437
f 4438 4439 4440
f 4441 4442 4443
f 4444 4445 4446
f 4447 4448 4449
f 4450 4451 4452
f 4453 4454 4455
f 4456 4457 4458
f 4459 4460 4461
f 4462 4463 4464
f 4465 4466 4467
f 4468 4469 4470
f 4471 4472 4473
f 4474 4475 4476
f 4477 4478 4479
f 4480 4481 4482
f 4483 4484 4485
f 4486 4487 4488
f 4489 4490 4491
f 4492 4493 4494
f 4495 4496 4497
f 4498 4499 4500
f 4501 4502 4503
f 4504 4505 4506
f 4507 4508 4509
f 4510 4511 4512
f 4513 4514 4515
f 4516 4517 4518
f 4519 4520 4521
f 4522 4523 4524
f 4525 4526 4527
f 4528 4529 4530
f 4531 4532 4533
f 4534 4535 4536
f 4537 4538 4539
f 4540 4541 4542
f 4543 4544 4545
f 4546 4547 4548
f 4549 4550 4551
f 4552 4553 4554
f 4555 4556 4557
f 4558 4559 4560
f 4561 4562 4563
f 4564 4565 4566
f 4567 4568 4569
f 4570 4571 4572
f 4573 4574 4575
f 4576 4577 4578
f 4579 4580 4581
f 4582 4583 4584
f 4585 4586 4587
f 4588 4589 4590
f 4591 4592 4593
f 4594 4595 4596
f 4597 4598 4599
f 4600 4601 4602
f 4603 4604 4605
f 4606 4607 4608
f 4609 4610 4611
f 4612 4613 4614
f 4615 4616 4617
f 4618 4619 4620
f 4621 4622 4623
f 4624 4625 4626
f 4627 4628 4629
f 4630 4631 4632
f 4633 4634 4635
f 4636 4637 4638
f 4639 4640 4641
f 4642 4643 4644
f 4645 4646 4647
f 4648 4649 4650
f 4651 4652 4653
f 4654 4655 4656
f 4657 4658 4659
f 4660 4661 4662
f 4663 4664 4665
f 4666 4667 4668
f 4669 4670 4671
f 4672 4673 4674
f 4675 4676 4677
f 4678 4679 4680
f 4681 4682 4683
f 4684 4685 4686
f 4687 4688 4689
f 4690 4691 4692
f 4693 4694 4695
f 4696 4697 4698
f 4699 4700 4701
f 4702 4703 4704
f 4705 4706 4707
f 4708 4709 4710
f 4711 4712 4713
f 4714 4715 4716
f 4717 4718 4719
f 4720 4721 4722
f 4723 4724 4725
f 4726 4727 4728
f 4729 4730 4731
f 4732 4733 4734
f 4735 4736 4737
f 4738 4739 4740
f 4741 4742 4743
f 4744 4745 4746
f 4747 4748 4749
f 4750 4751 4752
f 4753 4754 4755
f 4756 4757 4758
f 4759 4760 4761
f 4762 4763 4764
f 4765 4766 4767
f 4768 4769 4770
f 4771 4772 4773
f 4774 4775 4776
f 4777 4778 4779
f 4780 4781 4782
f 4783 4784 4785
f 4786 4787 4788
f 4789 4790 4791
f 4792 4793 4794
f 4795 4796 4797
f 4798 4799 4800
f 4801 4802 4803
f 4804 4805 4806
f 4807 4808 4809
f 4810 4811 4812
f 4813 4814 4815
f 4816 4817 4818
f 4819 4820 4821
f 4822 4823 4824
f 4825 4826 4827
f 4828 4829 4830
f 4831 4832 4833
f 4834 4835 4836
f 4837 4838 4839
f 4840 4841 4842
f 4843 4844 4845
f 4846 4847 4848
f 4849 4850 4851
f 4852 4853 4854
f 4855 4856 4857
f 4858 4859 4860
f 4861 4862 4863
f 4864 4865 4866
f 4867 4868 4869
f 4870 4871 4872
f 4873 4874 4875
f 4876 4877 4878
f 4879 4880 4881
f 4882 4883 4884
f 4885 4886 4887
f 4888 4889 4890
f 4891 4892 4893
f 4894 4895 4896
f 4897 4898 4899
f 4900 4901 4902
f 4903 4904 4905
f 4906 4907 4908
f 4909 4910 4911
f 4912 4913 4914
f 4915 4916 4917
f 4918 4919 4920
f 4921 4922 4923
f 4924 4925 4926
f 4927 4928 4929
f 4930 4931 4932
f 4933 4934 4935
f 4936 4937 4938
f 4939 4940 4941
f 4942 4943 4944
f 4945 4946 4947
f 4948 4949 4950
f 4951 4952 4953
f 4954 4955 4956
f 4957 4958 4959
f 4960 4961 4962
f 4963 4964 4965
f 4966 4967 4968
f 4969 4970 4971
f 4972 4973 4974
f 4975 4976 4977
f 4978 4979 4980
f 4981 4982 4983
f 4984 4985 4986
f 4987 4988 4989
f 4990 4991 4992
f 4993 4994 4995
f 4996 4997 4998
f 4999 5000 5001
f 5002 5003 5004
f 5005 5006 5007
f 5008 5009 5010
f 5011 5012 5013
f 5014 5015 5016
f 5017 5018 5019
f 5020 5021 5022
f 5023 5024 5025
f 5026 5027 5028
f 5029 5030 5031
f 5032 5033 5034
f 5035 5036 5037
f 5038 5039 5040
f 5041 5042 5043
f 5044 5045 5046
f 5047 5048 5049
f 5050 5051 5052
f 5053 5054 5055
f 5056 5057 5058
f 5059 5060 5061
f 5062 5063 5064
f 5065 5066 5067
f 5068 5069 5070
f 5071 5072 5073
f 5074 5075 5076
f 5077 5078 5079
f 5080 5081 5082
f 5083 5084 5085
f 5086 5087 5088
f 5089 5090 5091
f 5092 5093 5094
f 5095 5096 5097
f 5098 5099 5100
f 5101 5102 5103
f 5104 5105 5106
f 5107 5108 5109
f 5110 5111 5112
f 5113 5114 5115
f 5116 5117 5118
f 5119 5120 5121
f 5122 5123 5124
f 5125 5126 5127
f 5128 5129 5130
f 5131 5132 5133
f 5134 5135 5136
f 5137 5138 5139
f 5140 5141 5142
f 5143 5144 5145
f 5146 5147 5148
f 5149 5150 5151
f 5152 5153 5154
f 5155 5156 5157
f 5158 5159 5160
f 5161 5162 5163
f 5164 5165 5166
f 5167 5168 5169
f 5170 5171 5172
f 5173 5174 5175
f 5176 5177 5178
f 5179 5180 5181
f 5182 5183 5184
f 5185 5186 5187
f 5188 5189 5190
f 5191 5192 5193
f 5194 5195 5196
f 5197 5198 5199
f 5200 5201 5202
f 5203 5204 5205
f 5206 5207 5208
f 5209 5210 5211
f 5212 5213 5214
f 5215 5216 5217
f 5218 5219 5220
f 5221 5222 5223
f 5224 5225 5226
f 5227 5228 5229
f 5230 5231 5232
f 5233 5234 5235
f 5236 5237 5238
f 5239 5240 5241
f 5242 5243 5244
f 5245 5246 5247
f 5248 5249 5250
f 5251 5252 5253
f 5254 5255 5256
f 5257 5258 5259
f 5260 5261 5262
f 5263 5264 5265
f 5266 5267 5268
f 5269 5270 5271
f 5272 5273 5274
f 5275 5276 5277
f 5278 5279 5280
f 5281 5282 5283
f 5284 5285 5286
f 5287 5288 5289
f 5290 5291 5292
f 5293 5294 5295
f 5296 5297 5298
f 5299 5300 5301
f 5302 5303 5304
f 5305 5306 5307
f 5308 5309 5310
f 5311 5312 5313
f 5314 5315 5316
f 5317 5318 5319
f 5320 5321 5322
f 5323 5324 5325
f 5326 5327 5328
f 5329 5330 5331
f 5332 5333 5334
f 5335 5336 5337
f 5338 5339 5340
f 5341 5342 5343
f 5344 5345 5346
f 5347 5348 5349
f 5350 5351 5352
f 5353 5354 5355
f 5356 5357 5358
f 5359 5360 5361
f 5362 5363 5364
f 5365 5366 5367
f 5368 5369 5370
f 5371 5372 5373
f 5374 5375 5376
f 5377 5378 5379
f 5380 5381 5382
f 5383 5384 5385
f 5386 5387 5388
f 5389 5390 5391
f 5392 5393 5394
f 5395 5396 5397
f 5398 5399 5400
f 5401 5402 5403
f 5404 5405 5406
f 5407 5408 5409
f 5410 5411 5412
f 5413 5414 5415
f 5416 5417 5418
f 5419 5420 5421
f 5422 5423 5424
f 5425 5426 5427
f 5428 5429 5430
f 5431 5432 5433
f 5434 5435 5436
f 5437 5438 5439
f 5440 5441 5442
f 5443 5444 5445
f 5446 5447 5448
f 5449 5450 5451
f 5452 5453 5454
f 5455 5456 5457
f 5458 5459 5460
f 5461 5462 5463
f 5464 5465 5466
f 5467 5468 5469
f 5470 5471 5472
f 5473 5474 5475
f 5476 5477 5478
f 5479 5480 5481
f 5482 5483 5484
f 5485 5486 5487
f 5488 5489 5490
f 5491 5492 5493
f 5494 5495 5496
f 5497 5498 5499
f 5500 5501 5502
f 5503 5504 5505
f 5506 5507 5508
f 5509 5510 5511
f 5512 5513 5514
f 5515 5516 5517
f 5518 5519 5520
f 5521 5522 5523
f 5524 5525 5526
f 5527 5528 5529
f 5530 5531 5532
f 5533 5534 5535
f 5536 5537 5538
f 5539 5540 5541
f 5542 5543 5544
f 5545 5546 5547
f 5548 5549 5550
f 5551 5552 5553
f 5554 5555 5556
f 5557 5558 5559
f 5560 5561 5562
f 5563 5564 5565
f 5566 5567 5568
f 5569 5570 5571
f 5572 5573 5574
f 5575 5576 5577
f 5578 5579 5580
f 5581 5582 5583
f 5584 5585 5586
f 5587 5588 5589
f 5590 5591 5592
f 5593 5594 5595
f 5596 5597 5598
f 5599 5600 5601
f 5602 5603 5604
f 5605 5606 5607
f 5608 5609 5610
f 5611 5612 5613
f 5614 5615 5616
f 5617 5618 5619
f 5620 5621 5622
f 5623 5624 5625
f 5626 5627 5628
f 5629 5630 5631
f 5632 5633 5634
f 5635 5636 5637
f 5638 5639 5640
f 5641 5642 5643
f 5644 5645 5646
f 5647 5648 5649
f 5650 5651 5652
f 5653 5654 5655
f 5656 5657 5658
f 5659 5660 5661
f 5662 5663 5664
f 5665 5666 5667
f 5668 5669 5670
f 5671 5672 5673
f 5674 5675 5676
f 5677 5678 5679
f 5680 5681 5682
f 5683 5684 5685
f 5686 5687 5688
f 5689 5690 5691
f 5692 5693 5694
f 5695 5696 5697
f 5698 5699 5700
f 5701 5702 5703
f 5704 5705 5706
f 5707 5708 5709
f 5710 5711 5712
f 5713 5714 5715
f 5716 5717 5718
f 5719 5720 5721
f 5722 5723 5724
f 5725 5726 5727
f 5728 5729 5730
f 5731 5732 5733
f 5734 5735 5736
f 5737 5738 5739
f 5740 5741 5742
f 5743 5744 5745
f 5746 5747 5748
f 5749 5750 5751
f 5752 5753 5754
f 5755 5756 5757
f 5758 5759 5760
f 5761 5762 5763
f 5764 5765 5766
f 5767 5768 5769
f 5770 5771 5772
f 5773 5774 5775
f 5776 5777 5778
f 5779 5780 5781
f 5782 5783 5784
f 5785 5786 5787
f 5788 5789 5790
f 5791 5792 5793
f 5794 5795 5796
f 5797 5798 5799
f 5800 5801 5802
f 5803 5804 5805
f 5806 5807 5808
f 5809 5810 5811
f 5812 5813 5814
f 5815 5816 5817
f 5818 5819 5820
f 5821 5822 5823
f 5824 5825 5826
f 5827 5828 5829
f 5830 5831 5832
f 5833 5834 5835
f 5836 5837 5838
f 5839 5840 5841
f 5842 5843 5844
f 5845 5846 5847
f 5848 5849 5850
f 5851 5852 5853
f 5854 5855 5856
f 5857 5858 5859
f 5860 5861 5862
f 5863 5864 5865
f 5866 5867 5868
f 5869 5870 5871
f 5872 5873 5874
f 5875 5876 5877
f 5878 5879 5880
f 5881 5882 5883
f 5884 5885 5886
f 5887 5888 5889
f 5890 5891 5892
f 5893 5894 5895
f 5896 5897 5898
f 5899 5900 5901
f 5902 5903 5904
f 5905 5906 5907
f 5908 5909 5910
f 5911 5912 5913
f 5914 5915 5916
f 5917 5918 5919
f 5920 5921 5922
f 5923 5924 5925
f 5926 5927 5928
f 5929 5930 5931
f 5932 5933 5934
f 5935 5936 5937
f 5938 5939 5940
f 5941 5942 5943
f 5944 5945 5946
f 5947 5948 5949
f 5950 5951 5952
f 5953 5954 5955
f 5956 5957 5958
f 5959 5960 5961
f 5962 5963 5964
f 5965 5966 5967
f 5968 5969 5970
f 5971 5972 5973
f 5974 5975 5976
f 5977 5978 5979
f 5980 5981 5982
f 5983 5984 5985
f 5986 5987 5988
f 5989 5990 5991
f 5992 5993 5994
f 5995 5996 5997
f 5998 5999 6000
f 6001 6002 6003
f 6004 6005 6006
f 6007 6008 6009
f 6010 6011 6012
f 6013 6014 6015
f 6016 6017 6018
f 6019 6020 6021
f 6022 6023 6024
f 6025 6026 6027
f 6028 6029 6030
f 6031 6032 6033
f 6034 6035 6036
f 6037 6038 6039
f 6040 6041 6042
f 6043 6044 6045
f 6046 6047 6048
f 6049 6050 6051
f 6052 6053 6054
f 6055 6056 6057
f 6058 6059 6060
f 6061 6062 6063
f 6064 6065 6066
f 6067 6068 6069
f 6070 6071 6072
f 6073 6074 6075
f 6076 6077 6078
f 6079 6080 6081
f 6082 6083 6084
f 6085 6086 6087
f 6088 6089 6090
f 6091 6092 6093
f 6094 6095 6096
f 6097 6098 6099
f 6100 6101 6102
f 6103 6104 6105
f 6106 6107 6108
f 6109 6110 6111
f 6112 6113 6114
f 6115 6116 6117
f 6118 6119 6120
f 6121 6122 6123
f 6124 6125 6126
f 6127 6128 6129
f 6130 6131 6132
f 6133 6134 6135
f 6136 6137 6138
f 6139 6140 6141
f 6142 6143 6144
f 6145 6146 6147
f 6148 6149 6150
f 6151 6152 6153
f 6154 6155 6156
f 6157 6158 6159
f 6160 6161 6162
f 6163 6164 6165
f 6166 6167 6168
f 6169 6170 6171
f 6172 6173 6174
f 6175 6176 6177
f 6178 6179 6180
f 6181 6182 6183
f 6184 6185 6186
f 6187 6188 6189
f 6190 6191 6192
f 6193 6194 6195
f 6196 6197 6198
f 6199 6200 6201
f 6202 6203 6204
f 6205 6206 6207
f 6208 6209 6210
f 6211 6212 6213
f 6214 6215 6216
f 6217 6218 6219
f 6220 6221 6222
f 6223 6224 6225
f 6226 6227 6228
f 6229 6230 6231
f 6232 6233 6234
f 6235 6236 6237
f 6238 6239 6240
f 6241 6242 6243
f 6244 6245 6246
f 6247 6248 6249
f 6250 6251 6252
f 6253 6254 6255
f 6256 6257 6258
f 6259 6260 6261
f 6262 6263 6264
f 6265 6266 6267
f 6268 6269 6270
f 6271 6272 6273
f 6274 6275 6276
f 6277 6278 6279
f 6280 6281 6282
f 6283 6284 6285
f 6286 6287 6288
f 6289 6290 6291
f 6292 6293 6294
f 6295 6296 6297
f 6298 6299 6300
f 6301 6302 6303
f 6304 6305 6306
f 6307 6308 6309
f 6310 6311 6312
f 6313 6314 6315
f 6316 6317 6318
f 6319 6320 6321
f 6322 6323 6324
f 6325 6326 6327
f 6328 6329 6330
f 6331 6332 6333
f 6334 6335 6336
f 6337 6338 6339
f 6340 6341 6342
f 6343 6344 6345
f 6346 6347 6348
f 6349 6350 6351
f 6352 6353 6354
f 6355 6356 6357
f 6358 6359 6360
f 6361 6362 6363
f 6364 6365 6366
f 6367 6368 6369
f 6370 6371 6372
f 6373 6374 6375
f 6376 6377 6378
f 6379 6380 6381
f 6382 6383 6384
f 6385 6386 6387
f 6388 6389 6390
f 6391 6392 6393
f 6394 6395 6396
f 6397 6398 6399
f 6400 6401 6402
f 6403 6404 6405
f 6406 6407 6408
f 6409 6410 6411
f 6412 6413 6414
f 6415 6416 6417
f 6418 6419 6420
f 6421 6422 6423
f 6424 6425 6426
f 6427 6428 6429
f 6430 6431 6432
f 6433 6434 6435
f 6436 6437 6438
f 6439 6440 6441
f 6442 6443 6444
f 6445 6446 6447
f 6448 6449 6450
f 6451 6452 6453
f 6454 6455 6456
f 6457 6458 6459
f 6460 6461 6462
f 6463 6464 6465
f 6466 6467 6468
f 6469 6470 6471
f 6472 6473 6474
f 6475 6476 6477
f 6478 6479 6480
f 6481 6482 6483
f 6484 6485 6486
f 6487 6488 6489
f 6490 6491 6492
f 6493 6494 6495
f 6496 6497 6498
f 6499 6500 6501
f 6502 6503 6504
f 6505 6506 6507
f 6508 6509 6510
f 6511 6512 6513
f 6514 6515 6516
f 6517 6518 6519
f 6520 6521 6522
f 6523 6524 6525
f 6526 6527 6528
f 6529 6530 6531
f 6532 6533 6534
f 6535 6536 6537
f 6538 6539 6540
f 6541 6542 6543
f 6544 6545 6546
f 6547 6548 6549
f 6550 6551 6552
f 6553 6554 6555
f 6556 6557 6558
f 6559 6560 6561
f 6562 6563 6564
f 6565 6566 6567
f 6568 6569 6570
f 6571 6572 6573
f 6574 6575 6576
f 6577 6578 6579
f 6580 6581 6582
f 6583 6584 6585
f 6586 6587 6588
f 6589 6590 6591
f 6592 6593 6594
f 6595 6596 6597
f 6598 6599 6600
f 6601 6602 6603
f 6604 6605 6606
f 6607 6608 6609
f 6610 6611 6612
f 6613 6614 6615
f 6616 6617 6618
f 6619 6620 6621
f 6622 6623 6624
f 6625 6626 6627
f 6628 6629 6630
f 6631 6632 6633
f 6634 6635 6636
f 6637 6638 6639
f 6640 6641 6642
f 6643 6644 6645
f 6646 6647 6648
f 6649 6650 6651
f 6652 6653 6654
f 6655 6656 6657
f 6658 6659 6660
f 6661 6662 6663
f 6664 6665 6666
f 6667 6668 6669
f 6670 6671 6672
f 6673 6674 6675
f 6676 6677 6678
f 6679 6680 6681
f 6682 6683 6684
f 6685 6686 6687
f 6688 6689 6690
f 6691 6692 6693
f 6694 6695 6696
f 6697 6698 6699
f 6700 6701 6702
f 6703 6704 6705
f 6706 6707 6708
f 6709 6710 6711
f 6712 6713 6714
f 6715 6716 6717
f 6718 6719 6720
f 6721 6722 6723
f 6724 6725 6726
f 6727 6728 6729
f 6730 6731 6732
f 6733 6734 6735
f 6736 6737 6738
f 6739 6740 6741
f 6742 6743 6744
f 6745 6746 6747
f 6748 6749 6750
f 6751 6752 6753
f 6754 6755 6756
f 6757 6758 6759
f 6760 6761 6762
f 6763 6764 6765
f 6766 6767 6768
f 6769 6770 6771
f 6772 6773 6774
f 6775 6776 6777
f 6778 6779 6780
f 6781 6782 6783
f 6784 6785 6786
f 6787 6788 6789
f 6790 6791 6792
f 6793 6794 6795
f 6796 6797 6798
f 6799 6800 6801
f 6802 6803 6804
f 6805 6806 6807
f 6808 6809 6810
f 6811 6812 6813
f 6814 6815 6816
f 6817 6818 6819
f 6820 6821 6822
f 6823 6824 6825
f 6826 6827 6828
f 6829 6830 6831
f 6832 6833 6834
f 6835 6836 6837
f 6838 6839 6840
f 6841 6842 6843
f 6844 6845 6846
f 6847 6848 6849
f 6850 6851 6852
f 6853 6854 6855
f 6856 6857 6858
f 6859 6860 6861
f 6862 6863 6864
f 6865 6866 6867
f 6868 6869 6870
f 6871 6872 6873
f 6874 6875 6876
f 6877 6878 6879
f 6880 6881 6882
f 6883 6884 6885
f 6886 6887 6888
f 6889 6890 6891
f 6892 6893 6894
f 6895 6896 6897
f 6898 6899 6900
f 6901 6902 6903
f 6904 6905 6906
f 6907 6908 6909
f 6910 6911 6912
f 6913 6914 6915
f 6916 6917 6918
f 6919 6920 6921
f 6922 6923 6924
f 6925 6926 6927
f 6928 6929 6930
f 6931 6932 6933
f 6934 6935 6936
f 6937 6938 6939
f 6940 6941 6942
f 6943 6944 6945
f 6946 6947 6948
f 6949 6950 6951
f 6952 6953 6954
f 6955 6956 6957
f 6958 6959 6960
f 6961 6962 6963
f 6964 6965 6966
f 6967 6968 6969
f 6970 6971 6972
f 6973 6974 6975
f 6976 6977 6978
f 6979 6980 6981
f 6982 6983 6984
f 6985 6986 6987
f 6988 6989 6990
f 6991 6992 6993
f 6994 6995 6996
f 6997 6998 6999
f 7000 7001 7002
f 7003 7004 7005
f 7006 7007 7008
f 7009 7010 7011
f 7012 7013 7014
f 7015 7016 7017
f 7018 7019 7020
f 7021 7022 7023
f 7024 7025 7026
f 7027 7028 7029
f 7030 7031 7032
f 7033 7034 7035
f 7036 7037 7038
f 7039 7040 7041
f 7042 7043 7044
f 7045 7046 7047
f 7048 7049 7050
f 7051 7052 7053
f 7054 7055 7056
f 7057 7058 7059
f 7060 7061 7062
f 7063 7064 7065
f 7066 7067 7068
f 7069 7070 7071
f 7072 7073 7074
f 7075 7076 7077
f 7078 7079 7080
f 7081 7082 7083
f 7084 7085 7086
f 7087 7088 7089
f 7090 7091 7092
f 7093 7094 7095
f 7096 7097 7098
f 7099 7100 7101
f 7102 7103 7104
f 7105 7106 7107
f 7108 7109 7110
f 7111 7112 7113
f 7114 7115 7116
f 7117 7118 7119
f 7120 7121 7122
f 7123 7124 7125
f 7126 7127 7128
f 7129 7130 7131
f 7132 7133 7134
f 7135 7136 7137
f 7138 7139 7140
f 7141 7142 7143
f 7144 7145 7146
f 7147 7148 7149
f 7150 7151 7152
f 7153 7154 7155
f 7156 7157 7158
f 7159 7160 7161
f 7162 7163 7164
f 7165 7166 7167
f 7168 7169 7170
f 7171 7172 7173
f 7174 7175 7176
f 7177 7178 7179
f 7180 7181 7182
f 7183 7184 7185
f 7186 7187 7188
f 7189 7190 7191
f 7192 7193 7194
f 7195 7196 7197
f 7198 7199 7200
f 7201 7202 7203
f 7204 7205 7206
f 7207 7208 7209
f 7210 7211 7212
f 7213 7214 7215
f 7216 7217 7218
f 7219 7220 7221
f 7222 7223 7224
f 7225 7226 7227
f 7228 7229 7230
f 7231 7232 7233
f 7234 7235 7236
f 7237 7238 7239
f 7240 7241 7242
f 7243 7244 7245
f 7246 7247 7248
f 7249 7250 7251
f 7252 7253 7254
f 7255 7256 7257
f 7258 7259 7260
f 7261 7262 7263
f 7264 7265 7266
f 7267 7268 7269
f 7270 7271 7272
f 7273 7274 7275
f 7276 7277 7278
f 7279 7280 7281
f 7282 7283 7284
f 7285 7286 7287
f 7288 7289 7290
f 7291 7292 7293
f 7294 7295 7296
f 7297 7298 7299
f 7300 7301 7302
f 7303 7304 7305
f 7306 7307 7308
f 7309 7310 7311
f 7312 7313 7314
f 7315 7316 7317
f 7318 7319 7320
f 7321 7322 7323
f 7324 7325 7326
f 7327 7328 7329
f 7330 7331 7332
f 7333 7334 7335
f 7336 7337 7338
f 7339 7340 7341
f 7342 7343 7344
f 7345 7346 7347
f 7348 7349 7350
f 7351 7352 7353
f 7354 7355 7356
f 7357 7358 7359
f 7360 7361 7362
f 7363 7364 7365
f 7366 7367 7368
f 7369 7370 7371
f 7372 7373 7374
f 7375 7376 7377
f 7378 7379 7380
f 7381 7382 7383
f 7384 7385 7386
f 7387 7388 7389
f 7390 7391 7392
f 7393 7394 7395
f 7396 7397 7398
f 7399 7400 7401
f 7402 7403 7404
f 7405 7406 7407
f 7408 7409 7410
f 7411 7412 7413
f 7414 7415 7416
f 7417 7418 7419
f 7420 7421 7422
f 7423 7424 7425
f 7426 7427 7428
f 7429 7430 7431
f 7432 7433 7434
f 7435 7436 7437
f 7438 7439 7440
f 7441 7442 7443
f 7444 7445 7446
f 7447 7448 7449
f 7450 7451 7452
f 7453 7454 7455
f 7456 7457 7458
f 7459 7460 7461
f 7462 7463 7464
f 7465 7466 7467
f 7468 7469 7470
f 7471 7472 7473
f 7474 7475 7476
f 7477 7478 7479
f 7480 7481 7482
f 7483 7484 7485
f 7486 7487 7488
f 7489 7490 7491
f 7492 7493 7494
f 7495 7496 7497
f 7498 7499 7500
f 7501 7502 7503
f 7504 7505 7506
f 7507 7508 7509
f 7510 7511 7512
f 7513 7514 7515
f 7516 7517 7518
f 7519 7520 7521
f 7522 7523 7524
f 7525 7526 7527
f 7528 7529 7530
f 7531 7532 7533
f 7534 7535 7536
f 7537 7538 7539
f 7540 7541 7542
f 7543 7544 7545
f 7546 7547 7548
f 7549 7550 7551
f 7552 7553 7554
f 7555 7556 7557
f 7558 7559 7560
f 7561 7562 7563
f 7564 7565 7566
f 7567 7568 7569
f 7570 7571 7572
f 7573 7574 7575
f 7576 7577 7578
f 7579 7580 7581
f 7582 7583 7584
f 7585 7586 7587
f 7588 7589 7590
f 7591 7592 7593
f 7594 7595 7596
f 7597 7598 7599
f 7600 7601 7602
f 7603 7604 7605
f 7606 7607 7608
f 7609 7610 7611
f 7612 7613 7614
f 7615 7616 7617
f 7618 7619 7620
f 7621 7622 7623
f 7624 7625 7626
f 7627 7628 7629
f 7630 7631 7632
f 7633 7634 7635
f 7636 7637 7638
f 7639 7640 7641
f 7642 7643 7644
f 7645 7646 7647
f 7648 7649 7650
f 7651 7652 7653
f 7654 7655 7656
f 7657 7658 7659
f 7660 7661 7662
f 7663 7664 7665
f 7666 7667 7668
f 7669 7670 7671
f 7672 7673 7674
f 7675 7676 7677
f 7678 7679 7680
f 7681 7682 7683
f 7684 7685 7686
f 7687 7688 7689
f 7690 7691 7692
f 7693 7694 7695
f 7696 7697 7698
f 7699 7700 7701
f 7702 7703 7704
f 7705 7706 7707
f 7708 7709 7710
f 7711 7712 7713
f 7714 7715 7716
f 7717 7718 7719
f 7720 7721 7722
f 7723 7724 7725
f 7726 7727 7728
f 7729 7730 7731
f 7732 7733 7734
f 7735 7736 7737
f 7738 7739 7740
f 7741 7742 7743
f 7744 7745 7746
f 7747 7748 7749
f 7750 7751 7752
f 7753 7754 7755
f 7756 7757 7758
f 7759 7760 7761
f 7762 7763 7764
f 7765 7766 7767
f 7768 7769 7770
f 7771 7772 7773
f 7774 7775 7776
f 7777 7778 7779
f 7780 7781 7782
f 7783 7784 7785
f 7786 7787 7788
f 7789 7790 7791
f 7792 7793 7794
f 7795 7796 7797
f 7798 7799 7800
f 7801 7802 7803
f 7804 7805 7806
f 7807 7808 7809
f 7810 7811 7812
f 7813 7814 7815
f 7816 7817 7818
f 7819 7820 7821
f 7822 7823 7824
f 7825 7826 7827
f 7828 7829 7830
f 7831 7832 7833
f 7834 7835 7836
f 7837 7838 7839
f 7840 7841 7842
f 7843 7844 7845
f 7846 7847 7848
f 7849 7850 7851
f 7852 7853 7854
f 7855 7856 7857
f 7858 7859 7860
f 7861 7862 7863
f 7864 7865 7866
f 7867 7868 7869
f 7870 7871 7872
f 7873 7874 7875
f 7876 7877 7878
f 7879 7880 7881
f 7882 7883 7884
f 7885 7886 7887
f 7888 7889 7890
f 7891 7892 7893
f 7894 7895 7896
f 7897 7898 7899
f 7900 7901 7902
f 7903 7904 7905
f 7906 7907 7908
f 7909 7910 7911
f 7912 7913 7914
f 7915 7916 7917
f 7918 7919 7920
f 7921 7922 7923
f 7924 7925 7926
f 7927 7928 7929
f 7930 7931 7932
f 7933 7934 7935
f 7936 7937 7938
f 7939 7940 7941
f 7942 7943 7944
f 7945 7946 7947
f 7948 7949 7950
f 7951 7952 7953
f 7954 7955 7956
f 7957 7958 7959
f 7960 7961 7962
f 7963 7964 7965
f 7966 7967 7968
f 7969 7970 7971
f 7972 7973 7974
f 7975 7976 7977
f 7978 7979 7980
f 7981 7982 7983
f 7984 7985 7986
f 7987 7988 7989
f 7990 7991 7992
f 7993 7994 7995
f 7996 7997 7998
f 7999 8000 8001
f 8002 8003 8004
f 8005 8006 8007
f 8008 8009 8010
f 8011 8012 8013
f 8014 8015 8016
f 8017 8018 8019
f 8020 8021 8022
f 8023 8024 8025
f 8026 8027 8028
f 8029 8030 8031
f 8032 8033 8034
f 8035 8036 8037
f 8038 8039 8040
f 8041 8042 8043
f 8044 8045 8046
f 8047 8048 8049
f 8050 8051 8052
f 8053 8054 8055
f 8056 8057 8058
f 8059 8060 8061
f 8062 8063 8064
f 8065 8066 8067
f 8068 8069 8070
f 8071 8072 8073
f 8074 8075 8076
f 8077 8078 8079
f 8080 8081 8082
f 8083 8084 8085
f 8086 8087 8088
f 8089 8090 8091
f 8092 8093 8094
f 8095 8096 8097
f 8098 8099 8100
f 8101 8102 8103
f 8104 8105 8106
f 8107 8108 8109
f 8110 8111 8112
f 8113 8114 8115
f 8116 8117 8118
f 8119 8120 8121
f 8122 8123 8124
f 8125 8126 8127
f 8128 8129 8130
f 8131 8132 8133
f 8134 8135 8136
f 8137 8138 8139
f 8140 8141 8142
f 8143 8144 8145
f 8146 8147 8148
f 8149 8150 8151
f 8152 8153 8154
f 8155 8156 8157
f 8158 8159 8160
f 8161 8162 8163
f 8164 8165 8166
f 8167 8168 8169
f 8170 8171 8172
f 8173 8174 8175
f 8176 8177 8178
f 8179 8180 8181
f 8182 8183 8184
f 8185 8186 8187
f 8188 8189 8190
f 8191 8192 8193
f 8194 8195 8196
f 8197 8198 8199
f 8200 8201 8202
f 8203 8204 8205
f 8206 8207 8208
f 8209 8210 8211
f 8212 8213 8214
f 8215 8216 8217
f 8218 8219 8220
f 8221 8222 8223
f 8224 8225 8226
f 8227 8228 8229
f 8230 8231 8232
f 8233 8234 8235
f 8236 8237 8238
f 8239 8240 8241
f 8242 8243 8244
f 8245 8246 8247
f 8248 8249 8250
f 8251 8252 8253
f 8254 8255 8256
f 8257 8258 8259
f 8260 8261 8262
f 8263 8264 8265
f 8266 8267 8268
f 8269 8270 8271
f 8272 8273 8274
f 8275 8276 8277
f 8278 8279 8280
f 8281 8282 8283
f 8284 8285 8286
f 8287 8288 8289
f 8290 8291 8292
f 8293 8294 8295
f 8296 8297 8298
f 8299 8300 8301
f 8302 8303 8304
f 8305 8306 8307
f 8308 8309 8310
f 8311 8312 8313
f 8314 8315 8316
f 8317 8318 8319
f 8320 8321 8322
f 8323 8324 8325
f 8326 8327 8328
f 8329 8330 8331
f 8332 8333 8334
f 8335 8336 8337
f 8338 8339 8340
f 8341 8342 8343
f 8344 8345 8346
f 8347 8348 8349
f 8350 8351 8352
f 8353 8354 8355
f 8356 8357 8358
f 8359 8360 8361
f 8362 8363 8364
f 8365 8366 8367
f 8368 8369 8370
f 8371 8372 8373
f 8374 8375 8376
f 8377 8378 8379
f 8380 8381 8382
f 8383 8384 8385
f 8386 8387 8388
f 8386 8388 8389
f 8390 8391 8392
f 8390 8392 8393
f 8394 8395 8396
f 8394 8396 8397
f 8398 8399 8400
f 8398 8400 8401
f 8402 8403 8404
f 8402 8404 8405
f 8406 8407 8408
f 8406 8408 8409
f 8410 8411 8412
f 8410 8412 8413
f 8414 8415 8416
f 8414 8416 8417
f 8418 8419 8420
f 8418 8420 8421
f 8422 8423 8424
f 8422 8424 8425
f 8426 8427 8428
f 8426 8428 8429
f 8430 8431 8432
f 8430 8432 8433
f 8434 8435 8436
f 8434 8436 8437
f 8438 8439 8440
f 8438 8440 8441
f 8442 8443 8444
f 8445 8446 8447
f 8448 8449 8450
f 8451 8452 8453
f 8454 8455 8456
f 8457 8458 8459
f 8460 8461 8462
f 8463 8464 8465
f 8466 8467 8468
f 8469 8470 8471
f 8472 8473 8474
f 8475 8476 8477
f 8478 8479 8480
f 8481 8482 8483
f 8484 8485 8486
f 8487 8488 8489
f 8490 8491 8492
f 8493 8494 8495
f 8496 8497 8498
f 8499 8500 8501
f 8502 8503 8504
f 8505 8506 8507
f 8508 8509 8510
f 8511 8512 8513
f 8514 8515 8516
f 8517 8518 8519
f 8520 8521 8522
f 8523 8524 8525
f 8526 8527 8528
f 8529 8530 8531
f 8532 8533 8534
f 8535 8536 8537
f 8538 8539 8540
f 8541 8542 8543
f 8544 8545 8546
f 8547 8548 8549
f 8550 8551 8552
f 8553 8554 8555
f 8556 8557 8558
f 8559 8560 8561
f 8562 8563 8564
f 8565 8566 8567
f 8568 8569 8570
f 8571 8572 8573
f 8574 8575 8576
f 8577 8578 8579
f 8580 8581 8582
f 8583 8584 8585
f 8586 8587 8588
f 8589 8590 8591
f 8592 8593 8594
f 8595 8596 8597
f 8598 8599 8600
f 8601 8602 8603
f 8604 8605 8606
f 8607 8608 8609
f 8610 8611 8612
f 8613 8614 8615
f 8616 8617 8618
f 8619 8620 8621
f 8622 8623 8624
f 8625 8626 8627
f 8628 8629 8630
f 8631 8632 8633
f 8634 8635 8636
f 8637 8638 8639
f 8640 8641 8642
f 8643 8644 8645
f 8646 8647 8648
f 8649 8650 8651
f 8652 8653 8654
f 8655 8656 8657
f 8658 8659 8660
f 8661 8662 8663
f 8664 8665 8666
f 8667 8668 8669
f 8670 8671 8672
f 8673 8674 8675
f 8676 8677 8678
f 8679 8680 8681
f 8682 8683 8684
f 8685 8686 8687
f 8688 8689 8690
f 8691 8692 8693
f 8694 8695 8696
f 8697 8698 8699
f 8700 8701 8702
f 8703 8704 8705
f 8706 8707 8708
f 8709 8710 8711
f 8712 8713 8714
f 8715 8716 8717
f 8718 8719 8720
f 8721 8722 8723
f 8724 8725 8726
f 8727 8728 8729
f 8730 8731 8732
f 8733 8734 8735
f 8736 8737 8738
f 8739 8740 8741
f 8742 8743 8744
f 8745 8746 8747
f 8748 8749 8750
f 8751 8752 8753
f 8754 8755 8756
f 8757 8758 8759
f 8760 8761 8762
f 8763 8764 8765
f 8766 8767 8768
f 8769 8770 8771
f 8772 8773 8774
f 8775 8776 8777
f 8778 8779 8780
f 8781 8782 8783
f 8784 8785 8786
f 8787 8788 8789
f 8790 8791 8792
f 8793 8794 8795
f 8796 8797 8798
f 8799 8800 8801
f 8802 8803 8804
f 8805 8806 8807
f 8808 8809 8810
f 8811 8812 8813
f 8814 8815 8816
f 8817 8818 8819
f 8820 8821 8822
f 8823 8824 8825
f 8826 8827 8828
f 8829 8830 8831
f 8832 8833 8834
f 8835 8836 8837
f 8838 8839 8840
f 8841 8842 8843
f 8844 8845 8846
f 8847 8848 8849
f 8850 8851 8852
f 8853 8854 8855
f 8856 8857 8858
f 8859 8860 8861
f 8862 8863 8864
f 8865 8866 8867
f 8868 8869 8870
f 8871 8872 8873
f 8874 8875 8876
f 8877 8878 8879
f 8880 8881 8882
f 8883 8884 8885
f 8886 8887 8888
f 8889 8890 8891
f 8892 8893 8894
f 8895 8896 8897
f 8898 8899 8900
f 8901 8902 8903
f 8904 8905 8906
f 8907 8908 8909
f 8910 8911 8912
f 8913 8914 8915
f 8916 8917 8918
f 8919 8920 8921
f 8922 8923 8924
f 8925 8926 8927
f 8928 8929 8930
f 8931 8932 8933
f 8934 8935 8936
f 8937 8938 8939
f 8940 8941 8942
f 8943 8944 8945
f 8946 8947 8948
f 8949 8950 8951
f 8952 8953 8954
f 8955 8956 8957
f 8958 8959 8960
f 8961 8962 8963
f 8964 8965 8966
f 8967 8968 8969
f 8970 8971 8972
f 8973 8974 8975
f 8976 8977 8978
f 8979 8980 8981
f 8982 8983 8984
f 8985 8986 8987
f 8988 8989 8990
f 8991 8992 8993
f 8994 8995 8996
f 8997 8998 8999
f 9000 9001 9002
f 9003 9004 9005
f 9006 9007 9008
f 9009 9010 9011
f 9012 9013 9014
f 9015 9016 9017
f 9018 9019 9020
f 9021 9022 9023
f 9024 9025 9026
f 9027 9028 9029
f 9030 9031 9032
f 9033 9034 9035
f 9036 9037 9038
f 9039 9040 9041
f 9042 9043 9044
f 9045 9046 9047
f 9048 9049 9050
f 9051 9052 9053
f 9054 9055 9056
f 9057 9058 9059
f 9060 9061 9062
f 9063 9064 9065
f 9066 9067 9068
f 9069 9070 9071
f 9072 9073 9074
f 9075 9076 9077
f 9078 9079 9080
f 9081 9082 9083
f 9084 9085 9086
f 9087 9088 9089
f 9090 9091 9092
f 9093 9094 9095
f 9096 9097 9098
f 9099 9100 9101
f 9102 9103 9104
f 9105 9106 9107
f 9108 9109 9110
f 9111 9112 9113
f 9114 9115 9116
f 9117 9118 9119
f 9120 9121 9122
f 9123 9124 9125
f 9126 9127 9128
f 9129 9130 9131
f 9132 9133 9134
f 9135 9136 9137
f 9138 9139 9140
f 9141 9142 9143
f 9144 9145 9146
f 9147 9148 9149
f 9150 9151 9152
f 9153 9154 9155
f 9156 9157 9158
f 9159 9160 9161
f 9162 9163 9164
f 9165 9166 9167
f 9168 9169 9170
f 9171 9172 9173
f 9174 9175 9176
f 9177 9178 9179
f 9180 9181 9182
f 9183 9184 9185
f 9186 9187 9188
f 9189 9190 9191
f 9192 9193 9194
f 9195 9196 9197
f 9198 9199 9200
f 9201 9202 9203
f 9204 9205 9206
f 9207 9208 9209
f 9210 9211 9212
f 9213 9214 9215
f 9216 9217 9218
f 9219 9220 9221
f 9222 9223 9224
f 9225 9226 9227
f 9228 9229 9230
f 9231 9232 9233
f 9234 9235 9236
f 9237 9238 9239
f 9240 9241 9242
f 9243 9244 9245
f 9246 9247 9248
f 9249 9250 9251
f 9252 9253 9254
f 9255 9256 9257
f 9258 9259 9260
f 9261 9262 9263
f 9264 9265 9266
f 9267 9268 9269
f 9270 9271 9272
f 9273 9274 9275
f 9276 9277 9278
f 9279 9280 9281
f 9282 9283 9284
f 9285 9286 9287
f 9288 9289 9290
f 9291 9292 9293
f 9294 9295 9296
f 9297 9298 9299
f 9300 9301 9302
f 9303 9304 9305
f 9306 9307 9308
f 9309 9310 9311
f 9312 9313 9314
f 9315 9316 9317
f 9318 9319 9320
f 9321 9322 9323
f 9324 9325 9326
f 9327 9328 9329
f 9330 9331 9332
f 9333 9334 9335
f 9336 9337 9338
f 9339 9340 9341
f 9342 9343 9344
f 9345 9346 9347
f 9348 9349 9350
f 9351 9352 9353
f 9354 9355 9356
f 9357 9358 9359
f 9360 9361 9362
f 9363 9364 9365
f 9366 9367 9368
f 9369 9370 9371
f 9372 9373 9374
f 9375 9376 9377
f 9378 9379 9380
f 9381 9382 9383
f 9384 9385 9386
f 9387 9388 9389
f 9390 9391 9392
f 9393 9394 9395
f 9396 9397 9398
f 9399 9400 9401
f 9402 9403 9404
f 9405 9406 9407
f 9408 9409 9410
f 9411 9412 9413
f 9414 9415 9416
f 9417 9418 9419
f 9420 9421 9422
f 9423 9424 9425
f 9426 9427 9428
f 9429 9430 9431
f 9432 9433 9434
f 9435 9436 9437
f 9438 9439 9440
f 9441 9442 9443
f 9444 9445 9446
f 9447 9448 9449
f 9450 9451 9452
f 9453 9454 9455
f 9456 9457 9458
f 9459 9460 9461
f 9462 9463 9464
f 9465 9466 9467
f 9468 9469 9470
f 9471 9472 9473
f 9474 9475 9476
f 9477 9478 9479
f 9480 9481 9482
f 9483 9484 9485
f 9486 9487 9488
f 9489 9490 9491
f 9492 9493 9494
f 9495 9496 9497
f 9498 9499 9500
f 9501 9502 9503
f 9504 9505 9506
f 9507 9508 9509
f 9510 9511 9512
f 9513 9514 9515
f 9516 9517 9518
f 9519 9520 9521
f 9522 9523 9524
f 9525 9526 9527
f 9528 9529 9530
f 9531 9532 9533
f 9534 9535 9536
f 9537 9538 9539
f 9540 9541 9542
f 9543 9544 9545
f 9546 9547 9548
f 9549 9550 9551
f 9552 9553 9554
f 9555 9556 9557
f 9558 9559 9560
f 9561 9562 9563
f 9564 9565 9566
f 9567 9568 9569
f 9570 9571 9572
f 9573 9574 9575
f 9576 9577 9578
f 9579 9580 9581
f 9582 9583 9584
f 9585 9586 9587
f 9588 9589 9590
f 9591 9592 9593
f 9594 9595 9596
f 9597 9598 9599
f 9600 9601 9602
f 9603 9604 9605
f 9606 9607 9608
f 9609 9610 9611
f 9612 9613 9614
f 9615 9616 9617
f 9618 9619 9620
f 9621 9622 9623
f 9624 9625 9626
f 9627 9628 9629
f 9630 9631 9632
f 9633 9634 9635
f 9636 9637 9638
f 9639 9640 9641
f 9642 9643 9644
f 9645 9646 9647
f 9648 9649 9650
f 9651 9652 9653
f 9654 9655 9656
f 9657 9658 9659
f 9660 9661 9662
f 9663 9664 9665
f 9666 9667 9668
f 9669 9670 9671
f 9672 9673 9674
f 9675 9676 9677
f 9678 9679 9680
f 9681 9682 9683
f 9684 9685 9686
f 9687 9688 9689
f 9690 9691 9692
f 9693 9694 9695
f 9696 9697 9698
f 9699 9700 9701
f 9702 9703 9704
f 9705 9706 9707
f 9708 9709 9710
f 9711 9712 9713
f 9714 9715 9716
f 9717 9718 9719
f 9720 9721 9722
f 9723 9724 9725
f 9726 9727 9728
f 9729 9730 9731
f 9732 9733 9734
f 9735 9736 9737
f 9738 9739 9740
f 9741 9742 9743
f 9744 9745 9746
f 9747 9748 9749
f 9750 9751 9752
f 9753 9754 9755
f 9756 9757 9758
f 9759 9760 9761
f 9762 9763 9764
f 9765 9766 9767
f 9768 9769 9770
f 9771 9772 9773
f 9774 9775 9776
f 9777 9778 9779
f 9780 9781 9782
f 9783 9784 9785
f 9786 9787 9788
f 9789 9790 9791
f 9792 9793 9794
f 9795 9796 9797
f 9798 9799 9800
f 9801 9802 9803
f 9804 9805 9806
f 9807 9808 9809
f 9810 9811 9812
f 9813 9814 9815
f 9816 9817 9818
f 9819 9820 9821
f 9822 9823 9824
f 9825 9826 9827
f 9828 9829 9830
f 9831 9832 9833
f 9834 9835 9836
f 9837 9838 9839
f 9840 9841 9842
f 9843 9844 9845
f 9846 9847 9848
f 9849 9850 9851
f 9852 9853 9854
f 9855 9856 9857
f 9858 9859 9860
f 9861 9862 9863
f 9864 9865 9866
f 9867 9868 9869
f 9870 9871 9872
f 9873 9874 9875
f 9876 9877 9878
f 9879 9880 9881
f 9882 9883 9884
f 9885 9886 9887
f 9888 9889 9890
f 9891 9892 9893
f 9894 9895 9896
f 9897 9898 9899
f 9900 9901 9902
f 9903 9904 9905
f 9906 9907 9908
f 9909 9910 9911
f 9912 9913 9914
f 9915 9916 9917
f 9918 9919 9920
f 9921 9922 9923
f 9924 9925 9926
f 9927 9928 9929
f 9930 9931 9932
f 9933 9934 9935
f 9936 9937 9938
f 9939 9940 9941
f 9942 9943 9944
f 9945 9946 9947
f 9948 9949 9950
f 9951 9952 9953
f 9954 9955 9956
f 9957 9958 9959
f 9960 9961 9962
f 9963 9964 9965
f 9966 9967 9968
f 9969 9970 9971
f 9972 9973 9974
f 9975 9976 9977
f 9978 9979 9980
f 9981 9982 9983
f 9984 9985 9986
f 9987 9988 9989
f 9990 9991 9992
f 9993 9994 9995
f 9996 9997 9998
f 9999 10000 10001
f 10002 10003 10004
f 10005 10006 10007
f 10008 10009 10010
f 10011 10012 10013
f 10014 10015 10016
f 10017 10018 10019
f 10020 10021 10022
f 10023 10024 10025
f 10026 10027 10028
f 10029 10030 10031
f 10032 10033 10034
f 10035 10036 10037
f 10038 10039 10040
f 10041 10042 10043
f 10044 10045 10046
f 10047 10048 10049
f 10050 10051 10052
f 10053 10054 10055
f 10056 10057 10058
f 10059 10060 10061
f 10062 10063 10064
f 10065 10066 10067
f 10068 10069 10070
f 10071 10072 10073
f 10074 10075 10076
f 10077 10078 10079
f 10080 10081 10082
f 10083 10084 10085
f 10086 10087 10088
f 10089 10090 10091
f 10092 10093 10094
f 10095 10096 10097
f 10098 10099 10100
f 10101 10102 10103
f 10104 10105 10106
f 10107 10108 10109
f 10110 10111 10112
f 10113 10114 10115
f 10116 10117 10118
f 10119 10120 10121
f 10122 10123 10124
f 10125 10126 10127
f 10128 10129 10130
f 10131 10132 10133
f 10134 10135 10136
f 10137 10138 10139
f 10140 10141 10142
f 10143 10144 10145
f 10146 10147 10148
f 10149 10150 10151
f 10152 10153 10154
f 10155 10156 10157
f 10158 10159 10160
f 10161 10162 10163
f 10164 10165 10166
f 10167 10168 10169
f 10170 10171 10172
f 10173 10174 10175
f 10176 10177 10178
f 10179 10180 10181
f 10182 10183 10184
f 10185 10186 10187
f 10188 10189 10190
f 10191 10192 10193
f 10194 10195 10196
f 10197 10198 10199
f 10200 10201 10202
f 10203 10204 10205
f 10206 10207 10208
f 10209 10210 10211
f 10212 10213 10214
f 10215 10216 10217
f 10218 10219 10220
f 10221 10222 10223
f 10224 10225 10226
f 10227 10228 10229
f 10230 10231 10232
f 10233 10234 10235
f 10236 10237 10238
f 10239 10240 10241
f 10242 10243 10244
f 10245 10246 10247
f 10248 10249 10250
f 10251 10252 10253
f 10254 10255 10256
f 10257 10258 10259
f 10260 10261 10262
f 10263 10264 10265
f 10266 10267 10268
f 10269 10270 10271
f 10272 10273 10274
f 10275 10276 10277
f 10278 10279 10280
f 10281 10282 10283
f 10284 10285 10286
f 10287 10288 10289
f 10290 10291 10292
f 10293 10294 10295
f 10296 10297 10298
f 10299 10300 10301
f 10302 10303 10304
f 10305 10306 10307
f 10308 10309 10310
f 10311 10312 10313
f 10314 10315 10316
f 10317 10318 10319
f 10320 10321 10322
f 10323 10324 10325
f 10326 10327 10328
f 10329 10330 10331
f 10332 10333 10334
f 10335 10336 10337
f 10338 10339 10340
f 10341 10342 10343
f 10344 10345 10346
f 10347 10348 10349
f 10350 10351 10352
f 10353 10354 10355
f 10356 10357 10358
f 10359 10360 10361
f 10362 10363 10364
f 10365 10366 10367
f 10368 10369 10370
f 10371 10372 10373
f 10374 10375 10376
f 10377 10378 10379
f 10380 10381 10382
f 10383 10384 10385
f 10386 10387 10388
f 10389 10390 10391
f 10392 10393 10394
f 10395 10396 10397
f 10398 10399 10400
f 10401 10402 10403
f 10404 10405 10406
f 10407 10408 10409
f 10410 10411 10412
f 10413 10414 10415
f 10416 10417 10418
f 10419 10420 10421
f 10422 10423 10424
f 10425 10426 10427
f 10428 10429 10430
f 10431 10432 10433
f 10434 10435 10436
f 10437 10438 10439
f 10440 10441 10442
f 10443 10444 10445
f 10446 10447 10448
f 10449 10450 10451
f 10452 10453 10454
f 10455 10456 10457
f 10458 10459 10460
f 10461 10462 10463
f 10464 10465 10466
f 10467 10468 10469
f 10470 10471 10472
f 10473 10474 10475
f 10476 10477 10478
f 10479 10480 10481
f 10482 10483 10484
f 10485 10486 10487
f 10488 10489 10490
f 10491 10492 10493
f 10494 10495 10496
f 10497 10498 10499
f 10500 10501 10502
f 10503 10504 10505
f 10506 10507 10508
f 10509 10510 10511
f 10512 10513 10514
f 10515 10516 10517
f 10518 10519 10520
f 10521 10522 10523
f 10524 10525 10526
f 10527 10528 10529
f 10530 10531 10532
f 10533 10534 10535
f 10536 10537 10538
f 10539 10540 10541
f 10542 10543 10544
f 10545 10546 10547
f 10548 10549 10550
f 10551 10552 10553
f 10554 10555 10556
f 10557 10558 10559
f 10560 10561 10562
f 10563 10564 10565
f 10566 10567 10568
f 10569 10570 10571
f 10572 10573 10574
f 10575 10576 10577
f 10578 10579 10580
f 10581 10582 10583
f 10584 10585 10586
f 10587 10588 10589
f 10590 10591 10592
f 10593 10594 10595
f 10596 10597 10598
f 10599 10600 10601
f 10602 10603 10604
f 10605 10606 10607
f 10608 10609 10610
f 10611 10612 10613
f 10614 10615 10616
f 10617 10618 10619
f 10620 10621 10622
f 10623 10624 10625
f 10626 10627 10628
f 10629 10630 10631
f 10632 10633 10634
f 10635 10636 10637
f 10638 10639 10640
f 10641 10642 10643
f 10644 10645 10646
f 10647 10648 10649
f 10650 10651 10652
f 10653 10654 10655
f 10656 10657 10658
f 10659 10660 10661
f 10662 10663 10664
f 10665 10666 10667
f 10668 10669 10670
f 10671 10672 10673
f 10674 10675 10676
f 10677 10678 10679
f 10680 10681 10682
f 10683 10684 10685
f 10686 10687 10688
f 10689 10690 10691
f 10692 10693 10694
f 10695 10696 10697
f 10698 10699 10700
f 10701 10702 10703
f 10704 10705 10706
f 10707 10708 10709
f 10710 10711 10712
f 10713 10714 10715
f 10716 10717 10718
f 10719 10720 10721
f 10722 10723 10724
f 10725 10726 10727
f 10728 10729 10730
f 10731 10732 10733
f 10734 10735 10736
f 10737 10738 10739
f 10740 10741 10742
f 10743 10744 10745
f 10746 10747 10748
f 10749 10750 10751
f 10752 10753 10754
f 10755 10756 10757
f 10758 10759 10760
f 10761 10762 10763
f 10764 10765 10766
f 10767 10768 10769
f 10770 10771 10772
f 10773 10774 10775
f 10776 10777 10778
f 10779 10780 10781
f 10782 10783 10784
f 10785 10786 10787
f 10788 10789 10790
f 10791 10792 10793
f 10794 10795 10796
f 10797 10798 10799
f 10800 10801 10802
f 10803 10804 10805
f 10806 10807 10808
f 10809 10810 10811
f 10812 10813 10814
f 10815 10816 10817
f 10818 10819 10820
f 10821 10822 10823
f 10824 10825 10826
f 10827 10828 10829
f 10830 10831 10832
f 10833 10834 10835
f 10836 10837 10838
f 10839 10840 10841
f 10842 10843 10844
f 10845 10846 10847
f 10848 10849 10850
f 10851 10852 10853
f 10854 10855 10856
f 10857 10858 10859
f 10860 10861 10862
f 10863 10864 10865
f 10866 10867 10868
f 10869 10870 10871
f 10872 10873 10874
f 10875 10876 10877
f 10878 10879 10880
f 10881 10882 10883
f 10884 10885 10886
f 10887 10888 10889
f 10890 10891 10892
f 10893 10894 10895
f 10896 10897 10898
f 10899 10900 10901
f 10902 10903 10904
f 10905 10906 10907
f 10908 10909 10910
f 10911 10912 10913
f 10914 10915 10916
f 10917 10918 10919
f 10920 10921 10922
f 10923 10924 10925
f 10926 10927 10928
f 10929 10930 10931
f 10932 10933 10934
f 10935 10936 10937
f 10938 10939 10940
f 10941 10942 10943
f 10944 10945 10946
f 10947 10948 10949
f 10950 10951 10952
f 10953 10954 10955
f 10956 10957 10958
f 10959 10960 10961
f 10962 10963 10964
f 10965 10966 10967
f 10968 10969 10970
f 10971 10972 10973
f 10974 10975 10976
f 10977 10978 10979
f 10980 10981 10982
f 10983 10984 10985
f 10986 10987 10988
f 10989 10990 10991
f 10992 10993 10994
f 10995 10996 10997
f 10998 10999 11000
f 11001 11002 11003
f 11004 11005 11006
f 11007 11008 11009
f 11010 11011 11012
f 11013 11014 11015
f 11016 11017 11018
f 11019 11020 11021
f 11022 11023 11024
f 11025 11026 11027
f 11028 11029 11030
f 11031 11032 11033
f 11034 11035 11036
f 11037 11038 11039
f 11040 11041 11042
f 11043 11044 11045
f 11046 11047 11048
f 11049 11050 11051
f 11052 11053 11054
f 11055 11056 11057
f 11058 11059 11060
f 11061 11062 11063
f 11064 11065 11066
f 11067 11068 11069
f 11070 11071 11072
f 11073 11074 11075
f 11076 11077 11078
f 11079 11080 11081
f 11082 11083 11084
f 11085 11086 11087
f 11088 11089 11090
f 11091 11092 11093
f 11094 11095 11096
f 11097 11098 11099
f 11100 11101 11102
f 11103 11104 11105
f 11106 11107 11108
f 11109 11110 11111
f 11112 11113 11114
f 11115 11116 11117
f 11118 11119 11120
f 11121 11122 11123
f 11124 11125 11126
f 11127 11128 11129
f 11130 11131 11132
f 11133 11134 11135
f 11136 11137 11138
f 11139 11140 11141
f 11142 11143 11144
f 11145 11146 11147
f 11148 11149 11150
f 11151 11152 11153
f 11154 11155 11156
f 11157 11158 11159
f 11160 11161 11162
f 11163 11164 11165
f 11166 11167 11168
f 11169 11170 11171
f 11172 11173 11174
f 11175 11176 11177
f 11178 11179 11180
f 11181 11182 11183
f 11184 11185 11186
f 11187 11188 11189
f 11190 11191 11192
f 11193 11194 11195
f 11196 11197 11198
f 11199 11200 11201
f 11202 11203 11204
f 11205 11206 11207
f 11208 11209 11210
f 11211 11212 11213
f 11214 11215 11216
f 11217 11218 11219
f 11220 11221 11222
f 11223 11224 11225
f 11226 11227 11228
f 11229 11230 11231
f 11232 11233 11234
f 11235 11236 11237
f 11238 11239 11240
f 11241 11242 11243
f 11244 11245 11246
f 11247 11248 11249
f 11250 11251 11252
f 11253 11254 11255
f 11256 11257 11258
f 11259 11260 11261
f 11262 11263 11264
f 11265 11266 11267
f 11268 11269 11270
f 11271 11272 11273
f 11274 11275 11276
f 11277 11278 11279
f 11280 11281 11282
f 11283 11284 11285
f 11286 11287 11288
f 11289 11290 11291
f 11292 11293 11294
f 11295 11296 11297
f 11298 11299 11300
f 11301 11302 11303
f 11304 11305 11306
f 11307 11308 11309
f 11310 11311 11312
f 11313 11314 11315
f 11316 11317 11318
f 11319 11320 11321
f 11322 11323 11324
f 11325 11326 11327
f 11328 11329 11330
f 11331 11332 11333
f 11334 11335 11336
f 11337 11338 11339
f 11340 11341 11342
f 11343 11344 11345
f 11346 11347 11348
f 11349 11350 11351
f 11352 11353 11354
f 11355 11356 11357
f 11358 11359 11360
f 11361 11362 11363
f 11364 11365 11366
f 11367 11368 11369
f 11370 11371 11372
f 11373 11374 11375
f 11376 11377 11378
f 11379 11380 11381
f 11382 11383 11384
f 11385 11386 11387
f 11388 11389 11390
f 11391 11392 11393
f 11394 11395 11396
f 11397 11398 11399
f 11400 11401 11402
f 11403 11404 11405
f 11406 11407 11408
f 11409 11410 11411
f 11412 11413 11414
f 11415 11416 11417
f 11418 11419 11420
f 11421 11422 11423
f 11424 11425 11426
f 11427 11428 11429
f 11430 11431 11432
f 11433 11434 11435
f 11436 11437 11438
f 11439 11440 11441
f 11442 11443 11444
f 11445 11446 11447
f 11448 11449 11450
f 11451 11452 11453
f 11454 11455 11456
f 11457 11458 11459
f 11460 11461 11462
f 11463 11464 11465
f 11466 11467 11468
f 11469 11470 11471
f 11472 11473 11474
f 11475 11476 11477
f 11478 11479 11480
f 11481 11482 11483
f 11484 11485 11486
f 11487 11488 11489
f 11490 11491 11492
f 11493 11494 11495
f 11496 11497 11498
f 11499 11500 11501
f 11502 11503 11504
f 11505 11506 11507
f 11508 11509 11510
f 11511 11512 11513
f 11514 11512 11515
f 11516 11517 11513
f 11513 11517 11518
f 11513 11518 11511
f 11515 11519 11514
f 11514 11519 11520
f 11514 11520 11521
f 11521 11520 11522
f 11521 11522 11523
f 11523 11522 11524
f 11523 11524 11525
f 11525 11524 11526
f 11525 11526 11527
f 11527 11526 11528
f 11527 11528 11529
f 11529 11528 11530
f 11529 11530 11531
f 11531 11530 11532
f 11531 11532 11533
f 11533 11532 11534
f 11533 11534 11535
f 11534 11536 11535
f 11535 11536 11537
f 11535 11537 11538
f 11538 11537 11539
f 11538 11539 11540
f 11540 11539 11541
f 11540 11541 11542
f 11542 11541 11543
f 11542 11543 11544
f 11544 11543 11545
f 11544 11545 11546
f 11546 11545 11547
f 11546 11547 11548
f 11548 11547 11549
f 11548 11549 11550
f 11550 11549 11551
f 11550 11551 11552
f 11552 11551 11553
f 11552 11553 11554
f 11554 11553 11555
f 11554 11555 11556
f 11556 11555 11557
f 11556 11557 11558
f 11558 11557 11559
f 11558 11559 11560
f 11560 11559 11561
f 11560 11561 11562
f 11562 11561 11563
f 11562 11563 11564
f 11564 11563 11565
f 11564 11565 11566
f 11566 11565 11567
f 11566 11567 11568
f 11568 11567 11569
f 11568 11569 11516
f 11516 11569 11570
f 11516 11570 11517
f 11571 11572 11573
f 11573 11572 11574
f 11573 11574 11575
f 11575 11574 11576
f 11575 11576 11577
f 11577 11576 11578
f 11577 11578 11579
f 11579 11578 11580
f 11579 11580 11581
f 11581 11580 11582
f 11581 11582 11583
f 11583 11582 11584
f 11583 11584 11585
f 11585 11584 11586
f 11585 11586 11587
f 11587 11586 11588
f 11587 11588 11589
f 11589 11588 11590
f 11589 11590 11591
f 11591 11590 11592
f 11591 11592 11593
f 11593 11592 11594
f 11593 11594 11595
f 11595 11594 11596
f 11595 11596 11597
f 11597 11596 11598
f 11597 11598 11599
f 11599 11598 11600
f 11599 11600 11601
f 11600 11602 11601
f 11601 11602 11603
f 11601 11603 11604
f 11604 11603 11605
f 11604 11605 11606
f 11606 11605 11607
f 11606 11607 11608
f 11608 11607 11609
f 11608 11609 11610
f 11610 11609 11611
f 11610 11611 11612
f 11612 11611 11613
f 11612 11613 11614
f 11614 11613 11615
f 11614 11615 11616
f 11616 11615 11617
f 11616 11617 11618
f 11618 11617 11619
f 11618 11619 11620
f 11620 11619 11621
f 11620 11621 11622
f 11622 11621 11623
f 11622 11623 11624
f 11624 11623 11625
f 11624 11625 11626
f 11626 11625 11627
f 11626 11627 11628
f 11628 11627 11629
f 11628 11629 11630
f 11630 11629 11631
f 11630 11631 11571
f 11571 11631 11632
f 11571 11632 11572
f 11633 11634 11635
f 11633 11635 11636
f 11637 11638 11639
f 11637 11639 11640
f 11641 11642 11643
f 11641 11643 11644
f 11645 11646 11647
f 11645 11647 11648
f 11649 11650 11651
f 11649 11651 11652
f 11653 11654 11655
f 11653 11655 11656
f 11657 11658 11659
f 11657 11659 11660
f 11661 11662 11663
f 11661 11663 11664
f 11665 11666 11667
f 11665 11667 11668
f 11669 11670 11671
f 11669 11671 11672
f 11673 11674 11675
f 11673 11675 11676
f 11677 11678 11679
f 11677 11679 11680
f 11681 11682 11683
f 11681 11683 11684
f 11685 11686 11687
f 11685 11687 11688
f 11689 11690 11691
f 11689 11691 11692
f 11693 11694 11695
f 11693 11695 11696
f 11697 11698 11699
f 11697 11699 11700
f 11701 11702 11703
f 11701 11703 11704
f 11705 11706 11707
f 11705 11707 11708
f 11709 11710 11711
f 11709 11711 11712
f 11713 11714 11715
f 11713 11715 11716
f 11717 11718 11719
f 11717 11719 11720
f 11721 11722 11723
f 11723 11724 11721
f 11721 11724 11725
f 11721 11725 11726
f 11727 11728 11721
f 11721 11728 11729
f 11721 11729 11722
f 11730 11731 11732
f 11732 11731 11733
f 11732 11733 11734
f 11734 11733 11735
f 11734 11735 11736
f 11736 11735 11737
f 11736 11737 11738
f 11738 11737 11739
f 11738 11739 11740
f 11740 11739 11741
f 11740 11741 11742
f 11742 11741 11743
f 11742 11743 11744
f 11744 11743 11745
f 11744 11745 11746
f 11729 11747 11722
f 11722 11747 11748
f 11722 11748 11749
f 11749 11748 11750
f 11749 11750 11751
f 11751 11750 11752
f 11751 11752 11753
f 11753 11752 11754
f 11753 11754 11755
f 11755 11754 11756
f 11755 11756 11757
f 11757 11756 11758
f 11757 11758 11759
f 11759 11758 11760
f 11759 11760 11761
f 11761 11760 11762
f 11763 11730 11764
f 11764 11730 11732
f 11764 11732 11721
f 11721 11732 11765
f 11721 11765 11727
f 11745 11766 11746
f 11746 11766 11767
f 11746 11767 11768
f 11768 11767 11769
f 11768 11769 11770
f 11770 11769 11771
f 11770 11771 11772
f 11772 11771 11773
f 11772 11773 11774
f 11774 11773 11775
f 11774 11775 11776
f 11776 11775 11777
f 11776 11777 11762
f 11762 11777 11778
f 11762 11778 11761
f 11779 11780 11781
f 11782 11780 11783
f 11783 11784 11782
f 11782 11784 11785
f 11782 11785 11786
f 11786 11785 11787
f 11786 11787 11788
f 11788 11787 11789
f 11788 11789 11790
f 11790 11789 11791
f 11790 11791 11792
f 11792 11791 11793
f 11792 11793 11794
f 11794 11793 11795
f 11794 11795 11796
f 11796 11795 11797
f 11796 11797 11798
f 11798 11797 11799
f 11798 11799 11800
f 11800 11799 11801
f 11800 11801 11802
f 11802 11801 11803
f 11802 11803 11804
f 11804 11803 11805
f 11804 11805 11806
f 11806 11805 11807
f 11806 11807 11808
f 11808 11807 11809
f 11808 11809 11810
f 11810 11809 11811
f 11810 11811 11812
f 11812 11811 11813
f 11812 11813 11814
f 11814 11813 11815
f 11814 11815 11816
f 11816 11815 11817
f 11816 11817 11818
f 11818 11817 11819
f 11818 11819 11820
f 11820 11819 11821
f 11820 11821 11822
f 11822 11821 11823
f 11822 11823 11824
f 11824 11823 11825
f 11824 11825 11826
f 11826 11825 11827
f 11826 11827 11828
f 11828 11827 11829
f 11828 11829 11830
f 11830 11829 11831
f 11830 11831 11832
f 11832 11831 11833
f 11832 11833 11834
f 11834 11833 11835
f 11834 11835 11836
f 11836 11835 11837
f 11836 11837 11838
f 11838 11837 11839
f 11838 11839 11781
f 11781 11839 11840
f 11781 11840 11779
f 11841 11842 11843
f 11841 11843 11844
f 11845 11846 11847
f 11845 11847 11848
f 11849 11850 11851
f 11849 11851 11852
f 11853 11854 11855
f 11853 11855 11856
f 11857 11858 11859
f 11857 11859 11860
f 11861 11862 11863
f 11861 11863 11864
f 11865 11866 11867
f 11865 11867 11868
f 11869 11870 11871
f 11871 11872 11869
f 11869 11872 11873
f 11869 11873 11874
f 11870 11869 11875
f 11875 11869 11876
f 11875 11876 11877
f 11878 11879 11880
f 11880 11879 11881
f 11880 11881 11882
f 11882 11881 11883
f 11882 11883 11884
f 11884 11883 11885
f 11884 11885 11886
f 11886 11885 11887
f 11886 11887 11888
f 11888 11887 11889
f 11888 11889 11890
f 11890 11889 11891
f 11890 11891 11892
f 11893 11894 11895
f 11895 11894 11896
f 11895 11896 11897
f 11897 11896 11898
f 11897 11898 11899
f 11899 11898 11900
f 11899 11900 11901
f 11901 11900 11902
f 11901 11902 11878
f 11878 11902 11903
f 11878 11903 11879
f 11891 11904 11892
f 11892 11904 11905
f 11892 11905 11906
f 11906 11905 11907
f 11906 11907 11908
f 11908 11907 11909
f 11908 11909 11910
f 11910 11909 11911
f 11910 11911 11912
f 11912 11911 11913
f 11912 11913 11872
f 11872 11913 11914
f 11872 11914 11873
f 11877 11876 11915
f 11915 11876 11916
f 11915 11916 11917
f 11917 11918 11915
f 11915 11918 11919
f 11915 11919 11920
f 11920 11919 11921
f 11920 11921 11922
f 11922 11921 11923
f 11922 11923 11924
f 11924 11923 11925
f 11924 11925 11893
f 11893 11925 11926
f 11893 11926 11894
f 11927 11928 11929
f 11929 11928 11930
f 11931 11932 11933
f 11933 11932 11934
f 11935 11936 11937
f 11937 11936 11938
f 11939 11940 11941
f 11941 11940 11942
f 11943 11944 11945
f 11945 11944 11946
f 11947 11948 11949
f 11949 11948 11950
f 11951 11952 11953
f 11953 11952 11954
f 11955 11956 11957
f 11957 11956 11958
f 11959 11960 11961
f 11961 11960 11962
f 11963 11964 11965
f 11965 11964 11966
f 11967 11968 11969
f 11969 11968 11970
f 11971 11972 11973
f 11973 11972 11974
f 11975 11976 11977
f 11977 11976 11978
f 11979 11980 11981
f 11981 11980 11982
f 11981 11982 11983
f 11984 11980 11985
f 11985 11980 11986
f 11987 11988 11980
f 11980 11988 11989
f 11980 11989 11986
f 11990 11991 11992
f 11992 11991 11993
f 11992 11993 11994
f 11990 11992 11995
f 11995 11992 11996
f 11995 11996 11997
f 11983 11998 11981
f 11981 11998 11995
f 11981 11995 11999
f 11999 11995 11997
f 11979 12000 11980
f 11980 12000 12001
f 11980 12001 12002
f 12002 12003 11980
f 11980 12003 12004
f 11980 12004 11987
f 12005 12006 12007
f 12007 12006 12008
f 12009 12010 12011
f 12011 12010 12012
f 12013 12014 12015
f 12015 12014 12016
f 12017 12018 12019
f 12019 12018 12020
f 12021 12022 12023
f 12023 12022 12024
f 12025 12026 12027
f 12027 12026 12028
f 12029 12030 12031
f 12031 12030 12032
f 12033 12034 12035
f 12035 12034 12036
f 12037 12038 12039
f 12039 12038 12040
f 12041 12042 12043
f 12043 12042 12044
f 12045 12046 12047
f 12047 12046 12048
f 12049 12050 12051
f 12051 12050 12052
f 12053 12054 12055
f 12055 12054 12056
f 12057 12058 12059
f 12059 12058 12060
f 12059 12060 12061
f 12061 12060 12062
f 12057 12063 12058
f 12058 12063 12064
f 12058 12064 12065
f 12065 12066 12058
f 12058 12066 12067
f 12058 12067 12068
f 12069 12070 12060
f 12060 12070 12071
f 12060 12071 12062
f 12069 12072 12070
f 12070 12072 12073
f 12070 12073 12074
f 12074 12075 12070
f 12070 12075 12076
f 12070 12076 12077
f 12078 12067 12079
f 12079 12067 12080
f 12078 12081 12067
f 12067 12081 12082
f 12067 12082 12068
f 12083 12084 12085
f 12085 12084 12086
f 12087 12088 12089
f 12089 12088 12090
f 12089 12090 12091
f 12092 12093 12094
f 12094 12093 12095
f 12096 12097 12098
f 12098 12097 12099
f 12100 12101 12102
f 12102 12101 12103
f 12102 12103 12104
f 12105 12106 12107
f 12107 12106 12108
